{"width": 1280, "frame_count": 537, "video_id": "ILSVRC2015_train_00199007", "fps": 29, "trajectories": [[{"tid": 0, "generated": 0, "bbox": {"xmin": 94, "ymin": 414, "ymax": 512, "xmax": 240}}, {"tid": 1, "generated": 0, "bbox": {"xmin": 0, "ymin": 480, "ymax": 519, "xmax": 26}}], [{"tid": 0, "generated": 0, "bbox": {"xmin": 94, "ymin": 412, "ymax": 510, "xmax": 240}}, {"tid": 1, "generated": 0, "bbox": {"xmin": 0, "ymin": 480, "ymax": 519, "xmax": 27}}], [{"tid": 0, "generated": 0, "bbox": {"xmin": 96, "ymin": 412, "ymax": 510, "xmax": 241}}, {"tid": 1, "generated": 0, "bbox": {"xmin": 0, "ymin": 480, "ymax": 519, "xmax": 29}}], [{"tid": 0, "generated": 0, "bbox": {"xmin": 98, "ymin": 412, "ymax": 510, "xmax": 243}}, {"tid": 1, "generated": 0, "bbox": {"xmin": 0, "ymin": 480, "ymax": 519, "xmax": 30}}], [{"tid": 0, "generated": 0, "bbox": {"xmin": 100, "ymin": 412, "ymax": 510, "xmax": 245}}, {"tid": 1, "generated": 0, "bbox": {"xmin": 0, "ymin": 480, "ymax": 520, "xmax": 32}}], [{"tid": 0, "generated": 0, "bbox": {"xmin": 103, "ymin": 412, "ymax": 510, "xmax": 247}}, {"tid": 1, "generated": 0, "bbox": {"xmin": 0, "ymin": 480, "ymax": 520, "xmax": 34}}], [{"tid": 0, "generated": 0, "bbox": {"xmin": 102, "ymin": 411, "ymax": 510, "xmax": 248}}, {"tid": 1, "generated": 0, "bbox": {"xmin": 0, "ymin": 480, "ymax": 520, "xmax": 35}}], [{"tid": 0, "generated": 0, "bbox": {"xmin": 102, "ymin": 411, "ymax": 510, "xmax": 249}}, {"tid": 1, "generated": 0, "bbox": {"xmin": 0, "ymin": 480, "ymax": 521, "xmax": 37}}], [{"tid": 0, "generated": 0, "bbox": {"xmin": 101, "ymin": 410, "ymax": 510, "xmax": 250}}, {"tid": 1, "generated": 0, "bbox": {"xmin": 0, "ymin": 480, "ymax": 521, "xmax": 38}}], [{"tid": 0, "generated": 0, "bbox": {"xmin": 101, "ymin": 410, "ymax": 510, "xmax": 251}}, {"tid": 1, "generated": 0, "bbox": {"xmin": 0, "ymin": 480, "ymax": 521, "xmax": 40}}], [{"tid": 0, "generated": 0, "bbox": {"xmin": 101, "ymin": 410, "ymax": 510, "xmax": 252}}, {"tid": 1, "generated": 0, "bbox": {"xmin": 0, "ymin": 480, "ymax": 522, "xmax": 42}}], [{"tid": 0, "generated": 0, "bbox": {"xmin": 101, "ymin": 411, "ymax": 510, "xmax": 255}}, {"tid": 1, "generated": 0, "bbox": {"xmin": 0, "ymin": 480, "ymax": 521, "xmax": 47}}], [{"tid": 0, "generated": 0, "bbox": {"xmin": 101, "ymin": 412, "ymax": 510, "xmax": 259}}, {"tid": 1, "generated": 0, "bbox": {"xmin": 0, "ymin": 480, "ymax": 520, "xmax": 53}}], [{"tid": 0, "generated": 0, "bbox": {"xmin": 103, "ymin": 414, "ymax": 508, "xmax": 263}}, {"tid": 1, "generated": 0, "bbox": {"xmin": 1, "ymin": 480, "ymax": 519, "xmax": 54}}], [{"tid": 0, "generated": 0, "bbox": {"xmin": 103, "ymin": 415, "ymax": 507, "xmax": 266}}, {"tid": 1, "generated": 0, "bbox": {"xmin": 2, "ymin": 481, "ymax": 519, "xmax": 56}}], [{"tid": 0, "generated": 0, "bbox": {"xmin": 103, "ymin": 416, "ymax": 506, "xmax": 269}}, {"tid": 1, "generated": 0, "bbox": {"xmin": 4, "ymin": 481, "ymax": 519, "xmax": 57}}], [{"tid": 0, "generated": 0, "bbox": {"xmin": 104, "ymin": 417, "ymax": 506, "xmax": 272}}, {"tid": 1, "generated": 0, "bbox": {"xmin": 5, "ymin": 482, "ymax": 519, "xmax": 59}}], [{"tid": 0, "generated": 0, "bbox": {"xmin": 105, "ymin": 418, "ymax": 506, "xmax": 272}}, {"tid": 1, "generated": 0, "bbox": {"xmin": 6, "ymin": 482, "ymax": 519, "xmax": 60}}], [{"tid": 0, "generated": 0, "bbox": {"xmin": 106, "ymin": 420, "ymax": 507, "xmax": 273}}, {"tid": 1, "generated": 0, "bbox": {"xmin": 8, "ymin": 483, "ymax": 519, "xmax": 62}}], [{"tid": 0, "generated": 0, "bbox": {"xmin": 107, "ymin": 421, "ymax": 507, "xmax": 274}}, {"tid": 1, "generated": 0, "bbox": {"xmin": 10, "ymin": 482, "ymax": 517, "xmax": 63}}], [{"tid": 0, "generated": 0, "bbox": {"xmin": 108, "ymin": 423, "ymax": 508, "xmax": 275}}, {"tid": 1, "generated": 0, "bbox": {"xmin": 12, "ymin": 481, "ymax": 515, "xmax": 65}}], [{"tid": 0, "generated": 0, "bbox": {"xmin": 109, "ymin": 423, "ymax": 509, "xmax": 277}}, {"tid": 1, "generated": 0, "bbox": {"xmin": 12, "ymin": 481, "ymax": 515, "xmax": 65}}], [{"tid": 0, "generated": 0, "bbox": {"xmin": 110, "ymin": 423, "ymax": 510, "xmax": 279}}, {"tid": 1, "generated": 0, "bbox": {"xmin": 13, "ymin": 482, "ymax": 516, "xmax": 66}}], [{"tid": 0, "generated": 0, "bbox": {"xmin": 110, "ymin": 423, "ymax": 508, "xmax": 275}}, {"tid": 1, "generated": 0, "bbox": {"xmin": 14, "ymin": 483, "ymax": 517, "xmax": 67}}], [{"tid": 0, "generated": 0, "bbox": {"xmin": 108, "ymin": 428, "ymax": 508, "xmax": 275}}, {"tid": 1, "generated": 0, "bbox": {"xmin": 12, "ymin": 485, "ymax": 517, "xmax": 72}}], [{"tid": 0, "generated": 0, "bbox": {"xmin": 104, "ymin": 428, "ymax": 510, "xmax": 273}}, {"tid": 1, "generated": 0, "bbox": {"xmin": 17, "ymin": 485, "ymax": 517, "xmax": 78}}], [{"tid": 0, "generated": 0, "bbox": {"xmin": 101, "ymin": 428, "ymax": 510, "xmax": 276}}, {"tid": 1, "generated": 0, "bbox": {"xmin": 18, "ymin": 483, "ymax": 515, "xmax": 78}}], [{"tid": 0, "generated": 0, "bbox": {"xmin": 99, "ymin": 428, "ymax": 510, "xmax": 279}}, {"tid": 1, "generated": 0, "bbox": {"xmin": 19, "ymin": 481, "ymax": 513, "xmax": 78}}], [{"tid": 0, "generated": 0, "bbox": {"xmin": 106, "ymin": 428, "ymax": 509, "xmax": 277}}, {"tid": 1, "generated": 0, "bbox": {"xmin": 26, "ymin": 481, "ymax": 513, "xmax": 83}}], [{"tid": 0, "generated": 0, "bbox": {"xmin": 113, "ymin": 428, "ymax": 508, "xmax": 276}}, {"tid": 1, "generated": 0, "bbox": {"xmin": 32, "ymin": 478, "ymax": 510, "xmax": 87}}], [], [], [], [], [], [], [], [], [], [], [], [], [], [], [], [], [], [], [], [], [], [], [], [], [], [], [], [], [], [], [{"tid": 0, "generated": 0, "bbox": {"xmin": 200, "ymin": 407, "ymax": 499, "xmax": 350}}, {"tid": 3, "generated": 0, "bbox": {"xmin": 39, "ymin": 472, "ymax": 517, "xmax": 101}}], [{"tid": 0, "generated": 0, "bbox": {"xmin": 201, "ymin": 406, "ymax": 499, "xmax": 353}}, {"tid": 3, "generated": 0, "bbox": {"xmin": 40, "ymin": 470, "ymax": 517, "xmax": 104}}], [{"tid": 0, "generated": 0, "bbox": {"xmin": 202, "ymin": 405, "ymax": 499, "xmax": 357}}, {"tid": 3, "generated": 0, "bbox": {"xmin": 42, "ymin": 469, "ymax": 517, "xmax": 108}}], [{"tid": 0, "generated": 0, "bbox": {"xmin": 203, "ymin": 404, "ymax": 499, "xmax": 360}}, {"tid": 3, "generated": 0, "bbox": {"xmin": 42, "ymin": 471, "ymax": 519, "xmax": 108}}], [{"tid": 0, "generated": 0, "bbox": {"xmin": 204, "ymin": 404, "ymax": 499, "xmax": 364}}, {"tid": 3, "generated": 0, "bbox": {"xmin": 42, "ymin": 471, "ymax": 515, "xmax": 110}}], [{"tid": 0, "generated": 0, "bbox": {"xmin": 205, "ymin": 403, "ymax": 499, "xmax": 367}}, {"tid": 3, "generated": 0, "bbox": {"xmin": 42, "ymin": 476, "ymax": 517, "xmax": 113}}], [{"tid": 0, "generated": 0, "bbox": {"xmin": 206, "ymin": 402, "ymax": 499, "xmax": 371}}, {"tid": 3, "generated": 0, "bbox": {"xmin": 42, "ymin": 476, "ymax": 517, "xmax": 112}}], [{"tid": 0, "generated": 0, "bbox": {"xmin": 207, "ymin": 402, "ymax": 499, "xmax": 374}}, {"tid": 3, "generated": 0, "bbox": {"xmin": 46, "ymin": 476, "ymax": 515, "xmax": 115}}], [{"tid": 0, "generated": 0, "bbox": {"xmin": 208, "ymin": 401, "ymax": 499, "xmax": 378}}, {"tid": 3, "generated": 0, "bbox": {"xmin": 44, "ymin": 476, "ymax": 520, "xmax": 110}}], [{"tid": 0, "generated": 0, "bbox": {"xmin": 209, "ymin": 400, "ymax": 499, "xmax": 381}}, {"tid": 3, "generated": 0, "bbox": {"xmin": 48, "ymin": 483, "ymax": 517, "xmax": 106}}], [{"tid": 0, "generated": 0, "bbox": {"xmin": 211, "ymin": 400, "ymax": 499, "xmax": 385}}, {"tid": 3, "generated": 0, "bbox": {"xmin": 44, "ymin": 483, "ymax": 515, "xmax": 103}}], [{"tid": 0, "generated": 0, "bbox": {"xmin": 215, "ymin": 399, "ymax": 497, "xmax": 388}}, {"tid": 3, "generated": 0, "bbox": {"xmin": 44, "ymin": 485, "ymax": 515, "xmax": 99}}], [{"tid": 0, "generated": 0, "bbox": {"xmin": 219, "ymin": 399, "ymax": 496, "xmax": 391}}, {"tid": 3, "generated": 0, "bbox": {"xmin": 44, "ymin": 487, "ymax": 517, "xmax": 97}}], [{"tid": 0, "generated": 0, "bbox": {"xmin": 223, "ymin": 398, "ymax": 495, "xmax": 394}}, {"tid": 3, "generated": 0, "bbox": {"xmin": 45, "ymin": 484, "ymax": 517, "xmax": 98}}], [{"tid": 0, "generated": 0, "bbox": {"xmin": 227, "ymin": 398, "ymax": 494, "xmax": 398}}, {"tid": 3, "generated": 0, "bbox": {"xmin": 46, "ymin": 482, "ymax": 518, "xmax": 100}}], [{"tid": 0, "generated": 0, "bbox": {"xmin": 231, "ymin": 398, "ymax": 494, "xmax": 398}}, {"tid": 3, "generated": 0, "bbox": {"xmin": 47, "ymin": 480, "ymax": 518, "xmax": 102}}], [{"tid": 0, "generated": 0, "bbox": {"xmin": 235, "ymin": 398, "ymax": 494, "xmax": 399}}, {"tid": 3, "generated": 0, "bbox": {"xmin": 49, "ymin": 478, "ymax": 519, "xmax": 104}}], [{"tid": 0, "generated": 0, "bbox": {"xmin": 239, "ymin": 398, "ymax": 494, "xmax": 399}}, {"tid": 3, "generated": 0, "bbox": {"xmin": 48, "ymin": 480, "ymax": 520, "xmax": 112}}], [{"tid": 0, "generated": 0, "bbox": {"xmin": 243, "ymin": 398, "ymax": 494, "xmax": 400}}, {"tid": 3, "generated": 0, "bbox": {"xmin": 55, "ymin": 481, "ymax": 515, "xmax": 115}}], [{"tid": 0, "generated": 0, "bbox": {"xmin": 247, "ymin": 398, "ymax": 494, "xmax": 400}}, {"tid": 3, "generated": 0, "bbox": {"xmin": 51, "ymin": 481, "ymax": 512, "xmax": 110}}], [{"tid": 0, "generated": 0, "bbox": {"xmin": 252, "ymin": 398, "ymax": 494, "xmax": 401}}, {"tid": 3, "generated": 0, "bbox": {"xmin": 56, "ymin": 481, "ymax": 513, "xmax": 115}}], [{"tid": 0, "generated": 0, "bbox": {"xmin": 252, "ymin": 396, "ymax": 493, "xmax": 402}}, {"tid": 3, "generated": 0, "bbox": {"xmin": 59, "ymin": 482, "ymax": 513, "xmax": 117}}], [{"tid": 0, "generated": 0, "bbox": {"xmin": 253, "ymin": 395, "ymax": 493, "xmax": 404}}, {"tid": 3, "generated": 0, "bbox": {"xmin": 62, "ymin": 483, "ymax": 513, "xmax": 119}}], [{"tid": 0, "generated": 0, "bbox": {"xmin": 253, "ymin": 393, "ymax": 492, "xmax": 405}}, {"tid": 3, "generated": 0, "bbox": {"xmin": 64, "ymin": 480, "ymax": 515, "xmax": 122}}], [{"tid": 0, "generated": 0, "bbox": {"xmin": 254, "ymin": 392, "ymax": 492, "xmax": 407}}, {"tid": 3, "generated": 0, "bbox": {"xmin": 64, "ymin": 480, "ymax": 519, "xmax": 126}}], [{"tid": 0, "generated": 0, "bbox": {"xmin": 254, "ymin": 391, "ymax": 491, "xmax": 408}}, {"tid": 3, "generated": 0, "bbox": {"xmin": 69, "ymin": 480, "ymax": 516, "xmax": 127}}], [{"tid": 0, "generated": 0, "bbox": {"xmin": 255, "ymin": 390, "ymax": 491, "xmax": 410}}, {"tid": 3, "generated": 0, "bbox": {"xmin": 74, "ymin": 481, "ymax": 513, "xmax": 129}}], [{"tid": 0, "generated": 0, "bbox": {"xmin": 255, "ymin": 389, "ymax": 491, "xmax": 411}}, {"tid": 3, "generated": 0, "bbox": {"xmin": 77, "ymin": 483, "ymax": 511, "xmax": 128}}], [{"tid": 0, "generated": 0, "bbox": {"xmin": 256, "ymin": 388, "ymax": 490, "xmax": 413}}, {"tid": 3, "generated": 0, "bbox": {"xmin": 80, "ymin": 485, "ymax": 510, "xmax": 128}}], [{"tid": 0, "generated": 0, "bbox": {"xmin": 256, "ymin": 387, "ymax": 490, "xmax": 414}}, {"tid": 3, "generated": 0, "bbox": {"xmin": 81, "ymin": 483, "ymax": 515, "xmax": 129}}], [], [], [], [], [], [], [], [], [], [], [], [], [], [], [], [], [], [], [], [], [], [], [], [], [], [], [], [], [], [], [], [], [], [], [], [], [], [], [], [], [], [], [], [], [], [{"tid": 0, "generated": 0, "bbox": {"xmin": 318, "ymin": 403, "ymax": 487, "xmax": 471}}, {"tid": 1, "generated": 0, "bbox": {"xmin": 161, "ymin": 467, "ymax": 499, "xmax": 213}}, {"tid": 2, "generated": 0, "bbox": {"xmin": 247, "ymin": 446, "ymax": 490, "xmax": 302}}, {"tid": 3, "generated": 0, "bbox": {"xmin": 94, "ymin": 474, "ymax": 513, "xmax": 160}}], [{"tid": 0, "generated": 0, "bbox": {"xmin": 320, "ymin": 405, "ymax": 488, "xmax": 474}}, {"tid": 1, "generated": 0, "bbox": {"xmin": 165, "ymin": 465, "ymax": 501, "xmax": 215}}, {"tid": 2, "generated": 0, "bbox": {"xmin": 243, "ymin": 448, "ymax": 492, "xmax": 298}}, {"tid": 3, "generated": 0, "bbox": {"xmin": 96, "ymin": 478, "ymax": 513, "xmax": 158}}], [{"tid": 0, "generated": 0, "bbox": {"xmin": 319, "ymin": 406, "ymax": 487, "xmax": 474}}, {"tid": 1, "generated": 0, "bbox": {"xmin": 167, "ymin": 464, "ymax": 499, "xmax": 216}}, {"tid": 2, "generated": 0, "bbox": {"xmin": 245, "ymin": 448, "ymax": 488, "xmax": 304}}, {"tid": 3, "generated": 0, "bbox": {"xmin": 96, "ymin": 478, "ymax": 512, "xmax": 156}}], [{"tid": 0, "generated": 0, "bbox": {"xmin": 318, "ymin": 408, "ymax": 487, "xmax": 474}}, {"tid": 1, "generated": 0, "bbox": {"xmin": 168, "ymin": 462, "ymax": 501, "xmax": 218}}, {"tid": 2, "generated": 0, "bbox": {"xmin": 246, "ymin": 448, "ymax": 488, "xmax": 306}}, {"tid": 3, "generated": 0, "bbox": {"xmin": 96, "ymin": 480, "ymax": 512, "xmax": 152}}], [{"tid": 0, "generated": 0, "bbox": {"xmin": 321, "ymin": 410, "ymax": 487, "xmax": 474}}, {"tid": 1, "generated": 0, "bbox": {"xmin": 165, "ymin": 464, "ymax": 499, "xmax": 218}}, {"tid": 2, "generated": 0, "bbox": {"xmin": 247, "ymin": 448, "ymax": 488, "xmax": 308}}, {"tid": 3, "generated": 0, "bbox": {"xmin": 99, "ymin": 481, "ymax": 513, "xmax": 154}}], [{"tid": 0, "generated": 0, "bbox": {"xmin": 325, "ymin": 412, "ymax": 487, "xmax": 474}}, {"tid": 1, "generated": 0, "bbox": {"xmin": 165, "ymin": 467, "ymax": 501, "xmax": 220}}, {"tid": 2, "generated": 0, "bbox": {"xmin": 248, "ymin": 449, "ymax": 488, "xmax": 311}}, {"tid": 3, "generated": 0, "bbox": {"xmin": 99, "ymin": 481, "ymax": 513, "xmax": 152}}], [{"tid": 0, "generated": 0, "bbox": {"xmin": 325, "ymin": 412, "ymax": 486, "xmax": 475}}, {"tid": 1, "generated": 0, "bbox": {"xmin": 167, "ymin": 462, "ymax": 503, "xmax": 220}}, {"tid": 2, "generated": 0, "bbox": {"xmin": 254, "ymin": 448, "ymax": 490, "xmax": 311}}, {"tid": 3, "generated": 0, "bbox": {"xmin": 101, "ymin": 480, "ymax": 512, "xmax": 154}}], [{"tid": 0, "generated": 0, "bbox": {"xmin": 325, "ymin": 412, "ymax": 485, "xmax": 476}}, {"tid": 1, "generated": 0, "bbox": {"xmin": 174, "ymin": 464, "ymax": 503, "xmax": 227}}, {"tid": 2, "generated": 0, "bbox": {"xmin": 255, "ymin": 448, "ymax": 489, "xmax": 312}}, {"tid": 3, "generated": 0, "bbox": {"xmin": 99, "ymin": 481, "ymax": 510, "xmax": 154}}], [{"tid": 0, "generated": 0, "bbox": {"xmin": 325, "ymin": 412, "ymax": 485, "xmax": 480}}, {"tid": 1, "generated": 0, "bbox": {"xmin": 172, "ymin": 465, "ymax": 504, "xmax": 225}}, {"tid": 2, "generated": 0, "bbox": {"xmin": 256, "ymin": 448, "ymax": 489, "xmax": 314}}, {"tid": 3, "generated": 0, "bbox": {"xmin": 101, "ymin": 481, "ymax": 512, "xmax": 158}}], [{"tid": 0, "generated": 0, "bbox": {"xmin": 327, "ymin": 416, "ymax": 485, "xmax": 483}}, {"tid": 1, "generated": 0, "bbox": {"xmin": 172, "ymin": 464, "ymax": 499, "xmax": 231}}, {"tid": 2, "generated": 0, "bbox": {"xmin": 258, "ymin": 448, "ymax": 489, "xmax": 316}}, {"tid": 3, "generated": 0, "bbox": {"xmin": 99, "ymin": 481, "ymax": 513, "xmax": 156}}], [{"tid": 0, "generated": 0, "bbox": {"xmin": 327, "ymin": 416, "ymax": 486, "xmax": 485}}, {"tid": 1, "generated": 0, "bbox": {"xmin": 176, "ymin": 465, "ymax": 499, "xmax": 232}}, {"tid": 2, "generated": 0, "bbox": {"xmin": 259, "ymin": 448, "ymax": 488, "xmax": 318}}, {"tid": 3, "generated": 0, "bbox": {"xmin": 97, "ymin": 480, "ymax": 513, "xmax": 154}}], [{"tid": 0, "generated": 0, "bbox": {"xmin": 328, "ymin": 416, "ymax": 487, "xmax": 487}}, {"tid": 1, "generated": 0, "bbox": {"xmin": 179, "ymin": 465, "ymax": 499, "xmax": 232}}, {"tid": 2, "generated": 0, "bbox": {"xmin": 260, "ymin": 448, "ymax": 488, "xmax": 320}}, {"tid": 3, "generated": 0, "bbox": {"xmin": 103, "ymin": 480, "ymax": 510, "xmax": 158}}], [{"tid": 0, "generated": 0, "bbox": {"xmin": 330, "ymin": 414, "ymax": 487, "xmax": 485}}, {"tid": 1, "generated": 0, "bbox": {"xmin": 181, "ymin": 465, "ymax": 497, "xmax": 238}}, {"tid": 2, "generated": 0, "bbox": {"xmin": 262, "ymin": 448, "ymax": 488, "xmax": 322}}, {"tid": 3, "generated": 0, "bbox": {"xmin": 104, "ymin": 481, "ymax": 513, "xmax": 161}}], [{"tid": 0, "generated": 0, "bbox": {"xmin": 332, "ymin": 416, "ymax": 487, "xmax": 481}}, {"tid": 1, "generated": 0, "bbox": {"xmin": 183, "ymin": 465, "ymax": 496, "xmax": 240}}, {"tid": 2, "generated": 0, "bbox": {"xmin": 263, "ymin": 448, "ymax": 487, "xmax": 324}}, {"tid": 3, "generated": 0, "bbox": {"xmin": 101, "ymin": 476, "ymax": 512, "xmax": 160}}], [{"tid": 0, "generated": 0, "bbox": {"xmin": 330, "ymin": 414, "ymax": 486, "xmax": 484}}, {"tid": 1, "generated": 0, "bbox": {"xmin": 188, "ymin": 464, "ymax": 497, "xmax": 241}}, {"tid": 2, "generated": 0, "bbox": {"xmin": 264, "ymin": 448, "ymax": 487, "xmax": 326}}, {"tid": 3, "generated": 0, "bbox": {"xmin": 101, "ymin": 481, "ymax": 508, "xmax": 160}}], [{"tid": 0, "generated": 0, "bbox": {"xmin": 328, "ymin": 412, "ymax": 485, "xmax": 488}}, {"tid": 1, "generated": 0, "bbox": {"xmin": 188, "ymin": 462, "ymax": 497, "xmax": 248}}, {"tid": 2, "generated": 0, "bbox": {"xmin": 266, "ymin": 448, "ymax": 487, "xmax": 328}}, {"tid": 3, "generated": 0, "bbox": {"xmin": 101, "ymin": 481, "ymax": 513, "xmax": 156}}], [{"tid": 0, "generated": 0, "bbox": {"xmin": 336, "ymin": 414, "ymax": 488, "xmax": 487}}, {"tid": 1, "generated": 0, "bbox": {"xmin": 190, "ymin": 464, "ymax": 499, "xmax": 247}}, {"tid": 2, "generated": 0, "bbox": {"xmin": 269, "ymin": 447, "ymax": 487, "xmax": 330}}, {"tid": 3, "generated": 0, "bbox": {"xmin": 103, "ymin": 480, "ymax": 510, "xmax": 161}}], [{"tid": 0, "generated": 0, "bbox": {"xmin": 341, "ymin": 410, "ymax": 483, "xmax": 490}}, {"tid": 1, "generated": 0, "bbox": {"xmin": 195, "ymin": 464, "ymax": 499, "xmax": 252}}, {"tid": 2, "generated": 0, "bbox": {"xmin": 273, "ymin": 446, "ymax": 487, "xmax": 332}}, {"tid": 3, "generated": 0, "bbox": {"xmin": 103, "ymin": 480, "ymax": 510, "xmax": 161}}], [{"tid": 0, "generated": 0, "bbox": {"xmin": 341, "ymin": 408, "ymax": 482, "xmax": 491}}, {"tid": 1, "generated": 0, "bbox": {"xmin": 197, "ymin": 462, "ymax": 497, "xmax": 252}}, {"tid": 2, "generated": 0, "bbox": {"xmin": 273, "ymin": 445, "ymax": 486, "xmax": 332}}, {"tid": 3, "generated": 0, "bbox": {"xmin": 103, "ymin": 480, "ymax": 512, "xmax": 161}}], [{"tid": 0, "generated": 0, "bbox": {"xmin": 341, "ymin": 407, "ymax": 482, "xmax": 492}}, {"tid": 1, "generated": 0, "bbox": {"xmin": 199, "ymin": 460, "ymax": 496, "xmax": 252}}, {"tid": 2, "generated": 0, "bbox": {"xmin": 274, "ymin": 445, "ymax": 486, "xmax": 333}}, {"tid": 3, "generated": 0, "bbox": {"xmin": 101, "ymin": 478, "ymax": 510, "xmax": 160}}], [{"tid": 0, "generated": 0, "bbox": {"xmin": 342, "ymin": 405, "ymax": 481, "xmax": 493}}, {"tid": 1, "generated": 0, "bbox": {"xmin": 202, "ymin": 460, "ymax": 497, "xmax": 256}}, {"tid": 2, "generated": 0, "bbox": {"xmin": 275, "ymin": 445, "ymax": 486, "xmax": 333}}, {"tid": 3, "generated": 0, "bbox": {"xmin": 106, "ymin": 478, "ymax": 510, "xmax": 165}}], [{"tid": 0, "generated": 0, "bbox": {"xmin": 342, "ymin": 404, "ymax": 481, "xmax": 494}}, {"tid": 1, "generated": 0, "bbox": {"xmin": 200, "ymin": 464, "ymax": 497, "xmax": 257}}, {"tid": 2, "generated": 0, "bbox": {"xmin": 276, "ymin": 445, "ymax": 486, "xmax": 334}}, {"tid": 3, "generated": 0, "bbox": {"xmin": 106, "ymin": 476, "ymax": 508, "xmax": 163}}], [{"tid": 0, "generated": 0, "bbox": {"xmin": 343, "ymin": 403, "ymax": 481, "xmax": 496}}, {"tid": 1, "generated": 0, "bbox": {"xmin": 204, "ymin": 460, "ymax": 499, "xmax": 259}}, {"tid": 2, "generated": 0, "bbox": {"xmin": 277, "ymin": 444, "ymax": 485, "xmax": 335}}, {"tid": 3, "generated": 0, "bbox": {"xmin": 108, "ymin": 480, "ymax": 510, "xmax": 165}}], [{"tid": 0, "generated": 0, "bbox": {"xmin": 344, "ymin": 403, "ymax": 481, "xmax": 498}}, {"tid": 1, "generated": 0, "bbox": {"xmin": 200, "ymin": 462, "ymax": 497, "xmax": 261}}, {"tid": 2, "generated": 0, "bbox": {"xmin": 278, "ymin": 444, "ymax": 485, "xmax": 335}}, {"tid": 3, "generated": 0, "bbox": {"xmin": 113, "ymin": 481, "ymax": 512, "xmax": 168}}], [{"tid": 0, "generated": 0, "bbox": {"xmin": 345, "ymin": 403, "ymax": 482, "xmax": 500}}, {"tid": 1, "generated": 0, "bbox": {"xmin": 206, "ymin": 462, "ymax": 497, "xmax": 263}}, {"tid": 2, "generated": 0, "bbox": {"xmin": 279, "ymin": 444, "ymax": 485, "xmax": 336}}, {"tid": 3, "generated": 0, "bbox": {"xmin": 115, "ymin": 481, "ymax": 508, "xmax": 165}}], [{"tid": 0, "generated": 0, "bbox": {"xmin": 346, "ymin": 403, "ymax": 483, "xmax": 503}}, {"tid": 1, "generated": 0, "bbox": {"xmin": 209, "ymin": 462, "ymax": 496, "xmax": 270}}, {"tid": 2, "generated": 0, "bbox": {"xmin": 280, "ymin": 444, "ymax": 485, "xmax": 337}}, {"tid": 3, "generated": 0, "bbox": {"xmin": 117, "ymin": 478, "ymax": 508, "xmax": 170}}], [{"tid": 0, "generated": 0, "bbox": {"xmin": 344, "ymin": 402, "ymax": 483, "xmax": 505}}, {"tid": 1, "generated": 0, "bbox": {"xmin": 209, "ymin": 462, "ymax": 496, "xmax": 268}}, {"tid": 2, "generated": 0, "bbox": {"xmin": 283, "ymin": 443, "ymax": 485, "xmax": 339}}, {"tid": 3, "generated": 0, "bbox": {"xmin": 113, "ymin": 480, "ymax": 508, "xmax": 167}}], [{"tid": 0, "generated": 0, "bbox": {"xmin": 343, "ymin": 401, "ymax": 484, "xmax": 507}}, {"tid": 1, "generated": 0, "bbox": {"xmin": 216, "ymin": 460, "ymax": 494, "xmax": 268}}, {"tid": 2, "generated": 0, "bbox": {"xmin": 286, "ymin": 442, "ymax": 485, "xmax": 341}}, {"tid": 3, "generated": 0, "bbox": {"xmin": 115, "ymin": 480, "ymax": 508, "xmax": 168}}], [{"tid": 0, "generated": 0, "bbox": {"xmin": 342, "ymin": 400, "ymax": 484, "xmax": 509}}, {"tid": 1, "generated": 0, "bbox": {"xmin": 222, "ymin": 460, "ymax": 492, "xmax": 273}}, {"tid": 2, "generated": 0, "bbox": {"xmin": 289, "ymin": 442, "ymax": 485, "xmax": 343}}, {"tid": 3, "generated": 0, "bbox": {"xmin": 115, "ymin": 480, "ymax": 508, "xmax": 168}}], [{"tid": 0, "generated": 0, "bbox": {"xmin": 341, "ymin": 400, "ymax": 485, "xmax": 512}}, {"tid": 1, "generated": 0, "bbox": {"xmin": 222, "ymin": 460, "ymax": 492, "xmax": 273}}, {"tid": 2, "generated": 0, "bbox": {"xmin": 291, "ymin": 442, "ymax": 485, "xmax": 343}}, {"tid": 3, "generated": 0, "bbox": {"xmin": 119, "ymin": 480, "ymax": 512, "xmax": 167}}], [], [], [], [], [], [], [], [], [], [], [], [], [], [], [], [], [], [], [], [], [], [], [], [], [], [], [], [], [], [], [], [], [], [], [], [], [], [], [], [], [], [], [], [], [], [], [], [], [], [], [], [], [], [], [], [], [], [], [], [], [], [], [], [], [], [], [], [], [], [], [], [], [], [], [], [], [], [], [], [], [], [], [], [], [], [], [], [], [], [], [], [], [], [], [], [], [], [], [], [], [], [], [], [], [], [], [], [], [], [], [], [], [], [], [], [], [], [], [], [], [{"tid": 0, "generated": 0, "bbox": {"xmin": 608, "ymin": 358, "ymax": 460, "xmax": 727}}, {"tid": 1, "generated": 0, "bbox": {"xmin": 439, "ymin": 437, "ymax": 476, "xmax": 497}}, {"tid": 2, "generated": 0, "bbox": {"xmin": 323, "ymin": 440, "ymax": 487, "xmax": 364}}, {"tid": 3, "generated": 0, "bbox": {"xmin": 280, "ymin": 458, "ymax": 490, "xmax": 341}}], [{"tid": 0, "generated": 0, "bbox": {"xmin": 608, "ymin": 358, "ymax": 460, "xmax": 726}}, {"tid": 1, "generated": 0, "bbox": {"xmin": 442, "ymin": 439, "ymax": 478, "xmax": 501}}, {"tid": 2, "generated": 0, "bbox": {"xmin": 323, "ymin": 440, "ymax": 486, "xmax": 364}}, {"tid": 3, "generated": 0, "bbox": {"xmin": 282, "ymin": 456, "ymax": 490, "xmax": 343}}], [{"tid": 0, "generated": 0, "bbox": {"xmin": 608, "ymin": 359, "ymax": 460, "xmax": 726}}, {"tid": 1, "generated": 0, "bbox": {"xmin": 442, "ymin": 440, "ymax": 480, "xmax": 499}}, {"tid": 2, "generated": 0, "bbox": {"xmin": 323, "ymin": 440, "ymax": 485, "xmax": 364}}, {"tid": 3, "generated": 0, "bbox": {"xmin": 282, "ymin": 458, "ymax": 494, "xmax": 341}}], [{"tid": 0, "generated": 0, "bbox": {"xmin": 608, "ymin": 359, "ymax": 460, "xmax": 725}}, {"tid": 1, "generated": 0, "bbox": {"xmin": 449, "ymin": 437, "ymax": 474, "xmax": 506}}, {"tid": 2, "generated": 0, "bbox": {"xmin": 323, "ymin": 441, "ymax": 484, "xmax": 364}}, {"tid": 3, "generated": 0, "bbox": {"xmin": 284, "ymin": 455, "ymax": 492, "xmax": 341}}], [{"tid": 0, "generated": 0, "bbox": {"xmin": 608, "ymin": 360, "ymax": 460, "xmax": 725}}, {"tid": 1, "generated": 0, "bbox": {"xmin": 451, "ymin": 439, "ymax": 476, "xmax": 506}}, {"tid": 2, "generated": 0, "bbox": {"xmin": 323, "ymin": 441, "ymax": 483, "xmax": 364}}, {"tid": 3, "generated": 0, "bbox": {"xmin": 288, "ymin": 451, "ymax": 490, "xmax": 344}}], [{"tid": 0, "generated": 0, "bbox": {"xmin": 609, "ymin": 360, "ymax": 464, "xmax": 725}}, {"tid": 1, "generated": 0, "bbox": {"xmin": 449, "ymin": 440, "ymax": 476, "xmax": 513}}, {"tid": 2, "generated": 0, "bbox": {"xmin": 323, "ymin": 442, "ymax": 483, "xmax": 364}}, {"tid": 3, "generated": 0, "bbox": {"xmin": 286, "ymin": 455, "ymax": 494, "xmax": 339}}], [{"tid": 0, "generated": 0, "bbox": {"xmin": 609, "ymin": 362, "ymax": 462, "xmax": 725}}, {"tid": 1, "generated": 0, "bbox": {"xmin": 451, "ymin": 439, "ymax": 474, "xmax": 512}}, {"tid": 2, "generated": 0, "bbox": {"xmin": 323, "ymin": 444, "ymax": 487, "xmax": 364}}, {"tid": 3, "generated": 0, "bbox": {"xmin": 289, "ymin": 456, "ymax": 494, "xmax": 343}}], [{"tid": 0, "generated": 0, "bbox": {"xmin": 609, "ymin": 362, "ymax": 462, "xmax": 724}}, {"tid": 1, "generated": 0, "bbox": {"xmin": 453, "ymin": 439, "ymax": 474, "xmax": 513}}, {"tid": 2, "generated": 0, "bbox": {"xmin": 323, "ymin": 442, "ymax": 485, "xmax": 368}}, {"tid": 3, "generated": 0, "bbox": {"xmin": 291, "ymin": 456, "ymax": 494, "xmax": 344}}], [{"tid": 0, "generated": 0, "bbox": {"xmin": 609, "ymin": 363, "ymax": 462, "xmax": 724}}, {"tid": 1, "generated": 0, "bbox": {"xmin": 456, "ymin": 439, "ymax": 474, "xmax": 517}}, {"tid": 2, "generated": 0, "bbox": {"xmin": 323, "ymin": 442, "ymax": 490, "xmax": 366}}, {"tid": 3, "generated": 0, "bbox": {"xmin": 293, "ymin": 456, "ymax": 496, "xmax": 346}}], [{"tid": 0, "generated": 0, "bbox": {"xmin": 609, "ymin": 363, "ymax": 462, "xmax": 724}}, {"tid": 1, "generated": 0, "bbox": {"xmin": 460, "ymin": 439, "ymax": 476, "xmax": 520}}, {"tid": 2, "generated": 0, "bbox": {"xmin": 323, "ymin": 442, "ymax": 489, "xmax": 367}}, {"tid": 3, "generated": 0, "bbox": {"xmin": 298, "ymin": 453, "ymax": 494, "xmax": 353}}], [{"tid": 0, "generated": 0, "bbox": {"xmin": 609, "ymin": 364, "ymax": 462, "xmax": 723}}, {"tid": 1, "generated": 0, "bbox": {"xmin": 465, "ymin": 439, "ymax": 476, "xmax": 524}}, {"tid": 2, "generated": 0, "bbox": {"xmin": 324, "ymin": 442, "ymax": 489, "xmax": 369}}, {"tid": 3, "generated": 0, "bbox": {"xmin": 302, "ymin": 453, "ymax": 494, "xmax": 357}}], [{"tid": 0, "generated": 0, "bbox": {"xmin": 609, "ymin": 364, "ymax": 462, "xmax": 723}}, {"tid": 1, "generated": 0, "bbox": {"xmin": 471, "ymin": 439, "ymax": 478, "xmax": 526}}, {"tid": 2, "generated": 0, "bbox": {"xmin": 325, "ymin": 442, "ymax": 488, "xmax": 371}}, {"tid": 3, "generated": 0, "bbox": {"xmin": 305, "ymin": 449, "ymax": 490, "xmax": 360}}], [{"tid": 0, "generated": 0, "bbox": {"xmin": 609, "ymin": 365, "ymax": 462, "xmax": 723}}, {"tid": 1, "generated": 0, "bbox": {"xmin": 471, "ymin": 437, "ymax": 476, "xmax": 528}}, {"tid": 2, "generated": 0, "bbox": {"xmin": 326, "ymin": 442, "ymax": 488, "xmax": 372}}, {"tid": 3, "generated": 0, "bbox": {"xmin": 304, "ymin": 456, "ymax": 497, "xmax": 359}}], [{"tid": 0, "generated": 0, "bbox": {"xmin": 609, "ymin": 366, "ymax": 462, "xmax": 723}}, {"tid": 1, "generated": 0, "bbox": {"xmin": 476, "ymin": 435, "ymax": 472, "xmax": 533}}, {"tid": 2, "generated": 0, "bbox": {"xmin": 327, "ymin": 442, "ymax": 487, "xmax": 374}}, {"tid": 3, "generated": 0, "bbox": {"xmin": 302, "ymin": 453, "ymax": 494, "xmax": 357}}], [{"tid": 0, "generated": 0, "bbox": {"xmin": 609, "ymin": 366, "ymax": 462, "xmax": 723}}, {"tid": 1, "generated": 0, "bbox": {"xmin": 472, "ymin": 433, "ymax": 472, "xmax": 528}}, {"tid": 2, "generated": 0, "bbox": {"xmin": 328, "ymin": 442, "ymax": 487, "xmax": 376}}, {"tid": 3, "generated": 0, "bbox": {"xmin": 305, "ymin": 453, "ymax": 494, "xmax": 360}}], [{"tid": 0, "generated": 0, "bbox": {"xmin": 609, "ymin": 366, "ymax": 462, "xmax": 723}}, {"tid": 1, "generated": 0, "bbox": {"xmin": 476, "ymin": 433, "ymax": 471, "xmax": 531}}, {"tid": 2, "generated": 0, "bbox": {"xmin": 330, "ymin": 443, "ymax": 486, "xmax": 380}}, {"tid": 3, "generated": 0, "bbox": {"xmin": 305, "ymin": 455, "ymax": 496, "xmax": 360}}], [{"tid": 0, "generated": 0, "bbox": {"xmin": 609, "ymin": 366, "ymax": 462, "xmax": 723}}, {"tid": 1, "generated": 0, "bbox": {"xmin": 478, "ymin": 435, "ymax": 472, "xmax": 538}}, {"tid": 2, "generated": 0, "bbox": {"xmin": 332, "ymin": 444, "ymax": 485, "xmax": 384}}, {"tid": 3, "generated": 0, "bbox": {"xmin": 309, "ymin": 455, "ymax": 496, "xmax": 364}}], [{"tid": 0, "generated": 0, "bbox": {"xmin": 609, "ymin": 366, "ymax": 462, "xmax": 723}}, {"tid": 1, "generated": 0, "bbox": {"xmin": 481, "ymin": 437, "ymax": 474, "xmax": 540}}, {"tid": 2, "generated": 0, "bbox": {"xmin": 333, "ymin": 444, "ymax": 485, "xmax": 384}}, {"tid": 3, "generated": 0, "bbox": {"xmin": 309, "ymin": 455, "ymax": 496, "xmax": 364}}], [{"tid": 0, "generated": 0, "bbox": {"xmin": 609, "ymin": 366, "ymax": 462, "xmax": 723}}, {"tid": 1, "generated": 0, "bbox": {"xmin": 483, "ymin": 435, "ymax": 472, "xmax": 542}}, {"tid": 2, "generated": 0, "bbox": {"xmin": 334, "ymin": 445, "ymax": 486, "xmax": 385}}, {"tid": 3, "generated": 0, "bbox": {"xmin": 307, "ymin": 453, "ymax": 492, "xmax": 362}}], [{"tid": 0, "generated": 0, "bbox": {"xmin": 610, "ymin": 367, "ymax": 462, "xmax": 723}}, {"tid": 1, "generated": 0, "bbox": {"xmin": 485, "ymin": 433, "ymax": 471, "xmax": 544}}, {"tid": 2, "generated": 0, "bbox": {"xmin": 335, "ymin": 445, "ymax": 486, "xmax": 386}}, {"tid": 3, "generated": 0, "bbox": {"xmin": 314, "ymin": 453, "ymax": 492, "xmax": 371}}], [{"tid": 0, "generated": 0, "bbox": {"xmin": 610, "ymin": 367, "ymax": 462, "xmax": 723}}, {"tid": 1, "generated": 0, "bbox": {"xmin": 487, "ymin": 435, "ymax": 471, "xmax": 545}}, {"tid": 2, "generated": 0, "bbox": {"xmin": 336, "ymin": 446, "ymax": 487, "xmax": 387}}, {"tid": 3, "generated": 0, "bbox": {"xmin": 314, "ymin": 453, "ymax": 492, "xmax": 371}}], [{"tid": 0, "generated": 0, "bbox": {"xmin": 610, "ymin": 367, "ymax": 462, "xmax": 723}}, {"tid": 1, "generated": 0, "bbox": {"xmin": 490, "ymin": 437, "ymax": 474, "xmax": 547}}, {"tid": 2, "generated": 0, "bbox": {"xmin": 335, "ymin": 445, "ymax": 486, "xmax": 386}}, {"tid": 3, "generated": 0, "bbox": {"xmin": 318, "ymin": 455, "ymax": 488, "xmax": 373}}], [{"tid": 0, "generated": 0, "bbox": {"xmin": 610, "ymin": 367, "ymax": 462, "xmax": 723}}, {"tid": 1, "generated": 0, "bbox": {"xmin": 488, "ymin": 435, "ymax": 474, "xmax": 547}}, {"tid": 2, "generated": 0, "bbox": {"xmin": 334, "ymin": 444, "ymax": 485, "xmax": 385}}, {"tid": 3, "generated": 0, "bbox": {"xmin": 321, "ymin": 456, "ymax": 488, "xmax": 375}}], [{"tid": 0, "generated": 0, "bbox": {"xmin": 610, "ymin": 367, "ymax": 462, "xmax": 723}}, {"tid": 1, "generated": 0, "bbox": {"xmin": 490, "ymin": 435, "ymax": 472, "xmax": 547}}, {"tid": 2, "generated": 0, "bbox": {"xmin": 335, "ymin": 444, "ymax": 485, "xmax": 386}}, {"tid": 3, "generated": 0, "bbox": {"xmin": 320, "ymin": 456, "ymax": 490, "xmax": 373}}], [{"tid": 0, "generated": 0, "bbox": {"xmin": 610, "ymin": 367, "ymax": 462, "xmax": 723}}, {"tid": 1, "generated": 0, "bbox": {"xmin": 496, "ymin": 437, "ymax": 472, "xmax": 551}}, {"tid": 2, "generated": 0, "bbox": {"xmin": 337, "ymin": 444, "ymax": 485, "xmax": 388}}, {"tid": 3, "generated": 0, "bbox": {"xmin": 321, "ymin": 458, "ymax": 488, "xmax": 375}}], [{"tid": 0, "generated": 0, "bbox": {"xmin": 611, "ymin": 368, "ymax": 462, "xmax": 723}}, {"tid": 1, "generated": 0, "bbox": {"xmin": 496, "ymin": 435, "ymax": 469, "xmax": 551}}, {"tid": 2, "generated": 0, "bbox": {"xmin": 339, "ymin": 444, "ymax": 485, "xmax": 390}}, {"tid": 3, "generated": 0, "bbox": {"xmin": 323, "ymin": 460, "ymax": 492, "xmax": 378}}], [{"tid": 0, "generated": 0, "bbox": {"xmin": 611, "ymin": 368, "ymax": 461, "xmax": 724}}, {"tid": 1, "generated": 0, "bbox": {"xmin": 494, "ymin": 435, "ymax": 471, "xmax": 558}}, {"tid": 2, "generated": 0, "bbox": {"xmin": 341, "ymin": 444, "ymax": 485, "xmax": 392}}, {"tid": 3, "generated": 0, "bbox": {"xmin": 327, "ymin": 458, "ymax": 488, "xmax": 387}}], [{"tid": 0, "generated": 0, "bbox": {"xmin": 611, "ymin": 368, "ymax": 461, "xmax": 725}}, {"tid": 1, "generated": 0, "bbox": {"xmin": 496, "ymin": 437, "ymax": 472, "xmax": 558}}, {"tid": 2, "generated": 0, "bbox": {"xmin": 340, "ymin": 444, "ymax": 484, "xmax": 393}}, {"tid": 3, "generated": 0, "bbox": {"xmin": 330, "ymin": 458, "ymax": 488, "xmax": 391}}], [{"tid": 0, "generated": 0, "bbox": {"xmin": 611, "ymin": 368, "ymax": 460, "xmax": 726}}, {"tid": 1, "generated": 0, "bbox": {"xmin": 497, "ymin": 435, "ymax": 471, "xmax": 558}}, {"tid": 2, "generated": 0, "bbox": {"xmin": 339, "ymin": 444, "ymax": 483, "xmax": 394}}, {"tid": 3, "generated": 0, "bbox": {"xmin": 332, "ymin": 455, "ymax": 487, "xmax": 391}}], [{"tid": 0, "generated": 0, "bbox": {"xmin": 611, "ymin": 369, "ymax": 460, "xmax": 727}}, {"tid": 1, "generated": 0, "bbox": {"xmin": 499, "ymin": 435, "ymax": 469, "xmax": 563}}, {"tid": 2, "generated": 0, "bbox": {"xmin": 336, "ymin": 444, "ymax": 483, "xmax": 401}}, {"tid": 3, "generated": 0, "bbox": {"xmin": 332, "ymin": 456, "ymax": 485, "xmax": 400}}], [], [], [], [], [], [], [], [], [], [], [], [], [], [], [], [], [], [], [], [], [], [], [], [], [], [], [], [], [], [], [], [], [], [], [], [], [], [], [], [], [], [], [], [], [], [], [], [], [], [], [], [], [], [], [], [], [], [], [], [], [], [], [], [], [], [], [], [], [], [], [], [], [], [], [], [], [], [], [], [], [], [], [], [], [], [], [], [], [], [], [], [], [], [], [], [], [], [], [], [], [], [], [], [], [], [{"tid": 0, "generated": 0, "bbox": {"xmin": 824, "ymin": 328, "ymax": 428, "xmax": 978}}, {"tid": 1, "generated": 0, "bbox": {"xmin": 666, "ymin": 408, "ymax": 439, "xmax": 723}}, {"tid": 2, "generated": 0, "bbox": {"xmin": 664, "ymin": 403, "ymax": 446, "xmax": 723}}, {"tid": 3, "generated": 0, "bbox": {"xmin": 558, "ymin": 424, "ymax": 455, "xmax": 611}}], [{"tid": 0, "generated": 0, "bbox": {"xmin": 826, "ymin": 328, "ymax": 428, "xmax": 981}}, {"tid": 1, "generated": 0, "bbox": {"xmin": 672, "ymin": 414, "ymax": 446, "xmax": 725}}, {"tid": 2, "generated": 0, "bbox": {"xmin": 668, "ymin": 401, "ymax": 442, "xmax": 727}}, {"tid": 3, "generated": 0, "bbox": {"xmin": 556, "ymin": 424, "ymax": 456, "xmax": 613}}], [{"tid": 0, "generated": 0, "bbox": {"xmin": 829, "ymin": 327, "ymax": 429, "xmax": 982}}, {"tid": 1, "generated": 0, "bbox": {"xmin": 668, "ymin": 408, "ymax": 444, "xmax": 720}}, {"tid": 2, "generated": 0, "bbox": {"xmin": 668, "ymin": 400, "ymax": 440, "xmax": 732}}, {"tid": 3, "generated": 0, "bbox": {"xmin": 554, "ymin": 423, "ymax": 455, "xmax": 611}}], [{"tid": 0, "generated": 0, "bbox": {"xmin": 832, "ymin": 327, "ymax": 430, "xmax": 984}}, {"tid": 1, "generated": 0, "bbox": {"xmin": 672, "ymin": 412, "ymax": 444, "xmax": 721}}, {"tid": 2, "generated": 0, "bbox": {"xmin": 670, "ymin": 401, "ymax": 442, "xmax": 732}}, {"tid": 3, "generated": 0, "bbox": {"xmin": 560, "ymin": 421, "ymax": 455, "xmax": 616}}], [{"tid": 0, "generated": 0, "bbox": {"xmin": 836, "ymin": 327, "ymax": 428, "xmax": 986}}, {"tid": 1, "generated": 0, "bbox": {"xmin": 679, "ymin": 414, "ymax": 446, "xmax": 728}}, {"tid": 2, "generated": 0, "bbox": {"xmin": 677, "ymin": 403, "ymax": 444, "xmax": 737}}, {"tid": 3, "generated": 0, "bbox": {"xmin": 561, "ymin": 423, "ymax": 458, "xmax": 618}}], [{"tid": 0, "generated": 0, "bbox": {"xmin": 841, "ymin": 327, "ymax": 427, "xmax": 988}}, {"tid": 1, "generated": 0, "bbox": {"xmin": 680, "ymin": 414, "ymax": 446, "xmax": 730}}, {"tid": 2, "generated": 0, "bbox": {"xmin": 677, "ymin": 400, "ymax": 440, "xmax": 739}}, {"tid": 3, "generated": 0, "bbox": {"xmin": 565, "ymin": 423, "ymax": 455, "xmax": 620}}], [{"tid": 0, "generated": 0, "bbox": {"xmin": 846, "ymin": 327, "ymax": 425, "xmax": 990}}, {"tid": 1, "generated": 0, "bbox": {"xmin": 679, "ymin": 414, "ymax": 444, "xmax": 728}}, {"tid": 2, "generated": 0, "bbox": {"xmin": 678, "ymin": 400, "ymax": 439, "xmax": 741}}, {"tid": 3, "generated": 0, "bbox": {"xmin": 565, "ymin": 419, "ymax": 453, "xmax": 620}}], [{"tid": 0, "generated": 0, "bbox": {"xmin": 851, "ymin": 327, "ymax": 424, "xmax": 993}}, {"tid": 1, "generated": 0, "bbox": {"xmin": 679, "ymin": 414, "ymax": 444, "xmax": 728}}, {"tid": 2, "generated": 0, "bbox": {"xmin": 679, "ymin": 401, "ymax": 439, "xmax": 743}}, {"tid": 3, "generated": 0, "bbox": {"xmin": 567, "ymin": 421, "ymax": 456, "xmax": 622}}], [{"tid": 0, "generated": 0, "bbox": {"xmin": 852, "ymin": 327, "ymax": 423, "xmax": 996}}, {"tid": 1, "generated": 0, "bbox": {"xmin": 684, "ymin": 412, "ymax": 440, "xmax": 728}}, {"tid": 2, "generated": 0, "bbox": {"xmin": 686, "ymin": 400, "ymax": 439, "xmax": 748}}, {"tid": 3, "generated": 0, "bbox": {"xmin": 572, "ymin": 423, "ymax": 455, "xmax": 625}}], [{"tid": 0, "generated": 0, "bbox": {"xmin": 853, "ymin": 327, "ymax": 423, "xmax": 999}}, {"tid": 1, "generated": 0, "bbox": {"xmin": 688, "ymin": 416, "ymax": 444, "xmax": 732}}, {"tid": 2, "generated": 0, "bbox": {"xmin": 686, "ymin": 400, "ymax": 442, "xmax": 748}}, {"tid": 3, "generated": 0, "bbox": {"xmin": 577, "ymin": 424, "ymax": 462, "xmax": 632}}], [{"tid": 0, "generated": 0, "bbox": {"xmin": 854, "ymin": 327, "ymax": 423, "xmax": 1002}}, {"tid": 1, "generated": 0, "bbox": {"xmin": 689, "ymin": 412, "ymax": 442, "xmax": 736}}, {"tid": 2, "generated": 0, "bbox": {"xmin": 686, "ymin": 398, "ymax": 440, "xmax": 752}}, {"tid": 3, "generated": 0, "bbox": {"xmin": 577, "ymin": 421, "ymax": 462, "xmax": 632}}], [{"tid": 0, "generated": 0, "bbox": {"xmin": 855, "ymin": 327, "ymax": 423, "xmax": 1006}}, {"tid": 1, "generated": 0, "bbox": {"xmin": 689, "ymin": 408, "ymax": 437, "xmax": 743}}, {"tid": 2, "generated": 0, "bbox": {"xmin": 686, "ymin": 398, "ymax": 440, "xmax": 757}}, {"tid": 3, "generated": 0, "bbox": {"xmin": 584, "ymin": 421, "ymax": 460, "xmax": 638}}], [{"tid": 0, "generated": 0, "bbox": {"xmin": 856, "ymin": 326, "ymax": 422, "xmax": 1008}}, {"tid": 1, "generated": 0, "bbox": {"xmin": 688, "ymin": 410, "ymax": 439, "xmax": 741}}, {"tid": 2, "generated": 0, "bbox": {"xmin": 689, "ymin": 398, "ymax": 439, "xmax": 758}}, {"tid": 3, "generated": 0, "bbox": {"xmin": 586, "ymin": 419, "ymax": 458, "xmax": 640}}], [{"tid": 0, "generated": 0, "bbox": {"xmin": 857, "ymin": 325, "ymax": 422, "xmax": 1010}}, {"tid": 1, "generated": 0, "bbox": {"xmin": 686, "ymin": 414, "ymax": 442, "xmax": 739}}, {"tid": 2, "generated": 0, "bbox": {"xmin": 693, "ymin": 398, "ymax": 439, "xmax": 760}}, {"tid": 3, "generated": 0, "bbox": {"xmin": 586, "ymin": 419, "ymax": 458, "xmax": 640}}], [{"tid": 0, "generated": 0, "bbox": {"xmin": 858, "ymin": 325, "ymax": 422, "xmax": 1012}}, {"tid": 1, "generated": 0, "bbox": {"xmin": 698, "ymin": 412, "ymax": 442, "xmax": 752}}, {"tid": 2, "generated": 0, "bbox": {"xmin": 696, "ymin": 399, "ymax": 438, "xmax": 761}}, {"tid": 3, "generated": 0, "bbox": {"xmin": 592, "ymin": 424, "ymax": 456, "xmax": 643}}], [{"tid": 0, "generated": 0, "bbox": {"xmin": 859, "ymin": 324, "ymax": 421, "xmax": 1014}}, {"tid": 1, "generated": 0, "bbox": {"xmin": 698, "ymin": 407, "ymax": 437, "xmax": 752}}, {"tid": 2, "generated": 0, "bbox": {"xmin": 700, "ymin": 399, "ymax": 438, "xmax": 763}}, {"tid": 3, "generated": 0, "bbox": {"xmin": 593, "ymin": 421, "ymax": 455, "xmax": 647}}], [{"tid": 0, "generated": 0, "bbox": {"xmin": 860, "ymin": 324, "ymax": 421, "xmax": 1016}}, {"tid": 1, "generated": 0, "bbox": {"xmin": 696, "ymin": 408, "ymax": 439, "xmax": 752}}, {"tid": 2, "generated": 0, "bbox": {"xmin": 703, "ymin": 399, "ymax": 437, "xmax": 764}}, {"tid": 3, "generated": 0, "bbox": {"xmin": 593, "ymin": 421, "ymax": 456, "xmax": 647}}], [{"tid": 0, "generated": 0, "bbox": {"xmin": 861, "ymin": 323, "ymax": 421, "xmax": 1018}}, {"tid": 1, "generated": 0, "bbox": {"xmin": 700, "ymin": 408, "ymax": 439, "xmax": 755}}, {"tid": 2, "generated": 0, "bbox": {"xmin": 707, "ymin": 400, "ymax": 437, "xmax": 766}}, {"tid": 3, "generated": 0, "bbox": {"xmin": 599, "ymin": 421, "ymax": 458, "xmax": 652}}], [{"tid": 0, "generated": 0, "bbox": {"xmin": 862, "ymin": 323, "ymax": 421, "xmax": 1020}}, {"tid": 1, "generated": 0, "bbox": {"xmin": 700, "ymin": 408, "ymax": 439, "xmax": 755}}, {"tid": 2, "generated": 0, "bbox": {"xmin": 701, "ymin": 399, "ymax": 438, "xmax": 766}}, {"tid": 3, "generated": 0, "bbox": {"xmin": 604, "ymin": 419, "ymax": 458, "xmax": 657}}], [{"tid": 0, "generated": 0, "bbox": {"xmin": 863, "ymin": 324, "ymax": 422, "xmax": 1023}}, {"tid": 1, "generated": 0, "bbox": {"xmin": 704, "ymin": 410, "ymax": 440, "xmax": 760}}, {"tid": 2, "generated": 0, "bbox": {"xmin": 696, "ymin": 398, "ymax": 440, "xmax": 766}}, {"tid": 3, "generated": 0, "bbox": {"xmin": 600, "ymin": 416, "ymax": 456, "xmax": 654}}], [{"tid": 0, "generated": 0, "bbox": {"xmin": 865, "ymin": 325, "ymax": 424, "xmax": 1027}}, {"tid": 1, "generated": 0, "bbox": {"xmin": 705, "ymin": 412, "ymax": 442, "xmax": 762}}, {"tid": 2, "generated": 0, "bbox": {"xmin": 704, "ymin": 391, "ymax": 444, "xmax": 771}}, {"tid": 3, "generated": 0, "bbox": {"xmin": 600, "ymin": 414, "ymax": 455, "xmax": 663}}], [{"tid": 0, "generated": 0, "bbox": {"xmin": 867, "ymin": 327, "ymax": 426, "xmax": 1031}}, {"tid": 1, "generated": 0, "bbox": {"xmin": 705, "ymin": 401, "ymax": 437, "xmax": 769}}, {"tid": 2, "generated": 0, "bbox": {"xmin": 707, "ymin": 394, "ymax": 439, "xmax": 778}}, {"tid": 3, "generated": 0, "bbox": {"xmin": 608, "ymin": 419, "ymax": 460, "xmax": 661}}], [{"tid": 0, "generated": 0, "bbox": {"xmin": 871, "ymin": 323, "ymax": 423, "xmax": 1041}}, {"tid": 1, "generated": 0, "bbox": {"xmin": 712, "ymin": 405, "ymax": 440, "xmax": 776}}, {"tid": 2, "generated": 0, "bbox": {"xmin": 711, "ymin": 392, "ymax": 435, "xmax": 780}}, {"tid": 3, "generated": 0, "bbox": {"xmin": 608, "ymin": 416, "ymax": 455, "xmax": 668}}], [{"tid": 0, "generated": 0, "bbox": {"xmin": 878, "ymin": 323, "ymax": 422, "xmax": 1042}}, {"tid": 1, "generated": 0, "bbox": {"xmin": 718, "ymin": 405, "ymax": 440, "xmax": 780}}, {"tid": 2, "generated": 0, "bbox": {"xmin": 720, "ymin": 396, "ymax": 439, "xmax": 787}}, {"tid": 3, "generated": 0, "bbox": {"xmin": 608, "ymin": 414, "ymax": 453, "xmax": 668}}], [{"tid": 0, "generated": 0, "bbox": {"xmin": 885, "ymin": 323, "ymax": 421, "xmax": 1043}}, {"tid": 1, "generated": 0, "bbox": {"xmin": 718, "ymin": 405, "ymax": 440, "xmax": 778}}, {"tid": 2, "generated": 0, "bbox": {"xmin": 718, "ymin": 398, "ymax": 439, "xmax": 784}}, {"tid": 3, "generated": 0, "bbox": {"xmin": 609, "ymin": 417, "ymax": 458, "xmax": 670}}], [{"tid": 0, "generated": 0, "bbox": {"xmin": 892, "ymin": 323, "ymax": 421, "xmax": 1045}}, {"tid": 1, "generated": 0, "bbox": {"xmin": 725, "ymin": 407, "ymax": 442, "xmax": 785}}, {"tid": 2, "generated": 0, "bbox": {"xmin": 721, "ymin": 400, "ymax": 439, "xmax": 784}}, {"tid": 3, "generated": 0, "bbox": {"xmin": 613, "ymin": 412, "ymax": 453, "xmax": 672}}], [{"tid": 0, "generated": 0, "bbox": {"xmin": 901, "ymin": 323, "ymax": 419, "xmax": 1047}}, {"tid": 1, "generated": 0, "bbox": {"xmin": 727, "ymin": 405, "ymax": 435, "xmax": 791}}, {"tid": 2, "generated": 0, "bbox": {"xmin": 723, "ymin": 392, "ymax": 439, "xmax": 794}}, {"tid": 3, "generated": 0, "bbox": {"xmin": 625, "ymin": 416, "ymax": 456, "xmax": 682}}], [{"tid": 0, "generated": 0, "bbox": {"xmin": 908, "ymin": 323, "ymax": 417, "xmax": 1048}}, {"tid": 1, "generated": 0, "bbox": {"xmin": 730, "ymin": 407, "ymax": 437, "xmax": 792}}, {"tid": 2, "generated": 0, "bbox": {"xmin": 725, "ymin": 394, "ymax": 439, "xmax": 792}}, {"tid": 3, "generated": 0, "bbox": {"xmin": 627, "ymin": 412, "ymax": 453, "xmax": 682}}], [{"tid": 0, "generated": 0, "bbox": {"xmin": 909, "ymin": 323, "ymax": 418, "xmax": 1049}}, {"tid": 1, "generated": 0, "bbox": {"xmin": 734, "ymin": 407, "ymax": 437, "xmax": 794}}, {"tid": 2, "generated": 0, "bbox": {"xmin": 730, "ymin": 391, "ymax": 433, "xmax": 798}}, {"tid": 3, "generated": 0, "bbox": {"xmin": 629, "ymin": 416, "ymax": 458, "xmax": 682}}], [{"tid": 0, "generated": 0, "bbox": {"xmin": 910, "ymin": 323, "ymax": 419, "xmax": 1050}}, {"tid": 1, "generated": 0, "bbox": {"xmin": 734, "ymin": 408, "ymax": 432, "xmax": 791}}, {"tid": 2, "generated": 0, "bbox": {"xmin": 730, "ymin": 394, "ymax": 435, "xmax": 801}}, {"tid": 3, "generated": 0, "bbox": {"xmin": 631, "ymin": 410, "ymax": 453, "xmax": 684}}]], "subject/objects": [{"category": "bear", "tid": 0}, {"category": "bear", "tid": 1}, {"category": "bear", "tid": 2}, {"category": "bear", "tid": 3}], "relation_instances": [{"end_fid": 30, "subject_tid": 0, "predicate": "walk_right", "begin_fid": 0, "object_tid": 1}, {"end_fid": 30, "subject_tid": 0, "predicate": "walk_front", "begin_fid": 0, "object_tid": 1}, {"end_fid": 30, "subject_tid": 0, "predicate": "taller", "begin_fid": 0, "object_tid": 1}, {"end_fid": 30, "subject_tid": 0, "predicate": "larger", "begin_fid": 0, "object_tid": 1}, {"end_fid": 30, "subject_tid": 1, "predicate": "walk_behind", "begin_fid": 0, "object_tid": 0}, {"end_fid": 30, "subject_tid": 1, "predicate": "walk_left", "begin_fid": 0, "object_tid": 0}, {"end_fid": 30, "subject_tid": 1, "predicate": "follow", "begin_fid": 0, "object_tid": 0}, {"end_fid": 90, "subject_tid": 0, "predicate": "walk_right", "begin_fid": 60, "object_tid": 3}, {"end_fid": 90, "subject_tid": 0, "predicate": "walk_front", "begin_fid": 60, "object_tid": 3}, {"end_fid": 90, "subject_tid": 0, "predicate": "taller", "begin_fid": 60, "object_tid": 3}, {"end_fid": 90, "subject_tid": 0, "predicate": "larger", "begin_fid": 60, "object_tid": 3}, {"end_fid": 90, "subject_tid": 3, "predicate": "walk_behind", "begin_fid": 60, "object_tid": 0}, {"end_fid": 90, "subject_tid": 3, "predicate": "walk_left", "begin_fid": 60, "object_tid": 0}, {"end_fid": 90, "subject_tid": 3, "predicate": "follow", "begin_fid": 60, "object_tid": 0}, {"end_fid": 165, "subject_tid": 0, "predicate": "walk_right", "begin_fid": 135, "object_tid": 1}, {"end_fid": 165, "subject_tid": 0, "predicate": "walk_front", "begin_fid": 135, "object_tid": 1}, {"end_fid": 165, "subject_tid": 0, "predicate": "taller", "begin_fid": 135, "object_tid": 1}, {"end_fid": 165, "subject_tid": 0, "predicate": "larger", "begin_fid": 135, "object_tid": 1}, {"end_fid": 165, "subject_tid": 1, "predicate": "walk_behind", "begin_fid": 135, "object_tid": 0}, {"end_fid": 165, "subject_tid": 1, "predicate": "walk_left", "begin_fid": 135, "object_tid": 0}, {"end_fid": 165, "subject_tid": 1, "predicate": "follow", "begin_fid": 135, "object_tid": 0}, {"end_fid": 165, "subject_tid": 0, "predicate": "walk_right", "begin_fid": 135, "object_tid": 2}, {"end_fid": 165, "subject_tid": 0, "predicate": "walk_front", "begin_fid": 135, "object_tid": 2}, {"end_fid": 165, "subject_tid": 0, "predicate": "taller", "begin_fid": 135, "object_tid": 2}, {"end_fid": 165, "subject_tid": 0, "predicate": "larger", "begin_fid": 135, "object_tid": 2}, {"end_fid": 165, "subject_tid": 2, "predicate": "walk_behind", "begin_fid": 135, "object_tid": 0}, {"end_fid": 165, "subject_tid": 2, "predicate": "walk_left", "begin_fid": 135, "object_tid": 0}, {"end_fid": 165, "subject_tid": 2, "predicate": "follow", "begin_fid": 135, "object_tid": 0}, {"end_fid": 165, "subject_tid": 0, "predicate": "walk_right", "begin_fid": 135, "object_tid": 3}, {"end_fid": 165, "subject_tid": 0, "predicate": "walk_front", "begin_fid": 135, "object_tid": 3}, {"end_fid": 165, "subject_tid": 0, "predicate": "taller", "begin_fid": 135, "object_tid": 3}, {"end_fid": 165, "subject_tid": 0, "predicate": "larger", "begin_fid": 135, "object_tid": 3}, {"end_fid": 165, "subject_tid": 3, "predicate": "walk_behind", "begin_fid": 135, "object_tid": 0}, {"end_fid": 165, "subject_tid": 3, "predicate": "walk_left", "begin_fid": 135, "object_tid": 0}, {"end_fid": 165, "subject_tid": 3, "predicate": "follow", "begin_fid": 135, "object_tid": 0}, {"end_fid": 165, "subject_tid": 1, "predicate": "walk_behind", "begin_fid": 135, "object_tid": 2}, {"end_fid": 165, "subject_tid": 1, "predicate": "walk_with", "begin_fid": 135, "object_tid": 2}, {"end_fid": 165, "subject_tid": 1, "predicate": "walk_left", "begin_fid": 135, "object_tid": 2}, {"end_fid": 165, "subject_tid": 2, "predicate": "walk_right", "begin_fid": 135, "object_tid": 1}, {"end_fid": 165, "subject_tid": 2, "predicate": "walk_front", "begin_fid": 135, "object_tid": 1}, {"end_fid": 165, "subject_tid": 2, "predicate": "walk_with", "begin_fid": 135, "object_tid": 1}, {"end_fid": 165, "subject_tid": 1, "predicate": "walk_right", "begin_fid": 135, "object_tid": 3}, {"end_fid": 165, "subject_tid": 1, "predicate": "walk_front", "begin_fid": 135, "object_tid": 3}, {"end_fid": 165, "subject_tid": 1, "predicate": "walk_with", "begin_fid": 135, "object_tid": 3}, {"end_fid": 165, "subject_tid": 3, "predicate": "walk_behind", "begin_fid": 135, "object_tid": 1}, {"end_fid": 165, "subject_tid": 3, "predicate": "walk_left", "begin_fid": 135, "object_tid": 1}, {"end_fid": 165, "subject_tid": 3, "predicate": "walk_with", "begin_fid": 135, "object_tid": 1}, {"end_fid": 165, "subject_tid": 2, "predicate": "walk_right", "begin_fid": 135, "object_tid": 3}, {"end_fid": 165, "subject_tid": 2, "predicate": "walk_front", "begin_fid": 135, "object_tid": 3}, {"end_fid": 165, "subject_tid": 2, "predicate": "walk_with", "begin_fid": 135, "object_tid": 3}, {"end_fid": 165, "subject_tid": 3, "predicate": "walk_behind", "begin_fid": 135, "object_tid": 2}, {"end_fid": 165, "subject_tid": 3, "predicate": "walk_left", "begin_fid": 135, "object_tid": 2}, {"end_fid": 165, "subject_tid": 3, "predicate": "walk_with", "begin_fid": 135, "object_tid": 2}, {"end_fid": 315, "subject_tid": 0, "predicate": "stand_right", "begin_fid": 285, "object_tid": 1}, {"end_fid": 315, "subject_tid": 0, "predicate": "stand_front", "begin_fid": 285, "object_tid": 1}, {"end_fid": 315, "subject_tid": 0, "predicate": "taller", "begin_fid": 285, "object_tid": 1}, {"end_fid": 315, "subject_tid": 0, "predicate": "larger", "begin_fid": 285, "object_tid": 1}, {"end_fid": 315, "subject_tid": 0, "predicate": "watch", "begin_fid": 285, "object_tid": 1}, {"end_fid": 315, "subject_tid": 1, "predicate": "walk_behind", "begin_fid": 285, "object_tid": 0}, {"end_fid": 315, "subject_tid": 1, "predicate": "walk_left", "begin_fid": 285, "object_tid": 0}, {"end_fid": 315, "subject_tid": 1, "predicate": "follow", "begin_fid": 285, "object_tid": 0}, {"end_fid": 315, "subject_tid": 0, "predicate": "stand_right", "begin_fid": 285, "object_tid": 2}, {"end_fid": 315, "subject_tid": 0, "predicate": "stand_front", "begin_fid": 285, "object_tid": 2}, {"end_fid": 315, "subject_tid": 0, "predicate": "taller", "begin_fid": 285, "object_tid": 2}, {"end_fid": 315, "subject_tid": 0, "predicate": "larger", "begin_fid": 285, "object_tid": 2}, {"end_fid": 315, "subject_tid": 2, "predicate": "walk_behind", "begin_fid": 285, "object_tid": 0}, {"end_fid": 315, "subject_tid": 2, "predicate": "walk_left", "begin_fid": 285, "object_tid": 0}, {"end_fid": 315, "subject_tid": 2, "predicate": "follow", "begin_fid": 285, "object_tid": 0}, {"end_fid": 315, "subject_tid": 0, "predicate": "walk_right", "begin_fid": 285, "object_tid": 3}, {"end_fid": 315, "subject_tid": 0, "predicate": "walk_front", "begin_fid": 285, "object_tid": 3}, {"end_fid": 315, "subject_tid": 0, "predicate": "taller", "begin_fid": 285, "object_tid": 3}, {"end_fid": 315, "subject_tid": 0, "predicate": "larger", "begin_fid": 285, "object_tid": 3}, {"end_fid": 315, "subject_tid": 3, "predicate": "walk_behind", "begin_fid": 285, "object_tid": 0}, {"end_fid": 315, "subject_tid": 3, "predicate": "walk_left", "begin_fid": 285, "object_tid": 0}, {"end_fid": 315, "subject_tid": 3, "predicate": "follow", "begin_fid": 285, "object_tid": 0}, {"end_fid": 315, "subject_tid": 1, "predicate": "walk_right", "begin_fid": 285, "object_tid": 2}, {"end_fid": 315, "subject_tid": 1, "predicate": "walk_front", "begin_fid": 285, "object_tid": 2}, {"end_fid": 315, "subject_tid": 1, "predicate": "walk_with", "begin_fid": 285, "object_tid": 2}, {"end_fid": 315, "subject_tid": 2, "predicate": "walk_behind", "begin_fid": 285, "object_tid": 1}, {"end_fid": 315, "subject_tid": 2, "predicate": "walk_left", "begin_fid": 285, "object_tid": 1}, {"end_fid": 315, "subject_tid": 2, "predicate": "walk_with", "begin_fid": 285, "object_tid": 1}, {"end_fid": 315, "subject_tid": 1, "predicate": "walk_right", "begin_fid": 285, "object_tid": 3}, {"end_fid": 315, "subject_tid": 1, "predicate": "walk_front", "begin_fid": 285, "object_tid": 3}, {"end_fid": 315, "subject_tid": 1, "predicate": "walk_with", "begin_fid": 285, "object_tid": 3}, {"end_fid": 315, "subject_tid": 3, "predicate": "walk_behind", "begin_fid": 285, "object_tid": 1}, {"end_fid": 315, "subject_tid": 3, "predicate": "walk_left", "begin_fid": 285, "object_tid": 1}, {"end_fid": 315, "subject_tid": 3, "predicate": "walk_with", "begin_fid": 285, "object_tid": 1}, {"end_fid": 315, "subject_tid": 2, "predicate": "walk_next_to", "begin_fid": 285, "object_tid": 3}, {"end_fid": 315, "subject_tid": 2, "predicate": "walk_with", "begin_fid": 285, "object_tid": 3}, {"end_fid": 315, "subject_tid": 3, "predicate": "walk_next_to", "begin_fid": 285, "object_tid": 2}, {"end_fid": 315, "subject_tid": 3, "predicate": "walk_with", "begin_fid": 285, "object_tid": 2}, {"end_fid": 450, "subject_tid": 0, "predicate": "walk_right", "begin_fid": 420, "object_tid": 1}, {"end_fid": 450, "subject_tid": 0, "predicate": "walk_front", "begin_fid": 420, "object_tid": 1}, {"end_fid": 450, "subject_tid": 0, "predicate": "taller", "begin_fid": 420, "object_tid": 1}, {"end_fid": 450, "subject_tid": 0, "predicate": "larger", "begin_fid": 420, "object_tid": 1}, {"end_fid": 450, "subject_tid": 1, "predicate": "walk_behind", "begin_fid": 420, "object_tid": 0}, {"end_fid": 450, "subject_tid": 1, "predicate": "walk_left", "begin_fid": 420, "object_tid": 0}, {"end_fid": 450, "subject_tid": 1, "predicate": "follow", "begin_fid": 420, "object_tid": 0}, {"end_fid": 450, "subject_tid": 0, "predicate": "walk_right", "begin_fid": 420, "object_tid": 2}, {"end_fid": 450, "subject_tid": 0, "predicate": "walk_front", "begin_fid": 420, "object_tid": 2}, {"end_fid": 450, "subject_tid": 0, "predicate": "taller", "begin_fid": 420, "object_tid": 2}, {"end_fid": 450, "subject_tid": 0, "predicate": "larger", "begin_fid": 420, "object_tid": 2}, {"end_fid": 450, "subject_tid": 2, "predicate": "walk_behind", "begin_fid": 420, "object_tid": 0}, {"end_fid": 450, "subject_tid": 2, "predicate": "walk_left", "begin_fid": 420, "object_tid": 0}, {"end_fid": 450, "subject_tid": 2, "predicate": "follow", "begin_fid": 420, "object_tid": 0}, {"end_fid": 450, "subject_tid": 0, "predicate": "walk_right", "begin_fid": 420, "object_tid": 3}, {"end_fid": 450, "subject_tid": 0, "predicate": "walk_front", "begin_fid": 420, "object_tid": 3}, {"end_fid": 450, "subject_tid": 0, "predicate": "taller", "begin_fid": 420, "object_tid": 3}, {"end_fid": 450, "subject_tid": 0, "predicate": "larger", "begin_fid": 420, "object_tid": 3}, {"end_fid": 450, "subject_tid": 3, "predicate": "walk_behind", "begin_fid": 420, "object_tid": 0}, {"end_fid": 450, "subject_tid": 3, "predicate": "walk_left", "begin_fid": 420, "object_tid": 0}, {"end_fid": 450, "subject_tid": 1, "predicate": "walk_next_to", "begin_fid": 420, "object_tid": 2}, {"end_fid": 450, "subject_tid": 1, "predicate": "walk_with", "begin_fid": 420, "object_tid": 2}, {"end_fid": 450, "subject_tid": 2, "predicate": "walk_next_to", "begin_fid": 420, "object_tid": 1}, {"end_fid": 450, "subject_tid": 2, "predicate": "walk_with", "begin_fid": 420, "object_tid": 1}, {"end_fid": 450, "subject_tid": 1, "predicate": "walk_right", "begin_fid": 420, "object_tid": 3}, {"end_fid": 450, "subject_tid": 1, "predicate": "walk_front", "begin_fid": 420, "object_tid": 3}, {"end_fid": 450, "subject_tid": 1, "predicate": "walk_with", "begin_fid": 420, "object_tid": 3}, {"end_fid": 450, "subject_tid": 3, "predicate": "walk_behind", "begin_fid": 420, "object_tid": 1}, {"end_fid": 450, "subject_tid": 3, "predicate": "walk_left", "begin_fid": 420, "object_tid": 1}, {"end_fid": 450, "subject_tid": 3, "predicate": "walk_with", "begin_fid": 420, "object_tid": 1}, {"end_fid": 450, "subject_tid": 2, "predicate": "walk_right", "begin_fid": 420, "object_tid": 3}, {"end_fid": 450, "subject_tid": 2, "predicate": "walk_front", "begin_fid": 420, "object_tid": 3}, {"end_fid": 450, "subject_tid": 2, "predicate": "walk_with", "begin_fid": 420, "object_tid": 3}, {"end_fid": 450, "subject_tid": 3, "predicate": "walk_behind", "begin_fid": 420, "object_tid": 2}, {"end_fid": 450, "subject_tid": 3, "predicate": "walk_left", "begin_fid": 420, "object_tid": 2}, {"end_fid": 450, "subject_tid": 3, "predicate": "walk_with", "begin_fid": 420, "object_tid": 2}], "height": 720}