{"width": 480, "frame_count": 300, "video_id": "ILSVRC2015_train_00172001", "fps": 20, "trajectories": [[{"tid": 0, "generated": 0, "bbox": {"xmin": 8, "ymin": 199, "ymax": 314, "xmax": 272}}, {"tid": 1, "generated": 0, "bbox": {"xmin": 292, "ymin": 151, "ymax": 250, "xmax": 431}}], [{"tid": 0, "generated": 0, "bbox": {"xmin": 7, "ymin": 198, "ymax": 313, "xmax": 271}}, {"tid": 1, "generated": 0, "bbox": {"xmin": 286, "ymin": 150, "ymax": 248, "xmax": 431}}], [{"tid": 0, "generated": 0, "bbox": {"xmin": 6, "ymin": 198, "ymax": 313, "xmax": 270}}, {"tid": 1, "generated": 0, "bbox": {"xmin": 284, "ymin": 149, "ymax": 247, "xmax": 429}}], [{"tid": 0, "generated": 0, "bbox": {"xmin": 5, "ymin": 198, "ymax": 313, "xmax": 269}}, {"tid": 1, "generated": 0, "bbox": {"xmin": 283, "ymin": 149, "ymax": 247, "xmax": 428}}], [{"tid": 0, "generated": 0, "bbox": {"xmin": 5, "ymin": 198, "ymax": 313, "xmax": 269}}, {"tid": 1, "generated": 0, "bbox": {"xmin": 282, "ymin": 149, "ymax": 247, "xmax": 427}}], [{"tid": 0, "generated": 0, "bbox": {"xmin": 4, "ymin": 198, "ymax": 313, "xmax": 268}}, {"tid": 1, "generated": 0, "bbox": {"xmin": 280, "ymin": 149, "ymax": 247, "xmax": 426}}], [{"tid": 0, "generated": 0, "bbox": {"xmin": 3, "ymin": 197, "ymax": 312, "xmax": 267}}, {"tid": 1, "generated": 0, "bbox": {"xmin": 279, "ymin": 148, "ymax": 246, "xmax": 424}}], [{"tid": 0, "generated": 0, "bbox": {"xmin": 3, "ymin": 197, "ymax": 312, "xmax": 267}}, {"tid": 1, "generated": 0, "bbox": {"xmin": 278, "ymin": 148, "ymax": 246, "xmax": 423}}], [{"tid": 0, "generated": 0, "bbox": {"xmin": 2, "ymin": 197, "ymax": 312, "xmax": 266}}, {"tid": 1, "generated": 0, "bbox": {"xmin": 276, "ymin": 148, "ymax": 246, "xmax": 422}}], [{"tid": 0, "generated": 0, "bbox": {"xmin": 1, "ymin": 197, "ymax": 312, "xmax": 265}}, {"tid": 1, "generated": 0, "bbox": {"xmin": 275, "ymin": 148, "ymax": 246, "xmax": 421}}], [{"tid": 0, "generated": 0, "bbox": {"xmin": 1, "ymin": 197, "ymax": 312, "xmax": 265}}, {"tid": 1, "generated": 0, "bbox": {"xmin": 274, "ymin": 148, "ymax": 246, "xmax": 420}}], [{"tid": 0, "generated": 0, "bbox": {"xmin": 0, "ymin": 196, "ymax": 311, "xmax": 263}}, {"tid": 1, "generated": 0, "bbox": {"xmin": 273, "ymin": 147, "ymax": 245, "xmax": 419}}], [{"tid": 0, "generated": 0, "bbox": {"xmin": 0, "ymin": 195, "ymax": 310, "xmax": 261}}, {"tid": 1, "generated": 0, "bbox": {"xmin": 272, "ymin": 147, "ymax": 245, "xmax": 418}}], [{"tid": 0, "generated": 0, "bbox": {"xmin": 0, "ymin": 194, "ymax": 310, "xmax": 259}}, {"tid": 1, "generated": 0, "bbox": {"xmin": 271, "ymin": 146, "ymax": 244, "xmax": 417}}], [{"tid": 0, "generated": 0, "bbox": {"xmin": 0, "ymin": 193, "ymax": 309, "xmax": 258}}, {"tid": 1, "generated": 0, "bbox": {"xmin": 270, "ymin": 146, "ymax": 244, "xmax": 416}}], [{"tid": 0, "generated": 0, "bbox": {"xmin": 0, "ymin": 192, "ymax": 309, "xmax": 256}}, {"tid": 1, "generated": 0, "bbox": {"xmin": 269, "ymin": 146, "ymax": 244, "xmax": 416}}], [{"tid": 0, "generated": 0, "bbox": {"xmin": 0, "ymin": 191, "ymax": 308, "xmax": 254}}, {"tid": 1, "generated": 0, "bbox": {"xmin": 268, "ymin": 145, "ymax": 243, "xmax": 415}}], [{"tid": 0, "generated": 0, "bbox": {"xmin": 0, "ymin": 190, "ymax": 307, "xmax": 253}}, {"tid": 1, "generated": 0, "bbox": {"xmin": 267, "ymin": 145, "ymax": 243, "xmax": 414}}], [{"tid": 0, "generated": 0, "bbox": {"xmin": 0, "ymin": 189, "ymax": 307, "xmax": 251}}, {"tid": 1, "generated": 0, "bbox": {"xmin": 266, "ymin": 144, "ymax": 242, "xmax": 413}}], [{"tid": 0, "generated": 0, "bbox": {"xmin": 0, "ymin": 188, "ymax": 306, "xmax": 249}}, {"tid": 1, "generated": 0, "bbox": {"xmin": 265, "ymin": 144, "ymax": 242, "xmax": 412}}], [{"tid": 0, "generated": 0, "bbox": {"xmin": 0, "ymin": 188, "ymax": 306, "xmax": 248}}, {"tid": 1, "generated": 0, "bbox": {"xmin": 265, "ymin": 144, "ymax": 242, "xmax": 412}}], [{"tid": 0, "generated": 0, "bbox": {"xmin": 0, "ymin": 187, "ymax": 305, "xmax": 247}}, {"tid": 1, "generated": 0, "bbox": {"xmin": 264, "ymin": 143, "ymax": 241, "xmax": 411}}], [{"tid": 0, "generated": 0, "bbox": {"xmin": 0, "ymin": 186, "ymax": 304, "xmax": 247}}, {"tid": 1, "generated": 0, "bbox": {"xmin": 264, "ymin": 142, "ymax": 240, "xmax": 410}}], [{"tid": 0, "generated": 0, "bbox": {"xmin": 0, "ymin": 185, "ymax": 304, "xmax": 246}}, {"tid": 1, "generated": 0, "bbox": {"xmin": 263, "ymin": 141, "ymax": 239, "xmax": 410}}], [{"tid": 0, "generated": 0, "bbox": {"xmin": 0, "ymin": 184, "ymax": 303, "xmax": 246}}, {"tid": 1, "generated": 0, "bbox": {"xmin": 263, "ymin": 140, "ymax": 239, "xmax": 409}}], [{"tid": 0, "generated": 0, "bbox": {"xmin": 0, "ymin": 184, "ymax": 303, "xmax": 245}}, {"tid": 1, "generated": 0, "bbox": {"xmin": 263, "ymin": 140, "ymax": 238, "xmax": 409}}], [{"tid": 0, "generated": 0, "bbox": {"xmin": 0, "ymin": 183, "ymax": 302, "xmax": 245}}, {"tid": 1, "generated": 0, "bbox": {"xmin": 262, "ymin": 139, "ymax": 237, "xmax": 408}}], [{"tid": 0, "generated": 0, "bbox": {"xmin": 0, "ymin": 182, "ymax": 301, "xmax": 244}}, {"tid": 1, "generated": 0, "bbox": {"xmin": 262, "ymin": 138, "ymax": 237, "xmax": 407}}], [{"tid": 0, "generated": 0, "bbox": {"xmin": 0, "ymin": 181, "ymax": 301, "xmax": 244}}, {"tid": 1, "generated": 0, "bbox": {"xmin": 261, "ymin": 137, "ymax": 236, "xmax": 407}}], [{"tid": 0, "generated": 0, "bbox": {"xmin": 0, "ymin": 180, "ymax": 300, "xmax": 243}}, {"tid": 1, "generated": 0, "bbox": {"xmin": 261, "ymin": 136, "ymax": 235, "xmax": 406}}], [], [], [], [], [], [], [], [], [], [], [], [], [], [], [], [], [], [], [], [], [], [], [], [], [], [], [], [], [], [], [], [], [], [], [], [], [], [], [], [], [], [], [], [], [], [], [], [], [], [], [], [], [], [], [], [], [], [], [], [], [{"tid": 0, "generated": 0, "bbox": {"xmin": 0, "ymin": 193, "ymax": 313, "xmax": 252}}, {"tid": 1, "generated": 0, "bbox": {"xmin": 292, "ymin": 135, "ymax": 250, "xmax": 429}}], [{"tid": 0, "generated": 0, "bbox": {"xmin": 0, "ymin": 192, "ymax": 312, "xmax": 251}}, {"tid": 1, "generated": 0, "bbox": {"xmin": 292, "ymin": 134, "ymax": 250, "xmax": 428}}], [{"tid": 0, "generated": 0, "bbox": {"xmin": 0, "ymin": 192, "ymax": 312, "xmax": 251}}, {"tid": 1, "generated": 0, "bbox": {"xmin": 292, "ymin": 134, "ymax": 250, "xmax": 428}}], [{"tid": 0, "generated": 0, "bbox": {"xmin": 0, "ymin": 192, "ymax": 312, "xmax": 251}}, {"tid": 1, "generated": 0, "bbox": {"xmin": 292, "ymin": 134, "ymax": 250, "xmax": 428}}], [{"tid": 0, "generated": 0, "bbox": {"xmin": 0, "ymin": 192, "ymax": 312, "xmax": 251}}, {"tid": 1, "generated": 0, "bbox": {"xmin": 292, "ymin": 134, "ymax": 250, "xmax": 428}}], [{"tid": 0, "generated": 0, "bbox": {"xmin": 0, "ymin": 192, "ymax": 312, "xmax": 250}}, {"tid": 1, "generated": 0, "bbox": {"xmin": 289, "ymin": 134, "ymax": 249, "xmax": 428}}], [{"tid": 0, "generated": 0, "bbox": {"xmin": 0, "ymin": 192, "ymax": 312, "xmax": 250}}, {"tid": 1, "generated": 0, "bbox": {"xmin": 289, "ymin": 134, "ymax": 248, "xmax": 426}}], [{"tid": 0, "generated": 0, "bbox": {"xmin": 0, "ymin": 192, "ymax": 312, "xmax": 250}}, {"tid": 1, "generated": 0, "bbox": {"xmin": 289, "ymin": 134, "ymax": 248, "xmax": 424}}], [{"tid": 0, "generated": 0, "bbox": {"xmin": 0, "ymin": 192, "ymax": 312, "xmax": 250}}, {"tid": 1, "generated": 0, "bbox": {"xmin": 288, "ymin": 134, "ymax": 248, "xmax": 423}}], [{"tid": 0, "generated": 0, "bbox": {"xmin": 0, "ymin": 192, "ymax": 312, "xmax": 249}}, {"tid": 1, "generated": 0, "bbox": {"xmin": 288, "ymin": 134, "ymax": 248, "xmax": 423}}], [{"tid": 0, "generated": 0, "bbox": {"xmin": 0, "ymin": 192, "ymax": 312, "xmax": 249}}, {"tid": 1, "generated": 0, "bbox": {"xmin": 287, "ymin": 134, "ymax": 248, "xmax": 423}}], [{"tid": 0, "generated": 0, "bbox": {"xmin": 0, "ymin": 193, "ymax": 312, "xmax": 249}}, {"tid": 1, "generated": 0, "bbox": {"xmin": 287, "ymin": 134, "ymax": 248, "xmax": 423}}], [{"tid": 0, "generated": 0, "bbox": {"xmin": 0, "ymin": 193, "ymax": 312, "xmax": 248}}, {"tid": 1, "generated": 0, "bbox": {"xmin": 286, "ymin": 134, "ymax": 248, "xmax": 422}}], [{"tid": 0, "generated": 0, "bbox": {"xmin": 0, "ymin": 193, "ymax": 312, "xmax": 248}}, {"tid": 1, "generated": 0, "bbox": {"xmin": 286, "ymin": 134, "ymax": 248, "xmax": 422}}], [{"tid": 0, "generated": 0, "bbox": {"xmin": 0, "ymin": 194, "ymax": 312, "xmax": 248}}, {"tid": 1, "generated": 0, "bbox": {"xmin": 286, "ymin": 134, "ymax": 248, "xmax": 422}}], [{"tid": 0, "generated": 0, "bbox": {"xmin": 0, "ymin": 193, "ymax": 315, "xmax": 240}}, {"tid": 1, "generated": 0, "bbox": {"xmin": 285, "ymin": 134, "ymax": 248, "xmax": 422}}], [{"tid": 0, "generated": 0, "bbox": {"xmin": 0, "ymin": 192, "ymax": 315, "xmax": 241}}, {"tid": 1, "generated": 0, "bbox": {"xmin": 285, "ymin": 134, "ymax": 248, "xmax": 422}}], [{"tid": 0, "generated": 0, "bbox": {"xmin": 0, "ymin": 193, "ymax": 314, "xmax": 237}}, {"tid": 1, "generated": 0, "bbox": {"xmin": 285, "ymin": 134, "ymax": 248, "xmax": 422}}], [{"tid": 0, "generated": 0, "bbox": {"xmin": 0, "ymin": 192, "ymax": 314, "xmax": 236}}, {"tid": 1, "generated": 0, "bbox": {"xmin": 285, "ymin": 134, "ymax": 248, "xmax": 421}}], [{"tid": 0, "generated": 0, "bbox": {"xmin": 0, "ymin": 192, "ymax": 313, "xmax": 231}}, {"tid": 1, "generated": 0, "bbox": {"xmin": 285, "ymin": 134, "ymax": 248, "xmax": 420}}], [{"tid": 0, "generated": 0, "bbox": {"xmin": 0, "ymin": 196, "ymax": 313, "xmax": 230}}, {"tid": 1, "generated": 0, "bbox": {"xmin": 285, "ymin": 134, "ymax": 250, "xmax": 419}}], [{"tid": 0, "generated": 0, "bbox": {"xmin": 0, "ymin": 195, "ymax": 312, "xmax": 222}}, {"tid": 1, "generated": 0, "bbox": {"xmin": 285, "ymin": 134, "ymax": 252, "xmax": 418}}], [{"tid": 0, "generated": 0, "bbox": {"xmin": 0, "ymin": 194, "ymax": 312, "xmax": 218}}, {"tid": 1, "generated": 0, "bbox": {"xmin": 285, "ymin": 134, "ymax": 251, "xmax": 418}}], [{"tid": 0, "generated": 0, "bbox": {"xmin": 0, "ymin": 194, "ymax": 310, "xmax": 209}}, {"tid": 1, "generated": 0, "bbox": {"xmin": 285, "ymin": 134, "ymax": 251, "xmax": 419}}], [{"tid": 0, "generated": 0, "bbox": {"xmin": 0, "ymin": 193, "ymax": 310, "xmax": 204}}, {"tid": 1, "generated": 0, "bbox": {"xmin": 285, "ymin": 134, "ymax": 251, "xmax": 419}}], [{"tid": 0, "generated": 0, "bbox": {"xmin": 0, "ymin": 192, "ymax": 313, "xmax": 194}}, {"tid": 1, "generated": 0, "bbox": {"xmin": 285, "ymin": 134, "ymax": 251, "xmax": 420}}], [{"tid": 0, "generated": 0, "bbox": {"xmin": 0, "ymin": 192, "ymax": 312, "xmax": 190}}, {"tid": 1, "generated": 0, "bbox": {"xmin": 286, "ymin": 134, "ymax": 250, "xmax": 420}}], [{"tid": 0, "generated": 0, "bbox": {"xmin": 0, "ymin": 191, "ymax": 312, "xmax": 184}}, {"tid": 1, "generated": 0, "bbox": {"xmin": 288, "ymin": 134, "ymax": 250, "xmax": 421}}], [{"tid": 0, "generated": 0, "bbox": {"xmin": 0, "ymin": 190, "ymax": 311, "xmax": 182}}, {"tid": 1, "generated": 0, "bbox": {"xmin": 290, "ymin": 134, "ymax": 250, "xmax": 422}}], [{"tid": 0, "generated": 0, "bbox": {"xmin": 0, "ymin": 190, "ymax": 310, "xmax": 176}}, {"tid": 1, "generated": 0, "bbox": {"xmin": 290, "ymin": 134, "ymax": 250, "xmax": 423}}], [], [], [], [], [], [], [], [], [], [], [], [], [], [], [], [{"tid": 0, "generated": 0, "bbox": {"xmin": 16, "ymin": 178, "ymax": 304, "xmax": 256}}, {"tid": 1, "generated": 0, "bbox": {"xmin": 346, "ymin": 139, "ymax": 257, "xmax": 478}}], [{"tid": 0, "generated": 0, "bbox": {"xmin": 22, "ymin": 177, "ymax": 309, "xmax": 260}}, {"tid": 1, "generated": 0, "bbox": {"xmin": 344, "ymin": 140, "ymax": 258, "xmax": 476}}], [{"tid": 0, "generated": 0, "bbox": {"xmin": 23, "ymin": 176, "ymax": 307, "xmax": 266}}, {"tid": 1, "generated": 0, "bbox": {"xmin": 343, "ymin": 141, "ymax": 259, "xmax": 474}}], [{"tid": 0, "generated": 0, "bbox": {"xmin": 27, "ymin": 176, "ymax": 308, "xmax": 268}}, {"tid": 1, "generated": 0, "bbox": {"xmin": 344, "ymin": 141, "ymax": 258, "xmax": 475}}], [{"tid": 0, "generated": 0, "bbox": {"xmin": 26, "ymin": 175, "ymax": 310, "xmax": 270}}, {"tid": 1, "generated": 0, "bbox": {"xmin": 342, "ymin": 143, "ymax": 260, "xmax": 472}}], [{"tid": 0, "generated": 0, "bbox": {"xmin": 24, "ymin": 174, "ymax": 310, "xmax": 272}}, {"tid": 1, "generated": 0, "bbox": {"xmin": 340, "ymin": 142, "ymax": 259, "xmax": 468}}], [{"tid": 0, "generated": 0, "bbox": {"xmin": 23, "ymin": 174, "ymax": 312, "xmax": 274}}, {"tid": 1, "generated": 0, "bbox": {"xmin": 338, "ymin": 142, "ymax": 258, "xmax": 465}}], [{"tid": 0, "generated": 0, "bbox": {"xmin": 20, "ymin": 173, "ymax": 311, "xmax": 272}}, {"tid": 1, "generated": 0, "bbox": {"xmin": 335, "ymin": 143, "ymax": 259, "xmax": 462}}], [{"tid": 0, "generated": 0, "bbox": {"xmin": 18, "ymin": 173, "ymax": 311, "xmax": 271}}, {"tid": 1, "generated": 0, "bbox": {"xmin": 332, "ymin": 144, "ymax": 260, "xmax": 459}}], [{"tid": 0, "generated": 0, "bbox": {"xmin": 16, "ymin": 172, "ymax": 311, "xmax": 269}}, {"tid": 1, "generated": 0, "bbox": {"xmin": 328, "ymin": 144, "ymax": 260, "xmax": 454}}], [{"tid": 0, "generated": 0, "bbox": {"xmin": 14, "ymin": 172, "ymax": 311, "xmax": 268}}, {"tid": 1, "generated": 0, "bbox": {"xmin": 324, "ymin": 145, "ymax": 261, "xmax": 450}}], [{"tid": 0, "generated": 0, "bbox": {"xmin": 12, "ymin": 172, "ymax": 311, "xmax": 266}}, {"tid": 1, "generated": 0, "bbox": {"xmin": 321, "ymin": 146, "ymax": 262, "xmax": 447}}], [{"tid": 0, "generated": 0, "bbox": {"xmin": 11, "ymin": 172, "ymax": 311, "xmax": 264}}, {"tid": 1, "generated": 0, "bbox": {"xmin": 320, "ymin": 144, "ymax": 263, "xmax": 445}}], [{"tid": 0, "generated": 0, "bbox": {"xmin": 10, "ymin": 172, "ymax": 311, "xmax": 262}}, {"tid": 1, "generated": 0, "bbox": {"xmin": 316, "ymin": 145, "ymax": 264, "xmax": 442}}], [{"tid": 0, "generated": 0, "bbox": {"xmin": 7, "ymin": 172, "ymax": 312, "xmax": 258}}, {"tid": 1, "generated": 0, "bbox": {"xmin": 312, "ymin": 146, "ymax": 264, "xmax": 437}}], [{"tid": 0, "generated": 0, "bbox": {"xmin": 4, "ymin": 172, "ymax": 313, "xmax": 254}}, {"tid": 1, "generated": 0, "bbox": {"xmin": 309, "ymin": 147, "ymax": 265, "xmax": 434}}], [{"tid": 0, "generated": 0, "bbox": {"xmin": 4, "ymin": 172, "ymax": 313, "xmax": 252}}, {"tid": 1, "generated": 0, "bbox": {"xmin": 307, "ymin": 148, "ymax": 266, "xmax": 432}}], [{"tid": 0, "generated": 0, "bbox": {"xmin": 4, "ymin": 172, "ymax": 314, "xmax": 251}}, {"tid": 1, "generated": 0, "bbox": {"xmin": 305, "ymin": 147, "ymax": 265, "xmax": 430}}], [{"tid": 0, "generated": 0, "bbox": {"xmin": 3, "ymin": 171, "ymax": 314, "xmax": 249}}, {"tid": 1, "generated": 0, "bbox": {"xmin": 304, "ymin": 147, "ymax": 265, "xmax": 429}}], [{"tid": 0, "generated": 0, "bbox": {"xmin": 3, "ymin": 170, "ymax": 314, "xmax": 248}}, {"tid": 1, "generated": 0, "bbox": {"xmin": 302, "ymin": 146, "ymax": 265, "xmax": 427}}], [{"tid": 0, "generated": 0, "bbox": {"xmin": 3, "ymin": 170, "ymax": 315, "xmax": 247}}, {"tid": 1, "generated": 0, "bbox": {"xmin": 301, "ymin": 146, "ymax": 265, "xmax": 426}}], [{"tid": 0, "generated": 0, "bbox": {"xmin": 2, "ymin": 169, "ymax": 315, "xmax": 246}}, {"tid": 1, "generated": 0, "bbox": {"xmin": 300, "ymin": 146, "ymax": 264, "xmax": 424}}], [{"tid": 0, "generated": 0, "bbox": {"xmin": 1, "ymin": 169, "ymax": 315, "xmax": 245}}, {"tid": 1, "generated": 0, "bbox": {"xmin": 299, "ymin": 146, "ymax": 264, "xmax": 423}}], [{"tid": 0, "generated": 0, "bbox": {"xmin": 1, "ymin": 169, "ymax": 316, "xmax": 244}}, {"tid": 1, "generated": 0, "bbox": {"xmin": 298, "ymin": 146, "ymax": 263, "xmax": 422}}], [{"tid": 0, "generated": 0, "bbox": {"xmin": 0, "ymin": 169, "ymax": 316, "xmax": 243}}, {"tid": 1, "generated": 0, "bbox": {"xmin": 298, "ymin": 146, "ymax": 263, "xmax": 421}}], [{"tid": 0, "generated": 0, "bbox": {"xmin": 0, "ymin": 169, "ymax": 317, "xmax": 242}}, {"tid": 1, "generated": 0, "bbox": {"xmin": 297, "ymin": 145, "ymax": 262, "xmax": 420}}], [{"tid": 0, "generated": 0, "bbox": {"xmin": 0, "ymin": 168, "ymax": 316, "xmax": 241}}, {"tid": 1, "generated": 0, "bbox": {"xmin": 296, "ymin": 145, "ymax": 262, "xmax": 419}}], [{"tid": 0, "generated": 0, "bbox": {"xmin": 0, "ymin": 168, "ymax": 316, "xmax": 240}}, {"tid": 1, "generated": 0, "bbox": {"xmin": 295, "ymin": 144, "ymax": 262, "xmax": 418}}], [{"tid": 0, "generated": 0, "bbox": {"xmin": 0, "ymin": 168, "ymax": 315, "xmax": 239}}, {"tid": 1, "generated": 0, "bbox": {"xmin": 294, "ymin": 144, "ymax": 262, "xmax": 418}}], [{"tid": 0, "generated": 0, "bbox": {"xmin": 0, "ymin": 167, "ymax": 315, "xmax": 238}}, {"tid": 1, "generated": 0, "bbox": {"xmin": 293, "ymin": 143, "ymax": 261, "xmax": 417}}], [], [], [], [], [], [], [], [], [], [], [], [], [], [], [], [{"tid": 0, "generated": 0, "bbox": {"xmin": 0, "ymin": 156, "ymax": 302, "xmax": 226}}, {"tid": 1, "generated": 0, "bbox": {"xmin": 262, "ymin": 134, "ymax": 252, "xmax": 409}}], [{"tid": 0, "generated": 0, "bbox": {"xmin": 0, "ymin": 155, "ymax": 304, "xmax": 222}}, {"tid": 1, "generated": 0, "bbox": {"xmin": 260, "ymin": 133, "ymax": 251, "xmax": 407}}], [{"tid": 0, "generated": 0, "bbox": {"xmin": 0, "ymin": 157, "ymax": 306, "xmax": 221}}, {"tid": 1, "generated": 0, "bbox": {"xmin": 262, "ymin": 132, "ymax": 249, "xmax": 407}}], [{"tid": 0, "generated": 0, "bbox": {"xmin": 0, "ymin": 156, "ymax": 304, "xmax": 220}}, {"tid": 1, "generated": 0, "bbox": {"xmin": 265, "ymin": 133, "ymax": 250, "xmax": 403}}], [{"tid": 0, "generated": 0, "bbox": {"xmin": 0, "ymin": 156, "ymax": 303, "xmax": 220}}, {"tid": 1, "generated": 0, "bbox": {"xmin": 263, "ymin": 132, "ymax": 248, "xmax": 398}}], [{"tid": 0, "generated": 0, "bbox": {"xmin": 0, "ymin": 157, "ymax": 302, "xmax": 220}}, {"tid": 1, "generated": 0, "bbox": {"xmin": 263, "ymin": 133, "ymax": 249, "xmax": 399}}], [{"tid": 0, "generated": 0, "bbox": {"xmin": 0, "ymin": 158, "ymax": 302, "xmax": 220}}, {"tid": 1, "generated": 0, "bbox": {"xmin": 264, "ymin": 134, "ymax": 250, "xmax": 400}}], [{"tid": 0, "generated": 0, "bbox": {"xmin": 0, "ymin": 157, "ymax": 302, "xmax": 220}}, {"tid": 1, "generated": 0, "bbox": {"xmin": 264, "ymin": 134, "ymax": 250, "xmax": 400}}], [{"tid": 0, "generated": 0, "bbox": {"xmin": 0, "ymin": 156, "ymax": 304, "xmax": 220}}, {"tid": 1, "generated": 0, "bbox": {"xmin": 265, "ymin": 134, "ymax": 250, "xmax": 400}}], [{"tid": 0, "generated": 0, "bbox": {"xmin": 0, "ymin": 155, "ymax": 302, "xmax": 220}}, {"tid": 1, "generated": 0, "bbox": {"xmin": 265, "ymin": 134, "ymax": 250, "xmax": 400}}], [{"tid": 0, "generated": 0, "bbox": {"xmin": 0, "ymin": 154, "ymax": 301, "xmax": 218}}, {"tid": 1, "generated": 0, "bbox": {"xmin": 266, "ymin": 134, "ymax": 250, "xmax": 401}}], [{"tid": 0, "generated": 0, "bbox": {"xmin": 0, "ymin": 156, "ymax": 300, "xmax": 218}}, {"tid": 1, "generated": 0, "bbox": {"xmin": 267, "ymin": 134, "ymax": 249, "xmax": 402}}], [{"tid": 0, "generated": 0, "bbox": {"xmin": 0, "ymin": 157, "ymax": 299, "xmax": 220}}, {"tid": 1, "generated": 0, "bbox": {"xmin": 269, "ymin": 134, "ymax": 248, "xmax": 403}}], [{"tid": 0, "generated": 0, "bbox": {"xmin": 0, "ymin": 156, "ymax": 299, "xmax": 220}}, {"tid": 1, "generated": 0, "bbox": {"xmin": 271, "ymin": 135, "ymax": 248, "xmax": 404}}], [{"tid": 0, "generated": 0, "bbox": {"xmin": 0, "ymin": 154, "ymax": 299, "xmax": 221}}, {"tid": 1, "generated": 0, "bbox": {"xmin": 272, "ymin": 134, "ymax": 246, "xmax": 403}}], [{"tid": 0, "generated": 0, "bbox": {"xmin": 0, "ymin": 153, "ymax": 302, "xmax": 221}}, {"tid": 1, "generated": 0, "bbox": {"xmin": 274, "ymin": 136, "ymax": 249, "xmax": 404}}], [{"tid": 0, "generated": 0, "bbox": {"xmin": 0, "ymin": 154, "ymax": 300, "xmax": 221}}, {"tid": 1, "generated": 0, "bbox": {"xmin": 275, "ymin": 133, "ymax": 248, "xmax": 404}}], [{"tid": 0, "generated": 0, "bbox": {"xmin": 0, "ymin": 155, "ymax": 299, "xmax": 222}}, {"tid": 1, "generated": 0, "bbox": {"xmin": 279, "ymin": 134, "ymax": 246, "xmax": 408}}], [{"tid": 0, "generated": 0, "bbox": {"xmin": 0, "ymin": 154, "ymax": 298, "xmax": 226}}, {"tid": 1, "generated": 0, "bbox": {"xmin": 281, "ymin": 134, "ymax": 246, "xmax": 410}}], [{"tid": 0, "generated": 0, "bbox": {"xmin": 0, "ymin": 152, "ymax": 298, "xmax": 228}}, {"tid": 1, "generated": 0, "bbox": {"xmin": 284, "ymin": 134, "ymax": 246, "xmax": 413}}], [{"tid": 0, "generated": 0, "bbox": {"xmin": 0, "ymin": 151, "ymax": 297, "xmax": 230}}, {"tid": 1, "generated": 0, "bbox": {"xmin": 287, "ymin": 133, "ymax": 245, "xmax": 415}}], [{"tid": 0, "generated": 0, "bbox": {"xmin": 0, "ymin": 150, "ymax": 297, "xmax": 233}}, {"tid": 1, "generated": 0, "bbox": {"xmin": 290, "ymin": 132, "ymax": 244, "xmax": 418}}], [{"tid": 0, "generated": 0, "bbox": {"xmin": 0, "ymin": 150, "ymax": 296, "xmax": 235}}, {"tid": 1, "generated": 0, "bbox": {"xmin": 292, "ymin": 130, "ymax": 242, "xmax": 420}}], [{"tid": 0, "generated": 0, "bbox": {"xmin": 1, "ymin": 150, "ymax": 296, "xmax": 237}}, {"tid": 1, "generated": 0, "bbox": {"xmin": 294, "ymin": 128, "ymax": 241, "xmax": 423}}], [{"tid": 0, "generated": 0, "bbox": {"xmin": 4, "ymin": 148, "ymax": 294, "xmax": 240}}, {"tid": 1, "generated": 0, "bbox": {"xmin": 296, "ymin": 129, "ymax": 242, "xmax": 425}}], [{"tid": 0, "generated": 0, "bbox": {"xmin": 7, "ymin": 147, "ymax": 292, "xmax": 244}}, {"tid": 1, "generated": 0, "bbox": {"xmin": 302, "ymin": 127, "ymax": 240, "xmax": 430}}], [{"tid": 0, "generated": 0, "bbox": {"xmin": 10, "ymin": 145, "ymax": 290, "xmax": 246}}, {"tid": 1, "generated": 0, "bbox": {"xmin": 304, "ymin": 123, "ymax": 236, "xmax": 432}}], [{"tid": 0, "generated": 0, "bbox": {"xmin": 13, "ymin": 144, "ymax": 288, "xmax": 249}}, {"tid": 1, "generated": 0, "bbox": {"xmin": 306, "ymin": 120, "ymax": 233, "xmax": 435}}], [{"tid": 0, "generated": 0, "bbox": {"xmin": 16, "ymin": 143, "ymax": 286, "xmax": 252}}, {"tid": 1, "generated": 0, "bbox": {"xmin": 308, "ymin": 119, "ymax": 232, "xmax": 437}}], [{"tid": 0, "generated": 0, "bbox": {"xmin": 19, "ymin": 142, "ymax": 284, "xmax": 256}}, {"tid": 1, "generated": 0, "bbox": {"xmin": 311, "ymin": 118, "ymax": 231, "xmax": 440}}]], "subject/objects": [{"category": "fox", "tid": 0}, {"category": "dog", "tid": 1}], "relation_instances": [{"end_fid": 30, "subject_tid": 0, "predicate": "stand_behind", "begin_fid": 0, "object_tid": 1}, {"end_fid": 30, "subject_tid": 0, "predicate": "stand_right", "begin_fid": 0, "object_tid": 1}, {"end_fid": 30, "subject_tid": 1, "predicate": "stand_front", "begin_fid": 0, "object_tid": 0}, {"end_fid": 30, "subject_tid": 1, "predicate": "stand_left", "begin_fid": 0, "object_tid": 0}, {"end_fid": 120, "subject_tid": 0, "predicate": "walk_behind", "begin_fid": 90, "object_tid": 1}, {"end_fid": 120, "subject_tid": 0, "predicate": "walk_away", "begin_fid": 90, "object_tid": 1}, {"end_fid": 120, "subject_tid": 0, "predicate": "walk_right", "begin_fid": 90, "object_tid": 1}, {"end_fid": 120, "subject_tid": 1, "predicate": "stand_front", "begin_fid": 90, "object_tid": 0}, {"end_fid": 120, "subject_tid": 1, "predicate": "stand_left", "begin_fid": 90, "object_tid": 0}, {"end_fid": 165, "subject_tid": 0, "predicate": "walk_behind", "begin_fid": 135, "object_tid": 1}, {"end_fid": 165, "subject_tid": 0, "predicate": "walk_toward", "begin_fid": 135, "object_tid": 1}, {"end_fid": 165, "subject_tid": 0, "predicate": "watch", "begin_fid": 135, "object_tid": 1}, {"end_fid": 165, "subject_tid": 1, "predicate": "stand_front", "begin_fid": 135, "object_tid": 0}, {"end_fid": 210, "subject_tid": 0, "predicate": "stand_behind", "begin_fid": 180, "object_tid": 1}, {"end_fid": 210, "subject_tid": 0, "predicate": "watch", "begin_fid": 180, "object_tid": 1}, {"end_fid": 210, "subject_tid": 1, "predicate": "stand_front", "begin_fid": 180, "object_tid": 0}], "height": 360}