{"width": 640, "frame_count": 140, "video_id": "ILSVRC2015_train_01000000", "fps": 30, "trajectories": [[{"tid": 0, "generated": 0, "bbox": {"xmin": 124, "ymin": 103, "ymax": 318, "xmax": 632}}, {"tid": 1, "generated": 0, "bbox": {"xmin": 41, "ymin": 250, "ymax": 294, "xmax": 192}}], [{"tid": 0, "generated": 0, "bbox": {"xmin": 124, "ymin": 103, "ymax": 317, "xmax": 631}}, {"tid": 1, "generated": 0, "bbox": {"xmin": 42, "ymin": 250, "ymax": 293, "xmax": 194}}], [{"tid": 0, "generated": 0, "bbox": {"xmin": 125, "ymin": 104, "ymax": 317, "xmax": 630}}, {"tid": 1, "generated": 0, "bbox": {"xmin": 41, "ymin": 249, "ymax": 293, "xmax": 196}}], [{"tid": 0, "generated": 0, "bbox": {"xmin": 125, "ymin": 105, "ymax": 317, "xmax": 629}}, {"tid": 1, "generated": 0, "bbox": {"xmin": 44, "ymin": 249, "ymax": 292, "xmax": 192}}], [{"tid": 0, "generated": 0, "bbox": {"xmin": 126, "ymin": 105, "ymax": 317, "xmax": 628}}, {"tid": 1, "generated": 0, "bbox": {"xmin": 45, "ymin": 249, "ymax": 292, "xmax": 194}}], [{"tid": 0, "generated": 0, "bbox": {"xmin": 126, "ymin": 106, "ymax": 317, "xmax": 628}}, {"tid": 1, "generated": 0, "bbox": {"xmin": 47, "ymin": 249, "ymax": 293, "xmax": 196}}], [{"tid": 0, "generated": 0, "bbox": {"xmin": 127, "ymin": 107, "ymax": 316, "xmax": 627}}, {"tid": 1, "generated": 0, "bbox": {"xmin": 47, "ymin": 249, "ymax": 293, "xmax": 198}}], [{"tid": 0, "generated": 0, "bbox": {"xmin": 127, "ymin": 107, "ymax": 316, "xmax": 626}}, {"tid": 1, "generated": 0, "bbox": {"xmin": 48, "ymin": 249, "ymax": 294, "xmax": 200}}], [{"tid": 0, "generated": 0, "bbox": {"xmin": 128, "ymin": 108, "ymax": 316, "xmax": 625}}, {"tid": 1, "generated": 0, "bbox": {"xmin": 49, "ymin": 249, "ymax": 295, "xmax": 200}}], [{"tid": 0, "generated": 0, "bbox": {"xmin": 128, "ymin": 109, "ymax": 316, "xmax": 624}}, {"tid": 1, "generated": 0, "bbox": {"xmin": 49, "ymin": 249, "ymax": 294, "xmax": 202}}], [{"tid": 0, "generated": 0, "bbox": {"xmin": 129, "ymin": 110, "ymax": 316, "xmax": 624}}, {"tid": 1, "generated": 0, "bbox": {"xmin": 50, "ymin": 249, "ymax": 293, "xmax": 206}}], [{"tid": 0, "generated": 0, "bbox": {"xmin": 130, "ymin": 110, "ymax": 316, "xmax": 623}}, {"tid": 1, "generated": 0, "bbox": {"xmin": 56, "ymin": 249, "ymax": 293, "xmax": 206}}], [{"tid": 0, "generated": 0, "bbox": {"xmin": 131, "ymin": 110, "ymax": 316, "xmax": 622}}, {"tid": 1, "generated": 0, "bbox": {"xmin": 56, "ymin": 249, "ymax": 295, "xmax": 205}}], [{"tid": 0, "generated": 0, "bbox": {"xmin": 132, "ymin": 110, "ymax": 316, "xmax": 621}}, {"tid": 1, "generated": 0, "bbox": {"xmin": 58, "ymin": 249, "ymax": 294, "xmax": 206}}], [{"tid": 0, "generated": 0, "bbox": {"xmin": 133, "ymin": 111, "ymax": 316, "xmax": 621}}, {"tid": 1, "generated": 0, "bbox": {"xmin": 60, "ymin": 249, "ymax": 294, "xmax": 208}}], [{"tid": 0, "generated": 0, "bbox": {"xmin": 134, "ymin": 111, "ymax": 316, "xmax": 620}}, {"tid": 1, "generated": 0, "bbox": {"xmin": 57, "ymin": 249, "ymax": 294, "xmax": 212}}], [{"tid": 0, "generated": 0, "bbox": {"xmin": 135, "ymin": 111, "ymax": 316, "xmax": 619}}, {"tid": 1, "generated": 0, "bbox": {"xmin": 61, "ymin": 250, "ymax": 295, "xmax": 213}}], [{"tid": 0, "generated": 0, "bbox": {"xmin": 136, "ymin": 112, "ymax": 316, "xmax": 619}}, {"tid": 1, "generated": 0, "bbox": {"xmin": 63, "ymin": 252, "ymax": 293, "xmax": 213}}], [{"tid": 0, "generated": 0, "bbox": {"xmin": 137, "ymin": 112, "ymax": 316, "xmax": 618}}, {"tid": 1, "generated": 0, "bbox": {"xmin": 62, "ymin": 252, "ymax": 295, "xmax": 212}}], [{"tid": 0, "generated": 0, "bbox": {"xmin": 138, "ymin": 112, "ymax": 316, "xmax": 617}}, {"tid": 1, "generated": 0, "bbox": {"xmin": 64, "ymin": 252, "ymax": 293, "xmax": 214}}], [{"tid": 0, "generated": 0, "bbox": {"xmin": 140, "ymin": 113, "ymax": 316, "xmax": 617}}, {"tid": 1, "generated": 0, "bbox": {"xmin": 64, "ymin": 252, "ymax": 294, "xmax": 215}}], [{"tid": 0, "generated": 0, "bbox": {"xmin": 140, "ymin": 113, "ymax": 315, "xmax": 616}}, {"tid": 1, "generated": 0, "bbox": {"xmin": 68, "ymin": 252, "ymax": 294, "xmax": 216}}], [{"tid": 0, "generated": 0, "bbox": {"xmin": 140, "ymin": 114, "ymax": 315, "xmax": 616}}, {"tid": 1, "generated": 0, "bbox": {"xmin": 70, "ymin": 252, "ymax": 295, "xmax": 216}}], [{"tid": 0, "generated": 0, "bbox": {"xmin": 140, "ymin": 115, "ymax": 315, "xmax": 616}}, {"tid": 1, "generated": 0, "bbox": {"xmin": 70, "ymin": 252, "ymax": 295, "xmax": 220}}], [{"tid": 0, "generated": 0, "bbox": {"xmin": 141, "ymin": 115, "ymax": 314, "xmax": 615}}, {"tid": 1, "generated": 0, "bbox": {"xmin": 70, "ymin": 252, "ymax": 295, "xmax": 220}}], [{"tid": 0, "generated": 0, "bbox": {"xmin": 141, "ymin": 116, "ymax": 314, "xmax": 615}}, {"tid": 1, "generated": 0, "bbox": {"xmin": 71, "ymin": 252, "ymax": 295, "xmax": 220}}], [{"tid": 0, "generated": 0, "bbox": {"xmin": 141, "ymin": 117, "ymax": 314, "xmax": 615}}, {"tid": 1, "generated": 0, "bbox": {"xmin": 72, "ymin": 250, "ymax": 295, "xmax": 223}}], [{"tid": 0, "generated": 0, "bbox": {"xmin": 142, "ymin": 117, "ymax": 313, "xmax": 614}}, {"tid": 1, "generated": 0, "bbox": {"xmin": 72, "ymin": 250, "ymax": 295, "xmax": 224}}], [{"tid": 0, "generated": 0, "bbox": {"xmin": 142, "ymin": 118, "ymax": 313, "xmax": 614}}, {"tid": 1, "generated": 0, "bbox": {"xmin": 72, "ymin": 250, "ymax": 294, "xmax": 222}}], [{"tid": 0, "generated": 0, "bbox": {"xmin": 142, "ymin": 119, "ymax": 313, "xmax": 614}}, {"tid": 1, "generated": 0, "bbox": {"xmin": 72, "ymin": 250, "ymax": 294, "xmax": 221}}], [{"tid": 0, "generated": 0, "bbox": {"xmin": 143, "ymin": 120, "ymax": 313, "xmax": 614}}, {"tid": 1, "generated": 0, "bbox": {"xmin": 73, "ymin": 252, "ymax": 296, "xmax": 221}}], [{"tid": 0, "generated": 0, "bbox": {"xmin": 142, "ymin": 120, "ymax": 313, "xmax": 611}}, {"tid": 1, "generated": 0, "bbox": {"xmin": 73, "ymin": 252, "ymax": 295, "xmax": 221}}], [{"tid": 0, "generated": 0, "bbox": {"xmin": 142, "ymin": 121, "ymax": 313, "xmax": 609}}, {"tid": 1, "generated": 0, "bbox": {"xmin": 73, "ymin": 252, "ymax": 295, "xmax": 222}}], [{"tid": 0, "generated": 0, "bbox": {"xmin": 142, "ymin": 122, "ymax": 313, "xmax": 607}}, {"tid": 1, "generated": 0, "bbox": {"xmin": 74, "ymin": 252, "ymax": 294, "xmax": 222}}], [{"tid": 0, "generated": 0, "bbox": {"xmin": 142, "ymin": 123, "ymax": 313, "xmax": 605}}, {"tid": 1, "generated": 0, "bbox": {"xmin": 73, "ymin": 252, "ymax": 293, "xmax": 222}}], [{"tid": 0, "generated": 0, "bbox": {"xmin": 142, "ymin": 124, "ymax": 313, "xmax": 603}}, {"tid": 1, "generated": 0, "bbox": {"xmin": 72, "ymin": 253, "ymax": 293, "xmax": 222}}], [{"tid": 0, "generated": 0, "bbox": {"xmin": 141, "ymin": 124, "ymax": 313, "xmax": 601}}, {"tid": 1, "generated": 0, "bbox": {"xmin": 73, "ymin": 253, "ymax": 295, "xmax": 221}}], [{"tid": 0, "generated": 0, "bbox": {"xmin": 141, "ymin": 125, "ymax": 313, "xmax": 599}}, {"tid": 1, "generated": 0, "bbox": {"xmin": 72, "ymin": 253, "ymax": 295, "xmax": 216}}], [{"tid": 0, "generated": 0, "bbox": {"xmin": 141, "ymin": 126, "ymax": 313, "xmax": 597}}, {"tid": 1, "generated": 0, "bbox": {"xmin": 74, "ymin": 253, "ymax": 293, "xmax": 221}}], [{"tid": 0, "generated": 0, "bbox": {"xmin": 141, "ymin": 127, "ymax": 313, "xmax": 595}}, {"tid": 1, "generated": 0, "bbox": {"xmin": 73, "ymin": 253, "ymax": 295, "xmax": 216}}], [{"tid": 0, "generated": 0, "bbox": {"xmin": 141, "ymin": 128, "ymax": 314, "xmax": 593}}, {"tid": 1, "generated": 0, "bbox": {"xmin": 72, "ymin": 254, "ymax": 296, "xmax": 216}}], [{"tid": 0, "generated": 0, "bbox": {"xmin": 140, "ymin": 128, "ymax": 313, "xmax": 591}}, {"tid": 1, "generated": 0, "bbox": {"xmin": 72, "ymin": 253, "ymax": 295, "xmax": 215}}], [{"tid": 0, "generated": 0, "bbox": {"xmin": 140, "ymin": 128, "ymax": 313, "xmax": 589}}, {"tid": 1, "generated": 0, "bbox": {"xmin": 72, "ymin": 252, "ymax": 295, "xmax": 215}}], [{"tid": 0, "generated": 0, "bbox": {"xmin": 139, "ymin": 128, "ymax": 313, "xmax": 588}}, {"tid": 1, "generated": 0, "bbox": {"xmin": 72, "ymin": 252, "ymax": 295, "xmax": 215}}], [{"tid": 0, "generated": 0, "bbox": {"xmin": 139, "ymin": 128, "ymax": 313, "xmax": 586}}, {"tid": 1, "generated": 0, "bbox": {"xmin": 72, "ymin": 252, "ymax": 294, "xmax": 214}}], [{"tid": 0, "generated": 0, "bbox": {"xmin": 139, "ymin": 128, "ymax": 313, "xmax": 584}}, {"tid": 1, "generated": 0, "bbox": {"xmin": 72, "ymin": 250, "ymax": 293, "xmax": 215}}], [{"tid": 0, "generated": 0, "bbox": {"xmin": 138, "ymin": 128, "ymax": 313, "xmax": 583}}, {"tid": 1, "generated": 0, "bbox": {"xmin": 72, "ymin": 249, "ymax": 295, "xmax": 215}}], [{"tid": 0, "generated": 0, "bbox": {"xmin": 138, "ymin": 128, "ymax": 313, "xmax": 581}}, {"tid": 1, "generated": 0, "bbox": {"xmin": 72, "ymin": 249, "ymax": 295, "xmax": 215}}], [{"tid": 0, "generated": 0, "bbox": {"xmin": 138, "ymin": 128, "ymax": 313, "xmax": 580}}, {"tid": 1, "generated": 0, "bbox": {"xmin": 72, "ymin": 249, "ymax": 295, "xmax": 215}}], [{"tid": 0, "generated": 0, "bbox": {"xmin": 137, "ymin": 128, "ymax": 312, "xmax": 576}}, {"tid": 1, "generated": 0, "bbox": {"xmin": 72, "ymin": 249, "ymax": 295, "xmax": 215}}], [{"tid": 0, "generated": 0, "bbox": {"xmin": 138, "ymin": 129, "ymax": 312, "xmax": 576}}, {"tid": 1, "generated": 0, "bbox": {"xmin": 72, "ymin": 249, "ymax": 293, "xmax": 216}}], [{"tid": 0, "generated": 0, "bbox": {"xmin": 138, "ymin": 128, "ymax": 310, "xmax": 576}}, {"tid": 1, "generated": 0, "bbox": {"xmin": 73, "ymin": 248, "ymax": 291, "xmax": 214}}], [{"tid": 0, "generated": 0, "bbox": {"xmin": 139, "ymin": 128, "ymax": 309, "xmax": 576}}, {"tid": 1, "generated": 0, "bbox": {"xmin": 74, "ymin": 248, "ymax": 290, "xmax": 212}}], [{"tid": 0, "generated": 0, "bbox": {"xmin": 140, "ymin": 128, "ymax": 308, "xmax": 576}}, {"tid": 1, "generated": 0, "bbox": {"xmin": 79, "ymin": 246, "ymax": 288, "xmax": 216}}], [{"tid": 0, "generated": 0, "bbox": {"xmin": 142, "ymin": 128, "ymax": 304, "xmax": 576}}, {"tid": 1, "generated": 0, "bbox": {"xmin": 76, "ymin": 245, "ymax": 288, "xmax": 216}}], [{"tid": 0, "generated": 0, "bbox": {"xmin": 144, "ymin": 127, "ymax": 304, "xmax": 577}}, {"tid": 1, "generated": 0, "bbox": {"xmin": 78, "ymin": 244, "ymax": 288, "xmax": 216}}], [{"tid": 0, "generated": 0, "bbox": {"xmin": 144, "ymin": 127, "ymax": 303, "xmax": 575}}, {"tid": 1, "generated": 0, "bbox": {"xmin": 81, "ymin": 242, "ymax": 288, "xmax": 216}}], [{"tid": 0, "generated": 0, "bbox": {"xmin": 144, "ymin": 127, "ymax": 303, "xmax": 574}}, {"tid": 1, "generated": 0, "bbox": {"xmin": 80, "ymin": 241, "ymax": 288, "xmax": 222}}], [{"tid": 0, "generated": 0, "bbox": {"xmin": 144, "ymin": 127, "ymax": 303, "xmax": 573}}, {"tid": 1, "generated": 0, "bbox": {"xmin": 80, "ymin": 240, "ymax": 287, "xmax": 222}}], [{"tid": 0, "generated": 0, "bbox": {"xmin": 144, "ymin": 127, "ymax": 304, "xmax": 572}}, {"tid": 1, "generated": 0, "bbox": {"xmin": 80, "ymin": 240, "ymax": 284, "xmax": 224}}], [{"tid": 0, "generated": 0, "bbox": {"xmin": 144, "ymin": 127, "ymax": 304, "xmax": 569}}, {"tid": 1, "generated": 0, "bbox": {"xmin": 81, "ymin": 239, "ymax": 286, "xmax": 221}}], [{"tid": 0, "generated": 0, "bbox": {"xmin": 144, "ymin": 127, "ymax": 304, "xmax": 568}}, {"tid": 1, "generated": 0, "bbox": {"xmin": 80, "ymin": 240, "ymax": 282, "xmax": 224}}], [{"tid": 0, "generated": 0, "bbox": {"xmin": 145, "ymin": 127, "ymax": 304, "xmax": 568}}, {"tid": 1, "generated": 0, "bbox": {"xmin": 85, "ymin": 240, "ymax": 284, "xmax": 224}}], [{"tid": 0, "generated": 0, "bbox": {"xmin": 145, "ymin": 127, "ymax": 304, "xmax": 568}}, {"tid": 1, "generated": 0, "bbox": {"xmin": 86, "ymin": 240, "ymax": 285, "xmax": 224}}], [{"tid": 0, "generated": 0, "bbox": {"xmin": 146, "ymin": 127, "ymax": 304, "xmax": 568}}, {"tid": 1, "generated": 0, "bbox": {"xmin": 87, "ymin": 240, "ymax": 286, "xmax": 224}}], [{"tid": 0, "generated": 0, "bbox": {"xmin": 147, "ymin": 127, "ymax": 304, "xmax": 568}}, {"tid": 1, "generated": 0, "bbox": {"xmin": 88, "ymin": 240, "ymax": 288, "xmax": 224}}], [{"tid": 0, "generated": 0, "bbox": {"xmin": 147, "ymin": 127, "ymax": 304, "xmax": 568}}, {"tid": 1, "generated": 0, "bbox": {"xmin": 88, "ymin": 240, "ymax": 288, "xmax": 226}}], [{"tid": 0, "generated": 0, "bbox": {"xmin": 148, "ymin": 127, "ymax": 304, "xmax": 568}}, {"tid": 1, "generated": 0, "bbox": {"xmin": 89, "ymin": 240, "ymax": 288, "xmax": 228}}], [{"tid": 0, "generated": 0, "bbox": {"xmin": 149, "ymin": 128, "ymax": 304, "xmax": 568}}, {"tid": 1, "generated": 0, "bbox": {"xmin": 93, "ymin": 240, "ymax": 287, "xmax": 229}}], [{"tid": 0, "generated": 0, "bbox": {"xmin": 151, "ymin": 128, "ymax": 304, "xmax": 568}}, {"tid": 1, "generated": 0, "bbox": {"xmin": 94, "ymin": 240, "ymax": 288, "xmax": 230}}], [{"tid": 0, "generated": 0, "bbox": {"xmin": 153, "ymin": 129, "ymax": 304, "xmax": 568}}, {"tid": 1, "generated": 0, "bbox": {"xmin": 95, "ymin": 241, "ymax": 288, "xmax": 232}}], [{"tid": 0, "generated": 0, "bbox": {"xmin": 154, "ymin": 130, "ymax": 304, "xmax": 568}}, {"tid": 1, "generated": 0, "bbox": {"xmin": 96, "ymin": 241, "ymax": 287, "xmax": 232}}], [{"tid": 0, "generated": 0, "bbox": {"xmin": 155, "ymin": 131, "ymax": 304, "xmax": 568}}, {"tid": 1, "generated": 0, "bbox": {"xmin": 95, "ymin": 241, "ymax": 288, "xmax": 236}}], [{"tid": 0, "generated": 0, "bbox": {"xmin": 156, "ymin": 132, "ymax": 304, "xmax": 568}}, {"tid": 1, "generated": 0, "bbox": {"xmin": 96, "ymin": 242, "ymax": 287, "xmax": 234}}], [{"tid": 0, "generated": 0, "bbox": {"xmin": 158, "ymin": 134, "ymax": 304, "xmax": 568}}, {"tid": 1, "generated": 0, "bbox": {"xmin": 102, "ymin": 244, "ymax": 287, "xmax": 238}}], [{"tid": 0, "generated": 0, "bbox": {"xmin": 159, "ymin": 136, "ymax": 302, "xmax": 568}}, {"tid": 1, "generated": 0, "bbox": {"xmin": 103, "ymin": 244, "ymax": 288, "xmax": 240}}], [{"tid": 0, "generated": 0, "bbox": {"xmin": 160, "ymin": 136, "ymax": 301, "xmax": 567}}, {"tid": 1, "generated": 0, "bbox": {"xmin": 102, "ymin": 244, "ymax": 288, "xmax": 234}}], [{"tid": 0, "generated": 0, "bbox": {"xmin": 160, "ymin": 138, "ymax": 301, "xmax": 565}}, {"tid": 1, "generated": 0, "bbox": {"xmin": 98, "ymin": 244, "ymax": 288, "xmax": 233}}], [{"tid": 0, "generated": 0, "bbox": {"xmin": 160, "ymin": 141, "ymax": 302, "xmax": 565}}, {"tid": 1, "generated": 0, "bbox": {"xmin": 98, "ymin": 244, "ymax": 288, "xmax": 236}}], [{"tid": 0, "generated": 0, "bbox": {"xmin": 160, "ymin": 143, "ymax": 303, "xmax": 565}}, {"tid": 1, "generated": 0, "bbox": {"xmin": 100, "ymin": 245, "ymax": 288, "xmax": 237}}], [{"tid": 0, "generated": 0, "bbox": {"xmin": 160, "ymin": 144, "ymax": 304, "xmax": 561}}, {"tid": 1, "generated": 0, "bbox": {"xmin": 103, "ymin": 246, "ymax": 286, "xmax": 240}}], [{"tid": 0, "generated": 0, "bbox": {"xmin": 159, "ymin": 144, "ymax": 304, "xmax": 559}}, {"tid": 1, "generated": 0, "bbox": {"xmin": 102, "ymin": 246, "ymax": 286, "xmax": 238}}], [{"tid": 0, "generated": 0, "bbox": {"xmin": 158, "ymin": 144, "ymax": 304, "xmax": 558}}, {"tid": 1, "generated": 0, "bbox": {"xmin": 101, "ymin": 246, "ymax": 287, "xmax": 237}}], [{"tid": 0, "generated": 0, "bbox": {"xmin": 157, "ymin": 144, "ymax": 304, "xmax": 557}}, {"tid": 1, "generated": 0, "bbox": {"xmin": 101, "ymin": 246, "ymax": 288, "xmax": 236}}], [{"tid": 0, "generated": 0, "bbox": {"xmin": 156, "ymin": 144, "ymax": 304, "xmax": 555}}, {"tid": 1, "generated": 0, "bbox": {"xmin": 100, "ymin": 246, "ymax": 288, "xmax": 235}}], [{"tid": 0, "generated": 0, "bbox": {"xmin": 155, "ymin": 144, "ymax": 304, "xmax": 554}}, {"tid": 1, "generated": 0, "bbox": {"xmin": 100, "ymin": 246, "ymax": 288, "xmax": 234}}], [{"tid": 0, "generated": 0, "bbox": {"xmin": 154, "ymin": 144, "ymax": 304, "xmax": 553}}, {"tid": 1, "generated": 0, "bbox": {"xmin": 99, "ymin": 246, "ymax": 288, "xmax": 233}}], [{"tid": 0, "generated": 0, "bbox": {"xmin": 154, "ymin": 144, "ymax": 304, "xmax": 552}}, {"tid": 1, "generated": 0, "bbox": {"xmin": 99, "ymin": 247, "ymax": 288, "xmax": 232}}], [{"tid": 0, "generated": 0, "bbox": {"xmin": 153, "ymin": 144, "ymax": 304, "xmax": 551}}, {"tid": 1, "generated": 0, "bbox": {"xmin": 98, "ymin": 247, "ymax": 288, "xmax": 231}}], [{"tid": 0, "generated": 0, "bbox": {"xmin": 152, "ymin": 144, "ymax": 304, "xmax": 550}}, {"tid": 1, "generated": 0, "bbox": {"xmin": 98, "ymin": 247, "ymax": 288, "xmax": 230}}], [{"tid": 0, "generated": 0, "bbox": {"xmin": 152, "ymin": 144, "ymax": 304, "xmax": 549}}, {"tid": 1, "generated": 0, "bbox": {"xmin": 98, "ymin": 248, "ymax": 288, "xmax": 229}}], [{"tid": 0, "generated": 0, "bbox": {"xmin": 153, "ymin": 143, "ymax": 303, "xmax": 549}}, {"tid": 1, "generated": 0, "bbox": {"xmin": 99, "ymin": 247, "ymax": 287, "xmax": 230}}], [{"tid": 0, "generated": 0, "bbox": {"xmin": 154, "ymin": 143, "ymax": 303, "xmax": 549}}, {"tid": 1, "generated": 0, "bbox": {"xmin": 101, "ymin": 247, "ymax": 287, "xmax": 231}}], [{"tid": 0, "generated": 0, "bbox": {"xmin": 155, "ymin": 143, "ymax": 303, "xmax": 549}}, {"tid": 1, "generated": 0, "bbox": {"xmin": 102, "ymin": 247, "ymax": 287, "xmax": 232}}], [{"tid": 0, "generated": 0, "bbox": {"xmin": 157, "ymin": 143, "ymax": 303, "xmax": 549}}, {"tid": 1, "generated": 0, "bbox": {"xmin": 104, "ymin": 247, "ymax": 287, "xmax": 233}}], [{"tid": 0, "generated": 0, "bbox": {"xmin": 158, "ymin": 143, "ymax": 303, "xmax": 549}}, {"tid": 1, "generated": 0, "bbox": {"xmin": 105, "ymin": 247, "ymax": 287, "xmax": 234}}], [{"tid": 0, "generated": 0, "bbox": {"xmin": 159, "ymin": 143, "ymax": 302, "xmax": 549}}, {"tid": 1, "generated": 0, "bbox": {"xmin": 107, "ymin": 246, "ymax": 286, "xmax": 235}}], [{"tid": 0, "generated": 0, "bbox": {"xmin": 161, "ymin": 143, "ymax": 302, "xmax": 549}}, {"tid": 1, "generated": 0, "bbox": {"xmin": 108, "ymin": 246, "ymax": 286, "xmax": 236}}], [{"tid": 0, "generated": 0, "bbox": {"xmin": 162, "ymin": 143, "ymax": 302, "xmax": 549}}, {"tid": 1, "generated": 0, "bbox": {"xmin": 110, "ymin": 246, "ymax": 286, "xmax": 237}}], [{"tid": 0, "generated": 0, "bbox": {"xmin": 163, "ymin": 143, "ymax": 302, "xmax": 549}}, {"tid": 1, "generated": 0, "bbox": {"xmin": 111, "ymin": 246, "ymax": 286, "xmax": 238}}], [{"tid": 0, "generated": 0, "bbox": {"xmin": 165, "ymin": 143, "ymax": 302, "xmax": 550}}, {"tid": 1, "generated": 0, "bbox": {"xmin": 113, "ymin": 246, "ymax": 286, "xmax": 240}}], [{"tid": 0, "generated": 0, "bbox": {"xmin": 168, "ymin": 143, "ymax": 300, "xmax": 552}}, {"tid": 1, "generated": 0, "bbox": {"xmin": 113, "ymin": 245, "ymax": 287, "xmax": 236}}], [{"tid": 0, "generated": 0, "bbox": {"xmin": 168, "ymin": 143, "ymax": 298, "xmax": 551}}, {"tid": 1, "generated": 0, "bbox": {"xmin": 114, "ymin": 245, "ymax": 287, "xmax": 233}}], [{"tid": 0, "generated": 0, "bbox": {"xmin": 168, "ymin": 143, "ymax": 296, "xmax": 550}}, {"tid": 1, "generated": 0, "bbox": {"xmin": 114, "ymin": 244, "ymax": 286, "xmax": 234}}], [{"tid": 0, "generated": 0, "bbox": {"xmin": 168, "ymin": 143, "ymax": 295, "xmax": 549}}, {"tid": 1, "generated": 0, "bbox": {"xmin": 115, "ymin": 244, "ymax": 286, "xmax": 236}}], [{"tid": 0, "generated": 0, "bbox": {"xmin": 168, "ymin": 143, "ymax": 295, "xmax": 549}}, {"tid": 1, "generated": 0, "bbox": {"xmin": 116, "ymin": 243, "ymax": 286, "xmax": 238}}], [{"tid": 0, "generated": 0, "bbox": {"xmin": 169, "ymin": 144, "ymax": 295, "xmax": 549}}, {"tid": 1, "generated": 0, "bbox": {"xmin": 117, "ymin": 243, "ymax": 286, "xmax": 240}}], [{"tid": 0, "generated": 0, "bbox": {"xmin": 169, "ymin": 144, "ymax": 295, "xmax": 548}}, {"tid": 1, "generated": 0, "bbox": {"xmin": 117, "ymin": 243, "ymax": 285, "xmax": 242}}], [{"tid": 0, "generated": 0, "bbox": {"xmin": 169, "ymin": 144, "ymax": 295, "xmax": 548}}, {"tid": 1, "generated": 0, "bbox": {"xmin": 118, "ymin": 242, "ymax": 285, "xmax": 244}}], [{"tid": 0, "generated": 0, "bbox": {"xmin": 170, "ymin": 144, "ymax": 296, "xmax": 549}}, {"tid": 1, "generated": 0, "bbox": {"xmin": 119, "ymin": 242, "ymax": 285, "xmax": 246}}], [{"tid": 0, "generated": 0, "bbox": {"xmin": 169, "ymin": 145, "ymax": 296, "xmax": 549}}, {"tid": 1, "generated": 0, "bbox": {"xmin": 120, "ymin": 242, "ymax": 285, "xmax": 248}}], [{"tid": 0, "generated": 0, "bbox": {"xmin": 172, "ymin": 144, "ymax": 295, "xmax": 546}}, {"tid": 1, "generated": 0, "bbox": {"xmin": 120, "ymin": 241, "ymax": 283, "xmax": 244}}], [{"tid": 0, "generated": 0, "bbox": {"xmin": 171, "ymin": 143, "ymax": 294, "xmax": 545}}, {"tid": 1, "generated": 0, "bbox": {"xmin": 120, "ymin": 240, "ymax": 281, "xmax": 240}}], [{"tid": 0, "generated": 0, "bbox": {"xmin": 171, "ymin": 143, "ymax": 294, "xmax": 544}}, {"tid": 1, "generated": 0, "bbox": {"xmin": 120, "ymin": 240, "ymax": 282, "xmax": 241}}], [{"tid": 0, "generated": 0, "bbox": {"xmin": 171, "ymin": 143, "ymax": 294, "xmax": 543}}, {"tid": 1, "generated": 0, "bbox": {"xmin": 116, "ymin": 240, "ymax": 281, "xmax": 244}}], [{"tid": 0, "generated": 0, "bbox": {"xmin": 171, "ymin": 143, "ymax": 294, "xmax": 542}}, {"tid": 1, "generated": 0, "bbox": {"xmin": 118, "ymin": 239, "ymax": 281, "xmax": 241}}], [{"tid": 0, "generated": 0, "bbox": {"xmin": 170, "ymin": 143, "ymax": 293, "xmax": 541}}, {"tid": 1, "generated": 0, "bbox": {"xmin": 119, "ymin": 239, "ymax": 284, "xmax": 240}}], [{"tid": 0, "generated": 0, "bbox": {"xmin": 170, "ymin": 143, "ymax": 293, "xmax": 540}}, {"tid": 1, "generated": 0, "bbox": {"xmin": 120, "ymin": 239, "ymax": 280, "xmax": 240}}], [{"tid": 0, "generated": 0, "bbox": {"xmin": 170, "ymin": 143, "ymax": 293, "xmax": 539}}, {"tid": 1, "generated": 0, "bbox": {"xmin": 120, "ymin": 239, "ymax": 279, "xmax": 240}}], [{"tid": 0, "generated": 0, "bbox": {"xmin": 170, "ymin": 143, "ymax": 293, "xmax": 538}}, {"tid": 1, "generated": 0, "bbox": {"xmin": 120, "ymin": 239, "ymax": 280, "xmax": 240}}], [{"tid": 0, "generated": 0, "bbox": {"xmin": 170, "ymin": 143, "ymax": 293, "xmax": 537}}, {"tid": 1, "generated": 0, "bbox": {"xmin": 120, "ymin": 240, "ymax": 279, "xmax": 240}}], [{"tid": 0, "generated": 0, "bbox": {"xmin": 169, "ymin": 143, "ymax": 292, "xmax": 536}}, {"tid": 1, "generated": 0, "bbox": {"xmin": 120, "ymin": 240, "ymax": 279, "xmax": 240}}], [{"tid": 0, "generated": 0, "bbox": {"xmin": 168, "ymin": 143, "ymax": 292, "xmax": 536}}, {"tid": 1, "generated": 0, "bbox": {"xmin": 120, "ymin": 240, "ymax": 279, "xmax": 240}}], [{"tid": 0, "generated": 0, "bbox": {"xmin": 168, "ymin": 143, "ymax": 292, "xmax": 536}}, {"tid": 1, "generated": 0, "bbox": {"xmin": 120, "ymin": 240, "ymax": 280, "xmax": 240}}], [{"tid": 0, "generated": 0, "bbox": {"xmin": 168, "ymin": 143, "ymax": 292, "xmax": 535}}, {"tid": 1, "generated": 0, "bbox": {"xmin": 120, "ymin": 240, "ymax": 280, "xmax": 240}}], [{"tid": 0, "generated": 0, "bbox": {"xmin": 168, "ymin": 143, "ymax": 292, "xmax": 534}}, {"tid": 1, "generated": 0, "bbox": {"xmin": 120, "ymin": 240, "ymax": 280, "xmax": 240}}], [{"tid": 0, "generated": 0, "bbox": {"xmin": 168, "ymin": 143, "ymax": 292, "xmax": 533}}, {"tid": 1, "generated": 0, "bbox": {"xmin": 121, "ymin": 240, "ymax": 280, "xmax": 240}}], [{"tid": 0, "generated": 0, "bbox": {"xmin": 168, "ymin": 143, "ymax": 293, "xmax": 532}}, {"tid": 1, "generated": 0, "bbox": {"xmin": 122, "ymin": 240, "ymax": 280, "xmax": 240}}], [{"tid": 0, "generated": 0, "bbox": {"xmin": 168, "ymin": 143, "ymax": 293, "xmax": 531}}, {"tid": 1, "generated": 0, "bbox": {"xmin": 122, "ymin": 240, "ymax": 279, "xmax": 240}}], [{"tid": 0, "generated": 0, "bbox": {"xmin": 168, "ymin": 143, "ymax": 293, "xmax": 530}}, {"tid": 1, "generated": 0, "bbox": {"xmin": 122, "ymin": 240, "ymax": 279, "xmax": 240}}], [{"tid": 0, "generated": 0, "bbox": {"xmin": 169, "ymin": 144, "ymax": 294, "xmax": 529}}, {"tid": 1, "generated": 0, "bbox": {"xmin": 127, "ymin": 240, "ymax": 280, "xmax": 240}}], [{"tid": 0, "generated": 0, "bbox": {"xmin": 170, "ymin": 144, "ymax": 292, "xmax": 529}}, {"tid": 1, "generated": 0, "bbox": {"xmin": 126, "ymin": 240, "ymax": 280, "xmax": 240}}], [{"tid": 0, "generated": 0, "bbox": {"xmin": 170, "ymin": 145, "ymax": 291, "xmax": 528}}, {"tid": 1, "generated": 0, "bbox": {"xmin": 125, "ymin": 240, "ymax": 280, "xmax": 240}}], [{"tid": 0, "generated": 0, "bbox": {"xmin": 170, "ymin": 146, "ymax": 290, "xmax": 528}}, {"tid": 1, "generated": 0, "bbox": {"xmin": 125, "ymin": 240, "ymax": 280, "xmax": 240}}], [{"tid": 0, "generated": 0, "bbox": {"xmin": 168, "ymin": 148, "ymax": 290, "xmax": 528}}, {"tid": 1, "generated": 0, "bbox": {"xmin": 126, "ymin": 240, "ymax": 280, "xmax": 240}}]], "subject/objects": [{"category": "airplane", "tid": 0}, {"category": "airplane", "tid": 1}], "relation_instances": [{"end_fid": 30, "subject_tid": 0, "predicate": "move_behind", "begin_fid": 0, "object_tid": 1}, {"end_fid": 30, "subject_tid": 0, "predicate": "follow", "begin_fid": 0, "object_tid": 1}, {"end_fid": 30, "subject_tid": 1, "predicate": "move_front", "begin_fid": 0, "object_tid": 0}, {"end_fid": 45, "subject_tid": 0, "predicate": "move_behind", "begin_fid": 15, "object_tid": 1}, {"end_fid": 45, "subject_tid": 0, "predicate": "follow", "begin_fid": 15, "object_tid": 1}, {"end_fid": 45, "subject_tid": 1, "predicate": "move_front", "begin_fid": 15, "object_tid": 0}, {"end_fid": 60, "subject_tid": 0, "predicate": "move_behind", "begin_fid": 30, "object_tid": 1}, {"end_fid": 60, "subject_tid": 0, "predicate": "follow", "begin_fid": 30, "object_tid": 1}, {"end_fid": 60, "subject_tid": 1, "predicate": "move_front", "begin_fid": 30, "object_tid": 0}, {"end_fid": 75, "subject_tid": 0, "predicate": "move_behind", "begin_fid": 45, "object_tid": 1}, {"end_fid": 75, "subject_tid": 0, "predicate": "follow", "begin_fid": 45, "object_tid": 1}, {"end_fid": 75, "subject_tid": 1, "predicate": "move_front", "begin_fid": 45, "object_tid": 0}, {"end_fid": 90, "subject_tid": 0, "predicate": "move_behind", "begin_fid": 60, "object_tid": 1}, {"end_fid": 90, "subject_tid": 0, "predicate": "follow", "begin_fid": 60, "object_tid": 1}, {"end_fid": 90, "subject_tid": 1, "predicate": "move_front", "begin_fid": 60, "object_tid": 0}, {"end_fid": 105, "subject_tid": 0, "predicate": "move_behind", "begin_fid": 75, "object_tid": 1}, {"end_fid": 105, "subject_tid": 0, "predicate": "follow", "begin_fid": 75, "object_tid": 1}, {"end_fid": 105, "subject_tid": 1, "predicate": "move_front", "begin_fid": 75, "object_tid": 0}, {"end_fid": 120, "subject_tid": 0, "predicate": "move_behind", "begin_fid": 90, "object_tid": 1}, {"end_fid": 120, "subject_tid": 0, "predicate": "follow", "begin_fid": 90, "object_tid": 1}, {"end_fid": 120, "subject_tid": 1, "predicate": "move_front", "begin_fid": 90, "object_tid": 0}, {"end_fid": 135, "subject_tid": 0, "predicate": "move_behind", "begin_fid": 105, "object_tid": 1}, {"end_fid": 135, "subject_tid": 0, "predicate": "follow", "begin_fid": 105, "object_tid": 1}, {"end_fid": 135, "subject_tid": 1, "predicate": "move_front", "begin_fid": 105, "object_tid": 0}], "height": 360}