{"width": 1280, "frame_count": 100, "video_id": "ILSVRC2015_train_00057003", "fps": 30, "trajectories": [[{"tid": 0, "generated": 0, "bbox": {"xmin": 0, "ymin": 1, "ymax": 718, "xmax": 910}}, {"tid": 1, "generated": 0, "bbox": {"xmin": 632, "ymin": 133, "ymax": 718, "xmax": 1105}}], [{"tid": 0, "generated": 0, "bbox": {"xmin": 0, "ymin": 3, "ymax": 714, "xmax": 917}}, {"tid": 1, "generated": 0, "bbox": {"xmin": 643, "ymin": 131, "ymax": 716, "xmax": 1121}}], [{"tid": 0, "generated": 0, "bbox": {"xmin": 0, "ymin": 5, "ymax": 718, "xmax": 922}}, {"tid": 1, "generated": 0, "bbox": {"xmin": 659, "ymin": 132, "ymax": 716, "xmax": 1126}}], [{"tid": 0, "generated": 0, "bbox": {"xmin": 0, "ymin": 7, "ymax": 718, "xmax": 929}}, {"tid": 1, "generated": 0, "bbox": {"xmin": 675, "ymin": 134, "ymax": 717, "xmax": 1131}}], [{"tid": 0, "generated": 0, "bbox": {"xmin": 0, "ymin": 8, "ymax": 718, "xmax": 935}}, {"tid": 1, "generated": 0, "bbox": {"xmin": 691, "ymin": 136, "ymax": 718, "xmax": 1136}}], [{"tid": 0, "generated": 0, "bbox": {"xmin": 0, "ymin": 19, "ymax": 718, "xmax": 958}}, {"tid": 1, "generated": 0, "bbox": {"xmin": 700, "ymin": 133, "ymax": 718, "xmax": 1143}}], [{"tid": 0, "generated": 0, "bbox": {"xmin": 5, "ymin": 21, "ymax": 716, "xmax": 961}}, {"tid": 1, "generated": 0, "bbox": {"xmin": 709, "ymin": 138, "ymax": 714, "xmax": 1159}}], [{"tid": 0, "generated": 0, "bbox": {"xmin": 40, "ymin": 23, "ymax": 716, "xmax": 970}}, {"tid": 1, "generated": 0, "bbox": {"xmin": 718, "ymin": 131, "ymax": 714, "xmax": 1166}}], [{"tid": 0, "generated": 0, "bbox": {"xmin": 76, "ymin": 25, "ymax": 716, "xmax": 980}}, {"tid": 1, "generated": 0, "bbox": {"xmin": 728, "ymin": 125, "ymax": 715, "xmax": 1173}}], [{"tid": 0, "generated": 0, "bbox": {"xmin": 111, "ymin": 27, "ymax": 716, "xmax": 989}}, {"tid": 1, "generated": 0, "bbox": {"xmin": 738, "ymin": 119, "ymax": 715, "xmax": 1180}}], [{"tid": 0, "generated": 0, "bbox": {"xmin": 147, "ymin": 30, "ymax": 716, "xmax": 999}}, {"tid": 1, "generated": 0, "bbox": {"xmin": 748, "ymin": 113, "ymax": 716, "xmax": 1187}}], [{"tid": 0, "generated": 0, "bbox": {"xmin": 174, "ymin": 26, "ymax": 718, "xmax": 999}}, {"tid": 1, "generated": 0, "bbox": {"xmin": 757, "ymin": 110, "ymax": 716, "xmax": 1194}}], [{"tid": 0, "generated": 0, "bbox": {"xmin": 199, "ymin": 23, "ymax": 718, "xmax": 1009}}, {"tid": 1, "generated": 0, "bbox": {"xmin": 766, "ymin": 108, "ymax": 717, "xmax": 1202}}], [{"tid": 0, "generated": 0, "bbox": {"xmin": 227, "ymin": 19, "ymax": 714, "xmax": 1020}}, {"tid": 1, "generated": 0, "bbox": {"xmin": 776, "ymin": 106, "ymax": 718, "xmax": 1210}}], [{"tid": 0, "generated": 0, "bbox": {"xmin": 247, "ymin": 21, "ymax": 718, "xmax": 1032}}, {"tid": 1, "generated": 0, "bbox": {"xmin": 781, "ymin": 101, "ymax": 717, "xmax": 1212}}], [{"tid": 0, "generated": 0, "bbox": {"xmin": 257, "ymin": 12, "ymax": 716, "xmax": 1034}}, {"tid": 1, "generated": 0, "bbox": {"xmin": 787, "ymin": 96, "ymax": 717, "xmax": 1215}}], [{"tid": 0, "generated": 0, "bbox": {"xmin": 268, "ymin": 5, "ymax": 718, "xmax": 1038}}, {"tid": 1, "generated": 0, "bbox": {"xmin": 792, "ymin": 91, "ymax": 716, "xmax": 1218}}], [{"tid": 0, "generated": 0, "bbox": {"xmin": 273, "ymin": 3, "ymax": 715, "xmax": 1034}}, {"tid": 1, "generated": 0, "bbox": {"xmin": 798, "ymin": 87, "ymax": 716, "xmax": 1221}}], [{"tid": 0, "generated": 0, "bbox": {"xmin": 279, "ymin": 1, "ymax": 712, "xmax": 1031}}, {"tid": 1, "generated": 0, "bbox": {"xmin": 803, "ymin": 86, "ymax": 717, "xmax": 1223}}], [{"tid": 0, "generated": 0, "bbox": {"xmin": 279, "ymin": 0, "ymax": 718, "xmax": 1025}}, {"tid": 1, "generated": 0, "bbox": {"xmin": 808, "ymin": 85, "ymax": 718, "xmax": 1226}}], [{"tid": 0, "generated": 0, "bbox": {"xmin": 279, "ymin": 0, "ymax": 714, "xmax": 1022}}, {"tid": 1, "generated": 0, "bbox": {"xmin": 816, "ymin": 85, "ymax": 714, "xmax": 1235}}], [{"tid": 0, "generated": 0, "bbox": {"xmin": 282, "ymin": 0, "ymax": 715, "xmax": 1019}}, {"tid": 1, "generated": 0, "bbox": {"xmin": 816, "ymin": 86, "ymax": 714, "xmax": 1232}}], [{"tid": 0, "generated": 0, "bbox": {"xmin": 285, "ymin": 0, "ymax": 716, "xmax": 1016}}, {"tid": 1, "generated": 0, "bbox": {"xmin": 816, "ymin": 87, "ymax": 714, "xmax": 1230}}], [{"tid": 0, "generated": 0, "bbox": {"xmin": 289, "ymin": 0, "ymax": 718, "xmax": 1013}}, {"tid": 1, "generated": 0, "bbox": {"xmin": 816, "ymin": 88, "ymax": 715, "xmax": 1228}}], [{"tid": 0, "generated": 0, "bbox": {"xmin": 292, "ymin": 0, "ymax": 717, "xmax": 1011}}, {"tid": 1, "generated": 0, "bbox": {"xmin": 816, "ymin": 89, "ymax": 715, "xmax": 1226}}], [{"tid": 0, "generated": 0, "bbox": {"xmin": 296, "ymin": 0, "ymax": 717, "xmax": 1009}}, {"tid": 1, "generated": 0, "bbox": {"xmin": 816, "ymin": 90, "ymax": 716, "xmax": 1224}}], [{"tid": 0, "generated": 0, "bbox": {"xmin": 299, "ymin": 0, "ymax": 717, "xmax": 1007}}, {"tid": 1, "generated": 0, "bbox": {"xmin": 816, "ymin": 91, "ymax": 716, "xmax": 1222}}], [{"tid": 0, "generated": 0, "bbox": {"xmin": 303, "ymin": 0, "ymax": 716, "xmax": 1005}}, {"tid": 1, "generated": 0, "bbox": {"xmin": 816, "ymin": 92, "ymax": 716, "xmax": 1220}}], [{"tid": 0, "generated": 0, "bbox": {"xmin": 306, "ymin": 0, "ymax": 716, "xmax": 1003}}, {"tid": 1, "generated": 0, "bbox": {"xmin": 816, "ymin": 93, "ymax": 717, "xmax": 1218}}], [{"tid": 0, "generated": 0, "bbox": {"xmin": 310, "ymin": 0, "ymax": 716, "xmax": 1001}}, {"tid": 1, "generated": 0, "bbox": {"xmin": 816, "ymin": 94, "ymax": 717, "xmax": 1216}}], [{"tid": 0, "generated": 0, "bbox": {"xmin": 314, "ymin": 0, "ymax": 716, "xmax": 999}}, {"tid": 1, "generated": 0, "bbox": {"xmin": 816, "ymin": 96, "ymax": 718, "xmax": 1214}}], [{"tid": 0, "generated": 0, "bbox": {"xmin": 307, "ymin": 0, "ymax": 716, "xmax": 987}}, {"tid": 1, "generated": 0, "bbox": {"xmin": 809, "ymin": 96, "ymax": 718, "xmax": 1209}}], [{"tid": 0, "generated": 0, "bbox": {"xmin": 300, "ymin": 0, "ymax": 717, "xmax": 976}}, {"tid": 1, "generated": 0, "bbox": {"xmin": 802, "ymin": 97, "ymax": 718, "xmax": 1204}}], [{"tid": 0, "generated": 0, "bbox": {"xmin": 293, "ymin": 0, "ymax": 718, "xmax": 965}}, {"tid": 1, "generated": 0, "bbox": {"xmin": 795, "ymin": 98, "ymax": 718, "xmax": 1199}}], [{"tid": 0, "generated": 0, "bbox": {"xmin": 286, "ymin": 0, "ymax": 714, "xmax": 945}}, {"tid": 1, "generated": 0, "bbox": {"xmin": 788, "ymin": 99, "ymax": 718, "xmax": 1194}}], [{"tid": 0, "generated": 0, "bbox": {"xmin": 279, "ymin": 0, "ymax": 714, "xmax": 939}}, {"tid": 1, "generated": 0, "bbox": {"xmin": 782, "ymin": 100, "ymax": 718, "xmax": 1190}}], [{"tid": 0, "generated": 0, "bbox": {"xmin": 272, "ymin": 0, "ymax": 714, "xmax": 933}}, {"tid": 1, "generated": 0, "bbox": {"xmin": 775, "ymin": 100, "ymax": 718, "xmax": 1185}}], [{"tid": 0, "generated": 0, "bbox": {"xmin": 265, "ymin": 0, "ymax": 715, "xmax": 933}}, {"tid": 1, "generated": 0, "bbox": {"xmin": 768, "ymin": 101, "ymax": 718, "xmax": 1180}}], [{"tid": 0, "generated": 0, "bbox": {"xmin": 258, "ymin": 0, "ymax": 716, "xmax": 934}}, {"tid": 1, "generated": 0, "bbox": {"xmin": 761, "ymin": 102, "ymax": 718, "xmax": 1175}}], [{"tid": 0, "generated": 0, "bbox": {"xmin": 251, "ymin": 0, "ymax": 717, "xmax": 935}}, {"tid": 1, "generated": 0, "bbox": {"xmin": 754, "ymin": 103, "ymax": 718, "xmax": 1170}}], [{"tid": 0, "generated": 0, "bbox": {"xmin": 245, "ymin": 0, "ymax": 718, "xmax": 936}}, {"tid": 1, "generated": 0, "bbox": {"xmin": 748, "ymin": 104, "ymax": 718, "xmax": 1166}}], [{"tid": 0, "generated": 0, "bbox": {"xmin": 229, "ymin": 0, "ymax": 718, "xmax": 935}}, {"tid": 1, "generated": 0, "bbox": {"xmin": 743, "ymin": 108, "ymax": 716, "xmax": 1167}}], [{"tid": 0, "generated": 0, "bbox": {"xmin": 220, "ymin": 0, "ymax": 716, "xmax": 924}}, {"tid": 1, "generated": 0, "bbox": {"xmin": 739, "ymin": 113, "ymax": 714, "xmax": 1169}}], [{"tid": 0, "generated": 0, "bbox": {"xmin": 211, "ymin": 0, "ymax": 716, "xmax": 926}}, {"tid": 1, "generated": 0, "bbox": {"xmin": 734, "ymin": 117, "ymax": 716, "xmax": 1170}}], [{"tid": 0, "generated": 0, "bbox": {"xmin": 202, "ymin": 0, "ymax": 717, "xmax": 928}}, {"tid": 1, "generated": 0, "bbox": {"xmin": 730, "ymin": 122, "ymax": 718, "xmax": 1171}}], [{"tid": 0, "generated": 0, "bbox": {"xmin": 193, "ymin": 0, "ymax": 718, "xmax": 931}}, {"tid": 1, "generated": 0, "bbox": {"xmin": 732, "ymin": 133, "ymax": 718, "xmax": 1169}}], [{"tid": 0, "generated": 0, "bbox": {"xmin": 187, "ymin": 0, "ymax": 716, "xmax": 933}}, {"tid": 1, "generated": 0, "bbox": {"xmin": 727, "ymin": 136, "ymax": 716, "xmax": 1171}}], [{"tid": 0, "generated": 0, "bbox": {"xmin": 181, "ymin": 0, "ymax": 715, "xmax": 936}}, {"tid": 1, "generated": 0, "bbox": {"xmin": 732, "ymin": 144, "ymax": 716, "xmax": 1173}}], [{"tid": 0, "generated": 0, "bbox": {"xmin": 175, "ymin": 0, "ymax": 714, "xmax": 939}}, {"tid": 1, "generated": 0, "bbox": {"xmin": 737, "ymin": 152, "ymax": 716, "xmax": 1176}}], [{"tid": 0, "generated": 0, "bbox": {"xmin": 169, "ymin": 0, "ymax": 713, "xmax": 942}}, {"tid": 1, "generated": 0, "bbox": {"xmin": 742, "ymin": 153, "ymax": 716, "xmax": 1180}}], [{"tid": 0, "generated": 0, "bbox": {"xmin": 163, "ymin": 0, "ymax": 712, "xmax": 945}}, {"tid": 1, "generated": 0, "bbox": {"xmin": 748, "ymin": 154, "ymax": 716, "xmax": 1184}}], [{"tid": 0, "generated": 0, "bbox": {"xmin": 154, "ymin": 0, "ymax": 715, "xmax": 944}}, {"tid": 1, "generated": 0, "bbox": {"xmin": 737, "ymin": 160, "ymax": 714, "xmax": 1184}}], [{"tid": 0, "generated": 0, "bbox": {"xmin": 145, "ymin": 0, "ymax": 718, "xmax": 944}}, {"tid": 1, "generated": 0, "bbox": {"xmin": 736, "ymin": 156, "ymax": 718, "xmax": 1185}}], [{"tid": 0, "generated": 0, "bbox": {"xmin": 135, "ymin": 0, "ymax": 717, "xmax": 944}}, {"tid": 1, "generated": 0, "bbox": {"xmin": 734, "ymin": 158, "ymax": 717, "xmax": 1187}}], [{"tid": 0, "generated": 0, "bbox": {"xmin": 126, "ymin": 0, "ymax": 716, "xmax": 945}}, {"tid": 1, "generated": 0, "bbox": {"xmin": 732, "ymin": 160, "ymax": 716, "xmax": 1189}}], [{"tid": 0, "generated": 0, "bbox": {"xmin": 111, "ymin": 0, "ymax": 716, "xmax": 947}}, {"tid": 1, "generated": 0, "bbox": {"xmin": 730, "ymin": 154, "ymax": 716, "xmax": 1192}}], [{"tid": 0, "generated": 0, "bbox": {"xmin": 96, "ymin": 0, "ymax": 716, "xmax": 949}}, {"tid": 1, "generated": 0, "bbox": {"xmin": 729, "ymin": 149, "ymax": 716, "xmax": 1195}}], [{"tid": 0, "generated": 0, "bbox": {"xmin": 81, "ymin": 0, "ymax": 717, "xmax": 951}}, {"tid": 1, "generated": 0, "bbox": {"xmin": 728, "ymin": 144, "ymax": 716, "xmax": 1198}}], [{"tid": 0, "generated": 0, "bbox": {"xmin": 66, "ymin": 0, "ymax": 717, "xmax": 953}}, {"tid": 1, "generated": 0, "bbox": {"xmin": 727, "ymin": 142, "ymax": 716, "xmax": 1202}}], [{"tid": 0, "generated": 0, "bbox": {"xmin": 51, "ymin": 0, "ymax": 717, "xmax": 955}}, {"tid": 1, "generated": 0, "bbox": {"xmin": 727, "ymin": 141, "ymax": 717, "xmax": 1207}}], [{"tid": 0, "generated": 0, "bbox": {"xmin": 37, "ymin": 0, "ymax": 718, "xmax": 958}}, {"tid": 1, "generated": 0, "bbox": {"xmin": 727, "ymin": 140, "ymax": 718, "xmax": 1212}}], [{"tid": 0, "generated": 0, "bbox": {"xmin": 23, "ymin": 0, "ymax": 716, "xmax": 954}}, {"tid": 1, "generated": 0, "bbox": {"xmin": 735, "ymin": 142, "ymax": 717, "xmax": 1212}}], [{"tid": 0, "generated": 0, "bbox": {"xmin": 14, "ymin": 0, "ymax": 718, "xmax": 951}}, {"tid": 1, "generated": 0, "bbox": {"xmin": 744, "ymin": 145, "ymax": 716, "xmax": 1212}}], [{"tid": 0, "generated": 0, "bbox": {"xmin": 1, "ymin": 0, "ymax": 716, "xmax": 951}}, {"tid": 1, "generated": 0, "bbox": {"xmin": 748, "ymin": 147, "ymax": 718, "xmax": 1210}}], [{"tid": 0, "generated": 0, "bbox": {"xmin": 0, "ymin": 0, "ymax": 715, "xmax": 944}}, {"tid": 1, "generated": 0, "bbox": {"xmin": 816, "ymin": 149, "ymax": 718, "xmax": 1209}}], [{"tid": 0, "generated": 0, "bbox": {"xmin": 0, "ymin": 0, "ymax": 714, "xmax": 937}}, {"tid": 1, "generated": 0, "bbox": {"xmin": 885, "ymin": 152, "ymax": 718, "xmax": 1208}}], [{"tid": 0, "generated": 0, "bbox": {"xmin": 0, "ymin": 0, "ymax": 714, "xmax": 931}}, {"tid": 1, "generated": 0, "bbox": {"xmin": 880, "ymin": 165, "ymax": 716, "xmax": 1217}}], [{"tid": 0, "generated": 0, "bbox": {"xmin": 0, "ymin": 0, "ymax": 714, "xmax": 935}}, {"tid": 1, "generated": 0, "bbox": {"xmin": 869, "ymin": 168, "ymax": 715, "xmax": 1216}}], [{"tid": 0, "generated": 0, "bbox": {"xmin": 0, "ymin": 0, "ymax": 714, "xmax": 939}}, {"tid": 1, "generated": 0, "bbox": {"xmin": 858, "ymin": 172, "ymax": 714, "xmax": 1216}}], [{"tid": 0, "generated": 0, "bbox": {"xmin": 0, "ymin": 0, "ymax": 714, "xmax": 943}}, {"tid": 1, "generated": 0, "bbox": {"xmin": 847, "ymin": 175, "ymax": 713, "xmax": 1216}}], [{"tid": 0, "generated": 0, "bbox": {"xmin": 0, "ymin": 0, "ymax": 714, "xmax": 947}}, {"tid": 1, "generated": 0, "bbox": {"xmin": 837, "ymin": 179, "ymax": 712, "xmax": 1216}}], [{"tid": 0, "generated": 0, "bbox": {"xmin": 0, "ymin": 0, "ymax": 718, "xmax": 935}}, {"tid": 1, "generated": 0, "bbox": {"xmin": 848, "ymin": 186, "ymax": 716, "xmax": 1214}}], [{"tid": 0, "generated": 0, "bbox": {"xmin": 0, "ymin": 0, "ymax": 716, "xmax": 913}}, {"tid": 1, "generated": 0, "bbox": {"xmin": 844, "ymin": 181, "ymax": 714, "xmax": 1214}}], [{"tid": 0, "generated": 0, "bbox": {"xmin": 0, "ymin": 0, "ymax": 716, "xmax": 911}}, {"tid": 1, "generated": 0, "bbox": {"xmin": 824, "ymin": 188, "ymax": 712, "xmax": 1212}}], [{"tid": 0, "generated": 0, "bbox": {"xmin": 0, "ymin": 0, "ymax": 716, "xmax": 910}}, {"tid": 1, "generated": 0, "bbox": {"xmin": 821, "ymin": 204, "ymax": 711, "xmax": 1214}}], [{"tid": 0, "generated": 0, "bbox": {"xmin": 0, "ymin": 0, "ymax": 716, "xmax": 909}}, {"tid": 1, "generated": 0, "bbox": {"xmin": 812, "ymin": 200, "ymax": 712, "xmax": 1216}}], [{"tid": 0, "generated": 0, "bbox": {"xmin": 0, "ymin": 0, "ymax": 716, "xmax": 907}}, {"tid": 1, "generated": 0, "bbox": {"xmin": 804, "ymin": 196, "ymax": 713, "xmax": 1218}}], [{"tid": 0, "generated": 0, "bbox": {"xmin": 0, "ymin": 0, "ymax": 716, "xmax": 906}}, {"tid": 1, "generated": 0, "bbox": {"xmin": 796, "ymin": 192, "ymax": 714, "xmax": 1221}}], [{"tid": 0, "generated": 0, "bbox": {"xmin": 0, "ymin": 0, "ymax": 716, "xmax": 905}}, {"tid": 1, "generated": 0, "bbox": {"xmin": 776, "ymin": 195, "ymax": 714, "xmax": 1221}}], [{"tid": 0, "generated": 0, "bbox": {"xmin": 0, "ymin": 0, "ymax": 716, "xmax": 904}}, {"tid": 1, "generated": 0, "bbox": {"xmin": 774, "ymin": 169, "ymax": 716, "xmax": 1227}}], [{"tid": 0, "generated": 0, "bbox": {"xmin": 0, "ymin": 0, "ymax": 716, "xmax": 894}}, {"tid": 1, "generated": 0, "bbox": {"xmin": 773, "ymin": 144, "ymax": 718, "xmax": 1233}}], [{"tid": 0, "generated": 0, "bbox": {"xmin": 0, "ymin": 0, "ymax": 715, "xmax": 900}}, {"tid": 1, "generated": 0, "bbox": {"xmin": 757, "ymin": 136, "ymax": 716, "xmax": 1239}}], [{"tid": 0, "generated": 0, "bbox": {"xmin": 0, "ymin": 0, "ymax": 715, "xmax": 906}}, {"tid": 1, "generated": 0, "bbox": {"xmin": 752, "ymin": 140, "ymax": 712, "xmax": 1242}}], [{"tid": 0, "generated": 0, "bbox": {"xmin": 0, "ymin": 0, "ymax": 714, "xmax": 913}}, {"tid": 1, "generated": 0, "bbox": {"xmin": 755, "ymin": 144, "ymax": 716, "xmax": 1244}}], [{"tid": 0, "generated": 0, "bbox": {"xmin": 0, "ymin": 0, "ymax": 714, "xmax": 919}}, {"tid": 1, "generated": 0, "bbox": {"xmin": 748, "ymin": 149, "ymax": 712, "xmax": 1246}}], [{"tid": 0, "generated": 0, "bbox": {"xmin": 0, "ymin": 0, "ymax": 714, "xmax": 926}}, {"tid": 1, "generated": 0, "bbox": {"xmin": 748, "ymin": 161, "ymax": 716, "xmax": 1239}}], [{"tid": 0, "generated": 0, "bbox": {"xmin": 0, "ymin": 0, "ymax": 718, "xmax": 915}}, {"tid": 1, "generated": 0, "bbox": {"xmin": 755, "ymin": 170, "ymax": 716, "xmax": 1242}}], [{"tid": 0, "generated": 0, "bbox": {"xmin": 0, "ymin": 0, "ymax": 716, "xmax": 919}}, {"tid": 1, "generated": 0, "bbox": {"xmin": 764, "ymin": 188, "ymax": 716, "xmax": 1244}}], [{"tid": 0, "generated": 0, "bbox": {"xmin": 0, "ymin": 0, "ymax": 716, "xmax": 943}}, {"tid": 1, "generated": 0, "bbox": {"xmin": 782, "ymin": 199, "ymax": 714, "xmax": 1246}}], [{"tid": 0, "generated": 0, "bbox": {"xmin": 0, "ymin": 0, "ymax": 716, "xmax": 968}}, {"tid": 1, "generated": 0, "bbox": {"xmin": 786, "ymin": 246, "ymax": 714, "xmax": 1240}}]], "subject/objects": [{"category": "red_panda", "tid": 0}, {"category": "red_panda", "tid": 1}], "relation_instances": [{"end_fid": 30, "subject_tid": 0, "predicate": "sit_front", "begin_fid": 0, "object_tid": 1}, {"end_fid": 30, "subject_tid": 1, "predicate": "sit_behind", "begin_fid": 0, "object_tid": 0}, {"end_fid": 45, "subject_tid": 0, "predicate": "sit_front", "begin_fid": 15, "object_tid": 1}, {"end_fid": 45, "subject_tid": 1, "predicate": "sit_behind", "begin_fid": 15, "object_tid": 0}, {"end_fid": 60, "subject_tid": 0, "predicate": "sit_front", "begin_fid": 30, "object_tid": 1}, {"end_fid": 60, "subject_tid": 1, "predicate": "sit_behind", "begin_fid": 30, "object_tid": 0}, {"end_fid": 75, "subject_tid": 0, "predicate": "front", "begin_fid": 45, "object_tid": 1}, {"end_fid": 75, "subject_tid": 1, "predicate": "sit_behind", "begin_fid": 45, "object_tid": 0}, {"end_fid": 90, "subject_tid": 0, "predicate": "front", "begin_fid": 60, "object_tid": 1}, {"end_fid": 90, "subject_tid": 1, "predicate": "sit_behind", "begin_fid": 60, "object_tid": 0}], "height": 720}