{"width": 1280, "frame_count": 290, "video_id": "ILSVRC2015_train_00109001", "fps": 29, "trajectories": [[], [], [], [], [], [], [], [], [], [], [], [], [], [], [], [], [], [], [], [], [], [], [], [], [], [], [], [], [], [], [], [], [], [], [], [], [], [], [], [], [], [], [], [], [], [], [], [], [], [], [], [], [], [], [], [], [], [], [], [], [], [], [], [], [], [], [], [], [], [], [], [], [], [], [], [], [], [], [], [], [], [], [], [], [], [], [], [], [], [], [], [], [], [], [], [], [], [], [], [], [], [], [], [], [], [], [], [], [], [], [], [], [], [], [], [], [], [], [], [], [], [], [], [], [], [], [], [], [], [], [], [], [], [], [], [], [], [], [], [], [], [], [], [], [], [], [], [], [], [], [{"tid": 1, "generated": 0, "bbox": {"xmin": 771, "ymin": 254, "ymax": 608, "xmax": 1100}}, {"tid": 2, "generated": 0, "bbox": {"xmin": 131, "ymin": 0, "ymax": 407, "xmax": 576}}], [{"tid": 1, "generated": 0, "bbox": {"xmin": 748, "ymin": 272, "ymax": 625, "xmax": 1002}}, {"tid": 2, "generated": 0, "bbox": {"xmin": 99, "ymin": 0, "ymax": 408, "xmax": 551}}], [{"tid": 1, "generated": 0, "bbox": {"xmin": 748, "ymin": 282, "ymax": 638, "xmax": 999}}, {"tid": 2, "generated": 0, "bbox": {"xmin": 81, "ymin": 0, "ymax": 428, "xmax": 531}}], [{"tid": 1, "generated": 0, "bbox": {"xmin": 748, "ymin": 288, "ymax": 638, "xmax": 997}}, {"tid": 2, "generated": 0, "bbox": {"xmin": 67, "ymin": 0, "ymax": 432, "xmax": 522}}], [{"tid": 1, "generated": 0, "bbox": {"xmin": 784, "ymin": 295, "ymax": 659, "xmax": 1000}}, {"tid": 2, "generated": 0, "bbox": {"xmin": 67, "ymin": 0, "ymax": 451, "xmax": 520}}], [{"tid": 1, "generated": 0, "bbox": {"xmin": 789, "ymin": 307, "ymax": 590, "xmax": 988}}, {"tid": 2, "generated": 0, "bbox": {"xmin": 58, "ymin": 24, "ymax": 467, "xmax": 517}}], [{"tid": 1, "generated": 0, "bbox": {"xmin": 812, "ymin": 334, "ymax": 609, "xmax": 977}}, {"tid": 2, "generated": 0, "bbox": {"xmin": 51, "ymin": 40, "ymax": 496, "xmax": 513}}], [{"tid": 1, "generated": 0, "bbox": {"xmin": 723, "ymin": 336, "ymax": 682, "xmax": 972}}, {"tid": 2, "generated": 0, "bbox": {"xmin": 53, "ymin": 53, "ymax": 508, "xmax": 508}}], [{"tid": 1, "generated": 0, "bbox": {"xmin": 737, "ymin": 350, "ymax": 711, "xmax": 986}}, {"tid": 2, "generated": 0, "bbox": {"xmin": 67, "ymin": 64, "ymax": 522, "xmax": 517}}], [{"tid": 1, "generated": 0, "bbox": {"xmin": 743, "ymin": 357, "ymax": 716, "xmax": 993}}, {"tid": 2, "generated": 0, "bbox": {"xmin": 74, "ymin": 83, "ymax": 544, "xmax": 528}}], [{"tid": 1, "generated": 0, "bbox": {"xmin": 743, "ymin": 412, "ymax": 718, "xmax": 887}}, {"tid": 2, "generated": 0, "bbox": {"xmin": 74, "ymin": 104, "ymax": 563, "xmax": 533}}], [{"tid": 1, "generated": 0, "bbox": {"xmin": 743, "ymin": 407, "ymax": 716, "xmax": 924}}, {"tid": 2, "generated": 0, "bbox": {"xmin": 80, "ymin": 124, "ymax": 577, "xmax": 444}}], [{"tid": 1, "generated": 0, "bbox": {"xmin": 743, "ymin": 407, "ymax": 718, "xmax": 947}}, {"tid": 2, "generated": 0, "bbox": {"xmin": 78, "ymin": 129, "ymax": 584, "xmax": 472}}], [{"tid": 1, "generated": 0, "bbox": {"xmin": 743, "ymin": 407, "ymax": 718, "xmax": 976}}, {"tid": 2, "generated": 0, "bbox": {"xmin": 80, "ymin": 135, "ymax": 588, "xmax": 490}}], [{"tid": 1, "generated": 0, "bbox": {"xmin": 750, "ymin": 407, "ymax": 716, "xmax": 992}}, {"tid": 2, "generated": 0, "bbox": {"xmin": 81, "ymin": 142, "ymax": 592, "xmax": 506}}], [{"tid": 1, "generated": 0, "bbox": {"xmin": 752, "ymin": 407, "ymax": 716, "xmax": 997}}, {"tid": 2, "generated": 0, "bbox": {"xmin": 87, "ymin": 138, "ymax": 593, "xmax": 522}}], [{"tid": 1, "generated": 0, "bbox": {"xmin": 736, "ymin": 407, "ymax": 718, "xmax": 995}}, {"tid": 2, "generated": 0, "bbox": {"xmin": 80, "ymin": 142, "ymax": 602, "xmax": 529}}], [{"tid": 1, "generated": 0, "bbox": {"xmin": 736, "ymin": 424, "ymax": 718, "xmax": 990}}, {"tid": 2, "generated": 0, "bbox": {"xmin": 72, "ymin": 151, "ymax": 613, "xmax": 528}}], [{"tid": 1, "generated": 0, "bbox": {"xmin": 736, "ymin": 426, "ymax": 718, "xmax": 985}}, {"tid": 2, "generated": 0, "bbox": {"xmin": 72, "ymin": 160, "ymax": 616, "xmax": 526}}], [{"tid": 1, "generated": 0, "bbox": {"xmin": 736, "ymin": 428, "ymax": 718, "xmax": 981}}, {"tid": 2, "generated": 0, "bbox": {"xmin": 65, "ymin": 160, "ymax": 622, "xmax": 536}}], [{"tid": 1, "generated": 0, "bbox": {"xmin": 736, "ymin": 439, "ymax": 718, "xmax": 977}}, {"tid": 2, "generated": 0, "bbox": {"xmin": 72, "ymin": 160, "ymax": 620, "xmax": 536}}], [{"tid": 1, "generated": 0, "bbox": {"xmin": 738, "ymin": 439, "ymax": 717, "xmax": 980}}, {"tid": 2, "generated": 0, "bbox": {"xmin": 76, "ymin": 161, "ymax": 616, "xmax": 536}}], [{"tid": 1, "generated": 0, "bbox": {"xmin": 740, "ymin": 439, "ymax": 716, "xmax": 984}}, {"tid": 2, "generated": 0, "bbox": {"xmin": 80, "ymin": 158, "ymax": 611, "xmax": 535}}], [{"tid": 1, "generated": 0, "bbox": {"xmin": 743, "ymin": 439, "ymax": 716, "xmax": 988}}, {"tid": 2, "generated": 0, "bbox": {"xmin": 80, "ymin": 152, "ymax": 615, "xmax": 545}}], [{"tid": 1, "generated": 0, "bbox": {"xmin": 764, "ymin": 439, "ymax": 718, "xmax": 993}}, {"tid": 2, "generated": 0, "bbox": {"xmin": 103, "ymin": 152, "ymax": 615, "xmax": 560}}], [{"tid": 1, "generated": 0, "bbox": {"xmin": 785, "ymin": 444, "ymax": 714, "xmax": 1011}}, {"tid": 2, "generated": 0, "bbox": {"xmin": 119, "ymin": 158, "ymax": 613, "xmax": 568}}], [{"tid": 1, "generated": 0, "bbox": {"xmin": 810, "ymin": 444, "ymax": 718, "xmax": 1009}}, {"tid": 2, "generated": 0, "bbox": {"xmin": 133, "ymin": 158, "ymax": 624, "xmax": 577}}], [{"tid": 1, "generated": 0, "bbox": {"xmin": 837, "ymin": 442, "ymax": 718, "xmax": 1025}}, {"tid": 2, "generated": 0, "bbox": {"xmin": 145, "ymin": 156, "ymax": 620, "xmax": 588}}], [{"tid": 1, "generated": 0, "bbox": {"xmin": 867, "ymin": 442, "ymax": 718, "xmax": 1045}}, {"tid": 2, "generated": 0, "bbox": {"xmin": 161, "ymin": 149, "ymax": 616, "xmax": 602}}], [{"tid": 1, "generated": 0, "bbox": {"xmin": 896, "ymin": 442, "ymax": 709, "xmax": 1063}}, {"tid": 2, "generated": 0, "bbox": {"xmin": 179, "ymin": 147, "ymax": 615, "xmax": 618}}], [], [], [], [], [], [], [], [], [], [], [], [], [], [], [], [], [], [], [], [], [], [], [], [], [], [], [], [], [], [], [{"tid": 1, "generated": 0, "bbox": {"xmin": 744, "ymin": 444, "ymax": 716, "xmax": 993}}, {"tid": 2, "generated": 0, "bbox": {"xmin": 69, "ymin": 131, "ymax": 645, "xmax": 698}}], [{"tid": 1, "generated": 0, "bbox": {"xmin": 739, "ymin": 444, "ymax": 716, "xmax": 997}}, {"tid": 2, "generated": 0, "bbox": {"xmin": 69, "ymin": 120, "ymax": 643, "xmax": 707}}], [{"tid": 1, "generated": 0, "bbox": {"xmin": 753, "ymin": 444, "ymax": 716, "xmax": 997}}, {"tid": 2, "generated": 0, "bbox": {"xmin": 74, "ymin": 117, "ymax": 640, "xmax": 711}}], [{"tid": 1, "generated": 0, "bbox": {"xmin": 736, "ymin": 444, "ymax": 716, "xmax": 995}}, {"tid": 2, "generated": 0, "bbox": {"xmin": 81, "ymin": 120, "ymax": 641, "xmax": 707}}], [{"tid": 1, "generated": 0, "bbox": {"xmin": 789, "ymin": 444, "ymax": 718, "xmax": 993}}, {"tid": 2, "generated": 0, "bbox": {"xmin": 80, "ymin": 112, "ymax": 648, "xmax": 704}}], [{"tid": 1, "generated": 0, "bbox": {"xmin": 789, "ymin": 446, "ymax": 718, "xmax": 988}}, {"tid": 2, "generated": 0, "bbox": {"xmin": 81, "ymin": 106, "ymax": 654, "xmax": 707}}], [{"tid": 1, "generated": 0, "bbox": {"xmin": 789, "ymin": 449, "ymax": 718, "xmax": 983}}, {"tid": 2, "generated": 0, "bbox": {"xmin": 80, "ymin": 94, "ymax": 650, "xmax": 709}}], [{"tid": 1, "generated": 0, "bbox": {"xmin": 789, "ymin": 449, "ymax": 718, "xmax": 983}}, {"tid": 2, "generated": 0, "bbox": {"xmin": 85, "ymin": 85, "ymax": 652, "xmax": 711}}], [{"tid": 1, "generated": 0, "bbox": {"xmin": 784, "ymin": 442, "ymax": 718, "xmax": 981}}, {"tid": 2, "generated": 0, "bbox": {"xmin": 88, "ymin": 71, "ymax": 650, "xmax": 718}}], [{"tid": 1, "generated": 0, "bbox": {"xmin": 732, "ymin": 442, "ymax": 716, "xmax": 979}}, {"tid": 2, "generated": 0, "bbox": {"xmin": 90, "ymin": 71, "ymax": 647, "xmax": 714}}], [{"tid": 1, "generated": 0, "bbox": {"xmin": 732, "ymin": 444, "ymax": 716, "xmax": 976}}, {"tid": 2, "generated": 0, "bbox": {"xmin": 97, "ymin": 56, "ymax": 647, "xmax": 728}}], [{"tid": 1, "generated": 0, "bbox": {"xmin": 755, "ymin": 446, "ymax": 718, "xmax": 972}}, {"tid": 2, "generated": 0, "bbox": {"xmin": 104, "ymin": 55, "ymax": 654, "xmax": 741}}], [{"tid": 1, "generated": 0, "bbox": {"xmin": 780, "ymin": 449, "ymax": 718, "xmax": 974}}, {"tid": 2, "generated": 0, "bbox": {"xmin": 113, "ymin": 55, "ymax": 659, "xmax": 760}}], [{"tid": 1, "generated": 0, "bbox": {"xmin": 780, "ymin": 449, "ymax": 718, "xmax": 984}}, {"tid": 2, "generated": 0, "bbox": {"xmin": 120, "ymin": 55, "ymax": 663, "xmax": 769}}], [{"tid": 1, "generated": 0, "bbox": {"xmin": 785, "ymin": 449, "ymax": 718, "xmax": 984}}, {"tid": 2, "generated": 0, "bbox": {"xmin": 128, "ymin": 48, "ymax": 657, "xmax": 787}}], [{"tid": 1, "generated": 0, "bbox": {"xmin": 787, "ymin": 449, "ymax": 718, "xmax": 990}}, {"tid": 2, "generated": 0, "bbox": {"xmin": 131, "ymin": 48, "ymax": 659, "xmax": 798}}], [{"tid": 1, "generated": 0, "bbox": {"xmin": 791, "ymin": 449, "ymax": 718, "xmax": 993}}, {"tid": 2, "generated": 0, "bbox": {"xmin": 135, "ymin": 46, "ymax": 657, "xmax": 810}}], [{"tid": 1, "generated": 0, "bbox": {"xmin": 791, "ymin": 446, "ymax": 718, "xmax": 990}}, {"tid": 2, "generated": 0, "bbox": {"xmin": 135, "ymin": 42, "ymax": 659, "xmax": 821}}], [{"tid": 1, "generated": 0, "bbox": {"xmin": 789, "ymin": 446, "ymax": 718, "xmax": 988}}, {"tid": 2, "generated": 0, "bbox": {"xmin": 138, "ymin": 33, "ymax": 656, "xmax": 878}}], [{"tid": 1, "generated": 0, "bbox": {"xmin": 787, "ymin": 446, "ymax": 716, "xmax": 988}}, {"tid": 2, "generated": 0, "bbox": {"xmin": 135, "ymin": 35, "ymax": 661, "xmax": 938}}], [{"tid": 1, "generated": 0, "bbox": {"xmin": 785, "ymin": 446, "ymax": 718, "xmax": 988}}, {"tid": 2, "generated": 0, "bbox": {"xmin": 138, "ymin": 32, "ymax": 656, "xmax": 986}}], [{"tid": 1, "generated": 0, "bbox": {"xmin": 784, "ymin": 446, "ymax": 718, "xmax": 990}}, {"tid": 2, "generated": 0, "bbox": {"xmin": 140, "ymin": 35, "ymax": 657, "xmax": 1009}}], [{"tid": 1, "generated": 0, "bbox": {"xmin": 784, "ymin": 446, "ymax": 718, "xmax": 988}}, {"tid": 2, "generated": 0, "bbox": {"xmin": 145, "ymin": 33, "ymax": 659, "xmax": 1011}}], [{"tid": 1, "generated": 0, "bbox": {"xmin": 784, "ymin": 446, "ymax": 718, "xmax": 983}}, {"tid": 2, "generated": 0, "bbox": {"xmin": 149, "ymin": 28, "ymax": 659, "xmax": 1008}}], [{"tid": 1, "generated": 0, "bbox": {"xmin": 784, "ymin": 446, "ymax": 718, "xmax": 983}}, {"tid": 2, "generated": 0, "bbox": {"xmin": 156, "ymin": 35, "ymax": 657, "xmax": 1018}}], [{"tid": 1, "generated": 0, "bbox": {"xmin": 784, "ymin": 446, "ymax": 718, "xmax": 981}}, {"tid": 2, "generated": 0, "bbox": {"xmin": 160, "ymin": 37, "ymax": 659, "xmax": 1009}}], [{"tid": 1, "generated": 0, "bbox": {"xmin": 780, "ymin": 446, "ymax": 718, "xmax": 979}}, {"tid": 2, "generated": 0, "bbox": {"xmin": 165, "ymin": 40, "ymax": 657, "xmax": 1006}}], [{"tid": 1, "generated": 0, "bbox": {"xmin": 776, "ymin": 446, "ymax": 718, "xmax": 977}}, {"tid": 2, "generated": 0, "bbox": {"xmin": 170, "ymin": 37, "ymax": 654, "xmax": 1009}}], [{"tid": 1, "generated": 0, "bbox": {"xmin": 775, "ymin": 446, "ymax": 718, "xmax": 981}}, {"tid": 2, "generated": 0, "bbox": {"xmin": 174, "ymin": 40, "ymax": 657, "xmax": 1002}}], [{"tid": 1, "generated": 0, "bbox": {"xmin": 773, "ymin": 446, "ymax": 718, "xmax": 977}}, {"tid": 2, "generated": 0, "bbox": {"xmin": 179, "ymin": 46, "ymax": 661, "xmax": 1000}}]], "subject/objects": [{"category": "monkey", "tid": 1}, {"category": "monkey", "tid": 2}], "relation_instances": [{"end_fid": 180, "subject_tid": 1, "predicate": "sit_right", "begin_fid": 150, "object_tid": 2}, {"end_fid": 180, "subject_tid": 1, "predicate": "sit_behind", "begin_fid": 150, "object_tid": 2}, {"end_fid": 180, "subject_tid": 2, "predicate": "stand_front", "begin_fid": 150, "object_tid": 1}, {"end_fid": 180, "subject_tid": 2, "predicate": "stand_left", "begin_fid": 150, "object_tid": 1}, {"end_fid": 240, "subject_tid": 1, "predicate": "sit_behind", "begin_fid": 210, "object_tid": 2}, {"end_fid": 240, "subject_tid": 2, "predicate": "walk_front", "begin_fid": 210, "object_tid": 1}], "height": 720}