{"width": 1280, "frame_count": 70, "video_id": "ILSVRC2015_train_00415002", "fps": 24, "trajectories": [[{"tid": 0, "generated": 0, "bbox": {"xmin": 704, "ymin": 359, "ymax": 483, "xmax": 833}}, {"tid": 1, "generated": 0, "bbox": {"xmin": 758, "ymin": 349, "ymax": 478, "xmax": 840}}], [{"tid": 0, "generated": 0, "bbox": {"xmin": 684, "ymin": 359, "ymax": 478, "xmax": 817}}, {"tid": 1, "generated": 0, "bbox": {"xmin": 744, "ymin": 349, "ymax": 439, "xmax": 825}}], [{"tid": 0, "generated": 0, "bbox": {"xmin": 664, "ymin": 357, "ymax": 481, "xmax": 800}}, {"tid": 1, "generated": 0, "bbox": {"xmin": 730, "ymin": 348, "ymax": 438, "xmax": 810}}], [{"tid": 0, "generated": 0, "bbox": {"xmin": 650, "ymin": 355, "ymax": 482, "xmax": 784}}, {"tid": 1, "generated": 0, "bbox": {"xmin": 715, "ymin": 348, "ymax": 438, "xmax": 796}}], [{"tid": 0, "generated": 0, "bbox": {"xmin": 636, "ymin": 353, "ymax": 483, "xmax": 769}}, {"tid": 1, "generated": 0, "bbox": {"xmin": 701, "ymin": 347, "ymax": 437, "xmax": 781}}], [{"tid": 0, "generated": 0, "bbox": {"xmin": 624, "ymin": 350, "ymax": 481, "xmax": 759}}, {"tid": 1, "generated": 0, "bbox": {"xmin": 687, "ymin": 347, "ymax": 475, "xmax": 766}}], [{"tid": 0, "generated": 0, "bbox": {"xmin": 613, "ymin": 349, "ymax": 480, "xmax": 752}}, {"tid": 1, "generated": 0, "bbox": {"xmin": 678, "ymin": 347, "ymax": 476, "xmax": 759}}], [{"tid": 0, "generated": 0, "bbox": {"xmin": 602, "ymin": 348, "ymax": 480, "xmax": 746}}, {"tid": 1, "generated": 0, "bbox": {"xmin": 668, "ymin": 347, "ymax": 476, "xmax": 751}}], [{"tid": 0, "generated": 0, "bbox": {"xmin": 591, "ymin": 347, "ymax": 481, "xmax": 734}}, {"tid": 1, "generated": 0, "bbox": {"xmin": 659, "ymin": 348, "ymax": 477, "xmax": 744}}], [{"tid": 0, "generated": 0, "bbox": {"xmin": 580, "ymin": 346, "ymax": 482, "xmax": 722}}, {"tid": 1, "generated": 0, "bbox": {"xmin": 649, "ymin": 348, "ymax": 477, "xmax": 736}}], [{"tid": 0, "generated": 0, "bbox": {"xmin": 570, "ymin": 346, "ymax": 483, "xmax": 711}}, {"tid": 1, "generated": 0, "bbox": {"xmin": 640, "ymin": 348, "ymax": 478, "xmax": 729}}], [{"tid": 0, "generated": 0, "bbox": {"xmin": 558, "ymin": 344, "ymax": 485, "xmax": 702}}, {"tid": 1, "generated": 0, "bbox": {"xmin": 628, "ymin": 347, "ymax": 479, "xmax": 717}}], [{"tid": 0, "generated": 0, "bbox": {"xmin": 547, "ymin": 343, "ymax": 487, "xmax": 693}}, {"tid": 1, "generated": 0, "bbox": {"xmin": 616, "ymin": 345, "ymax": 480, "xmax": 705}}], [{"tid": 0, "generated": 0, "bbox": {"xmin": 542, "ymin": 341, "ymax": 490, "xmax": 686}}, {"tid": 1, "generated": 0, "bbox": {"xmin": 604, "ymin": 344, "ymax": 482, "xmax": 694}}], [{"tid": 0, "generated": 0, "bbox": {"xmin": 529, "ymin": 339, "ymax": 490, "xmax": 673}}, {"tid": 1, "generated": 0, "bbox": {"xmin": 592, "ymin": 342, "ymax": 483, "xmax": 682}}], [{"tid": 0, "generated": 0, "bbox": {"xmin": 518, "ymin": 338, "ymax": 491, "xmax": 664}}, {"tid": 1, "generated": 0, "bbox": {"xmin": 580, "ymin": 341, "ymax": 484, "xmax": 670}}], [{"tid": 0, "generated": 0, "bbox": {"xmin": 507, "ymin": 337, "ymax": 492, "xmax": 656}}, {"tid": 1, "generated": 0, "bbox": {"xmin": 570, "ymin": 341, "ymax": 483, "xmax": 662}}], [{"tid": 0, "generated": 0, "bbox": {"xmin": 496, "ymin": 337, "ymax": 494, "xmax": 647}}, {"tid": 1, "generated": 0, "bbox": {"xmin": 561, "ymin": 341, "ymax": 483, "xmax": 654}}], [{"tid": 0, "generated": 0, "bbox": {"xmin": 485, "ymin": 336, "ymax": 495, "xmax": 639}}, {"tid": 1, "generated": 0, "bbox": {"xmin": 551, "ymin": 341, "ymax": 482, "xmax": 647}}], [{"tid": 0, "generated": 0, "bbox": {"xmin": 474, "ymin": 336, "ymax": 497, "xmax": 631}}, {"tid": 1, "generated": 0, "bbox": {"xmin": 542, "ymin": 341, "ymax": 482, "xmax": 639}}], [{"tid": 0, "generated": 0, "bbox": {"xmin": 460, "ymin": 332, "ymax": 496, "xmax": 624}}, {"tid": 1, "generated": 0, "bbox": {"xmin": 532, "ymin": 341, "ymax": 481, "xmax": 631}}], [{"tid": 0, "generated": 0, "bbox": {"xmin": 449, "ymin": 330, "ymax": 501, "xmax": 611}}, {"tid": 1, "generated": 0, "bbox": {"xmin": 522, "ymin": 341, "ymax": 483, "xmax": 622}}], [{"tid": 0, "generated": 0, "bbox": {"xmin": 439, "ymin": 328, "ymax": 503, "xmax": 600}}, {"tid": 1, "generated": 0, "bbox": {"xmin": 511, "ymin": 340, "ymax": 485, "xmax": 613}}], [{"tid": 0, "generated": 0, "bbox": {"xmin": 426, "ymin": 327, "ymax": 503, "xmax": 591}}, {"tid": 1, "generated": 0, "bbox": {"xmin": 501, "ymin": 340, "ymax": 488, "xmax": 605}}], [{"tid": 0, "generated": 0, "bbox": {"xmin": 414, "ymin": 327, "ymax": 504, "xmax": 583}}, {"tid": 1, "generated": 0, "bbox": {"xmin": 490, "ymin": 339, "ymax": 490, "xmax": 596}}], [{"tid": 0, "generated": 0, "bbox": {"xmin": 404, "ymin": 325, "ymax": 505, "xmax": 575}}, {"tid": 1, "generated": 0, "bbox": {"xmin": 480, "ymin": 339, "ymax": 492, "xmax": 587}}], [{"tid": 0, "generated": 0, "bbox": {"xmin": 395, "ymin": 324, "ymax": 507, "xmax": 567}}, {"tid": 1, "generated": 0, "bbox": {"xmin": 458, "ymin": 336, "ymax": 493, "xmax": 577}}], [{"tid": 0, "generated": 0, "bbox": {"xmin": 386, "ymin": 323, "ymax": 508, "xmax": 559}}, {"tid": 1, "generated": 0, "bbox": {"xmin": 436, "ymin": 334, "ymax": 495, "xmax": 567}}], [{"tid": 0, "generated": 0, "bbox": {"xmin": 377, "ymin": 322, "ymax": 510, "xmax": 551}}, {"tid": 1, "generated": 0, "bbox": {"xmin": 414, "ymin": 331, "ymax": 496, "xmax": 556}}], [{"tid": 0, "generated": 0, "bbox": {"xmin": 368, "ymin": 321, "ymax": 512, "xmax": 544}}, {"tid": 1, "generated": 0, "bbox": {"xmin": 392, "ymin": 329, "ymax": 498, "xmax": 546}}]], "subject/objects": [{"category": "motorcycle", "tid": 0}, {"category": "person", "tid": 1}], "relation_instances": [{"end_fid": 30, "subject_tid": 0, "predicate": "move_beneath", "begin_fid": 0, "object_tid": 1}, {"end_fid": 30, "subject_tid": 1, "predicate": "sit_above", "begin_fid": 0, "object_tid": 0}, {"end_fid": 30, "subject_tid": 1, "predicate": "ride", "begin_fid": 0, "object_tid": 0}], "height": 720}