{"width": 480, "frame_count": 629, "video_id": "ILSVRC2015_train_00293005", "fps": 30, "trajectories": [[{"tid": 0, "generated": 0, "bbox": {"xmin": 54, "ymin": 112, "ymax": 251, "xmax": 403}}, {"tid": 9, "generated": 0, "bbox": {"xmin": 301, "ymin": 156, "ymax": 344, "xmax": 362}}], [{"tid": 0, "generated": 0, "bbox": {"xmin": 55, "ymin": 111, "ymax": 254, "xmax": 410}}, {"tid": 9, "generated": 0, "bbox": {"xmin": 301, "ymin": 156, "ymax": 344, "xmax": 362}}], [{"tid": 0, "generated": 0, "bbox": {"xmin": 56, "ymin": 110, "ymax": 257, "xmax": 417}}, {"tid": 9, "generated": 0, "bbox": {"xmin": 301, "ymin": 156, "ymax": 344, "xmax": 362}}], [{"tid": 0, "generated": 0, "bbox": {"xmin": 58, "ymin": 109, "ymax": 260, "xmax": 424}}, {"tid": 9, "generated": 0, "bbox": {"xmin": 301, "ymin": 156, "ymax": 344, "xmax": 362}}], [{"tid": 0, "generated": 0, "bbox": {"xmin": 60, "ymin": 110, "ymax": 265, "xmax": 434}}, {"tid": 9, "generated": 0, "bbox": {"xmin": 301, "ymin": 156, "ymax": 344, "xmax": 362}}], [{"tid": 0, "generated": 0, "bbox": {"xmin": 63, "ymin": 111, "ymax": 270, "xmax": 444}}, {"tid": 9, "generated": 0, "bbox": {"xmin": 301, "ymin": 156, "ymax": 344, "xmax": 362}}], [{"tid": 0, "generated": 0, "bbox": {"xmin": 66, "ymin": 112, "ymax": 276, "xmax": 454}}, {"tid": 9, "generated": 0, "bbox": {"xmin": 301, "ymin": 156, "ymax": 344, "xmax": 362}}], [{"tid": 0, "generated": 0, "bbox": {"xmin": 68, "ymin": 110, "ymax": 277, "xmax": 461}}, {"tid": 9, "generated": 0, "bbox": {"xmin": 300, "ymin": 156, "ymax": 344, "xmax": 361}}], [{"tid": 0, "generated": 0, "bbox": {"xmin": 70, "ymin": 108, "ymax": 278, "xmax": 468}}, {"tid": 9, "generated": 0, "bbox": {"xmin": 300, "ymin": 157, "ymax": 345, "xmax": 361}}], [{"tid": 0, "generated": 0, "bbox": {"xmin": 73, "ymin": 107, "ymax": 280, "xmax": 476}}, {"tid": 9, "generated": 0, "bbox": {"xmin": 299, "ymin": 157, "ymax": 345, "xmax": 360}}], [{"tid": 0, "generated": 0, "bbox": {"xmin": 74, "ymin": 106, "ymax": 284, "xmax": 477}}, {"tid": 9, "generated": 0, "bbox": {"xmin": 299, "ymin": 157, "ymax": 345, "xmax": 360}}], [{"tid": 0, "generated": 0, "bbox": {"xmin": 75, "ymin": 105, "ymax": 288, "xmax": 478}}, {"tid": 9, "generated": 0, "bbox": {"xmin": 298, "ymin": 157, "ymax": 345, "xmax": 359}}], [{"tid": 0, "generated": 0, "bbox": {"xmin": 77, "ymin": 104, "ymax": 292, "xmax": 479}}, {"tid": 9, "generated": 0, "bbox": {"xmin": 298, "ymin": 158, "ymax": 346, "xmax": 359}}], [{"tid": 0, "generated": 0, "bbox": {"xmin": 79, "ymin": 103, "ymax": 291, "xmax": 479}}, {"tid": 9, "generated": 0, "bbox": {"xmin": 297, "ymin": 158, "ymax": 346, "xmax": 358}}], [{"tid": 0, "generated": 0, "bbox": {"xmin": 82, "ymin": 102, "ymax": 290, "xmax": 479}}, {"tid": 9, "generated": 0, "bbox": {"xmin": 297, "ymin": 159, "ymax": 347, "xmax": 358}}], [{"tid": 0, "generated": 0, "bbox": {"xmin": 85, "ymin": 102, "ymax": 290, "xmax": 479}}, {"tid": 9, "generated": 0, "bbox": {"xmin": 296, "ymin": 159, "ymax": 347, "xmax": 357}}], [{"tid": 0, "generated": 0, "bbox": {"xmin": 86, "ymin": 102, "ymax": 290, "xmax": 479}}, {"tid": 9, "generated": 0, "bbox": {"xmin": 296, "ymin": 159, "ymax": 347, "xmax": 357}}], [{"tid": 0, "generated": 0, "bbox": {"xmin": 88, "ymin": 102, "ymax": 290, "xmax": 479}}, {"tid": 9, "generated": 0, "bbox": {"xmin": 295, "ymin": 159, "ymax": 347, "xmax": 356}}], [{"tid": 0, "generated": 0, "bbox": {"xmin": 90, "ymin": 102, "ymax": 290, "xmax": 479}}, {"tid": 9, "generated": 0, "bbox": {"xmin": 295, "ymin": 160, "ymax": 348, "xmax": 356}}], [{"tid": 0, "generated": 0, "bbox": {"xmin": 89, "ymin": 101, "ymax": 290, "xmax": 479}}, {"tid": 9, "generated": 0, "bbox": {"xmin": 294, "ymin": 160, "ymax": 348, "xmax": 355}}], [{"tid": 0, "generated": 0, "bbox": {"xmin": 88, "ymin": 100, "ymax": 291, "xmax": 479}}, {"tid": 9, "generated": 0, "bbox": {"xmin": 294, "ymin": 160, "ymax": 348, "xmax": 355}}], [{"tid": 0, "generated": 0, "bbox": {"xmin": 88, "ymin": 100, "ymax": 292, "xmax": 479}}, {"tid": 9, "generated": 0, "bbox": {"xmin": 292, "ymin": 160, "ymax": 348, "xmax": 353}}], [{"tid": 0, "generated": 0, "bbox": {"xmin": 87, "ymin": 99, "ymax": 293, "xmax": 479}}, {"tid": 9, "generated": 0, "bbox": {"xmin": 291, "ymin": 161, "ymax": 349, "xmax": 352}}], [{"tid": 0, "generated": 0, "bbox": {"xmin": 86, "ymin": 99, "ymax": 294, "xmax": 479}}, {"tid": 9, "generated": 0, "bbox": {"xmin": 289, "ymin": 161, "ymax": 349, "xmax": 350}}], [{"tid": 0, "generated": 0, "bbox": {"xmin": 86, "ymin": 98, "ymax": 295, "xmax": 479}}, {"tid": 9, "generated": 0, "bbox": {"xmin": 288, "ymin": 162, "ymax": 350, "xmax": 349}}], [{"tid": 0, "generated": 0, "bbox": {"xmin": 85, "ymin": 97, "ymax": 296, "xmax": 479}}, {"tid": 9, "generated": 0, "bbox": {"xmin": 286, "ymin": 162, "ymax": 350, "xmax": 347}}], [{"tid": 0, "generated": 0, "bbox": {"xmin": 84, "ymin": 97, "ymax": 296, "xmax": 479}}, {"tid": 9, "generated": 0, "bbox": {"xmin": 281, "ymin": 161, "ymax": 349, "xmax": 342}}], [{"tid": 0, "generated": 0, "bbox": {"xmin": 84, "ymin": 96, "ymax": 297, "xmax": 479}}, {"tid": 9, "generated": 0, "bbox": {"xmin": 276, "ymin": 161, "ymax": 349, "xmax": 337}}], [{"tid": 0, "generated": 0, "bbox": {"xmin": 83, "ymin": 96, "ymax": 298, "xmax": 479}}, {"tid": 9, "generated": 0, "bbox": {"xmin": 270, "ymin": 160, "ymax": 348, "xmax": 331}}], [{"tid": 0, "generated": 0, "bbox": {"xmin": 82, "ymin": 95, "ymax": 299, "xmax": 479}}, {"tid": 9, "generated": 0, "bbox": {"xmin": 265, "ymin": 160, "ymax": 348, "xmax": 326}}], [], [], [], [], [], [], [], [], [], [], [], [], [], [], [], [], [], [], [], [], [], [], [], [], [], [], [], [], [], [], [], [], [], [], [], [], [], [], [], [], [], [], [], [], [], [], [], [], [], [], [], [], [], [], [], [], [], [], [], [], [], [], [], [], [], [], [], [], [], [], [], [], [], [], [], [], [], [], [], [], [], [], [], [], [], [], [], [], [], [], [], [], [], [], [], [], [], [], [], [], [], [], [], [], [], [], [], [], [], [], [], [], [], [], [], [], [], [], [], [], [], [], [], [], [], [], [], [], [], [], [], [], [], [], [], [], [], [], [], [], [], [], [], [], [], [], [], [], [], [], [], [], [], [], [], [], [], [], [], [], [], [], [], [], [], [], [], [], [], [], [], [], [], [], [], [], [], [], [], [], [], [], [], [], [], [], [], [], [], [], [], [], [], [], [], [], [], [], [], [], [], [], [], [], [], [], [], [], [], [], [{"tid": 0, "generated": 0, "bbox": {"xmin": 92, "ymin": 102, "ymax": 219, "xmax": 398}}, {"tid": 7, "generated": 0, "bbox": {"xmin": 74, "ymin": 154, "ymax": 182, "xmax": 104}}], [{"tid": 0, "generated": 0, "bbox": {"xmin": 99, "ymin": 103, "ymax": 219, "xmax": 400}}, {"tid": 7, "generated": 0, "bbox": {"xmin": 73, "ymin": 154, "ymax": 182, "xmax": 108}}], [{"tid": 0, "generated": 0, "bbox": {"xmin": 105, "ymin": 105, "ymax": 219, "xmax": 402}}, {"tid": 7, "generated": 0, "bbox": {"xmin": 72, "ymin": 154, "ymax": 182, "xmax": 112}}], [{"tid": 0, "generated": 0, "bbox": {"xmin": 112, "ymin": 106, "ymax": 219, "xmax": 404}}, {"tid": 7, "generated": 0, "bbox": {"xmin": 71, "ymin": 154, "ymax": 182, "xmax": 116}}], [{"tid": 0, "generated": 0, "bbox": {"xmin": 119, "ymin": 108, "ymax": 219, "xmax": 407}}, {"tid": 7, "generated": 0, "bbox": {"xmin": 70, "ymin": 154, "ymax": 182, "xmax": 120}}], [{"tid": 0, "generated": 0, "bbox": {"xmin": 123, "ymin": 108, "ymax": 219, "xmax": 410}}, {"tid": 7, "generated": 0, "bbox": {"xmin": 69, "ymin": 153, "ymax": 181, "xmax": 126}}], [{"tid": 0, "generated": 0, "bbox": {"xmin": 128, "ymin": 108, "ymax": 219, "xmax": 413}}, {"tid": 7, "generated": 0, "bbox": {"xmin": 68, "ymin": 153, "ymax": 181, "xmax": 132}}], [{"tid": 0, "generated": 0, "bbox": {"xmin": 132, "ymin": 108, "ymax": 219, "xmax": 417}}, {"tid": 7, "generated": 0, "bbox": {"xmin": 67, "ymin": 153, "ymax": 181, "xmax": 139}}], [{"tid": 0, "generated": 0, "bbox": {"xmin": 137, "ymin": 108, "ymax": 219, "xmax": 420}}, {"tid": 7, "generated": 0, "bbox": {"xmin": 66, "ymin": 153, "ymax": 181, "xmax": 145}}], [{"tid": 0, "generated": 0, "bbox": {"xmin": 142, "ymin": 109, "ymax": 220, "xmax": 424}}, {"tid": 7, "generated": 0, "bbox": {"xmin": 66, "ymin": 153, "ymax": 181, "xmax": 152}}], [{"tid": 0, "generated": 0, "bbox": {"xmin": 147, "ymin": 109, "ymax": 220, "xmax": 427}}, {"tid": 7, "generated": 0, "bbox": {"xmin": 65, "ymin": 152, "ymax": 181, "xmax": 150}}], [{"tid": 0, "generated": 0, "bbox": {"xmin": 153, "ymin": 110, "ymax": 220, "xmax": 430}}, {"tid": 7, "generated": 0, "bbox": {"xmin": 65, "ymin": 152, "ymax": 181, "xmax": 148}}], [{"tid": 0, "generated": 0, "bbox": {"xmin": 158, "ymin": 110, "ymax": 220, "xmax": 433}}, {"tid": 7, "generated": 0, "bbox": {"xmin": 65, "ymin": 152, "ymax": 181, "xmax": 146}}], [{"tid": 0, "generated": 0, "bbox": {"xmin": 164, "ymin": 111, "ymax": 220, "xmax": 436}}, {"tid": 7, "generated": 0, "bbox": {"xmin": 65, "ymin": 152, "ymax": 181, "xmax": 144}}], [{"tid": 0, "generated": 0, "bbox": {"xmin": 170, "ymin": 112, "ymax": 220, "xmax": 439}}, {"tid": 7, "generated": 0, "bbox": {"xmin": 65, "ymin": 152, "ymax": 182, "xmax": 143}}], [{"tid": 0, "generated": 0, "bbox": {"xmin": 175, "ymin": 113, "ymax": 219, "xmax": 441}}, {"tid": 7, "generated": 0, "bbox": {"xmin": 63, "ymin": 152, "ymax": 182, "xmax": 141}}], [{"tid": 0, "generated": 0, "bbox": {"xmin": 180, "ymin": 115, "ymax": 219, "xmax": 444}}, {"tid": 7, "generated": 0, "bbox": {"xmin": 61, "ymin": 152, "ymax": 182, "xmax": 140}}], [{"tid": 0, "generated": 0, "bbox": {"xmin": 185, "ymin": 116, "ymax": 218, "xmax": 447}}, {"tid": 7, "generated": 0, "bbox": {"xmin": 59, "ymin": 152, "ymax": 182, "xmax": 138}}], [{"tid": 0, "generated": 0, "bbox": {"xmin": 190, "ymin": 118, "ymax": 218, "xmax": 450}}, {"tid": 7, "generated": 0, "bbox": {"xmin": 57, "ymin": 152, "ymax": 182, "xmax": 137}}], [{"tid": 0, "generated": 0, "bbox": {"xmin": 195, "ymin": 120, "ymax": 218, "xmax": 453}}, {"tid": 7, "generated": 0, "bbox": {"xmin": 56, "ymin": 153, "ymax": 183, "xmax": 136}}], [{"tid": 0, "generated": 0, "bbox": {"xmin": 199, "ymin": 120, "ymax": 218, "xmax": 456}}, {"tid": 7, "generated": 0, "bbox": {"xmin": 55, "ymin": 153, "ymax": 184, "xmax": 135}}], [{"tid": 0, "generated": 0, "bbox": {"xmin": 204, "ymin": 120, "ymax": 218, "xmax": 460}}, {"tid": 7, "generated": 0, "bbox": {"xmin": 55, "ymin": 154, "ymax": 185, "xmax": 135}}], [{"tid": 0, "generated": 0, "bbox": {"xmin": 209, "ymin": 120, "ymax": 218, "xmax": 463}}, {"tid": 7, "generated": 0, "bbox": {"xmin": 55, "ymin": 155, "ymax": 186, "xmax": 134}}], [{"tid": 0, "generated": 0, "bbox": {"xmin": 214, "ymin": 120, "ymax": 218, "xmax": 467}}, {"tid": 7, "generated": 0, "bbox": {"xmin": 55, "ymin": 156, "ymax": 187, "xmax": 134}}], [{"tid": 0, "generated": 0, "bbox": {"xmin": 219, "ymin": 121, "ymax": 219, "xmax": 471}}, {"tid": 7, "generated": 0, "bbox": {"xmin": 55, "ymin": 157, "ymax": 188, "xmax": 134}}], [{"tid": 0, "generated": 0, "bbox": {"xmin": 223, "ymin": 121, "ymax": 219, "xmax": 472}}, {"tid": 7, "generated": 0, "bbox": {"xmin": 54, "ymin": 157, "ymax": 188, "xmax": 133}}], [{"tid": 0, "generated": 0, "bbox": {"xmin": 228, "ymin": 121, "ymax": 219, "xmax": 474}}, {"tid": 7, "generated": 0, "bbox": {"xmin": 53, "ymin": 157, "ymax": 188, "xmax": 133}}], [{"tid": 0, "generated": 0, "bbox": {"xmin": 233, "ymin": 121, "ymax": 219, "xmax": 475}}, {"tid": 7, "generated": 0, "bbox": {"xmin": 53, "ymin": 157, "ymax": 188, "xmax": 132}}], [{"tid": 0, "generated": 0, "bbox": {"xmin": 238, "ymin": 121, "ymax": 219, "xmax": 477}}, {"tid": 7, "generated": 0, "bbox": {"xmin": 52, "ymin": 157, "ymax": 188, "xmax": 132}}], [{"tid": 0, "generated": 0, "bbox": {"xmin": 243, "ymin": 121, "ymax": 219, "xmax": 479}}, {"tid": 7, "generated": 0, "bbox": {"xmin": 52, "ymin": 158, "ymax": 188, "xmax": 132}}], [], [], [], [], [], [], [], [], [], [], [], [], [], [], [], [], [], [], [], [], [], [], [], [], [], [], [], [], [], [], [], [], [], [], [], [], [], [], [], [], [], [], [], [], [], [], [], [], [], [], [], [], [], [], [], [], [], [], [], [], [], [], [], [], [], [], [], [], [], [], [], [], [], [], [], [], [], [], [], [], [], [], [], [], [], [], [], [], [], [], [{"tid": 7, "generated": 0, "bbox": {"xmin": 206, "ymin": 157, "ymax": 190, "xmax": 264}}, {"tid": 8, "generated": 0, "bbox": {"xmin": 343, "ymin": 161, "ymax": 182, "xmax": 424}}], [{"tid": 7, "generated": 0, "bbox": {"xmin": 207, "ymin": 157, "ymax": 190, "xmax": 265}}, {"tid": 8, "generated": 0, "bbox": {"xmin": 344, "ymin": 161, "ymax": 182, "xmax": 425}}], [{"tid": 7, "generated": 0, "bbox": {"xmin": 208, "ymin": 157, "ymax": 190, "xmax": 265}}, {"tid": 8, "generated": 0, "bbox": {"xmin": 345, "ymin": 161, "ymax": 182, "xmax": 426}}], [{"tid": 7, "generated": 0, "bbox": {"xmin": 209, "ymin": 157, "ymax": 190, "xmax": 266}}, {"tid": 8, "generated": 0, "bbox": {"xmin": 346, "ymin": 160, "ymax": 182, "xmax": 427}}], [{"tid": 7, "generated": 0, "bbox": {"xmin": 210, "ymin": 157, "ymax": 190, "xmax": 267}}, {"tid": 8, "generated": 0, "bbox": {"xmin": 347, "ymin": 160, "ymax": 182, "xmax": 428}}], [{"tid": 7, "generated": 0, "bbox": {"xmin": 210, "ymin": 156, "ymax": 189, "xmax": 267}}, {"tid": 8, "generated": 0, "bbox": {"xmin": 348, "ymin": 160, "ymax": 182, "xmax": 428}}], [{"tid": 7, "generated": 0, "bbox": {"xmin": 211, "ymin": 156, "ymax": 189, "xmax": 268}}, {"tid": 8, "generated": 0, "bbox": {"xmin": 349, "ymin": 159, "ymax": 182, "xmax": 429}}], [{"tid": 7, "generated": 0, "bbox": {"xmin": 212, "ymin": 156, "ymax": 189, "xmax": 268}}, {"tid": 8, "generated": 0, "bbox": {"xmin": 350, "ymin": 159, "ymax": 182, "xmax": 430}}], [{"tid": 7, "generated": 0, "bbox": {"xmin": 213, "ymin": 156, "ymax": 189, "xmax": 269}}, {"tid": 8, "generated": 0, "bbox": {"xmin": 351, "ymin": 159, "ymax": 182, "xmax": 431}}], [{"tid": 7, "generated": 0, "bbox": {"xmin": 214, "ymin": 156, "ymax": 189, "xmax": 270}}, {"tid": 8, "generated": 0, "bbox": {"xmin": 352, "ymin": 159, "ymax": 182, "xmax": 432}}], [{"tid": 7, "generated": 0, "bbox": {"xmin": 214, "ymin": 156, "ymax": 189, "xmax": 270}}, {"tid": 8, "generated": 0, "bbox": {"xmin": 352, "ymin": 159, "ymax": 182, "xmax": 432}}], [{"tid": 7, "generated": 0, "bbox": {"xmin": 214, "ymin": 156, "ymax": 189, "xmax": 270}}, {"tid": 8, "generated": 0, "bbox": {"xmin": 352, "ymin": 159, "ymax": 182, "xmax": 433}}], [{"tid": 7, "generated": 0, "bbox": {"xmin": 214, "ymin": 156, "ymax": 189, "xmax": 271}}, {"tid": 8, "generated": 0, "bbox": {"xmin": 353, "ymin": 159, "ymax": 182, "xmax": 433}}], [{"tid": 7, "generated": 0, "bbox": {"xmin": 214, "ymin": 156, "ymax": 189, "xmax": 271}}, {"tid": 8, "generated": 0, "bbox": {"xmin": 353, "ymin": 159, "ymax": 182, "xmax": 434}}], [{"tid": 7, "generated": 0, "bbox": {"xmin": 214, "ymin": 157, "ymax": 190, "xmax": 272}}, {"tid": 8, "generated": 0, "bbox": {"xmin": 354, "ymin": 160, "ymax": 183, "xmax": 435}}], [{"tid": 7, "generated": 0, "bbox": {"xmin": 214, "ymin": 157, "ymax": 190, "xmax": 272}}, {"tid": 8, "generated": 0, "bbox": {"xmin": 354, "ymin": 160, "ymax": 183, "xmax": 435}}], [{"tid": 7, "generated": 0, "bbox": {"xmin": 214, "ymin": 157, "ymax": 190, "xmax": 272}}, {"tid": 8, "generated": 0, "bbox": {"xmin": 354, "ymin": 160, "ymax": 183, "xmax": 436}}], [{"tid": 7, "generated": 0, "bbox": {"xmin": 214, "ymin": 157, "ymax": 190, "xmax": 273}}, {"tid": 8, "generated": 0, "bbox": {"xmin": 355, "ymin": 160, "ymax": 183, "xmax": 436}}], [{"tid": 7, "generated": 0, "bbox": {"xmin": 214, "ymin": 157, "ymax": 190, "xmax": 273}}, {"tid": 8, "generated": 0, "bbox": {"xmin": 355, "ymin": 160, "ymax": 183, "xmax": 437}}], [{"tid": 7, "generated": 0, "bbox": {"xmin": 215, "ymin": 158, "ymax": 191, "xmax": 274}}, {"tid": 8, "generated": 0, "bbox": {"xmin": 356, "ymin": 161, "ymax": 184, "xmax": 438}}], [{"tid": 7, "generated": 0, "bbox": {"xmin": 215, "ymin": 158, "ymax": 191, "xmax": 273}}, {"tid": 8, "generated": 0, "bbox": {"xmin": 356, "ymin": 161, "ymax": 184, "xmax": 438}}], [{"tid": 7, "generated": 0, "bbox": {"xmin": 215, "ymin": 158, "ymax": 191, "xmax": 273}}, {"tid": 8, "generated": 0, "bbox": {"xmin": 356, "ymin": 161, "ymax": 184, "xmax": 438}}], [{"tid": 7, "generated": 0, "bbox": {"xmin": 215, "ymin": 158, "ymax": 191, "xmax": 273}}, {"tid": 8, "generated": 0, "bbox": {"xmin": 356, "ymin": 161, "ymax": 184, "xmax": 438}}], [{"tid": 7, "generated": 0, "bbox": {"xmin": 215, "ymin": 158, "ymax": 191, "xmax": 273}}, {"tid": 8, "generated": 0, "bbox": {"xmin": 356, "ymin": 161, "ymax": 184, "xmax": 439}}], [{"tid": 7, "generated": 0, "bbox": {"xmin": 215, "ymin": 158, "ymax": 191, "xmax": 273}}, {"tid": 8, "generated": 0, "bbox": {"xmin": 356, "ymin": 161, "ymax": 184, "xmax": 439}}], [{"tid": 7, "generated": 0, "bbox": {"xmin": 215, "ymin": 158, "ymax": 191, "xmax": 273}}, {"tid": 8, "generated": 0, "bbox": {"xmin": 356, "ymin": 161, "ymax": 184, "xmax": 439}}], [{"tid": 7, "generated": 0, "bbox": {"xmin": 215, "ymin": 158, "ymax": 192, "xmax": 273}}, {"tid": 8, "generated": 0, "bbox": {"xmin": 357, "ymin": 162, "ymax": 185, "xmax": 439}}], [{"tid": 7, "generated": 0, "bbox": {"xmin": 215, "ymin": 158, "ymax": 192, "xmax": 273}}, {"tid": 8, "generated": 0, "bbox": {"xmin": 357, "ymin": 162, "ymax": 185, "xmax": 440}}], [{"tid": 7, "generated": 0, "bbox": {"xmin": 215, "ymin": 158, "ymax": 192, "xmax": 273}}, {"tid": 8, "generated": 0, "bbox": {"xmin": 357, "ymin": 162, "ymax": 185, "xmax": 440}}], [{"tid": 7, "generated": 0, "bbox": {"xmin": 215, "ymin": 158, "ymax": 192, "xmax": 273}}, {"tid": 8, "generated": 0, "bbox": {"xmin": 357, "ymin": 162, "ymax": 185, "xmax": 440}}], [], [], [], [], [], [], [], [], [], [], [], [], [], [], [], [], [], [], [], [], [], [], [], [], [], [], [], [], [], [], [], [], [], [], [], [], [], [], [], [], [], [], [], [], [], [{"tid": 7, "generated": 0, "bbox": {"xmin": 216, "ymin": 156, "ymax": 196, "xmax": 287}}, {"tid": 8, "generated": 0, "bbox": {"xmin": 378, "ymin": 165, "ymax": 188, "xmax": 461}}], [{"tid": 7, "generated": 0, "bbox": {"xmin": 216, "ymin": 156, "ymax": 196, "xmax": 287}}, {"tid": 8, "generated": 0, "bbox": {"xmin": 378, "ymin": 165, "ymax": 188, "xmax": 462}}], [{"tid": 7, "generated": 0, "bbox": {"xmin": 216, "ymin": 156, "ymax": 196, "xmax": 288}}, {"tid": 8, "generated": 0, "bbox": {"xmin": 379, "ymin": 165, "ymax": 188, "xmax": 463}}], [{"tid": 7, "generated": 0, "bbox": {"xmin": 216, "ymin": 156, "ymax": 196, "xmax": 288}}, {"tid": 8, "generated": 0, "bbox": {"xmin": 380, "ymin": 165, "ymax": 188, "xmax": 463}}], [{"tid": 7, "generated": 0, "bbox": {"xmin": 216, "ymin": 156, "ymax": 196, "xmax": 288}}, {"tid": 8, "generated": 0, "bbox": {"xmin": 380, "ymin": 165, "ymax": 188, "xmax": 464}}], [{"tid": 7, "generated": 0, "bbox": {"xmin": 216, "ymin": 156, "ymax": 196, "xmax": 289}}, {"tid": 8, "generated": 0, "bbox": {"xmin": 381, "ymin": 165, "ymax": 188, "xmax": 465}}], [{"tid": 7, "generated": 0, "bbox": {"xmin": 216, "ymin": 156, "ymax": 196, "xmax": 289}}, {"tid": 8, "generated": 0, "bbox": {"xmin": 381, "ymin": 165, "ymax": 188, "xmax": 466}}], [{"tid": 7, "generated": 0, "bbox": {"xmin": 216, "ymin": 156, "ymax": 196, "xmax": 289}}, {"tid": 8, "generated": 0, "bbox": {"xmin": 382, "ymin": 165, "ymax": 188, "xmax": 466}}], [{"tid": 7, "generated": 0, "bbox": {"xmin": 216, "ymin": 156, "ymax": 196, "xmax": 290}}, {"tid": 8, "generated": 0, "bbox": {"xmin": 383, "ymin": 165, "ymax": 188, "xmax": 467}}], [{"tid": 7, "generated": 0, "bbox": {"xmin": 216, "ymin": 156, "ymax": 196, "xmax": 290}}, {"tid": 8, "generated": 0, "bbox": {"xmin": 383, "ymin": 165, "ymax": 188, "xmax": 468}}], [{"tid": 7, "generated": 0, "bbox": {"xmin": 216, "ymin": 156, "ymax": 196, "xmax": 290}}, {"tid": 8, "generated": 0, "bbox": {"xmin": 384, "ymin": 165, "ymax": 188, "xmax": 469}}], [{"tid": 7, "generated": 0, "bbox": {"xmin": 216, "ymin": 156, "ymax": 196, "xmax": 291}}, {"tid": 8, "generated": 0, "bbox": {"xmin": 385, "ymin": 165, "ymax": 188, "xmax": 469}}], [{"tid": 7, "generated": 0, "bbox": {"xmin": 216, "ymin": 156, "ymax": 196, "xmax": 291}}, {"tid": 8, "generated": 0, "bbox": {"xmin": 385, "ymin": 165, "ymax": 188, "xmax": 470}}], [{"tid": 7, "generated": 0, "bbox": {"xmin": 216, "ymin": 156, "ymax": 196, "xmax": 291}}, {"tid": 8, "generated": 0, "bbox": {"xmin": 386, "ymin": 165, "ymax": 188, "xmax": 471}}], [{"tid": 7, "generated": 0, "bbox": {"xmin": 217, "ymin": 156, "ymax": 196, "xmax": 292}}, {"tid": 8, "generated": 0, "bbox": {"xmin": 387, "ymin": 165, "ymax": 188, "xmax": 472}}], [{"tid": 7, "generated": 0, "bbox": {"xmin": 217, "ymin": 155, "ymax": 195, "xmax": 292}}, {"tid": 8, "generated": 0, "bbox": {"xmin": 388, "ymin": 164, "ymax": 187, "xmax": 472}}], [{"tid": 7, "generated": 0, "bbox": {"xmin": 217, "ymin": 155, "ymax": 195, "xmax": 293}}, {"tid": 8, "generated": 0, "bbox": {"xmin": 389, "ymin": 164, "ymax": 187, "xmax": 473}}], [{"tid": 7, "generated": 0, "bbox": {"xmin": 217, "ymin": 155, "ymax": 195, "xmax": 294}}, {"tid": 8, "generated": 0, "bbox": {"xmin": 390, "ymin": 164, "ymax": 187, "xmax": 473}}], [{"tid": 7, "generated": 0, "bbox": {"xmin": 218, "ymin": 155, "ymax": 195, "xmax": 295}}, {"tid": 8, "generated": 0, "bbox": {"xmin": 391, "ymin": 163, "ymax": 186, "xmax": 474}}], [{"tid": 7, "generated": 0, "bbox": {"xmin": 218, "ymin": 155, "ymax": 195, "xmax": 296}}, {"tid": 8, "generated": 0, "bbox": {"xmin": 392, "ymin": 163, "ymax": 186, "xmax": 474}}], [{"tid": 7, "generated": 0, "bbox": {"xmin": 218, "ymin": 154, "ymax": 194, "xmax": 296}}, {"tid": 8, "generated": 0, "bbox": {"xmin": 393, "ymin": 163, "ymax": 186, "xmax": 475}}], [{"tid": 7, "generated": 0, "bbox": {"xmin": 219, "ymin": 154, "ymax": 194, "xmax": 297}}, {"tid": 8, "generated": 0, "bbox": {"xmin": 394, "ymin": 162, "ymax": 185, "xmax": 475}}], [{"tid": 7, "generated": 0, "bbox": {"xmin": 219, "ymin": 154, "ymax": 194, "xmax": 298}}, {"tid": 8, "generated": 0, "bbox": {"xmin": 395, "ymin": 162, "ymax": 185, "xmax": 476}}], [{"tid": 7, "generated": 0, "bbox": {"xmin": 219, "ymin": 154, "ymax": 194, "xmax": 299}}, {"tid": 8, "generated": 0, "bbox": {"xmin": 396, "ymin": 162, "ymax": 185, "xmax": 476}}], [{"tid": 7, "generated": 0, "bbox": {"xmin": 220, "ymin": 154, "ymax": 194, "xmax": 300}}, {"tid": 8, "generated": 0, "bbox": {"xmin": 398, "ymin": 162, "ymax": 185, "xmax": 477}}], [{"tid": 7, "generated": 0, "bbox": {"xmin": 220, "ymin": 153, "ymax": 194, "xmax": 300}}, {"tid": 8, "generated": 0, "bbox": {"xmin": 399, "ymin": 161, "ymax": 185, "xmax": 477}}], [{"tid": 7, "generated": 0, "bbox": {"xmin": 220, "ymin": 153, "ymax": 194, "xmax": 301}}, {"tid": 8, "generated": 0, "bbox": {"xmin": 400, "ymin": 161, "ymax": 185, "xmax": 477}}], [{"tid": 7, "generated": 0, "bbox": {"xmin": 220, "ymin": 153, "ymax": 194, "xmax": 302}}, {"tid": 8, "generated": 0, "bbox": {"xmin": 401, "ymin": 161, "ymax": 185, "xmax": 477}}], [{"tid": 7, "generated": 0, "bbox": {"xmin": 220, "ymin": 152, "ymax": 194, "xmax": 303}}, {"tid": 8, "generated": 0, "bbox": {"xmin": 402, "ymin": 161, "ymax": 185, "xmax": 477}}], [{"tid": 7, "generated": 0, "bbox": {"xmin": 221, "ymin": 152, "ymax": 194, "xmax": 304}}, {"tid": 8, "generated": 0, "bbox": {"xmin": 404, "ymin": 161, "ymax": 185, "xmax": 477}}]], "subject/objects": [{"category": "bus", "tid": 0}, {"category": "bus", "tid": 7}, {"category": "bus", "tid": 8}, {"category": "person", "tid": 9}], "relation_instances": [{"end_fid": 30, "subject_tid": 0, "predicate": "move_past", "begin_fid": 0, "object_tid": 9}, {"end_fid": 30, "subject_tid": 0, "predicate": "move_behind", "begin_fid": 0, "object_tid": 9}, {"end_fid": 30, "subject_tid": 0, "predicate": "larger", "begin_fid": 0, "object_tid": 9}, {"end_fid": 30, "subject_tid": 9, "predicate": "stand_front", "begin_fid": 0, "object_tid": 0}, {"end_fid": 30, "subject_tid": 9, "predicate": "watch", "begin_fid": 0, "object_tid": 0}, {"end_fid": 270, "subject_tid": 0, "predicate": "move_right", "begin_fid": 240, "object_tid": 7}, {"end_fid": 270, "subject_tid": 0, "predicate": "move_front", "begin_fid": 240, "object_tid": 7}, {"end_fid": 270, "subject_tid": 7, "predicate": "move_behind", "begin_fid": 240, "object_tid": 0}, {"end_fid": 270, "subject_tid": 7, "predicate": "move_left", "begin_fid": 240, "object_tid": 0}, {"end_fid": 390, "subject_tid": 7, "predicate": "move_away", "begin_fid": 360, "object_tid": 8}, {"end_fid": 390, "subject_tid": 7, "predicate": "move_left", "begin_fid": 360, "object_tid": 8}, {"end_fid": 390, "subject_tid": 8, "predicate": "stop_right", "begin_fid": 360, "object_tid": 7}, {"end_fid": 465, "subject_tid": 7, "predicate": "move_away", "begin_fid": 435, "object_tid": 8}, {"end_fid": 465, "subject_tid": 7, "predicate": "move_left", "begin_fid": 435, "object_tid": 8}, {"end_fid": 465, "subject_tid": 8, "predicate": "stop_right", "begin_fid": 435, "object_tid": 7}], "height": 360}