{"width": 1280, "frame_count": 80, "video_id": "ILSVRC2015_train_00052003", "fps": 29, "trajectories": [[{"tid": 0, "generated": 0, "bbox": {"xmin": 266, "ymin": 478, "ymax": 716, "xmax": 1251}}, {"tid": 1, "generated": 0, "bbox": {"xmin": 337, "ymin": 85, "ymax": 241, "xmax": 533}}], [{"tid": 0, "generated": 0, "bbox": {"xmin": 256, "ymin": 401, "ymax": 718, "xmax": 1230}}, {"tid": 1, "generated": 0, "bbox": {"xmin": 341, "ymin": 74, "ymax": 240, "xmax": 524}}], [{"tid": 0, "generated": 0, "bbox": {"xmin": 250, "ymin": 394, "ymax": 718, "xmax": 1232}}, {"tid": 1, "generated": 0, "bbox": {"xmin": 337, "ymin": 72, "ymax": 236, "xmax": 523}}], [{"tid": 0, "generated": 0, "bbox": {"xmin": 259, "ymin": 398, "ymax": 716, "xmax": 1223}}, {"tid": 1, "generated": 0, "bbox": {"xmin": 334, "ymin": 71, "ymax": 232, "xmax": 522}}], [{"tid": 0, "generated": 0, "bbox": {"xmin": 280, "ymin": 320, "ymax": 718, "xmax": 1228}}, {"tid": 1, "generated": 0, "bbox": {"xmin": 334, "ymin": 64, "ymax": 220, "xmax": 522}}], [{"tid": 0, "generated": 0, "bbox": {"xmin": 328, "ymin": 305, "ymax": 716, "xmax": 1233}}, {"tid": 1, "generated": 0, "bbox": {"xmin": 337, "ymin": 56, "ymax": 218, "xmax": 528}}], [{"tid": 0, "generated": 0, "bbox": {"xmin": 330, "ymin": 305, "ymax": 716, "xmax": 1221}}, {"tid": 1, "generated": 0, "bbox": {"xmin": 336, "ymin": 37, "ymax": 204, "xmax": 526}}], [{"tid": 0, "generated": 0, "bbox": {"xmin": 382, "ymin": 320, "ymax": 718, "xmax": 1224}}, {"tid": 1, "generated": 0, "bbox": {"xmin": 337, "ymin": 26, "ymax": 193, "xmax": 526}}], [{"tid": 0, "generated": 0, "bbox": {"xmin": 427, "ymin": 321, "ymax": 718, "xmax": 1220}}, {"tid": 1, "generated": 0, "bbox": {"xmin": 341, "ymin": 33, "ymax": 199, "xmax": 529}}], [{"tid": 0, "generated": 0, "bbox": {"xmin": 472, "ymin": 323, "ymax": 718, "xmax": 1217}}, {"tid": 1, "generated": 0, "bbox": {"xmin": 334, "ymin": 21, "ymax": 199, "xmax": 524}}], [{"tid": 0, "generated": 0, "bbox": {"xmin": 560, "ymin": 348, "ymax": 718, "xmax": 1233}}, {"tid": 1, "generated": 0, "bbox": {"xmin": 327, "ymin": 10, "ymax": 200, "xmax": 520}}], [{"tid": 0, "generated": 0, "bbox": {"xmin": 560, "ymin": 352, "ymax": 716, "xmax": 1237}}, {"tid": 1, "generated": 0, "bbox": {"xmin": 330, "ymin": 16, "ymax": 240, "xmax": 531}}], [{"tid": 0, "generated": 0, "bbox": {"xmin": 611, "ymin": 460, "ymax": 714, "xmax": 1228}}, {"tid": 1, "generated": 0, "bbox": {"xmin": 344, "ymin": 21, "ymax": 245, "xmax": 538}}], [{"tid": 0, "generated": 0, "bbox": {"xmin": 590, "ymin": 455, "ymax": 714, "xmax": 1223}}, {"tid": 1, "generated": 0, "bbox": {"xmin": 346, "ymin": 17, "ymax": 243, "xmax": 544}}], [{"tid": 0, "generated": 0, "bbox": {"xmin": 615, "ymin": 467, "ymax": 718, "xmax": 1221}}, {"tid": 1, "generated": 0, "bbox": {"xmin": 352, "ymin": 65, "ymax": 241, "xmax": 547}}], [{"tid": 0, "generated": 0, "bbox": {"xmin": 680, "ymin": 474, "ymax": 714, "xmax": 1217}}, {"tid": 1, "generated": 0, "bbox": {"xmin": 376, "ymin": 71, "ymax": 243, "xmax": 556}}], [{"tid": 0, "generated": 0, "bbox": {"xmin": 693, "ymin": 503, "ymax": 716, "xmax": 1157}}, {"tid": 1, "generated": 0, "bbox": {"xmin": 376, "ymin": 71, "ymax": 240, "xmax": 568}}], [{"tid": 0, "generated": 0, "bbox": {"xmin": 696, "ymin": 501, "ymax": 716, "xmax": 1159}}, {"tid": 1, "generated": 0, "bbox": {"xmin": 375, "ymin": 74, "ymax": 247, "xmax": 570}}], [{"tid": 0, "generated": 0, "bbox": {"xmin": 693, "ymin": 499, "ymax": 718, "xmax": 1155}}, {"tid": 1, "generated": 0, "bbox": {"xmin": 373, "ymin": 74, "ymax": 245, "xmax": 567}}], [{"tid": 0, "generated": 0, "bbox": {"xmin": 709, "ymin": 490, "ymax": 716, "xmax": 1160}}, {"tid": 1, "generated": 0, "bbox": {"xmin": 389, "ymin": 80, "ymax": 250, "xmax": 574}}], [{"tid": 0, "generated": 0, "bbox": {"xmin": 700, "ymin": 494, "ymax": 716, "xmax": 1162}}, {"tid": 1, "generated": 0, "bbox": {"xmin": 389, "ymin": 87, "ymax": 254, "xmax": 583}}], [{"tid": 0, "generated": 0, "bbox": {"xmin": 689, "ymin": 467, "ymax": 718, "xmax": 1194}}, {"tid": 1, "generated": 0, "bbox": {"xmin": 403, "ymin": 85, "ymax": 279, "xmax": 595}}], [{"tid": 0, "generated": 0, "bbox": {"xmin": 705, "ymin": 451, "ymax": 716, "xmax": 1194}}, {"tid": 1, "generated": 0, "bbox": {"xmin": 408, "ymin": 83, "ymax": 284, "xmax": 600}}], [{"tid": 0, "generated": 0, "bbox": {"xmin": 705, "ymin": 456, "ymax": 718, "xmax": 1191}}, {"tid": 1, "generated": 0, "bbox": {"xmin": 408, "ymin": 87, "ymax": 282, "xmax": 604}}], [{"tid": 0, "generated": 0, "bbox": {"xmin": 707, "ymin": 440, "ymax": 718, "xmax": 1208}}, {"tid": 1, "generated": 0, "bbox": {"xmin": 408, "ymin": 81, "ymax": 289, "xmax": 602}}], [{"tid": 0, "generated": 0, "bbox": {"xmin": 721, "ymin": 453, "ymax": 716, "xmax": 1216}}, {"tid": 1, "generated": 0, "bbox": {"xmin": 416, "ymin": 88, "ymax": 300, "xmax": 613}}], [{"tid": 0, "generated": 0, "bbox": {"xmin": 721, "ymin": 437, "ymax": 718, "xmax": 1216}}, {"tid": 1, "generated": 0, "bbox": {"xmin": 416, "ymin": 92, "ymax": 304, "xmax": 613}}], [{"tid": 0, "generated": 0, "bbox": {"xmin": 728, "ymin": 424, "ymax": 718, "xmax": 1223}}, {"tid": 1, "generated": 0, "bbox": {"xmin": 416, "ymin": 133, "ymax": 348, "xmax": 615}}], [{"tid": 0, "generated": 0, "bbox": {"xmin": 736, "ymin": 416, "ymax": 718, "xmax": 1232}}, {"tid": 1, "generated": 0, "bbox": {"xmin": 417, "ymin": 131, "ymax": 353, "xmax": 620}}], [{"tid": 0, "generated": 0, "bbox": {"xmin": 736, "ymin": 419, "ymax": 718, "xmax": 1234}}, {"tid": 1, "generated": 0, "bbox": {"xmin": 417, "ymin": 128, "ymax": 350, "xmax": 627}}]], "subject/objects": [{"category": "dog", "tid": 0}, {"category": "turtle", "tid": 1}], "relation_instances": [{"end_fid": 30, "subject_tid": 0, "predicate": "walk_front", "begin_fid": 0, "object_tid": 1}, {"end_fid": 30, "subject_tid": 1, "predicate": "creep_behind", "begin_fid": 0, "object_tid": 0}, {"end_fid": 30, "subject_tid": 1, "predicate": "creep_toward", "begin_fid": 0, "object_tid": 0}], "height": 720}