{"width": 640, "frame_count": 145, "video_id": "ILSVRC2015_train_01114000", "fps": 29, "trajectories": [[{"tid": 0, "generated": 0, "bbox": {"xmin": 146, "ymin": 23, "ymax": 153, "xmax": 294}}, {"tid": 1, "generated": 0, "bbox": {"xmin": 464, "ymin": 4, "ymax": 359, "xmax": 638}}], [{"tid": 0, "generated": 0, "bbox": {"xmin": 146, "ymin": 23, "ymax": 153, "xmax": 294}}, {"tid": 1, "generated": 0, "bbox": {"xmin": 463, "ymin": 4, "ymax": 358, "xmax": 638}}], [{"tid": 0, "generated": 0, "bbox": {"xmin": 146, "ymin": 23, "ymax": 153, "xmax": 294}}, {"tid": 1, "generated": 0, "bbox": {"xmin": 462, "ymin": 4, "ymax": 358, "xmax": 638}}], [{"tid": 0, "generated": 0, "bbox": {"xmin": 147, "ymin": 23, "ymax": 153, "xmax": 294}}, {"tid": 1, "generated": 0, "bbox": {"xmin": 461, "ymin": 4, "ymax": 358, "xmax": 638}}], [{"tid": 0, "generated": 0, "bbox": {"xmin": 147, "ymin": 23, "ymax": 153, "xmax": 295}}, {"tid": 1, "generated": 0, "bbox": {"xmin": 461, "ymin": 4, "ymax": 358, "xmax": 638}}], [{"tid": 0, "generated": 0, "bbox": {"xmin": 148, "ymin": 23, "ymax": 153, "xmax": 295}}, {"tid": 1, "generated": 0, "bbox": {"xmin": 460, "ymin": 4, "ymax": 358, "xmax": 638}}], [{"tid": 0, "generated": 0, "bbox": {"xmin": 148, "ymin": 23, "ymax": 153, "xmax": 295}}, {"tid": 1, "generated": 0, "bbox": {"xmin": 459, "ymin": 4, "ymax": 358, "xmax": 638}}], [{"tid": 0, "generated": 0, "bbox": {"xmin": 148, "ymin": 23, "ymax": 153, "xmax": 296}}, {"tid": 1, "generated": 0, "bbox": {"xmin": 459, "ymin": 4, "ymax": 358, "xmax": 638}}], [{"tid": 0, "generated": 0, "bbox": {"xmin": 149, "ymin": 23, "ymax": 153, "xmax": 296}}, {"tid": 1, "generated": 0, "bbox": {"xmin": 458, "ymin": 4, "ymax": 358, "xmax": 638}}], [{"tid": 0, "generated": 0, "bbox": {"xmin": 149, "ymin": 23, "ymax": 153, "xmax": 296}}, {"tid": 1, "generated": 0, "bbox": {"xmin": 457, "ymin": 4, "ymax": 358, "xmax": 638}}], [{"tid": 0, "generated": 0, "bbox": {"xmin": 150, "ymin": 23, "ymax": 153, "xmax": 297}}, {"tid": 1, "generated": 0, "bbox": {"xmin": 457, "ymin": 4, "ymax": 358, "xmax": 638}}], [{"tid": 0, "generated": 0, "bbox": {"xmin": 150, "ymin": 23, "ymax": 153, "xmax": 297}}, {"tid": 1, "generated": 0, "bbox": {"xmin": 455, "ymin": 4, "ymax": 358, "xmax": 638}}], [{"tid": 0, "generated": 0, "bbox": {"xmin": 150, "ymin": 23, "ymax": 153, "xmax": 297}}, {"tid": 1, "generated": 0, "bbox": {"xmin": 453, "ymin": 4, "ymax": 358, "xmax": 638}}], [{"tid": 0, "generated": 0, "bbox": {"xmin": 150, "ymin": 23, "ymax": 153, "xmax": 297}}, {"tid": 1, "generated": 0, "bbox": {"xmin": 451, "ymin": 5, "ymax": 358, "xmax": 638}}], [{"tid": 0, "generated": 0, "bbox": {"xmin": 150, "ymin": 23, "ymax": 153, "xmax": 297}}, {"tid": 1, "generated": 0, "bbox": {"xmin": 449, "ymin": 5, "ymax": 358, "xmax": 638}}], [{"tid": 0, "generated": 0, "bbox": {"xmin": 151, "ymin": 23, "ymax": 153, "xmax": 298}}, {"tid": 1, "generated": 0, "bbox": {"xmin": 447, "ymin": 6, "ymax": 359, "xmax": 638}}], [{"tid": 0, "generated": 0, "bbox": {"xmin": 151, "ymin": 23, "ymax": 153, "xmax": 298}}, {"tid": 1, "generated": 0, "bbox": {"xmin": 445, "ymin": 5, "ymax": 358, "xmax": 638}}], [{"tid": 0, "generated": 0, "bbox": {"xmin": 151, "ymin": 23, "ymax": 153, "xmax": 298}}, {"tid": 1, "generated": 0, "bbox": {"xmin": 444, "ymin": 5, "ymax": 358, "xmax": 638}}], [{"tid": 0, "generated": 0, "bbox": {"xmin": 151, "ymin": 23, "ymax": 153, "xmax": 298}}, {"tid": 1, "generated": 0, "bbox": {"xmin": 443, "ymin": 4, "ymax": 357, "xmax": 638}}], [{"tid": 0, "generated": 0, "bbox": {"xmin": 151, "ymin": 23, "ymax": 153, "xmax": 298}}, {"tid": 1, "generated": 0, "bbox": {"xmin": 442, "ymin": 4, "ymax": 357, "xmax": 638}}], [{"tid": 0, "generated": 0, "bbox": {"xmin": 152, "ymin": 24, "ymax": 154, "xmax": 299}}, {"tid": 1, "generated": 0, "bbox": {"xmin": 441, "ymin": 4, "ymax": 357, "xmax": 638}}], [{"tid": 0, "generated": 0, "bbox": {"xmin": 152, "ymin": 24, "ymax": 154, "xmax": 299}}, {"tid": 1, "generated": 0, "bbox": {"xmin": 441, "ymin": 4, "ymax": 357, "xmax": 638}}], [{"tid": 0, "generated": 0, "bbox": {"xmin": 152, "ymin": 24, "ymax": 154, "xmax": 299}}, {"tid": 1, "generated": 0, "bbox": {"xmin": 441, "ymin": 4, "ymax": 357, "xmax": 638}}], [{"tid": 0, "generated": 0, "bbox": {"xmin": 153, "ymin": 24, "ymax": 154, "xmax": 299}}, {"tid": 1, "generated": 0, "bbox": {"xmin": 441, "ymin": 4, "ymax": 357, "xmax": 638}}], [{"tid": 0, "generated": 0, "bbox": {"xmin": 153, "ymin": 24, "ymax": 154, "xmax": 299}}, {"tid": 1, "generated": 0, "bbox": {"xmin": 441, "ymin": 5, "ymax": 357, "xmax": 638}}], [{"tid": 0, "generated": 0, "bbox": {"xmin": 154, "ymin": 24, "ymax": 154, "xmax": 299}}, {"tid": 1, "generated": 0, "bbox": {"xmin": 441, "ymin": 5, "ymax": 358, "xmax": 638}}], [{"tid": 0, "generated": 0, "bbox": {"xmin": 154, "ymin": 24, "ymax": 154, "xmax": 299}}, {"tid": 1, "generated": 0, "bbox": {"xmin": 441, "ymin": 5, "ymax": 358, "xmax": 638}}], [{"tid": 0, "generated": 0, "bbox": {"xmin": 154, "ymin": 24, "ymax": 154, "xmax": 299}}, {"tid": 1, "generated": 0, "bbox": {"xmin": 441, "ymin": 6, "ymax": 358, "xmax": 638}}], [{"tid": 0, "generated": 0, "bbox": {"xmin": 155, "ymin": 24, "ymax": 154, "xmax": 299}}, {"tid": 1, "generated": 0, "bbox": {"xmin": 441, "ymin": 6, "ymax": 358, "xmax": 638}}], [{"tid": 0, "generated": 0, "bbox": {"xmin": 155, "ymin": 24, "ymax": 154, "xmax": 299}}, {"tid": 1, "generated": 0, "bbox": {"xmin": 441, "ymin": 6, "ymax": 358, "xmax": 638}}]], "subject/objects": [{"category": "horse", "tid": 0}, {"category": "horse", "tid": 1}], "relation_instances": [{"end_fid": 30, "subject_tid": 0, "predicate": "stand_behind", "begin_fid": 0, "object_tid": 1}, {"end_fid": 30, "subject_tid": 0, "predicate": "stand_left", "begin_fid": 0, "object_tid": 1}, {"end_fid": 30, "subject_tid": 1, "predicate": "stand_right", "begin_fid": 0, "object_tid": 0}, {"end_fid": 30, "subject_tid": 1, "predicate": "stand_front", "begin_fid": 0, "object_tid": 0}], "height": 360}