{"width": 480, "frame_count": 230, "video_id": "ILSVRC2015_train_00111000", "fps": 30, "trajectories": [[], [], [], [], [], [], [], [], [], [], [], [], [], [], [], [{"tid": 0, "generated": 0, "bbox": {"xmin": 0, "ymin": 82, "ymax": 96, "xmax": 5}}, {"tid": 1, "generated": 0, "bbox": {"xmin": 187, "ymin": 112, "ymax": 132, "xmax": 239}}], [{"tid": 0, "generated": 0, "bbox": {"xmin": 0, "ymin": 81, "ymax": 94, "xmax": 6}}, {"tid": 1, "generated": 0, "bbox": {"xmin": 188, "ymin": 112, "ymax": 132, "xmax": 238}}], [{"tid": 0, "generated": 0, "bbox": {"xmin": 0, "ymin": 80, "ymax": 95, "xmax": 8}}, {"tid": 1, "generated": 0, "bbox": {"xmin": 188, "ymin": 110, "ymax": 132, "xmax": 241}}], [{"tid": 0, "generated": 0, "bbox": {"xmin": 0, "ymin": 78, "ymax": 92, "xmax": 12}}, {"tid": 1, "generated": 0, "bbox": {"xmin": 190, "ymin": 108, "ymax": 132, "xmax": 244}}], [{"tid": 0, "generated": 0, "bbox": {"xmin": 2, "ymin": 76, "ymax": 93, "xmax": 19}}, {"tid": 1, "generated": 0, "bbox": {"xmin": 194, "ymin": 107, "ymax": 130, "xmax": 249}}], [{"tid": 0, "generated": 0, "bbox": {"xmin": 7, "ymin": 74, "ymax": 91, "xmax": 24}}, {"tid": 1, "generated": 0, "bbox": {"xmin": 198, "ymin": 106, "ymax": 128, "xmax": 254}}], [{"tid": 0, "generated": 0, "bbox": {"xmin": 16, "ymin": 76, "ymax": 92, "xmax": 33}}, {"tid": 1, "generated": 0, "bbox": {"xmin": 208, "ymin": 110, "ymax": 130, "xmax": 264}}], [{"tid": 0, "generated": 0, "bbox": {"xmin": 30, "ymin": 78, "ymax": 96, "xmax": 47}}, {"tid": 1, "generated": 0, "bbox": {"xmin": 217, "ymin": 113, "ymax": 132, "xmax": 278}}], [{"tid": 0, "generated": 0, "bbox": {"xmin": 42, "ymin": 80, "ymax": 96, "xmax": 59}}, {"tid": 1, "generated": 0, "bbox": {"xmin": 228, "ymin": 116, "ymax": 134, "xmax": 289}}], [{"tid": 0, "generated": 0, "bbox": {"xmin": 56, "ymin": 83, "ymax": 100, "xmax": 73}}, {"tid": 1, "generated": 0, "bbox": {"xmin": 241, "ymin": 119, "ymax": 139, "xmax": 304}}], [{"tid": 0, "generated": 0, "bbox": {"xmin": 70, "ymin": 87, "ymax": 104, "xmax": 88}}, {"tid": 1, "generated": 0, "bbox": {"xmin": 251, "ymin": 124, "ymax": 144, "xmax": 319}}], [{"tid": 0, "generated": 0, "bbox": {"xmin": 81, "ymin": 90, "ymax": 106, "xmax": 98}}, {"tid": 1, "generated": 0, "bbox": {"xmin": 262, "ymin": 131, "ymax": 151, "xmax": 328}}], [{"tid": 0, "generated": 0, "bbox": {"xmin": 92, "ymin": 93, "ymax": 110, "xmax": 109}}, {"tid": 1, "generated": 0, "bbox": {"xmin": 272, "ymin": 136, "ymax": 154, "xmax": 341}}], [{"tid": 0, "generated": 0, "bbox": {"xmin": 107, "ymin": 97, "ymax": 114, "xmax": 124}}, {"tid": 1, "generated": 0, "bbox": {"xmin": 282, "ymin": 139, "ymax": 160, "xmax": 352}}], [{"tid": 0, "generated": 0, "bbox": {"xmin": 114, "ymin": 102, "ymax": 118, "xmax": 131}}, {"tid": 1, "generated": 0, "bbox": {"xmin": 292, "ymin": 144, "ymax": 166, "xmax": 364}}], [{"tid": 0, "generated": 0, "bbox": {"xmin": 121, "ymin": 108, "ymax": 123, "xmax": 138}}, {"tid": 1, "generated": 0, "bbox": {"xmin": 300, "ymin": 147, "ymax": 170, "xmax": 370}}], [{"tid": 0, "generated": 0, "bbox": {"xmin": 126, "ymin": 111, "ymax": 126, "xmax": 142}}, {"tid": 1, "generated": 0, "bbox": {"xmin": 303, "ymin": 150, "ymax": 172, "xmax": 377}}], [{"tid": 0, "generated": 0, "bbox": {"xmin": 124, "ymin": 113, "ymax": 128, "xmax": 141}}, {"tid": 1, "generated": 0, "bbox": {"xmin": 303, "ymin": 154, "ymax": 176, "xmax": 378}}], [{"tid": 0, "generated": 0, "bbox": {"xmin": 125, "ymin": 114, "ymax": 130, "xmax": 141}}, {"tid": 1, "generated": 0, "bbox": {"xmin": 300, "ymin": 155, "ymax": 177, "xmax": 378}}], [{"tid": 0, "generated": 0, "bbox": {"xmin": 122, "ymin": 116, "ymax": 132, "xmax": 138}}, {"tid": 1, "generated": 0, "bbox": {"xmin": 298, "ymin": 155, "ymax": 180, "xmax": 376}}], [{"tid": 0, "generated": 0, "bbox": {"xmin": 119, "ymin": 117, "ymax": 132, "xmax": 135}}, {"tid": 1, "generated": 0, "bbox": {"xmin": 294, "ymin": 156, "ymax": 180, "xmax": 372}}], [{"tid": 0, "generated": 0, "bbox": {"xmin": 116, "ymin": 118, "ymax": 133, "xmax": 133}}, {"tid": 1, "generated": 0, "bbox": {"xmin": 294, "ymin": 155, "ymax": 180, "xmax": 372}}], [{"tid": 0, "generated": 0, "bbox": {"xmin": 113, "ymin": 117, "ymax": 132, "xmax": 130}}, {"tid": 1, "generated": 0, "bbox": {"xmin": 292, "ymin": 153, "ymax": 177, "xmax": 371}}], [{"tid": 0, "generated": 0, "bbox": {"xmin": 111, "ymin": 116, "ymax": 131, "xmax": 128}}, {"tid": 1, "generated": 0, "bbox": {"xmin": 286, "ymin": 152, "ymax": 177, "xmax": 366}}], [{"tid": 0, "generated": 0, "bbox": {"xmin": 110, "ymin": 117, "ymax": 132, "xmax": 127}}, {"tid": 1, "generated": 0, "bbox": {"xmin": 285, "ymin": 154, "ymax": 178, "xmax": 366}}], [{"tid": 0, "generated": 0, "bbox": {"xmin": 106, "ymin": 116, "ymax": 131, "xmax": 122}}, {"tid": 1, "generated": 0, "bbox": {"xmin": 280, "ymin": 151, "ymax": 176, "xmax": 362}}], [{"tid": 0, "generated": 0, "bbox": {"xmin": 101, "ymin": 114, "ymax": 130, "xmax": 118}}, {"tid": 1, "generated": 0, "bbox": {"xmin": 275, "ymin": 149, "ymax": 174, "xmax": 356}}], [{"tid": 0, "generated": 0, "bbox": {"xmin": 93, "ymin": 110, "ymax": 128, "xmax": 110}}, {"tid": 1, "generated": 0, "bbox": {"xmin": 266, "ymin": 146, "ymax": 172, "xmax": 349}}], [{"tid": 0, "generated": 0, "bbox": {"xmin": 90, "ymin": 108, "ymax": 125, "xmax": 107}}, {"tid": 1, "generated": 0, "bbox": {"xmin": 262, "ymin": 144, "ymax": 170, "xmax": 345}}], [{"tid": 0, "generated": 0, "bbox": {"xmin": 88, "ymin": 106, "ymax": 123, "xmax": 104}}, {"tid": 1, "generated": 0, "bbox": {"xmin": 260, "ymin": 144, "ymax": 170, "xmax": 342}}], [], [], [], [], [], [], [], [], [], [], [], [], [], [], [], [], [], [], [], [], [], [], [], [], [], [], [], [], [], [], [], [], [], [], [], [], [], [], [], [], [], [], [], [], [], [], [], [], [], [], [], [], [], [], [], [], [], [], [], [], [], [], [], [], [], [], [], [], [], [], [], [], [], [], [], [], [], [], [], [], [], [], [], [], [], [], [], [], [], [], [], [], [], [], [], [], [], [], [], [], [], [], [], [], [], [{"tid": 0, "generated": 0, "bbox": {"xmin": 48, "ymin": 65, "ymax": 84, "xmax": 71}}, {"tid": 1, "generated": 0, "bbox": {"xmin": 271, "ymin": 120, "ymax": 150, "xmax": 364}}], [{"tid": 0, "generated": 0, "bbox": {"xmin": 46, "ymin": 63, "ymax": 80, "xmax": 66}}, {"tid": 1, "generated": 0, "bbox": {"xmin": 270, "ymin": 117, "ymax": 146, "xmax": 362}}], [{"tid": 0, "generated": 0, "bbox": {"xmin": 44, "ymin": 60, "ymax": 78, "xmax": 65}}, {"tid": 1, "generated": 0, "bbox": {"xmin": 266, "ymin": 114, "ymax": 145, "xmax": 361}}], [{"tid": 0, "generated": 0, "bbox": {"xmin": 44, "ymin": 58, "ymax": 78, "xmax": 66}}, {"tid": 1, "generated": 0, "bbox": {"xmin": 266, "ymin": 111, "ymax": 142, "xmax": 360}}], [{"tid": 0, "generated": 0, "bbox": {"xmin": 45, "ymin": 55, "ymax": 75, "xmax": 68}}, {"tid": 1, "generated": 0, "bbox": {"xmin": 267, "ymin": 108, "ymax": 140, "xmax": 362}}], [{"tid": 0, "generated": 0, "bbox": {"xmin": 47, "ymin": 54, "ymax": 71, "xmax": 66}}, {"tid": 1, "generated": 0, "bbox": {"xmin": 269, "ymin": 106, "ymax": 137, "xmax": 363}}], [{"tid": 0, "generated": 0, "bbox": {"xmin": 44, "ymin": 52, "ymax": 69, "xmax": 64}}, {"tid": 1, "generated": 0, "bbox": {"xmin": 267, "ymin": 105, "ymax": 134, "xmax": 362}}], [{"tid": 0, "generated": 0, "bbox": {"xmin": 45, "ymin": 49, "ymax": 66, "xmax": 64}}, {"tid": 1, "generated": 0, "bbox": {"xmin": 268, "ymin": 103, "ymax": 134, "xmax": 362}}], [{"tid": 0, "generated": 0, "bbox": {"xmin": 45, "ymin": 48, "ymax": 65, "xmax": 65}}, {"tid": 1, "generated": 0, "bbox": {"xmin": 269, "ymin": 100, "ymax": 129, "xmax": 362}}], [{"tid": 0, "generated": 0, "bbox": {"xmin": 41, "ymin": 44, "ymax": 64, "xmax": 64}}, {"tid": 1, "generated": 0, "bbox": {"xmin": 268, "ymin": 98, "ymax": 129, "xmax": 360}}], [{"tid": 0, "generated": 0, "bbox": {"xmin": 42, "ymin": 42, "ymax": 62, "xmax": 64}}, {"tid": 1, "generated": 0, "bbox": {"xmin": 269, "ymin": 96, "ymax": 125, "xmax": 360}}], [{"tid": 0, "generated": 0, "bbox": {"xmin": 44, "ymin": 42, "ymax": 62, "xmax": 67}}, {"tid": 1, "generated": 0, "bbox": {"xmin": 272, "ymin": 96, "ymax": 123, "xmax": 362}}], [{"tid": 0, "generated": 0, "bbox": {"xmin": 43, "ymin": 42, "ymax": 62, "xmax": 66}}, {"tid": 1, "generated": 0, "bbox": {"xmin": 269, "ymin": 95, "ymax": 126, "xmax": 362}}], [{"tid": 0, "generated": 0, "bbox": {"xmin": 42, "ymin": 41, "ymax": 60, "xmax": 65}}, {"tid": 1, "generated": 0, "bbox": {"xmin": 268, "ymin": 95, "ymax": 126, "xmax": 360}}], [{"tid": 0, "generated": 0, "bbox": {"xmin": 43, "ymin": 40, "ymax": 60, "xmax": 66}}, {"tid": 1, "generated": 0, "bbox": {"xmin": 270, "ymin": 93, "ymax": 124, "xmax": 362}}], [{"tid": 0, "generated": 0, "bbox": {"xmin": 47, "ymin": 42, "ymax": 62, "xmax": 70}}, {"tid": 1, "generated": 0, "bbox": {"xmin": 274, "ymin": 93, "ymax": 124, "xmax": 364}}], [{"tid": 0, "generated": 0, "bbox": {"xmin": 44, "ymin": 42, "ymax": 60, "xmax": 65}}, {"tid": 1, "generated": 0, "bbox": {"xmin": 278, "ymin": 93, "ymax": 123, "xmax": 364}}], [{"tid": 0, "generated": 0, "bbox": {"xmin": 41, "ymin": 42, "ymax": 59, "xmax": 61}}, {"tid": 1, "generated": 0, "bbox": {"xmin": 276, "ymin": 92, "ymax": 120, "xmax": 362}}], [{"tid": 0, "generated": 0, "bbox": {"xmin": 38, "ymin": 43, "ymax": 60, "xmax": 58}}, {"tid": 1, "generated": 0, "bbox": {"xmin": 279, "ymin": 93, "ymax": 118, "xmax": 359}}], [{"tid": 0, "generated": 0, "bbox": {"xmin": 40, "ymin": 44, "ymax": 62, "xmax": 61}}, {"tid": 1, "generated": 0, "bbox": {"xmin": 271, "ymin": 95, "ymax": 120, "xmax": 358}}], [{"tid": 0, "generated": 0, "bbox": {"xmin": 42, "ymin": 47, "ymax": 66, "xmax": 62}}, {"tid": 1, "generated": 0, "bbox": {"xmin": 268, "ymin": 96, "ymax": 121, "xmax": 356}}], [{"tid": 0, "generated": 0, "bbox": {"xmin": 45, "ymin": 52, "ymax": 71, "xmax": 65}}, {"tid": 1, "generated": 0, "bbox": {"xmin": 283, "ymin": 102, "ymax": 128, "xmax": 362}}], [{"tid": 0, "generated": 0, "bbox": {"xmin": 49, "ymin": 57, "ymax": 76, "xmax": 69}}, {"tid": 1, "generated": 0, "bbox": {"xmin": 290, "ymin": 105, "ymax": 133, "xmax": 367}}], [{"tid": 0, "generated": 0, "bbox": {"xmin": 51, "ymin": 62, "ymax": 82, "xmax": 71}}, {"tid": 1, "generated": 0, "bbox": {"xmin": 287, "ymin": 113, "ymax": 137, "xmax": 367}}], [{"tid": 0, "generated": 0, "bbox": {"xmin": 52, "ymin": 66, "ymax": 86, "xmax": 72}}, {"tid": 1, "generated": 0, "bbox": {"xmin": 294, "ymin": 114, "ymax": 142, "xmax": 368}}], [{"tid": 0, "generated": 0, "bbox": {"xmin": 56, "ymin": 74, "ymax": 93, "xmax": 76}}, {"tid": 1, "generated": 0, "bbox": {"xmin": 300, "ymin": 123, "ymax": 147, "xmax": 372}}], [{"tid": 0, "generated": 0, "bbox": {"xmin": 52, "ymin": 82, "ymax": 101, "xmax": 72}}, {"tid": 1, "generated": 0, "bbox": {"xmin": 297, "ymin": 132, "ymax": 157, "xmax": 370}}], [{"tid": 0, "generated": 0, "bbox": {"xmin": 46, "ymin": 88, "ymax": 107, "xmax": 66}}, {"tid": 1, "generated": 0, "bbox": {"xmin": 285, "ymin": 135, "ymax": 163, "xmax": 364}}], [{"tid": 0, "generated": 0, "bbox": {"xmin": 44, "ymin": 94, "ymax": 113, "xmax": 64}}, {"tid": 1, "generated": 0, "bbox": {"xmin": 282, "ymin": 143, "ymax": 171, "xmax": 362}}], [{"tid": 0, "generated": 0, "bbox": {"xmin": 42, "ymin": 98, "ymax": 117, "xmax": 62}}, {"tid": 1, "generated": 0, "bbox": {"xmin": 281, "ymin": 148, "ymax": 176, "xmax": 359}}]], "subject/objects": [{"category": "watercraft", "tid": 0}, {"category": "whale", "tid": 1}], "relation_instances": [{"end_fid": 45, "subject_tid": 0, "predicate": "move_behind", "begin_fid": 15, "object_tid": 1}, {"end_fid": 45, "subject_tid": 0, "predicate": "move_left", "begin_fid": 15, "object_tid": 1}, {"end_fid": 45, "subject_tid": 1, "predicate": "swim_front", "begin_fid": 15, "object_tid": 0}, {"end_fid": 45, "subject_tid": 1, "predicate": "swim_right", "begin_fid": 15, "object_tid": 0}, {"end_fid": 180, "subject_tid": 0, "predicate": "move_behind", "begin_fid": 150, "object_tid": 1}, {"end_fid": 180, "subject_tid": 0, "predicate": "move_left", "begin_fid": 150, "object_tid": 1}, {"end_fid": 180, "subject_tid": 1, "predicate": "swim_front", "begin_fid": 150, "object_tid": 0}, {"end_fid": 180, "subject_tid": 1, "predicate": "swim_right", "begin_fid": 150, "object_tid": 0}], "height": 360}