{"width": 1920, "frame_count": 60, "video_id": "ILSVRC2015_train_00040011", "fps": 25, "trajectories": [[{"tid": 0, "generated": 0, "bbox": {"xmin": 1320, "ymin": 488, "ymax": 592, "xmax": 1504}}, {"tid": 2, "generated": 0, "bbox": {"xmin": 1372, "ymin": 444, "ymax": 572, "xmax": 1476}}, {"tid": 3, "generated": 0, "bbox": {"xmin": 660, "ymin": 464, "ymax": 556, "xmax": 740}}], [{"tid": 0, "generated": 0, "bbox": {"xmin": 1313, "ymin": 487, "ymax": 590, "xmax": 1498}}, {"tid": 2, "generated": 0, "bbox": {"xmin": 1366, "ymin": 440, "ymax": 568, "xmax": 1470}}, {"tid": 3, "generated": 0, "bbox": {"xmin": 660, "ymin": 462, "ymax": 554, "xmax": 740}}], [{"tid": 0, "generated": 0, "bbox": {"xmin": 1306, "ymin": 486, "ymax": 589, "xmax": 1493}}, {"tid": 2, "generated": 0, "bbox": {"xmin": 1359, "ymin": 436, "ymax": 564, "xmax": 1463}}, {"tid": 3, "generated": 0, "bbox": {"xmin": 660, "ymin": 459, "ymax": 551, "xmax": 740}}], [{"tid": 0, "generated": 0, "bbox": {"xmin": 1299, "ymin": 485, "ymax": 587, "xmax": 1487}}, {"tid": 2, "generated": 0, "bbox": {"xmin": 1353, "ymin": 432, "ymax": 560, "xmax": 1457}}, {"tid": 3, "generated": 0, "bbox": {"xmin": 660, "ymin": 457, "ymax": 549, "xmax": 740}}], [{"tid": 0, "generated": 0, "bbox": {"xmin": 1293, "ymin": 485, "ymax": 586, "xmax": 1482}}, {"tid": 2, "generated": 0, "bbox": {"xmin": 1346, "ymin": 428, "ymax": 556, "xmax": 1450}}, {"tid": 3, "generated": 0, "bbox": {"xmin": 660, "ymin": 454, "ymax": 546, "xmax": 740}}], [{"tid": 0, "generated": 0, "bbox": {"xmin": 1280, "ymin": 479, "ymax": 584, "xmax": 1471}}, {"tid": 2, "generated": 0, "bbox": {"xmin": 1340, "ymin": 424, "ymax": 552, "xmax": 1444}}, {"tid": 3, "generated": 0, "bbox": {"xmin": 660, "ymin": 452, "ymax": 544, "xmax": 740}}], [{"tid": 0, "generated": 0, "bbox": {"xmin": 1268, "ymin": 474, "ymax": 582, "xmax": 1460}}, {"tid": 2, "generated": 0, "bbox": {"xmin": 1331, "ymin": 420, "ymax": 553, "xmax": 1438}}, {"tid": 3, "generated": 0, "bbox": {"xmin": 660, "ymin": 450, "ymax": 542, "xmax": 740}}], [{"tid": 0, "generated": 0, "bbox": {"xmin": 1256, "ymin": 469, "ymax": 581, "xmax": 1450}}, {"tid": 2, "generated": 0, "bbox": {"xmin": 1322, "ymin": 416, "ymax": 554, "xmax": 1433}}, {"tid": 3, "generated": 0, "bbox": {"xmin": 660, "ymin": 447, "ymax": 539, "xmax": 740}}], [{"tid": 0, "generated": 0, "bbox": {"xmin": 1249, "ymin": 464, "ymax": 581, "xmax": 1445}}, {"tid": 2, "generated": 0, "bbox": {"xmin": 1314, "ymin": 412, "ymax": 554, "xmax": 1427}}, {"tid": 3, "generated": 0, "bbox": {"xmin": 660, "ymin": 445, "ymax": 537, "xmax": 740}}], [{"tid": 0, "generated": 0, "bbox": {"xmin": 1243, "ymin": 460, "ymax": 581, "xmax": 1441}}, {"tid": 2, "generated": 0, "bbox": {"xmin": 1305, "ymin": 408, "ymax": 555, "xmax": 1422}}, {"tid": 3, "generated": 0, "bbox": {"xmin": 660, "ymin": 442, "ymax": 534, "xmax": 740}}], [{"tid": 0, "generated": 0, "bbox": {"xmin": 1237, "ymin": 456, "ymax": 581, "xmax": 1437}}, {"tid": 2, "generated": 0, "bbox": {"xmin": 1296, "ymin": 404, "ymax": 556, "xmax": 1416}}, {"tid": 3, "generated": 0, "bbox": {"xmin": 660, "ymin": 440, "ymax": 532, "xmax": 740}}], [{"tid": 0, "generated": 0, "bbox": {"xmin": 1235, "ymin": 454, "ymax": 575, "xmax": 1436}}, {"tid": 2, "generated": 0, "bbox": {"xmin": 1296, "ymin": 400, "ymax": 552, "xmax": 1416}}, {"tid": 3, "generated": 0, "bbox": {"xmin": 664, "ymin": 438, "ymax": 535, "xmax": 744}}], [{"tid": 0, "generated": 0, "bbox": {"xmin": 1233, "ymin": 452, "ymax": 570, "xmax": 1435}}, {"tid": 2, "generated": 0, "bbox": {"xmin": 1296, "ymin": 396, "ymax": 548, "xmax": 1416}}, {"tid": 3, "generated": 0, "bbox": {"xmin": 668, "ymin": 435, "ymax": 538, "xmax": 748}}], [{"tid": 0, "generated": 0, "bbox": {"xmin": 1232, "ymin": 450, "ymax": 565, "xmax": 1434}}, {"tid": 2, "generated": 0, "bbox": {"xmin": 1296, "ymin": 392, "ymax": 544, "xmax": 1416}}, {"tid": 3, "generated": 0, "bbox": {"xmin": 672, "ymin": 433, "ymax": 542, "xmax": 752}}], [{"tid": 0, "generated": 0, "bbox": {"xmin": 1230, "ymin": 447, "ymax": 563, "xmax": 1435}}, {"tid": 2, "generated": 0, "bbox": {"xmin": 1296, "ymin": 388, "ymax": 540, "xmax": 1416}}, {"tid": 3, "generated": 0, "bbox": {"xmin": 676, "ymin": 430, "ymax": 545, "xmax": 756}}], [{"tid": 0, "generated": 0, "bbox": {"xmin": 1228, "ymin": 444, "ymax": 561, "xmax": 1436}}, {"tid": 2, "generated": 0, "bbox": {"xmin": 1296, "ymin": 384, "ymax": 536, "xmax": 1416}}, {"tid": 3, "generated": 0, "bbox": {"xmin": 680, "ymin": 428, "ymax": 548, "xmax": 760}}], [{"tid": 0, "generated": 0, "bbox": {"xmin": 1226, "ymin": 442, "ymax": 560, "xmax": 1437}}, {"tid": 2, "generated": 0, "bbox": {"xmin": 1296, "ymin": 379, "ymax": 536, "xmax": 1416}}, {"tid": 3, "generated": 0, "bbox": {"xmin": 686, "ymin": 430, "ymax": 550, "xmax": 766}}], [{"tid": 0, "generated": 0, "bbox": {"xmin": 1223, "ymin": 437, "ymax": 559, "xmax": 1438}}, {"tid": 2, "generated": 0, "bbox": {"xmin": 1296, "ymin": 374, "ymax": 536, "xmax": 1416}}, {"tid": 3, "generated": 0, "bbox": {"xmin": 691, "ymin": 431, "ymax": 551, "xmax": 771}}], [{"tid": 0, "generated": 0, "bbox": {"xmin": 1220, "ymin": 433, "ymax": 558, "xmax": 1440}}, {"tid": 2, "generated": 0, "bbox": {"xmin": 1296, "ymin": 370, "ymax": 536, "xmax": 1416}}, {"tid": 3, "generated": 0, "bbox": {"xmin": 697, "ymin": 433, "ymax": 553, "xmax": 777}}], [{"tid": 0, "generated": 0, "bbox": {"xmin": 1218, "ymin": 429, "ymax": 557, "xmax": 1442}}, {"tid": 2, "generated": 0, "bbox": {"xmin": 1296, "ymin": 365, "ymax": 536, "xmax": 1416}}, {"tid": 3, "generated": 0, "bbox": {"xmin": 702, "ymin": 434, "ymax": 554, "xmax": 782}}], [{"tid": 0, "generated": 0, "bbox": {"xmin": 1219, "ymin": 422, "ymax": 553, "xmax": 1444}}, {"tid": 2, "generated": 0, "bbox": {"xmin": 1296, "ymin": 360, "ymax": 536, "xmax": 1416}}, {"tid": 3, "generated": 0, "bbox": {"xmin": 708, "ymin": 436, "ymax": 556, "xmax": 788}}], [{"tid": 0, "generated": 0, "bbox": {"xmin": 1220, "ymin": 416, "ymax": 549, "xmax": 1447}}, {"tid": 2, "generated": 0, "bbox": {"xmin": 1302, "ymin": 354, "ymax": 530, "xmax": 1422}}, {"tid": 3, "generated": 0, "bbox": {"xmin": 726, "ymin": 443, "ymax": 556, "xmax": 802}}], [{"tid": 0, "generated": 0, "bbox": {"xmin": 1221, "ymin": 410, "ymax": 546, "xmax": 1450}}, {"tid": 2, "generated": 0, "bbox": {"xmin": 1307, "ymin": 347, "ymax": 523, "xmax": 1427}}, {"tid": 3, "generated": 0, "bbox": {"xmin": 745, "ymin": 450, "ymax": 556, "xmax": 817}}], [{"tid": 0, "generated": 0, "bbox": {"xmin": 1229, "ymin": 406, "ymax": 544, "xmax": 1461}}, {"tid": 2, "generated": 0, "bbox": {"xmin": 1313, "ymin": 341, "ymax": 517, "xmax": 1433}}, {"tid": 3, "generated": 0, "bbox": {"xmin": 763, "ymin": 458, "ymax": 556, "xmax": 831}}], [{"tid": 0, "generated": 0, "bbox": {"xmin": 1237, "ymin": 403, "ymax": 542, "xmax": 1473}}, {"tid": 2, "generated": 0, "bbox": {"xmin": 1318, "ymin": 334, "ymax": 510, "xmax": 1438}}, {"tid": 3, "generated": 0, "bbox": {"xmin": 782, "ymin": 465, "ymax": 556, "xmax": 846}}], [{"tid": 0, "generated": 0, "bbox": {"xmin": 1245, "ymin": 400, "ymax": 541, "xmax": 1485}}, {"tid": 2, "generated": 0, "bbox": {"xmin": 1324, "ymin": 328, "ymax": 504, "xmax": 1444}}, {"tid": 3, "generated": 0, "bbox": {"xmin": 800, "ymin": 472, "ymax": 556, "xmax": 860}}], [{"tid": 0, "generated": 0, "bbox": {"xmin": 1251, "ymin": 400, "ymax": 538, "xmax": 1492}}, {"tid": 2, "generated": 0, "bbox": {"xmin": 1329, "ymin": 322, "ymax": 502, "xmax": 1449}}, {"tid": 3, "generated": 0, "bbox": {"xmin": 808, "ymin": 479, "ymax": 563, "xmax": 868}}], [{"tid": 0, "generated": 0, "bbox": {"xmin": 1257, "ymin": 401, "ymax": 535, "xmax": 1499}}, {"tid": 2, "generated": 0, "bbox": {"xmin": 1334, "ymin": 315, "ymax": 501, "xmax": 1454}}, {"tid": 3, "generated": 0, "bbox": {"xmin": 816, "ymin": 486, "ymax": 570, "xmax": 876}}], [{"tid": 0, "generated": 0, "bbox": {"xmin": 1264, "ymin": 402, "ymax": 533, "xmax": 1506}}, {"tid": 2, "generated": 0, "bbox": {"xmin": 1338, "ymin": 309, "ymax": 499, "xmax": 1458}}, {"tid": 3, "generated": 0, "bbox": {"xmin": 824, "ymin": 494, "ymax": 578, "xmax": 884}}], [{"tid": 0, "generated": 0, "bbox": {"xmin": 1260, "ymin": 396, "ymax": 528, "xmax": 1504}}, {"tid": 2, "generated": 0, "bbox": {"xmin": 1343, "ymin": 302, "ymax": 498, "xmax": 1463}}, {"tid": 3, "generated": 0, "bbox": {"xmin": 832, "ymin": 501, "ymax": 585, "xmax": 892}}], [{"tid": 0, "generated": 0, "bbox": {"xmin": 1256, "ymin": 391, "ymax": 524, "xmax": 1502}}, {"tid": 2, "generated": 0, "bbox": {"xmin": 1348, "ymin": 296, "ymax": 496, "xmax": 1468}}], [{"tid": 0, "generated": 0, "bbox": {"xmin": 1253, "ymin": 386, "ymax": 520, "xmax": 1501}}, {"tid": 2, "generated": 0, "bbox": {"xmin": 1339, "ymin": 291, "ymax": 491, "xmax": 1459}}], [{"tid": 0, "generated": 0, "bbox": {"xmin": 1242, "ymin": 379, "ymax": 518, "xmax": 1494}}, {"tid": 2, "generated": 0, "bbox": {"xmin": 1330, "ymin": 286, "ymax": 486, "xmax": 1450}}], [{"tid": 0, "generated": 0, "bbox": {"xmin": 1231, "ymin": 372, "ymax": 516, "xmax": 1488}}, {"tid": 2, "generated": 0, "bbox": {"xmin": 1322, "ymin": 282, "ymax": 482, "xmax": 1442}}], [{"tid": 0, "generated": 0, "bbox": {"xmin": 1221, "ymin": 365, "ymax": 514, "xmax": 1482}}, {"tid": 2, "generated": 0, "bbox": {"xmin": 1313, "ymin": 277, "ymax": 477, "xmax": 1433}}], [{"tid": 0, "generated": 0, "bbox": {"xmin": 1207, "ymin": 356, "ymax": 507, "xmax": 1472}}, {"tid": 2, "generated": 0, "bbox": {"xmin": 1304, "ymin": 272, "ymax": 472, "xmax": 1424}}], [{"tid": 0, "generated": 0, "bbox": {"xmin": 1194, "ymin": 347, "ymax": 500, "xmax": 1462}}, {"tid": 2, "generated": 0, "bbox": {"xmin": 1298, "ymin": 266, "ymax": 466, "xmax": 1418}}], [{"tid": 0, "generated": 0, "bbox": {"xmin": 1181, "ymin": 338, "ymax": 493, "xmax": 1453}}, {"tid": 2, "generated": 0, "bbox": {"xmin": 1291, "ymin": 261, "ymax": 461, "xmax": 1411}}], [{"tid": 0, "generated": 0, "bbox": {"xmin": 1178, "ymin": 332, "ymax": 491, "xmax": 1450}}, {"tid": 2, "generated": 0, "bbox": {"xmin": 1285, "ymin": 255, "ymax": 455, "xmax": 1405}}], [{"tid": 0, "generated": 0, "bbox": {"xmin": 1175, "ymin": 326, "ymax": 489, "xmax": 1447}}, {"tid": 2, "generated": 0, "bbox": {"xmin": 1278, "ymin": 250, "ymax": 450, "xmax": 1398}}], [{"tid": 0, "generated": 0, "bbox": {"xmin": 1173, "ymin": 320, "ymax": 488, "xmax": 1445}}, {"tid": 2, "generated": 0, "bbox": {"xmin": 1272, "ymin": 244, "ymax": 444, "xmax": 1392}}], [{"tid": 0, "generated": 0, "bbox": {"xmin": 1169, "ymin": 321, "ymax": 491, "xmax": 1442}}, {"tid": 2, "generated": 0, "bbox": {"xmin": 1268, "ymin": 244, "ymax": 444, "xmax": 1392}}], [{"tid": 0, "generated": 0, "bbox": {"xmin": 1165, "ymin": 323, "ymax": 494, "xmax": 1439}}, {"tid": 2, "generated": 0, "bbox": {"xmin": 1264, "ymin": 244, "ymax": 444, "xmax": 1392}}], [{"tid": 0, "generated": 0, "bbox": {"xmin": 1162, "ymin": 325, "ymax": 498, "xmax": 1437}}, {"tid": 2, "generated": 0, "bbox": {"xmin": 1260, "ymin": 244, "ymax": 444, "xmax": 1392}}], [{"tid": 0, "generated": 0, "bbox": {"xmin": 1162, "ymin": 329, "ymax": 503, "xmax": 1438}}, {"tid": 2, "generated": 0, "bbox": {"xmin": 1256, "ymin": 244, "ymax": 444, "xmax": 1392}}], [{"tid": 0, "generated": 0, "bbox": {"xmin": 1162, "ymin": 333, "ymax": 508, "xmax": 1439}}, {"tid": 2, "generated": 0, "bbox": {"xmin": 1252, "ymin": 244, "ymax": 444, "xmax": 1392}}], [{"tid": 0, "generated": 0, "bbox": {"xmin": 1162, "ymin": 338, "ymax": 514, "xmax": 1440}}, {"tid": 2, "generated": 0, "bbox": {"xmin": 1249, "ymin": 250, "ymax": 455, "xmax": 1389}}], [{"tid": 0, "generated": 0, "bbox": {"xmin": 1157, "ymin": 349, "ymax": 526, "xmax": 1434}}, {"tid": 2, "generated": 0, "bbox": {"xmin": 1246, "ymin": 257, "ymax": 466, "xmax": 1386}}], [{"tid": 0, "generated": 0, "bbox": {"xmin": 1153, "ymin": 361, "ymax": 539, "xmax": 1429}}, {"tid": 2, "generated": 0, "bbox": {"xmin": 1242, "ymin": 263, "ymax": 478, "xmax": 1382}}], [{"tid": 0, "generated": 0, "bbox": {"xmin": 1149, "ymin": 373, "ymax": 552, "xmax": 1424}}, {"tid": 2, "generated": 0, "bbox": {"xmin": 1239, "ymin": 270, "ymax": 489, "xmax": 1379}}], [{"tid": 0, "generated": 0, "bbox": {"xmin": 1147, "ymin": 378, "ymax": 559, "xmax": 1424}}, {"tid": 2, "generated": 0, "bbox": {"xmin": 1236, "ymin": 276, "ymax": 500, "xmax": 1376}}], [{"tid": 0, "generated": 0, "bbox": {"xmin": 1145, "ymin": 383, "ymax": 566, "xmax": 1424}}, {"tid": 2, "generated": 0, "bbox": {"xmin": 1233, "ymin": 288, "ymax": 512, "xmax": 1373}}], [{"tid": 0, "generated": 0, "bbox": {"xmin": 1144, "ymin": 389, "ymax": 573, "xmax": 1424}}, {"tid": 2, "generated": 0, "bbox": {"xmin": 1230, "ymin": 300, "ymax": 524, "xmax": 1370}}], [{"tid": 0, "generated": 0, "bbox": {"xmin": 1140, "ymin": 400, "ymax": 585, "xmax": 1420}}, {"tid": 2, "generated": 0, "bbox": {"xmin": 1227, "ymin": 312, "ymax": 536, "xmax": 1367}}], [{"tid": 0, "generated": 0, "bbox": {"xmin": 1136, "ymin": 412, "ymax": 597, "xmax": 1416}}, {"tid": 2, "generated": 0, "bbox": {"xmin": 1223, "ymin": 324, "ymax": 548, "xmax": 1363}}], [{"tid": 0, "generated": 0, "bbox": {"xmin": 1133, "ymin": 424, "ymax": 610, "xmax": 1413}}, {"tid": 2, "generated": 0, "bbox": {"xmin": 1220, "ymin": 336, "ymax": 560, "xmax": 1360}}], [{"tid": 0, "generated": 0, "bbox": {"xmin": 1128, "ymin": 433, "ymax": 612, "xmax": 1406}}, {"tid": 2, "generated": 0, "bbox": {"xmin": 1220, "ymin": 347, "ymax": 560, "xmax": 1356}}], [{"tid": 0, "generated": 0, "bbox": {"xmin": 1124, "ymin": 443, "ymax": 615, "xmax": 1399}}, {"tid": 2, "generated": 0, "bbox": {"xmin": 1220, "ymin": 358, "ymax": 560, "xmax": 1352}}], [{"tid": 0, "generated": 0, "bbox": {"xmin": 1120, "ymin": 453, "ymax": 618, "xmax": 1392}}, {"tid": 2, "generated": 0, "bbox": {"xmin": 1220, "ymin": 369, "ymax": 560, "xmax": 1348}}], [{"tid": 0, "generated": 0, "bbox": {"xmin": 1117, "ymin": 472, "ymax": 610, "xmax": 1370}}, {"tid": 2, "generated": 0, "bbox": {"xmin": 1220, "ymin": 380, "ymax": 560, "xmax": 1344}}]], "subject/objects": [{"category": "motorcycle", "tid": 0}, {"category": "person", "tid": 2}, {"category": "person", "tid": 3}], "relation_instances": [{"end_fid": 30, "subject_tid": 0, "predicate": "move_beneath", "begin_fid": 0, "object_tid": 2}, {"end_fid": 30, "subject_tid": 2, "predicate": "stand_above", "begin_fid": 0, "object_tid": 0}, {"end_fid": 30, "subject_tid": 2, "predicate": "ride", "begin_fid": 0, "object_tid": 0}, {"end_fid": 30, "subject_tid": 0, "predicate": "move_behind", "begin_fid": 0, "object_tid": 3}, {"end_fid": 30, "subject_tid": 3, "predicate": "front", "begin_fid": 0, "object_tid": 0}, {"end_fid": 30, "subject_tid": 2, "predicate": "behind", "begin_fid": 0, "object_tid": 3}, {"end_fid": 30, "subject_tid": 3, "predicate": "front", "begin_fid": 0, "object_tid": 2}, {"end_fid": 60, "subject_tid": 0, "predicate": "jump_beneath", "begin_fid": 30, "object_tid": 2}, {"end_fid": 60, "subject_tid": 2, "predicate": "stand_above", "begin_fid": 30, "object_tid": 0}, {"end_fid": 60, "subject_tid": 2, "predicate": "ride", "begin_fid": 30, "object_tid": 0}], "height": 1080}