{"width": 1280, "frame_count": 377, "video_id": "ILSVRC2015_train_00988002", "fps": 29, "trajectories": [[{"tid": 0, "generated": 0, "bbox": {"xmin": 0, "ymin": 0, "ymax": 718, "xmax": 1276}}, {"tid": 1, "generated": 0, "bbox": {"xmin": 343, "ymin": 119, "ymax": 716, "xmax": 1278}}], [{"tid": 0, "generated": 0, "bbox": {"xmin": 0, "ymin": 0, "ymax": 686, "xmax": 1276}}, {"tid": 1, "generated": 0, "bbox": {"xmin": 348, "ymin": 113, "ymax": 711, "xmax": 1278}}], [{"tid": 0, "generated": 0, "bbox": {"xmin": 0, "ymin": 0, "ymax": 657, "xmax": 1256}}, {"tid": 1, "generated": 0, "bbox": {"xmin": 353, "ymin": 108, "ymax": 718, "xmax": 1276}}], [{"tid": 0, "generated": 0, "bbox": {"xmin": 0, "ymin": 0, "ymax": 618, "xmax": 1228}}, {"tid": 1, "generated": 0, "bbox": {"xmin": 359, "ymin": 103, "ymax": 716, "xmax": 1278}}], [{"tid": 0, "generated": 0, "bbox": {"xmin": 0, "ymin": 0, "ymax": 602, "xmax": 1214}}, {"tid": 1, "generated": 0, "bbox": {"xmin": 364, "ymin": 83, "ymax": 716, "xmax": 1278}}], [{"tid": 0, "generated": 0, "bbox": {"xmin": 0, "ymin": 0, "ymax": 581, "xmax": 1200}}, {"tid": 1, "generated": 0, "bbox": {"xmin": 369, "ymin": 62, "ymax": 716, "xmax": 1278}}], [{"tid": 0, "generated": 0, "bbox": {"xmin": 0, "ymin": 0, "ymax": 570, "xmax": 1185}}, {"tid": 1, "generated": 0, "bbox": {"xmin": 375, "ymin": 64, "ymax": 718, "xmax": 1272}}], [{"tid": 0, "generated": 0, "bbox": {"xmin": 0, "ymin": 0, "ymax": 565, "xmax": 1173}}, {"tid": 1, "generated": 0, "bbox": {"xmin": 382, "ymin": 65, "ymax": 716, "xmax": 1278}}], [{"tid": 0, "generated": 0, "bbox": {"xmin": 0, "ymin": 0, "ymax": 554, "xmax": 1160}}, {"tid": 1, "generated": 0, "bbox": {"xmin": 389, "ymin": 55, "ymax": 691, "xmax": 1276}}], [{"tid": 0, "generated": 0, "bbox": {"xmin": 0, "ymin": 0, "ymax": 712, "xmax": 1144}}, {"tid": 1, "generated": 0, "bbox": {"xmin": 396, "ymin": 64, "ymax": 675, "xmax": 1278}}], [{"tid": 0, "generated": 0, "bbox": {"xmin": 0, "ymin": 0, "ymax": 712, "xmax": 1136}}, {"tid": 1, "generated": 0, "bbox": {"xmin": 403, "ymin": 48, "ymax": 702, "xmax": 1278}}], [{"tid": 0, "generated": 0, "bbox": {"xmin": 0, "ymin": 0, "ymax": 702, "xmax": 1125}}, {"tid": 1, "generated": 0, "bbox": {"xmin": 410, "ymin": 53, "ymax": 718, "xmax": 1274}}], [{"tid": 0, "generated": 0, "bbox": {"xmin": 0, "ymin": 0, "ymax": 696, "xmax": 1112}}, {"tid": 1, "generated": 0, "bbox": {"xmin": 417, "ymin": 58, "ymax": 712, "xmax": 1278}}], [{"tid": 0, "generated": 0, "bbox": {"xmin": 0, "ymin": 0, "ymax": 691, "xmax": 1102}}, {"tid": 1, "generated": 0, "bbox": {"xmin": 426, "ymin": 65, "ymax": 714, "xmax": 1278}}], [{"tid": 0, "generated": 0, "bbox": {"xmin": 0, "ymin": 0, "ymax": 680, "xmax": 1091}}, {"tid": 1, "generated": 0, "bbox": {"xmin": 435, "ymin": 72, "ymax": 714, "xmax": 1278}}], [{"tid": 0, "generated": 0, "bbox": {"xmin": 0, "ymin": 0, "ymax": 670, "xmax": 1080}}, {"tid": 1, "generated": 0, "bbox": {"xmin": 442, "ymin": 80, "ymax": 716, "xmax": 1278}}], [{"tid": 0, "generated": 0, "bbox": {"xmin": 0, "ymin": 0, "ymax": 652, "xmax": 1070}}, {"tid": 1, "generated": 0, "bbox": {"xmin": 451, "ymin": 87, "ymax": 714, "xmax": 1278}}], [{"tid": 0, "generated": 0, "bbox": {"xmin": 0, "ymin": 0, "ymax": 641, "xmax": 1059}}, {"tid": 1, "generated": 0, "bbox": {"xmin": 460, "ymin": 99, "ymax": 716, "xmax": 1278}}], [{"tid": 0, "generated": 0, "bbox": {"xmin": 0, "ymin": 0, "ymax": 631, "xmax": 1048}}, {"tid": 1, "generated": 0, "bbox": {"xmin": 476, "ymin": 104, "ymax": 716, "xmax": 1276}}], [{"tid": 0, "generated": 0, "bbox": {"xmin": 0, "ymin": 0, "ymax": 613, "xmax": 1040}}, {"tid": 1, "generated": 0, "bbox": {"xmin": 481, "ymin": 110, "ymax": 718, "xmax": 1276}}], [{"tid": 0, "generated": 0, "bbox": {"xmin": 0, "ymin": 0, "ymax": 606, "xmax": 1034}}, {"tid": 1, "generated": 0, "bbox": {"xmin": 487, "ymin": 115, "ymax": 716, "xmax": 1278}}], [{"tid": 0, "generated": 0, "bbox": {"xmin": 0, "ymin": 0, "ymax": 611, "xmax": 1024}}, {"tid": 1, "generated": 0, "bbox": {"xmin": 488, "ymin": 120, "ymax": 716, "xmax": 1278}}], [{"tid": 0, "generated": 0, "bbox": {"xmin": 0, "ymin": 0, "ymax": 606, "xmax": 1013}}, {"tid": 1, "generated": 0, "bbox": {"xmin": 490, "ymin": 126, "ymax": 711, "xmax": 1278}}], [{"tid": 0, "generated": 0, "bbox": {"xmin": 0, "ymin": 0, "ymax": 608, "xmax": 1008}}, {"tid": 1, "generated": 0, "bbox": {"xmin": 492, "ymin": 131, "ymax": 716, "xmax": 1278}}], [{"tid": 0, "generated": 0, "bbox": {"xmin": 0, "ymin": 0, "ymax": 588, "xmax": 997}}, {"tid": 1, "generated": 0, "bbox": {"xmin": 494, "ymin": 136, "ymax": 718, "xmax": 1274}}], [{"tid": 0, "generated": 0, "bbox": {"xmin": 0, "ymin": 0, "ymax": 579, "xmax": 986}}, {"tid": 1, "generated": 0, "bbox": {"xmin": 496, "ymin": 142, "ymax": 716, "xmax": 1278}}], [{"tid": 0, "generated": 0, "bbox": {"xmin": 0, "ymin": 0, "ymax": 579, "xmax": 976}}, {"tid": 1, "generated": 0, "bbox": {"xmin": 499, "ymin": 147, "ymax": 718, "xmax": 1274}}], [{"tid": 0, "generated": 0, "bbox": {"xmin": 0, "ymin": 0, "ymax": 570, "xmax": 967}}, {"tid": 1, "generated": 0, "bbox": {"xmin": 503, "ymin": 152, "ymax": 718, "xmax": 1274}}], [{"tid": 0, "generated": 0, "bbox": {"xmin": 0, "ymin": 0, "ymax": 570, "xmax": 958}}, {"tid": 1, "generated": 0, "bbox": {"xmin": 506, "ymin": 158, "ymax": 718, "xmax": 1274}}], [{"tid": 0, "generated": 0, "bbox": {"xmin": 0, "ymin": 0, "ymax": 561, "xmax": 949}}, {"tid": 1, "generated": 0, "bbox": {"xmin": 510, "ymin": 163, "ymax": 718, "xmax": 1274}}], [], [], [], [], [], [], [], [], [], [], [], [], [], [], [], [], [], [], [], [], [], [], [], [], [], [], [], [], [], [], [{"tid": 0, "generated": 0, "bbox": {"xmin": 71, "ymin": 42, "ymax": 439, "xmax": 780}}, {"tid": 1, "generated": 0, "bbox": {"xmin": 513, "ymin": 152, "ymax": 554, "xmax": 1276}}], [{"tid": 0, "generated": 0, "bbox": {"xmin": 71, "ymin": 46, "ymax": 446, "xmax": 752}}, {"tid": 1, "generated": 0, "bbox": {"xmin": 512, "ymin": 165, "ymax": 549, "xmax": 1278}}], [{"tid": 0, "generated": 0, "bbox": {"xmin": 71, "ymin": 49, "ymax": 453, "xmax": 737}}, {"tid": 1, "generated": 0, "bbox": {"xmin": 510, "ymin": 177, "ymax": 552, "xmax": 1276}}], [{"tid": 0, "generated": 0, "bbox": {"xmin": 71, "ymin": 53, "ymax": 462, "xmax": 711}}, {"tid": 1, "generated": 0, "bbox": {"xmin": 508, "ymin": 206, "ymax": 558, "xmax": 1272}}], [{"tid": 0, "generated": 0, "bbox": {"xmin": 71, "ymin": 56, "ymax": 474, "xmax": 719}}, {"tid": 1, "generated": 0, "bbox": {"xmin": 506, "ymin": 211, "ymax": 558, "xmax": 1276}}], [{"tid": 0, "generated": 0, "bbox": {"xmin": 71, "ymin": 60, "ymax": 487, "xmax": 727}}, {"tid": 1, "generated": 0, "bbox": {"xmin": 504, "ymin": 243, "ymax": 567, "xmax": 1272}}], [{"tid": 0, "generated": 0, "bbox": {"xmin": 71, "ymin": 60, "ymax": 494, "xmax": 741}}, {"tid": 1, "generated": 0, "bbox": {"xmin": 503, "ymin": 270, "ymax": 567, "xmax": 1276}}], [{"tid": 0, "generated": 0, "bbox": {"xmin": 71, "ymin": 65, "ymax": 499, "xmax": 744}}, {"tid": 1, "generated": 0, "bbox": {"xmin": 501, "ymin": 273, "ymax": 568, "xmax": 1276}}], [{"tid": 0, "generated": 0, "bbox": {"xmin": 71, "ymin": 69, "ymax": 506, "xmax": 737}}, {"tid": 1, "generated": 0, "bbox": {"xmin": 499, "ymin": 279, "ymax": 570, "xmax": 1274}}], [{"tid": 0, "generated": 0, "bbox": {"xmin": 72, "ymin": 72, "ymax": 522, "xmax": 734}}, {"tid": 1, "generated": 0, "bbox": {"xmin": 497, "ymin": 284, "ymax": 570, "xmax": 1272}}], [{"tid": 0, "generated": 0, "bbox": {"xmin": 74, "ymin": 78, "ymax": 522, "xmax": 732}}, {"tid": 1, "generated": 0, "bbox": {"xmin": 497, "ymin": 289, "ymax": 576, "xmax": 1276}}], [{"tid": 0, "generated": 0, "bbox": {"xmin": 80, "ymin": 80, "ymax": 520, "xmax": 736}}, {"tid": 1, "generated": 0, "bbox": {"xmin": 510, "ymin": 288, "ymax": 581, "xmax": 1272}}], [{"tid": 0, "generated": 0, "bbox": {"xmin": 85, "ymin": 83, "ymax": 520, "xmax": 739}}, {"tid": 1, "generated": 0, "bbox": {"xmin": 522, "ymin": 286, "ymax": 581, "xmax": 1269}}], [{"tid": 0, "generated": 0, "bbox": {"xmin": 90, "ymin": 87, "ymax": 520, "xmax": 743}}, {"tid": 1, "generated": 0, "bbox": {"xmin": 535, "ymin": 284, "ymax": 590, "xmax": 1267}}], [{"tid": 0, "generated": 0, "bbox": {"xmin": 96, "ymin": 90, "ymax": 533, "xmax": 746}}, {"tid": 1, "generated": 0, "bbox": {"xmin": 547, "ymin": 282, "ymax": 595, "xmax": 1265}}], [{"tid": 0, "generated": 0, "bbox": {"xmin": 103, "ymin": 94, "ymax": 533, "xmax": 753}}, {"tid": 1, "generated": 0, "bbox": {"xmin": 561, "ymin": 280, "ymax": 593, "xmax": 1265}}], [{"tid": 0, "generated": 0, "bbox": {"xmin": 110, "ymin": 97, "ymax": 545, "xmax": 760}}, {"tid": 1, "generated": 0, "bbox": {"xmin": 576, "ymin": 279, "ymax": 595, "xmax": 1265}}], [{"tid": 0, "generated": 0, "bbox": {"xmin": 117, "ymin": 101, "ymax": 545, "xmax": 768}}, {"tid": 1, "generated": 0, "bbox": {"xmin": 590, "ymin": 277, "ymax": 599, "xmax": 1267}}], [{"tid": 0, "generated": 0, "bbox": {"xmin": 124, "ymin": 104, "ymax": 549, "xmax": 775}}, {"tid": 1, "generated": 0, "bbox": {"xmin": 604, "ymin": 277, "ymax": 602, "xmax": 1269}}], [{"tid": 0, "generated": 0, "bbox": {"xmin": 131, "ymin": 108, "ymax": 545, "xmax": 784}}, {"tid": 1, "generated": 0, "bbox": {"xmin": 618, "ymin": 277, "ymax": 611, "xmax": 1272}}], [{"tid": 0, "generated": 0, "bbox": {"xmin": 138, "ymin": 112, "ymax": 540, "xmax": 796}}, {"tid": 1, "generated": 0, "bbox": {"xmin": 632, "ymin": 277, "ymax": 622, "xmax": 1278}}], [{"tid": 0, "generated": 0, "bbox": {"xmin": 142, "ymin": 113, "ymax": 547, "xmax": 798}}, {"tid": 1, "generated": 0, "bbox": {"xmin": 632, "ymin": 280, "ymax": 620, "xmax": 1277}}], [{"tid": 0, "generated": 0, "bbox": {"xmin": 145, "ymin": 116, "ymax": 550, "xmax": 801}}, {"tid": 1, "generated": 0, "bbox": {"xmin": 632, "ymin": 284, "ymax": 618, "xmax": 1276}}], [{"tid": 0, "generated": 0, "bbox": {"xmin": 149, "ymin": 119, "ymax": 554, "xmax": 805}}, {"tid": 1, "generated": 0, "bbox": {"xmin": 632, "ymin": 288, "ymax": 624, "xmax": 1274}}], [{"tid": 0, "generated": 0, "bbox": {"xmin": 152, "ymin": 120, "ymax": 565, "xmax": 808}}, {"tid": 1, "generated": 0, "bbox": {"xmin": 632, "ymin": 291, "ymax": 627, "xmax": 1272}}], [{"tid": 0, "generated": 0, "bbox": {"xmin": 156, "ymin": 122, "ymax": 567, "xmax": 812}}, {"tid": 1, "generated": 0, "bbox": {"xmin": 632, "ymin": 295, "ymax": 625, "xmax": 1271}}], [{"tid": 0, "generated": 0, "bbox": {"xmin": 160, "ymin": 124, "ymax": 570, "xmax": 816}}, {"tid": 1, "generated": 0, "bbox": {"xmin": 632, "ymin": 298, "ymax": 631, "xmax": 1271}}], [{"tid": 0, "generated": 0, "bbox": {"xmin": 163, "ymin": 128, "ymax": 572, "xmax": 817}}, {"tid": 1, "generated": 0, "bbox": {"xmin": 632, "ymin": 304, "ymax": 634, "xmax": 1271}}], [{"tid": 0, "generated": 0, "bbox": {"xmin": 167, "ymin": 131, "ymax": 565, "xmax": 821}}, {"tid": 1, "generated": 0, "bbox": {"xmin": 632, "ymin": 309, "ymax": 632, "xmax": 1271}}], [{"tid": 0, "generated": 0, "bbox": {"xmin": 172, "ymin": 135, "ymax": 554, "xmax": 828}}, {"tid": 1, "generated": 0, "bbox": {"xmin": 632, "ymin": 314, "ymax": 624, "xmax": 1272}}], [], [], [], [], [], [], [], [], [], [], [], [], [], [], [], [], [], [], [], [], [], [], [], [], [], [], [], [], [], [], [{"tid": 0, "generated": 0, "bbox": {"xmin": 371, "ymin": 142, "ymax": 567, "xmax": 792}}, {"tid": 1, "generated": 0, "bbox": {"xmin": 668, "ymin": 307, "ymax": 629, "xmax": 1278}}], [{"tid": 0, "generated": 0, "bbox": {"xmin": 382, "ymin": 144, "ymax": 563, "xmax": 789}}, {"tid": 1, "generated": 0, "bbox": {"xmin": 672, "ymin": 305, "ymax": 627, "xmax": 1278}}], [{"tid": 0, "generated": 0, "bbox": {"xmin": 373, "ymin": 149, "ymax": 561, "xmax": 784}}, {"tid": 1, "generated": 0, "bbox": {"xmin": 675, "ymin": 307, "ymax": 627, "xmax": 1276}}], [{"tid": 0, "generated": 0, "bbox": {"xmin": 371, "ymin": 156, "ymax": 560, "xmax": 780}}, {"tid": 1, "generated": 0, "bbox": {"xmin": 679, "ymin": 309, "ymax": 627, "xmax": 1274}}], [{"tid": 0, "generated": 0, "bbox": {"xmin": 360, "ymin": 156, "ymax": 558, "xmax": 776}}, {"tid": 1, "generated": 0, "bbox": {"xmin": 682, "ymin": 307, "ymax": 643, "xmax": 1278}}], [{"tid": 0, "generated": 0, "bbox": {"xmin": 339, "ymin": 152, "ymax": 560, "xmax": 773}}, {"tid": 1, "generated": 0, "bbox": {"xmin": 686, "ymin": 305, "ymax": 643, "xmax": 1276}}], [{"tid": 0, "generated": 0, "bbox": {"xmin": 343, "ymin": 156, "ymax": 560, "xmax": 776}}, {"tid": 1, "generated": 0, "bbox": {"xmin": 689, "ymin": 304, "ymax": 654, "xmax": 1276}}], [{"tid": 0, "generated": 0, "bbox": {"xmin": 346, "ymin": 161, "ymax": 560, "xmax": 778}}, {"tid": 1, "generated": 0, "bbox": {"xmin": 693, "ymin": 302, "ymax": 650, "xmax": 1278}}], [{"tid": 0, "generated": 0, "bbox": {"xmin": 350, "ymin": 158, "ymax": 556, "xmax": 778}}, {"tid": 1, "generated": 0, "bbox": {"xmin": 696, "ymin": 300, "ymax": 648, "xmax": 1278}}], [{"tid": 0, "generated": 0, "bbox": {"xmin": 355, "ymin": 161, "ymax": 544, "xmax": 782}}, {"tid": 1, "generated": 0, "bbox": {"xmin": 700, "ymin": 304, "ymax": 659, "xmax": 1276}}], [{"tid": 0, "generated": 0, "bbox": {"xmin": 357, "ymin": 167, "ymax": 551, "xmax": 785}}, {"tid": 1, "generated": 0, "bbox": {"xmin": 704, "ymin": 304, "ymax": 666, "xmax": 1274}}], [{"tid": 0, "generated": 0, "bbox": {"xmin": 357, "ymin": 158, "ymax": 547, "xmax": 792}}, {"tid": 1, "generated": 0, "bbox": {"xmin": 739, "ymin": 302, "ymax": 666, "xmax": 1278}}], [{"tid": 0, "generated": 0, "bbox": {"xmin": 357, "ymin": 163, "ymax": 544, "xmax": 808}}, {"tid": 1, "generated": 0, "bbox": {"xmin": 748, "ymin": 277, "ymax": 680, "xmax": 1278}}], [{"tid": 0, "generated": 0, "bbox": {"xmin": 359, "ymin": 156, "ymax": 540, "xmax": 821}}, {"tid": 1, "generated": 0, "bbox": {"xmin": 778, "ymin": 257, "ymax": 673, "xmax": 1278}}], [{"tid": 0, "generated": 0, "bbox": {"xmin": 368, "ymin": 154, "ymax": 538, "xmax": 833}}, {"tid": 1, "generated": 0, "bbox": {"xmin": 784, "ymin": 261, "ymax": 679, "xmax": 1277}}], [{"tid": 0, "generated": 0, "bbox": {"xmin": 368, "ymin": 152, "ymax": 538, "xmax": 849}}, {"tid": 1, "generated": 0, "bbox": {"xmin": 791, "ymin": 266, "ymax": 686, "xmax": 1276}}], [{"tid": 0, "generated": 0, "bbox": {"xmin": 368, "ymin": 151, "ymax": 535, "xmax": 862}}, {"tid": 1, "generated": 0, "bbox": {"xmin": 797, "ymin": 270, "ymax": 680, "xmax": 1277}}], [{"tid": 0, "generated": 0, "bbox": {"xmin": 366, "ymin": 149, "ymax": 549, "xmax": 874}}, {"tid": 1, "generated": 0, "bbox": {"xmin": 803, "ymin": 275, "ymax": 675, "xmax": 1278}}], [{"tid": 0, "generated": 0, "bbox": {"xmin": 362, "ymin": 147, "ymax": 544, "xmax": 887}}, {"tid": 1, "generated": 0, "bbox": {"xmin": 810, "ymin": 279, "ymax": 663, "xmax": 1278}}], [{"tid": 0, "generated": 0, "bbox": {"xmin": 359, "ymin": 149, "ymax": 536, "xmax": 901}}, {"tid": 1, "generated": 0, "bbox": {"xmin": 824, "ymin": 293, "ymax": 656, "xmax": 1276}}], [{"tid": 0, "generated": 0, "bbox": {"xmin": 355, "ymin": 145, "ymax": 533, "xmax": 919}}, {"tid": 1, "generated": 0, "bbox": {"xmin": 824, "ymin": 289, "ymax": 650, "xmax": 1278}}], [{"tid": 0, "generated": 0, "bbox": {"xmin": 352, "ymin": 147, "ymax": 536, "xmax": 933}}, {"tid": 1, "generated": 0, "bbox": {"xmin": 833, "ymin": 291, "ymax": 650, "xmax": 1274}}], [{"tid": 0, "generated": 0, "bbox": {"xmin": 348, "ymin": 145, "ymax": 540, "xmax": 949}}, {"tid": 1, "generated": 0, "bbox": {"xmin": 844, "ymin": 273, "ymax": 664, "xmax": 1276}}], [{"tid": 0, "generated": 0, "bbox": {"xmin": 346, "ymin": 145, "ymax": 542, "xmax": 967}}, {"tid": 1, "generated": 0, "bbox": {"xmin": 832, "ymin": 264, "ymax": 675, "xmax": 1276}}], [{"tid": 0, "generated": 0, "bbox": {"xmin": 355, "ymin": 149, "ymax": 542, "xmax": 961}}, {"tid": 1, "generated": 0, "bbox": {"xmin": 864, "ymin": 241, "ymax": 664, "xmax": 1276}}], [{"tid": 0, "generated": 0, "bbox": {"xmin": 355, "ymin": 161, "ymax": 544, "xmax": 979}}, {"tid": 1, "generated": 0, "bbox": {"xmin": 880, "ymin": 247, "ymax": 680, "xmax": 1274}}], [{"tid": 0, "generated": 0, "bbox": {"xmin": 350, "ymin": 174, "ymax": 547, "xmax": 983}}, {"tid": 1, "generated": 0, "bbox": {"xmin": 899, "ymin": 243, "ymax": 672, "xmax": 1276}}], [{"tid": 0, "generated": 0, "bbox": {"xmin": 344, "ymin": 177, "ymax": 552, "xmax": 1011}}, {"tid": 1, "generated": 0, "bbox": {"xmin": 915, "ymin": 254, "ymax": 668, "xmax": 1274}}], [{"tid": 0, "generated": 0, "bbox": {"xmin": 341, "ymin": 197, "ymax": 554, "xmax": 1064}}, {"tid": 1, "generated": 0, "bbox": {"xmin": 849, "ymin": 270, "ymax": 664, "xmax": 1274}}], [{"tid": 0, "generated": 0, "bbox": {"xmin": 337, "ymin": 215, "ymax": 560, "xmax": 1086}}, {"tid": 1, "generated": 0, "bbox": {"xmin": 853, "ymin": 311, "ymax": 675, "xmax": 1278}}], [], [], [], [], [], [], [], [], [], [], [], [], [], [], [], [], [], [], [], [], [], [], [], [], [], [], [], [], [], [], [], [], [], [], [], [], [], [], [], [], [], [], [], [], [], [{"tid": 0, "generated": 0, "bbox": {"xmin": 160, "ymin": 211, "ymax": 595, "xmax": 936}}, {"tid": 1, "generated": 0, "bbox": {"xmin": 704, "ymin": 128, "ymax": 494, "xmax": 1272}}], [{"tid": 0, "generated": 0, "bbox": {"xmin": 184, "ymin": 215, "ymax": 595, "xmax": 936}}, {"tid": 1, "generated": 0, "bbox": {"xmin": 704, "ymin": 124, "ymax": 492, "xmax": 1269}}], [{"tid": 0, "generated": 0, "bbox": {"xmin": 209, "ymin": 211, "ymax": 595, "xmax": 936}}, {"tid": 1, "generated": 0, "bbox": {"xmin": 700, "ymin": 128, "ymax": 494, "xmax": 1272}}], [{"tid": 0, "generated": 0, "bbox": {"xmin": 234, "ymin": 208, "ymax": 593, "xmax": 936}}, {"tid": 1, "generated": 0, "bbox": {"xmin": 700, "ymin": 119, "ymax": 490, "xmax": 1278}}], [{"tid": 0, "generated": 0, "bbox": {"xmin": 272, "ymin": 204, "ymax": 588, "xmax": 940}}, {"tid": 1, "generated": 0, "bbox": {"xmin": 702, "ymin": 109, "ymax": 487, "xmax": 1267}}], [{"tid": 0, "generated": 0, "bbox": {"xmin": 288, "ymin": 208, "ymax": 595, "xmax": 945}}, {"tid": 1, "generated": 0, "bbox": {"xmin": 704, "ymin": 99, "ymax": 485, "xmax": 1256}}], [{"tid": 0, "generated": 0, "bbox": {"xmin": 289, "ymin": 206, "ymax": 584, "xmax": 944}}, {"tid": 1, "generated": 0, "bbox": {"xmin": 704, "ymin": 94, "ymax": 478, "xmax": 1255}}], [{"tid": 0, "generated": 0, "bbox": {"xmin": 295, "ymin": 200, "ymax": 574, "xmax": 960}}, {"tid": 1, "generated": 0, "bbox": {"xmin": 704, "ymin": 92, "ymax": 472, "xmax": 1244}}], [{"tid": 0, "generated": 0, "bbox": {"xmin": 293, "ymin": 190, "ymax": 565, "xmax": 958}}, {"tid": 1, "generated": 0, "bbox": {"xmin": 704, "ymin": 83, "ymax": 467, "xmax": 1233}}], [{"tid": 0, "generated": 0, "bbox": {"xmin": 273, "ymin": 193, "ymax": 565, "xmax": 963}}, {"tid": 1, "generated": 0, "bbox": {"xmin": 704, "ymin": 80, "ymax": 461, "xmax": 1237}}], [{"tid": 0, "generated": 0, "bbox": {"xmin": 270, "ymin": 190, "ymax": 560, "xmax": 954}}, {"tid": 1, "generated": 0, "bbox": {"xmin": 704, "ymin": 78, "ymax": 455, "xmax": 1242}}], [{"tid": 0, "generated": 0, "bbox": {"xmin": 277, "ymin": 183, "ymax": 549, "xmax": 949}}, {"tid": 1, "generated": 0, "bbox": {"xmin": 704, "ymin": 65, "ymax": 449, "xmax": 1228}}], [{"tid": 0, "generated": 0, "bbox": {"xmin": 268, "ymin": 176, "ymax": 538, "xmax": 944}}, {"tid": 1, "generated": 0, "bbox": {"xmin": 704, "ymin": 65, "ymax": 445, "xmax": 1221}}], [{"tid": 0, "generated": 0, "bbox": {"xmin": 280, "ymin": 165, "ymax": 545, "xmax": 940}}, {"tid": 1, "generated": 0, "bbox": {"xmin": 704, "ymin": 65, "ymax": 441, "xmax": 1214}}], [{"tid": 0, "generated": 0, "bbox": {"xmin": 293, "ymin": 165, "ymax": 526, "xmax": 938}}, {"tid": 1, "generated": 0, "bbox": {"xmin": 704, "ymin": 65, "ymax": 437, "xmax": 1208}}], [{"tid": 0, "generated": 0, "bbox": {"xmin": 305, "ymin": 147, "ymax": 506, "xmax": 938}}, {"tid": 1, "generated": 0, "bbox": {"xmin": 704, "ymin": 49, "ymax": 435, "xmax": 1178}}], [{"tid": 0, "generated": 0, "bbox": {"xmin": 291, "ymin": 147, "ymax": 508, "xmax": 919}}, {"tid": 1, "generated": 0, "bbox": {"xmin": 688, "ymin": 56, "ymax": 435, "xmax": 1162}}], [{"tid": 0, "generated": 0, "bbox": {"xmin": 277, "ymin": 145, "ymax": 508, "xmax": 901}}, {"tid": 1, "generated": 0, "bbox": {"xmin": 672, "ymin": 58, "ymax": 433, "xmax": 1146}}], [{"tid": 0, "generated": 0, "bbox": {"xmin": 263, "ymin": 140, "ymax": 508, "xmax": 883}}, {"tid": 1, "generated": 0, "bbox": {"xmin": 656, "ymin": 51, "ymax": 432, "xmax": 1130}}], [{"tid": 0, "generated": 0, "bbox": {"xmin": 248, "ymin": 142, "ymax": 510, "xmax": 865}}, {"tid": 1, "generated": 0, "bbox": {"xmin": 640, "ymin": 51, "ymax": 430, "xmax": 1114}}], [{"tid": 0, "generated": 0, "bbox": {"xmin": 234, "ymin": 138, "ymax": 510, "xmax": 848}}, {"tid": 1, "generated": 0, "bbox": {"xmin": 624, "ymin": 47, "ymax": 430, "xmax": 1100}}], [{"tid": 0, "generated": 0, "bbox": {"xmin": 220, "ymin": 151, "ymax": 512, "xmax": 830}}, {"tid": 1, "generated": 0, "bbox": {"xmin": 609, "ymin": 44, "ymax": 430, "xmax": 1086}}], [{"tid": 0, "generated": 0, "bbox": {"xmin": 206, "ymin": 136, "ymax": 513, "xmax": 812}}, {"tid": 1, "generated": 0, "bbox": {"xmin": 593, "ymin": 48, "ymax": 430, "xmax": 1070}}], [{"tid": 0, "generated": 0, "bbox": {"xmin": 192, "ymin": 136, "ymax": 513, "xmax": 796}}, {"tid": 1, "generated": 0, "bbox": {"xmin": 577, "ymin": 48, "ymax": 430, "xmax": 1054}}], [{"tid": 0, "generated": 0, "bbox": {"xmin": 177, "ymin": 124, "ymax": 515, "xmax": 778}}, {"tid": 1, "generated": 0, "bbox": {"xmin": 563, "ymin": 48, "ymax": 432, "xmax": 1043}}], [{"tid": 0, "generated": 0, "bbox": {"xmin": 165, "ymin": 133, "ymax": 517, "xmax": 766}}, {"tid": 1, "generated": 0, "bbox": {"xmin": 549, "ymin": 37, "ymax": 432, "xmax": 1034}}], [{"tid": 0, "generated": 0, "bbox": {"xmin": 144, "ymin": 135, "ymax": 526, "xmax": 764}}, {"tid": 1, "generated": 0, "bbox": {"xmin": 549, "ymin": 49, "ymax": 449, "xmax": 1029}}], [{"tid": 0, "generated": 0, "bbox": {"xmin": 140, "ymin": 135, "ymax": 506, "xmax": 764}}, {"tid": 1, "generated": 0, "bbox": {"xmin": 549, "ymin": 42, "ymax": 465, "xmax": 1024}}], [{"tid": 0, "generated": 0, "bbox": {"xmin": 135, "ymin": 149, "ymax": 540, "xmax": 785}}, {"tid": 1, "generated": 0, "bbox": {"xmin": 549, "ymin": 76, "ymax": 492, "xmax": 1016}}], [{"tid": 0, "generated": 0, "bbox": {"xmin": 149, "ymin": 200, "ymax": 570, "xmax": 801}}, {"tid": 1, "generated": 0, "bbox": {"xmin": 549, "ymin": 103, "ymax": 515, "xmax": 1011}}], [], [], [], [], [], [], [], [], [], [], [], [], [], [], [], [{"tid": 0, "generated": 0, "bbox": {"xmin": 99, "ymin": 341, "ymax": 691, "xmax": 784}}, {"tid": 1, "generated": 0, "bbox": {"xmin": 547, "ymin": 273, "ymax": 664, "xmax": 993}}], [{"tid": 0, "generated": 0, "bbox": {"xmin": 99, "ymin": 343, "ymax": 686, "xmax": 782}}, {"tid": 1, "generated": 0, "bbox": {"xmin": 549, "ymin": 277, "ymax": 664, "xmax": 993}}], [{"tid": 0, "generated": 0, "bbox": {"xmin": 99, "ymin": 341, "ymax": 680, "xmax": 782}}, {"tid": 1, "generated": 0, "bbox": {"xmin": 536, "ymin": 277, "ymax": 663, "xmax": 995}}], [{"tid": 0, "generated": 0, "bbox": {"xmin": 99, "ymin": 341, "ymax": 679, "xmax": 780}}, {"tid": 1, "generated": 0, "bbox": {"xmin": 540, "ymin": 268, "ymax": 663, "xmax": 995}}], [{"tid": 0, "generated": 0, "bbox": {"xmin": 90, "ymin": 334, "ymax": 675, "xmax": 778}}, {"tid": 1, "generated": 0, "bbox": {"xmin": 544, "ymin": 272, "ymax": 661, "xmax": 995}}], [{"tid": 0, "generated": 0, "bbox": {"xmin": 96, "ymin": 343, "ymax": 686, "xmax": 776}}, {"tid": 1, "generated": 0, "bbox": {"xmin": 547, "ymin": 277, "ymax": 661, "xmax": 995}}], [{"tid": 0, "generated": 0, "bbox": {"xmin": 97, "ymin": 339, "ymax": 679, "xmax": 780}}, {"tid": 1, "generated": 0, "bbox": {"xmin": 551, "ymin": 277, "ymax": 663, "xmax": 995}}], [{"tid": 0, "generated": 0, "bbox": {"xmin": 99, "ymin": 343, "ymax": 691, "xmax": 780}}, {"tid": 1, "generated": 0, "bbox": {"xmin": 554, "ymin": 284, "ymax": 664, "xmax": 995}}], [{"tid": 0, "generated": 0, "bbox": {"xmin": 101, "ymin": 341, "ymax": 680, "xmax": 784}}, {"tid": 1, "generated": 0, "bbox": {"xmin": 558, "ymin": 280, "ymax": 664, "xmax": 995}}], [{"tid": 0, "generated": 0, "bbox": {"xmin": 104, "ymin": 337, "ymax": 670, "xmax": 791}}, {"tid": 1, "generated": 0, "bbox": {"xmin": 561, "ymin": 279, "ymax": 666, "xmax": 997}}], [{"tid": 0, "generated": 0, "bbox": {"xmin": 108, "ymin": 332, "ymax": 661, "xmax": 801}}, {"tid": 1, "generated": 0, "bbox": {"xmin": 565, "ymin": 277, "ymax": 668, "xmax": 1002}}], [{"tid": 0, "generated": 0, "bbox": {"xmin": 110, "ymin": 344, "ymax": 712, "xmax": 800}}, {"tid": 1, "generated": 0, "bbox": {"xmin": 558, "ymin": 277, "ymax": 666, "xmax": 999}}], [{"tid": 0, "generated": 0, "bbox": {"xmin": 112, "ymin": 343, "ymax": 712, "xmax": 798}}, {"tid": 1, "generated": 0, "bbox": {"xmin": 568, "ymin": 275, "ymax": 664, "xmax": 999}}], [{"tid": 0, "generated": 0, "bbox": {"xmin": 113, "ymin": 348, "ymax": 709, "xmax": 798}}, {"tid": 1, "generated": 0, "bbox": {"xmin": 570, "ymin": 273, "ymax": 670, "xmax": 1000}}], [{"tid": 0, "generated": 0, "bbox": {"xmin": 115, "ymin": 344, "ymax": 709, "xmax": 800}}, {"tid": 1, "generated": 0, "bbox": {"xmin": 574, "ymin": 272, "ymax": 666, "xmax": 1016}}], [{"tid": 0, "generated": 0, "bbox": {"xmin": 117, "ymin": 346, "ymax": 705, "xmax": 800}}, {"tid": 1, "generated": 0, "bbox": {"xmin": 567, "ymin": 272, "ymax": 663, "xmax": 1018}}], [{"tid": 0, "generated": 0, "bbox": {"xmin": 119, "ymin": 350, "ymax": 705, "xmax": 800}}, {"tid": 1, "generated": 0, "bbox": {"xmin": 561, "ymin": 272, "ymax": 660, "xmax": 1020}}], [{"tid": 0, "generated": 0, "bbox": {"xmin": 121, "ymin": 346, "ymax": 703, "xmax": 801}}, {"tid": 1, "generated": 0, "bbox": {"xmin": 555, "ymin": 272, "ymax": 658, "xmax": 1022}}], [{"tid": 0, "generated": 0, "bbox": {"xmin": 124, "ymin": 343, "ymax": 702, "xmax": 803}}, {"tid": 1, "generated": 0, "bbox": {"xmin": 548, "ymin": 272, "ymax": 655, "xmax": 1024}}], [{"tid": 0, "generated": 0, "bbox": {"xmin": 128, "ymin": 344, "ymax": 702, "xmax": 808}}, {"tid": 1, "generated": 0, "bbox": {"xmin": 542, "ymin": 272, "ymax": 652, "xmax": 1026}}], [{"tid": 0, "generated": 0, "bbox": {"xmin": 131, "ymin": 337, "ymax": 698, "xmax": 819}}, {"tid": 1, "generated": 0, "bbox": {"xmin": 536, "ymin": 273, "ymax": 650, "xmax": 1029}}], [{"tid": 0, "generated": 0, "bbox": {"xmin": 131, "ymin": 332, "ymax": 688, "xmax": 823}}, {"tid": 1, "generated": 0, "bbox": {"xmin": 542, "ymin": 263, "ymax": 640, "xmax": 1022}}], [{"tid": 0, "generated": 0, "bbox": {"xmin": 131, "ymin": 314, "ymax": 680, "xmax": 824}}, {"tid": 1, "generated": 0, "bbox": {"xmin": 512, "ymin": 252, "ymax": 631, "xmax": 1024}}], [{"tid": 0, "generated": 0, "bbox": {"xmin": 131, "ymin": 312, "ymax": 672, "xmax": 828}}, {"tid": 1, "generated": 0, "bbox": {"xmin": 544, "ymin": 241, "ymax": 618, "xmax": 1025}}], [{"tid": 0, "generated": 0, "bbox": {"xmin": 131, "ymin": 302, "ymax": 666, "xmax": 830}}, {"tid": 1, "generated": 0, "bbox": {"xmin": 540, "ymin": 231, "ymax": 618, "xmax": 1024}}], [{"tid": 0, "generated": 0, "bbox": {"xmin": 131, "ymin": 291, "ymax": 656, "xmax": 828}}, {"tid": 1, "generated": 0, "bbox": {"xmin": 536, "ymin": 220, "ymax": 604, "xmax": 1020}}], [{"tid": 0, "generated": 0, "bbox": {"xmin": 131, "ymin": 281, "ymax": 648, "xmax": 826}}, {"tid": 1, "generated": 0, "bbox": {"xmin": 533, "ymin": 211, "ymax": 593, "xmax": 1018}}], [{"tid": 0, "generated": 0, "bbox": {"xmin": 131, "ymin": 272, "ymax": 641, "xmax": 824}}, {"tid": 1, "generated": 0, "bbox": {"xmin": 531, "ymin": 202, "ymax": 592, "xmax": 1020}}], [{"tid": 0, "generated": 0, "bbox": {"xmin": 131, "ymin": 261, "ymax": 632, "xmax": 832}}, {"tid": 1, "generated": 0, "bbox": {"xmin": 529, "ymin": 193, "ymax": 583, "xmax": 1022}}], [{"tid": 0, "generated": 0, "bbox": {"xmin": 131, "ymin": 248, "ymax": 624, "xmax": 832}}, {"tid": 1, "generated": 0, "bbox": {"xmin": 528, "ymin": 186, "ymax": 567, "xmax": 1027}}], [], [], [], [], [], [], [], [], [], [], [], [], [], [], [], [], [], [], [], [], [], [], [], [], [], [], [], [], [], [], [], [], [], [], [], [], [], [], [], [], [], [], [], [], [], [], [], [], [], [], [], [], [], [], [], [], [], [], [], [], [], [], [], [], [], [], [], [], [], [], [], [], [], [], [], [{"tid": 0, "generated": 0, "bbox": {"xmin": 46, "ymin": 160, "ymax": 512, "xmax": 736}}, {"tid": 1, "generated": 0, "bbox": {"xmin": 417, "ymin": 92, "ymax": 453, "xmax": 922}}], [{"tid": 0, "generated": 0, "bbox": {"xmin": 46, "ymin": 161, "ymax": 508, "xmax": 736}}, {"tid": 1, "generated": 0, "bbox": {"xmin": 417, "ymin": 96, "ymax": 458, "xmax": 926}}], [{"tid": 0, "generated": 0, "bbox": {"xmin": 46, "ymin": 163, "ymax": 520, "xmax": 734}}, {"tid": 1, "generated": 0, "bbox": {"xmin": 417, "ymin": 101, "ymax": 464, "xmax": 929}}], [{"tid": 0, "generated": 0, "bbox": {"xmin": 46, "ymin": 167, "ymax": 522, "xmax": 736}}, {"tid": 1, "generated": 0, "bbox": {"xmin": 417, "ymin": 97, "ymax": 469, "xmax": 935}}], [{"tid": 0, "generated": 0, "bbox": {"xmin": 46, "ymin": 170, "ymax": 526, "xmax": 737}}, {"tid": 1, "generated": 0, "bbox": {"xmin": 417, "ymin": 95, "ymax": 475, "xmax": 941}}], [{"tid": 0, "generated": 0, "bbox": {"xmin": 46, "ymin": 174, "ymax": 531, "xmax": 741}}, {"tid": 1, "generated": 0, "bbox": {"xmin": 417, "ymin": 94, "ymax": 481, "xmax": 947}}], [{"tid": 0, "generated": 0, "bbox": {"xmin": 46, "ymin": 172, "ymax": 533, "xmax": 737}}, {"tid": 1, "generated": 0, "bbox": {"xmin": 417, "ymin": 101, "ymax": 481, "xmax": 944}}], [{"tid": 0, "generated": 0, "bbox": {"xmin": 46, "ymin": 170, "ymax": 529, "xmax": 736}}, {"tid": 1, "generated": 0, "bbox": {"xmin": 418, "ymin": 102, "ymax": 480, "xmax": 943}}], [{"tid": 0, "generated": 0, "bbox": {"xmin": 46, "ymin": 168, "ymax": 526, "xmax": 734}}, {"tid": 1, "generated": 0, "bbox": {"xmin": 419, "ymin": 103, "ymax": 480, "xmax": 942}}], [{"tid": 0, "generated": 0, "bbox": {"xmin": 46, "ymin": 167, "ymax": 517, "xmax": 732}}, {"tid": 1, "generated": 0, "bbox": {"xmin": 419, "ymin": 97, "ymax": 478, "xmax": 940}}], [{"tid": 0, "generated": 0, "bbox": {"xmin": 48, "ymin": 165, "ymax": 517, "xmax": 734}}, {"tid": 1, "generated": 0, "bbox": {"xmin": 419, "ymin": 101, "ymax": 478, "xmax": 938}}], [{"tid": 0, "generated": 0, "bbox": {"xmin": 49, "ymin": 165, "ymax": 519, "xmax": 736}}, {"tid": 1, "generated": 0, "bbox": {"xmin": 421, "ymin": 99, "ymax": 478, "xmax": 936}}], [{"tid": 0, "generated": 0, "bbox": {"xmin": 51, "ymin": 165, "ymax": 522, "xmax": 737}}, {"tid": 1, "generated": 0, "bbox": {"xmin": 422, "ymin": 98, "ymax": 475, "xmax": 936}}], [{"tid": 0, "generated": 0, "bbox": {"xmin": 53, "ymin": 165, "ymax": 522, "xmax": 738}}, {"tid": 1, "generated": 0, "bbox": {"xmin": 424, "ymin": 97, "ymax": 472, "xmax": 936}}], [{"tid": 0, "generated": 0, "bbox": {"xmin": 55, "ymin": 165, "ymax": 522, "xmax": 739}}, {"tid": 1, "generated": 0, "bbox": {"xmin": 426, "ymin": 97, "ymax": 483, "xmax": 940}}], [{"tid": 0, "generated": 0, "bbox": {"xmin": 56, "ymin": 165, "ymax": 529, "xmax": 748}}, {"tid": 1, "generated": 0, "bbox": {"xmin": 428, "ymin": 99, "ymax": 481, "xmax": 947}}], [{"tid": 0, "generated": 0, "bbox": {"xmin": 55, "ymin": 163, "ymax": 526, "xmax": 746}}, {"tid": 1, "generated": 0, "bbox": {"xmin": 428, "ymin": 97, "ymax": 476, "xmax": 947}}], [{"tid": 0, "generated": 0, "bbox": {"xmin": 55, "ymin": 161, "ymax": 524, "xmax": 746}}, {"tid": 1, "generated": 0, "bbox": {"xmin": 428, "ymin": 97, "ymax": 483, "xmax": 947}}], [{"tid": 0, "generated": 0, "bbox": {"xmin": 55, "ymin": 161, "ymax": 517, "xmax": 746}}, {"tid": 1, "generated": 0, "bbox": {"xmin": 430, "ymin": 99, "ymax": 485, "xmax": 948}}], [{"tid": 0, "generated": 0, "bbox": {"xmin": 55, "ymin": 161, "ymax": 515, "xmax": 745}}, {"tid": 1, "generated": 0, "bbox": {"xmin": 432, "ymin": 101, "ymax": 488, "xmax": 949}}], [{"tid": 0, "generated": 0, "bbox": {"xmin": 55, "ymin": 161, "ymax": 513, "xmax": 744}}, {"tid": 1, "generated": 0, "bbox": {"xmin": 430, "ymin": 99, "ymax": 485, "xmax": 947}}], [{"tid": 0, "generated": 0, "bbox": {"xmin": 55, "ymin": 161, "ymax": 513, "xmax": 746}}, {"tid": 1, "generated": 0, "bbox": {"xmin": 428, "ymin": 101, "ymax": 481, "xmax": 945}}], [{"tid": 0, "generated": 0, "bbox": {"xmin": 55, "ymin": 161, "ymax": 510, "xmax": 748}}, {"tid": 1, "generated": 0, "bbox": {"xmin": 428, "ymin": 100, "ymax": 480, "xmax": 946}}], [{"tid": 0, "generated": 0, "bbox": {"xmin": 55, "ymin": 161, "ymax": 506, "xmax": 750}}, {"tid": 1, "generated": 0, "bbox": {"xmin": 428, "ymin": 99, "ymax": 480, "xmax": 947}}], [{"tid": 0, "generated": 0, "bbox": {"xmin": 55, "ymin": 161, "ymax": 512, "xmax": 753}}, {"tid": 1, "generated": 0, "bbox": {"xmin": 428, "ymin": 97, "ymax": 480, "xmax": 945}}], [{"tid": 0, "generated": 0, "bbox": {"xmin": 55, "ymin": 161, "ymax": 510, "xmax": 759}}, {"tid": 1, "generated": 0, "bbox": {"xmin": 428, "ymin": 97, "ymax": 478, "xmax": 954}}], [{"tid": 0, "generated": 0, "bbox": {"xmin": 58, "ymin": 160, "ymax": 512, "xmax": 755}}, {"tid": 1, "generated": 0, "bbox": {"xmin": 428, "ymin": 97, "ymax": 474, "xmax": 951}}], [{"tid": 0, "generated": 0, "bbox": {"xmin": 62, "ymin": 159, "ymax": 512, "xmax": 755}}, {"tid": 1, "generated": 0, "bbox": {"xmin": 428, "ymin": 97, "ymax": 474, "xmax": 951}}], [{"tid": 0, "generated": 0, "bbox": {"xmin": 67, "ymin": 158, "ymax": 513, "xmax": 755}}, {"tid": 1, "generated": 0, "bbox": {"xmin": 428, "ymin": 97, "ymax": 474, "xmax": 951}}], [{"tid": 0, "generated": 0, "bbox": {"xmin": 71, "ymin": 156, "ymax": 515, "xmax": 753}}, {"tid": 1, "generated": 0, "bbox": {"xmin": 428, "ymin": 101, "ymax": 478, "xmax": 951}}]], "subject/objects": [{"category": "antelope", "tid": 0}, {"category": "antelope", "tid": 1}], "relation_instances": [{"end_fid": 30, "subject_tid": 0, "predicate": "stand_left", "begin_fid": 0, "object_tid": 1}, {"end_fid": 30, "subject_tid": 0, "predicate": "fight", "begin_fid": 0, "object_tid": 1}, {"end_fid": 30, "subject_tid": 1, "predicate": "stand_right", "begin_fid": 0, "object_tid": 0}, {"end_fid": 30, "subject_tid": 1, "predicate": "fight", "begin_fid": 0, "object_tid": 0}, {"end_fid": 90, "subject_tid": 0, "predicate": "stand_left", "begin_fid": 60, "object_tid": 1}, {"end_fid": 90, "subject_tid": 0, "predicate": "fight", "begin_fid": 60, "object_tid": 1}, {"end_fid": 90, "subject_tid": 1, "predicate": "stand_right", "begin_fid": 60, "object_tid": 0}, {"end_fid": 90, "subject_tid": 1, "predicate": "fight", "begin_fid": 60, "object_tid": 0}, {"end_fid": 150, "subject_tid": 0, "predicate": "walk_left", "begin_fid": 120, "object_tid": 1}, {"end_fid": 150, "subject_tid": 0, "predicate": "fight", "begin_fid": 120, "object_tid": 1}, {"end_fid": 150, "subject_tid": 1, "predicate": "walk_right", "begin_fid": 120, "object_tid": 0}, {"end_fid": 150, "subject_tid": 1, "predicate": "fight", "begin_fid": 120, "object_tid": 0}, {"end_fid": 225, "subject_tid": 0, "predicate": "walk_left", "begin_fid": 195, "object_tid": 1}, {"end_fid": 225, "subject_tid": 0, "predicate": "fight", "begin_fid": 195, "object_tid": 1}, {"end_fid": 225, "subject_tid": 1, "predicate": "walk_right", "begin_fid": 195, "object_tid": 0}, {"end_fid": 225, "subject_tid": 1, "predicate": "fight", "begin_fid": 195, "object_tid": 0}, {"end_fid": 270, "subject_tid": 0, "predicate": "stand_left", "begin_fid": 240, "object_tid": 1}, {"end_fid": 270, "subject_tid": 0, "predicate": "fight", "begin_fid": 240, "object_tid": 1}, {"end_fid": 270, "subject_tid": 1, "predicate": "stand_right", "begin_fid": 240, "object_tid": 0}, {"end_fid": 270, "subject_tid": 1, "predicate": "fight", "begin_fid": 240, "object_tid": 0}, {"end_fid": 375, "subject_tid": 0, "predicate": "stand_left", "begin_fid": 345, "object_tid": 1}, {"end_fid": 375, "subject_tid": 0, "predicate": "fight", "begin_fid": 345, "object_tid": 1}, {"end_fid": 375, "subject_tid": 1, "predicate": "stand_right", "begin_fid": 345, "object_tid": 0}, {"end_fid": 375, "subject_tid": 1, "predicate": "fight", "begin_fid": 345, "object_tid": 0}], "height": 720}