{"width": 1280, "frame_count": 101, "video_id": "ILSVRC2015_train_00569002", "fps": 29, "trajectories": [[{"tid": 0, "generated": 0, "bbox": {"xmin": 679, "ymin": 325, "ymax": 561, "xmax": 824}}, {"tid": 1, "generated": 0, "bbox": {"xmin": 486, "ymin": 431, "ymax": 639, "xmax": 664}}], [{"tid": 0, "generated": 0, "bbox": {"xmin": 679, "ymin": 325, "ymax": 565, "xmax": 828}}, {"tid": 1, "generated": 0, "bbox": {"xmin": 487, "ymin": 432, "ymax": 640, "xmax": 665}}], [{"tid": 0, "generated": 0, "bbox": {"xmin": 679, "ymin": 325, "ymax": 570, "xmax": 830}}, {"tid": 1, "generated": 0, "bbox": {"xmin": 488, "ymin": 432, "ymax": 641, "xmax": 666}}], [{"tid": 0, "generated": 0, "bbox": {"xmin": 679, "ymin": 325, "ymax": 572, "xmax": 828}}, {"tid": 1, "generated": 0, "bbox": {"xmin": 489, "ymin": 433, "ymax": 642, "xmax": 668}}], [{"tid": 0, "generated": 0, "bbox": {"xmin": 679, "ymin": 325, "ymax": 574, "xmax": 828}}, {"tid": 1, "generated": 0, "bbox": {"xmin": 490, "ymin": 433, "ymax": 643, "xmax": 669}}], [{"tid": 0, "generated": 0, "bbox": {"xmin": 679, "ymin": 326, "ymax": 576, "xmax": 826}}, {"tid": 1, "generated": 0, "bbox": {"xmin": 491, "ymin": 434, "ymax": 644, "xmax": 670}}], [{"tid": 0, "generated": 0, "bbox": {"xmin": 679, "ymin": 328, "ymax": 578, "xmax": 825}}, {"tid": 1, "generated": 0, "bbox": {"xmin": 491, "ymin": 434, "ymax": 644, "xmax": 670}}], [{"tid": 0, "generated": 0, "bbox": {"xmin": 679, "ymin": 330, "ymax": 581, "xmax": 824}}, {"tid": 1, "generated": 0, "bbox": {"xmin": 491, "ymin": 434, "ymax": 644, "xmax": 670}}], [{"tid": 0, "generated": 0, "bbox": {"xmin": 679, "ymin": 332, "ymax": 581, "xmax": 828}}, {"tid": 1, "generated": 0, "bbox": {"xmin": 491, "ymin": 434, "ymax": 644, "xmax": 670}}], [{"tid": 0, "generated": 0, "bbox": {"xmin": 679, "ymin": 334, "ymax": 586, "xmax": 823}}, {"tid": 1, "generated": 0, "bbox": {"xmin": 491, "ymin": 434, "ymax": 644, "xmax": 670}}], [{"tid": 0, "generated": 0, "bbox": {"xmin": 679, "ymin": 336, "ymax": 583, "xmax": 824}}, {"tid": 1, "generated": 0, "bbox": {"xmin": 491, "ymin": 434, "ymax": 644, "xmax": 670}}], [{"tid": 0, "generated": 0, "bbox": {"xmin": 672, "ymin": 336, "ymax": 586, "xmax": 823}}, {"tid": 1, "generated": 0, "bbox": {"xmin": 491, "ymin": 434, "ymax": 644, "xmax": 670}}], [{"tid": 0, "generated": 0, "bbox": {"xmin": 666, "ymin": 337, "ymax": 583, "xmax": 821}}, {"tid": 1, "generated": 0, "bbox": {"xmin": 491, "ymin": 434, "ymax": 644, "xmax": 670}}], [{"tid": 0, "generated": 0, "bbox": {"xmin": 661, "ymin": 339, "ymax": 586, "xmax": 821}}, {"tid": 1, "generated": 0, "bbox": {"xmin": 491, "ymin": 434, "ymax": 644, "xmax": 670}}], [{"tid": 0, "generated": 0, "bbox": {"xmin": 654, "ymin": 341, "ymax": 584, "xmax": 819}}, {"tid": 1, "generated": 0, "bbox": {"xmin": 491, "ymin": 434, "ymax": 644, "xmax": 670}}], [{"tid": 0, "generated": 0, "bbox": {"xmin": 652, "ymin": 343, "ymax": 583, "xmax": 821}}, {"tid": 1, "generated": 0, "bbox": {"xmin": 491, "ymin": 434, "ymax": 644, "xmax": 670}}], [{"tid": 0, "generated": 0, "bbox": {"xmin": 650, "ymin": 344, "ymax": 583, "xmax": 819}}, {"tid": 1, "generated": 0, "bbox": {"xmin": 492, "ymin": 434, "ymax": 644, "xmax": 669}}], [{"tid": 0, "generated": 0, "bbox": {"xmin": 650, "ymin": 346, "ymax": 584, "xmax": 823}}, {"tid": 1, "generated": 0, "bbox": {"xmin": 493, "ymin": 434, "ymax": 644, "xmax": 668}}], [{"tid": 0, "generated": 0, "bbox": {"xmin": 650, "ymin": 348, "ymax": 584, "xmax": 819}}, {"tid": 1, "generated": 0, "bbox": {"xmin": 494, "ymin": 434, "ymax": 644, "xmax": 668}}], [{"tid": 0, "generated": 0, "bbox": {"xmin": 650, "ymin": 350, "ymax": 584, "xmax": 816}}, {"tid": 1, "generated": 0, "bbox": {"xmin": 495, "ymin": 434, "ymax": 644, "xmax": 667}}], [{"tid": 0, "generated": 0, "bbox": {"xmin": 650, "ymin": 352, "ymax": 584, "xmax": 816}}, {"tid": 1, "generated": 0, "bbox": {"xmin": 496, "ymin": 434, "ymax": 644, "xmax": 666}}], [{"tid": 0, "generated": 0, "bbox": {"xmin": 650, "ymin": 352, "ymax": 584, "xmax": 817}}, {"tid": 1, "generated": 0, "bbox": {"xmin": 496, "ymin": 434, "ymax": 644, "xmax": 667}}], [{"tid": 0, "generated": 0, "bbox": {"xmin": 650, "ymin": 352, "ymax": 584, "xmax": 814}}, {"tid": 1, "generated": 0, "bbox": {"xmin": 496, "ymin": 434, "ymax": 644, "xmax": 668}}], [{"tid": 0, "generated": 0, "bbox": {"xmin": 650, "ymin": 353, "ymax": 584, "xmax": 823}}, {"tid": 1, "generated": 0, "bbox": {"xmin": 496, "ymin": 434, "ymax": 644, "xmax": 668}}], [{"tid": 0, "generated": 0, "bbox": {"xmin": 650, "ymin": 355, "ymax": 588, "xmax": 821}}, {"tid": 1, "generated": 0, "bbox": {"xmin": 496, "ymin": 434, "ymax": 644, "xmax": 669}}], [{"tid": 0, "generated": 0, "bbox": {"xmin": 650, "ymin": 359, "ymax": 584, "xmax": 823}}, {"tid": 1, "generated": 0, "bbox": {"xmin": 496, "ymin": 434, "ymax": 644, "xmax": 670}}], [{"tid": 0, "generated": 0, "bbox": {"xmin": 650, "ymin": 359, "ymax": 584, "xmax": 823}}, {"tid": 1, "generated": 0, "bbox": {"xmin": 496, "ymin": 434, "ymax": 644, "xmax": 670}}], [{"tid": 0, "generated": 0, "bbox": {"xmin": 650, "ymin": 360, "ymax": 584, "xmax": 823}}, {"tid": 1, "generated": 0, "bbox": {"xmin": 496, "ymin": 434, "ymax": 644, "xmax": 669}}], [{"tid": 0, "generated": 0, "bbox": {"xmin": 650, "ymin": 362, "ymax": 586, "xmax": 823}}, {"tid": 1, "generated": 0, "bbox": {"xmin": 496, "ymin": 434, "ymax": 644, "xmax": 669}}], [{"tid": 0, "generated": 0, "bbox": {"xmin": 650, "ymin": 364, "ymax": 588, "xmax": 823}}, {"tid": 1, "generated": 0, "bbox": {"xmin": 496, "ymin": 434, "ymax": 644, "xmax": 668}}], [], [], [], [], [], [], [], [], [], [], [], [], [], [], [], [], [], [], [], [], [], [], [], [], [], [], [], [], [], [], [{"tid": 0, "generated": 0, "bbox": {"xmin": 654, "ymin": 391, "ymax": 595, "xmax": 828}}, {"tid": 1, "generated": 0, "bbox": {"xmin": 496, "ymin": 437, "ymax": 644, "xmax": 645}}], [{"tid": 0, "generated": 0, "bbox": {"xmin": 652, "ymin": 387, "ymax": 595, "xmax": 828}}, {"tid": 1, "generated": 0, "bbox": {"xmin": 496, "ymin": 437, "ymax": 644, "xmax": 644}}], [{"tid": 0, "generated": 0, "bbox": {"xmin": 652, "ymin": 387, "ymax": 595, "xmax": 828}}, {"tid": 1, "generated": 0, "bbox": {"xmin": 496, "ymin": 437, "ymax": 644, "xmax": 643}}], [{"tid": 0, "generated": 0, "bbox": {"xmin": 652, "ymin": 387, "ymax": 596, "xmax": 828}}, {"tid": 1, "generated": 0, "bbox": {"xmin": 496, "ymin": 437, "ymax": 644, "xmax": 641}}], [{"tid": 0, "generated": 0, "bbox": {"xmin": 652, "ymin": 387, "ymax": 597, "xmax": 828}}, {"tid": 1, "generated": 0, "bbox": {"xmin": 496, "ymin": 437, "ymax": 644, "xmax": 640}}], [{"tid": 0, "generated": 0, "bbox": {"xmin": 652, "ymin": 387, "ymax": 593, "xmax": 828}}, {"tid": 1, "generated": 0, "bbox": {"xmin": 496, "ymin": 437, "ymax": 644, "xmax": 639}}], [{"tid": 0, "generated": 0, "bbox": {"xmin": 652, "ymin": 387, "ymax": 600, "xmax": 826}}, {"tid": 1, "generated": 0, "bbox": {"xmin": 496, "ymin": 437, "ymax": 644, "xmax": 639}}], [{"tid": 0, "generated": 0, "bbox": {"xmin": 652, "ymin": 387, "ymax": 595, "xmax": 828}}, {"tid": 1, "generated": 0, "bbox": {"xmin": 496, "ymin": 437, "ymax": 644, "xmax": 639}}], [{"tid": 0, "generated": 0, "bbox": {"xmin": 652, "ymin": 387, "ymax": 597, "xmax": 827}}, {"tid": 1, "generated": 0, "bbox": {"xmin": 496, "ymin": 437, "ymax": 644, "xmax": 639}}], [{"tid": 0, "generated": 0, "bbox": {"xmin": 652, "ymin": 387, "ymax": 599, "xmax": 826}}, {"tid": 1, "generated": 0, "bbox": {"xmin": 496, "ymin": 437, "ymax": 644, "xmax": 639}}], [{"tid": 0, "generated": 0, "bbox": {"xmin": 652, "ymin": 389, "ymax": 593, "xmax": 826}}, {"tid": 1, "generated": 0, "bbox": {"xmin": 496, "ymin": 437, "ymax": 644, "xmax": 639}}], [{"tid": 0, "generated": 0, "bbox": {"xmin": 652, "ymin": 389, "ymax": 599, "xmax": 823}}, {"tid": 1, "generated": 0, "bbox": {"xmin": 496, "ymin": 437, "ymax": 644, "xmax": 641}}], [{"tid": 0, "generated": 0, "bbox": {"xmin": 652, "ymin": 389, "ymax": 597, "xmax": 824}}, {"tid": 1, "generated": 0, "bbox": {"xmin": 496, "ymin": 437, "ymax": 644, "xmax": 643}}], [{"tid": 0, "generated": 0, "bbox": {"xmin": 652, "ymin": 389, "ymax": 595, "xmax": 825}}, {"tid": 1, "generated": 0, "bbox": {"xmin": 496, "ymin": 437, "ymax": 644, "xmax": 644}}], [{"tid": 0, "generated": 0, "bbox": {"xmin": 652, "ymin": 389, "ymax": 593, "xmax": 826}}, {"tid": 1, "generated": 0, "bbox": {"xmin": 496, "ymin": 437, "ymax": 644, "xmax": 646}}], [{"tid": 0, "generated": 0, "bbox": {"xmin": 652, "ymin": 389, "ymax": 595, "xmax": 823}}, {"tid": 1, "generated": 0, "bbox": {"xmin": 496, "ymin": 437, "ymax": 644, "xmax": 648}}], [{"tid": 0, "generated": 0, "bbox": {"xmin": 654, "ymin": 391, "ymax": 597, "xmax": 826}}, {"tid": 1, "generated": 0, "bbox": {"xmin": 496, "ymin": 438, "ymax": 644, "xmax": 652}}], [{"tid": 0, "generated": 0, "bbox": {"xmin": 652, "ymin": 391, "ymax": 596, "xmax": 826}}, {"tid": 1, "generated": 0, "bbox": {"xmin": 496, "ymin": 440, "ymax": 644, "xmax": 655}}], [{"tid": 0, "generated": 0, "bbox": {"xmin": 650, "ymin": 391, "ymax": 595, "xmax": 826}}, {"tid": 1, "generated": 0, "bbox": {"xmin": 496, "ymin": 441, "ymax": 644, "xmax": 659}}], [{"tid": 0, "generated": 0, "bbox": {"xmin": 652, "ymin": 391, "ymax": 597, "xmax": 828}}, {"tid": 1, "generated": 0, "bbox": {"xmin": 496, "ymin": 443, "ymax": 644, "xmax": 662}}], [{"tid": 0, "generated": 0, "bbox": {"xmin": 654, "ymin": 392, "ymax": 597, "xmax": 828}}, {"tid": 1, "generated": 0, "bbox": {"xmin": 496, "ymin": 444, "ymax": 644, "xmax": 666}}], [{"tid": 0, "generated": 0, "bbox": {"xmin": 654, "ymin": 391, "ymax": 595, "xmax": 830}}, {"tid": 1, "generated": 0, "bbox": {"xmin": 496, "ymin": 444, "ymax": 644, "xmax": 667}}], [{"tid": 0, "generated": 0, "bbox": {"xmin": 654, "ymin": 391, "ymax": 595, "xmax": 826}}, {"tid": 1, "generated": 0, "bbox": {"xmin": 496, "ymin": 444, "ymax": 644, "xmax": 668}}], [{"tid": 0, "generated": 0, "bbox": {"xmin": 654, "ymin": 391, "ymax": 595, "xmax": 824}}, {"tid": 1, "generated": 0, "bbox": {"xmin": 496, "ymin": 444, "ymax": 644, "xmax": 668}}], [{"tid": 0, "generated": 0, "bbox": {"xmin": 654, "ymin": 394, "ymax": 599, "xmax": 826}}, {"tid": 1, "generated": 0, "bbox": {"xmin": 496, "ymin": 444, "ymax": 644, "xmax": 669}}], [{"tid": 0, "generated": 0, "bbox": {"xmin": 651, "ymin": 392, "ymax": 598, "xmax": 826}}, {"tid": 1, "generated": 0, "bbox": {"xmin": 496, "ymin": 444, "ymax": 644, "xmax": 670}}], [{"tid": 0, "generated": 0, "bbox": {"xmin": 648, "ymin": 391, "ymax": 597, "xmax": 826}}, {"tid": 1, "generated": 0, "bbox": {"xmin": 496, "ymin": 443, "ymax": 644, "xmax": 668}}], [{"tid": 0, "generated": 0, "bbox": {"xmin": 649, "ymin": 391, "ymax": 597, "xmax": 825}}, {"tid": 1, "generated": 0, "bbox": {"xmin": 496, "ymin": 442, "ymax": 644, "xmax": 667}}], [{"tid": 0, "generated": 0, "bbox": {"xmin": 650, "ymin": 391, "ymax": 597, "xmax": 824}}, {"tid": 1, "generated": 0, "bbox": {"xmin": 496, "ymin": 441, "ymax": 644, "xmax": 665}}], [{"tid": 0, "generated": 0, "bbox": {"xmin": 652, "ymin": 391, "ymax": 597, "xmax": 824}}, {"tid": 1, "generated": 0, "bbox": {"xmin": 496, "ymin": 440, "ymax": 644, "xmax": 664}}]], "subject/objects": [{"category": "bear", "tid": 0}, {"category": "person", "tid": 1}], "relation_instances": [{"end_fid": 30, "subject_tid": 0, "predicate": "walk_right", "begin_fid": 0, "object_tid": 1}, {"end_fid": 30, "subject_tid": 0, "predicate": "walk_next_to", "begin_fid": 0, "object_tid": 1}, {"end_fid": 30, "subject_tid": 0, "predicate": "walk_toward", "begin_fid": 0, "object_tid": 1}, {"end_fid": 30, "subject_tid": 0, "predicate": "play", "begin_fid": 0, "object_tid": 1}, {"end_fid": 30, "subject_tid": 1, "predicate": "sit_next_to", "begin_fid": 0, "object_tid": 0}, {"end_fid": 30, "subject_tid": 1, "predicate": "sit_left", "begin_fid": 0, "object_tid": 0}, {"end_fid": 30, "subject_tid": 1, "predicate": "play", "begin_fid": 0, "object_tid": 0}, {"end_fid": 90, "subject_tid": 0, "predicate": "lie_right", "begin_fid": 60, "object_tid": 1}, {"end_fid": 90, "subject_tid": 0, "predicate": "lie_next_to", "begin_fid": 60, "object_tid": 1}, {"end_fid": 90, "subject_tid": 0, "predicate": "play", "begin_fid": 60, "object_tid": 1}, {"end_fid": 90, "subject_tid": 1, "predicate": "sit_next_to", "begin_fid": 60, "object_tid": 0}, {"end_fid": 90, "subject_tid": 1, "predicate": "sit_left", "begin_fid": 60, "object_tid": 0}, {"end_fid": 90, "subject_tid": 1, "predicate": "play", "begin_fid": 60, "object_tid": 0}], "height": 720}