{"width": 1920, "frame_count": 222, "video_id": "ILSVRC2015_train_00040019", "fps": 25, "trajectories": [[{"tid": 0, "generated": 0, "bbox": {"xmin": 1040, "ymin": 466, "ymax": 680, "xmax": 1480}}, {"tid": 2, "generated": 0, "bbox": {"xmin": 1184, "ymin": 269, "ymax": 624, "xmax": 1371}}], [{"tid": 0, "generated": 0, "bbox": {"xmin": 1032, "ymin": 464, "ymax": 677, "xmax": 1461}}, {"tid": 2, "generated": 0, "bbox": {"xmin": 1172, "ymin": 269, "ymax": 624, "xmax": 1357}}], [{"tid": 0, "generated": 0, "bbox": {"xmin": 1028, "ymin": 464, "ymax": 675, "xmax": 1450}}, {"tid": 2, "generated": 0, "bbox": {"xmin": 1159, "ymin": 269, "ymax": 624, "xmax": 1352}}], [{"tid": 0, "generated": 0, "bbox": {"xmin": 1024, "ymin": 464, "ymax": 674, "xmax": 1440}}, {"tid": 2, "generated": 0, "bbox": {"xmin": 1157, "ymin": 267, "ymax": 624, "xmax": 1352}}], [{"tid": 0, "generated": 0, "bbox": {"xmin": 1026, "ymin": 463, "ymax": 674, "xmax": 1443}}, {"tid": 2, "generated": 0, "bbox": {"xmin": 1158, "ymin": 260, "ymax": 617, "xmax": 1352}}], [{"tid": 0, "generated": 0, "bbox": {"xmin": 1029, "ymin": 462, "ymax": 674, "xmax": 1446}}, {"tid": 2, "generated": 0, "bbox": {"xmin": 1158, "ymin": 260, "ymax": 617, "xmax": 1352}}], [{"tid": 0, "generated": 0, "bbox": {"xmin": 1032, "ymin": 461, "ymax": 674, "xmax": 1449}}, {"tid": 2, "generated": 0, "bbox": {"xmin": 1168, "ymin": 260, "ymax": 617, "xmax": 1364}}], [{"tid": 0, "generated": 0, "bbox": {"xmin": 1035, "ymin": 460, "ymax": 674, "xmax": 1452}}, {"tid": 2, "generated": 0, "bbox": {"xmin": 1177, "ymin": 260, "ymax": 617, "xmax": 1373}}], [{"tid": 0, "generated": 0, "bbox": {"xmin": 1038, "ymin": 459, "ymax": 674, "xmax": 1456}}, {"tid": 2, "generated": 0, "bbox": {"xmin": 1188, "ymin": 265, "ymax": 617, "xmax": 1384}}], [{"tid": 0, "generated": 0, "bbox": {"xmin": 1041, "ymin": 458, "ymax": 674, "xmax": 1459}}, {"tid": 2, "generated": 0, "bbox": {"xmin": 1192, "ymin": 265, "ymax": 617, "xmax": 1384}}], [{"tid": 0, "generated": 0, "bbox": {"xmin": 1044, "ymin": 457, "ymax": 674, "xmax": 1462}}, {"tid": 2, "generated": 0, "bbox": {"xmin": 1192, "ymin": 269, "ymax": 617, "xmax": 1396}}], [{"tid": 0, "generated": 0, "bbox": {"xmin": 1047, "ymin": 456, "ymax": 674, "xmax": 1465}}, {"tid": 2, "generated": 0, "bbox": {"xmin": 1192, "ymin": 269, "ymax": 617, "xmax": 1396}}], [{"tid": 0, "generated": 0, "bbox": {"xmin": 1050, "ymin": 456, "ymax": 674, "xmax": 1469}}, {"tid": 2, "generated": 0, "bbox": {"xmin": 1192, "ymin": 276, "ymax": 617, "xmax": 1396}}], [{"tid": 0, "generated": 0, "bbox": {"xmin": 1045, "ymin": 453, "ymax": 685, "xmax": 1474}}, {"tid": 2, "generated": 0, "bbox": {"xmin": 1192, "ymin": 284, "ymax": 617, "xmax": 1407}}], [{"tid": 0, "generated": 0, "bbox": {"xmin": 1038, "ymin": 453, "ymax": 687, "xmax": 1465}}, {"tid": 2, "generated": 0, "bbox": {"xmin": 1192, "ymin": 284, "ymax": 626, "xmax": 1407}}], [{"tid": 0, "generated": 0, "bbox": {"xmin": 1032, "ymin": 454, "ymax": 690, "xmax": 1457}}, {"tid": 2, "generated": 0, "bbox": {"xmin": 1192, "ymin": 284, "ymax": 626, "xmax": 1407}}], [{"tid": 0, "generated": 0, "bbox": {"xmin": 1025, "ymin": 454, "ymax": 692, "xmax": 1448}}, {"tid": 2, "generated": 0, "bbox": {"xmin": 1192, "ymin": 291, "ymax": 626, "xmax": 1407}}], [{"tid": 0, "generated": 0, "bbox": {"xmin": 1019, "ymin": 455, "ymax": 695, "xmax": 1440}}, {"tid": 2, "generated": 0, "bbox": {"xmin": 1192, "ymin": 291, "ymax": 626, "xmax": 1407}}], [{"tid": 0, "generated": 0, "bbox": {"xmin": 1013, "ymin": 456, "ymax": 698, "xmax": 1432}}, {"tid": 2, "generated": 0, "bbox": {"xmin": 1192, "ymin": 299, "ymax": 637, "xmax": 1401}}], [{"tid": 0, "generated": 0, "bbox": {"xmin": 1003, "ymin": 452, "ymax": 698, "xmax": 1424}}, {"tid": 2, "generated": 0, "bbox": {"xmin": 1181, "ymin": 299, "ymax": 637, "xmax": 1391}}], [{"tid": 0, "generated": 0, "bbox": {"xmin": 993, "ymin": 448, "ymax": 699, "xmax": 1416}}, {"tid": 2, "generated": 0, "bbox": {"xmin": 1168, "ymin": 299, "ymax": 631, "xmax": 1379}}], [{"tid": 0, "generated": 0, "bbox": {"xmin": 984, "ymin": 444, "ymax": 699, "xmax": 1409}}, {"tid": 2, "generated": 0, "bbox": {"xmin": 1156, "ymin": 305, "ymax": 631, "xmax": 1363}}], [{"tid": 0, "generated": 0, "bbox": {"xmin": 974, "ymin": 440, "ymax": 700, "xmax": 1401}}, {"tid": 2, "generated": 0, "bbox": {"xmin": 1146, "ymin": 310, "ymax": 631, "xmax": 1352}}], [{"tid": 0, "generated": 0, "bbox": {"xmin": 965, "ymin": 437, "ymax": 701, "xmax": 1394}}, {"tid": 2, "generated": 0, "bbox": {"xmin": 1146, "ymin": 310, "ymax": 631, "xmax": 1352}}], [{"tid": 0, "generated": 0, "bbox": {"xmin": 958, "ymin": 437, "ymax": 704, "xmax": 1381}}, {"tid": 2, "generated": 0, "bbox": {"xmin": 1146, "ymin": 310, "ymax": 624, "xmax": 1341}}], [{"tid": 0, "generated": 0, "bbox": {"xmin": 951, "ymin": 438, "ymax": 707, "xmax": 1369}}, {"tid": 2, "generated": 0, "bbox": {"xmin": 1134, "ymin": 310, "ymax": 624, "xmax": 1332}}], [{"tid": 0, "generated": 0, "bbox": {"xmin": 944, "ymin": 439, "ymax": 710, "xmax": 1356}}, {"tid": 2, "generated": 0, "bbox": {"xmin": 1118, "ymin": 310, "ymax": 624, "xmax": 1327}}], [{"tid": 0, "generated": 0, "bbox": {"xmin": 938, "ymin": 440, "ymax": 714, "xmax": 1344}}, {"tid": 2, "generated": 0, "bbox": {"xmin": 1118, "ymin": 317, "ymax": 634, "xmax": 1321}}], [{"tid": 0, "generated": 0, "bbox": {"xmin": 933, "ymin": 444, "ymax": 720, "xmax": 1338}}, {"tid": 2, "generated": 0, "bbox": {"xmin": 1118, "ymin": 329, "ymax": 647, "xmax": 1317}}], [{"tid": 0, "generated": 0, "bbox": {"xmin": 929, "ymin": 448, "ymax": 726, "xmax": 1333}}, {"tid": 2, "generated": 0, "bbox": {"xmin": 1118, "ymin": 329, "ymax": 647, "xmax": 1317}}], [], [], [], [], [], [], [], [], [], [], [], [], [], [], [], [], [], [], [], [], [], [], [], [], [], [], [], [], [], [], [], [], [], [], [], [], [], [], [], [], [], [], [], [], [], [], [], [], [], [], [], [], [], [], [], [], [], [], [], [], [], [], [], [], [], [], [], [], [], [], [], [], [], [], [], [], [], [], [], [], [], [], [], [], [], [], [], [], [], [], [], [], [], [], [], [], [], [], [], [], [], [], [], [], [], [], [], [], [], [], [], [], [], [], [], [], [], [], [], [], [], [], [], [], [], [], [], [], [], [], [], [], [], [], [], [{"tid": 0, "generated": 0, "bbox": {"xmin": 1004, "ymin": 653, "ymax": 858, "xmax": 1283}}, {"tid": 1, "generated": 0, "bbox": {"xmin": 228, "ymin": 515, "ymax": 639, "xmax": 385}}, {"tid": 2, "generated": 0, "bbox": {"xmin": 1091, "ymin": 530, "ymax": 806, "xmax": 1254}}], [{"tid": 0, "generated": 0, "bbox": {"xmin": 1006, "ymin": 654, "ymax": 858, "xmax": 1282}}, {"tid": 1, "generated": 0, "bbox": {"xmin": 235, "ymin": 517, "ymax": 639, "xmax": 391}}, {"tid": 2, "generated": 0, "bbox": {"xmin": 1091, "ymin": 540, "ymax": 806, "xmax": 1254}}], [{"tid": 0, "generated": 0, "bbox": {"xmin": 1008, "ymin": 656, "ymax": 858, "xmax": 1282}}, {"tid": 1, "generated": 0, "bbox": {"xmin": 242, "ymin": 520, "ymax": 640, "xmax": 397}}, {"tid": 2, "generated": 0, "bbox": {"xmin": 1091, "ymin": 540, "ymax": 806, "xmax": 1254}}], [{"tid": 0, "generated": 0, "bbox": {"xmin": 1009, "ymin": 657, "ymax": 856, "xmax": 1283}}, {"tid": 1, "generated": 0, "bbox": {"xmin": 251, "ymin": 522, "ymax": 643, "xmax": 403}}, {"tid": 2, "generated": 0, "bbox": {"xmin": 1091, "ymin": 546, "ymax": 806, "xmax": 1254}}], [{"tid": 0, "generated": 0, "bbox": {"xmin": 1011, "ymin": 659, "ymax": 854, "xmax": 1284}}, {"tid": 1, "generated": 0, "bbox": {"xmin": 260, "ymin": 525, "ymax": 646, "xmax": 409}}, {"tid": 2, "generated": 0, "bbox": {"xmin": 1091, "ymin": 546, "ymax": 806, "xmax": 1254}}], [{"tid": 0, "generated": 0, "bbox": {"xmin": 1013, "ymin": 661, "ymax": 853, "xmax": 1285}}, {"tid": 1, "generated": 0, "bbox": {"xmin": 269, "ymin": 528, "ymax": 650, "xmax": 416}}, {"tid": 2, "generated": 0, "bbox": {"xmin": 1093, "ymin": 551, "ymax": 806, "xmax": 1254}}], [{"tid": 0, "generated": 0, "bbox": {"xmin": 1018, "ymin": 650, "ymax": 842, "xmax": 1283}}, {"tid": 1, "generated": 0, "bbox": {"xmin": 276, "ymin": 520, "ymax": 642, "xmax": 422}}, {"tid": 2, "generated": 0, "bbox": {"xmin": 1099, "ymin": 542, "ymax": 806, "xmax": 1258}}], [{"tid": 0, "generated": 0, "bbox": {"xmin": 1023, "ymin": 639, "ymax": 831, "xmax": 1281}}, {"tid": 1, "generated": 0, "bbox": {"xmin": 283, "ymin": 512, "ymax": 634, "xmax": 428}}, {"tid": 2, "generated": 0, "bbox": {"xmin": 1108, "ymin": 520, "ymax": 775, "xmax": 1261}}], [{"tid": 0, "generated": 0, "bbox": {"xmin": 1029, "ymin": 629, "ymax": 821, "xmax": 1280}}, {"tid": 1, "generated": 0, "bbox": {"xmin": 290, "ymin": 504, "ymax": 626, "xmax": 434}}, {"tid": 2, "generated": 0, "bbox": {"xmin": 1108, "ymin": 520, "ymax": 775, "xmax": 1261}}], [{"tid": 0, "generated": 0, "bbox": {"xmin": 1035, "ymin": 619, "ymax": 806, "xmax": 1281}}, {"tid": 1, "generated": 0, "bbox": {"xmin": 300, "ymin": 501, "ymax": 620, "xmax": 442}}, {"tid": 2, "generated": 0, "bbox": {"xmin": 1108, "ymin": 505, "ymax": 756, "xmax": 1267}}], [{"tid": 0, "generated": 0, "bbox": {"xmin": 1041, "ymin": 609, "ymax": 792, "xmax": 1283}}, {"tid": 1, "generated": 0, "bbox": {"xmin": 310, "ymin": 498, "ymax": 614, "xmax": 450}}, {"tid": 2, "generated": 0, "bbox": {"xmin": 1116, "ymin": 494, "ymax": 744, "xmax": 1267}}], [{"tid": 0, "generated": 0, "bbox": {"xmin": 1048, "ymin": 600, "ymax": 778, "xmax": 1285}}, {"tid": 1, "generated": 0, "bbox": {"xmin": 320, "ymin": 496, "ymax": 608, "xmax": 458}}, {"tid": 2, "generated": 0, "bbox": {"xmin": 1121, "ymin": 494, "ymax": 744, "xmax": 1276}}], [{"tid": 0, "generated": 0, "bbox": {"xmin": 1045, "ymin": 608, "ymax": 784, "xmax": 1278}}, {"tid": 1, "generated": 0, "bbox": {"xmin": 314, "ymin": 511, "ymax": 623, "xmax": 452}}, {"tid": 2, "generated": 0, "bbox": {"xmin": 1121, "ymin": 502, "ymax": 744, "xmax": 1271}}], [{"tid": 0, "generated": 0, "bbox": {"xmin": 1042, "ymin": 616, "ymax": 790, "xmax": 1272}}, {"tid": 1, "generated": 0, "bbox": {"xmin": 309, "ymin": 526, "ymax": 638, "xmax": 446}}, {"tid": 2, "generated": 0, "bbox": {"xmin": 1107, "ymin": 517, "ymax": 756, "xmax": 1258}}], [{"tid": 0, "generated": 0, "bbox": {"xmin": 1040, "ymin": 624, "ymax": 797, "xmax": 1266}}, {"tid": 1, "generated": 0, "bbox": {"xmin": 304, "ymin": 541, "ymax": 653, "xmax": 440}}, {"tid": 2, "generated": 0, "bbox": {"xmin": 1107, "ymin": 517, "ymax": 756, "xmax": 1258}}], [{"tid": 0, "generated": 0, "bbox": {"xmin": 1025, "ymin": 635, "ymax": 806, "xmax": 1247}}, {"tid": 1, "generated": 0, "bbox": {"xmin": 292, "ymin": 558, "ymax": 667, "xmax": 424}}, {"tid": 2, "generated": 0, "bbox": {"xmin": 1086, "ymin": 540, "ymax": 777, "xmax": 1236}}], [{"tid": 0, "generated": 0, "bbox": {"xmin": 1011, "ymin": 646, "ymax": 815, "xmax": 1228}}, {"tid": 1, "generated": 0, "bbox": {"xmin": 280, "ymin": 576, "ymax": 681, "xmax": 408}}, {"tid": 2, "generated": 0, "bbox": {"xmin": 1071, "ymin": 554, "ymax": 786, "xmax": 1217}}], [{"tid": 0, "generated": 0, "bbox": {"xmin": 997, "ymin": 658, "ymax": 824, "xmax": 1210}}, {"tid": 1, "generated": 0, "bbox": {"xmin": 269, "ymin": 594, "ymax": 696, "xmax": 392}}, {"tid": 2, "generated": 0, "bbox": {"xmin": 1057, "ymin": 562, "ymax": 789, "xmax": 1201}}], [{"tid": 0, "generated": 0, "bbox": {"xmin": 986, "ymin": 655, "ymax": 819, "xmax": 1196}}, {"tid": 1, "generated": 0, "bbox": {"xmin": 255, "ymin": 589, "ymax": 691, "xmax": 382}}, {"tid": 2, "generated": 0, "bbox": {"xmin": 1042, "ymin": 562, "ymax": 782, "xmax": 1182}}], [{"tid": 0, "generated": 0, "bbox": {"xmin": 975, "ymin": 652, "ymax": 814, "xmax": 1183}}, {"tid": 1, "generated": 0, "bbox": {"xmin": 242, "ymin": 585, "ymax": 686, "xmax": 372}}, {"tid": 2, "generated": 0, "bbox": {"xmin": 1023, "ymin": 559, "ymax": 774, "xmax": 1163}}], [{"tid": 0, "generated": 0, "bbox": {"xmin": 965, "ymin": 650, "ymax": 810, "xmax": 1170}}, {"tid": 1, "generated": 0, "bbox": {"xmin": 229, "ymin": 581, "ymax": 682, "xmax": 362}}, {"tid": 2, "generated": 0, "bbox": {"xmin": 1023, "ymin": 559, "ymax": 774, "xmax": 1163}}], [{"tid": 0, "generated": 0, "bbox": {"xmin": 945, "ymin": 660, "ymax": 816, "xmax": 1143}}, {"tid": 1, "generated": 0, "bbox": {"xmin": 208, "ymin": 591, "ymax": 690, "xmax": 337}}, {"tid": 2, "generated": 0, "bbox": {"xmin": 1004, "ymin": 559, "ymax": 774, "xmax": 1144}}], [{"tid": 0, "generated": 0, "bbox": {"xmin": 925, "ymin": 670, "ymax": 822, "xmax": 1116}}, {"tid": 1, "generated": 0, "bbox": {"xmin": 188, "ymin": 602, "ymax": 698, "xmax": 312}}, {"tid": 2, "generated": 0, "bbox": {"xmin": 979, "ymin": 574, "ymax": 794, "xmax": 1116}}], [{"tid": 0, "generated": 0, "bbox": {"xmin": 906, "ymin": 680, "ymax": 829, "xmax": 1090}}, {"tid": 1, "generated": 0, "bbox": {"xmin": 168, "ymin": 613, "ymax": 706, "xmax": 288}}, {"tid": 2, "generated": 0, "bbox": {"xmin": 957, "ymin": 582, "ymax": 797, "xmax": 1089}}], [{"tid": 0, "generated": 0, "bbox": {"xmin": 898, "ymin": 681, "ymax": 830, "xmax": 1077}}, {"tid": 1, "generated": 0, "bbox": {"xmin": 158, "ymin": 615, "ymax": 708, "xmax": 273}}, {"tid": 2, "generated": 0, "bbox": {"xmin": 932, "ymin": 592, "ymax": 799, "xmax": 1066}}], [{"tid": 0, "generated": 0, "bbox": {"xmin": 890, "ymin": 683, "ymax": 831, "xmax": 1065}}, {"tid": 1, "generated": 0, "bbox": {"xmin": 148, "ymin": 618, "ymax": 711, "xmax": 259}}, {"tid": 2, "generated": 0, "bbox": {"xmin": 921, "ymin": 592, "ymax": 805, "xmax": 1049}}], [{"tid": 0, "generated": 0, "bbox": {"xmin": 882, "ymin": 685, "ymax": 832, "xmax": 1053}}, {"tid": 1, "generated": 0, "bbox": {"xmin": 138, "ymin": 621, "ymax": 714, "xmax": 245}}, {"tid": 2, "generated": 0, "bbox": {"xmin": 921, "ymin": 592, "ymax": 805, "xmax": 1049}}], [{"tid": 0, "generated": 0, "bbox": {"xmin": 886, "ymin": 696, "ymax": 843, "xmax": 1054}}, {"tid": 1, "generated": 0, "bbox": {"xmin": 141, "ymin": 639, "ymax": 731, "xmax": 249}}, {"tid": 2, "generated": 0, "bbox": {"xmin": 924, "ymin": 604, "ymax": 815, "xmax": 1046}}], [{"tid": 0, "generated": 0, "bbox": {"xmin": 891, "ymin": 708, "ymax": 854, "xmax": 1055}}, {"tid": 1, "generated": 0, "bbox": {"xmin": 145, "ymin": 658, "ymax": 748, "xmax": 253}}, {"tid": 2, "generated": 0, "bbox": {"xmin": 931, "ymin": 620, "ymax": 834, "xmax": 1043}}], [{"tid": 0, "generated": 0, "bbox": {"xmin": 896, "ymin": 720, "ymax": 866, "xmax": 1056}}, {"tid": 1, "generated": 0, "bbox": {"xmin": 149, "ymin": 677, "ymax": 765, "xmax": 258}}, {"tid": 2, "generated": 0, "bbox": {"xmin": 936, "ymin": 632, "ymax": 836, "xmax": 1046}}]], "subject/objects": [{"category": "motorcycle", "tid": 0}, {"category": "car", "tid": 1}, {"category": "person", "tid": 2}], "relation_instances": [{"end_fid": 30, "subject_tid": 0, "predicate": "move_beneath", "begin_fid": 0, "object_tid": 2}, {"end_fid": 30, "subject_tid": 2, "predicate": "sit_above", "begin_fid": 0, "object_tid": 0}, {"end_fid": 30, "subject_tid": 2, "predicate": "ride", "begin_fid": 0, "object_tid": 0}, {"end_fid": 195, "subject_tid": 0, "predicate": "move_behind", "begin_fid": 165, "object_tid": 1}, {"end_fid": 195, "subject_tid": 0, "predicate": "move_left", "begin_fid": 165, "object_tid": 1}, {"end_fid": 195, "subject_tid": 1, "predicate": "move_right", "begin_fid": 165, "object_tid": 0}, {"end_fid": 195, "subject_tid": 1, "predicate": "move_front", "begin_fid": 165, "object_tid": 0}, {"end_fid": 195, "subject_tid": 0, "predicate": "move_beneath", "begin_fid": 165, "object_tid": 2}, {"end_fid": 195, "subject_tid": 2, "predicate": "sit_above", "begin_fid": 165, "object_tid": 0}, {"end_fid": 195, "subject_tid": 2, "predicate": "ride", "begin_fid": 165, "object_tid": 0}, {"end_fid": 195, "subject_tid": 1, "predicate": "behind", "begin_fid": 165, "object_tid": 2}, {"end_fid": 195, "subject_tid": 1, "predicate": "left", "begin_fid": 165, "object_tid": 2}, {"end_fid": 195, "subject_tid": 2, "predicate": "right", "begin_fid": 165, "object_tid": 1}, {"end_fid": 195, "subject_tid": 2, "predicate": "front", "begin_fid": 165, "object_tid": 1}, {"end_fid": 195, "subject_tid": 2, "predicate": "follow", "begin_fid": 165, "object_tid": 1}], "height": 1080}