{"width": 1280, "frame_count": 966, "video_id": "ILSVRC2015_train_00414000", "fps": 23, "trajectories": [[{"tid": 0, "generated": 0, "bbox": {"xmin": 444, "ymin": 259, "ymax": 625, "xmax": 691}}, {"tid": 1, "generated": 0, "bbox": {"xmin": 405, "ymin": 176, "ymax": 664, "xmax": 764}}], [{"tid": 0, "generated": 0, "bbox": {"xmin": 440, "ymin": 263, "ymax": 618, "xmax": 663}}, {"tid": 1, "generated": 0, "bbox": {"xmin": 401, "ymin": 179, "ymax": 643, "xmax": 752}}], [{"tid": 0, "generated": 0, "bbox": {"xmin": 437, "ymin": 261, "ymax": 593, "xmax": 586}}, {"tid": 1, "generated": 0, "bbox": {"xmin": 398, "ymin": 177, "ymax": 645, "xmax": 752}}], [{"tid": 0, "generated": 0, "bbox": {"xmin": 433, "ymin": 259, "ymax": 549, "xmax": 526}}, {"tid": 1, "generated": 0, "bbox": {"xmin": 396, "ymin": 177, "ymax": 648, "xmax": 752}}], [{"tid": 0, "generated": 0, "bbox": {"xmin": 433, "ymin": 261, "ymax": 593, "xmax": 510}}, {"tid": 1, "generated": 0, "bbox": {"xmin": 392, "ymin": 176, "ymax": 652, "xmax": 752}}], [{"tid": 0, "generated": 0, "bbox": {"xmin": 390, "ymin": 257, "ymax": 637, "xmax": 483}}, {"tid": 1, "generated": 0, "bbox": {"xmin": 389, "ymin": 175, "ymax": 655, "xmax": 752}}], [{"tid": 0, "generated": 0, "bbox": {"xmin": 348, "ymin": 254, "ymax": 682, "xmax": 456}}, {"tid": 1, "generated": 0, "bbox": {"xmin": 387, "ymin": 174, "ymax": 659, "xmax": 752}}], [{"tid": 0, "generated": 0, "bbox": {"xmin": 337, "ymin": 254, "ymax": 682, "xmax": 448}}, {"tid": 1, "generated": 0, "bbox": {"xmin": 385, "ymin": 168, "ymax": 663, "xmax": 750}}], [{"tid": 0, "generated": 0, "bbox": {"xmin": 334, "ymin": 254, "ymax": 670, "xmax": 440}}, {"tid": 1, "generated": 0, "bbox": {"xmin": 384, "ymin": 168, "ymax": 666, "xmax": 752}}], [{"tid": 0, "generated": 0, "bbox": {"xmin": 321, "ymin": 255, "ymax": 661, "xmax": 437}}, {"tid": 1, "generated": 0, "bbox": {"xmin": 384, "ymin": 168, "ymax": 657, "xmax": 750}}], [{"tid": 0, "generated": 0, "bbox": {"xmin": 309, "ymin": 257, "ymax": 652, "xmax": 435}}, {"tid": 1, "generated": 0, "bbox": {"xmin": 380, "ymin": 172, "ymax": 673, "xmax": 755}}], [{"tid": 0, "generated": 0, "bbox": {"xmin": 307, "ymin": 252, "ymax": 643, "xmax": 433}}, {"tid": 1, "generated": 0, "bbox": {"xmin": 380, "ymin": 172, "ymax": 672, "xmax": 752}}], [{"tid": 0, "generated": 0, "bbox": {"xmin": 243, "ymin": 254, "ymax": 657, "xmax": 440}}, {"tid": 1, "generated": 0, "bbox": {"xmin": 380, "ymin": 174, "ymax": 672, "xmax": 750}}], [{"tid": 0, "generated": 0, "bbox": {"xmin": 305, "ymin": 256, "ymax": 648, "xmax": 440}}, {"tid": 1, "generated": 0, "bbox": {"xmin": 380, "ymin": 170, "ymax": 663, "xmax": 744}}], [{"tid": 0, "generated": 0, "bbox": {"xmin": 321, "ymin": 257, "ymax": 643, "xmax": 444}}, {"tid": 1, "generated": 0, "bbox": {"xmin": 380, "ymin": 172, "ymax": 663, "xmax": 743}}], [{"tid": 0, "generated": 0, "bbox": {"xmin": 391, "ymin": 259, "ymax": 636, "xmax": 455}}, {"tid": 1, "generated": 0, "bbox": {"xmin": 371, "ymin": 174, "ymax": 661, "xmax": 741}}], [{"tid": 0, "generated": 0, "bbox": {"xmin": 414, "ymin": 261, "ymax": 632, "xmax": 480}}, {"tid": 1, "generated": 0, "bbox": {"xmin": 373, "ymin": 176, "ymax": 663, "xmax": 739}}], [{"tid": 0, "generated": 0, "bbox": {"xmin": 415, "ymin": 263, "ymax": 632, "xmax": 504}}, {"tid": 1, "generated": 0, "bbox": {"xmin": 375, "ymin": 177, "ymax": 664, "xmax": 737}}], [{"tid": 0, "generated": 0, "bbox": {"xmin": 416, "ymin": 266, "ymax": 632, "xmax": 529}}, {"tid": 1, "generated": 0, "bbox": {"xmin": 376, "ymin": 181, "ymax": 666, "xmax": 736}}], [{"tid": 0, "generated": 0, "bbox": {"xmin": 416, "ymin": 270, "ymax": 657, "xmax": 595}}, {"tid": 1, "generated": 0, "bbox": {"xmin": 378, "ymin": 184, "ymax": 668, "xmax": 734}}], [{"tid": 0, "generated": 0, "bbox": {"xmin": 417, "ymin": 273, "ymax": 634, "xmax": 581}}, {"tid": 1, "generated": 0, "bbox": {"xmin": 382, "ymin": 188, "ymax": 672, "xmax": 734}}], [{"tid": 0, "generated": 0, "bbox": {"xmin": 419, "ymin": 273, "ymax": 613, "xmax": 581}}, {"tid": 1, "generated": 0, "bbox": {"xmin": 382, "ymin": 188, "ymax": 670, "xmax": 734}}], [{"tid": 0, "generated": 0, "bbox": {"xmin": 421, "ymin": 273, "ymax": 606, "xmax": 586}}, {"tid": 1, "generated": 0, "bbox": {"xmin": 382, "ymin": 190, "ymax": 670, "xmax": 736}}], [{"tid": 0, "generated": 0, "bbox": {"xmin": 423, "ymin": 273, "ymax": 611, "xmax": 584}}, {"tid": 1, "generated": 0, "bbox": {"xmin": 384, "ymin": 190, "ymax": 670, "xmax": 736}}], [{"tid": 0, "generated": 0, "bbox": {"xmin": 426, "ymin": 272, "ymax": 615, "xmax": 574}}, {"tid": 1, "generated": 0, "bbox": {"xmin": 384, "ymin": 192, "ymax": 670, "xmax": 737}}], [{"tid": 0, "generated": 0, "bbox": {"xmin": 426, "ymin": 275, "ymax": 629, "xmax": 513}}, {"tid": 1, "generated": 0, "bbox": {"xmin": 385, "ymin": 193, "ymax": 670, "xmax": 739}}], [{"tid": 0, "generated": 0, "bbox": {"xmin": 419, "ymin": 273, "ymax": 625, "xmax": 536}}, {"tid": 1, "generated": 0, "bbox": {"xmin": 385, "ymin": 192, "ymax": 670, "xmax": 741}}], [{"tid": 0, "generated": 0, "bbox": {"xmin": 401, "ymin": 277, "ymax": 622, "xmax": 512}}, {"tid": 1, "generated": 0, "bbox": {"xmin": 387, "ymin": 192, "ymax": 670, "xmax": 743}}], [{"tid": 0, "generated": 0, "bbox": {"xmin": 389, "ymin": 273, "ymax": 618, "xmax": 501}}, {"tid": 1, "generated": 0, "bbox": {"xmin": 387, "ymin": 190, "ymax": 670, "xmax": 744}}], [{"tid": 0, "generated": 0, "bbox": {"xmin": 382, "ymin": 272, "ymax": 625, "xmax": 474}}, {"tid": 1, "generated": 0, "bbox": {"xmin": 387, "ymin": 190, "ymax": 670, "xmax": 744}}], [], [], [], [], [], [], [], [], [], [], [], [], [], [], [], [], [], [], [], [], [], [], [], [], [], [], [], [], [], [], [], [], [], [], [], [], [], [], [], [], [], [], [], [], [], [], [], [], [], [], [], [], [], [], [], [], [], [], [], [], [], [], [], [], [], [], [], [], [], [], [], [], [], [], [], [], [], [], [], [], [], [], [], [], [], [], [], [], [], [], [], [], [], [], [], [], [], [], [], [], [], [], [], [], [], [{"tid": 0, "generated": 0, "bbox": {"xmin": 359, "ymin": 261, "ymax": 574, "xmax": 437}}, {"tid": 1, "generated": 0, "bbox": {"xmin": 337, "ymin": 161, "ymax": 517, "xmax": 785}}], [{"tid": 0, "generated": 0, "bbox": {"xmin": 364, "ymin": 256, "ymax": 634, "xmax": 408}}, {"tid": 1, "generated": 0, "bbox": {"xmin": 339, "ymin": 161, "ymax": 515, "xmax": 780}}], [{"tid": 0, "generated": 0, "bbox": {"xmin": 350, "ymin": 257, "ymax": 718, "xmax": 405}}, {"tid": 1, "generated": 0, "bbox": {"xmin": 341, "ymin": 158, "ymax": 517, "xmax": 780}}], [{"tid": 0, "generated": 0, "bbox": {"xmin": 355, "ymin": 261, "ymax": 702, "xmax": 410}}, {"tid": 1, "generated": 0, "bbox": {"xmin": 343, "ymin": 161, "ymax": 519, "xmax": 782}}], [{"tid": 0, "generated": 0, "bbox": {"xmin": 344, "ymin": 275, "ymax": 647, "xmax": 442}}, {"tid": 1, "generated": 0, "bbox": {"xmin": 343, "ymin": 161, "ymax": 520, "xmax": 782}}], [{"tid": 0, "generated": 0, "bbox": {"xmin": 360, "ymin": 273, "ymax": 542, "xmax": 469}}, {"tid": 1, "generated": 0, "bbox": {"xmin": 343, "ymin": 161, "ymax": 520, "xmax": 782}}], [{"tid": 0, "generated": 0, "bbox": {"xmin": 368, "ymin": 272, "ymax": 526, "xmax": 492}}, {"tid": 1, "generated": 0, "bbox": {"xmin": 343, "ymin": 163, "ymax": 519, "xmax": 784}}], [{"tid": 0, "generated": 0, "bbox": {"xmin": 394, "ymin": 275, "ymax": 497, "xmax": 497}}, {"tid": 1, "generated": 0, "bbox": {"xmin": 343, "ymin": 165, "ymax": 519, "xmax": 787}}], [{"tid": 0, "generated": 0, "bbox": {"xmin": 405, "ymin": 273, "ymax": 467, "xmax": 494}}, {"tid": 1, "generated": 0, "bbox": {"xmin": 343, "ymin": 167, "ymax": 520, "xmax": 780}}], [{"tid": 0, "generated": 0, "bbox": {"xmin": 408, "ymin": 257, "ymax": 458, "xmax": 478}}, {"tid": 1, "generated": 0, "bbox": {"xmin": 350, "ymin": 161, "ymax": 531, "xmax": 782}}], [{"tid": 0, "generated": 0, "bbox": {"xmin": 398, "ymin": 261, "ymax": 456, "xmax": 474}}, {"tid": 1, "generated": 0, "bbox": {"xmin": 357, "ymin": 161, "ymax": 515, "xmax": 787}}], [{"tid": 0, "generated": 0, "bbox": {"xmin": 394, "ymin": 264, "ymax": 462, "xmax": 469}}, {"tid": 1, "generated": 0, "bbox": {"xmin": 357, "ymin": 161, "ymax": 515, "xmax": 787}}], [{"tid": 0, "generated": 0, "bbox": {"xmin": 385, "ymin": 268, "ymax": 478, "xmax": 442}}, {"tid": 1, "generated": 0, "bbox": {"xmin": 357, "ymin": 161, "ymax": 515, "xmax": 787}}], [{"tid": 0, "generated": 0, "bbox": {"xmin": 362, "ymin": 272, "ymax": 478, "xmax": 424}}, {"tid": 1, "generated": 0, "bbox": {"xmin": 357, "ymin": 161, "ymax": 513, "xmax": 798}}], [{"tid": 0, "generated": 0, "bbox": {"xmin": 355, "ymin": 280, "ymax": 490, "xmax": 424}}, {"tid": 1, "generated": 0, "bbox": {"xmin": 357, "ymin": 168, "ymax": 512, "xmax": 800}}], [{"tid": 0, "generated": 0, "bbox": {"xmin": 357, "ymin": 289, "ymax": 492, "xmax": 417}}, {"tid": 1, "generated": 0, "bbox": {"xmin": 357, "ymin": 177, "ymax": 513, "xmax": 800}}], [{"tid": 0, "generated": 0, "bbox": {"xmin": 357, "ymin": 298, "ymax": 488, "xmax": 423}}, {"tid": 1, "generated": 0, "bbox": {"xmin": 341, "ymin": 193, "ymax": 510, "xmax": 805}}], [{"tid": 0, "generated": 0, "bbox": {"xmin": 318, "ymin": 311, "ymax": 464, "xmax": 440}}, {"tid": 1, "generated": 0, "bbox": {"xmin": 325, "ymin": 211, "ymax": 510, "xmax": 805}}], [{"tid": 0, "generated": 0, "bbox": {"xmin": 270, "ymin": 325, "ymax": 442, "xmax": 449}}, {"tid": 1, "generated": 0, "bbox": {"xmin": 309, "ymin": 229, "ymax": 512, "xmax": 808}}], [{"tid": 0, "generated": 0, "bbox": {"xmin": 206, "ymin": 339, "ymax": 485, "xmax": 462}}, {"tid": 1, "generated": 0, "bbox": {"xmin": 304, "ymin": 218, "ymax": 528, "xmax": 808}}], [{"tid": 0, "generated": 0, "bbox": {"xmin": 231, "ymin": 344, "ymax": 483, "xmax": 451}}, {"tid": 1, "generated": 0, "bbox": {"xmin": 289, "ymin": 224, "ymax": 526, "xmax": 808}}], [{"tid": 0, "generated": 0, "bbox": {"xmin": 295, "ymin": 336, "ymax": 549, "xmax": 423}}, {"tid": 1, "generated": 0, "bbox": {"xmin": 289, "ymin": 213, "ymax": 526, "xmax": 810}}], [{"tid": 0, "generated": 0, "bbox": {"xmin": 314, "ymin": 332, "ymax": 382, "xmax": 341}}, {"tid": 1, "generated": 0, "bbox": {"xmin": 304, "ymin": 213, "ymax": 526, "xmax": 819}}], [{"tid": 0, "generated": 0, "bbox": {"xmin": 305, "ymin": 366, "ymax": 695, "xmax": 346}}, {"tid": 1, "generated": 0, "bbox": {"xmin": 304, "ymin": 213, "ymax": 528, "xmax": 810}}], [{"tid": 0, "generated": 0, "bbox": {"xmin": 305, "ymin": 369, "ymax": 631, "xmax": 343}}, {"tid": 1, "generated": 0, "bbox": {"xmin": 304, "ymin": 213, "ymax": 526, "xmax": 824}}], [{"tid": 0, "generated": 0, "bbox": {"xmin": 320, "ymin": 369, "ymax": 656, "xmax": 476}}, {"tid": 1, "generated": 0, "bbox": {"xmin": 304, "ymin": 213, "ymax": 526, "xmax": 819}}], [{"tid": 0, "generated": 0, "bbox": {"xmin": 332, "ymin": 350, "ymax": 680, "xmax": 435}}, {"tid": 1, "generated": 0, "bbox": {"xmin": 304, "ymin": 213, "ymax": 524, "xmax": 819}}], [{"tid": 0, "generated": 0, "bbox": {"xmin": 376, "ymin": 487, "ymax": 696, "xmax": 448}}, {"tid": 1, "generated": 0, "bbox": {"xmin": 304, "ymin": 213, "ymax": 524, "xmax": 823}}], [{"tid": 0, "generated": 0, "bbox": {"xmin": 391, "ymin": 492, "ymax": 709, "xmax": 460}}, {"tid": 1, "generated": 0, "bbox": {"xmin": 304, "ymin": 213, "ymax": 526, "xmax": 817}}], [{"tid": 0, "generated": 0, "bbox": {"xmin": 327, "ymin": 355, "ymax": 718, "xmax": 471}}, {"tid": 1, "generated": 0, "bbox": {"xmin": 304, "ymin": 213, "ymax": 526, "xmax": 832}}], [], [], [], [], [], [], [], [], [], [], [], [], [], [], [], [], [], [], [], [], [], [], [], [], [], [], [], [], [], [], [], [], [], [], [], [], [], [], [], [], [], [], [], [], [], [], [], [], [], [], [], [], [], [], [], [], [], [], [], [], [], [], [], [], [], [], [], [], [], [], [], [], [], [], [], [], [], [], [], [], [], [], [], [], [], [], [], [], [], [], [], [], [], [], [], [], [], [], [], [], [], [], [], [], [], [], [], [], [], [], [], [], [], [], [], [], [], [], [], [], [{"tid": 0, "generated": 0, "bbox": {"xmin": 478, "ymin": 199, "ymax": 584, "xmax": 512}}, {"tid": 1, "generated": 0, "bbox": {"xmin": 478, "ymin": 103, "ymax": 483, "xmax": 922}}], [{"tid": 0, "generated": 0, "bbox": {"xmin": 478, "ymin": 204, "ymax": 547, "xmax": 536}}, {"tid": 1, "generated": 0, "bbox": {"xmin": 478, "ymin": 103, "ymax": 483, "xmax": 922}}], [{"tid": 0, "generated": 0, "bbox": {"xmin": 478, "ymin": 202, "ymax": 531, "xmax": 581}}, {"tid": 1, "generated": 0, "bbox": {"xmin": 478, "ymin": 103, "ymax": 483, "xmax": 922}}], [{"tid": 0, "generated": 0, "bbox": {"xmin": 480, "ymin": 202, "ymax": 522, "xmax": 638}}, {"tid": 1, "generated": 0, "bbox": {"xmin": 478, "ymin": 103, "ymax": 483, "xmax": 922}}], [{"tid": 0, "generated": 0, "bbox": {"xmin": 467, "ymin": 204, "ymax": 517, "xmax": 622}}, {"tid": 1, "generated": 0, "bbox": {"xmin": 478, "ymin": 103, "ymax": 483, "xmax": 922}}], [{"tid": 0, "generated": 0, "bbox": {"xmin": 476, "ymin": 204, "ymax": 508, "xmax": 657}}, {"tid": 1, "generated": 0, "bbox": {"xmin": 478, "ymin": 103, "ymax": 483, "xmax": 922}}], [{"tid": 0, "generated": 0, "bbox": {"xmin": 474, "ymin": 204, "ymax": 508, "xmax": 608}}, {"tid": 1, "generated": 0, "bbox": {"xmin": 478, "ymin": 103, "ymax": 483, "xmax": 922}}], [{"tid": 0, "generated": 0, "bbox": {"xmin": 474, "ymin": 204, "ymax": 529, "xmax": 565}}, {"tid": 1, "generated": 0, "bbox": {"xmin": 478, "ymin": 103, "ymax": 483, "xmax": 922}}], [{"tid": 0, "generated": 0, "bbox": {"xmin": 474, "ymin": 204, "ymax": 540, "xmax": 549}}, {"tid": 1, "generated": 0, "bbox": {"xmin": 478, "ymin": 103, "ymax": 483, "xmax": 922}}], [{"tid": 0, "generated": 0, "bbox": {"xmin": 476, "ymin": 204, "ymax": 288, "xmax": 501}}, {"tid": 1, "generated": 0, "bbox": {"xmin": 478, "ymin": 103, "ymax": 483, "xmax": 922}}], [{"tid": 0, "generated": 0, "bbox": {"xmin": 416, "ymin": 204, "ymax": 572, "xmax": 497}}, {"tid": 1, "generated": 0, "bbox": {"xmin": 483, "ymin": 103, "ymax": 480, "xmax": 922}}], [{"tid": 0, "generated": 0, "bbox": {"xmin": 389, "ymin": 204, "ymax": 535, "xmax": 492}}, {"tid": 1, "generated": 0, "bbox": {"xmin": 483, "ymin": 103, "ymax": 480, "xmax": 922}}], [{"tid": 0, "generated": 0, "bbox": {"xmin": 371, "ymin": 204, "ymax": 503, "xmax": 492}}, {"tid": 1, "generated": 0, "bbox": {"xmin": 485, "ymin": 103, "ymax": 480, "xmax": 922}}], [{"tid": 0, "generated": 0, "bbox": {"xmin": 362, "ymin": 204, "ymax": 474, "xmax": 494}}, {"tid": 1, "generated": 0, "bbox": {"xmin": 430, "ymin": 103, "ymax": 481, "xmax": 922}}], [{"tid": 0, "generated": 0, "bbox": {"xmin": 368, "ymin": 204, "ymax": 465, "xmax": 490}}, {"tid": 1, "generated": 0, "bbox": {"xmin": 430, "ymin": 104, "ymax": 481, "xmax": 920}}], [{"tid": 0, "generated": 0, "bbox": {"xmin": 360, "ymin": 222, "ymax": 433, "xmax": 481}}, {"tid": 1, "generated": 0, "bbox": {"xmin": 430, "ymin": 106, "ymax": 481, "xmax": 920}}], [{"tid": 0, "generated": 0, "bbox": {"xmin": 368, "ymin": 218, "ymax": 421, "xmax": 481}}, {"tid": 1, "generated": 0, "bbox": {"xmin": 435, "ymin": 104, "ymax": 478, "xmax": 920}}], [{"tid": 0, "generated": 0, "bbox": {"xmin": 359, "ymin": 206, "ymax": 405, "xmax": 496}}, {"tid": 1, "generated": 0, "bbox": {"xmin": 433, "ymin": 103, "ymax": 474, "xmax": 920}}], [{"tid": 0, "generated": 0, "bbox": {"xmin": 368, "ymin": 204, "ymax": 408, "xmax": 490}}, {"tid": 1, "generated": 0, "bbox": {"xmin": 433, "ymin": 103, "ymax": 476, "xmax": 922}}], [{"tid": 0, "generated": 0, "bbox": {"xmin": 376, "ymin": 204, "ymax": 416, "xmax": 478}}, {"tid": 1, "generated": 0, "bbox": {"xmin": 432, "ymin": 103, "ymax": 478, "xmax": 922}}], [{"tid": 0, "generated": 0, "bbox": {"xmin": 384, "ymin": 204, "ymax": 421, "xmax": 490}}, {"tid": 1, "generated": 0, "bbox": {"xmin": 430, "ymin": 103, "ymax": 481, "xmax": 922}}], [{"tid": 0, "generated": 0, "bbox": {"xmin": 391, "ymin": 204, "ymax": 426, "xmax": 496}}, {"tid": 1, "generated": 0, "bbox": {"xmin": 430, "ymin": 103, "ymax": 481, "xmax": 922}}], [{"tid": 0, "generated": 0, "bbox": {"xmin": 403, "ymin": 204, "ymax": 423, "xmax": 488}}, {"tid": 1, "generated": 0, "bbox": {"xmin": 430, "ymin": 103, "ymax": 481, "xmax": 922}}], [{"tid": 0, "generated": 0, "bbox": {"xmin": 417, "ymin": 204, "ymax": 472, "xmax": 488}}, {"tid": 1, "generated": 0, "bbox": {"xmin": 430, "ymin": 103, "ymax": 481, "xmax": 922}}], [{"tid": 0, "generated": 0, "bbox": {"xmin": 414, "ymin": 206, "ymax": 472, "xmax": 494}}, {"tid": 1, "generated": 0, "bbox": {"xmin": 430, "ymin": 103, "ymax": 480, "xmax": 922}}], [{"tid": 0, "generated": 0, "bbox": {"xmin": 423, "ymin": 206, "ymax": 472, "xmax": 492}}, {"tid": 1, "generated": 0, "bbox": {"xmin": 424, "ymin": 103, "ymax": 478, "xmax": 922}}], [{"tid": 0, "generated": 0, "bbox": {"xmin": 417, "ymin": 209, "ymax": 472, "xmax": 494}}, {"tid": 1, "generated": 0, "bbox": {"xmin": 474, "ymin": 108, "ymax": 474, "xmax": 919}}], [{"tid": 0, "generated": 0, "bbox": {"xmin": 426, "ymin": 220, "ymax": 476, "xmax": 490}}, {"tid": 1, "generated": 0, "bbox": {"xmin": 469, "ymin": 115, "ymax": 474, "xmax": 913}}], [{"tid": 0, "generated": 0, "bbox": {"xmin": 417, "ymin": 225, "ymax": 650, "xmax": 481}}, {"tid": 1, "generated": 0, "bbox": {"xmin": 417, "ymin": 122, "ymax": 474, "xmax": 910}}], [{"tid": 0, "generated": 0, "bbox": {"xmin": 410, "ymin": 355, "ymax": 652, "xmax": 439}}, {"tid": 1, "generated": 0, "bbox": {"xmin": 403, "ymin": 129, "ymax": 478, "xmax": 908}}], [], [], [], [], [], [], [], [], [], [], [], [], [], [], [], [], [], [], [], [], [], [], [], [], [], [], [], [], [], [], [], [], [], [], [], [], [], [], [], [], [], [], [], [], [], [], [], [], [], [], [], [], [], [], [], [], [], [], [], [], [], [], [], [], [], [], [], [], [], [], [], [], [], [], [], [], [], [], [], [], [], [], [], [], [], [], [], [], [], [], [], [], [], [], [], [], [], [], [], [], [], [], [], [], [], [], [], [], [], [], [], [], [], [], [], [], [], [], [], [], [{"tid": 0, "generated": 0, "bbox": {"xmin": 520, "ymin": 167, "ymax": 563, "xmax": 640}}, {"tid": 1, "generated": 0, "bbox": {"xmin": 542, "ymin": 78, "ymax": 519, "xmax": 919}}], [{"tid": 0, "generated": 0, "bbox": {"xmin": 512, "ymin": 168, "ymax": 549, "xmax": 632}}, {"tid": 1, "generated": 0, "bbox": {"xmin": 533, "ymin": 83, "ymax": 520, "xmax": 920}}], [{"tid": 0, "generated": 0, "bbox": {"xmin": 499, "ymin": 170, "ymax": 519, "xmax": 608}}, {"tid": 1, "generated": 0, "bbox": {"xmin": 533, "ymin": 83, "ymax": 520, "xmax": 920}}], [{"tid": 0, "generated": 0, "bbox": {"xmin": 494, "ymin": 172, "ymax": 524, "xmax": 586}}, {"tid": 1, "generated": 0, "bbox": {"xmin": 533, "ymin": 83, "ymax": 520, "xmax": 920}}], [{"tid": 0, "generated": 0, "bbox": {"xmin": 488, "ymin": 174, "ymax": 542, "xmax": 576}}, {"tid": 1, "generated": 0, "bbox": {"xmin": 533, "ymin": 83, "ymax": 535, "xmax": 919}}], [{"tid": 0, "generated": 0, "bbox": {"xmin": 483, "ymin": 176, "ymax": 538, "xmax": 560}}, {"tid": 1, "generated": 0, "bbox": {"xmin": 533, "ymin": 83, "ymax": 520, "xmax": 920}}], [{"tid": 0, "generated": 0, "bbox": {"xmin": 478, "ymin": 177, "ymax": 529, "xmax": 540}}, {"tid": 1, "generated": 0, "bbox": {"xmin": 524, "ymin": 85, "ymax": 524, "xmax": 915}}], [{"tid": 0, "generated": 0, "bbox": {"xmin": 472, "ymin": 179, "ymax": 551, "xmax": 535}}, {"tid": 1, "generated": 0, "bbox": {"xmin": 515, "ymin": 88, "ymax": 538, "xmax": 910}}], [{"tid": 0, "generated": 0, "bbox": {"xmin": 472, "ymin": 181, "ymax": 561, "xmax": 551}}, {"tid": 1, "generated": 0, "bbox": {"xmin": 506, "ymin": 92, "ymax": 538, "xmax": 903}}], [{"tid": 0, "generated": 0, "bbox": {"xmin": 467, "ymin": 183, "ymax": 572, "xmax": 540}}, {"tid": 1, "generated": 0, "bbox": {"xmin": 499, "ymin": 96, "ymax": 517, "xmax": 903}}], [{"tid": 0, "generated": 0, "bbox": {"xmin": 462, "ymin": 184, "ymax": 544, "xmax": 547}}, {"tid": 1, "generated": 0, "bbox": {"xmin": 499, "ymin": 103, "ymax": 552, "xmax": 897}}], [{"tid": 0, "generated": 0, "bbox": {"xmin": 456, "ymin": 186, "ymax": 488, "xmax": 567}}, {"tid": 1, "generated": 0, "bbox": {"xmin": 501, "ymin": 103, "ymax": 552, "xmax": 897}}], [{"tid": 0, "generated": 0, "bbox": {"xmin": 453, "ymin": 188, "ymax": 407, "xmax": 602}}, {"tid": 1, "generated": 0, "bbox": {"xmin": 492, "ymin": 103, "ymax": 552, "xmax": 897}}], [{"tid": 0, "generated": 0, "bbox": {"xmin": 448, "ymin": 192, "ymax": 382, "xmax": 584}}, {"tid": 1, "generated": 0, "bbox": {"xmin": 497, "ymin": 103, "ymax": 552, "xmax": 897}}], [{"tid": 0, "generated": 0, "bbox": {"xmin": 446, "ymin": 192, "ymax": 380, "xmax": 631}}, {"tid": 1, "generated": 0, "bbox": {"xmin": 496, "ymin": 103, "ymax": 551, "xmax": 887}}], [{"tid": 0, "generated": 0, "bbox": {"xmin": 444, "ymin": 192, "ymax": 385, "xmax": 561}}, {"tid": 1, "generated": 0, "bbox": {"xmin": 496, "ymin": 103, "ymax": 552, "xmax": 897}}], [{"tid": 0, "generated": 0, "bbox": {"xmin": 449, "ymin": 192, "ymax": 378, "xmax": 568}}, {"tid": 1, "generated": 0, "bbox": {"xmin": 490, "ymin": 103, "ymax": 551, "xmax": 876}}], [{"tid": 0, "generated": 0, "bbox": {"xmin": 455, "ymin": 192, "ymax": 378, "xmax": 574}}, {"tid": 1, "generated": 0, "bbox": {"xmin": 492, "ymin": 108, "ymax": 549, "xmax": 872}}], [{"tid": 0, "generated": 0, "bbox": {"xmin": 455, "ymin": 192, "ymax": 362, "xmax": 572}}, {"tid": 1, "generated": 0, "bbox": {"xmin": 485, "ymin": 113, "ymax": 547, "xmax": 869}}], [{"tid": 0, "generated": 0, "bbox": {"xmin": 435, "ymin": 188, "ymax": 400, "xmax": 556}}, {"tid": 1, "generated": 0, "bbox": {"xmin": 478, "ymin": 110, "ymax": 551, "xmax": 874}}], [{"tid": 0, "generated": 0, "bbox": {"xmin": 435, "ymin": 190, "ymax": 410, "xmax": 551}}, {"tid": 1, "generated": 0, "bbox": {"xmin": 474, "ymin": 112, "ymax": 549, "xmax": 878}}], [{"tid": 0, "generated": 0, "bbox": {"xmin": 453, "ymin": 195, "ymax": 362, "xmax": 545}}, {"tid": 1, "generated": 0, "bbox": {"xmin": 471, "ymin": 113, "ymax": 556, "xmax": 867}}], [{"tid": 0, "generated": 0, "bbox": {"xmin": 441, "ymin": 197, "ymax": 365, "xmax": 530}}, {"tid": 1, "generated": 0, "bbox": {"xmin": 467, "ymin": 115, "ymax": 551, "xmax": 862}}], [{"tid": 0, "generated": 0, "bbox": {"xmin": 430, "ymin": 199, "ymax": 369, "xmax": 515}}, {"tid": 1, "generated": 0, "bbox": {"xmin": 474, "ymin": 119, "ymax": 549, "xmax": 853}}], [{"tid": 0, "generated": 0, "bbox": {"xmin": 423, "ymin": 177, "ymax": 357, "xmax": 508}}, {"tid": 1, "generated": 0, "bbox": {"xmin": 471, "ymin": 119, "ymax": 547, "xmax": 851}}], [{"tid": 0, "generated": 0, "bbox": {"xmin": 417, "ymin": 158, "ymax": 343, "xmax": 515}}, {"tid": 1, "generated": 0, "bbox": {"xmin": 462, "ymin": 119, "ymax": 549, "xmax": 851}}], [{"tid": 0, "generated": 0, "bbox": {"xmin": 416, "ymin": 165, "ymax": 330, "xmax": 512}}, {"tid": 1, "generated": 0, "bbox": {"xmin": 467, "ymin": 119, "ymax": 547, "xmax": 851}}], [{"tid": 0, "generated": 0, "bbox": {"xmin": 414, "ymin": 202, "ymax": 316, "xmax": 490}}, {"tid": 1, "generated": 0, "bbox": {"xmin": 467, "ymin": 119, "ymax": 545, "xmax": 851}}], [{"tid": 0, "generated": 0, "bbox": {"xmin": 359, "ymin": 204, "ymax": 353, "xmax": 483}}, {"tid": 1, "generated": 0, "bbox": {"xmin": 464, "ymin": 119, "ymax": 545, "xmax": 849}}], [{"tid": 0, "generated": 0, "bbox": {"xmin": 360, "ymin": 208, "ymax": 364, "xmax": 506}}, {"tid": 1, "generated": 0, "bbox": {"xmin": 448, "ymin": 119, "ymax": 547, "xmax": 851}}], [], [], [], [], [], [], [], [], [], [], [], [], [], [], [], [], [], [], [], [], [], [], [], [], [], [], [], [], [], [], [], [], [], [], [], [], [], [], [], [], [], [], [], [], [], [], [], [], [], [], [], [], [], [], [], [], [], [], [], [], [], [], [], [], [], [], [], [], [], [], [], [], [], [], [], [], [], [], [], [], [], [], [], [], [], [], [], [], [], [], [], [], [], [], [], [], [], [], [], [], [], [], [], [], [], [], [], [], [], [], [], [], [], [], [], [], [], [], [], [], [{"tid": 0, "generated": 0, "bbox": {"xmin": 478, "ymin": 227, "ymax": 369, "xmax": 604}}, {"tid": 1, "generated": 0, "bbox": {"xmin": 499, "ymin": 110, "ymax": 528, "xmax": 837}}], [{"tid": 0, "generated": 0, "bbox": {"xmin": 497, "ymin": 227, "ymax": 373, "xmax": 595}}, {"tid": 1, "generated": 0, "bbox": {"xmin": 501, "ymin": 119, "ymax": 529, "xmax": 839}}], [{"tid": 0, "generated": 0, "bbox": {"xmin": 504, "ymin": 229, "ymax": 391, "xmax": 597}}, {"tid": 1, "generated": 0, "bbox": {"xmin": 501, "ymin": 119, "ymax": 529, "xmax": 839}}], [{"tid": 0, "generated": 0, "bbox": {"xmin": 483, "ymin": 227, "ymax": 391, "xmax": 577}}, {"tid": 1, "generated": 0, "bbox": {"xmin": 501, "ymin": 119, "ymax": 529, "xmax": 839}}], [{"tid": 0, "generated": 0, "bbox": {"xmin": 465, "ymin": 227, "ymax": 398, "xmax": 574}}, {"tid": 1, "generated": 0, "bbox": {"xmin": 501, "ymin": 117, "ymax": 529, "xmax": 837}}], [{"tid": 0, "generated": 0, "bbox": {"xmin": 467, "ymin": 227, "ymax": 391, "xmax": 572}}, {"tid": 1, "generated": 0, "bbox": {"xmin": 501, "ymin": 115, "ymax": 529, "xmax": 837}}], [{"tid": 0, "generated": 0, "bbox": {"xmin": 469, "ymin": 227, "ymax": 350, "xmax": 560}}, {"tid": 1, "generated": 0, "bbox": {"xmin": 501, "ymin": 115, "ymax": 529, "xmax": 837}}], [{"tid": 0, "generated": 0, "bbox": {"xmin": 460, "ymin": 227, "ymax": 352, "xmax": 567}}, {"tid": 1, "generated": 0, "bbox": {"xmin": 501, "ymin": 113, "ymax": 529, "xmax": 837}}], [{"tid": 0, "generated": 0, "bbox": {"xmin": 462, "ymin": 227, "ymax": 346, "xmax": 565}}, {"tid": 1, "generated": 0, "bbox": {"xmin": 501, "ymin": 113, "ymax": 529, "xmax": 837}}], [{"tid": 0, "generated": 0, "bbox": {"xmin": 460, "ymin": 227, "ymax": 343, "xmax": 563}}, {"tid": 1, "generated": 0, "bbox": {"xmin": 501, "ymin": 112, "ymax": 529, "xmax": 837}}], [{"tid": 0, "generated": 0, "bbox": {"xmin": 467, "ymin": 227, "ymax": 341, "xmax": 564}}, {"tid": 1, "generated": 0, "bbox": {"xmin": 501, "ymin": 112, "ymax": 529, "xmax": 837}}], [{"tid": 0, "generated": 0, "bbox": {"xmin": 474, "ymin": 227, "ymax": 339, "xmax": 565}}, {"tid": 1, "generated": 0, "bbox": {"xmin": 496, "ymin": 119, "ymax": 528, "xmax": 839}}], [{"tid": 0, "generated": 0, "bbox": {"xmin": 481, "ymin": 227, "ymax": 339, "xmax": 563}}, {"tid": 1, "generated": 0, "bbox": {"xmin": 496, "ymin": 119, "ymax": 528, "xmax": 839}}], [{"tid": 0, "generated": 0, "bbox": {"xmin": 488, "ymin": 227, "ymax": 346, "xmax": 561}}, {"tid": 1, "generated": 0, "bbox": {"xmin": 496, "ymin": 119, "ymax": 528, "xmax": 839}}], [{"tid": 0, "generated": 0, "bbox": {"xmin": 481, "ymin": 224, "ymax": 350, "xmax": 560}}, {"tid": 1, "generated": 0, "bbox": {"xmin": 485, "ymin": 113, "ymax": 538, "xmax": 842}}], [{"tid": 0, "generated": 0, "bbox": {"xmin": 462, "ymin": 213, "ymax": 350, "xmax": 544}}, {"tid": 1, "generated": 0, "bbox": {"xmin": 474, "ymin": 133, "ymax": 531, "xmax": 837}}], [{"tid": 0, "generated": 0, "bbox": {"xmin": 327, "ymin": 200, "ymax": 344, "xmax": 520}}, {"tid": 1, "generated": 0, "bbox": {"xmin": 435, "ymin": 158, "ymax": 526, "xmax": 837}}], [{"tid": 0, "generated": 0, "bbox": {"xmin": 417, "ymin": 245, "ymax": 328, "xmax": 508}}, {"tid": 1, "generated": 0, "bbox": {"xmin": 442, "ymin": 168, "ymax": 520, "xmax": 835}}], [{"tid": 0, "generated": 0, "bbox": {"xmin": 410, "ymin": 199, "ymax": 323, "xmax": 517}}, {"tid": 1, "generated": 0, "bbox": {"xmin": 417, "ymin": 199, "ymax": 515, "xmax": 833}}], [{"tid": 0, "generated": 0, "bbox": {"xmin": 314, "ymin": 224, "ymax": 360, "xmax": 501}}, {"tid": 1, "generated": 0, "bbox": {"xmin": 423, "ymin": 224, "ymax": 513, "xmax": 832}}], [{"tid": 0, "generated": 0, "bbox": {"xmin": 320, "ymin": 289, "ymax": 387, "xmax": 472}}, {"tid": 1, "generated": 0, "bbox": {"xmin": 430, "ymin": 259, "ymax": 510, "xmax": 835}}], [{"tid": 0, "generated": 0, "bbox": {"xmin": 403, "ymin": 346, "ymax": 419, "xmax": 469}}, {"tid": 1, "generated": 0, "bbox": {"xmin": 442, "ymin": 280, "ymax": 512, "xmax": 835}}], [{"tid": 0, "generated": 0, "bbox": {"xmin": 398, "ymin": 423, "ymax": 476, "xmax": 462}}, {"tid": 1, "generated": 0, "bbox": {"xmin": 405, "ymin": 293, "ymax": 512, "xmax": 839}}], [{"tid": 0, "generated": 0, "bbox": {"xmin": 398, "ymin": 462, "ymax": 657, "xmax": 508}}, {"tid": 1, "generated": 0, "bbox": {"xmin": 346, "ymin": 316, "ymax": 513, "xmax": 826}}], [{"tid": 0, "generated": 0, "bbox": {"xmin": 403, "ymin": 460, "ymax": 702, "xmax": 522}}, {"tid": 1, "generated": 0, "bbox": {"xmin": 432, "ymin": 302, "ymax": 510, "xmax": 824}}], [{"tid": 0, "generated": 0, "bbox": {"xmin": 471, "ymin": 519, "ymax": 718, "xmax": 540}}, {"tid": 1, "generated": 0, "bbox": {"xmin": 456, "ymin": 296, "ymax": 538, "xmax": 821}}], [{"tid": 0, "generated": 0, "bbox": {"xmin": 478, "ymin": 524, "ymax": 718, "xmax": 560}}, {"tid": 1, "generated": 0, "bbox": {"xmin": 471, "ymin": 304, "ymax": 531, "xmax": 819}}], [{"tid": 0, "generated": 0, "bbox": {"xmin": 474, "ymin": 519, "ymax": 712, "xmax": 545}}, {"tid": 1, "generated": 0, "bbox": {"xmin": 483, "ymin": 295, "ymax": 522, "xmax": 832}}], [{"tid": 0, "generated": 0, "bbox": {"xmin": 471, "ymin": 494, "ymax": 718, "xmax": 549}}, {"tid": 1, "generated": 0, "bbox": {"xmin": 467, "ymin": 288, "ymax": 520, "xmax": 828}}], [{"tid": 0, "generated": 0, "bbox": {"xmin": 451, "ymin": 469, "ymax": 714, "xmax": 574}}, {"tid": 1, "generated": 0, "bbox": {"xmin": 451, "ymin": 293, "ymax": 517, "xmax": 824}}], [], [], [], [], [], [], [], [], [], [], [], [], [], [], [], [], [], [], [], [], [], [], [], [], [], [], [], [], [], [], [], [], [], [], [], [], [], [], [], [], [], [], [], [], [], [], [], [], [], [], [], [], [], [], [], [], [], [], [], [], [], [], [], [], [], [], [], [], [], [], [], [], [], [], [], [], [], [], [], [], [], [], [], [], [], [], [], [], [], [], [], [], [], [], [], [], [], [], [], [], [], [], [], [], [], [], [], [], [], [], [], [], [], [], [], [], [], [], [], [], [{"tid": 0, "generated": 0, "bbox": {"xmin": 327, "ymin": 359, "ymax": 499, "xmax": 419}}, {"tid": 1, "generated": 0, "bbox": {"xmin": 325, "ymin": 215, "ymax": 515, "xmax": 718}}], [{"tid": 0, "generated": 0, "bbox": {"xmin": 339, "ymin": 371, "ymax": 508, "xmax": 419}}, {"tid": 1, "generated": 0, "bbox": {"xmin": 337, "ymin": 224, "ymax": 492, "xmax": 711}}], [{"tid": 0, "generated": 0, "bbox": {"xmin": 330, "ymin": 384, "ymax": 540, "xmax": 419}}, {"tid": 1, "generated": 0, "bbox": {"xmin": 314, "ymin": 225, "ymax": 494, "xmax": 711}}], [{"tid": 0, "generated": 0, "bbox": {"xmin": 307, "ymin": 384, "ymax": 556, "xmax": 421}}, {"tid": 1, "generated": 0, "bbox": {"xmin": 314, "ymin": 247, "ymax": 494, "xmax": 712}}], [{"tid": 0, "generated": 0, "bbox": {"xmin": 293, "ymin": 378, "ymax": 522, "xmax": 368}}, {"tid": 1, "generated": 0, "bbox": {"xmin": 325, "ymin": 261, "ymax": 494, "xmax": 712}}], [{"tid": 0, "generated": 0, "bbox": {"xmin": 302, "ymin": 444, "ymax": 517, "xmax": 401}}, {"tid": 1, "generated": 0, "bbox": {"xmin": 353, "ymin": 275, "ymax": 490, "xmax": 712}}], [{"tid": 0, "generated": 0, "bbox": {"xmin": 298, "ymin": 446, "ymax": 570, "xmax": 403}}, {"tid": 1, "generated": 0, "bbox": {"xmin": 360, "ymin": 295, "ymax": 490, "xmax": 714}}], [{"tid": 0, "generated": 0, "bbox": {"xmin": 293, "ymin": 448, "ymax": 583, "xmax": 384}}, {"tid": 1, "generated": 0, "bbox": {"xmin": 295, "ymin": 320, "ymax": 487, "xmax": 720}}], [{"tid": 0, "generated": 0, "bbox": {"xmin": 305, "ymin": 458, "ymax": 579, "xmax": 403}}, {"tid": 1, "generated": 0, "bbox": {"xmin": 344, "ymin": 305, "ymax": 487, "xmax": 727}}], [{"tid": 0, "generated": 0, "bbox": {"xmin": 336, "ymin": 499, "ymax": 588, "xmax": 440}}, {"tid": 1, "generated": 0, "bbox": {"xmin": 375, "ymin": 291, "ymax": 529, "xmax": 730}}], [{"tid": 0, "generated": 0, "bbox": {"xmin": 360, "ymin": 497, "ymax": 600, "xmax": 476}}, {"tid": 1, "generated": 0, "bbox": {"xmin": 396, "ymin": 277, "ymax": 513, "xmax": 737}}], [{"tid": 0, "generated": 0, "bbox": {"xmin": 364, "ymin": 476, "ymax": 597, "xmax": 483}}, {"tid": 1, "generated": 0, "bbox": {"xmin": 382, "ymin": 282, "ymax": 524, "xmax": 741}}], [{"tid": 0, "generated": 0, "bbox": {"xmin": 360, "ymin": 460, "ymax": 563, "xmax": 460}}, {"tid": 1, "generated": 0, "bbox": {"xmin": 382, "ymin": 288, "ymax": 503, "xmax": 739}}], [{"tid": 0, "generated": 0, "bbox": {"xmin": 373, "ymin": 458, "ymax": 567, "xmax": 439}}, {"tid": 1, "generated": 0, "bbox": {"xmin": 371, "ymin": 282, "ymax": 490, "xmax": 743}}], [{"tid": 0, "generated": 0, "bbox": {"xmin": 337, "ymin": 456, "ymax": 604, "xmax": 435}}, {"tid": 1, "generated": 0, "bbox": {"xmin": 368, "ymin": 273, "ymax": 488, "xmax": 741}}], [{"tid": 0, "generated": 0, "bbox": {"xmin": 339, "ymin": 456, "ymax": 638, "xmax": 430}}, {"tid": 1, "generated": 0, "bbox": {"xmin": 364, "ymin": 270, "ymax": 487, "xmax": 741}}], [{"tid": 0, "generated": 0, "bbox": {"xmin": 341, "ymin": 455, "ymax": 615, "xmax": 428}}, {"tid": 1, "generated": 0, "bbox": {"xmin": 360, "ymin": 268, "ymax": 483, "xmax": 748}}], [{"tid": 0, "generated": 0, "bbox": {"xmin": 348, "ymin": 453, "ymax": 604, "xmax": 430}}, {"tid": 1, "generated": 0, "bbox": {"xmin": 362, "ymin": 268, "ymax": 483, "xmax": 750}}], [{"tid": 0, "generated": 0, "bbox": {"xmin": 350, "ymin": 453, "ymax": 552, "xmax": 428}}, {"tid": 1, "generated": 0, "bbox": {"xmin": 357, "ymin": 268, "ymax": 476, "xmax": 750}}], [{"tid": 0, "generated": 0, "bbox": {"xmin": 352, "ymin": 453, "ymax": 552, "xmax": 460}}, {"tid": 1, "generated": 0, "bbox": {"xmin": 352, "ymin": 268, "ymax": 481, "xmax": 759}}], [{"tid": 0, "generated": 0, "bbox": {"xmin": 355, "ymin": 448, "ymax": 563, "xmax": 453}}, {"tid": 1, "generated": 0, "bbox": {"xmin": 346, "ymin": 268, "ymax": 488, "xmax": 755}}], [{"tid": 0, "generated": 0, "bbox": {"xmin": 359, "ymin": 449, "ymax": 563, "xmax": 448}}, {"tid": 1, "generated": 0, "bbox": {"xmin": 371, "ymin": 268, "ymax": 490, "xmax": 752}}], [{"tid": 0, "generated": 0, "bbox": {"xmin": 362, "ymin": 451, "ymax": 560, "xmax": 456}}, {"tid": 1, "generated": 0, "bbox": {"xmin": 366, "ymin": 268, "ymax": 490, "xmax": 741}}], [{"tid": 0, "generated": 0, "bbox": {"xmin": 366, "ymin": 453, "ymax": 560, "xmax": 442}}, {"tid": 1, "generated": 0, "bbox": {"xmin": 368, "ymin": 268, "ymax": 490, "xmax": 741}}], [{"tid": 0, "generated": 0, "bbox": {"xmin": 359, "ymin": 446, "ymax": 554, "xmax": 476}}, {"tid": 1, "generated": 0, "bbox": {"xmin": 364, "ymin": 268, "ymax": 488, "xmax": 753}}], [{"tid": 0, "generated": 0, "bbox": {"xmin": 369, "ymin": 423, "ymax": 547, "xmax": 497}}, {"tid": 1, "generated": 0, "bbox": {"xmin": 360, "ymin": 268, "ymax": 487, "xmax": 757}}], [{"tid": 0, "generated": 0, "bbox": {"xmin": 360, "ymin": 424, "ymax": 542, "xmax": 426}}, {"tid": 1, "generated": 0, "bbox": {"xmin": 376, "ymin": 268, "ymax": 483, "xmax": 757}}], [{"tid": 0, "generated": 0, "bbox": {"xmin": 352, "ymin": 414, "ymax": 558, "xmax": 417}}, {"tid": 1, "generated": 0, "bbox": {"xmin": 369, "ymin": 268, "ymax": 483, "xmax": 769}}], [{"tid": 0, "generated": 0, "bbox": {"xmin": 350, "ymin": 382, "ymax": 552, "xmax": 410}}, {"tid": 1, "generated": 0, "bbox": {"xmin": 362, "ymin": 268, "ymax": 483, "xmax": 771}}], [{"tid": 0, "generated": 0, "bbox": {"xmin": 341, "ymin": 394, "ymax": 560, "xmax": 403}}, {"tid": 1, "generated": 0, "bbox": {"xmin": 355, "ymin": 268, "ymax": 485, "xmax": 764}}], [], [], [], [], [], [], [], [], [], [], [], [], [], [], [], [], [], [], [], [], [], [], [], [], [], [], [], [], [], [], [], [], [], [], [], [], [], [], [], [], [], [], [], [], [], [], [], [], [], [], [], [], [], [], [], [], [], [], [], [], [], [], [], [], [], [], [], [], [], [], [], [], [], [], [], [], [], [], [], [], [], [], [], [], [], [], [], [], [], [], [], [], [], [], [], [], [], [], [], [], [], [], [], [], [], [], [], [], [], [], [], [], [], [], [], [], [], [], [], [], [{"tid": 0, "generated": 0, "bbox": {"xmin": 403, "ymin": 419, "ymax": 490, "xmax": 704}}, {"tid": 1, "generated": 0, "bbox": {"xmin": 400, "ymin": 204, "ymax": 444, "xmax": 832}}], [{"tid": 0, "generated": 0, "bbox": {"xmin": 403, "ymin": 424, "ymax": 485, "xmax": 696}}, {"tid": 1, "generated": 0, "bbox": {"xmin": 400, "ymin": 206, "ymax": 426, "xmax": 832}}], [{"tid": 0, "generated": 0, "bbox": {"xmin": 403, "ymin": 430, "ymax": 497, "xmax": 684}}, {"tid": 1, "generated": 0, "bbox": {"xmin": 400, "ymin": 206, "ymax": 426, "xmax": 832}}], [{"tid": 0, "generated": 0, "bbox": {"xmin": 403, "ymin": 442, "ymax": 529, "xmax": 616}}, {"tid": 1, "generated": 0, "bbox": {"xmin": 400, "ymin": 206, "ymax": 426, "xmax": 832}}], [{"tid": 0, "generated": 0, "bbox": {"xmin": 389, "ymin": 440, "ymax": 579, "xmax": 551}}, {"tid": 1, "generated": 0, "bbox": {"xmin": 396, "ymin": 202, "ymax": 426, "xmax": 830}}], [{"tid": 0, "generated": 0, "bbox": {"xmin": 396, "ymin": 439, "ymax": 689, "xmax": 476}}, {"tid": 1, "generated": 0, "bbox": {"xmin": 392, "ymin": 202, "ymax": 424, "xmax": 830}}], [{"tid": 0, "generated": 0, "bbox": {"xmin": 339, "ymin": 634, "ymax": 714, "xmax": 371}}, {"tid": 1, "generated": 0, "bbox": {"xmin": 389, "ymin": 202, "ymax": 424, "xmax": 830}}], [{"tid": 0, "generated": 0, "bbox": {"xmin": 305, "ymin": 535, "ymax": 711, "xmax": 371}}, {"tid": 1, "generated": 0, "bbox": {"xmin": 385, "ymin": 204, "ymax": 424, "xmax": 830}}], [{"tid": 0, "generated": 0, "bbox": {"xmin": 282, "ymin": 517, "ymax": 718, "xmax": 362}}, {"tid": 1, "generated": 0, "bbox": {"xmin": 382, "ymin": 204, "ymax": 424, "xmax": 830}}], [{"tid": 0, "generated": 0, "bbox": {"xmin": 256, "ymin": 416, "ymax": 714, "xmax": 364}}, {"tid": 1, "generated": 0, "bbox": {"xmin": 378, "ymin": 204, "ymax": 424, "xmax": 830}}], [{"tid": 0, "generated": 0, "bbox": {"xmin": 231, "ymin": 421, "ymax": 714, "xmax": 353}}, {"tid": 1, "generated": 0, "bbox": {"xmin": 375, "ymin": 213, "ymax": 424, "xmax": 830}}], [{"tid": 0, "generated": 0, "bbox": {"xmin": 243, "ymin": 426, "ymax": 718, "xmax": 346}}, {"tid": 1, "generated": 0, "bbox": {"xmin": 366, "ymin": 213, "ymax": 433, "xmax": 823}}], [{"tid": 0, "generated": 0, "bbox": {"xmin": 256, "ymin": 432, "ymax": 718, "xmax": 339}}, {"tid": 1, "generated": 0, "bbox": {"xmin": 375, "ymin": 213, "ymax": 442, "xmax": 817}}], [{"tid": 0, "generated": 0, "bbox": {"xmin": 268, "ymin": 437, "ymax": 714, "xmax": 336}}, {"tid": 1, "generated": 0, "bbox": {"xmin": 362, "ymin": 213, "ymax": 453, "xmax": 816}}], [{"tid": 0, "generated": 0, "bbox": {"xmin": 282, "ymin": 394, "ymax": 716, "xmax": 341}}, {"tid": 1, "generated": 0, "bbox": {"xmin": 318, "ymin": 215, "ymax": 451, "xmax": 814}}], [{"tid": 0, "generated": 0, "bbox": {"xmin": 295, "ymin": 392, "ymax": 716, "xmax": 352}}, {"tid": 1, "generated": 0, "bbox": {"xmin": 366, "ymin": 216, "ymax": 439, "xmax": 812}}], [{"tid": 0, "generated": 0, "bbox": {"xmin": 320, "ymin": 391, "ymax": 712, "xmax": 348}}, {"tid": 1, "generated": 0, "bbox": {"xmin": 355, "ymin": 220, "ymax": 442, "xmax": 808}}], [{"tid": 0, "generated": 0, "bbox": {"xmin": 323, "ymin": 389, "ymax": 512, "xmax": 359}}, {"tid": 1, "generated": 0, "bbox": {"xmin": 344, "ymin": 222, "ymax": 444, "xmax": 808}}], [{"tid": 0, "generated": 0, "bbox": {"xmin": 323, "ymin": 387, "ymax": 711, "xmax": 440}}, {"tid": 1, "generated": 0, "bbox": {"xmin": 336, "ymin": 224, "ymax": 448, "xmax": 810}}], [{"tid": 0, "generated": 0, "bbox": {"xmin": 318, "ymin": 385, "ymax": 716, "xmax": 451}}, {"tid": 1, "generated": 0, "bbox": {"xmin": 357, "ymin": 225, "ymax": 449, "xmax": 812}}], [{"tid": 0, "generated": 0, "bbox": {"xmin": 350, "ymin": 488, "ymax": 712, "xmax": 467}}, {"tid": 1, "generated": 0, "bbox": {"xmin": 318, "ymin": 227, "ymax": 453, "xmax": 812}}], [{"tid": 0, "generated": 0, "bbox": {"xmin": 348, "ymin": 480, "ymax": 718, "xmax": 465}}, {"tid": 1, "generated": 0, "bbox": {"xmin": 328, "ymin": 229, "ymax": 446, "xmax": 808}}], [{"tid": 0, "generated": 0, "bbox": {"xmin": 348, "ymin": 472, "ymax": 718, "xmax": 455}}, {"tid": 1, "generated": 0, "bbox": {"xmin": 341, "ymin": 231, "ymax": 440, "xmax": 805}}], [{"tid": 0, "generated": 0, "bbox": {"xmin": 348, "ymin": 485, "ymax": 714, "xmax": 448}}, {"tid": 1, "generated": 0, "bbox": {"xmin": 353, "ymin": 232, "ymax": 435, "xmax": 803}}], [{"tid": 0, "generated": 0, "bbox": {"xmin": 348, "ymin": 494, "ymax": 698, "xmax": 446}}, {"tid": 1, "generated": 0, "bbox": {"xmin": 352, "ymin": 229, "ymax": 432, "xmax": 801}}], [{"tid": 0, "generated": 0, "bbox": {"xmin": 348, "ymin": 508, "ymax": 695, "xmax": 462}}, {"tid": 1, "generated": 0, "bbox": {"xmin": 352, "ymin": 227, "ymax": 430, "xmax": 801}}], [{"tid": 0, "generated": 0, "bbox": {"xmin": 305, "ymin": 392, "ymax": 618, "xmax": 362}}, {"tid": 1, "generated": 0, "bbox": {"xmin": 350, "ymin": 225, "ymax": 428, "xmax": 801}}], [{"tid": 0, "generated": 0, "bbox": {"xmin": 300, "ymin": 392, "ymax": 714, "xmax": 403}}, {"tid": 1, "generated": 0, "bbox": {"xmin": 350, "ymin": 224, "ymax": 426, "xmax": 801}}], [{"tid": 0, "generated": 0, "bbox": {"xmin": 286, "ymin": 408, "ymax": 711, "xmax": 336}}, {"tid": 1, "generated": 0, "bbox": {"xmin": 348, "ymin": 222, "ymax": 424, "xmax": 801}}], [{"tid": 0, "generated": 0, "bbox": {"xmin": 273, "ymin": 412, "ymax": 709, "xmax": 332}}, {"tid": 1, "generated": 0, "bbox": {"xmin": 348, "ymin": 218, "ymax": 421, "xmax": 800}}]], "subject/objects": [{"category": "snake", "tid": 0}, {"category": "bird", "tid": 1}], "relation_instances": [{"end_fid": 30, "subject_tid": 0, "predicate": "left", "begin_fid": 0, "object_tid": 1}, {"end_fid": 30, "subject_tid": 1, "predicate": "stand_right", "begin_fid": 0, "object_tid": 0}, {"end_fid": 30, "subject_tid": 1, "predicate": "larger", "begin_fid": 0, "object_tid": 0}, {"end_fid": 30, "subject_tid": 1, "predicate": "bite", "begin_fid": 0, "object_tid": 0}, {"end_fid": 30, "subject_tid": 1, "predicate": "hold", "begin_fid": 0, "object_tid": 0}, {"end_fid": 165, "subject_tid": 0, "predicate": "left", "begin_fid": 135, "object_tid": 1}, {"end_fid": 165, "subject_tid": 1, "predicate": "stand_right", "begin_fid": 135, "object_tid": 0}, {"end_fid": 165, "subject_tid": 1, "predicate": "larger", "begin_fid": 135, "object_tid": 0}, {"end_fid": 165, "subject_tid": 1, "predicate": "bite", "begin_fid": 135, "object_tid": 0}, {"end_fid": 315, "subject_tid": 0, "predicate": "left", "begin_fid": 285, "object_tid": 1}, {"end_fid": 315, "subject_tid": 1, "predicate": "stand_right", "begin_fid": 285, "object_tid": 0}, {"end_fid": 315, "subject_tid": 1, "predicate": "larger", "begin_fid": 285, "object_tid": 0}, {"end_fid": 315, "subject_tid": 1, "predicate": "bite", "begin_fid": 285, "object_tid": 0}, {"end_fid": 315, "subject_tid": 1, "predicate": "hold", "begin_fid": 285, "object_tid": 0}, {"end_fid": 465, "subject_tid": 0, "predicate": "left", "begin_fid": 435, "object_tid": 1}, {"end_fid": 465, "subject_tid": 1, "predicate": "stand_right", "begin_fid": 435, "object_tid": 0}, {"end_fid": 465, "subject_tid": 1, "predicate": "larger", "begin_fid": 435, "object_tid": 0}, {"end_fid": 465, "subject_tid": 1, "predicate": "bite", "begin_fid": 435, "object_tid": 0}, {"end_fid": 465, "subject_tid": 1, "predicate": "hold", "begin_fid": 435, "object_tid": 0}, {"end_fid": 615, "subject_tid": 0, "predicate": "left", "begin_fid": 585, "object_tid": 1}, {"end_fid": 615, "subject_tid": 1, "predicate": "stand_right", "begin_fid": 585, "object_tid": 0}, {"end_fid": 615, "subject_tid": 1, "predicate": "larger", "begin_fid": 585, "object_tid": 0}, {"end_fid": 615, "subject_tid": 1, "predicate": "bite", "begin_fid": 585, "object_tid": 0}, {"end_fid": 615, "subject_tid": 1, "predicate": "hold", "begin_fid": 585, "object_tid": 0}, {"end_fid": 765, "subject_tid": 0, "predicate": "left", "begin_fid": 735, "object_tid": 1}, {"end_fid": 765, "subject_tid": 1, "predicate": "stand_right", "begin_fid": 735, "object_tid": 0}, {"end_fid": 765, "subject_tid": 1, "predicate": "larger", "begin_fid": 735, "object_tid": 0}, {"end_fid": 765, "subject_tid": 1, "predicate": "bite", "begin_fid": 735, "object_tid": 0}, {"end_fid": 765, "subject_tid": 1, "predicate": "hold", "begin_fid": 735, "object_tid": 0}, {"end_fid": 915, "subject_tid": 0, "predicate": "left", "begin_fid": 885, "object_tid": 1}, {"end_fid": 915, "subject_tid": 1, "predicate": "stand_right", "begin_fid": 885, "object_tid": 0}, {"end_fid": 915, "subject_tid": 1, "predicate": "larger", "begin_fid": 885, "object_tid": 0}, {"end_fid": 915, "subject_tid": 1, "predicate": "bite", "begin_fid": 885, "object_tid": 0}, {"end_fid": 915, "subject_tid": 1, "predicate": "hold", "begin_fid": 885, "object_tid": 0}], "height": 720}