{"width": 1280, "frame_count": 80, "video_id": "ILSVRC2015_train_00165003", "fps": 30, "trajectories": [[{"tid": 0, "generated": 0, "bbox": {"xmin": 773, "ymin": 398, "ymax": 634, "xmax": 1008}}, {"tid": 1, "generated": 0, "bbox": {"xmin": 693, "ymin": 261, "ymax": 599, "xmax": 949}}], [{"tid": 0, "generated": 0, "bbox": {"xmin": 771, "ymin": 398, "ymax": 634, "xmax": 1009}}, {"tid": 1, "generated": 0, "bbox": {"xmin": 692, "ymin": 260, "ymax": 598, "xmax": 948}}], [{"tid": 0, "generated": 0, "bbox": {"xmin": 762, "ymin": 400, "ymax": 643, "xmax": 1009}}, {"tid": 1, "generated": 0, "bbox": {"xmin": 692, "ymin": 260, "ymax": 598, "xmax": 948}}], [{"tid": 0, "generated": 0, "bbox": {"xmin": 759, "ymin": 398, "ymax": 645, "xmax": 1008}}, {"tid": 1, "generated": 0, "bbox": {"xmin": 692, "ymin": 260, "ymax": 598, "xmax": 948}}], [{"tid": 0, "generated": 0, "bbox": {"xmin": 753, "ymin": 400, "ymax": 648, "xmax": 1004}}, {"tid": 1, "generated": 0, "bbox": {"xmin": 692, "ymin": 260, "ymax": 598, "xmax": 948}}], [{"tid": 0, "generated": 0, "bbox": {"xmin": 750, "ymin": 398, "ymax": 647, "xmax": 1000}}, {"tid": 1, "generated": 0, "bbox": {"xmin": 692, "ymin": 260, "ymax": 598, "xmax": 948}}], [{"tid": 0, "generated": 0, "bbox": {"xmin": 743, "ymin": 401, "ymax": 645, "xmax": 1002}}, {"tid": 1, "generated": 0, "bbox": {"xmin": 692, "ymin": 260, "ymax": 598, "xmax": 948}}], [{"tid": 0, "generated": 0, "bbox": {"xmin": 737, "ymin": 403, "ymax": 647, "xmax": 999}}, {"tid": 1, "generated": 0, "bbox": {"xmin": 692, "ymin": 260, "ymax": 598, "xmax": 948}}], [{"tid": 0, "generated": 0, "bbox": {"xmin": 732, "ymin": 401, "ymax": 645, "xmax": 992}}, {"tid": 1, "generated": 0, "bbox": {"xmin": 692, "ymin": 260, "ymax": 598, "xmax": 948}}], [{"tid": 0, "generated": 0, "bbox": {"xmin": 723, "ymin": 403, "ymax": 647, "xmax": 979}}, {"tid": 1, "generated": 0, "bbox": {"xmin": 692, "ymin": 260, "ymax": 598, "xmax": 948}}], [{"tid": 0, "generated": 0, "bbox": {"xmin": 721, "ymin": 401, "ymax": 648, "xmax": 965}}, {"tid": 1, "generated": 0, "bbox": {"xmin": 692, "ymin": 260, "ymax": 598, "xmax": 948}}], [{"tid": 0, "generated": 0, "bbox": {"xmin": 718, "ymin": 400, "ymax": 652, "xmax": 952}}, {"tid": 1, "generated": 0, "bbox": {"xmin": 692, "ymin": 260, "ymax": 598, "xmax": 948}}], [{"tid": 0, "generated": 0, "bbox": {"xmin": 714, "ymin": 398, "ymax": 648, "xmax": 940}}, {"tid": 1, "generated": 0, "bbox": {"xmin": 692, "ymin": 260, "ymax": 598, "xmax": 948}}], [{"tid": 0, "generated": 0, "bbox": {"xmin": 711, "ymin": 396, "ymax": 647, "xmax": 929}}, {"tid": 1, "generated": 0, "bbox": {"xmin": 692, "ymin": 260, "ymax": 598, "xmax": 948}}], [{"tid": 0, "generated": 0, "bbox": {"xmin": 707, "ymin": 396, "ymax": 646, "xmax": 927}}, {"tid": 1, "generated": 0, "bbox": {"xmin": 692, "ymin": 260, "ymax": 598, "xmax": 948}}], [{"tid": 0, "generated": 0, "bbox": {"xmin": 704, "ymin": 396, "ymax": 645, "xmax": 926}}, {"tid": 1, "generated": 0, "bbox": {"xmin": 692, "ymin": 260, "ymax": 598, "xmax": 948}}], [{"tid": 0, "generated": 0, "bbox": {"xmin": 701, "ymin": 396, "ymax": 645, "xmax": 922}}, {"tid": 1, "generated": 0, "bbox": {"xmin": 691, "ymin": 259, "ymax": 597, "xmax": 947}}], [{"tid": 0, "generated": 0, "bbox": {"xmin": 699, "ymin": 396, "ymax": 646, "xmax": 919}}, {"tid": 1, "generated": 0, "bbox": {"xmin": 691, "ymin": 259, "ymax": 597, "xmax": 947}}], [{"tid": 0, "generated": 0, "bbox": {"xmin": 697, "ymin": 397, "ymax": 646, "xmax": 916}}, {"tid": 1, "generated": 0, "bbox": {"xmin": 691, "ymin": 259, "ymax": 597, "xmax": 947}}], [{"tid": 0, "generated": 0, "bbox": {"xmin": 695, "ymin": 397, "ymax": 647, "xmax": 913}}, {"tid": 1, "generated": 0, "bbox": {"xmin": 691, "ymin": 259, "ymax": 597, "xmax": 947}}], [{"tid": 0, "generated": 0, "bbox": {"xmin": 693, "ymin": 398, "ymax": 648, "xmax": 910}}, {"tid": 1, "generated": 0, "bbox": {"xmin": 691, "ymin": 259, "ymax": 597, "xmax": 947}}], [{"tid": 0, "generated": 0, "bbox": {"xmin": 688, "ymin": 394, "ymax": 648, "xmax": 903}}, {"tid": 1, "generated": 0, "bbox": {"xmin": 691, "ymin": 259, "ymax": 597, "xmax": 947}}], [{"tid": 0, "generated": 0, "bbox": {"xmin": 680, "ymin": 396, "ymax": 647, "xmax": 906}}, {"tid": 1, "generated": 0, "bbox": {"xmin": 691, "ymin": 259, "ymax": 597, "xmax": 947}}], [{"tid": 0, "generated": 0, "bbox": {"xmin": 675, "ymin": 398, "ymax": 648, "xmax": 899}}, {"tid": 1, "generated": 0, "bbox": {"xmin": 691, "ymin": 259, "ymax": 597, "xmax": 947}}], [{"tid": 0, "generated": 0, "bbox": {"xmin": 671, "ymin": 397, "ymax": 646, "xmax": 897}}, {"tid": 1, "generated": 0, "bbox": {"xmin": 691, "ymin": 259, "ymax": 597, "xmax": 947}}], [{"tid": 0, "generated": 0, "bbox": {"xmin": 668, "ymin": 396, "ymax": 645, "xmax": 896}}, {"tid": 1, "generated": 0, "bbox": {"xmin": 691, "ymin": 259, "ymax": 597, "xmax": 947}}], [{"tid": 0, "generated": 0, "bbox": {"xmin": 663, "ymin": 394, "ymax": 643, "xmax": 887}}, {"tid": 1, "generated": 0, "bbox": {"xmin": 691, "ymin": 259, "ymax": 597, "xmax": 947}}], [{"tid": 0, "generated": 0, "bbox": {"xmin": 659, "ymin": 392, "ymax": 641, "xmax": 881}}, {"tid": 1, "generated": 0, "bbox": {"xmin": 691, "ymin": 259, "ymax": 597, "xmax": 947}}], [{"tid": 0, "generated": 0, "bbox": {"xmin": 655, "ymin": 390, "ymax": 639, "xmax": 876}}, {"tid": 1, "generated": 0, "bbox": {"xmin": 691, "ymin": 259, "ymax": 597, "xmax": 947}}], [{"tid": 0, "generated": 0, "bbox": {"xmin": 652, "ymin": 389, "ymax": 638, "xmax": 871}}, {"tid": 1, "generated": 0, "bbox": {"xmin": 691, "ymin": 259, "ymax": 597, "xmax": 947}}], [{"tid": 0, "generated": 0, "bbox": {"xmin": 652, "ymin": 384, "ymax": 634, "xmax": 869}}, {"tid": 1, "generated": 0, "bbox": {"xmin": 691, "ymin": 259, "ymax": 597, "xmax": 947}}], [{"tid": 0, "generated": 0, "bbox": {"xmin": 648, "ymin": 382, "ymax": 633, "xmax": 865}}, {"tid": 1, "generated": 0, "bbox": {"xmin": 691, "ymin": 259, "ymax": 597, "xmax": 947}}], [{"tid": 0, "generated": 0, "bbox": {"xmin": 644, "ymin": 380, "ymax": 632, "xmax": 861}}, {"tid": 1, "generated": 0, "bbox": {"xmin": 691, "ymin": 259, "ymax": 597, "xmax": 947}}], [{"tid": 0, "generated": 0, "bbox": {"xmin": 641, "ymin": 378, "ymax": 631, "xmax": 858}}, {"tid": 1, "generated": 0, "bbox": {"xmin": 691, "ymin": 259, "ymax": 597, "xmax": 947}}], [{"tid": 0, "generated": 0, "bbox": {"xmin": 638, "ymin": 378, "ymax": 631, "xmax": 854}}, {"tid": 1, "generated": 0, "bbox": {"xmin": 691, "ymin": 259, "ymax": 597, "xmax": 947}}], [{"tid": 0, "generated": 0, "bbox": {"xmin": 636, "ymin": 378, "ymax": 632, "xmax": 851}}, {"tid": 1, "generated": 0, "bbox": {"xmin": 691, "ymin": 259, "ymax": 597, "xmax": 947}}], [{"tid": 0, "generated": 0, "bbox": {"xmin": 634, "ymin": 377, "ymax": 631, "xmax": 849}}, {"tid": 1, "generated": 0, "bbox": {"xmin": 691, "ymin": 259, "ymax": 597, "xmax": 947}}], [{"tid": 0, "generated": 0, "bbox": {"xmin": 633, "ymin": 376, "ymax": 631, "xmax": 847}}, {"tid": 1, "generated": 0, "bbox": {"xmin": 691, "ymin": 259, "ymax": 597, "xmax": 947}}], [{"tid": 0, "generated": 0, "bbox": {"xmin": 632, "ymin": 375, "ymax": 631, "xmax": 846}}, {"tid": 1, "generated": 0, "bbox": {"xmin": 691, "ymin": 259, "ymax": 597, "xmax": 947}}], [{"tid": 0, "generated": 0, "bbox": {"xmin": 627, "ymin": 373, "ymax": 629, "xmax": 844}}, {"tid": 1, "generated": 0, "bbox": {"xmin": 691, "ymin": 259, "ymax": 597, "xmax": 947}}], [{"tid": 0, "generated": 0, "bbox": {"xmin": 625, "ymin": 369, "ymax": 627, "xmax": 842}}, {"tid": 1, "generated": 0, "bbox": {"xmin": 691, "ymin": 259, "ymax": 597, "xmax": 947}}], [{"tid": 0, "generated": 0, "bbox": {"xmin": 624, "ymin": 373, "ymax": 631, "xmax": 840}}, {"tid": 1, "generated": 0, "bbox": {"xmin": 691, "ymin": 259, "ymax": 597, "xmax": 947}}], [{"tid": 0, "generated": 0, "bbox": {"xmin": 622, "ymin": 373, "ymax": 629, "xmax": 841}}, {"tid": 1, "generated": 0, "bbox": {"xmin": 691, "ymin": 259, "ymax": 597, "xmax": 947}}], [{"tid": 0, "generated": 0, "bbox": {"xmin": 621, "ymin": 373, "ymax": 628, "xmax": 842}}, {"tid": 1, "generated": 0, "bbox": {"xmin": 691, "ymin": 259, "ymax": 597, "xmax": 947}}], [{"tid": 0, "generated": 0, "bbox": {"xmin": 619, "ymin": 373, "ymax": 626, "xmax": 843}}, {"tid": 1, "generated": 0, "bbox": {"xmin": 691, "ymin": 259, "ymax": 597, "xmax": 947}}], [{"tid": 0, "generated": 0, "bbox": {"xmin": 618, "ymin": 373, "ymax": 625, "xmax": 844}}, {"tid": 1, "generated": 0, "bbox": {"xmin": 691, "ymin": 259, "ymax": 597, "xmax": 947}}], [{"tid": 0, "generated": 0, "bbox": {"xmin": 617, "ymin": 371, "ymax": 625, "xmax": 842}}, {"tid": 1, "generated": 0, "bbox": {"xmin": 691, "ymin": 259, "ymax": 597, "xmax": 947}}], [{"tid": 0, "generated": 0, "bbox": {"xmin": 616, "ymin": 370, "ymax": 625, "xmax": 840}}, {"tid": 1, "generated": 0, "bbox": {"xmin": 691, "ymin": 259, "ymax": 597, "xmax": 947}}], [{"tid": 0, "generated": 0, "bbox": {"xmin": 615, "ymin": 368, "ymax": 625, "xmax": 838}}, {"tid": 1, "generated": 0, "bbox": {"xmin": 691, "ymin": 259, "ymax": 597, "xmax": 947}}], [{"tid": 0, "generated": 0, "bbox": {"xmin": 614, "ymin": 367, "ymax": 625, "xmax": 836}}, {"tid": 1, "generated": 0, "bbox": {"xmin": 691, "ymin": 259, "ymax": 597, "xmax": 947}}], [{"tid": 0, "generated": 0, "bbox": {"xmin": 613, "ymin": 366, "ymax": 625, "xmax": 835}}, {"tid": 1, "generated": 0, "bbox": {"xmin": 691, "ymin": 259, "ymax": 597, "xmax": 947}}], [{"tid": 0, "generated": 0, "bbox": {"xmin": 610, "ymin": 365, "ymax": 625, "xmax": 832}}, {"tid": 1, "generated": 0, "bbox": {"xmin": 691, "ymin": 259, "ymax": 597, "xmax": 947}}], [{"tid": 0, "generated": 0, "bbox": {"xmin": 608, "ymin": 364, "ymax": 625, "xmax": 830}}, {"tid": 1, "generated": 0, "bbox": {"xmin": 691, "ymin": 259, "ymax": 597, "xmax": 947}}], [{"tid": 0, "generated": 0, "bbox": {"xmin": 606, "ymin": 364, "ymax": 625, "xmax": 827}}, {"tid": 1, "generated": 0, "bbox": {"xmin": 691, "ymin": 259, "ymax": 597, "xmax": 947}}], [{"tid": 0, "generated": 0, "bbox": {"xmin": 604, "ymin": 364, "ymax": 625, "xmax": 824}}, {"tid": 1, "generated": 0, "bbox": {"xmin": 691, "ymin": 259, "ymax": 597, "xmax": 947}}], [{"tid": 0, "generated": 0, "bbox": {"xmin": 604, "ymin": 364, "ymax": 625, "xmax": 824}}, {"tid": 1, "generated": 0, "bbox": {"xmin": 691, "ymin": 259, "ymax": 597, "xmax": 947}}], [{"tid": 0, "generated": 0, "bbox": {"xmin": 604, "ymin": 364, "ymax": 626, "xmax": 824}}, {"tid": 1, "generated": 0, "bbox": {"xmin": 691, "ymin": 259, "ymax": 597, "xmax": 947}}], [{"tid": 0, "generated": 0, "bbox": {"xmin": 604, "ymin": 364, "ymax": 627, "xmax": 824}}, {"tid": 1, "generated": 0, "bbox": {"xmin": 691, "ymin": 259, "ymax": 597, "xmax": 947}}], [{"tid": 0, "generated": 0, "bbox": {"xmin": 604, "ymin": 364, "ymax": 629, "xmax": 823}}, {"tid": 1, "generated": 0, "bbox": {"xmin": 691, "ymin": 259, "ymax": 597, "xmax": 947}}], [{"tid": 0, "generated": 0, "bbox": {"xmin": 604, "ymin": 364, "ymax": 631, "xmax": 823}}, {"tid": 1, "generated": 0, "bbox": {"xmin": 691, "ymin": 259, "ymax": 597, "xmax": 947}}], [{"tid": 0, "generated": 0, "bbox": {"xmin": 606, "ymin": 366, "ymax": 627, "xmax": 824}}, {"tid": 1, "generated": 0, "bbox": {"xmin": 691, "ymin": 259, "ymax": 597, "xmax": 947}}], [{"tid": 0, "generated": 0, "bbox": {"xmin": 606, "ymin": 366, "ymax": 626, "xmax": 824}}, {"tid": 1, "generated": 0, "bbox": {"xmin": 691, "ymin": 259, "ymax": 597, "xmax": 947}}], [{"tid": 0, "generated": 0, "bbox": {"xmin": 606, "ymin": 366, "ymax": 626, "xmax": 824}}, {"tid": 1, "generated": 0, "bbox": {"xmin": 691, "ymin": 259, "ymax": 597, "xmax": 947}}], [{"tid": 0, "generated": 0, "bbox": {"xmin": 606, "ymin": 366, "ymax": 625, "xmax": 824}}, {"tid": 1, "generated": 0, "bbox": {"xmin": 691, "ymin": 259, "ymax": 597, "xmax": 947}}], [{"tid": 0, "generated": 0, "bbox": {"xmin": 606, "ymin": 366, "ymax": 625, "xmax": 824}}, {"tid": 1, "generated": 0, "bbox": {"xmin": 691, "ymin": 259, "ymax": 597, "xmax": 947}}], [{"tid": 0, "generated": 0, "bbox": {"xmin": 606, "ymin": 366, "ymax": 624, "xmax": 825}}, {"tid": 1, "generated": 0, "bbox": {"xmin": 691, "ymin": 259, "ymax": 597, "xmax": 947}}], [{"tid": 0, "generated": 0, "bbox": {"xmin": 606, "ymin": 366, "ymax": 624, "xmax": 825}}, {"tid": 1, "generated": 0, "bbox": {"xmin": 691, "ymin": 259, "ymax": 597, "xmax": 947}}], [{"tid": 0, "generated": 0, "bbox": {"xmin": 606, "ymin": 366, "ymax": 623, "xmax": 825}}, {"tid": 1, "generated": 0, "bbox": {"xmin": 691, "ymin": 259, "ymax": 597, "xmax": 947}}], [{"tid": 0, "generated": 0, "bbox": {"xmin": 606, "ymin": 366, "ymax": 623, "xmax": 825}}, {"tid": 1, "generated": 0, "bbox": {"xmin": 691, "ymin": 259, "ymax": 597, "xmax": 947}}], [{"tid": 0, "generated": 0, "bbox": {"xmin": 606, "ymin": 366, "ymax": 622, "xmax": 825}}, {"tid": 1, "generated": 0, "bbox": {"xmin": 691, "ymin": 259, "ymax": 597, "xmax": 947}}], [{"tid": 0, "generated": 0, "bbox": {"xmin": 606, "ymin": 366, "ymax": 622, "xmax": 826}}, {"tid": 1, "generated": 0, "bbox": {"xmin": 691, "ymin": 259, "ymax": 597, "xmax": 947}}], [{"tid": 0, "generated": 0, "bbox": {"xmin": 604, "ymin": 364, "ymax": 622, "xmax": 824}}, {"tid": 1, "generated": 0, "bbox": {"xmin": 691, "ymin": 259, "ymax": 597, "xmax": 947}}], [{"tid": 0, "generated": 0, "bbox": {"xmin": 604, "ymin": 363, "ymax": 619, "xmax": 824}}, {"tid": 1, "generated": 0, "bbox": {"xmin": 691, "ymin": 259, "ymax": 597, "xmax": 947}}], [{"tid": 0, "generated": 0, "bbox": {"xmin": 604, "ymin": 362, "ymax": 617, "xmax": 824}}, {"tid": 1, "generated": 0, "bbox": {"xmin": 691, "ymin": 259, "ymax": 597, "xmax": 947}}], [{"tid": 0, "generated": 0, "bbox": {"xmin": 604, "ymin": 361, "ymax": 615, "xmax": 824}}, {"tid": 1, "generated": 0, "bbox": {"xmin": 691, "ymin": 259, "ymax": 597, "xmax": 947}}]], "subject/objects": [{"category": "zebra", "tid": 0}, {"category": "zebra", "tid": 1}], "relation_instances": [{"end_fid": 30, "subject_tid": 0, "predicate": "walk_next_to", "begin_fid": 0, "object_tid": 1}, {"end_fid": 30, "subject_tid": 0, "predicate": "walk_past", "begin_fid": 0, "object_tid": 1}, {"end_fid": 30, "subject_tid": 0, "predicate": "walk_front", "begin_fid": 0, "object_tid": 1}, {"end_fid": 30, "subject_tid": 1, "predicate": "stand_next_to", "begin_fid": 0, "object_tid": 0}, {"end_fid": 30, "subject_tid": 1, "predicate": "stand_behind", "begin_fid": 0, "object_tid": 0}, {"end_fid": 30, "subject_tid": 1, "predicate": "taller", "begin_fid": 0, "object_tid": 0}, {"end_fid": 30, "subject_tid": 1, "predicate": "larger", "begin_fid": 0, "object_tid": 0}, {"end_fid": 30, "subject_tid": 1, "predicate": "watch", "begin_fid": 0, "object_tid": 0}, {"end_fid": 45, "subject_tid": 0, "predicate": "walk_next_to", "begin_fid": 15, "object_tid": 1}, {"end_fid": 45, "subject_tid": 0, "predicate": "walk_past", "begin_fid": 15, "object_tid": 1}, {"end_fid": 45, "subject_tid": 0, "predicate": "walk_front", "begin_fid": 15, "object_tid": 1}, {"end_fid": 45, "subject_tid": 0, "predicate": "walk_left", "begin_fid": 15, "object_tid": 1}, {"end_fid": 45, "subject_tid": 1, "predicate": "stand_next_to", "begin_fid": 15, "object_tid": 0}, {"end_fid": 45, "subject_tid": 1, "predicate": "stand_behind", "begin_fid": 15, "object_tid": 0}, {"end_fid": 45, "subject_tid": 1, "predicate": "stand_right", "begin_fid": 15, "object_tid": 0}, {"end_fid": 45, "subject_tid": 1, "predicate": "taller", "begin_fid": 15, "object_tid": 0}, {"end_fid": 45, "subject_tid": 1, "predicate": "larger", "begin_fid": 15, "object_tid": 0}, {"end_fid": 45, "subject_tid": 1, "predicate": "watch", "begin_fid": 15, "object_tid": 0}, {"end_fid": 60, "subject_tid": 0, "predicate": "next_to", "begin_fid": 30, "object_tid": 1}, {"end_fid": 60, "subject_tid": 0, "predicate": "front", "begin_fid": 30, "object_tid": 1}, {"end_fid": 60, "subject_tid": 0, "predicate": "left", "begin_fid": 30, "object_tid": 1}, {"end_fid": 60, "subject_tid": 1, "predicate": "stand_next_to", "begin_fid": 30, "object_tid": 0}, {"end_fid": 60, "subject_tid": 1, "predicate": "stand_behind", "begin_fid": 30, "object_tid": 0}, {"end_fid": 60, "subject_tid": 1, "predicate": "stand_right", "begin_fid": 30, "object_tid": 0}, {"end_fid": 60, "subject_tid": 1, "predicate": "taller", "begin_fid": 30, "object_tid": 0}, {"end_fid": 60, "subject_tid": 1, "predicate": "larger", "begin_fid": 30, "object_tid": 0}, {"end_fid": 60, "subject_tid": 1, "predicate": "watch", "begin_fid": 30, "object_tid": 0}, {"end_fid": 75, "subject_tid": 0, "predicate": "stand_next_to", "begin_fid": 45, "object_tid": 1}, {"end_fid": 75, "subject_tid": 0, "predicate": "stand_front", "begin_fid": 45, "object_tid": 1}, {"end_fid": 75, "subject_tid": 0, "predicate": "stand_left", "begin_fid": 45, "object_tid": 1}, {"end_fid": 75, "subject_tid": 1, "predicate": "stand_next_to", "begin_fid": 45, "object_tid": 0}, {"end_fid": 75, "subject_tid": 1, "predicate": "stand_behind", "begin_fid": 45, "object_tid": 0}, {"end_fid": 75, "subject_tid": 1, "predicate": "stand_right", "begin_fid": 45, "object_tid": 0}, {"end_fid": 75, "subject_tid": 1, "predicate": "taller", "begin_fid": 45, "object_tid": 0}, {"end_fid": 75, "subject_tid": 1, "predicate": "larger", "begin_fid": 45, "object_tid": 0}, {"end_fid": 75, "subject_tid": 1, "predicate": "watch", "begin_fid": 45, "object_tid": 0}], "height": 720}