{"width": 1280, "frame_count": 360, "video_id": "ILSVRC2015_train_00067002", "fps": 24, "trajectories": [[], [], [], [], [], [], [], [], [], [], [], [], [], [], [], [], [], [], [], [], [], [], [], [], [], [], [], [], [], [], [], [], [], [], [], [], [], [], [], [], [], [], [], [], [], [], [], [], [], [], [], [], [], [], [], [], [], [], [], [], [], [], [], [], [], [], [], [], [], [], [], [], [], [], [], [], [], [], [], [], [], [], [], [], [], [], [], [], [], [], [], [], [], [], [], [], [], [], [], [], [], [], [], [], [], [], [], [], [], [], [], [], [], [], [], [], [], [], [], [], [], [], [], [], [], [], [], [], [], [], [], [], [], [], [], [], [], [], [], [], [], [], [], [], [], [], [], [], [], [], [], [], [], [], [], [], [], [], [], [], [], [], [], [], [], [], [], [], [], [], [], [], [], [], [], [], [], [], [], [], [{"tid": 0, "generated": 0, "bbox": {"xmin": 378, "ymin": 151, "ymax": 696, "xmax": 1073}}, {"tid": 1, "generated": 0, "bbox": {"xmin": 94, "ymin": 90, "ymax": 588, "xmax": 588}}], [{"tid": 0, "generated": 0, "bbox": {"xmin": 378, "ymin": 152, "ymax": 695, "xmax": 1072}}, {"tid": 1, "generated": 0, "bbox": {"xmin": 94, "ymin": 90, "ymax": 606, "xmax": 586}}], [{"tid": 0, "generated": 0, "bbox": {"xmin": 379, "ymin": 154, "ymax": 695, "xmax": 1072}}, {"tid": 1, "generated": 0, "bbox": {"xmin": 99, "ymin": 90, "ymax": 605, "xmax": 586}}], [{"tid": 0, "generated": 0, "bbox": {"xmin": 380, "ymin": 156, "ymax": 695, "xmax": 1072}}, {"tid": 1, "generated": 0, "bbox": {"xmin": 104, "ymin": 90, "ymax": 604, "xmax": 586}}], [{"tid": 0, "generated": 0, "bbox": {"xmin": 387, "ymin": 152, "ymax": 689, "xmax": 1079}}, {"tid": 1, "generated": 0, "bbox": {"xmin": 104, "ymin": 90, "ymax": 600, "xmax": 595}}], [{"tid": 0, "generated": 0, "bbox": {"xmin": 387, "ymin": 151, "ymax": 689, "xmax": 1079}}, {"tid": 1, "generated": 0, "bbox": {"xmin": 104, "ymin": 90, "ymax": 609, "xmax": 597}}], [{"tid": 0, "generated": 0, "bbox": {"xmin": 387, "ymin": 151, "ymax": 690, "xmax": 1079}}, {"tid": 1, "generated": 0, "bbox": {"xmin": 104, "ymin": 90, "ymax": 610, "xmax": 596}}], [{"tid": 0, "generated": 0, "bbox": {"xmin": 387, "ymin": 151, "ymax": 691, "xmax": 1079}}, {"tid": 1, "generated": 0, "bbox": {"xmin": 104, "ymin": 90, "ymax": 611, "xmax": 595}}], [{"tid": 0, "generated": 0, "bbox": {"xmin": 387, "ymin": 151, "ymax": 691, "xmax": 1079}}, {"tid": 1, "generated": 0, "bbox": {"xmin": 104, "ymin": 90, "ymax": 613, "xmax": 595}}], [{"tid": 0, "generated": 0, "bbox": {"xmin": 387, "ymin": 151, "ymax": 692, "xmax": 1079}}, {"tid": 1, "generated": 0, "bbox": {"xmin": 104, "ymin": 90, "ymax": 613, "xmax": 595}}], [{"tid": 0, "generated": 0, "bbox": {"xmin": 387, "ymin": 151, "ymax": 693, "xmax": 1080}}, {"tid": 1, "generated": 0, "bbox": {"xmin": 106, "ymin": 90, "ymax": 613, "xmax": 599}}], [{"tid": 0, "generated": 0, "bbox": {"xmin": 388, "ymin": 148, "ymax": 691, "xmax": 1080}}, {"tid": 1, "generated": 0, "bbox": {"xmin": 106, "ymin": 88, "ymax": 610, "xmax": 598}}], [{"tid": 0, "generated": 0, "bbox": {"xmin": 389, "ymin": 145, "ymax": 690, "xmax": 1080}}, {"tid": 1, "generated": 0, "bbox": {"xmin": 106, "ymin": 86, "ymax": 607, "xmax": 598}}], [{"tid": 0, "generated": 0, "bbox": {"xmin": 390, "ymin": 142, "ymax": 688, "xmax": 1080}}, {"tid": 1, "generated": 0, "bbox": {"xmin": 106, "ymin": 84, "ymax": 605, "xmax": 598}}], [{"tid": 0, "generated": 0, "bbox": {"xmin": 391, "ymin": 139, "ymax": 687, "xmax": 1080}}, {"tid": 1, "generated": 0, "bbox": {"xmin": 106, "ymin": 82, "ymax": 602, "xmax": 597}}], [{"tid": 0, "generated": 0, "bbox": {"xmin": 392, "ymin": 136, "ymax": 686, "xmax": 1080}}, {"tid": 1, "generated": 0, "bbox": {"xmin": 106, "ymin": 80, "ymax": 599, "xmax": 597}}], [{"tid": 0, "generated": 0, "bbox": {"xmin": 393, "ymin": 135, "ymax": 685, "xmax": 1080}}, {"tid": 1, "generated": 0, "bbox": {"xmin": 106, "ymin": 78, "ymax": 597, "xmax": 597}}], [{"tid": 0, "generated": 0, "bbox": {"xmin": 394, "ymin": 135, "ymax": 684, "xmax": 1081}}, {"tid": 1, "generated": 0, "bbox": {"xmin": 106, "ymin": 76, "ymax": 595, "xmax": 600}}], [{"tid": 0, "generated": 0, "bbox": {"xmin": 395, "ymin": 135, "ymax": 683, "xmax": 1082}}, {"tid": 1, "generated": 0, "bbox": {"xmin": 106, "ymin": 75, "ymax": 592, "xmax": 600}}], [{"tid": 0, "generated": 0, "bbox": {"xmin": 396, "ymin": 135, "ymax": 682, "xmax": 1083}}, {"tid": 1, "generated": 0, "bbox": {"xmin": 106, "ymin": 74, "ymax": 590, "xmax": 600}}], [{"tid": 0, "generated": 0, "bbox": {"xmin": 398, "ymin": 135, "ymax": 682, "xmax": 1084}}, {"tid": 1, "generated": 0, "bbox": {"xmin": 106, "ymin": 74, "ymax": 577, "xmax": 602}}], [{"tid": 0, "generated": 0, "bbox": {"xmin": 398, "ymin": 132, "ymax": 679, "xmax": 1084}}, {"tid": 1, "generated": 0, "bbox": {"xmin": 104, "ymin": 72, "ymax": 583, "xmax": 599}}], [{"tid": 0, "generated": 0, "bbox": {"xmin": 398, "ymin": 129, "ymax": 676, "xmax": 1084}}, {"tid": 1, "generated": 0, "bbox": {"xmin": 103, "ymin": 70, "ymax": 582, "xmax": 598}}], [{"tid": 0, "generated": 0, "bbox": {"xmin": 398, "ymin": 127, "ymax": 674, "xmax": 1084}}, {"tid": 1, "generated": 0, "bbox": {"xmin": 103, "ymin": 68, "ymax": 581, "xmax": 598}}], [{"tid": 0, "generated": 0, "bbox": {"xmin": 398, "ymin": 124, "ymax": 671, "xmax": 1084}}, {"tid": 1, "generated": 0, "bbox": {"xmin": 103, "ymin": 67, "ymax": 580, "xmax": 597}}], [{"tid": 0, "generated": 0, "bbox": {"xmin": 398, "ymin": 121, "ymax": 668, "xmax": 1084}}, {"tid": 1, "generated": 0, "bbox": {"xmin": 103, "ymin": 65, "ymax": 579, "xmax": 597}}], [{"tid": 0, "generated": 0, "bbox": {"xmin": 398, "ymin": 119, "ymax": 666, "xmax": 1084}}, {"tid": 1, "generated": 0, "bbox": {"xmin": 103, "ymin": 64, "ymax": 579, "xmax": 597}}], [{"tid": 0, "generated": 0, "bbox": {"xmin": 398, "ymin": 115, "ymax": 661, "xmax": 1084}}, {"tid": 1, "generated": 0, "bbox": {"xmin": 103, "ymin": 62, "ymax": 579, "xmax": 595}}], [{"tid": 0, "generated": 0, "bbox": {"xmin": 398, "ymin": 113, "ymax": 665, "xmax": 1085}}, {"tid": 1, "generated": 0, "bbox": {"xmin": 103, "ymin": 60, "ymax": 575, "xmax": 596}}], [{"tid": 0, "generated": 0, "bbox": {"xmin": 398, "ymin": 111, "ymax": 670, "xmax": 1086}}, {"tid": 1, "generated": 0, "bbox": {"xmin": 103, "ymin": 58, "ymax": 571, "xmax": 597}}], [], [], [], [], [], [], [], [], [], [], [], [], [], [], [], [], [], [], [], [], [], [], [], [], [], [], [], [], [], [], [], [], [], [], [], [], [], [], [], [], [], [], [], [], [], [], [], [], [], [], [], [], [], [], [], [], [], [], [], [], [], [], [], [], [], [], [], [], [], [], [], [], [], [], [], [], [], [], [], [], [], [], [], [], [], [], [], [], [], [], [], [], [], [], [], [], [], [], [], [], [], [], [], [], [], [], [], [], [], [], [], [], [], [], [], [], [], [], [], [], [{"tid": 0, "generated": 0, "bbox": {"xmin": 410, "ymin": 101, "ymax": 664, "xmax": 1114}}, {"tid": 1, "generated": 0, "bbox": {"xmin": 104, "ymin": 44, "ymax": 549, "xmax": 615}}], [{"tid": 0, "generated": 0, "bbox": {"xmin": 414, "ymin": 101, "ymax": 650, "xmax": 1114}}, {"tid": 1, "generated": 0, "bbox": {"xmin": 117, "ymin": 38, "ymax": 545, "xmax": 616}}], [{"tid": 0, "generated": 0, "bbox": {"xmin": 417, "ymin": 104, "ymax": 647, "xmax": 1116}}, {"tid": 1, "generated": 0, "bbox": {"xmin": 131, "ymin": 33, "ymax": 542, "xmax": 618}}], [{"tid": 0, "generated": 0, "bbox": {"xmin": 421, "ymin": 94, "ymax": 632, "xmax": 1116}}, {"tid": 1, "generated": 0, "bbox": {"xmin": 145, "ymin": 28, "ymax": 540, "xmax": 622}}], [{"tid": 0, "generated": 0, "bbox": {"xmin": 428, "ymin": 85, "ymax": 629, "xmax": 1120}}, {"tid": 1, "generated": 0, "bbox": {"xmin": 144, "ymin": 23, "ymax": 536, "xmax": 625}}], [{"tid": 0, "generated": 0, "bbox": {"xmin": 433, "ymin": 76, "ymax": 624, "xmax": 1121}}, {"tid": 1, "generated": 0, "bbox": {"xmin": 142, "ymin": 19, "ymax": 536, "xmax": 629}}], [{"tid": 0, "generated": 0, "bbox": {"xmin": 435, "ymin": 72, "ymax": 622, "xmax": 1126}}, {"tid": 1, "generated": 0, "bbox": {"xmin": 142, "ymin": 16, "ymax": 534, "xmax": 633}}], [{"tid": 0, "generated": 0, "bbox": {"xmin": 438, "ymin": 69, "ymax": 621, "xmax": 1131}}, {"tid": 1, "generated": 0, "bbox": {"xmin": 143, "ymin": 13, "ymax": 533, "xmax": 637}}], [{"tid": 0, "generated": 0, "bbox": {"xmin": 440, "ymin": 66, "ymax": 620, "xmax": 1137}}, {"tid": 1, "generated": 0, "bbox": {"xmin": 143, "ymin": 10, "ymax": 531, "xmax": 641}}], [{"tid": 0, "generated": 0, "bbox": {"xmin": 443, "ymin": 63, "ymax": 619, "xmax": 1142}}, {"tid": 1, "generated": 0, "bbox": {"xmin": 144, "ymin": 7, "ymax": 530, "xmax": 645}}], [{"tid": 0, "generated": 0, "bbox": {"xmin": 446, "ymin": 60, "ymax": 618, "xmax": 1148}}, {"tid": 1, "generated": 0, "bbox": {"xmin": 145, "ymin": 5, "ymax": 529, "xmax": 650}}], [{"tid": 0, "generated": 0, "bbox": {"xmin": 451, "ymin": 57, "ymax": 613, "xmax": 1150}}, {"tid": 1, "generated": 0, "bbox": {"xmin": 147, "ymin": 4, "ymax": 526, "xmax": 655}}], [{"tid": 0, "generated": 0, "bbox": {"xmin": 456, "ymin": 55, "ymax": 609, "xmax": 1153}}, {"tid": 1, "generated": 0, "bbox": {"xmin": 149, "ymin": 3, "ymax": 523, "xmax": 660}}], [{"tid": 0, "generated": 0, "bbox": {"xmin": 465, "ymin": 51, "ymax": 599, "xmax": 1155}}, {"tid": 1, "generated": 0, "bbox": {"xmin": 151, "ymin": 3, "ymax": 520, "xmax": 666}}], [{"tid": 0, "generated": 0, "bbox": {"xmin": 466, "ymin": 49, "ymax": 598, "xmax": 1158}}, {"tid": 1, "generated": 0, "bbox": {"xmin": 153, "ymin": 2, "ymax": 517, "xmax": 667}}], [{"tid": 0, "generated": 0, "bbox": {"xmin": 467, "ymin": 47, "ymax": 598, "xmax": 1162}}, {"tid": 1, "generated": 0, "bbox": {"xmin": 156, "ymin": 2, "ymax": 514, "xmax": 669}}], [{"tid": 0, "generated": 0, "bbox": {"xmin": 468, "ymin": 45, "ymax": 598, "xmax": 1166}}, {"tid": 1, "generated": 0, "bbox": {"xmin": 159, "ymin": 2, "ymax": 512, "xmax": 671}}], [{"tid": 0, "generated": 0, "bbox": {"xmin": 470, "ymin": 43, "ymax": 597, "xmax": 1170}}, {"tid": 1, "generated": 0, "bbox": {"xmin": 162, "ymin": 1, "ymax": 509, "xmax": 673}}], [{"tid": 0, "generated": 0, "bbox": {"xmin": 471, "ymin": 41, "ymax": 597, "xmax": 1174}}, {"tid": 1, "generated": 0, "bbox": {"xmin": 165, "ymin": 1, "ymax": 506, "xmax": 675}}], [{"tid": 0, "generated": 0, "bbox": {"xmin": 472, "ymin": 39, "ymax": 597, "xmax": 1178}}, {"tid": 1, "generated": 0, "bbox": {"xmin": 168, "ymin": 1, "ymax": 504, "xmax": 677}}], [{"tid": 0, "generated": 0, "bbox": {"xmin": 474, "ymin": 37, "ymax": 597, "xmax": 1182}}, {"tid": 1, "generated": 0, "bbox": {"xmin": 167, "ymin": 1, "ymax": 504, "xmax": 680}}], [{"tid": 0, "generated": 0, "bbox": {"xmin": 480, "ymin": 37, "ymax": 590, "xmax": 1180}}, {"tid": 1, "generated": 0, "bbox": {"xmin": 170, "ymin": 1, "ymax": 503, "xmax": 679}}], [{"tid": 0, "generated": 0, "bbox": {"xmin": 480, "ymin": 36, "ymax": 588, "xmax": 1179}}, {"tid": 1, "generated": 0, "bbox": {"xmin": 172, "ymin": 1, "ymax": 503, "xmax": 679}}], [{"tid": 0, "generated": 0, "bbox": {"xmin": 480, "ymin": 35, "ymax": 586, "xmax": 1178}}, {"tid": 1, "generated": 0, "bbox": {"xmin": 174, "ymin": 1, "ymax": 503, "xmax": 679}}], [{"tid": 0, "generated": 0, "bbox": {"xmin": 485, "ymin": 32, "ymax": 588, "xmax": 1178}}, {"tid": 1, "generated": 0, "bbox": {"xmin": 172, "ymin": 1, "ymax": 504, "xmax": 679}}], [{"tid": 0, "generated": 0, "bbox": {"xmin": 483, "ymin": 33, "ymax": 588, "xmax": 1189}}, {"tid": 1, "generated": 0, "bbox": {"xmin": 171, "ymin": 1, "ymax": 506, "xmax": 679}}], [{"tid": 0, "generated": 0, "bbox": {"xmin": 483, "ymin": 36, "ymax": 592, "xmax": 1189}}, {"tid": 1, "generated": 0, "bbox": {"xmin": 169, "ymin": 1, "ymax": 507, "xmax": 679}}], [{"tid": 0, "generated": 0, "bbox": {"xmin": 483, "ymin": 39, "ymax": 596, "xmax": 1190}}, {"tid": 1, "generated": 0, "bbox": {"xmin": 168, "ymin": 1, "ymax": 509, "xmax": 679}}], [{"tid": 0, "generated": 0, "bbox": {"xmin": 483, "ymin": 42, "ymax": 600, "xmax": 1191}}, {"tid": 1, "generated": 0, "bbox": {"xmin": 166, "ymin": 1, "ymax": 510, "xmax": 679}}], [{"tid": 0, "generated": 0, "bbox": {"xmin": 483, "ymin": 46, "ymax": 604, "xmax": 1192}}, {"tid": 1, "generated": 0, "bbox": {"xmin": 165, "ymin": 1, "ymax": 512, "xmax": 679}}]], "subject/objects": [{"category": "hamster", "tid": 0}, {"category": "hamster", "tid": 1}], "relation_instances": [{"end_fid": 210, "subject_tid": 0, "predicate": "sit_right", "begin_fid": 180, "object_tid": 1}, {"end_fid": 210, "subject_tid": 0, "predicate": "sit_next_to", "begin_fid": 180, "object_tid": 1}, {"end_fid": 210, "subject_tid": 0, "predicate": "sit_front", "begin_fid": 180, "object_tid": 1}, {"end_fid": 210, "subject_tid": 1, "predicate": "sit_next_to", "begin_fid": 180, "object_tid": 0}, {"end_fid": 210, "subject_tid": 1, "predicate": "sit_behind", "begin_fid": 180, "object_tid": 0}, {"end_fid": 210, "subject_tid": 1, "predicate": "sit_left", "begin_fid": 180, "object_tid": 0}, {"end_fid": 360, "subject_tid": 0, "predicate": "sit_right", "begin_fid": 330, "object_tid": 1}, {"end_fid": 360, "subject_tid": 0, "predicate": "sit_next_to", "begin_fid": 330, "object_tid": 1}, {"end_fid": 360, "subject_tid": 0, "predicate": "sit_front", "begin_fid": 330, "object_tid": 1}, {"end_fid": 360, "subject_tid": 1, "predicate": "sit_next_to", "begin_fid": 330, "object_tid": 0}, {"end_fid": 360, "subject_tid": 1, "predicate": "sit_behind", "begin_fid": 330, "object_tid": 0}, {"end_fid": 360, "subject_tid": 1, "predicate": "sit_left", "begin_fid": 330, "object_tid": 0}], "height": 720}