{"width": 1280, "frame_count": 400, "video_id": "ILSVRC2015_train_00529001", "fps": 25, "trajectories": [[], [], [], [], [], [], [], [], [], [], [], [], [], [], [], [], [], [], [], [], [], [], [], [], [], [], [], [], [], [], [], [], [], [], [], [], [], [], [], [], [], [], [], [], [], [], [], [], [], [], [], [], [], [], [], [], [], [], [], [], [], [], [], [], [], [], [], [], [], [], [], [], [], [], [], [], [], [], [], [], [], [], [], [], [], [], [], [], [], [], [], [], [], [], [], [], [], [], [], [], [], [], [], [], [], [], [], [], [], [], [], [], [], [], [], [], [], [], [], [], [], [], [], [], [], [], [], [], [], [], [], [], [], [], [], [], [], [], [], [], [], [], [], [], [], [], [], [], [], [], [], [], [], [], [], [], [], [], [], [], [], [], [], [], [], [], [], [], [], [], [], [], [], [], [], [], [], [], [], [], [], [], [], [], [], [], [], [], [], [], [], [], [], [], [], [], [], [], [], [], [], [], [], [], [], [], [], [], [], [], [], [], [], [], [], [], [], [], [], [], [], [], [], [], [], [], [], [], [], [], [], [], [], [], [], [], [], [], [], [], [], [], [], [], [], [], [], [], [], [], [], [], [], [], [], [], [], [], [], [], [], [], [], [], [], [], [], [], [], [], [], [], [], [], [], [], [], [], [], [], [], [], [], [], [], [], [], [], [], [], [], [], [], [], [], [], [], [], [], [], [], [], [], [], [], [], [], [], [], [], [], [], [], [], [], [], [], [], [], [], [], [], [], [], [], [], [], [], [], [], [], [], [], [], [], [], [], [], [], [], [], [], [], [], [], [], [], [], [], [], [], [], [], [], [], [], [], [], [], [], [{"tid": 1, "generated": 0, "bbox": {"xmin": 567, "ymin": 334, "ymax": 508, "xmax": 844}}, {"tid": 2, "generated": 0, "bbox": {"xmin": 443, "ymin": 486, "ymax": 717, "xmax": 957}}], [{"tid": 1, "generated": 0, "bbox": {"xmin": 554, "ymin": 320, "ymax": 494, "xmax": 833}}, {"tid": 2, "generated": 0, "bbox": {"xmin": 430, "ymin": 476, "ymax": 716, "xmax": 952}}], [{"tid": 1, "generated": 0, "bbox": {"xmin": 542, "ymin": 306, "ymax": 480, "xmax": 823}}, {"tid": 2, "generated": 0, "bbox": {"xmin": 428, "ymin": 462, "ymax": 716, "xmax": 960}}], [{"tid": 1, "generated": 0, "bbox": {"xmin": 529, "ymin": 292, "ymax": 466, "xmax": 813}}, {"tid": 2, "generated": 0, "bbox": {"xmin": 411, "ymin": 446, "ymax": 715, "xmax": 945}}], [{"tid": 1, "generated": 0, "bbox": {"xmin": 517, "ymin": 278, "ymax": 452, "xmax": 802}}, {"tid": 2, "generated": 0, "bbox": {"xmin": 395, "ymin": 430, "ymax": 715, "xmax": 931}}], [{"tid": 1, "generated": 0, "bbox": {"xmin": 504, "ymin": 264, "ymax": 438, "xmax": 792}}, {"tid": 2, "generated": 0, "bbox": {"xmin": 378, "ymin": 415, "ymax": 714, "xmax": 916}}], [{"tid": 1, "generated": 0, "bbox": {"xmin": 492, "ymin": 250, "ymax": 424, "xmax": 782}}, {"tid": 2, "generated": 0, "bbox": {"xmin": 362, "ymin": 399, "ymax": 714, "xmax": 902}}], [{"tid": 1, "generated": 0, "bbox": {"xmin": 479, "ymin": 236, "ymax": 410, "xmax": 771}}, {"tid": 2, "generated": 0, "bbox": {"xmin": 346, "ymin": 384, "ymax": 714, "xmax": 888}}], [{"tid": 1, "generated": 0, "bbox": {"xmin": 467, "ymin": 222, "ymax": 396, "xmax": 761}}, {"tid": 2, "generated": 0, "bbox": {"xmin": 330, "ymin": 368, "ymax": 695, "xmax": 876}}], [{"tid": 1, "generated": 0, "bbox": {"xmin": 454, "ymin": 208, "ymax": 382, "xmax": 751}}, {"tid": 2, "generated": 0, "bbox": {"xmin": 314, "ymin": 353, "ymax": 677, "xmax": 864}}], [{"tid": 1, "generated": 0, "bbox": {"xmin": 442, "ymin": 195, "ymax": 368, "xmax": 741}}, {"tid": 2, "generated": 0, "bbox": {"xmin": 304, "ymin": 338, "ymax": 648, "xmax": 856}}], [{"tid": 1, "generated": 0, "bbox": {"xmin": 432, "ymin": 176, "ymax": 350, "xmax": 730}}, {"tid": 2, "generated": 0, "bbox": {"xmin": 295, "ymin": 323, "ymax": 620, "xmax": 849}}], [{"tid": 1, "generated": 0, "bbox": {"xmin": 422, "ymin": 158, "ymax": 333, "xmax": 720}}, {"tid": 2, "generated": 0, "bbox": {"xmin": 325, "ymin": 304, "ymax": 590, "xmax": 842}}], [{"tid": 1, "generated": 0, "bbox": {"xmin": 412, "ymin": 140, "ymax": 315, "xmax": 709}}, {"tid": 2, "generated": 0, "bbox": {"xmin": 310, "ymin": 287, "ymax": 575, "xmax": 830}}], [{"tid": 1, "generated": 0, "bbox": {"xmin": 402, "ymin": 121, "ymax": 298, "xmax": 699}}, {"tid": 2, "generated": 0, "bbox": {"xmin": 295, "ymin": 270, "ymax": 560, "xmax": 819}}], [{"tid": 1, "generated": 0, "bbox": {"xmin": 392, "ymin": 103, "ymax": 280, "xmax": 688}}, {"tid": 2, "generated": 0, "bbox": {"xmin": 280, "ymin": 253, "ymax": 545, "xmax": 808}}], [{"tid": 1, "generated": 0, "bbox": {"xmin": 382, "ymin": 85, "ymax": 263, "xmax": 678}}, {"tid": 2, "generated": 0, "bbox": {"xmin": 266, "ymin": 236, "ymax": 530, "xmax": 797}}], [{"tid": 1, "generated": 0, "bbox": {"xmin": 372, "ymin": 66, "ymax": 245, "xmax": 667}}, {"tid": 2, "generated": 0, "bbox": {"xmin": 251, "ymin": 219, "ymax": 515, "xmax": 786}}], [{"tid": 1, "generated": 0, "bbox": {"xmin": 362, "ymin": 48, "ymax": 228, "xmax": 657}}, {"tid": 2, "generated": 0, "bbox": {"xmin": 236, "ymin": 202, "ymax": 500, "xmax": 775}}], [{"tid": 1, "generated": 0, "bbox": {"xmin": 352, "ymin": 30, "ymax": 210, "xmax": 646}}, {"tid": 2, "generated": 0, "bbox": {"xmin": 222, "ymin": 186, "ymax": 485, "xmax": 764}}], [{"tid": 1, "generated": 0, "bbox": {"xmin": 343, "ymin": 12, "ymax": 193, "xmax": 636}}, {"tid": 2, "generated": 0, "bbox": {"xmin": 223, "ymin": 176, "ymax": 478, "xmax": 754}}], [{"tid": 1, "generated": 0, "bbox": {"xmin": 332, "ymin": 10, "ymax": 188, "xmax": 627}}, {"tid": 2, "generated": 0, "bbox": {"xmin": 225, "ymin": 167, "ymax": 471, "xmax": 744}}], [{"tid": 1, "generated": 0, "bbox": {"xmin": 322, "ymin": 9, "ymax": 184, "xmax": 618}}, {"tid": 2, "generated": 0, "bbox": {"xmin": 227, "ymin": 158, "ymax": 465, "xmax": 734}}], [{"tid": 1, "generated": 0, "bbox": {"xmin": 312, "ymin": 8, "ymax": 180, "xmax": 609}}, {"tid": 2, "generated": 0, "bbox": {"xmin": 211, "ymin": 153, "ymax": 460, "xmax": 724}}], [{"tid": 1, "generated": 0, "bbox": {"xmin": 302, "ymin": 7, "ymax": 176, "xmax": 600}}, {"tid": 2, "generated": 0, "bbox": {"xmin": 195, "ymin": 148, "ymax": 455, "xmax": 714}}], [{"tid": 1, "generated": 0, "bbox": {"xmin": 292, "ymin": 6, "ymax": 172, "xmax": 591}}, {"tid": 2, "generated": 0, "bbox": {"xmin": 179, "ymin": 144, "ymax": 450, "xmax": 704}}], [{"tid": 1, "generated": 0, "bbox": {"xmin": 281, "ymin": 4, "ymax": 168, "xmax": 582}}, {"tid": 2, "generated": 0, "bbox": {"xmin": 164, "ymin": 139, "ymax": 446, "xmax": 695}}], [{"tid": 1, "generated": 0, "bbox": {"xmin": 271, "ymin": 3, "ymax": 164, "xmax": 573}}, {"tid": 2, "generated": 0, "bbox": {"xmin": 148, "ymin": 135, "ymax": 441, "xmax": 685}}], [{"tid": 1, "generated": 0, "bbox": {"xmin": 261, "ymin": 2, "ymax": 160, "xmax": 564}}, {"tid": 2, "generated": 0, "bbox": {"xmin": 132, "ymin": 130, "ymax": 436, "xmax": 675}}], [{"tid": 1, "generated": 0, "bbox": {"xmin": 251, "ymin": 1, "ymax": 156, "xmax": 555}}, {"tid": 2, "generated": 0, "bbox": {"xmin": 117, "ymin": 126, "ymax": 432, "xmax": 666}}]], "subject/objects": [{"category": "turtle", "tid": 1}, {"category": "turtle", "tid": 2}], "relation_instances": [{"end_fid": 390, "subject_tid": 1, "predicate": "lie_behind", "begin_fid": 360, "object_tid": 2}, {"end_fid": 390, "subject_tid": 2, "predicate": "lie_front", "begin_fid": 360, "object_tid": 1}], "height": 720}