{"width": 1280, "frame_count": 70, "video_id": "ILSVRC2015_train_01117000", "fps": 23, "trajectories": [[{"tid": 0, "generated": 0, "bbox": {"xmin": 648, "ymin": 222, "ymax": 704, "xmax": 817}}, {"tid": 1, "generated": 0, "bbox": {"xmin": 786, "ymin": 272, "ymax": 710, "xmax": 1005}}], [{"tid": 0, "generated": 0, "bbox": {"xmin": 640, "ymin": 222, "ymax": 705, "xmax": 814}}, {"tid": 1, "generated": 0, "bbox": {"xmin": 786, "ymin": 272, "ymax": 710, "xmax": 1005}}], [{"tid": 0, "generated": 0, "bbox": {"xmin": 640, "ymin": 222, "ymax": 709, "xmax": 814}}, {"tid": 1, "generated": 0, "bbox": {"xmin": 786, "ymin": 272, "ymax": 710, "xmax": 1005}}], [{"tid": 0, "generated": 0, "bbox": {"xmin": 640, "ymin": 216, "ymax": 709, "xmax": 812}}, {"tid": 1, "generated": 0, "bbox": {"xmin": 786, "ymin": 272, "ymax": 710, "xmax": 1005}}], [{"tid": 0, "generated": 0, "bbox": {"xmin": 640, "ymin": 216, "ymax": 707, "xmax": 814}}, {"tid": 1, "generated": 0, "bbox": {"xmin": 786, "ymin": 272, "ymax": 710, "xmax": 1005}}], [{"tid": 0, "generated": 0, "bbox": {"xmin": 640, "ymin": 213, "ymax": 711, "xmax": 810}}, {"tid": 1, "generated": 0, "bbox": {"xmin": 786, "ymin": 272, "ymax": 710, "xmax": 1005}}], [{"tid": 0, "generated": 0, "bbox": {"xmin": 640, "ymin": 215, "ymax": 709, "xmax": 817}}, {"tid": 1, "generated": 0, "bbox": {"xmin": 786, "ymin": 272, "ymax": 710, "xmax": 1005}}], [{"tid": 0, "generated": 0, "bbox": {"xmin": 640, "ymin": 216, "ymax": 707, "xmax": 819}}, {"tid": 1, "generated": 0, "bbox": {"xmin": 786, "ymin": 272, "ymax": 710, "xmax": 1005}}], [{"tid": 0, "generated": 0, "bbox": {"xmin": 640, "ymin": 218, "ymax": 712, "xmax": 816}}, {"tid": 1, "generated": 0, "bbox": {"xmin": 786, "ymin": 272, "ymax": 710, "xmax": 1005}}], [{"tid": 0, "generated": 0, "bbox": {"xmin": 640, "ymin": 220, "ymax": 711, "xmax": 817}}, {"tid": 1, "generated": 0, "bbox": {"xmin": 786, "ymin": 272, "ymax": 710, "xmax": 1005}}], [{"tid": 0, "generated": 0, "bbox": {"xmin": 641, "ymin": 222, "ymax": 711, "xmax": 816}}, {"tid": 1, "generated": 0, "bbox": {"xmin": 786, "ymin": 272, "ymax": 710, "xmax": 1005}}], [{"tid": 0, "generated": 0, "bbox": {"xmin": 638, "ymin": 216, "ymax": 709, "xmax": 817}}, {"tid": 1, "generated": 0, "bbox": {"xmin": 786, "ymin": 272, "ymax": 710, "xmax": 1005}}], [{"tid": 0, "generated": 0, "bbox": {"xmin": 634, "ymin": 216, "ymax": 714, "xmax": 814}}, {"tid": 1, "generated": 0, "bbox": {"xmin": 786, "ymin": 272, "ymax": 710, "xmax": 1005}}], [{"tid": 0, "generated": 0, "bbox": {"xmin": 634, "ymin": 216, "ymax": 709, "xmax": 817}}, {"tid": 1, "generated": 0, "bbox": {"xmin": 786, "ymin": 272, "ymax": 710, "xmax": 1005}}], [{"tid": 0, "generated": 0, "bbox": {"xmin": 638, "ymin": 216, "ymax": 707, "xmax": 817}}, {"tid": 1, "generated": 0, "bbox": {"xmin": 786, "ymin": 272, "ymax": 710, "xmax": 1005}}], [{"tid": 0, "generated": 0, "bbox": {"xmin": 629, "ymin": 216, "ymax": 704, "xmax": 816}}, {"tid": 1, "generated": 0, "bbox": {"xmin": 786, "ymin": 272, "ymax": 710, "xmax": 1005}}], [{"tid": 0, "generated": 0, "bbox": {"xmin": 622, "ymin": 216, "ymax": 712, "xmax": 817}}, {"tid": 1, "generated": 0, "bbox": {"xmin": 786, "ymin": 272, "ymax": 710, "xmax": 1005}}], [{"tid": 0, "generated": 0, "bbox": {"xmin": 620, "ymin": 216, "ymax": 707, "xmax": 821}}, {"tid": 1, "generated": 0, "bbox": {"xmin": 786, "ymin": 272, "ymax": 710, "xmax": 1005}}], [{"tid": 0, "generated": 0, "bbox": {"xmin": 618, "ymin": 218, "ymax": 712, "xmax": 819}}, {"tid": 1, "generated": 0, "bbox": {"xmin": 786, "ymin": 272, "ymax": 710, "xmax": 1005}}], [{"tid": 0, "generated": 0, "bbox": {"xmin": 622, "ymin": 220, "ymax": 707, "xmax": 819}}, {"tid": 1, "generated": 0, "bbox": {"xmin": 786, "ymin": 272, "ymax": 710, "xmax": 1005}}], [{"tid": 0, "generated": 0, "bbox": {"xmin": 618, "ymin": 222, "ymax": 707, "xmax": 817}}, {"tid": 1, "generated": 0, "bbox": {"xmin": 786, "ymin": 272, "ymax": 710, "xmax": 1005}}], [{"tid": 0, "generated": 0, "bbox": {"xmin": 615, "ymin": 220, "ymax": 704, "xmax": 816}}, {"tid": 1, "generated": 0, "bbox": {"xmin": 786, "ymin": 272, "ymax": 710, "xmax": 1005}}], [{"tid": 0, "generated": 0, "bbox": {"xmin": 618, "ymin": 218, "ymax": 709, "xmax": 814}}, {"tid": 1, "generated": 0, "bbox": {"xmin": 786, "ymin": 272, "ymax": 710, "xmax": 1005}}], [{"tid": 0, "generated": 0, "bbox": {"xmin": 622, "ymin": 216, "ymax": 705, "xmax": 817}}, {"tid": 1, "generated": 0, "bbox": {"xmin": 786, "ymin": 272, "ymax": 710, "xmax": 1005}}], [{"tid": 0, "generated": 0, "bbox": {"xmin": 625, "ymin": 215, "ymax": 702, "xmax": 824}}, {"tid": 1, "generated": 0, "bbox": {"xmin": 786, "ymin": 272, "ymax": 710, "xmax": 1005}}], [{"tid": 0, "generated": 0, "bbox": {"xmin": 629, "ymin": 213, "ymax": 698, "xmax": 826}}, {"tid": 1, "generated": 0, "bbox": {"xmin": 786, "ymin": 272, "ymax": 710, "xmax": 1005}}], [{"tid": 0, "generated": 0, "bbox": {"xmin": 632, "ymin": 213, "ymax": 707, "xmax": 823}}, {"tid": 1, "generated": 0, "bbox": {"xmin": 786, "ymin": 272, "ymax": 710, "xmax": 1005}}], [{"tid": 0, "generated": 0, "bbox": {"xmin": 636, "ymin": 213, "ymax": 705, "xmax": 826}}, {"tid": 1, "generated": 0, "bbox": {"xmin": 786, "ymin": 272, "ymax": 710, "xmax": 1005}}], [{"tid": 0, "generated": 0, "bbox": {"xmin": 640, "ymin": 213, "ymax": 704, "xmax": 828}}, {"tid": 1, "generated": 0, "bbox": {"xmin": 786, "ymin": 272, "ymax": 710, "xmax": 1005}}], [{"tid": 0, "generated": 0, "bbox": {"xmin": 643, "ymin": 213, "ymax": 700, "xmax": 823}}, {"tid": 1, "generated": 0, "bbox": {"xmin": 786, "ymin": 272, "ymax": 710, "xmax": 1005}}], [{"tid": 0, "generated": 0, "bbox": {"xmin": 647, "ymin": 213, "ymax": 702, "xmax": 830}}, {"tid": 1, "generated": 0, "bbox": {"xmin": 786, "ymin": 272, "ymax": 710, "xmax": 1005}}], [{"tid": 0, "generated": 0, "bbox": {"xmin": 645, "ymin": 209, "ymax": 700, "xmax": 828}}, {"tid": 1, "generated": 0, "bbox": {"xmin": 786, "ymin": 272, "ymax": 710, "xmax": 999}}], [{"tid": 0, "generated": 0, "bbox": {"xmin": 645, "ymin": 208, "ymax": 695, "xmax": 826}}, {"tid": 1, "generated": 0, "bbox": {"xmin": 786, "ymin": 272, "ymax": 710, "xmax": 993}}], [{"tid": 0, "generated": 0, "bbox": {"xmin": 645, "ymin": 206, "ymax": 696, "xmax": 824}}, {"tid": 1, "generated": 0, "bbox": {"xmin": 786, "ymin": 272, "ymax": 710, "xmax": 987}}], [{"tid": 0, "generated": 0, "bbox": {"xmin": 650, "ymin": 204, "ymax": 693, "xmax": 824}}, {"tid": 1, "generated": 0, "bbox": {"xmin": 786, "ymin": 272, "ymax": 710, "xmax": 981}}], [{"tid": 0, "generated": 0, "bbox": {"xmin": 648, "ymin": 202, "ymax": 695, "xmax": 823}}, {"tid": 1, "generated": 0, "bbox": {"xmin": 786, "ymin": 272, "ymax": 710, "xmax": 975}}], [{"tid": 0, "generated": 0, "bbox": {"xmin": 647, "ymin": 200, "ymax": 691, "xmax": 826}}, {"tid": 1, "generated": 0, "bbox": {"xmin": 786, "ymin": 272, "ymax": 710, "xmax": 975}}], [{"tid": 0, "generated": 0, "bbox": {"xmin": 645, "ymin": 199, "ymax": 691, "xmax": 824}}, {"tid": 1, "generated": 0, "bbox": {"xmin": 786, "ymin": 272, "ymax": 710, "xmax": 975}}], [{"tid": 0, "generated": 0, "bbox": {"xmin": 645, "ymin": 197, "ymax": 691, "xmax": 824}}, {"tid": 1, "generated": 0, "bbox": {"xmin": 786, "ymin": 272, "ymax": 710, "xmax": 975}}], [{"tid": 0, "generated": 0, "bbox": {"xmin": 647, "ymin": 195, "ymax": 688, "xmax": 828}}, {"tid": 1, "generated": 0, "bbox": {"xmin": 786, "ymin": 272, "ymax": 710, "xmax": 975}}], [{"tid": 0, "generated": 0, "bbox": {"xmin": 645, "ymin": 193, "ymax": 686, "xmax": 830}}, {"tid": 1, "generated": 0, "bbox": {"xmin": 786, "ymin": 272, "ymax": 710, "xmax": 975}}], [{"tid": 0, "generated": 0, "bbox": {"xmin": 645, "ymin": 192, "ymax": 682, "xmax": 832}}, {"tid": 1, "generated": 0, "bbox": {"xmin": 786, "ymin": 265, "ymax": 710, "xmax": 975}}], [{"tid": 0, "generated": 0, "bbox": {"xmin": 645, "ymin": 190, "ymax": 684, "xmax": 828}}, {"tid": 1, "generated": 0, "bbox": {"xmin": 786, "ymin": 258, "ymax": 710, "xmax": 975}}], [{"tid": 0, "generated": 0, "bbox": {"xmin": 647, "ymin": 188, "ymax": 680, "xmax": 833}}, {"tid": 1, "generated": 0, "bbox": {"xmin": 786, "ymin": 250, "ymax": 710, "xmax": 975}}], [{"tid": 0, "generated": 0, "bbox": {"xmin": 648, "ymin": 188, "ymax": 679, "xmax": 830}}, {"tid": 1, "generated": 0, "bbox": {"xmin": 786, "ymin": 243, "ymax": 710, "xmax": 975}}], [{"tid": 0, "generated": 0, "bbox": {"xmin": 650, "ymin": 188, "ymax": 675, "xmax": 830}}, {"tid": 1, "generated": 0, "bbox": {"xmin": 786, "ymin": 236, "ymax": 710, "xmax": 975}}], [{"tid": 0, "generated": 0, "bbox": {"xmin": 652, "ymin": 188, "ymax": 673, "xmax": 826}}, {"tid": 1, "generated": 0, "bbox": {"xmin": 786, "ymin": 236, "ymax": 705, "xmax": 975}}], [{"tid": 0, "generated": 0, "bbox": {"xmin": 654, "ymin": 188, "ymax": 677, "xmax": 830}}, {"tid": 1, "generated": 0, "bbox": {"xmin": 786, "ymin": 236, "ymax": 699, "xmax": 975}}], [{"tid": 0, "generated": 0, "bbox": {"xmin": 656, "ymin": 188, "ymax": 675, "xmax": 832}}, {"tid": 1, "generated": 0, "bbox": {"xmin": 786, "ymin": 236, "ymax": 694, "xmax": 975}}], [{"tid": 0, "generated": 0, "bbox": {"xmin": 657, "ymin": 188, "ymax": 673, "xmax": 830}}, {"tid": 1, "generated": 0, "bbox": {"xmin": 786, "ymin": 236, "ymax": 688, "xmax": 975}}], [{"tid": 0, "generated": 0, "bbox": {"xmin": 659, "ymin": 188, "ymax": 675, "xmax": 828}}, {"tid": 1, "generated": 0, "bbox": {"xmin": 786, "ymin": 236, "ymax": 683, "xmax": 975}}], [{"tid": 0, "generated": 0, "bbox": {"xmin": 657, "ymin": 184, "ymax": 673, "xmax": 824}}, {"tid": 1, "generated": 0, "bbox": {"xmin": 785, "ymin": 234, "ymax": 681, "xmax": 974}}], [{"tid": 0, "generated": 0, "bbox": {"xmin": 657, "ymin": 181, "ymax": 670, "xmax": 828}}, {"tid": 1, "generated": 0, "bbox": {"xmin": 785, "ymin": 232, "ymax": 679, "xmax": 974}}], [{"tid": 0, "generated": 0, "bbox": {"xmin": 657, "ymin": 177, "ymax": 666, "xmax": 832}}, {"tid": 1, "generated": 0, "bbox": {"xmin": 784, "ymin": 231, "ymax": 678, "xmax": 973}}], [{"tid": 0, "generated": 0, "bbox": {"xmin": 657, "ymin": 174, "ymax": 668, "xmax": 830}}, {"tid": 1, "generated": 0, "bbox": {"xmin": 784, "ymin": 229, "ymax": 676, "xmax": 973}}], [{"tid": 0, "generated": 0, "bbox": {"xmin": 657, "ymin": 170, "ymax": 663, "xmax": 832}}, {"tid": 1, "generated": 0, "bbox": {"xmin": 783, "ymin": 227, "ymax": 674, "xmax": 972}}], [{"tid": 0, "generated": 0, "bbox": {"xmin": 657, "ymin": 167, "ymax": 661, "xmax": 830}}, {"tid": 1, "generated": 0, "bbox": {"xmin": 783, "ymin": 227, "ymax": 674, "xmax": 972}}], [{"tid": 0, "generated": 0, "bbox": {"xmin": 657, "ymin": 163, "ymax": 659, "xmax": 832}}, {"tid": 1, "generated": 0, "bbox": {"xmin": 783, "ymin": 227, "ymax": 674, "xmax": 972}}], [{"tid": 0, "generated": 0, "bbox": {"xmin": 657, "ymin": 163, "ymax": 659, "xmax": 830}}, {"tid": 1, "generated": 0, "bbox": {"xmin": 783, "ymin": 227, "ymax": 674, "xmax": 972}}], [{"tid": 0, "generated": 0, "bbox": {"xmin": 657, "ymin": 158, "ymax": 663, "xmax": 830}}, {"tid": 1, "generated": 0, "bbox": {"xmin": 783, "ymin": 227, "ymax": 674, "xmax": 972}}]], "subject/objects": [{"category": "horse", "tid": 0}, {"category": "person", "tid": 1}], "relation_instances": [{"end_fid": 30, "subject_tid": 0, "predicate": "walk_next_to", "begin_fid": 0, "object_tid": 1}, {"end_fid": 30, "subject_tid": 0, "predicate": "walk_with", "begin_fid": 0, "object_tid": 1}, {"end_fid": 30, "subject_tid": 0, "predicate": "walk_left", "begin_fid": 0, "object_tid": 1}, {"end_fid": 30, "subject_tid": 0, "predicate": "faster", "begin_fid": 0, "object_tid": 1}, {"end_fid": 30, "subject_tid": 1, "predicate": "walk_right", "begin_fid": 0, "object_tid": 0}, {"end_fid": 30, "subject_tid": 1, "predicate": "walk_next_to", "begin_fid": 0, "object_tid": 0}, {"end_fid": 30, "subject_tid": 1, "predicate": "walk_with", "begin_fid": 0, "object_tid": 0}, {"end_fid": 30, "subject_tid": 1, "predicate": "pull", "begin_fid": 0, "object_tid": 0}, {"end_fid": 60, "subject_tid": 0, "predicate": "walk_next_to", "begin_fid": 30, "object_tid": 1}, {"end_fid": 60, "subject_tid": 0, "predicate": "walk_with", "begin_fid": 30, "object_tid": 1}, {"end_fid": 60, "subject_tid": 0, "predicate": "walk_left", "begin_fid": 30, "object_tid": 1}, {"end_fid": 60, "subject_tid": 0, "predicate": "taller", "begin_fid": 30, "object_tid": 1}, {"end_fid": 60, "subject_tid": 1, "predicate": "walk_right", "begin_fid": 30, "object_tid": 0}, {"end_fid": 60, "subject_tid": 1, "predicate": "walk_next_to", "begin_fid": 30, "object_tid": 0}, {"end_fid": 60, "subject_tid": 1, "predicate": "walk_with", "begin_fid": 30, "object_tid": 0}, {"end_fid": 60, "subject_tid": 1, "predicate": "pull", "begin_fid": 30, "object_tid": 0}], "height": 720}