{"width": 524, "frame_count": 300, "video_id": "ILSVRC2015_train_00246002", "fps": 25, "trajectories": [[{"tid": 0, "generated": 0, "bbox": {"xmin": 234, "ymin": 136, "ymax": 227, "xmax": 424}}, {"tid": 1, "generated": 0, "bbox": {"xmin": 184, "ymin": 176, "ymax": 224, "xmax": 256}}], [{"tid": 0, "generated": 0, "bbox": {"xmin": 235, "ymin": 133, "ymax": 224, "xmax": 422}}, {"tid": 1, "generated": 0, "bbox": {"xmin": 184, "ymin": 174, "ymax": 222, "xmax": 256}}], [{"tid": 0, "generated": 0, "bbox": {"xmin": 235, "ymin": 131, "ymax": 224, "xmax": 422}}, {"tid": 1, "generated": 0, "bbox": {"xmin": 184, "ymin": 173, "ymax": 221, "xmax": 256}}], [{"tid": 0, "generated": 0, "bbox": {"xmin": 232, "ymin": 131, "ymax": 221, "xmax": 424}}, {"tid": 1, "generated": 0, "bbox": {"xmin": 184, "ymin": 173, "ymax": 219, "xmax": 259}}], [{"tid": 0, "generated": 0, "bbox": {"xmin": 235, "ymin": 131, "ymax": 221, "xmax": 424}}, {"tid": 1, "generated": 0, "bbox": {"xmin": 184, "ymin": 172, "ymax": 219, "xmax": 259}}], [{"tid": 0, "generated": 0, "bbox": {"xmin": 232, "ymin": 133, "ymax": 221, "xmax": 422}}, {"tid": 1, "generated": 0, "bbox": {"xmin": 184, "ymin": 171, "ymax": 219, "xmax": 259}}], [{"tid": 0, "generated": 0, "bbox": {"xmin": 235, "ymin": 133, "ymax": 219, "xmax": 424}}, {"tid": 1, "generated": 0, "bbox": {"xmin": 184, "ymin": 171, "ymax": 220, "xmax": 256}}], [{"tid": 0, "generated": 0, "bbox": {"xmin": 232, "ymin": 131, "ymax": 219, "xmax": 424}}, {"tid": 1, "generated": 0, "bbox": {"xmin": 184, "ymin": 171, "ymax": 221, "xmax": 253}}], [{"tid": 0, "generated": 0, "bbox": {"xmin": 234, "ymin": 131, "ymax": 219, "xmax": 422}}, {"tid": 1, "generated": 0, "bbox": {"xmin": 184, "ymin": 173, "ymax": 220, "xmax": 254}}], [{"tid": 0, "generated": 0, "bbox": {"xmin": 232, "ymin": 130, "ymax": 219, "xmax": 424}}, {"tid": 1, "generated": 0, "bbox": {"xmin": 184, "ymin": 176, "ymax": 219, "xmax": 255}}], [{"tid": 0, "generated": 0, "bbox": {"xmin": 232, "ymin": 133, "ymax": 219, "xmax": 422}}, {"tid": 1, "generated": 0, "bbox": {"xmin": 184, "ymin": 179, "ymax": 219, "xmax": 256}}], [{"tid": 0, "generated": 0, "bbox": {"xmin": 230, "ymin": 131, "ymax": 219, "xmax": 422}}, {"tid": 1, "generated": 0, "bbox": {"xmin": 184, "ymin": 179, "ymax": 218, "xmax": 256}}], [{"tid": 0, "generated": 0, "bbox": {"xmin": 235, "ymin": 130, "ymax": 218, "xmax": 424}}, {"tid": 1, "generated": 0, "bbox": {"xmin": 184, "ymin": 179, "ymax": 218, "xmax": 256}}], [{"tid": 0, "generated": 0, "bbox": {"xmin": 232, "ymin": 125, "ymax": 216, "xmax": 422}}, {"tid": 1, "generated": 0, "bbox": {"xmin": 184, "ymin": 179, "ymax": 217, "xmax": 256}}], [{"tid": 0, "generated": 0, "bbox": {"xmin": 230, "ymin": 125, "ymax": 216, "xmax": 424}}, {"tid": 1, "generated": 0, "bbox": {"xmin": 184, "ymin": 179, "ymax": 217, "xmax": 256}}], [{"tid": 0, "generated": 0, "bbox": {"xmin": 232, "ymin": 125, "ymax": 216, "xmax": 425}}, {"tid": 1, "generated": 0, "bbox": {"xmin": 184, "ymin": 179, "ymax": 216, "xmax": 256}}], [{"tid": 0, "generated": 0, "bbox": {"xmin": 233, "ymin": 125, "ymax": 216, "xmax": 425}}, {"tid": 1, "generated": 0, "bbox": {"xmin": 184, "ymin": 179, "ymax": 216, "xmax": 256}}], [{"tid": 0, "generated": 0, "bbox": {"xmin": 235, "ymin": 125, "ymax": 216, "xmax": 426}}, {"tid": 1, "generated": 0, "bbox": {"xmin": 184, "ymin": 180, "ymax": 216, "xmax": 256}}], [{"tid": 0, "generated": 0, "bbox": {"xmin": 237, "ymin": 125, "ymax": 216, "xmax": 427}}, {"tid": 1, "generated": 0, "bbox": {"xmin": 184, "ymin": 182, "ymax": 217, "xmax": 257}}], [{"tid": 0, "generated": 0, "bbox": {"xmin": 235, "ymin": 125, "ymax": 219, "xmax": 425}}, {"tid": 1, "generated": 0, "bbox": {"xmin": 184, "ymin": 184, "ymax": 217, "xmax": 258}}], [{"tid": 0, "generated": 0, "bbox": {"xmin": 235, "ymin": 125, "ymax": 219, "xmax": 424}}, {"tid": 1, "generated": 0, "bbox": {"xmin": 184, "ymin": 186, "ymax": 218, "xmax": 259}}], [{"tid": 0, "generated": 0, "bbox": {"xmin": 237, "ymin": 125, "ymax": 219, "xmax": 425}}, {"tid": 1, "generated": 0, "bbox": {"xmin": 184, "ymin": 179, "ymax": 216, "xmax": 262}}], [{"tid": 0, "generated": 0, "bbox": {"xmin": 232, "ymin": 125, "ymax": 219, "xmax": 425}}, {"tid": 1, "generated": 0, "bbox": {"xmin": 184, "ymin": 174, "ymax": 216, "xmax": 260}}], [{"tid": 0, "generated": 0, "bbox": {"xmin": 235, "ymin": 125, "ymax": 219, "xmax": 424}}, {"tid": 1, "generated": 0, "bbox": {"xmin": 184, "ymin": 170, "ymax": 216, "xmax": 259}}], [{"tid": 0, "generated": 0, "bbox": {"xmin": 235, "ymin": 127, "ymax": 221, "xmax": 425}}, {"tid": 1, "generated": 0, "bbox": {"xmin": 184, "ymin": 171, "ymax": 216, "xmax": 258}}], [{"tid": 0, "generated": 0, "bbox": {"xmin": 235, "ymin": 127, "ymax": 219, "xmax": 425}}, {"tid": 1, "generated": 0, "bbox": {"xmin": 184, "ymin": 173, "ymax": 216, "xmax": 257}}], [{"tid": 0, "generated": 0, "bbox": {"xmin": 235, "ymin": 127, "ymax": 219, "xmax": 424}}, {"tid": 1, "generated": 0, "bbox": {"xmin": 184, "ymin": 175, "ymax": 216, "xmax": 257}}], [{"tid": 0, "generated": 0, "bbox": {"xmin": 235, "ymin": 128, "ymax": 218, "xmax": 422}}, {"tid": 1, "generated": 0, "bbox": {"xmin": 184, "ymin": 177, "ymax": 216, "xmax": 256}}], [{"tid": 0, "generated": 0, "bbox": {"xmin": 237, "ymin": 128, "ymax": 219, "xmax": 422}}, {"tid": 1, "generated": 0, "bbox": {"xmin": 184, "ymin": 179, "ymax": 216, "xmax": 256}}], [{"tid": 0, "generated": 0, "bbox": {"xmin": 237, "ymin": 128, "ymax": 219, "xmax": 422}}, {"tid": 1, "generated": 0, "bbox": {"xmin": 184, "ymin": 180, "ymax": 217, "xmax": 257}}], [], [], [], [], [], [], [], [], [], [], [], [], [], [], [], [], [], [], [], [], [], [], [], [], [], [], [], [], [], [], [], [], [], [], [], [], [], [], [], [], [], [], [], [], [], [], [], [], [], [], [], [], [], [], [], [], [], [], [], [], [], [], [], [], [], [], [], [], [], [], [], [], [], [], [], [], [], [], [], [], [], [], [], [], [], [], [], [], [], [], [], [], [], [], [], [], [], [], [], [], [], [], [], [], [], [{"tid": 0, "generated": 0, "bbox": {"xmin": 232, "ymin": 162, "ymax": 237, "xmax": 414}}, {"tid": 1, "generated": 0, "bbox": {"xmin": 182, "ymin": 190, "ymax": 236, "xmax": 260}}], [{"tid": 0, "generated": 0, "bbox": {"xmin": 229, "ymin": 163, "ymax": 237, "xmax": 414}}, {"tid": 1, "generated": 0, "bbox": {"xmin": 182, "ymin": 192, "ymax": 236, "xmax": 260}}], [{"tid": 0, "generated": 0, "bbox": {"xmin": 232, "ymin": 163, "ymax": 237, "xmax": 416}}, {"tid": 1, "generated": 0, "bbox": {"xmin": 183, "ymin": 194, "ymax": 237, "xmax": 261}}], [{"tid": 0, "generated": 0, "bbox": {"xmin": 237, "ymin": 163, "ymax": 238, "xmax": 417}}, {"tid": 1, "generated": 0, "bbox": {"xmin": 183, "ymin": 196, "ymax": 238, "xmax": 262}}], [{"tid": 0, "generated": 0, "bbox": {"xmin": 234, "ymin": 165, "ymax": 238, "xmax": 419}}, {"tid": 1, "generated": 0, "bbox": {"xmin": 183, "ymin": 198, "ymax": 239, "xmax": 263}}], [{"tid": 0, "generated": 0, "bbox": {"xmin": 230, "ymin": 165, "ymax": 240, "xmax": 420}}, {"tid": 1, "generated": 0, "bbox": {"xmin": 184, "ymin": 200, "ymax": 240, "xmax": 264}}], [{"tid": 0, "generated": 0, "bbox": {"xmin": 229, "ymin": 165, "ymax": 240, "xmax": 420}}, {"tid": 1, "generated": 0, "bbox": {"xmin": 184, "ymin": 200, "ymax": 238, "xmax": 267}}], [{"tid": 0, "generated": 0, "bbox": {"xmin": 229, "ymin": 165, "ymax": 240, "xmax": 420}}, {"tid": 1, "generated": 0, "bbox": {"xmin": 186, "ymin": 197, "ymax": 238, "xmax": 270}}], [{"tid": 0, "generated": 0, "bbox": {"xmin": 227, "ymin": 163, "ymax": 240, "xmax": 422}}, {"tid": 1, "generated": 0, "bbox": {"xmin": 187, "ymin": 197, "ymax": 238, "xmax": 270}}], [{"tid": 0, "generated": 0, "bbox": {"xmin": 232, "ymin": 163, "ymax": 240, "xmax": 422}}, {"tid": 1, "generated": 0, "bbox": {"xmin": 187, "ymin": 195, "ymax": 237, "xmax": 272}}], [{"tid": 0, "generated": 0, "bbox": {"xmin": 235, "ymin": 163, "ymax": 238, "xmax": 422}}, {"tid": 1, "generated": 0, "bbox": {"xmin": 187, "ymin": 194, "ymax": 237, "xmax": 270}}], [{"tid": 0, "generated": 0, "bbox": {"xmin": 238, "ymin": 162, "ymax": 238, "xmax": 422}}, {"tid": 1, "generated": 0, "bbox": {"xmin": 188, "ymin": 192, "ymax": 237, "xmax": 268}}], [{"tid": 0, "generated": 0, "bbox": {"xmin": 243, "ymin": 160, "ymax": 237, "xmax": 420}}, {"tid": 1, "generated": 0, "bbox": {"xmin": 189, "ymin": 190, "ymax": 237, "xmax": 267}}], [{"tid": 0, "generated": 0, "bbox": {"xmin": 238, "ymin": 160, "ymax": 237, "xmax": 420}}, {"tid": 1, "generated": 0, "bbox": {"xmin": 192, "ymin": 189, "ymax": 238, "xmax": 264}}], [{"tid": 0, "generated": 0, "bbox": {"xmin": 243, "ymin": 160, "ymax": 240, "xmax": 422}}, {"tid": 1, "generated": 0, "bbox": {"xmin": 193, "ymin": 190, "ymax": 238, "xmax": 265}}], [{"tid": 0, "generated": 0, "bbox": {"xmin": 242, "ymin": 163, "ymax": 240, "xmax": 422}}, {"tid": 1, "generated": 0, "bbox": {"xmin": 195, "ymin": 192, "ymax": 238, "xmax": 267}}], [{"tid": 0, "generated": 0, "bbox": {"xmin": 238, "ymin": 158, "ymax": 240, "xmax": 420}}, {"tid": 1, "generated": 0, "bbox": {"xmin": 195, "ymin": 191, "ymax": 237, "xmax": 267}}], [{"tid": 0, "generated": 0, "bbox": {"xmin": 240, "ymin": 160, "ymax": 237, "xmax": 420}}, {"tid": 1, "generated": 0, "bbox": {"xmin": 195, "ymin": 191, "ymax": 237, "xmax": 267}}], [{"tid": 0, "generated": 0, "bbox": {"xmin": 242, "ymin": 160, "ymax": 237, "xmax": 419}}, {"tid": 1, "generated": 0, "bbox": {"xmin": 195, "ymin": 190, "ymax": 237, "xmax": 267}}], [{"tid": 0, "generated": 0, "bbox": {"xmin": 242, "ymin": 160, "ymax": 237, "xmax": 419}}, {"tid": 1, "generated": 0, "bbox": {"xmin": 195, "ymin": 190, "ymax": 236, "xmax": 267}}], [{"tid": 0, "generated": 0, "bbox": {"xmin": 242, "ymin": 158, "ymax": 237, "xmax": 422}}, {"tid": 1, "generated": 0, "bbox": {"xmin": 195, "ymin": 189, "ymax": 236, "xmax": 267}}], [{"tid": 0, "generated": 0, "bbox": {"xmin": 240, "ymin": 157, "ymax": 237, "xmax": 419}}, {"tid": 1, "generated": 0, "bbox": {"xmin": 195, "ymin": 189, "ymax": 236, "xmax": 267}}], [{"tid": 0, "generated": 0, "bbox": {"xmin": 240, "ymin": 157, "ymax": 235, "xmax": 420}}, {"tid": 1, "generated": 0, "bbox": {"xmin": 195, "ymin": 188, "ymax": 235, "xmax": 267}}], [{"tid": 0, "generated": 0, "bbox": {"xmin": 242, "ymin": 157, "ymax": 235, "xmax": 420}}, {"tid": 1, "generated": 0, "bbox": {"xmin": 195, "ymin": 188, "ymax": 235, "xmax": 267}}], [{"tid": 0, "generated": 0, "bbox": {"xmin": 238, "ymin": 155, "ymax": 235, "xmax": 422}}, {"tid": 1, "generated": 0, "bbox": {"xmin": 195, "ymin": 187, "ymax": 235, "xmax": 267}}], [{"tid": 0, "generated": 0, "bbox": {"xmin": 243, "ymin": 155, "ymax": 237, "xmax": 422}}, {"tid": 1, "generated": 0, "bbox": {"xmin": 195, "ymin": 187, "ymax": 235, "xmax": 267}}], [{"tid": 0, "generated": 0, "bbox": {"xmin": 243, "ymin": 157, "ymax": 237, "xmax": 422}}, {"tid": 1, "generated": 0, "bbox": {"xmin": 195, "ymin": 189, "ymax": 235, "xmax": 267}}], [{"tid": 0, "generated": 0, "bbox": {"xmin": 245, "ymin": 157, "ymax": 240, "xmax": 422}}, {"tid": 1, "generated": 0, "bbox": {"xmin": 195, "ymin": 192, "ymax": 235, "xmax": 267}}], [{"tid": 0, "generated": 0, "bbox": {"xmin": 245, "ymin": 157, "ymax": 240, "xmax": 425}}, {"tid": 1, "generated": 0, "bbox": {"xmin": 195, "ymin": 195, "ymax": 235, "xmax": 267}}], [{"tid": 0, "generated": 0, "bbox": {"xmin": 245, "ymin": 158, "ymax": 240, "xmax": 422}}, {"tid": 1, "generated": 0, "bbox": {"xmin": 195, "ymin": 194, "ymax": 236, "xmax": 267}}], [], [], [], [], [], [], [], [], [], [], [], [], [], [], [], [], [], [], [], [], [], [], [], [], [], [], [], [], [], [], [], [], [], [], [], [], [], [], [], [], [], [], [], [], [], [], [], [], [], [], [], [], [], [], [], [], [], [], [], [], [], [], [], [], [], [], [], [], [], [], [], [], [], [], [], [], [], [], [], [], [], [], [], [], [], [], [], [], [], [], [], [], [], [], [], [], [], [], [], [], [], [], [], [], [], [{"tid": 0, "generated": 0, "bbox": {"xmin": 243, "ymin": 136, "ymax": 232, "xmax": 430}}, {"tid": 1, "generated": 0, "bbox": {"xmin": 192, "ymin": 186, "ymax": 234, "xmax": 270}}], [{"tid": 0, "generated": 0, "bbox": {"xmin": 243, "ymin": 136, "ymax": 230, "xmax": 430}}, {"tid": 1, "generated": 0, "bbox": {"xmin": 192, "ymin": 185, "ymax": 233, "xmax": 269}}], [{"tid": 0, "generated": 0, "bbox": {"xmin": 245, "ymin": 134, "ymax": 232, "xmax": 430}}, {"tid": 1, "generated": 0, "bbox": {"xmin": 192, "ymin": 184, "ymax": 233, "xmax": 269}}], [{"tid": 0, "generated": 0, "bbox": {"xmin": 243, "ymin": 134, "ymax": 234, "xmax": 433}}, {"tid": 1, "generated": 0, "bbox": {"xmin": 192, "ymin": 183, "ymax": 232, "xmax": 269}}], [{"tid": 0, "generated": 0, "bbox": {"xmin": 243, "ymin": 136, "ymax": 229, "xmax": 432}}, {"tid": 1, "generated": 0, "bbox": {"xmin": 192, "ymin": 182, "ymax": 232, "xmax": 269}}], [{"tid": 0, "generated": 0, "bbox": {"xmin": 243, "ymin": 136, "ymax": 229, "xmax": 433}}, {"tid": 1, "generated": 0, "bbox": {"xmin": 192, "ymin": 181, "ymax": 231, "xmax": 269}}], [{"tid": 0, "generated": 0, "bbox": {"xmin": 243, "ymin": 136, "ymax": 229, "xmax": 433}}, {"tid": 1, "generated": 0, "bbox": {"xmin": 192, "ymin": 180, "ymax": 231, "xmax": 269}}], [{"tid": 0, "generated": 0, "bbox": {"xmin": 240, "ymin": 136, "ymax": 229, "xmax": 432}}, {"tid": 1, "generated": 0, "bbox": {"xmin": 192, "ymin": 179, "ymax": 230, "xmax": 269}}], [{"tid": 0, "generated": 0, "bbox": {"xmin": 243, "ymin": 136, "ymax": 230, "xmax": 433}}, {"tid": 1, "generated": 0, "bbox": {"xmin": 192, "ymin": 178, "ymax": 230, "xmax": 269}}], [{"tid": 0, "generated": 0, "bbox": {"xmin": 245, "ymin": 136, "ymax": 229, "xmax": 432}}, {"tid": 1, "generated": 0, "bbox": {"xmin": 192, "ymin": 177, "ymax": 229, "xmax": 269}}], [{"tid": 0, "generated": 0, "bbox": {"xmin": 245, "ymin": 136, "ymax": 227, "xmax": 430}}, {"tid": 1, "generated": 0, "bbox": {"xmin": 192, "ymin": 176, "ymax": 229, "xmax": 269}}], [{"tid": 0, "generated": 0, "bbox": {"xmin": 245, "ymin": 136, "ymax": 227, "xmax": 432}}, {"tid": 1, "generated": 0, "bbox": {"xmin": 192, "ymin": 176, "ymax": 228, "xmax": 268}}], [{"tid": 0, "generated": 0, "bbox": {"xmin": 243, "ymin": 134, "ymax": 226, "xmax": 430}}, {"tid": 1, "generated": 0, "bbox": {"xmin": 192, "ymin": 176, "ymax": 228, "xmax": 267}}], [{"tid": 0, "generated": 0, "bbox": {"xmin": 248, "ymin": 134, "ymax": 224, "xmax": 430}}, {"tid": 1, "generated": 0, "bbox": {"xmin": 192, "ymin": 176, "ymax": 228, "xmax": 267}}], [{"tid": 0, "generated": 0, "bbox": {"xmin": 243, "ymin": 134, "ymax": 227, "xmax": 430}}, {"tid": 1, "generated": 0, "bbox": {"xmin": 192, "ymin": 176, "ymax": 228, "xmax": 266}}], [{"tid": 0, "generated": 0, "bbox": {"xmin": 243, "ymin": 134, "ymax": 227, "xmax": 430}}, {"tid": 1, "generated": 0, "bbox": {"xmin": 192, "ymin": 176, "ymax": 227, "xmax": 266}}], [{"tid": 0, "generated": 0, "bbox": {"xmin": 243, "ymin": 134, "ymax": 227, "xmax": 430}}, {"tid": 1, "generated": 0, "bbox": {"xmin": 192, "ymin": 176, "ymax": 227, "xmax": 265}}], [{"tid": 0, "generated": 0, "bbox": {"xmin": 243, "ymin": 134, "ymax": 227, "xmax": 430}}, {"tid": 1, "generated": 0, "bbox": {"xmin": 192, "ymin": 176, "ymax": 227, "xmax": 265}}], [{"tid": 0, "generated": 0, "bbox": {"xmin": 245, "ymin": 136, "ymax": 227, "xmax": 430}}, {"tid": 1, "generated": 0, "bbox": {"xmin": 192, "ymin": 176, "ymax": 227, "xmax": 264}}], [{"tid": 0, "generated": 0, "bbox": {"xmin": 243, "ymin": 136, "ymax": 229, "xmax": 432}}, {"tid": 1, "generated": 0, "bbox": {"xmin": 192, "ymin": 176, "ymax": 227, "xmax": 264}}], [{"tid": 0, "generated": 0, "bbox": {"xmin": 245, "ymin": 136, "ymax": 229, "xmax": 433}}, {"tid": 1, "generated": 0, "bbox": {"xmin": 192, "ymin": 176, "ymax": 227, "xmax": 263}}], [{"tid": 0, "generated": 0, "bbox": {"xmin": 243, "ymin": 136, "ymax": 227, "xmax": 432}}, {"tid": 1, "generated": 0, "bbox": {"xmin": 192, "ymin": 176, "ymax": 227, "xmax": 263}}], [{"tid": 0, "generated": 0, "bbox": {"xmin": 245, "ymin": 136, "ymax": 229, "xmax": 432}}, {"tid": 1, "generated": 0, "bbox": {"xmin": 192, "ymin": 176, "ymax": 227, "xmax": 262}}], [{"tid": 0, "generated": 0, "bbox": {"xmin": 243, "ymin": 136, "ymax": 229, "xmax": 433}}, {"tid": 1, "generated": 0, "bbox": {"xmin": 192, "ymin": 176, "ymax": 227, "xmax": 262}}], [{"tid": 0, "generated": 0, "bbox": {"xmin": 243, "ymin": 136, "ymax": 227, "xmax": 433}}, {"tid": 1, "generated": 0, "bbox": {"xmin": 192, "ymin": 176, "ymax": 227, "xmax": 261}}], [{"tid": 0, "generated": 0, "bbox": {"xmin": 240, "ymin": 136, "ymax": 227, "xmax": 433}}, {"tid": 1, "generated": 0, "bbox": {"xmin": 192, "ymin": 176, "ymax": 227, "xmax": 261}}], [{"tid": 0, "generated": 0, "bbox": {"xmin": 240, "ymin": 136, "ymax": 227, "xmax": 433}}, {"tid": 1, "generated": 0, "bbox": {"xmin": 192, "ymin": 176, "ymax": 227, "xmax": 260}}], [{"tid": 0, "generated": 0, "bbox": {"xmin": 237, "ymin": 136, "ymax": 229, "xmax": 433}}, {"tid": 1, "generated": 0, "bbox": {"xmin": 192, "ymin": 176, "ymax": 227, "xmax": 260}}], [{"tid": 0, "generated": 0, "bbox": {"xmin": 237, "ymin": 136, "ymax": 229, "xmax": 433}}, {"tid": 1, "generated": 0, "bbox": {"xmin": 192, "ymin": 176, "ymax": 227, "xmax": 259}}], [{"tid": 0, "generated": 0, "bbox": {"xmin": 237, "ymin": 136, "ymax": 227, "xmax": 433}}, {"tid": 1, "generated": 0, "bbox": {"xmin": 192, "ymin": 176, "ymax": 227, "xmax": 259}}]], "subject/objects": [{"category": "antelope", "tid": 0}, {"category": "antelope", "tid": 1}], "relation_instances": [{"end_fid": 30, "subject_tid": 0, "predicate": "lie_front", "begin_fid": 0, "object_tid": 1}, {"end_fid": 30, "subject_tid": 0, "predicate": "taller", "begin_fid": 0, "object_tid": 1}, {"end_fid": 30, "subject_tid": 0, "predicate": "larger", "begin_fid": 0, "object_tid": 1}, {"end_fid": 30, "subject_tid": 0, "predicate": "watch", "begin_fid": 0, "object_tid": 1}, {"end_fid": 30, "subject_tid": 1, "predicate": "lie_behind", "begin_fid": 0, "object_tid": 0}, {"end_fid": 165, "subject_tid": 0, "predicate": "lie_front", "begin_fid": 135, "object_tid": 1}, {"end_fid": 165, "subject_tid": 0, "predicate": "taller", "begin_fid": 135, "object_tid": 1}, {"end_fid": 165, "subject_tid": 0, "predicate": "larger", "begin_fid": 135, "object_tid": 1}, {"end_fid": 165, "subject_tid": 0, "predicate": "watch", "begin_fid": 135, "object_tid": 1}, {"end_fid": 165, "subject_tid": 1, "predicate": "lie_behind", "begin_fid": 135, "object_tid": 0}, {"end_fid": 300, "subject_tid": 0, "predicate": "lie_front", "begin_fid": 270, "object_tid": 1}, {"end_fid": 300, "subject_tid": 0, "predicate": "taller", "begin_fid": 270, "object_tid": 1}, {"end_fid": 300, "subject_tid": 0, "predicate": "larger", "begin_fid": 270, "object_tid": 1}, {"end_fid": 300, "subject_tid": 1, "predicate": "lie_behind", "begin_fid": 270, "object_tid": 0}], "height": 360}