{"width": 480, "frame_count": 1615, "video_id": "ILSVRC2015_train_00214001", "fps": 25, "trajectories": [[], [], [], [], [], [], [], [], [], [], [], [], [], [], [], [], [], [], [], [], [], [], [], [], [], [], [], [], [], [], [], [], [], [], [], [], [], [], [], [], [], [], [], [], [], [], [], [], [], [], [], [], [], [], [], [], [], [], [], [], [], [], [], [], [], [], [], [], [], [], [], [], [], [], [], [], [], [], [], [], [], [], [], [], [], [], [], [], [], [], [], [], [], [], [], [], [], [], [], [], [], [], [], [], [], [], [], [], [], [], [], [], [], [], [], [], [], [], [], [], [], [], [], [], [], [], [], [], [], [], [], [], [], [], [], [], [], [], [], [], [], [], [], [], [], [], [], [], [], [], [], [], [], [], [], [], [], [], [], [], [], [], [], [], [], [], [], [], [], [], [], [], [], [], [], [], [], [], [], [], [], [], [], [], [], [], [], [], [], [], [], [], [], [], [], [], [], [], [], [], [], [], [], [], [], [], [], [], [], [], [], [], [], [], [], [], [], [], [], [], [], [], [], [], [], [], [], [], [], [], [], [], [], [], [], [], [], [], [], [], [], [], [], [], [], [], [], [], [], [], [], [], [], [], [], [], [], [], [], [], [], [], [], [], [], [], [], [], [], [], [], [], [], [], [], [], [], [], [], [], [], [], [], [], [], [], [], [], [], [], [], [], [], [], [], [], [], [], [], [], [], [], [], [], [], [], [], [], [], [], [], [], [], [], [], [], [], [], [], [], [], [], [], [], [], [], [], [], [], [], [], [], [], [], [], [], [], [], [], [], [], [], [], [], [], [], [], [], [], [], [], [], [], [], [], [], [], [], [], [], [], [], [], [], [], [], [], [], [], [], [], [], [], [], [], [], [], [], [], [], [], [], [], [], [], [], [], [], [], [], [], [], [], [], [], [], [], [], [], [], [], [], [], [], [], [], [], [], [], [], [], [], [], [], [], [], [], [], [], [], [], [], [], [], [], [], [], [], [], [], [], [], [], [], [], [], [], [], [], [], [], [], [], [], [], [], [], [], [], [], [], [], [], [], [], [], [], [], [], [], [], [], [], [], [], [], [], [], [], [], [], [], [], [], [], [], [], [], [], [], [{"tid": 2, "generated": 0, "bbox": {"xmin": 116, "ymin": 226, "ymax": 309, "xmax": 251}}, {"tid": 6, "generated": 0, "bbox": {"xmin": 321, "ymin": 241, "ymax": 357, "xmax": 462}}], [{"tid": 2, "generated": 0, "bbox": {"xmin": 114, "ymin": 225, "ymax": 309, "xmax": 252}}, {"tid": 6, "generated": 0, "bbox": {"xmin": 320, "ymin": 241, "ymax": 357, "xmax": 462}}], [{"tid": 2, "generated": 0, "bbox": {"xmin": 112, "ymin": 224, "ymax": 309, "xmax": 253}}, {"tid": 6, "generated": 0, "bbox": {"xmin": 319, "ymin": 241, "ymax": 357, "xmax": 462}}], [{"tid": 2, "generated": 0, "bbox": {"xmin": 124, "ymin": 232, "ymax": 306, "xmax": 244}}, {"tid": 6, "generated": 0, "bbox": {"xmin": 318, "ymin": 242, "ymax": 358, "xmax": 462}}], [{"tid": 2, "generated": 0, "bbox": {"xmin": 119, "ymin": 229, "ymax": 305, "xmax": 231}}, {"tid": 6, "generated": 0, "bbox": {"xmin": 317, "ymin": 241, "ymax": 358, "xmax": 461}}], [{"tid": 2, "generated": 0, "bbox": {"xmin": 114, "ymin": 226, "ymax": 304, "xmax": 219}}, {"tid": 6, "generated": 0, "bbox": {"xmin": 317, "ymin": 241, "ymax": 358, "xmax": 461}}], [{"tid": 2, "generated": 0, "bbox": {"xmin": 110, "ymin": 224, "ymax": 303, "xmax": 207}}, {"tid": 6, "generated": 0, "bbox": {"xmin": 317, "ymin": 241, "ymax": 358, "xmax": 461}}], [{"tid": 2, "generated": 0, "bbox": {"xmin": 110, "ymin": 240, "ymax": 312, "xmax": 178}}, {"tid": 6, "generated": 0, "bbox": {"xmin": 317, "ymin": 241, "ymax": 358, "xmax": 461}}], [{"tid": 2, "generated": 0, "bbox": {"xmin": 109, "ymin": 239, "ymax": 312, "xmax": 177}}, {"tid": 6, "generated": 0, "bbox": {"xmin": 317, "ymin": 241, "ymax": 358, "xmax": 461}}], [{"tid": 2, "generated": 0, "bbox": {"xmin": 109, "ymin": 239, "ymax": 313, "xmax": 176}}, {"tid": 6, "generated": 0, "bbox": {"xmin": 317, "ymin": 241, "ymax": 358, "xmax": 461}}], [{"tid": 2, "generated": 0, "bbox": {"xmin": 109, "ymin": 238, "ymax": 313, "xmax": 175}}, {"tid": 6, "generated": 0, "bbox": {"xmin": 316, "ymin": 240, "ymax": 358, "xmax": 461}}], [{"tid": 2, "generated": 0, "bbox": {"xmin": 108, "ymin": 238, "ymax": 314, "xmax": 174}}, {"tid": 6, "generated": 0, "bbox": {"xmin": 316, "ymin": 240, "ymax": 358, "xmax": 461}}], [{"tid": 2, "generated": 0, "bbox": {"xmin": 108, "ymin": 237, "ymax": 314, "xmax": 173}}, {"tid": 6, "generated": 0, "bbox": {"xmin": 316, "ymin": 240, "ymax": 358, "xmax": 461}}], [{"tid": 2, "generated": 0, "bbox": {"xmin": 108, "ymin": 237, "ymax": 315, "xmax": 173}}, {"tid": 6, "generated": 0, "bbox": {"xmin": 316, "ymin": 240, "ymax": 358, "xmax": 461}}], [{"tid": 2, "generated": 0, "bbox": {"xmin": 104, "ymin": 236, "ymax": 314, "xmax": 170}}, {"tid": 6, "generated": 0, "bbox": {"xmin": 316, "ymin": 240, "ymax": 358, "xmax": 461}}], [{"tid": 2, "generated": 0, "bbox": {"xmin": 101, "ymin": 235, "ymax": 313, "xmax": 167}}, {"tid": 6, "generated": 0, "bbox": {"xmin": 316, "ymin": 240, "ymax": 358, "xmax": 461}}], [{"tid": 2, "generated": 0, "bbox": {"xmin": 98, "ymin": 234, "ymax": 313, "xmax": 165}}, {"tid": 6, "generated": 0, "bbox": {"xmin": 316, "ymin": 240, "ymax": 358, "xmax": 461}}], [{"tid": 2, "generated": 0, "bbox": {"xmin": 108, "ymin": 239, "ymax": 316, "xmax": 161}}, {"tid": 6, "generated": 0, "bbox": {"xmin": 316, "ymin": 241, "ymax": 358, "xmax": 461}}], [{"tid": 2, "generated": 0, "bbox": {"xmin": 105, "ymin": 239, "ymax": 316, "xmax": 165}}, {"tid": 6, "generated": 0, "bbox": {"xmin": 316, "ymin": 242, "ymax": 358, "xmax": 461}}], [{"tid": 2, "generated": 0, "bbox": {"xmin": 103, "ymin": 240, "ymax": 316, "xmax": 170}}, {"tid": 6, "generated": 0, "bbox": {"xmin": 316, "ymin": 242, "ymax": 358, "xmax": 461}}], [{"tid": 2, "generated": 0, "bbox": {"xmin": 101, "ymin": 241, "ymax": 317, "xmax": 174}}, {"tid": 6, "generated": 0, "bbox": {"xmin": 316, "ymin": 243, "ymax": 358, "xmax": 461}}], [{"tid": 2, "generated": 0, "bbox": {"xmin": 99, "ymin": 242, "ymax": 317, "xmax": 179}}, {"tid": 6, "generated": 0, "bbox": {"xmin": 316, "ymin": 244, "ymax": 358, "xmax": 461}}], [{"tid": 2, "generated": 0, "bbox": {"xmin": 97, "ymin": 243, "ymax": 317, "xmax": 183}}, {"tid": 6, "generated": 0, "bbox": {"xmin": 316, "ymin": 245, "ymax": 358, "xmax": 461}}], [{"tid": 2, "generated": 0, "bbox": {"xmin": 95, "ymin": 244, "ymax": 318, "xmax": 188}}, {"tid": 6, "generated": 0, "bbox": {"xmin": 316, "ymin": 245, "ymax": 358, "xmax": 461}}], [{"tid": 2, "generated": 0, "bbox": {"xmin": 93, "ymin": 243, "ymax": 319, "xmax": 181}}, {"tid": 6, "generated": 0, "bbox": {"xmin": 316, "ymin": 246, "ymax": 358, "xmax": 461}}], [{"tid": 2, "generated": 0, "bbox": {"xmin": 91, "ymin": 242, "ymax": 320, "xmax": 174}}, {"tid": 6, "generated": 0, "bbox": {"xmin": 316, "ymin": 247, "ymax": 358, "xmax": 461}}], [{"tid": 2, "generated": 0, "bbox": {"xmin": 90, "ymin": 242, "ymax": 321, "xmax": 167}}, {"tid": 6, "generated": 0, "bbox": {"xmin": 316, "ymin": 248, "ymax": 358, "xmax": 462}}], [{"tid": 2, "generated": 0, "bbox": {"xmin": 86, "ymin": 248, "ymax": 320, "xmax": 182}}, {"tid": 6, "generated": 0, "bbox": {"xmin": 301, "ymin": 253, "ymax": 358, "xmax": 459}}], [{"tid": 2, "generated": 0, "bbox": {"xmin": 80, "ymin": 244, "ymax": 319, "xmax": 195}}, {"tid": 6, "generated": 0, "bbox": {"xmin": 287, "ymin": 258, "ymax": 358, "xmax": 457}}], [{"tid": 2, "generated": 0, "bbox": {"xmin": 75, "ymin": 240, "ymax": 319, "xmax": 209}}, {"tid": 6, "generated": 0, "bbox": {"xmin": 273, "ymin": 263, "ymax": 358, "xmax": 454}}]], "subject/objects": [{"category": "bird", "tid": 2}, {"category": "bird", "tid": 6}], "relation_instances": [{"end_fid": 510, "subject_tid": 2, "predicate": "jump_left", "begin_fid": 480, "object_tid": 6}, {"end_fid": 510, "subject_tid": 6, "predicate": "stand_right", "begin_fid": 480, "object_tid": 2}], "height": 360}