{"width": 1280, "frame_count": 115, "video_id": "ILSVRC2015_train_00176006", "fps": 25, "trajectories": [[], [], [], [], [], [], [], [], [], [], [], [], [], [], [], [], [], [], [], [], [], [], [], [], [], [], [], [], [], [], [], [], [], [], [], [], [], [], [], [], [], [], [], [], [], [], [], [], [], [], [], [], [], [], [], [], [], [], [], [], [], [], [], [], [], [], [], [], [], [], [], [], [], [], [], [{"tid": 1, "generated": 0, "bbox": {"xmin": 345, "ymin": 450, "ymax": 694, "xmax": 812}}, {"tid": 2, "generated": 0, "bbox": {"xmin": 338, "ymin": 437, "ymax": 567, "xmax": 537}}], [{"tid": 1, "generated": 0, "bbox": {"xmin": 359, "ymin": 456, "ymax": 693, "xmax": 803}}, {"tid": 2, "generated": 0, "bbox": {"xmin": 376, "ymin": 439, "ymax": 551, "xmax": 565}}], [{"tid": 1, "generated": 0, "bbox": {"xmin": 366, "ymin": 456, "ymax": 690, "xmax": 798}}, {"tid": 2, "generated": 0, "bbox": {"xmin": 398, "ymin": 439, "ymax": 540, "xmax": 587}}], [{"tid": 1, "generated": 0, "bbox": {"xmin": 373, "ymin": 457, "ymax": 687, "xmax": 793}}, {"tid": 2, "generated": 0, "bbox": {"xmin": 421, "ymin": 439, "ymax": 530, "xmax": 609}}], [{"tid": 1, "generated": 0, "bbox": {"xmin": 380, "ymin": 458, "ymax": 684, "xmax": 789}}, {"tid": 2, "generated": 0, "bbox": {"xmin": 444, "ymin": 440, "ymax": 520, "xmax": 632}}], [{"tid": 1, "generated": 0, "bbox": {"xmin": 387, "ymin": 460, "ymax": 679, "xmax": 780}}, {"tid": 2, "generated": 0, "bbox": {"xmin": 475, "ymin": 438, "ymax": 505, "xmax": 655}}], [{"tid": 1, "generated": 0, "bbox": {"xmin": 395, "ymin": 462, "ymax": 674, "xmax": 771}}, {"tid": 2, "generated": 0, "bbox": {"xmin": 506, "ymin": 436, "ymax": 490, "xmax": 678}}], [{"tid": 1, "generated": 0, "bbox": {"xmin": 403, "ymin": 465, "ymax": 670, "xmax": 762}}, {"tid": 2, "generated": 0, "bbox": {"xmin": 538, "ymin": 435, "ymax": 476, "xmax": 702}}], [{"tid": 1, "generated": 0, "bbox": {"xmin": 401, "ymin": 465, "ymax": 670, "xmax": 754}}, {"tid": 2, "generated": 0, "bbox": {"xmin": 544, "ymin": 436, "ymax": 474, "xmax": 704}}], [{"tid": 1, "generated": 0, "bbox": {"xmin": 399, "ymin": 465, "ymax": 670, "xmax": 746}}, {"tid": 2, "generated": 0, "bbox": {"xmin": 550, "ymin": 437, "ymax": 473, "xmax": 706}}], [{"tid": 1, "generated": 0, "bbox": {"xmin": 398, "ymin": 465, "ymax": 670, "xmax": 739}}, {"tid": 2, "generated": 0, "bbox": {"xmin": 556, "ymin": 439, "ymax": 472, "xmax": 709}}], [{"tid": 1, "generated": 0, "bbox": {"xmin": 397, "ymin": 464, "ymax": 665, "xmax": 726}}, {"tid": 2, "generated": 0, "bbox": {"xmin": 560, "ymin": 438, "ymax": 509, "xmax": 722}}], [{"tid": 1, "generated": 0, "bbox": {"xmin": 396, "ymin": 463, "ymax": 661, "xmax": 713}}, {"tid": 2, "generated": 0, "bbox": {"xmin": 565, "ymin": 437, "ymax": 546, "xmax": 735}}], [{"tid": 1, "generated": 0, "bbox": {"xmin": 396, "ymin": 462, "ymax": 657, "xmax": 700}}, {"tid": 2, "generated": 0, "bbox": {"xmin": 570, "ymin": 437, "ymax": 584, "xmax": 748}}], [{"tid": 1, "generated": 0, "bbox": {"xmin": 392, "ymin": 460, "ymax": 653, "xmax": 690}}, {"tid": 2, "generated": 0, "bbox": {"xmin": 572, "ymin": 434, "ymax": 582, "xmax": 748}}], [{"tid": 1, "generated": 0, "bbox": {"xmin": 388, "ymin": 459, "ymax": 649, "xmax": 680}}, {"tid": 2, "generated": 0, "bbox": {"xmin": 574, "ymin": 432, "ymax": 580, "xmax": 748}}], [{"tid": 1, "generated": 0, "bbox": {"xmin": 384, "ymin": 458, "ymax": 645, "xmax": 670}}, {"tid": 2, "generated": 0, "bbox": {"xmin": 576, "ymin": 430, "ymax": 579, "xmax": 748}}], [{"tid": 1, "generated": 0, "bbox": {"xmin": 375, "ymin": 458, "ymax": 642, "xmax": 654}}, {"tid": 2, "generated": 0, "bbox": {"xmin": 573, "ymin": 428, "ymax": 575, "xmax": 743}}], [{"tid": 1, "generated": 0, "bbox": {"xmin": 366, "ymin": 459, "ymax": 639, "xmax": 638}}, {"tid": 2, "generated": 0, "bbox": {"xmin": 570, "ymin": 427, "ymax": 571, "xmax": 738}}], [{"tid": 1, "generated": 0, "bbox": {"xmin": 357, "ymin": 460, "ymax": 636, "xmax": 622}}, {"tid": 2, "generated": 0, "bbox": {"xmin": 567, "ymin": 426, "ymax": 568, "xmax": 734}}], [{"tid": 1, "generated": 0, "bbox": {"xmin": 350, "ymin": 458, "ymax": 630, "xmax": 612}}, {"tid": 2, "generated": 0, "bbox": {"xmin": 562, "ymin": 425, "ymax": 566, "xmax": 728}}], [{"tid": 1, "generated": 0, "bbox": {"xmin": 343, "ymin": 457, "ymax": 625, "xmax": 602}}, {"tid": 2, "generated": 0, "bbox": {"xmin": 558, "ymin": 424, "ymax": 564, "xmax": 722}}], [{"tid": 1, "generated": 0, "bbox": {"xmin": 336, "ymin": 456, "ymax": 620, "xmax": 592}}, {"tid": 2, "generated": 0, "bbox": {"xmin": 554, "ymin": 424, "ymax": 563, "xmax": 716}}], [{"tid": 1, "generated": 0, "bbox": {"xmin": 328, "ymin": 453, "ymax": 617, "xmax": 580}}, {"tid": 2, "generated": 0, "bbox": {"xmin": 545, "ymin": 421, "ymax": 557, "xmax": 709}}], [{"tid": 1, "generated": 0, "bbox": {"xmin": 321, "ymin": 451, "ymax": 615, "xmax": 568}}, {"tid": 2, "generated": 0, "bbox": {"xmin": 537, "ymin": 418, "ymax": 552, "xmax": 702}}], [{"tid": 1, "generated": 0, "bbox": {"xmin": 314, "ymin": 449, "ymax": 613, "xmax": 556}}, {"tid": 2, "generated": 0, "bbox": {"xmin": 529, "ymin": 416, "ymax": 547, "xmax": 696}}], [{"tid": 1, "generated": 0, "bbox": {"xmin": 313, "ymin": 449, "ymax": 609, "xmax": 547}}, {"tid": 2, "generated": 0, "bbox": {"xmin": 527, "ymin": 416, "ymax": 544, "xmax": 692}}], [{"tid": 1, "generated": 0, "bbox": {"xmin": 312, "ymin": 449, "ymax": 605, "xmax": 539}}, {"tid": 2, "generated": 0, "bbox": {"xmin": 525, "ymin": 416, "ymax": 542, "xmax": 689}}], [{"tid": 1, "generated": 0, "bbox": {"xmin": 311, "ymin": 449, "ymax": 602, "xmax": 531}}, {"tid": 2, "generated": 0, "bbox": {"xmin": 524, "ymin": 416, "ymax": 540, "xmax": 686}}], [{"tid": 1, "generated": 0, "bbox": {"xmin": 306, "ymin": 448, "ymax": 598, "xmax": 521}}, {"tid": 2, "generated": 0, "bbox": {"xmin": 520, "ymin": 414, "ymax": 538, "xmax": 680}}]], "subject/objects": [{"category": "car", "tid": 1}, {"category": "car", "tid": 2}], "relation_instances": [{"end_fid": 105, "subject_tid": 1, "predicate": "move_behind", "begin_fid": 75, "object_tid": 2}, {"end_fid": 105, "subject_tid": 1, "predicate": "move_with", "begin_fid": 75, "object_tid": 2}, {"end_fid": 105, "subject_tid": 2, "predicate": "move_front", "begin_fid": 75, "object_tid": 1}, {"end_fid": 105, "subject_tid": 2, "predicate": "move_with", "begin_fid": 75, "object_tid": 1}], "height": 720}