{"width": 1280, "frame_count": 101, "video_id": "ILSVRC2015_train_00057023", "fps": 30, "trajectories": [[], [], [], [], [], [], [], [], [], [], [], [], [], [], [], [], [], [], [], [], [], [], [], [], [], [], [], [], [], [], [], [], [], [], [], [], [], [], [], [], [], [], [], [], [], [{"tid": 0, "generated": 0, "bbox": {"xmin": 19, "ymin": 183, "ymax": 691, "xmax": 1054}}, {"tid": 1, "generated": 0, "bbox": {"xmin": 1006, "ymin": 1, "ymax": 406, "xmax": 1234}}], [{"tid": 0, "generated": 0, "bbox": {"xmin": 26, "ymin": 163, "ymax": 716, "xmax": 1036}}, {"tid": 1, "generated": 0, "bbox": {"xmin": 991, "ymin": 0, "ymax": 405, "xmax": 1219}}], [{"tid": 0, "generated": 0, "bbox": {"xmin": 28, "ymin": 163, "ymax": 714, "xmax": 1038}}, {"tid": 1, "generated": 0, "bbox": {"xmin": 975, "ymin": 0, "ymax": 405, "xmax": 1203}}], [{"tid": 0, "generated": 0, "bbox": {"xmin": 42, "ymin": 165, "ymax": 718, "xmax": 1020}}, {"tid": 1, "generated": 0, "bbox": {"xmin": 960, "ymin": 0, "ymax": 404, "xmax": 1188}}], [{"tid": 0, "generated": 0, "bbox": {"xmin": 56, "ymin": 154, "ymax": 714, "xmax": 1006}}, {"tid": 1, "generated": 0, "bbox": {"xmin": 944, "ymin": 0, "ymax": 404, "xmax": 1172}}], [{"tid": 0, "generated": 0, "bbox": {"xmin": 71, "ymin": 154, "ymax": 718, "xmax": 990}}, {"tid": 1, "generated": 0, "bbox": {"xmin": 929, "ymin": 0, "ymax": 404, "xmax": 1157}}], [{"tid": 0, "generated": 0, "bbox": {"xmin": 71, "ymin": 154, "ymax": 716, "xmax": 972}}, {"tid": 1, "generated": 0, "bbox": {"xmin": 914, "ymin": 0, "ymax": 404, "xmax": 1142}}], [{"tid": 0, "generated": 0, "bbox": {"xmin": 71, "ymin": 161, "ymax": 714, "xmax": 956}}, {"tid": 1, "generated": 0, "bbox": {"xmin": 899, "ymin": 0, "ymax": 404, "xmax": 1127}}], [{"tid": 0, "generated": 0, "bbox": {"xmin": 69, "ymin": 151, "ymax": 698, "xmax": 944}}, {"tid": 1, "generated": 0, "bbox": {"xmin": 884, "ymin": 0, "ymax": 404, "xmax": 1112}}], [{"tid": 0, "generated": 0, "bbox": {"xmin": 69, "ymin": 140, "ymax": 696, "xmax": 919}}, {"tid": 1, "generated": 0, "bbox": {"xmin": 869, "ymin": 0, "ymax": 404, "xmax": 1097}}], [{"tid": 0, "generated": 0, "bbox": {"xmin": 78, "ymin": 147, "ymax": 682, "xmax": 897}}, {"tid": 1, "generated": 0, "bbox": {"xmin": 861, "ymin": 0, "ymax": 405, "xmax": 1089}}], [{"tid": 0, "generated": 0, "bbox": {"xmin": 78, "ymin": 145, "ymax": 680, "xmax": 892}}, {"tid": 1, "generated": 0, "bbox": {"xmin": 853, "ymin": 1, "ymax": 406, "xmax": 1081}}], [{"tid": 0, "generated": 0, "bbox": {"xmin": 78, "ymin": 149, "ymax": 680, "xmax": 862}}, {"tid": 1, "generated": 0, "bbox": {"xmin": 844, "ymin": 2, "ymax": 407, "xmax": 1072}}], [{"tid": 0, "generated": 0, "bbox": {"xmin": 80, "ymin": 147, "ymax": 661, "xmax": 865}}, {"tid": 1, "generated": 0, "bbox": {"xmin": 836, "ymin": 3, "ymax": 408, "xmax": 1064}}], [{"tid": 0, "generated": 0, "bbox": {"xmin": 80, "ymin": 138, "ymax": 663, "xmax": 840}}, {"tid": 1, "generated": 0, "bbox": {"xmin": 828, "ymin": 4, "ymax": 409, "xmax": 1056}}], [{"tid": 0, "generated": 0, "bbox": {"xmin": 80, "ymin": 120, "ymax": 661, "xmax": 821}}, {"tid": 1, "generated": 0, "bbox": {"xmin": 814, "ymin": 2, "ymax": 407, "xmax": 1042}}], [{"tid": 0, "generated": 0, "bbox": {"xmin": 80, "ymin": 120, "ymax": 647, "xmax": 803}}, {"tid": 1, "generated": 0, "bbox": {"xmin": 799, "ymin": 1, "ymax": 406, "xmax": 1027}}], [{"tid": 0, "generated": 0, "bbox": {"xmin": 76, "ymin": 108, "ymax": 643, "xmax": 800}}, {"tid": 1, "generated": 0, "bbox": {"xmin": 785, "ymin": 0, "ymax": 404, "xmax": 1013}}], [{"tid": 0, "generated": 0, "bbox": {"xmin": 76, "ymin": 101, "ymax": 642, "xmax": 791}}, {"tid": 1, "generated": 0, "bbox": {"xmin": 770, "ymin": 0, "ymax": 403, "xmax": 998}}], [{"tid": 0, "generated": 0, "bbox": {"xmin": 76, "ymin": 94, "ymax": 641, "xmax": 782}}, {"tid": 1, "generated": 0, "bbox": {"xmin": 756, "ymin": 0, "ymax": 401, "xmax": 984}}], [{"tid": 0, "generated": 0, "bbox": {"xmin": 72, "ymin": 78, "ymax": 634, "xmax": 764}}, {"tid": 1, "generated": 0, "bbox": {"xmin": 754, "ymin": 0, "ymax": 401, "xmax": 982}}], [{"tid": 0, "generated": 0, "bbox": {"xmin": 76, "ymin": 58, "ymax": 629, "xmax": 750}}, {"tid": 1, "generated": 0, "bbox": {"xmin": 752, "ymin": 0, "ymax": 401, "xmax": 980}}], [{"tid": 0, "generated": 0, "bbox": {"xmin": 85, "ymin": 60, "ymax": 627, "xmax": 750}}, {"tid": 1, "generated": 0, "bbox": {"xmin": 751, "ymin": 0, "ymax": 401, "xmax": 979}}], [{"tid": 0, "generated": 0, "bbox": {"xmin": 85, "ymin": 42, "ymax": 625, "xmax": 739}}, {"tid": 1, "generated": 0, "bbox": {"xmin": 749, "ymin": 0, "ymax": 401, "xmax": 977}}], [{"tid": 0, "generated": 0, "bbox": {"xmin": 88, "ymin": 26, "ymax": 618, "xmax": 732}}, {"tid": 1, "generated": 0, "bbox": {"xmin": 747, "ymin": 0, "ymax": 401, "xmax": 975}}], [{"tid": 0, "generated": 0, "bbox": {"xmin": 106, "ymin": 23, "ymax": 616, "xmax": 737}}, {"tid": 1, "generated": 0, "bbox": {"xmin": 747, "ymin": 0, "ymax": 399, "xmax": 975}}], [{"tid": 0, "generated": 0, "bbox": {"xmin": 113, "ymin": 10, "ymax": 615, "xmax": 736}}, {"tid": 1, "generated": 0, "bbox": {"xmin": 747, "ymin": 0, "ymax": 397, "xmax": 975}}], [{"tid": 0, "generated": 0, "bbox": {"xmin": 124, "ymin": 0, "ymax": 611, "xmax": 734}}, {"tid": 1, "generated": 0, "bbox": {"xmin": 747, "ymin": 0, "ymax": 396, "xmax": 975}}], [{"tid": 0, "generated": 0, "bbox": {"xmin": 131, "ymin": 0, "ymax": 602, "xmax": 748}}, {"tid": 1, "generated": 0, "bbox": {"xmin": 747, "ymin": 0, "ymax": 394, "xmax": 975}}], [{"tid": 0, "generated": 0, "bbox": {"xmin": 133, "ymin": 0, "ymax": 599, "xmax": 748}}, {"tid": 1, "generated": 0, "bbox": {"xmin": 747, "ymin": 0, "ymax": 392, "xmax": 975}}], [{"tid": 0, "generated": 0, "bbox": {"xmin": 145, "ymin": 0, "ymax": 597, "xmax": 748}}, {"tid": 1, "generated": 0, "bbox": {"xmin": 747, "ymin": 0, "ymax": 388, "xmax": 975}}], [{"tid": 0, "generated": 0, "bbox": {"xmin": 145, "ymin": 0, "ymax": 595, "xmax": 759}}, {"tid": 1, "generated": 0, "bbox": {"xmin": 747, "ymin": 0, "ymax": 383, "xmax": 975}}], [{"tid": 0, "generated": 0, "bbox": {"xmin": 161, "ymin": 0, "ymax": 593, "xmax": 759}}, {"tid": 1, "generated": 0, "bbox": {"xmin": 747, "ymin": 0, "ymax": 379, "xmax": 975}}], [{"tid": 0, "generated": 0, "bbox": {"xmin": 161, "ymin": 0, "ymax": 583, "xmax": 757}}, {"tid": 1, "generated": 0, "bbox": {"xmin": 747, "ymin": 0, "ymax": 374, "xmax": 975}}], [{"tid": 0, "generated": 0, "bbox": {"xmin": 165, "ymin": 0, "ymax": 583, "xmax": 760}}, {"tid": 1, "generated": 0, "bbox": {"xmin": 747, "ymin": 0, "ymax": 370, "xmax": 975}}], [{"tid": 0, "generated": 0, "bbox": {"xmin": 172, "ymin": 0, "ymax": 581, "xmax": 760}}, {"tid": 1, "generated": 0, "bbox": {"xmin": 747, "ymin": 0, "ymax": 368, "xmax": 975}}], [{"tid": 0, "generated": 0, "bbox": {"xmin": 172, "ymin": 0, "ymax": 579, "xmax": 764}}, {"tid": 1, "generated": 0, "bbox": {"xmin": 747, "ymin": 0, "ymax": 367, "xmax": 975}}], [{"tid": 0, "generated": 0, "bbox": {"xmin": 177, "ymin": 0, "ymax": 576, "xmax": 760}}, {"tid": 1, "generated": 0, "bbox": {"xmin": 747, "ymin": 0, "ymax": 365, "xmax": 975}}], [{"tid": 0, "generated": 0, "bbox": {"xmin": 177, "ymin": 0, "ymax": 574, "xmax": 766}}, {"tid": 1, "generated": 0, "bbox": {"xmin": 747, "ymin": 0, "ymax": 364, "xmax": 975}}], [{"tid": 0, "generated": 0, "bbox": {"xmin": 177, "ymin": 0, "ymax": 572, "xmax": 771}}, {"tid": 1, "generated": 0, "bbox": {"xmin": 747, "ymin": 0, "ymax": 362, "xmax": 975}}], [{"tid": 0, "generated": 0, "bbox": {"xmin": 177, "ymin": 0, "ymax": 572, "xmax": 778}}, {"tid": 1, "generated": 0, "bbox": {"xmin": 747, "ymin": 0, "ymax": 362, "xmax": 975}}], [{"tid": 0, "generated": 0, "bbox": {"xmin": 183, "ymin": 0, "ymax": 581, "xmax": 780}}, {"tid": 1, "generated": 0, "bbox": {"xmin": 747, "ymin": 0, "ymax": 362, "xmax": 975}}], [{"tid": 0, "generated": 0, "bbox": {"xmin": 172, "ymin": 0, "ymax": 579, "xmax": 780}}, {"tid": 1, "generated": 0, "bbox": {"xmin": 747, "ymin": 0, "ymax": 362, "xmax": 975}}], [{"tid": 0, "generated": 0, "bbox": {"xmin": 172, "ymin": 0, "ymax": 577, "xmax": 776}}, {"tid": 1, "generated": 0, "bbox": {"xmin": 747, "ymin": 0, "ymax": 362, "xmax": 975}}], [{"tid": 0, "generated": 0, "bbox": {"xmin": 172, "ymin": 0, "ymax": 586, "xmax": 775}}, {"tid": 1, "generated": 0, "bbox": {"xmin": 747, "ymin": 0, "ymax": 362, "xmax": 975}}]], "subject/objects": [{"category": "red_panda", "tid": 0}, {"category": "person", "tid": 1}], "relation_instances": [{"end_fid": 75, "subject_tid": 0, "predicate": "walk_front", "begin_fid": 45, "object_tid": 1}, {"end_fid": 75, "subject_tid": 1, "predicate": "stand_behind", "begin_fid": 45, "object_tid": 0}, {"end_fid": 75, "subject_tid": 1, "predicate": "taller", "begin_fid": 45, "object_tid": 0}, {"end_fid": 90, "subject_tid": 0, "predicate": "stand_front", "begin_fid": 60, "object_tid": 1}, {"end_fid": 90, "subject_tid": 1, "predicate": "stand_behind", "begin_fid": 60, "object_tid": 0}, {"end_fid": 90, "subject_tid": 1, "predicate": "taller", "begin_fid": 60, "object_tid": 0}], "height": 720}