{"width": 1280, "frame_count": 5492, "video_id": "ILSVRC2015_train_00790000", "fps": 29, "trajectories": [[], [], [], [], [], [], [], [], [], [], [], [], [], [], [], [], [], [], [], [], [], [], [], [], [], [], [], [], [], [], [], [], [], [], [], [], [], [], [], [], [], [], [], [], [], [], [], [], [], [], [], [], [], [], [], [], [], [], [], [], [], [], [], [], [], [], [], [], [], [], [], [], [], [], [], [], [], [], [], [], [], [], [], [], [], [], [], [], [], [], [], [], [], [], [], [], [], [], [], [], [], [], [], [], [], [], [], [], [], [], [], [], [], [], [], [], [], [], [], [], [], [], [], [], [], [], [], [], [], [], [], [], [], [], [], [], [], [], [], [], [], [], [], [], [], [], [], [], [], [], [], [], [], [], [], [], [], [], [], [], [], [], [], [], [], [], [], [], [], [], [], [], [], [], [], [], [], [], [], [], [], [], [], [], [], [], [], [], [], [], [], [], [], [], [], [], [], [], [], [], [], [], [], [], [], [], [], [], [], [], [], [], [], [], [], [], [], [], [], [], [], [], [], [], [], [], [], [], [], [], [], [], [], [], [], [], [], [], [], [], [], [], [], [], [], [], [], [], [], [], [], [], [], [], [], [], [], [], [], [], [], [], [], [], [], [], [], [], [], [], [], [], [], [], [], [], [], [], [], [], [], [], [], [], [], [], [], [], [], [], [], [], [], [], [], [], [], [], [], [], [], [], [], [], [], [], [], [], [], [], [], [], [], [], [], [], [], [], [], [], [], [], [], [], [], [], [], [], [], [], [], [], [], [], [], [], [], [], [], [], [], [], [], [], [], [], [], [], [], [], [], [], [], [], [], [], [], [], [], [], [], [], [], [], [], [], [], [], [], [], [], [], [], [], [], [], [], [], [], [], [], [], [], [], [], [], [], [], [], [], [], [], [], [], [], [], [], [], [], [], [], [], [], [], [], [], [], [], [], [], [], [], [], [], [], [], [], [], [], [], [], [], [], [], [], [], [], [], [], [], [], [], [], [], [], [], [], [], [], [], [], [], [], [], [], [], [], [], [], [], [], [], [], [], [], [], [], [], [], [], [], [], [], [], [], [], [], [], [], [], [], [], [], [], [], [], [], [], [], [], [], [], [], [], [], [], [], [], [], [], [], [], [], [], [], [], [], [], [], [], [], [], [], [], [], [], [], [], [], [], [], [], [], [], [], [], [], [], [], [], [], [], [], [], [], [], [], [], [], [], [], [], [], [], [], [], [], [], [], [], [], [], [], [], [], [], [], [], [], [], [], [], [], [], [], [], [], [], [], [], [], [], [], [], [], [], [], [], [], [], [], [], [], [], [], [], [], [], [], [], [], [], [], [], [], [], [], [], [], [], [], [], [], [], [], [], [], [], [], [], [], [], [], [], [], [], [], [], [], [], [], [], [], [], [], [], [], [], [], [], [], [], [], [], [], [], [], [], [], [], [], [], [], [], [], [], [], [], [], [], [], [], [], [], [], [], [], [], [], [], [], [], [], [], [], [], [], [], [], [], [], [], [], [], [], [], [], [], [], [], [], [], [], [], [], [], [], [], [], [], [], [], [], [], [], [], [], [], [], [], [], [], [], [], [], [], [], [], [], [], [], [], [], [], [], [], [], [], [], [], [], [], [], [], [], [], [], [], [], [], [], [], [], [], [], [], [], [], [], [], [], [], [], [], [], [], [], [], [], [], [], [], [], [], [], [], [], [], [], [], [], [], [], [], [], [], [], [], [], [], [], [], [], [], [], [], [], [], [], [], [], [], [], [], [], [], [], [], [], [], [], [], [], [], [], [], [], [], [], [], [], [], [], [], [], [], [], [], [], [], [], [], [], [], [], [], [], [], [], [], [], [], [], [], [], [], [], [], [], [], [], [], [], [], [], [], [], [], [], [], [], [], [], [], [], [], [], [], [], [], [], [], [], [], [], [], [], [], [], [], [], [], [], [], [], [], [], [], [], [], [], [], [], [], [], [], [], [], [], [], [], [], [], [], [], [], [], [], [], [], [], [], [], [], [], [], [], [], [], [], [], [], [], [], [], [], [], [], [], [], [], [], [], [], [], [], [], [], [], [], [], [], [], [], [], [], [], [], [], [], [], [], [], [], [], [], [], [], [], [], [], [], [], [], [], [], [], [], [], [], [], [], [], [], [], [], [], [], [], [], [], [], [], [], [], [], [], [], [], [], [], [], [], [], [], [], [], [], [], [], [], [], [], [], [], [], [], [], [], [], [], [], [], [], [], [], [], [], [], [], [], [], [], [], [], [], [], [], [], [], [], [], [], [], [], [], [], [], [], [], [], [], [], [], [], [], [], [], [], [], [], [], [], [], [], [], [], [], [], [], [], [], [], [], [], [], [], [], [], [], [], [], [], [], [], [], [], [], [], [], [], [], [], [], [], [], [], [], [], [], [], [], [], [], [], [], [], [], [], [], [], [], [], [], [], [], [], [], [], [], [], [], [], [], [], [], [], [], [], [], [], [], [], [], [], [], [], [], [], [], [], [], [], [], [], [], [], [], [], [], [], [], [], [], [], [], [], [], [], [], [], [], [], [], [], [], [], [], [], [], [], [], [], [], [], [], [], [], [], [], [], [], [], [], [], [], [], [], [], [], [], [], [], [], [], [], [], [], [], [], [], [], [], [], [], [], [], [], [], [], [], [], [], [], [], [], [], [], [], [], [], [], [], [], [], [], [], [], [], [], [], [], [], [], [], [], [], [], [], [], [], [], [], [], [], [], [], [], [], [], [], [], [], [], [], [], [], [], [], [], [], [], [], [], [], [], [], [], [], [], [], [], [], [], [], [], [], [], [], [], [], [], [], [], [], [], [], [], [], [], [], [], [], [], [], [], [], [], [], [], [], [], [], [], [], [], [], [], [], [], [], [], [], [], [], [], [], [], [], [], [], [], [], [], [], [], [], [], [], [], [], [], [], [], [], [], [], [], [], [], [], [], [], [], [], [], [], [], [], [], [], [], [], [], [], [], [], [], [], [], [], [], [], [], [], [], [], [], [], [], [], [], [], [], [], [], [], [], [], [], [], [], [], [], [], [], [], [], [], [], [], [], [], [], [], [], [], [], [], [], [], [], [], [], [], [], [], [], [], [], [], [], [], [], [], [], [], [], [], [], [], [], [], [], [], [], [], [], [], [], [], [], [], [], [], [], [], [], [], [], [], [], [], [], [], [], [], [], [], [], [], [], [], [], [], [], [], [], [], [], [], [], [], [], [], [], [], [], [], [], [], [], [], [], [], [], [], [], [], [], [], [], [], [], [], [], [], [], [], [], [], [], [], [], [], [], [], [], [], [], [], [], [], [], [], [], [], [], [], [], [], [], [], [], [], [], [], [], [], [], [], [], [], [], [], [], [], [], [], [], [], [], [], [], [], [], [], [], [], [], [], [], [], [], [], [], [], [], [], [], [], [], [], [], [], [], [], [], [], [], [], [], [], [], [], [], [], [], [], [], [], [], [], [], [], [], [], [], [], [], [], [], [], [], [], [], [], [], [], [], [], [], [], [], [], [], [], [], [], [], [], [], [], [], [], [], [], [], [], [], [], [], [], [], [], [], [], [], [], [], [], [], [], [], [], [], [], [], [], [], [], [], [], [], [], [], [], [], [], [], [], [], [], [], [], [], [], [], [], [], [], [], [], [], [], [], [], [], [], [], [], [], [], [], [], [], [], [], [], [], [], [], [], [], [], [], [], [], [], [], [], [], [], [], [], [], [], [], [], [], [], [], [], [], [], [], [], [], [], [], [], [], [], [], [], [], [], [], [], [], [], [], [], [], [], [], [], [], [], [], [], [], [], [], [], [], [], [], [], [], [], [], [], [], [], [], [], [], [], [], [], [], [], [], [], [], [], [], [], [], [], [], [], [], [], [], [], [], [], [], [], [], [], [], [], [], [], [], [], [], [], [], [], [], [], [], [], [], [], [], [], [], [], [], [], [], [], [], [], [], [], [], [], [], [], [], [], [], [], [], [], [], [], [], [], [], [], [], [], [], [], [], [], [], [], [], [], [], [], [], [], [], [], [], [], [], [], [], [], [], [], [], [], [], [], [], [], [], [], [], [], [], [], [], [], [], [], [], [], [], [], [], [], [], [], [], [], [], [], [], [], [], [], [], [], [], [], [], [], [], [], [], [], [], [], [], [], [], [], [], [], [], [], [], [], [], [], [], [], [], [], [], [], [], [], [], [], [], [], [], [], [], [], [], [], [], [], [], [], [], [], [], [], [], [], [], [], [], [], [], [], [], [], [], [], [], [], [], [], [], [], [], [], [], [], [], [], [], [], [], [], [], [], [], [], [], [], [], [], [], [], [], [], [], [], [], [], [], [], [], [], [], [], [], [], [], [], [], [], [], [], [], [], [], [], [], [], [], [], [], [], [], [], [], [], [], [], [], [], [], [], [], [], [], [], [], [], [], [], [], [], [], [], [], [], [], [], [], [], [], [], [], [], [], [], [], [], [], [], [], [], [], [], [], [], [], [], [], [], [], [], [], [], [], [], [], [], [], [], [], [], [], [], [], [], [], [], [], [], [], [], [], [], [], [], [], [], [], [], [], [], [], [], [], [], [], [], [], [], [], [], [], [], [], [], [], [], [], [], [], [], [], [], [], [], [], [], [], [], [], [], [], [], [], [], [], [], [], [], [], [], [], [], [], [], [], [], [], [], [], [], [], [], [], [], [], [], [], [], [], [], [], [], [], [], [], [], [], [], [], [], [], [], [], [], [], [], [], [], [], [], [], [], [], [], [], [], [], [], [], [], [], [], [], [], [], [], [], [], [], [], [], [], [], [], [], [], [], [], [], [], [], [], [], [], [], [], [], [], [], [], [], [], [], [], [], [], [], [], [], [], [], [], [], [], [], [], [], [], [], [], [], [], [], [], [], [], [], [], [], [], [], [], [], [], [], [], [], [], [], [], [], [], [], [], [], [], [], [], [], [], [], [], [], [], [], [], [], [], [], [], [], [], [], [], [], [], [], [], [], [], [], [], [], [], [], [], [], [], [], [], [], [], [], [], [], [], [], [], [], [], [], [], [], [], [], [], [], [], [], [], [], [], [], [], [], [], [], [], [], [], [], [], [], [], [], [], [], [], [], [], [], [], [], [], [], [], [], [], [], [], [], [], [], [], [], [], [], [], [], [], [], [], [], [], [], [], [], [], [], [], [], [], [], [], [], [], [], [], [], [], [], [], [], [], [], [], [], [], [], [], [], [], [], [], [], [], [], [], [], [], [], [], [], [], [], [], [], [], [], [], [], [], [], [], [], [], [], [], [], [], [], [], [], [], [], [], [], [], [], [], [], [], [], [], [], [], [], [], [], [], [], [], [], [], [], [], [], [], [], [], [], [], [], [], [], [], [], [], [], [], [], [], [], [], [], [], [], [], [], [], [], [], [], [], [], [], [], [], [], [], [], [], [], [], [], [], [], [], [], [], [], [], [], [], [], [], [], [], [], [], [], [], [], [], [], [], [], [], [], [], [], [], [], [], [], [], [], [], [], [], [], [], [], [], [], [], [], [], [], [], [], [], [], [], [], [], [], [], [], [], [], [], [], [], [], [], [], [], [], [], [], [], [], [], [], [], [], [], [], [], [], [], [], [], [], [], [], [], [], [], [], [], [], [], [], [], [], [], [], [], [], [], [], [], [], [], [], [], [], [], [], [], [], [], [], [], [], [], [], [], [], [], [], [], [], [], [], [], [], [], [], [], [], [], [], [], [], [], [], [], [], [], [], [], [], [], [], [], [], [], [], [], [], [], [], [], [], [], [], [], [], [], [], [], [], [], [], [], [], [], [], [], [], [], [], [], [], [], [], [], [], [], [], [], [], [], [], [], [], [], [], [], [], [], [], [], [], [], [], [], [], [], [], [], [], [], [], [], [], [], [], [], [], [], [], [], [], [], [], [], [], [], [], [], [], [], [], [], [], [], [], [], [], [], [], [], [], [], [], [], [], [], [], [], [], [], [], [], [], [], [], [], [], [], [], [], [], [], [], [], [], [], [], [], [], [], [], [], [], [], [], [], [], [], [], [], [], [], [], [], [], [], [], [], [], [], [], [], [], [], [], [], [], [], [], [], [], [], [], [], [], [], [], [], [], [], [], [], [], [], [], [], [], [], [], [], [], [], [], [], [], [], [], [], [], [], [], [], [], [], [], [], [], [], [], [], [], [], [], [], [], [], [], [], [], [], [], [], [], [], [], [], [], [], [], [], [], [], [], [], [], [], [], [], [], [], [], [], [], [], [], [], [], [], [], [], [], [], [], [], [], [], [], [], [], [], [], [], [], [], [], [], [], [], [], [], [], [], [], [], [], [], [], [], [], [], [], [], [], [], [], [], [], [], [], [], [], [], [], [], [], [], [], [], [], [], [], [], [], [], [], [], [], [], [], [], [], [], [], [], [], [], [], [], [], [], [], [], [], [], [], [], [], [], [], [], [], [], [], [], [], [], [], [], [], [], [], [], [], [], [], [], [], [], [], [], [], [], [], [], [], [], [], [], [], [], [], [], [], [], [], [], [], [], [], [], [], [], [], [], [], [], [], [], [], [], [], [], [], [], [], [], [], [], [], [], [], [], [], [], [], [], [], [], [], [], [], [], [], [], [], [], [], [], [], [], [], [], [], [], [], [], [], [], [], [], [], [], [], [], [], [], [], [], [], [], [], [], [], [], [], [], [], [], [], [], [], [], [], [], [], [], [], [], [], [], [], [], [], [], [], [], [], [], [], [], [], [], [], [], [], [], [], [], [], [], [], [], [], [], [], [], [], [], [], [], [], [], [], [], [], [], [], [], [], [], [], [], [], [], [], [], [], [], [], [], [], [], [], [], [], [], [], [], [], [], [], [], [], [], [], [], [], [], [], [], [], [], [], [], [], [], [], [], [], [], [], [], [], [], [], [], [], [], [], [], [], [], [], [], [], [], [], [], [], [], [], [], [], [], [], [], [], [], [], [], [], [], [], [], [], [], [], [], [], [], [], [], [], [], [], [], [], [], [], [], [], [], [], [], [], [], [], [], [], [], [], [], [], [], [], [], [], [], [], [], [], [], [], [], [], [], [], [], [], [], [], [], [], [], [], [], [], [], [], [], [], [], [], [], [], [], [], [], [], [], [], [], [], [], [], [], [], [], [], [], [], [], [], [], [], [], [], [], [], [], [], [], [], [], [], [], [], [], [], [], [], [], [], [], [], [], [], [], [], [], [], [], [], [], [], [], [], [], [], [], [], [], [], [], [], [], [], [], [], [], [], [], [], [], [], [], [], [], [], [], [], [], [], [], [], [], [], [], [], [], [], [], [], [], [], [], [], [], [], [], [], [], [], [], [], [], [], [], [], [], [], [], [], [], [], [], [], [], [], [], [], [], [], [], [], [], [], [], [], [], [], [], [], [], [], [], [], [], [], [], [], [], [], [], [], [], [], [], [], [], [], [], [], [], [], [], [], [], [], [], [], [], [], [], [], [], [], [], [], [], [], [], [], [], [], [], [], [], [], [], [], [], [], [], [], [], [], [], [], [], [], [], [], [], [], [], [], [], [], [], [], [], [], [], [], [], [], [], [], [], [], [], [], [], [], [], [], [], [], [], [], [], [], [], [], [], [], [], [], [], [], [], [], [], [], [], [], [], [], [], [], [], [], [], [], [], [], [], [], [], [], [], [], [], [], [], [], [], [], [], [], [], [], [], [], [], [], [], [], [], [], [], [], [], [], [], [], [], [], [], [], [], [], [], [], [], [], [], [], [], [], [], [], [], [], [], [], [], [], [], [], [], [], [], [], [], [], [], [], [], [], [], [], [], [], [], [], [], [], [], [], [], [], [], [], [], [], [], [], [], [], [], [], [], [], [], [], [], [], [], [], [], [], [], [], [], [], [], [], [], [], [], [], [], [], [], [], [], [], [], [], [], [], [], [], [], [], [], [], [], [], [], [], [], [], [], [], [], [], [], [], [], [], [], [], [], [], [], [], [], [], [], [], [], [], [], [], [], [], [], [], [], [], [], [], [], [], [], [], [], [], [], [], [], [], [], [], [], [], [], [], [], [], [], [], [], [], [], [], [], [], [], [], [], [], [], [], [], [], [], [], [], [], [], [], [], [], [], [], [], [], [], [], [], [], [], [], [], [], [], [], [], [], [], [], [], [], [], [], [], [], [], [], [], [], [], [], [], [], [], [], [], [], [], [], [], [], [], [], [], [], [], [], [], [], [], [], [], [], [], [], [], [], [], [], [], [], [], [], [], [], [], [], [], [], [], [], [], [], [], [], [], [], [], [], [], [], [], [], [], [], [], [], [], [], [], [], [], [], [], [], [], [], [], [], [], [], [], [], [], [], [], [], [], [], [], [], [], [], [], [], [], [], [], [], [], [], [], [], [], [], [], [], [], [], [], [], [], [], [], [], [], [], [], [], [], [], [], [], [], [], [], [], [], [], [], [], [], [], [], [], [], [], [], [], [], [], [], [], [], [], [], [], [], [], [], [], [], [], [], [], [], [], [], [], [], [], [], [], [], [], [], [], [], [], [], [], [], [], [], [], [], [], [], [], [], [], [], [], [], [], [], [], [], [], [], [], [], [], [], [], [], [], [], [], [], [], [], [], [], [], [], [], [], [], [], [], [], [], [], [], [], [], [], [], [], [], [], [], [], [], [], [], [], [], [], [], [], [], [], [], [], [], [], [], [], [], [], [], [], [], [], [], [], [], [], [], [], [], [], [], [], [], [], [], [], [], [], [], [], [], [], [], [], [], [], [], [], [], [], [], [], [], [], [], [], [], [], [], [], [], [], [], [], [], [], [], [], [], [], [], [], [], [], [], [], [], [], [], [], [], [], [], [], [], [], [], [], [], [], [], [], [], [], [], [], [], [], [], [], [], [], [], [], [], [], [], [], [], [], [], [], [], [], [], [], [], [], [], [], [], [], [], [], [], [], [], [], [], [], [], [], [], [], [], [], [], [], [], [], [], [], [], [], [], [], [], [], [], [], [], [], [], [], [], [], [], [], [], [], [], [], [], [], [], [], [], [], [], [], [], [], [], [], [], [], [], [], [], [], [], [], [], [], [], [], [], [], [], [], [], [], [], [], [], [], [], [], [], [], [], [], [], [], [], [], [], [], [], [], [], [], [], [], [], [], [], [], [], [], [], [], [], [], [], [], [], [], [], [], [], [], [], [], [], [], [], [], [], [], [], [], [], [], [], [], [], [], [], [], [], [], [], [], [], [], [], [], [], [], [], [], [], [], [], [], [], [], [], [], [], [], [], [], [], [], [], [], [], [], [], [], [], [], [], [], [], [], [], [], [], [], [], [], [], [], [], [], [], [], [], [], [], [], [], [], [], [], [], [], [], [], [], [], [], [], [], [], [{"tid": 0, "generated": 0, "bbox": {"xmin": 729, "ymin": 413, "ymax": 448, "xmax": 1055}}, {"tid": 1, "generated": 0, "bbox": {"xmin": 1188, "ymin": 287, "ymax": 315, "xmax": 1274}}], [{"tid": 0, "generated": 0, "bbox": {"xmin": 726, "ymin": 412, "ymax": 448, "xmax": 1054}}, {"tid": 1, "generated": 0, "bbox": {"xmin": 1186, "ymin": 287, "ymax": 314, "xmax": 1273}}], [{"tid": 0, "generated": 0, "bbox": {"xmin": 723, "ymin": 411, "ymax": 447, "xmax": 1054}}, {"tid": 1, "generated": 0, "bbox": {"xmin": 1184, "ymin": 286, "ymax": 313, "xmax": 1273}}], [{"tid": 0, "generated": 0, "bbox": {"xmin": 721, "ymin": 411, "ymax": 447, "xmax": 1053}}, {"tid": 1, "generated": 0, "bbox": {"xmin": 1182, "ymin": 286, "ymax": 313, "xmax": 1272}}], [{"tid": 0, "generated": 0, "bbox": {"xmin": 718, "ymin": 410, "ymax": 446, "xmax": 1052}}, {"tid": 1, "generated": 0, "bbox": {"xmin": 1180, "ymin": 286, "ymax": 312, "xmax": 1271}}], [{"tid": 0, "generated": 0, "bbox": {"xmin": 716, "ymin": 410, "ymax": 446, "xmax": 1052}}, {"tid": 1, "generated": 0, "bbox": {"xmin": 1178, "ymin": 286, "ymax": 312, "xmax": 1271}}], [{"tid": 0, "generated": 0, "bbox": {"xmin": 714, "ymin": 410, "ymax": 446, "xmax": 1051}}, {"tid": 1, "generated": 0, "bbox": {"xmin": 1176, "ymin": 285, "ymax": 312, "xmax": 1269}}], [{"tid": 0, "generated": 0, "bbox": {"xmin": 712, "ymin": 410, "ymax": 446, "xmax": 1051}}, {"tid": 1, "generated": 0, "bbox": {"xmin": 1175, "ymin": 285, "ymax": 312, "xmax": 1268}}], [{"tid": 0, "generated": 0, "bbox": {"xmin": 711, "ymin": 410, "ymax": 446, "xmax": 1051}}, {"tid": 1, "generated": 0, "bbox": {"xmin": 1174, "ymin": 285, "ymax": 312, "xmax": 1266}}], [{"tid": 0, "generated": 0, "bbox": {"xmin": 709, "ymin": 410, "ymax": 446, "xmax": 1051}}, {"tid": 1, "generated": 0, "bbox": {"xmin": 1173, "ymin": 285, "ymax": 312, "xmax": 1265}}], [{"tid": 0, "generated": 0, "bbox": {"xmin": 708, "ymin": 410, "ymax": 446, "xmax": 1050}}, {"tid": 1, "generated": 0, "bbox": {"xmin": 1171, "ymin": 285, "ymax": 312, "xmax": 1264}}], [{"tid": 0, "generated": 0, "bbox": {"xmin": 706, "ymin": 410, "ymax": 446, "xmax": 1050}}, {"tid": 1, "generated": 0, "bbox": {"xmin": 1170, "ymin": 285, "ymax": 312, "xmax": 1262}}], [{"tid": 0, "generated": 0, "bbox": {"xmin": 704, "ymin": 410, "ymax": 446, "xmax": 1050}}, {"tid": 1, "generated": 0, "bbox": {"xmin": 1169, "ymin": 285, "ymax": 312, "xmax": 1261}}], [{"tid": 0, "generated": 0, "bbox": {"xmin": 703, "ymin": 410, "ymax": 446, "xmax": 1050}}, {"tid": 1, "generated": 0, "bbox": {"xmin": 1168, "ymin": 285, "ymax": 312, "xmax": 1259}}], [{"tid": 0, "generated": 0, "bbox": {"xmin": 701, "ymin": 410, "ymax": 446, "xmax": 1049}}, {"tid": 1, "generated": 0, "bbox": {"xmin": 1167, "ymin": 285, "ymax": 312, "xmax": 1258}}], [{"tid": 0, "generated": 0, "bbox": {"xmin": 700, "ymin": 411, "ymax": 446, "xmax": 1049}}, {"tid": 1, "generated": 0, "bbox": {"xmin": 1165, "ymin": 284, "ymax": 312, "xmax": 1257}}], [{"tid": 0, "generated": 0, "bbox": {"xmin": 698, "ymin": 411, "ymax": 446, "xmax": 1049}}, {"tid": 1, "generated": 0, "bbox": {"xmin": 1164, "ymin": 284, "ymax": 312, "xmax": 1255}}], [{"tid": 0, "generated": 0, "bbox": {"xmin": 696, "ymin": 411, "ymax": 446, "xmax": 1049}}, {"tid": 1, "generated": 0, "bbox": {"xmin": 1163, "ymin": 284, "ymax": 312, "xmax": 1254}}], [{"tid": 0, "generated": 0, "bbox": {"xmin": 695, "ymin": 411, "ymax": 446, "xmax": 1048}}, {"tid": 1, "generated": 0, "bbox": {"xmin": 1162, "ymin": 284, "ymax": 312, "xmax": 1252}}], [{"tid": 0, "generated": 0, "bbox": {"xmin": 693, "ymin": 411, "ymax": 446, "xmax": 1048}}, {"tid": 1, "generated": 0, "bbox": {"xmin": 1160, "ymin": 284, "ymax": 312, "xmax": 1251}}], [{"tid": 0, "generated": 0, "bbox": {"xmin": 692, "ymin": 411, "ymax": 446, "xmax": 1048}}, {"tid": 1, "generated": 0, "bbox": {"xmin": 1159, "ymin": 284, "ymax": 312, "xmax": 1250}}], [{"tid": 0, "generated": 0, "bbox": {"xmin": 690, "ymin": 411, "ymax": 446, "xmax": 1048}}, {"tid": 1, "generated": 0, "bbox": {"xmin": 1158, "ymin": 284, "ymax": 312, "xmax": 1248}}], [{"tid": 0, "generated": 0, "bbox": {"xmin": 688, "ymin": 411, "ymax": 446, "xmax": 1047}}, {"tid": 1, "generated": 0, "bbox": {"xmin": 1157, "ymin": 284, "ymax": 312, "xmax": 1247}}], [{"tid": 0, "generated": 0, "bbox": {"xmin": 687, "ymin": 411, "ymax": 446, "xmax": 1047}}, {"tid": 1, "generated": 0, "bbox": {"xmin": 1156, "ymin": 284, "ymax": 312, "xmax": 1246}}], [{"tid": 0, "generated": 0, "bbox": {"xmin": 685, "ymin": 411, "ymax": 446, "xmax": 1047}}, {"tid": 1, "generated": 0, "bbox": {"xmin": 1154, "ymin": 283, "ymax": 312, "xmax": 1244}}], [{"tid": 0, "generated": 0, "bbox": {"xmin": 684, "ymin": 412, "ymax": 446, "xmax": 1047}}, {"tid": 1, "generated": 0, "bbox": {"xmin": 1153, "ymin": 283, "ymax": 312, "xmax": 1243}}], [{"tid": 0, "generated": 0, "bbox": {"xmin": 682, "ymin": 412, "ymax": 446, "xmax": 1047}}, {"tid": 1, "generated": 0, "bbox": {"xmin": 1152, "ymin": 283, "ymax": 312, "xmax": 1241}}], [{"tid": 0, "generated": 0, "bbox": {"xmin": 681, "ymin": 412, "ymax": 446, "xmax": 1048}}, {"tid": 1, "generated": 0, "bbox": {"xmin": 1151, "ymin": 283, "ymax": 312, "xmax": 1240}}], [{"tid": 0, "generated": 0, "bbox": {"xmin": 679, "ymin": 412, "ymax": 446, "xmax": 1048}}, {"tid": 1, "generated": 0, "bbox": {"xmin": 1149, "ymin": 283, "ymax": 312, "xmax": 1239}}], [{"tid": 0, "generated": 0, "bbox": {"xmin": 678, "ymin": 412, "ymax": 446, "xmax": 1049}}, {"tid": 1, "generated": 0, "bbox": {"xmin": 1148, "ymin": 283, "ymax": 312, "xmax": 1237}}], [{"tid": 0, "generated": 0, "bbox": {"xmin": 677, "ymin": 412, "ymax": 446, "xmax": 1050}}, {"tid": 1, "generated": 0, "bbox": {"xmin": 1147, "ymin": 283, "ymax": 312, "xmax": 1236}}], [{"tid": 0, "generated": 0, "bbox": {"xmin": 675, "ymin": 412, "ymax": 446, "xmax": 1050}}, {"tid": 1, "generated": 0, "bbox": {"xmin": 1146, "ymin": 283, "ymax": 312, "xmax": 1234}}], [{"tid": 0, "generated": 0, "bbox": {"xmin": 674, "ymin": 412, "ymax": 446, "xmax": 1051}}, {"tid": 1, "generated": 0, "bbox": {"xmin": 1145, "ymin": 283, "ymax": 312, "xmax": 1233}}], [{"tid": 0, "generated": 0, "bbox": {"xmin": 673, "ymin": 412, "ymax": 446, "xmax": 1051}}, {"tid": 1, "generated": 0, "bbox": {"xmin": 1143, "ymin": 282, "ymax": 312, "xmax": 1232}}], [{"tid": 0, "generated": 0, "bbox": {"xmin": 671, "ymin": 412, "ymax": 446, "xmax": 1052}}, {"tid": 1, "generated": 0, "bbox": {"xmin": 1142, "ymin": 282, "ymax": 312, "xmax": 1230}}], [{"tid": 0, "generated": 0, "bbox": {"xmin": 670, "ymin": 413, "ymax": 446, "xmax": 1053}}, {"tid": 1, "generated": 0, "bbox": {"xmin": 1141, "ymin": 282, "ymax": 312, "xmax": 1229}}], [{"tid": 0, "generated": 0, "bbox": {"xmin": 669, "ymin": 413, "ymax": 446, "xmax": 1053}}, {"tid": 1, "generated": 0, "bbox": {"xmin": 1140, "ymin": 282, "ymax": 312, "xmax": 1227}}], [{"tid": 0, "generated": 0, "bbox": {"xmin": 667, "ymin": 413, "ymax": 446, "xmax": 1054}}, {"tid": 1, "generated": 0, "bbox": {"xmin": 1138, "ymin": 282, "ymax": 312, "xmax": 1226}}], [{"tid": 0, "generated": 0, "bbox": {"xmin": 666, "ymin": 413, "ymax": 446, "xmax": 1054}}, {"tid": 1, "generated": 0, "bbox": {"xmin": 1137, "ymin": 282, "ymax": 312, "xmax": 1225}}], [{"tid": 0, "generated": 0, "bbox": {"xmin": 665, "ymin": 413, "ymax": 446, "xmax": 1055}}, {"tid": 1, "generated": 0, "bbox": {"xmin": 1136, "ymin": 282, "ymax": 312, "xmax": 1223}}], [{"tid": 0, "generated": 0, "bbox": {"xmin": 663, "ymin": 413, "ymax": 446, "xmax": 1056}}, {"tid": 1, "generated": 0, "bbox": {"xmin": 1135, "ymin": 282, "ymax": 312, "xmax": 1222}}], [{"tid": 0, "generated": 0, "bbox": {"xmin": 662, "ymin": 413, "ymax": 446, "xmax": 1056}}, {"tid": 1, "generated": 0, "bbox": {"xmin": 1134, "ymin": 282, "ymax": 312, "xmax": 1221}}], [{"tid": 0, "generated": 0, "bbox": {"xmin": 661, "ymin": 413, "ymax": 446, "xmax": 1057}}, {"tid": 1, "generated": 0, "bbox": {"xmin": 1132, "ymin": 281, "ymax": 311, "xmax": 1219}}], [{"tid": 0, "generated": 0, "bbox": {"xmin": 659, "ymin": 413, "ymax": 446, "xmax": 1057}}, {"tid": 1, "generated": 0, "bbox": {"xmin": 1131, "ymin": 280, "ymax": 310, "xmax": 1218}}], [{"tid": 0, "generated": 0, "bbox": {"xmin": 658, "ymin": 413, "ymax": 446, "xmax": 1058}}, {"tid": 1, "generated": 0, "bbox": {"xmin": 1129, "ymin": 280, "ymax": 310, "xmax": 1217}}], [], [], [], [], [], [], [], [], [], [], [], [], [], [], [], [], [], [], [], [], [], [], [], [], [], [], [], [], [], [], [], [], [], [], [], [], [], [], [], [], [], [], [], [], [], [], [], [], [], [], [], [], [], [], [], [], [], [], [], [], [], [], [], [], [], [], [], [], [], [], [], [], [], [], [], [], [], [], [], [], [], [], [], [], [], [], [], [], [], [], [], [], [], [], [], [], [], [], [], [], [], [], [], [], [], [], [], [], [], [], [], [], [], [], [], [], [], [], [], [], [], [], [], [], [], [], [], [], [], [], [], [], [], [], [], [], [], [], [], [], [], [], [], [], [], [], [], [], [], [], [], [], [], [], [], [], [], [], [], [], [], [], [], [], [], [], [], [], [], [], [], [], [], [], [], [], [], [], [], [], [{"tid": 0, "generated": 0, "bbox": {"xmin": 360, "ymin": 423, "ymax": 467, "xmax": 981}}, {"tid": 1, "generated": 0, "bbox": {"xmin": 840, "ymin": 288, "ymax": 325, "xmax": 929}}], [{"tid": 0, "generated": 0, "bbox": {"xmin": 359, "ymin": 422, "ymax": 466, "xmax": 980}}, {"tid": 1, "generated": 0, "bbox": {"xmin": 839, "ymin": 288, "ymax": 325, "xmax": 928}}], [{"tid": 0, "generated": 0, "bbox": {"xmin": 358, "ymin": 422, "ymax": 466, "xmax": 980}}, {"tid": 1, "generated": 0, "bbox": {"xmin": 837, "ymin": 288, "ymax": 325, "xmax": 927}}], [{"tid": 0, "generated": 0, "bbox": {"xmin": 357, "ymin": 422, "ymax": 466, "xmax": 980}}, {"tid": 1, "generated": 0, "bbox": {"xmin": 836, "ymin": 288, "ymax": 325, "xmax": 926}}], [{"tid": 0, "generated": 0, "bbox": {"xmin": 356, "ymin": 422, "ymax": 466, "xmax": 980}}, {"tid": 1, "generated": 0, "bbox": {"xmin": 835, "ymin": 288, "ymax": 325, "xmax": 925}}], [{"tid": 0, "generated": 0, "bbox": {"xmin": 355, "ymin": 422, "ymax": 465, "xmax": 980}}, {"tid": 1, "generated": 0, "bbox": {"xmin": 834, "ymin": 288, "ymax": 325, "xmax": 924}}], [{"tid": 0, "generated": 0, "bbox": {"xmin": 354, "ymin": 422, "ymax": 465, "xmax": 980}}, {"tid": 1, "generated": 0, "bbox": {"xmin": 833, "ymin": 288, "ymax": 325, "xmax": 923}}], [{"tid": 0, "generated": 0, "bbox": {"xmin": 354, "ymin": 422, "ymax": 465, "xmax": 980}}, {"tid": 1, "generated": 0, "bbox": {"xmin": 832, "ymin": 288, "ymax": 325, "xmax": 922}}], [{"tid": 0, "generated": 0, "bbox": {"xmin": 353, "ymin": 422, "ymax": 465, "xmax": 980}}, {"tid": 1, "generated": 0, "bbox": {"xmin": 830, "ymin": 288, "ymax": 325, "xmax": 920}}], [{"tid": 0, "generated": 0, "bbox": {"xmin": 352, "ymin": 422, "ymax": 464, "xmax": 980}}, {"tid": 1, "generated": 0, "bbox": {"xmin": 829, "ymin": 288, "ymax": 325, "xmax": 919}}], [{"tid": 0, "generated": 0, "bbox": {"xmin": 351, "ymin": 422, "ymax": 464, "xmax": 980}}, {"tid": 1, "generated": 0, "bbox": {"xmin": 828, "ymin": 288, "ymax": 325, "xmax": 918}}], [{"tid": 0, "generated": 0, "bbox": {"xmin": 350, "ymin": 421, "ymax": 464, "xmax": 979}}, {"tid": 1, "generated": 0, "bbox": {"xmin": 827, "ymin": 288, "ymax": 325, "xmax": 917}}], [{"tid": 0, "generated": 0, "bbox": {"xmin": 349, "ymin": 421, "ymax": 464, "xmax": 979}}, {"tid": 1, "generated": 0, "bbox": {"xmin": 826, "ymin": 288, "ymax": 325, "xmax": 916}}], [{"tid": 0, "generated": 0, "bbox": {"xmin": 348, "ymin": 421, "ymax": 463, "xmax": 979}}, {"tid": 1, "generated": 0, "bbox": {"xmin": 825, "ymin": 288, "ymax": 325, "xmax": 915}}], [{"tid": 0, "generated": 0, "bbox": {"xmin": 348, "ymin": 421, "ymax": 463, "xmax": 979}}, {"tid": 1, "generated": 0, "bbox": {"xmin": 823, "ymin": 288, "ymax": 325, "xmax": 914}}], [{"tid": 0, "generated": 0, "bbox": {"xmin": 347, "ymin": 421, "ymax": 463, "xmax": 979}}, {"tid": 1, "generated": 0, "bbox": {"xmin": 822, "ymin": 288, "ymax": 325, "xmax": 913}}], [{"tid": 0, "generated": 0, "bbox": {"xmin": 346, "ymin": 421, "ymax": 463, "xmax": 979}}, {"tid": 1, "generated": 0, "bbox": {"xmin": 821, "ymin": 288, "ymax": 325, "xmax": 912}}], [{"tid": 0, "generated": 0, "bbox": {"xmin": 345, "ymin": 421, "ymax": 462, "xmax": 979}}, {"tid": 1, "generated": 0, "bbox": {"xmin": 820, "ymin": 288, "ymax": 325, "xmax": 911}}], [{"tid": 0, "generated": 0, "bbox": {"xmin": 344, "ymin": 421, "ymax": 462, "xmax": 979}}, {"tid": 1, "generated": 0, "bbox": {"xmin": 819, "ymin": 288, "ymax": 325, "xmax": 910}}], [{"tid": 0, "generated": 0, "bbox": {"xmin": 343, "ymin": 421, "ymax": 462, "xmax": 979}}, {"tid": 1, "generated": 0, "bbox": {"xmin": 818, "ymin": 288, "ymax": 325, "xmax": 909}}], [{"tid": 0, "generated": 0, "bbox": {"xmin": 343, "ymin": 421, "ymax": 462, "xmax": 979}}, {"tid": 1, "generated": 0, "bbox": {"xmin": 817, "ymin": 289, "ymax": 325, "xmax": 908}}], [{"tid": 0, "generated": 0, "bbox": {"xmin": 342, "ymin": 420, "ymax": 461, "xmax": 978}}, {"tid": 1, "generated": 0, "bbox": {"xmin": 815, "ymin": 289, "ymax": 325, "xmax": 906}}], [{"tid": 0, "generated": 0, "bbox": {"xmin": 341, "ymin": 420, "ymax": 461, "xmax": 978}}, {"tid": 1, "generated": 0, "bbox": {"xmin": 814, "ymin": 289, "ymax": 325, "xmax": 905}}], [{"tid": 0, "generated": 0, "bbox": {"xmin": 341, "ymin": 420, "ymax": 461, "xmax": 978}}, {"tid": 1, "generated": 0, "bbox": {"xmin": 813, "ymin": 289, "ymax": 325, "xmax": 904}}], [{"tid": 0, "generated": 0, "bbox": {"xmin": 340, "ymin": 420, "ymax": 461, "xmax": 978}}, {"tid": 1, "generated": 0, "bbox": {"xmin": 812, "ymin": 289, "ymax": 325, "xmax": 903}}], [{"tid": 0, "generated": 0, "bbox": {"xmin": 339, "ymin": 420, "ymax": 461, "xmax": 978}}, {"tid": 1, "generated": 0, "bbox": {"xmin": 811, "ymin": 289, "ymax": 326, "xmax": 902}}], [{"tid": 0, "generated": 0, "bbox": {"xmin": 339, "ymin": 420, "ymax": 460, "xmax": 978}}, {"tid": 1, "generated": 0, "bbox": {"xmin": 810, "ymin": 289, "ymax": 326, "xmax": 900}}], [{"tid": 0, "generated": 0, "bbox": {"xmin": 338, "ymin": 420, "ymax": 460, "xmax": 978}}, {"tid": 1, "generated": 0, "bbox": {"xmin": 809, "ymin": 289, "ymax": 326, "xmax": 899}}], [{"tid": 0, "generated": 0, "bbox": {"xmin": 337, "ymin": 420, "ymax": 460, "xmax": 978}}, {"tid": 1, "generated": 0, "bbox": {"xmin": 807, "ymin": 290, "ymax": 326, "xmax": 898}}], [{"tid": 0, "generated": 0, "bbox": {"xmin": 337, "ymin": 420, "ymax": 460, "xmax": 978}}, {"tid": 1, "generated": 0, "bbox": {"xmin": 806, "ymin": 290, "ymax": 326, "xmax": 897}}], [], [], [], [], [], [], [], [], [], [], [], [], [], [], [], [], [], [], [], [], [], [], [], [], [], [], [], [], [], [], [], [], [], [], [], [], [], [], [], [], [], [], [], [], [], [], [], [], [], [], [], [], [], [], [], [], [], [], [], [], [], [], [], [], [], [], [], [], [], [], [], [], [], [], [], [], [], [], [], [], [], [], [], [], [], [], [], [], [], [], [], [], [], [], [], [], [], [], [], [], [], [], [], [], [], [{"tid": 0, "generated": 0, "bbox": {"xmin": 259, "ymin": 423, "ymax": 460, "xmax": 947}}, {"tid": 1, "generated": 0, "bbox": {"xmin": 684, "ymin": 291, "ymax": 327, "xmax": 775}}], [{"tid": 0, "generated": 0, "bbox": {"xmin": 258, "ymin": 423, "ymax": 460, "xmax": 947}}, {"tid": 1, "generated": 0, "bbox": {"xmin": 684, "ymin": 290, "ymax": 326, "xmax": 775}}], [{"tid": 0, "generated": 0, "bbox": {"xmin": 258, "ymin": 423, "ymax": 460, "xmax": 947}}, {"tid": 1, "generated": 0, "bbox": {"xmin": 684, "ymin": 290, "ymax": 326, "xmax": 775}}], [{"tid": 0, "generated": 0, "bbox": {"xmin": 257, "ymin": 423, "ymax": 460, "xmax": 947}}, {"tid": 1, "generated": 0, "bbox": {"xmin": 685, "ymin": 289, "ymax": 325, "xmax": 775}}], [{"tid": 0, "generated": 0, "bbox": {"xmin": 257, "ymin": 423, "ymax": 460, "xmax": 947}}, {"tid": 1, "generated": 0, "bbox": {"xmin": 685, "ymin": 289, "ymax": 325, "xmax": 775}}], [{"tid": 0, "generated": 0, "bbox": {"xmin": 257, "ymin": 424, "ymax": 460, "xmax": 947}}, {"tid": 1, "generated": 0, "bbox": {"xmin": 686, "ymin": 289, "ymax": 325, "xmax": 776}}], [{"tid": 0, "generated": 0, "bbox": {"xmin": 256, "ymin": 424, "ymax": 460, "xmax": 947}}, {"tid": 1, "generated": 0, "bbox": {"xmin": 685, "ymin": 289, "ymax": 325, "xmax": 775}}], [{"tid": 0, "generated": 0, "bbox": {"xmin": 256, "ymin": 424, "ymax": 460, "xmax": 947}}, {"tid": 1, "generated": 0, "bbox": {"xmin": 684, "ymin": 289, "ymax": 325, "xmax": 774}}], [{"tid": 0, "generated": 0, "bbox": {"xmin": 255, "ymin": 424, "ymax": 460, "xmax": 947}}, {"tid": 1, "generated": 0, "bbox": {"xmin": 684, "ymin": 289, "ymax": 325, "xmax": 774}}], [{"tid": 0, "generated": 0, "bbox": {"xmin": 255, "ymin": 424, "ymax": 461, "xmax": 947}}, {"tid": 1, "generated": 0, "bbox": {"xmin": 683, "ymin": 289, "ymax": 325, "xmax": 773}}], [{"tid": 0, "generated": 0, "bbox": {"xmin": 255, "ymin": 424, "ymax": 461, "xmax": 947}}, {"tid": 1, "generated": 0, "bbox": {"xmin": 683, "ymin": 289, "ymax": 325, "xmax": 773}}], [{"tid": 0, "generated": 0, "bbox": {"xmin": 254, "ymin": 424, "ymax": 461, "xmax": 947}}, {"tid": 1, "generated": 0, "bbox": {"xmin": 682, "ymin": 289, "ymax": 325, "xmax": 772}}], [{"tid": 0, "generated": 0, "bbox": {"xmin": 254, "ymin": 424, "ymax": 461, "xmax": 947}}, {"tid": 1, "generated": 0, "bbox": {"xmin": 682, "ymin": 290, "ymax": 325, "xmax": 772}}], [{"tid": 0, "generated": 0, "bbox": {"xmin": 254, "ymin": 424, "ymax": 462, "xmax": 947}}, {"tid": 1, "generated": 0, "bbox": {"xmin": 681, "ymin": 290, "ymax": 326, "xmax": 771}}], [{"tid": 0, "generated": 0, "bbox": {"xmin": 253, "ymin": 424, "ymax": 462, "xmax": 947}}, {"tid": 1, "generated": 0, "bbox": {"xmin": 681, "ymin": 290, "ymax": 326, "xmax": 771}}], [{"tid": 0, "generated": 0, "bbox": {"xmin": 253, "ymin": 424, "ymax": 462, "xmax": 947}}, {"tid": 1, "generated": 0, "bbox": {"xmin": 680, "ymin": 290, "ymax": 326, "xmax": 770}}], [{"tid": 0, "generated": 0, "bbox": {"xmin": 253, "ymin": 424, "ymax": 462, "xmax": 947}}, {"tid": 1, "generated": 0, "bbox": {"xmin": 679, "ymin": 290, "ymax": 326, "xmax": 770}}], [{"tid": 0, "generated": 0, "bbox": {"xmin": 252, "ymin": 424, "ymax": 463, "xmax": 947}}, {"tid": 1, "generated": 0, "bbox": {"xmin": 679, "ymin": 290, "ymax": 326, "xmax": 769}}], [{"tid": 0, "generated": 0, "bbox": {"xmin": 252, "ymin": 424, "ymax": 463, "xmax": 947}}, {"tid": 1, "generated": 0, "bbox": {"xmin": 678, "ymin": 290, "ymax": 326, "xmax": 769}}], [{"tid": 0, "generated": 0, "bbox": {"xmin": 252, "ymin": 424, "ymax": 463, "xmax": 947}}, {"tid": 1, "generated": 0, "bbox": {"xmin": 678, "ymin": 291, "ymax": 326, "xmax": 768}}], [{"tid": 0, "generated": 0, "bbox": {"xmin": 251, "ymin": 424, "ymax": 463, "xmax": 947}}, {"tid": 1, "generated": 0, "bbox": {"xmin": 677, "ymin": 291, "ymax": 326, "xmax": 768}}], [{"tid": 0, "generated": 0, "bbox": {"xmin": 251, "ymin": 424, "ymax": 464, "xmax": 947}}, {"tid": 1, "generated": 0, "bbox": {"xmin": 677, "ymin": 291, "ymax": 327, "xmax": 767}}], [{"tid": 0, "generated": 0, "bbox": {"xmin": 251, "ymin": 424, "ymax": 464, "xmax": 947}}, {"tid": 1, "generated": 0, "bbox": {"xmin": 676, "ymin": 291, "ymax": 327, "xmax": 767}}], [{"tid": 0, "generated": 0, "bbox": {"xmin": 250, "ymin": 424, "ymax": 464, "xmax": 947}}, {"tid": 1, "generated": 0, "bbox": {"xmin": 676, "ymin": 291, "ymax": 327, "xmax": 766}}], [{"tid": 0, "generated": 0, "bbox": {"xmin": 250, "ymin": 424, "ymax": 464, "xmax": 947}}, {"tid": 1, "generated": 0, "bbox": {"xmin": 675, "ymin": 291, "ymax": 327, "xmax": 766}}], [{"tid": 0, "generated": 0, "bbox": {"xmin": 250, "ymin": 424, "ymax": 465, "xmax": 947}}, {"tid": 1, "generated": 0, "bbox": {"xmin": 675, "ymin": 292, "ymax": 327, "xmax": 765}}], [{"tid": 0, "generated": 0, "bbox": {"xmin": 250, "ymin": 424, "ymax": 464, "xmax": 947}}, {"tid": 1, "generated": 0, "bbox": {"xmin": 674, "ymin": 292, "ymax": 327, "xmax": 764}}], [{"tid": 0, "generated": 0, "bbox": {"xmin": 250, "ymin": 424, "ymax": 464, "xmax": 948}}, {"tid": 1, "generated": 0, "bbox": {"xmin": 673, "ymin": 292, "ymax": 327, "xmax": 764}}], [{"tid": 0, "generated": 0, "bbox": {"xmin": 250, "ymin": 424, "ymax": 464, "xmax": 948}}, {"tid": 1, "generated": 0, "bbox": {"xmin": 673, "ymin": 292, "ymax": 327, "xmax": 763}}], [{"tid": 0, "generated": 0, "bbox": {"xmin": 250, "ymin": 424, "ymax": 464, "xmax": 949}}, {"tid": 1, "generated": 0, "bbox": {"xmin": 672, "ymin": 292, "ymax": 328, "xmax": 763}}], [], [], [], [], [], [], [], [], [], [], [], [], [], [], [], [], [], [], [], [], [], [], [], [], [], [], [], [], [], [], [], [], [], [], [], [], [], [], [], [], [], [], [], [], [], [], [], [], [], [], [], [], [], [], [], [], [], [], [], [], [], [], [], [], [], [], [], [], [], [], [], [], [], [], [], [], [], [], [], [], [], [], [], [], [], [], [], [], [], [], [], [], [], [], [], [], [], [], [], [], [], [], [], [], [], [{"tid": 0, "generated": 0, "bbox": {"xmin": 257, "ymin": 430, "ymax": 467, "xmax": 988}}, {"tid": 1, "generated": 0, "bbox": {"xmin": 618, "ymin": 296, "ymax": 332, "xmax": 709}}], [{"tid": 0, "generated": 0, "bbox": {"xmin": 257, "ymin": 430, "ymax": 467, "xmax": 988}}, {"tid": 1, "generated": 0, "bbox": {"xmin": 617, "ymin": 296, "ymax": 332, "xmax": 708}}], [{"tid": 0, "generated": 0, "bbox": {"xmin": 258, "ymin": 430, "ymax": 467, "xmax": 988}}, {"tid": 1, "generated": 0, "bbox": {"xmin": 616, "ymin": 296, "ymax": 332, "xmax": 707}}], [{"tid": 0, "generated": 0, "bbox": {"xmin": 258, "ymin": 430, "ymax": 467, "xmax": 989}}, {"tid": 1, "generated": 0, "bbox": {"xmin": 615, "ymin": 296, "ymax": 332, "xmax": 706}}], [{"tid": 0, "generated": 0, "bbox": {"xmin": 258, "ymin": 430, "ymax": 467, "xmax": 989}}, {"tid": 1, "generated": 0, "bbox": {"xmin": 615, "ymin": 296, "ymax": 332, "xmax": 706}}], [{"tid": 0, "generated": 0, "bbox": {"xmin": 259, "ymin": 430, "ymax": 467, "xmax": 990}}, {"tid": 1, "generated": 0, "bbox": {"xmin": 614, "ymin": 296, "ymax": 332, "xmax": 705}}], [{"tid": 0, "generated": 0, "bbox": {"xmin": 259, "ymin": 430, "ymax": 467, "xmax": 990}}, {"tid": 1, "generated": 0, "bbox": {"xmin": 613, "ymin": 296, "ymax": 332, "xmax": 704}}], [{"tid": 0, "generated": 0, "bbox": {"xmin": 259, "ymin": 430, "ymax": 467, "xmax": 990}}, {"tid": 1, "generated": 0, "bbox": {"xmin": 613, "ymin": 296, "ymax": 332, "xmax": 704}}], [{"tid": 0, "generated": 0, "bbox": {"xmin": 260, "ymin": 430, "ymax": 467, "xmax": 991}}, {"tid": 1, "generated": 0, "bbox": {"xmin": 612, "ymin": 296, "ymax": 332, "xmax": 703}}], [{"tid": 0, "generated": 0, "bbox": {"xmin": 260, "ymin": 430, "ymax": 467, "xmax": 991}}, {"tid": 1, "generated": 0, "bbox": {"xmin": 611, "ymin": 296, "ymax": 332, "xmax": 702}}], [{"tid": 0, "generated": 0, "bbox": {"xmin": 261, "ymin": 430, "ymax": 467, "xmax": 992}}, {"tid": 1, "generated": 0, "bbox": {"xmin": 611, "ymin": 296, "ymax": 332, "xmax": 702}}], [{"tid": 0, "generated": 0, "bbox": {"xmin": 261, "ymin": 430, "ymax": 466, "xmax": 992}}, {"tid": 1, "generated": 0, "bbox": {"xmin": 610, "ymin": 296, "ymax": 332, "xmax": 701}}], [{"tid": 0, "generated": 0, "bbox": {"xmin": 261, "ymin": 430, "ymax": 466, "xmax": 992}}, {"tid": 1, "generated": 0, "bbox": {"xmin": 609, "ymin": 296, "ymax": 332, "xmax": 700}}], [{"tid": 0, "generated": 0, "bbox": {"xmin": 261, "ymin": 430, "ymax": 466, "xmax": 993}}, {"tid": 1, "generated": 0, "bbox": {"xmin": 609, "ymin": 296, "ymax": 332, "xmax": 700}}], [{"tid": 0, "generated": 0, "bbox": {"xmin": 261, "ymin": 430, "ymax": 466, "xmax": 993}}, {"tid": 1, "generated": 0, "bbox": {"xmin": 608, "ymin": 296, "ymax": 332, "xmax": 699}}], [{"tid": 0, "generated": 0, "bbox": {"xmin": 261, "ymin": 430, "ymax": 466, "xmax": 993}}, {"tid": 1, "generated": 0, "bbox": {"xmin": 608, "ymin": 296, "ymax": 332, "xmax": 699}}], [{"tid": 0, "generated": 0, "bbox": {"xmin": 261, "ymin": 430, "ymax": 466, "xmax": 994}}, {"tid": 1, "generated": 0, "bbox": {"xmin": 607, "ymin": 296, "ymax": 332, "xmax": 698}}], [{"tid": 0, "generated": 0, "bbox": {"xmin": 261, "ymin": 430, "ymax": 466, "xmax": 994}}, {"tid": 1, "generated": 0, "bbox": {"xmin": 607, "ymin": 296, "ymax": 332, "xmax": 698}}], [{"tid": 0, "generated": 0, "bbox": {"xmin": 261, "ymin": 430, "ymax": 466, "xmax": 994}}, {"tid": 1, "generated": 0, "bbox": {"xmin": 606, "ymin": 297, "ymax": 333, "xmax": 697}}], [{"tid": 0, "generated": 0, "bbox": {"xmin": 261, "ymin": 430, "ymax": 466, "xmax": 995}}, {"tid": 1, "generated": 0, "bbox": {"xmin": 606, "ymin": 297, "ymax": 333, "xmax": 697}}], [{"tid": 0, "generated": 0, "bbox": {"xmin": 262, "ymin": 430, "ymax": 466, "xmax": 995}}, {"tid": 1, "generated": 0, "bbox": {"xmin": 605, "ymin": 297, "ymax": 333, "xmax": 696}}], [{"tid": 0, "generated": 0, "bbox": {"xmin": 262, "ymin": 430, "ymax": 465, "xmax": 995}}, {"tid": 1, "generated": 0, "bbox": {"xmin": 605, "ymin": 297, "ymax": 333, "xmax": 696}}], [{"tid": 0, "generated": 0, "bbox": {"xmin": 262, "ymin": 430, "ymax": 465, "xmax": 996}}, {"tid": 1, "generated": 0, "bbox": {"xmin": 604, "ymin": 297, "ymax": 333, "xmax": 695}}], [{"tid": 0, "generated": 0, "bbox": {"xmin": 262, "ymin": 430, "ymax": 465, "xmax": 996}}, {"tid": 1, "generated": 0, "bbox": {"xmin": 604, "ymin": 297, "ymax": 333, "xmax": 695}}], [{"tid": 0, "generated": 0, "bbox": {"xmin": 262, "ymin": 430, "ymax": 465, "xmax": 996}}, {"tid": 1, "generated": 0, "bbox": {"xmin": 603, "ymin": 297, "ymax": 333, "xmax": 694}}], [{"tid": 0, "generated": 0, "bbox": {"xmin": 262, "ymin": 430, "ymax": 465, "xmax": 997}}, {"tid": 1, "generated": 0, "bbox": {"xmin": 603, "ymin": 298, "ymax": 334, "xmax": 694}}], [{"tid": 0, "generated": 0, "bbox": {"xmin": 262, "ymin": 430, "ymax": 465, "xmax": 997}}, {"tid": 1, "generated": 0, "bbox": {"xmin": 602, "ymin": 298, "ymax": 334, "xmax": 693}}], [{"tid": 0, "generated": 0, "bbox": {"xmin": 262, "ymin": 430, "ymax": 465, "xmax": 997}}, {"tid": 1, "generated": 0, "bbox": {"xmin": 601, "ymin": 298, "ymax": 334, "xmax": 692}}], [{"tid": 0, "generated": 0, "bbox": {"xmin": 262, "ymin": 430, "ymax": 465, "xmax": 998}}, {"tid": 1, "generated": 0, "bbox": {"xmin": 601, "ymin": 298, "ymax": 334, "xmax": 692}}], [{"tid": 0, "generated": 0, "bbox": {"xmin": 262, "ymin": 430, "ymax": 465, "xmax": 998}}, {"tid": 1, "generated": 0, "bbox": {"xmin": 600, "ymin": 298, "ymax": 334, "xmax": 691}}], [], [], [], [], [], [], [], [], [], [], [], [], [], [], [], [], [], [], [], [], [], [], [], [], [], [], [], [], [], [], [], [], [], [], [], [], [], [], [], [], [], [], [], [], [], [], [], [], [], [], [], [], [], [], [], [], [], [], [], [], [], [], [], [], [], [], [], [], [], [], [], [], [], [], [], [], [], [], [], [], [], [], [], [], [], [], [], [], [], [], [], [], [], [], [], [], [], [], [], [], [], [], [], [], [], [], [], [], [], [], [], [], [], [], [], [], [], [], [], [], [], [], [], [], [], [], [], [], [], [], [], [], [], [], [], [], [], [], [], [], [], [], [], [], [], [], [], [], [], [], [], [], [], [], [], [], [], [], [], [], [], [], [], [], [], [], [], [], [], [], [], [], [], [], [], [], [], [], [], [], [{"tid": 0, "generated": 0, "bbox": {"xmin": 293, "ymin": 453, "ymax": 487, "xmax": 972}}, {"tid": 1, "generated": 0, "bbox": {"xmin": 499, "ymin": 311, "ymax": 343, "xmax": 581}}], [{"tid": 0, "generated": 0, "bbox": {"xmin": 292, "ymin": 453, "ymax": 487, "xmax": 971}}, {"tid": 1, "generated": 0, "bbox": {"xmin": 498, "ymin": 311, "ymax": 343, "xmax": 580}}], [{"tid": 0, "generated": 0, "bbox": {"xmin": 292, "ymin": 453, "ymax": 487, "xmax": 971}}, {"tid": 1, "generated": 0, "bbox": {"xmin": 498, "ymin": 311, "ymax": 343, "xmax": 580}}], [{"tid": 0, "generated": 0, "bbox": {"xmin": 292, "ymin": 453, "ymax": 487, "xmax": 971}}, {"tid": 1, "generated": 0, "bbox": {"xmin": 497, "ymin": 311, "ymax": 343, "xmax": 579}}], [{"tid": 0, "generated": 0, "bbox": {"xmin": 292, "ymin": 453, "ymax": 488, "xmax": 971}}, {"tid": 1, "generated": 0, "bbox": {"xmin": 497, "ymin": 311, "ymax": 343, "xmax": 579}}], [{"tid": 0, "generated": 0, "bbox": {"xmin": 292, "ymin": 453, "ymax": 488, "xmax": 970}}, {"tid": 1, "generated": 0, "bbox": {"xmin": 496, "ymin": 311, "ymax": 343, "xmax": 578}}], [{"tid": 0, "generated": 0, "bbox": {"xmin": 292, "ymin": 453, "ymax": 488, "xmax": 970}}, {"tid": 1, "generated": 0, "bbox": {"xmin": 496, "ymin": 311, "ymax": 343, "xmax": 578}}], [{"tid": 0, "generated": 0, "bbox": {"xmin": 292, "ymin": 453, "ymax": 488, "xmax": 970}}, {"tid": 1, "generated": 0, "bbox": {"xmin": 495, "ymin": 311, "ymax": 343, "xmax": 577}}], [{"tid": 0, "generated": 0, "bbox": {"xmin": 292, "ymin": 453, "ymax": 489, "xmax": 970}}, {"tid": 1, "generated": 0, "bbox": {"xmin": 495, "ymin": 311, "ymax": 343, "xmax": 577}}], [{"tid": 0, "generated": 0, "bbox": {"xmin": 292, "ymin": 453, "ymax": 489, "xmax": 969}}, {"tid": 1, "generated": 0, "bbox": {"xmin": 494, "ymin": 311, "ymax": 343, "xmax": 576}}], [{"tid": 0, "generated": 0, "bbox": {"xmin": 292, "ymin": 453, "ymax": 489, "xmax": 969}}, {"tid": 1, "generated": 0, "bbox": {"xmin": 494, "ymin": 311, "ymax": 343, "xmax": 576}}], [{"tid": 0, "generated": 0, "bbox": {"xmin": 291, "ymin": 453, "ymax": 489, "xmax": 969}}, {"tid": 1, "generated": 0, "bbox": {"xmin": 494, "ymin": 311, "ymax": 343, "xmax": 576}}], [{"tid": 0, "generated": 0, "bbox": {"xmin": 291, "ymin": 453, "ymax": 490, "xmax": 969}}, {"tid": 1, "generated": 0, "bbox": {"xmin": 493, "ymin": 311, "ymax": 343, "xmax": 575}}], [{"tid": 0, "generated": 0, "bbox": {"xmin": 291, "ymin": 453, "ymax": 490, "xmax": 968}}, {"tid": 1, "generated": 0, "bbox": {"xmin": 493, "ymin": 311, "ymax": 343, "xmax": 575}}], [{"tid": 0, "generated": 0, "bbox": {"xmin": 291, "ymin": 453, "ymax": 490, "xmax": 968}}, {"tid": 1, "generated": 0, "bbox": {"xmin": 492, "ymin": 311, "ymax": 343, "xmax": 574}}], [{"tid": 0, "generated": 0, "bbox": {"xmin": 291, "ymin": 453, "ymax": 490, "xmax": 968}}, {"tid": 1, "generated": 0, "bbox": {"xmin": 492, "ymin": 311, "ymax": 343, "xmax": 574}}], [{"tid": 0, "generated": 0, "bbox": {"xmin": 291, "ymin": 453, "ymax": 491, "xmax": 968}}, {"tid": 1, "generated": 0, "bbox": {"xmin": 491, "ymin": 311, "ymax": 343, "xmax": 573}}], [{"tid": 0, "generated": 0, "bbox": {"xmin": 291, "ymin": 453, "ymax": 491, "xmax": 967}}, {"tid": 1, "generated": 0, "bbox": {"xmin": 491, "ymin": 311, "ymax": 343, "xmax": 573}}], [{"tid": 0, "generated": 0, "bbox": {"xmin": 291, "ymin": 453, "ymax": 491, "xmax": 967}}, {"tid": 1, "generated": 0, "bbox": {"xmin": 490, "ymin": 311, "ymax": 343, "xmax": 572}}], [{"tid": 0, "generated": 0, "bbox": {"xmin": 291, "ymin": 453, "ymax": 491, "xmax": 967}}, {"tid": 1, "generated": 0, "bbox": {"xmin": 490, "ymin": 311, "ymax": 343, "xmax": 572}}], [{"tid": 0, "generated": 0, "bbox": {"xmin": 291, "ymin": 453, "ymax": 492, "xmax": 967}}, {"tid": 1, "generated": 0, "bbox": {"xmin": 490, "ymin": 311, "ymax": 343, "xmax": 572}}], [{"tid": 0, "generated": 0, "bbox": {"xmin": 291, "ymin": 452, "ymax": 491, "xmax": 966}}, {"tid": 1, "generated": 0, "bbox": {"xmin": 490, "ymin": 310, "ymax": 342, "xmax": 572}}], [{"tid": 0, "generated": 0, "bbox": {"xmin": 291, "ymin": 452, "ymax": 491, "xmax": 966}}, {"tid": 1, "generated": 0, "bbox": {"xmin": 490, "ymin": 310, "ymax": 342, "xmax": 572}}], [{"tid": 0, "generated": 0, "bbox": {"xmin": 291, "ymin": 452, "ymax": 491, "xmax": 966}}, {"tid": 1, "generated": 0, "bbox": {"xmin": 491, "ymin": 310, "ymax": 342, "xmax": 573}}], [{"tid": 0, "generated": 0, "bbox": {"xmin": 292, "ymin": 452, "ymax": 491, "xmax": 966}}, {"tid": 1, "generated": 0, "bbox": {"xmin": 491, "ymin": 310, "ymax": 342, "xmax": 573}}], [{"tid": 0, "generated": 0, "bbox": {"xmin": 292, "ymin": 452, "ymax": 491, "xmax": 966}}, {"tid": 1, "generated": 0, "bbox": {"xmin": 491, "ymin": 310, "ymax": 342, "xmax": 573}}], [{"tid": 0, "generated": 0, "bbox": {"xmin": 292, "ymin": 452, "ymax": 490, "xmax": 965}}, {"tid": 1, "generated": 0, "bbox": {"xmin": 492, "ymin": 310, "ymax": 342, "xmax": 574}}], [{"tid": 0, "generated": 0, "bbox": {"xmin": 292, "ymin": 452, "ymax": 490, "xmax": 965}}, {"tid": 1, "generated": 0, "bbox": {"xmin": 492, "ymin": 310, "ymax": 342, "xmax": 574}}], [{"tid": 0, "generated": 0, "bbox": {"xmin": 293, "ymin": 452, "ymax": 490, "xmax": 965}}, {"tid": 1, "generated": 0, "bbox": {"xmin": 492, "ymin": 310, "ymax": 342, "xmax": 574}}], [{"tid": 0, "generated": 0, "bbox": {"xmin": 293, "ymin": 452, "ymax": 490, "xmax": 965}}, {"tid": 1, "generated": 0, "bbox": {"xmin": 493, "ymin": 310, "ymax": 342, "xmax": 575}}], [], [], [], [], [], [], [], [], [], [], [], [], [], [], [], [], [], [], [], [], [], [], [], [], [], [], [], [], [], [], [], [], [], [], [], [], [], [], [], [], [], [], [], [], [], [], [], [], [], [], [], [], [], [], [], [], [], [], [], [], [], [], [], [], [], [], [], [], [], [], [], [], [], [], [], [], [], [], [], [], [], [], [], [], [], [], [], [], [], [], [], [], [], [], [], [], [], [], [], [], [], [], [], [], [], [], [], [], [], [], [], [], [], [], [], [], [], [], [], [], [], [], [], [], [], [], [], [], [], [], [], [], [], [], [], [], [], [], [], [], [], [], [], [], [], [], [], [], [], [], [], [], [], [], [], [], [], [], [], [], [], [], [], [], [], [], [], [], [], [], [], [], [], [], [], [], [], [], [], [], [], [], [], [], [], [], [], [], [], [], [], [], [], [], [], [{"tid": 0, "generated": 0, "bbox": {"xmin": 402, "ymin": 458, "ymax": 486, "xmax": 992}}, {"tid": 1, "generated": 0, "bbox": {"xmin": 612, "ymin": 324, "ymax": 356, "xmax": 694}}], [{"tid": 0, "generated": 0, "bbox": {"xmin": 403, "ymin": 458, "ymax": 485, "xmax": 991}}, {"tid": 1, "generated": 0, "bbox": {"xmin": 613, "ymin": 324, "ymax": 356, "xmax": 695}}], [{"tid": 0, "generated": 0, "bbox": {"xmin": 404, "ymin": 458, "ymax": 485, "xmax": 991}}, {"tid": 1, "generated": 0, "bbox": {"xmin": 615, "ymin": 324, "ymax": 356, "xmax": 697}}], [{"tid": 0, "generated": 0, "bbox": {"xmin": 405, "ymin": 458, "ymax": 485, "xmax": 990}}, {"tid": 1, "generated": 0, "bbox": {"xmin": 616, "ymin": 324, "ymax": 356, "xmax": 698}}], [{"tid": 0, "generated": 0, "bbox": {"xmin": 406, "ymin": 458, "ymax": 485, "xmax": 990}}, {"tid": 1, "generated": 0, "bbox": {"xmin": 617, "ymin": 324, "ymax": 356, "xmax": 699}}], [{"tid": 0, "generated": 0, "bbox": {"xmin": 407, "ymin": 458, "ymax": 485, "xmax": 989}}, {"tid": 1, "generated": 0, "bbox": {"xmin": 619, "ymin": 325, "ymax": 357, "xmax": 701}}], [{"tid": 0, "generated": 0, "bbox": {"xmin": 408, "ymin": 458, "ymax": 484, "xmax": 988}}, {"tid": 1, "generated": 0, "bbox": {"xmin": 620, "ymin": 325, "ymax": 357, "xmax": 702}}], [{"tid": 0, "generated": 0, "bbox": {"xmin": 409, "ymin": 458, "ymax": 484, "xmax": 988}}, {"tid": 1, "generated": 0, "bbox": {"xmin": 621, "ymin": 325, "ymax": 357, "xmax": 703}}], [{"tid": 0, "generated": 0, "bbox": {"xmin": 410, "ymin": 458, "ymax": 484, "xmax": 987}}, {"tid": 1, "generated": 0, "bbox": {"xmin": 622, "ymin": 325, "ymax": 357, "xmax": 704}}], [{"tid": 0, "generated": 0, "bbox": {"xmin": 411, "ymin": 458, "ymax": 484, "xmax": 987}}, {"tid": 1, "generated": 0, "bbox": {"xmin": 624, "ymin": 325, "ymax": 357, "xmax": 706}}], [{"tid": 0, "generated": 0, "bbox": {"xmin": 412, "ymin": 458, "ymax": 484, "xmax": 986}}, {"tid": 1, "generated": 0, "bbox": {"xmin": 625, "ymin": 326, "ymax": 358, "xmax": 707}}], [{"tid": 0, "generated": 0, "bbox": {"xmin": 413, "ymin": 458, "ymax": 483, "xmax": 986}}, {"tid": 1, "generated": 0, "bbox": {"xmin": 626, "ymin": 326, "ymax": 358, "xmax": 708}}], [{"tid": 0, "generated": 0, "bbox": {"xmin": 414, "ymin": 458, "ymax": 483, "xmax": 985}}, {"tid": 1, "generated": 0, "bbox": {"xmin": 628, "ymin": 326, "ymax": 358, "xmax": 710}}], [{"tid": 0, "generated": 0, "bbox": {"xmin": 415, "ymin": 458, "ymax": 483, "xmax": 985}}, {"tid": 1, "generated": 0, "bbox": {"xmin": 629, "ymin": 326, "ymax": 358, "xmax": 711}}], [{"tid": 0, "generated": 0, "bbox": {"xmin": 416, "ymin": 458, "ymax": 483, "xmax": 984}}, {"tid": 1, "generated": 0, "bbox": {"xmin": 630, "ymin": 326, "ymax": 358, "xmax": 712}}], [{"tid": 0, "generated": 0, "bbox": {"xmin": 417, "ymin": 458, "ymax": 483, "xmax": 984}}, {"tid": 1, "generated": 0, "bbox": {"xmin": 632, "ymin": 327, "ymax": 359, "xmax": 714}}], [{"tid": 0, "generated": 0, "bbox": {"xmin": 417, "ymin": 457, "ymax": 483, "xmax": 982}}, {"tid": 1, "generated": 0, "bbox": {"xmin": 632, "ymin": 327, "ymax": 359, "xmax": 714}}], [{"tid": 0, "generated": 0, "bbox": {"xmin": 417, "ymin": 457, "ymax": 483, "xmax": 981}}, {"tid": 1, "generated": 0, "bbox": {"xmin": 633, "ymin": 327, "ymax": 359, "xmax": 715}}], [{"tid": 0, "generated": 0, "bbox": {"xmin": 418, "ymin": 457, "ymax": 483, "xmax": 979}}, {"tid": 1, "generated": 0, "bbox": {"xmin": 633, "ymin": 327, "ymax": 359, "xmax": 715}}], [{"tid": 0, "generated": 0, "bbox": {"xmin": 418, "ymin": 457, "ymax": 483, "xmax": 978}}, {"tid": 1, "generated": 0, "bbox": {"xmin": 634, "ymin": 327, "ymax": 359, "xmax": 716}}], [{"tid": 0, "generated": 0, "bbox": {"xmin": 418, "ymin": 457, "ymax": 483, "xmax": 976}}, {"tid": 1, "generated": 0, "bbox": {"xmin": 634, "ymin": 327, "ymax": 359, "xmax": 716}}], [{"tid": 0, "generated": 0, "bbox": {"xmin": 419, "ymin": 457, "ymax": 483, "xmax": 975}}, {"tid": 1, "generated": 0, "bbox": {"xmin": 635, "ymin": 327, "ymax": 359, "xmax": 717}}], [{"tid": 0, "generated": 0, "bbox": {"xmin": 419, "ymin": 457, "ymax": 483, "xmax": 973}}, {"tid": 1, "generated": 0, "bbox": {"xmin": 635, "ymin": 327, "ymax": 359, "xmax": 717}}], [{"tid": 0, "generated": 0, "bbox": {"xmin": 419, "ymin": 457, "ymax": 483, "xmax": 972}}, {"tid": 1, "generated": 0, "bbox": {"xmin": 636, "ymin": 327, "ymax": 359, "xmax": 718}}], [{"tid": 0, "generated": 0, "bbox": {"xmin": 420, "ymin": 457, "ymax": 483, "xmax": 970}}, {"tid": 1, "generated": 0, "bbox": {"xmin": 636, "ymin": 327, "ymax": 359, "xmax": 718}}], [{"tid": 0, "generated": 0, "bbox": {"xmin": 420, "ymin": 457, "ymax": 484, "xmax": 969}}, {"tid": 1, "generated": 0, "bbox": {"xmin": 637, "ymin": 327, "ymax": 359, "xmax": 719}}], [{"tid": 0, "generated": 0, "bbox": {"xmin": 420, "ymin": 456, "ymax": 484, "xmax": 967}}, {"tid": 1, "generated": 0, "bbox": {"xmin": 638, "ymin": 327, "ymax": 359, "xmax": 720}}], [{"tid": 0, "generated": 0, "bbox": {"xmin": 421, "ymin": 456, "ymax": 484, "xmax": 966}}, {"tid": 1, "generated": 0, "bbox": {"xmin": 638, "ymin": 327, "ymax": 359, "xmax": 720}}], [{"tid": 0, "generated": 0, "bbox": {"xmin": 421, "ymin": 456, "ymax": 484, "xmax": 964}}, {"tid": 1, "generated": 0, "bbox": {"xmin": 639, "ymin": 327, "ymax": 359, "xmax": 721}}], [{"tid": 0, "generated": 0, "bbox": {"xmin": 421, "ymin": 456, "ymax": 484, "xmax": 963}}, {"tid": 1, "generated": 0, "bbox": {"xmin": 639, "ymin": 327, "ymax": 359, "xmax": 721}}], [], [], [], [], [], [], [], [], [], [], [], [], [], [], [], [], [], [], [], [], [], [], [], [], [], [], [], [], [], [], [], [], [], [], [], [], [], [], [], [], [], [], [], [], [], [], [], [], [], [], [], [], [], [], [], [], [], [], [], [], [], [], [], [], [], [], [], [], [], [], [], [], [], [], [], [], [], [], [], [], [], [], [], [], [], [], [], [], [], [], [], [], [], [], [], [], [], [], [], [], [], [], [], [], [], [{"tid": 0, "generated": 0, "bbox": {"xmin": 599, "ymin": 462, "ymax": 488, "xmax": 1168}}, {"tid": 1, "generated": 0, "bbox": {"xmin": 840, "ymin": 336, "ymax": 368, "xmax": 922}}], [{"tid": 0, "generated": 0, "bbox": {"xmin": 600, "ymin": 461, "ymax": 487, "xmax": 1169}}, {"tid": 1, "generated": 0, "bbox": {"xmin": 841, "ymin": 336, "ymax": 368, "xmax": 923}}], [{"tid": 0, "generated": 0, "bbox": {"xmin": 602, "ymin": 461, "ymax": 487, "xmax": 1170}}, {"tid": 1, "generated": 0, "bbox": {"xmin": 843, "ymin": 336, "ymax": 368, "xmax": 925}}], [{"tid": 0, "generated": 0, "bbox": {"xmin": 603, "ymin": 461, "ymax": 487, "xmax": 1172}}, {"tid": 1, "generated": 0, "bbox": {"xmin": 845, "ymin": 336, "ymax": 368, "xmax": 927}}], [{"tid": 0, "generated": 0, "bbox": {"xmin": 605, "ymin": 461, "ymax": 487, "xmax": 1173}}, {"tid": 1, "generated": 0, "bbox": {"xmin": 847, "ymin": 336, "ymax": 368, "xmax": 929}}], [{"tid": 0, "generated": 0, "bbox": {"xmin": 607, "ymin": 461, "ymax": 487, "xmax": 1175}}, {"tid": 1, "generated": 0, "bbox": {"xmin": 849, "ymin": 336, "ymax": 368, "xmax": 931}}], [{"tid": 0, "generated": 0, "bbox": {"xmin": 608, "ymin": 461, "ymax": 487, "xmax": 1176}}, {"tid": 1, "generated": 0, "bbox": {"xmin": 851, "ymin": 336, "ymax": 368, "xmax": 933}}], [{"tid": 0, "generated": 0, "bbox": {"xmin": 610, "ymin": 461, "ymax": 486, "xmax": 1177}}, {"tid": 1, "generated": 0, "bbox": {"xmin": 853, "ymin": 336, "ymax": 368, "xmax": 935}}], [{"tid": 0, "generated": 0, "bbox": {"xmin": 612, "ymin": 461, "ymax": 486, "xmax": 1179}}, {"tid": 1, "generated": 0, "bbox": {"xmin": 855, "ymin": 336, "ymax": 368, "xmax": 937}}], [{"tid": 0, "generated": 0, "bbox": {"xmin": 613, "ymin": 461, "ymax": 486, "xmax": 1180}}, {"tid": 1, "generated": 0, "bbox": {"xmin": 857, "ymin": 336, "ymax": 368, "xmax": 939}}], [{"tid": 0, "generated": 0, "bbox": {"xmin": 615, "ymin": 461, "ymax": 486, "xmax": 1182}}, {"tid": 1, "generated": 0, "bbox": {"xmin": 859, "ymin": 336, "ymax": 368, "xmax": 941}}], [{"tid": 0, "generated": 0, "bbox": {"xmin": 617, "ymin": 460, "ymax": 486, "xmax": 1183}}, {"tid": 1, "generated": 0, "bbox": {"xmin": 861, "ymin": 336, "ymax": 369, "xmax": 943}}], [{"tid": 0, "generated": 0, "bbox": {"xmin": 618, "ymin": 460, "ymax": 486, "xmax": 1184}}, {"tid": 1, "generated": 0, "bbox": {"xmin": 863, "ymin": 336, "ymax": 369, "xmax": 945}}], [{"tid": 0, "generated": 0, "bbox": {"xmin": 620, "ymin": 460, "ymax": 486, "xmax": 1186}}, {"tid": 1, "generated": 0, "bbox": {"xmin": 864, "ymin": 336, "ymax": 369, "xmax": 946}}], [{"tid": 0, "generated": 0, "bbox": {"xmin": 622, "ymin": 460, "ymax": 485, "xmax": 1187}}, {"tid": 1, "generated": 0, "bbox": {"xmin": 866, "ymin": 336, "ymax": 369, "xmax": 948}}], [{"tid": 0, "generated": 0, "bbox": {"xmin": 623, "ymin": 460, "ymax": 485, "xmax": 1189}}, {"tid": 1, "generated": 0, "bbox": {"xmin": 868, "ymin": 336, "ymax": 369, "xmax": 950}}], [{"tid": 0, "generated": 0, "bbox": {"xmin": 625, "ymin": 460, "ymax": 485, "xmax": 1190}}, {"tid": 1, "generated": 0, "bbox": {"xmin": 870, "ymin": 336, "ymax": 369, "xmax": 952}}], [{"tid": 0, "generated": 0, "bbox": {"xmin": 627, "ymin": 460, "ymax": 485, "xmax": 1191}}, {"tid": 1, "generated": 0, "bbox": {"xmin": 872, "ymin": 337, "ymax": 369, "xmax": 954}}], [{"tid": 0, "generated": 0, "bbox": {"xmin": 628, "ymin": 460, "ymax": 485, "xmax": 1193}}, {"tid": 1, "generated": 0, "bbox": {"xmin": 874, "ymin": 337, "ymax": 369, "xmax": 956}}], [{"tid": 0, "generated": 0, "bbox": {"xmin": 630, "ymin": 460, "ymax": 485, "xmax": 1194}}, {"tid": 1, "generated": 0, "bbox": {"xmin": 876, "ymin": 337, "ymax": 369, "xmax": 958}}], [{"tid": 0, "generated": 0, "bbox": {"xmin": 632, "ymin": 460, "ymax": 485, "xmax": 1196}}, {"tid": 1, "generated": 0, "bbox": {"xmin": 878, "ymin": 337, "ymax": 369, "xmax": 960}}], [{"tid": 0, "generated": 0, "bbox": {"xmin": 633, "ymin": 460, "ymax": 485, "xmax": 1197}}, {"tid": 1, "generated": 0, "bbox": {"xmin": 880, "ymin": 337, "ymax": 370, "xmax": 962}}], [{"tid": 0, "generated": 0, "bbox": {"xmin": 634, "ymin": 460, "ymax": 485, "xmax": 1198}}, {"tid": 1, "generated": 0, "bbox": {"xmin": 882, "ymin": 337, "ymax": 370, "xmax": 964}}], [{"tid": 0, "generated": 0, "bbox": {"xmin": 636, "ymin": 460, "ymax": 485, "xmax": 1200}}, {"tid": 1, "generated": 0, "bbox": {"xmin": 884, "ymin": 337, "ymax": 370, "xmax": 966}}], [{"tid": 0, "generated": 0, "bbox": {"xmin": 637, "ymin": 460, "ymax": 485, "xmax": 1201}}, {"tid": 1, "generated": 0, "bbox": {"xmin": 886, "ymin": 337, "ymax": 370, "xmax": 968}}], [{"tid": 0, "generated": 0, "bbox": {"xmin": 639, "ymin": 460, "ymax": 485, "xmax": 1202}}, {"tid": 1, "generated": 0, "bbox": {"xmin": 888, "ymin": 337, "ymax": 370, "xmax": 970}}], [{"tid": 0, "generated": 0, "bbox": {"xmin": 640, "ymin": 460, "ymax": 485, "xmax": 1204}}, {"tid": 1, "generated": 0, "bbox": {"xmin": 889, "ymin": 337, "ymax": 370, "xmax": 971}}], [{"tid": 0, "generated": 0, "bbox": {"xmin": 642, "ymin": 460, "ymax": 486, "xmax": 1205}}, {"tid": 1, "generated": 0, "bbox": {"xmin": 891, "ymin": 337, "ymax": 370, "xmax": 973}}], [{"tid": 0, "generated": 0, "bbox": {"xmin": 643, "ymin": 460, "ymax": 486, "xmax": 1206}}, {"tid": 1, "generated": 0, "bbox": {"xmin": 893, "ymin": 337, "ymax": 370, "xmax": 975}}], [{"tid": 0, "generated": 0, "bbox": {"xmin": 645, "ymin": 460, "ymax": 486, "xmax": 1208}}, {"tid": 1, "generated": 0, "bbox": {"xmin": 895, "ymin": 337, "ymax": 370, "xmax": 977}}], [], [], [], [], [], [], [], [], [], [], [], [], [], [], [], [], [], [], [], [], [], [], [], [], [], [], [], [], [], [], [], [], [], [], [], [], [], [], [], [], [], [], [], [], [], [], [], [], [], [], [], [], [], [], [], [], [], [], [], [], [], [], [], [], [], [], [], [], [], [], [], [], [], [], [], [{"tid": 0, "generated": 0, "bbox": {"xmin": 765, "ymin": 462, "ymax": 492, "xmax": 1276}}, {"tid": 1, "generated": 0, "bbox": {"xmin": 1041, "ymin": 343, "ymax": 377, "xmax": 1123}}], [{"tid": 0, "generated": 0, "bbox": {"xmin": 766, "ymin": 462, "ymax": 492, "xmax": 1276}}, {"tid": 1, "generated": 0, "bbox": {"xmin": 1043, "ymin": 343, "ymax": 377, "xmax": 1125}}], [{"tid": 0, "generated": 0, "bbox": {"xmin": 768, "ymin": 462, "ymax": 492, "xmax": 1276}}, {"tid": 1, "generated": 0, "bbox": {"xmin": 1045, "ymin": 343, "ymax": 377, "xmax": 1127}}], [{"tid": 0, "generated": 0, "bbox": {"xmin": 769, "ymin": 462, "ymax": 492, "xmax": 1276}}, {"tid": 1, "generated": 0, "bbox": {"xmin": 1047, "ymin": 343, "ymax": 377, "xmax": 1129}}], [{"tid": 0, "generated": 0, "bbox": {"xmin": 770, "ymin": 462, "ymax": 492, "xmax": 1276}}, {"tid": 1, "generated": 0, "bbox": {"xmin": 1048, "ymin": 344, "ymax": 378, "xmax": 1130}}], [{"tid": 0, "generated": 0, "bbox": {"xmin": 772, "ymin": 462, "ymax": 492, "xmax": 1277}}, {"tid": 1, "generated": 0, "bbox": {"xmin": 1050, "ymin": 344, "ymax": 378, "xmax": 1132}}], [{"tid": 0, "generated": 0, "bbox": {"xmin": 773, "ymin": 462, "ymax": 492, "xmax": 1277}}, {"tid": 1, "generated": 0, "bbox": {"xmin": 1052, "ymin": 344, "ymax": 378, "xmax": 1134}}], [{"tid": 0, "generated": 0, "bbox": {"xmin": 774, "ymin": 462, "ymax": 492, "xmax": 1277}}, {"tid": 1, "generated": 0, "bbox": {"xmin": 1054, "ymin": 344, "ymax": 378, "xmax": 1136}}], [{"tid": 0, "generated": 0, "bbox": {"xmin": 775, "ymin": 462, "ymax": 492, "xmax": 1277}}, {"tid": 1, "generated": 0, "bbox": {"xmin": 1056, "ymin": 344, "ymax": 378, "xmax": 1138}}], [{"tid": 0, "generated": 0, "bbox": {"xmin": 777, "ymin": 462, "ymax": 492, "xmax": 1277}}, {"tid": 1, "generated": 0, "bbox": {"xmin": 1058, "ymin": 344, "ymax": 378, "xmax": 1140}}], [{"tid": 0, "generated": 0, "bbox": {"xmin": 778, "ymin": 462, "ymax": 492, "xmax": 1277}}, {"tid": 1, "generated": 0, "bbox": {"xmin": 1060, "ymin": 344, "ymax": 378, "xmax": 1142}}], [{"tid": 0, "generated": 0, "bbox": {"xmin": 779, "ymin": 462, "ymax": 492, "xmax": 1277}}, {"tid": 1, "generated": 0, "bbox": {"xmin": 1062, "ymin": 344, "ymax": 378, "xmax": 1144}}], [{"tid": 0, "generated": 0, "bbox": {"xmin": 781, "ymin": 462, "ymax": 492, "xmax": 1277}}, {"tid": 1, "generated": 0, "bbox": {"xmin": 1064, "ymin": 344, "ymax": 378, "xmax": 1146}}], [{"tid": 0, "generated": 0, "bbox": {"xmin": 782, "ymin": 462, "ymax": 492, "xmax": 1277}}, {"tid": 1, "generated": 0, "bbox": {"xmin": 1066, "ymin": 344, "ymax": 378, "xmax": 1148}}], [{"tid": 0, "generated": 0, "bbox": {"xmin": 783, "ymin": 462, "ymax": 492, "xmax": 1277}}, {"tid": 1, "generated": 0, "bbox": {"xmin": 1068, "ymin": 344, "ymax": 378, "xmax": 1150}}], [{"tid": 0, "generated": 0, "bbox": {"xmin": 785, "ymin": 462, "ymax": 492, "xmax": 1278}}, {"tid": 1, "generated": 0, "bbox": {"xmin": 1069, "ymin": 345, "ymax": 379, "xmax": 1151}}], [{"tid": 0, "generated": 0, "bbox": {"xmin": 786, "ymin": 461, "ymax": 491, "xmax": 1278}}, {"tid": 1, "generated": 0, "bbox": {"xmin": 1071, "ymin": 345, "ymax": 379, "xmax": 1153}}], [{"tid": 0, "generated": 0, "bbox": {"xmin": 787, "ymin": 461, "ymax": 491, "xmax": 1278}}, {"tid": 1, "generated": 0, "bbox": {"xmin": 1073, "ymin": 345, "ymax": 379, "xmax": 1155}}], [{"tid": 0, "generated": 0, "bbox": {"xmin": 789, "ymin": 461, "ymax": 491, "xmax": 1278}}, {"tid": 1, "generated": 0, "bbox": {"xmin": 1075, "ymin": 345, "ymax": 379, "xmax": 1157}}], [{"tid": 0, "generated": 0, "bbox": {"xmin": 790, "ymin": 461, "ymax": 491, "xmax": 1278}}, {"tid": 1, "generated": 0, "bbox": {"xmin": 1077, "ymin": 345, "ymax": 379, "xmax": 1159}}], [{"tid": 0, "generated": 0, "bbox": {"xmin": 792, "ymin": 461, "ymax": 491, "xmax": 1278}}, {"tid": 1, "generated": 0, "bbox": {"xmin": 1079, "ymin": 345, "ymax": 379, "xmax": 1161}}], [{"tid": 0, "generated": 0, "bbox": {"xmin": 793, "ymin": 461, "ymax": 491, "xmax": 1278}}, {"tid": 1, "generated": 0, "bbox": {"xmin": 1081, "ymin": 345, "ymax": 379, "xmax": 1163}}], [{"tid": 0, "generated": 0, "bbox": {"xmin": 795, "ymin": 461, "ymax": 491, "xmax": 1278}}, {"tid": 1, "generated": 0, "bbox": {"xmin": 1083, "ymin": 345, "ymax": 379, "xmax": 1165}}], [{"tid": 0, "generated": 0, "bbox": {"xmin": 796, "ymin": 461, "ymax": 491, "xmax": 1278}}, {"tid": 1, "generated": 0, "bbox": {"xmin": 1085, "ymin": 345, "ymax": 379, "xmax": 1167}}], [{"tid": 0, "generated": 0, "bbox": {"xmin": 798, "ymin": 461, "ymax": 491, "xmax": 1278}}, {"tid": 1, "generated": 0, "bbox": {"xmin": 1087, "ymin": 345, "ymax": 379, "xmax": 1169}}], [{"tid": 0, "generated": 0, "bbox": {"xmin": 799, "ymin": 461, "ymax": 491, "xmax": 1278}}, {"tid": 1, "generated": 0, "bbox": {"xmin": 1089, "ymin": 345, "ymax": 379, "xmax": 1171}}], [{"tid": 0, "generated": 0, "bbox": {"xmin": 800, "ymin": 460, "ymax": 490, "xmax": 1278}}, {"tid": 1, "generated": 0, "bbox": {"xmin": 1091, "ymin": 346, "ymax": 380, "xmax": 1173}}], [{"tid": 0, "generated": 0, "bbox": {"xmin": 802, "ymin": 460, "ymax": 490, "xmax": 1278}}, {"tid": 1, "generated": 0, "bbox": {"xmin": 1092, "ymin": 346, "ymax": 380, "xmax": 1174}}], [{"tid": 0, "generated": 0, "bbox": {"xmin": 803, "ymin": 460, "ymax": 490, "xmax": 1278}}, {"tid": 1, "generated": 0, "bbox": {"xmin": 1094, "ymin": 346, "ymax": 380, "xmax": 1176}}], [{"tid": 0, "generated": 0, "bbox": {"xmin": 805, "ymin": 460, "ymax": 490, "xmax": 1278}}, {"tid": 1, "generated": 0, "bbox": {"xmin": 1096, "ymin": 346, "ymax": 380, "xmax": 1178}}], [], [], [], [], [], [], [], [], [], [], [], [], [], [], [], [], [], [], [], [], [], [], [], [], [], [], [], [], [], [], [], [], [], [], [], [], [], [], [], [], [], [], [], [], [], [{"tid": 0, "generated": 0, "bbox": {"xmin": 876, "ymin": 462, "ymax": 496, "xmax": 1278}}, {"tid": 1, "generated": 0, "bbox": {"xmin": 1174, "ymin": 350, "ymax": 383, "xmax": 1255}}], [{"tid": 0, "generated": 0, "bbox": {"xmin": 877, "ymin": 462, "ymax": 496, "xmax": 1278}}, {"tid": 1, "generated": 0, "bbox": {"xmin": 1175, "ymin": 351, "ymax": 383, "xmax": 1256}}], [{"tid": 0, "generated": 0, "bbox": {"xmin": 879, "ymin": 462, "ymax": 496, "xmax": 1278}}, {"tid": 1, "generated": 0, "bbox": {"xmin": 1177, "ymin": 351, "ymax": 383, "xmax": 1258}}], [{"tid": 0, "generated": 0, "bbox": {"xmin": 880, "ymin": 462, "ymax": 496, "xmax": 1278}}, {"tid": 1, "generated": 0, "bbox": {"xmin": 1179, "ymin": 351, "ymax": 383, "xmax": 1260}}], [{"tid": 0, "generated": 0, "bbox": {"xmin": 882, "ymin": 462, "ymax": 496, "xmax": 1278}}, {"tid": 1, "generated": 0, "bbox": {"xmin": 1180, "ymin": 351, "ymax": 383, "xmax": 1261}}], [{"tid": 0, "generated": 0, "bbox": {"xmin": 884, "ymin": 462, "ymax": 496, "xmax": 1278}}, {"tid": 1, "generated": 0, "bbox": {"xmin": 1182, "ymin": 351, "ymax": 383, "xmax": 1263}}], [{"tid": 0, "generated": 0, "bbox": {"xmin": 885, "ymin": 462, "ymax": 496, "xmax": 1278}}, {"tid": 1, "generated": 0, "bbox": {"xmin": 1184, "ymin": 351, "ymax": 383, "xmax": 1265}}], [{"tid": 0, "generated": 0, "bbox": {"xmin": 887, "ymin": 462, "ymax": 496, "xmax": 1278}}, {"tid": 1, "generated": 0, "bbox": {"xmin": 1185, "ymin": 351, "ymax": 383, "xmax": 1266}}], [{"tid": 0, "generated": 0, "bbox": {"xmin": 888, "ymin": 462, "ymax": 496, "xmax": 1278}}, {"tid": 1, "generated": 0, "bbox": {"xmin": 1187, "ymin": 351, "ymax": 383, "xmax": 1268}}], [{"tid": 0, "generated": 0, "bbox": {"xmin": 890, "ymin": 462, "ymax": 496, "xmax": 1278}}, {"tid": 1, "generated": 0, "bbox": {"xmin": 1189, "ymin": 351, "ymax": 383, "xmax": 1270}}], [{"tid": 0, "generated": 0, "bbox": {"xmin": 892, "ymin": 462, "ymax": 496, "xmax": 1278}}, {"tid": 1, "generated": 0, "bbox": {"xmin": 1191, "ymin": 352, "ymax": 384, "xmax": 1272}}], [{"tid": 0, "generated": 0, "bbox": {"xmin": 893, "ymin": 462, "ymax": 496, "xmax": 1278}}, {"tid": 1, "generated": 0, "bbox": {"xmin": 1193, "ymin": 352, "ymax": 384, "xmax": 1272}}], [{"tid": 0, "generated": 0, "bbox": {"xmin": 895, "ymin": 462, "ymax": 496, "xmax": 1278}}, {"tid": 1, "generated": 0, "bbox": {"xmin": 1196, "ymin": 352, "ymax": 384, "xmax": 1273}}], [{"tid": 0, "generated": 0, "bbox": {"xmin": 896, "ymin": 462, "ymax": 496, "xmax": 1278}}, {"tid": 1, "generated": 0, "bbox": {"xmin": 1199, "ymin": 352, "ymax": 384, "xmax": 1273}}], [{"tid": 0, "generated": 0, "bbox": {"xmin": 898, "ymin": 462, "ymax": 496, "xmax": 1278}}, {"tid": 1, "generated": 0, "bbox": {"xmin": 1202, "ymin": 352, "ymax": 384, "xmax": 1274}}], [{"tid": 0, "generated": 0, "bbox": {"xmin": 900, "ymin": 462, "ymax": 496, "xmax": 1278}}, {"tid": 1, "generated": 0, "bbox": {"xmin": 1205, "ymin": 352, "ymax": 384, "xmax": 1275}}], [{"tid": 0, "generated": 0, "bbox": {"xmin": 901, "ymin": 462, "ymax": 496, "xmax": 1278}}, {"tid": 1, "generated": 0, "bbox": {"xmin": 1207, "ymin": 352, "ymax": 384, "xmax": 1275}}], [{"tid": 0, "generated": 0, "bbox": {"xmin": 903, "ymin": 462, "ymax": 496, "xmax": 1278}}, {"tid": 1, "generated": 0, "bbox": {"xmin": 1210, "ymin": 352, "ymax": 384, "xmax": 1276}}], [{"tid": 0, "generated": 0, "bbox": {"xmin": 904, "ymin": 462, "ymax": 496, "xmax": 1278}}, {"tid": 1, "generated": 0, "bbox": {"xmin": 1213, "ymin": 352, "ymax": 384, "xmax": 1276}}], [{"tid": 0, "generated": 0, "bbox": {"xmin": 906, "ymin": 462, "ymax": 496, "xmax": 1278}}, {"tid": 1, "generated": 0, "bbox": {"xmin": 1216, "ymin": 352, "ymax": 384, "xmax": 1277}}], [{"tid": 0, "generated": 0, "bbox": {"xmin": 908, "ymin": 462, "ymax": 496, "xmax": 1278}}, {"tid": 1, "generated": 0, "bbox": {"xmin": 1219, "ymin": 352, "ymax": 384, "xmax": 1278}}], [{"tid": 0, "generated": 0, "bbox": {"xmin": 909, "ymin": 462, "ymax": 496, "xmax": 1278}}, {"tid": 1, "generated": 0, "bbox": {"xmin": 1220, "ymin": 352, "ymax": 383, "xmax": 1278}}], [{"tid": 0, "generated": 0, "bbox": {"xmin": 910, "ymin": 462, "ymax": 496, "xmax": 1278}}, {"tid": 1, "generated": 0, "bbox": {"xmin": 1221, "ymin": 353, "ymax": 383, "xmax": 1278}}], [{"tid": 0, "generated": 0, "bbox": {"xmin": 912, "ymin": 462, "ymax": 496, "xmax": 1278}}, {"tid": 1, "generated": 0, "bbox": {"xmin": 1223, "ymin": 354, "ymax": 382, "xmax": 1278}}], [{"tid": 0, "generated": 0, "bbox": {"xmin": 913, "ymin": 462, "ymax": 496, "xmax": 1278}}, {"tid": 1, "generated": 0, "bbox": {"xmin": 1224, "ymin": 355, "ymax": 382, "xmax": 1278}}], [{"tid": 0, "generated": 0, "bbox": {"xmin": 914, "ymin": 462, "ymax": 496, "xmax": 1278}}, {"tid": 1, "generated": 0, "bbox": {"xmin": 1226, "ymin": 356, "ymax": 382, "xmax": 1278}}], [{"tid": 0, "generated": 0, "bbox": {"xmin": 916, "ymin": 462, "ymax": 496, "xmax": 1278}}, {"tid": 1, "generated": 0, "bbox": {"xmin": 1227, "ymin": 356, "ymax": 381, "xmax": 1278}}], [{"tid": 0, "generated": 0, "bbox": {"xmin": 917, "ymin": 462, "ymax": 496, "xmax": 1278}}, {"tid": 1, "generated": 0, "bbox": {"xmin": 1228, "ymin": 357, "ymax": 381, "xmax": 1278}}], [{"tid": 0, "generated": 0, "bbox": {"xmin": 918, "ymin": 462, "ymax": 496, "xmax": 1278}}, {"tid": 1, "generated": 0, "bbox": {"xmin": 1230, "ymin": 358, "ymax": 380, "xmax": 1278}}], [{"tid": 0, "generated": 0, "bbox": {"xmin": 920, "ymin": 462, "ymax": 496, "xmax": 1278}}, {"tid": 1, "generated": 0, "bbox": {"xmin": 1231, "ymin": 359, "ymax": 380, "xmax": 1278}}]], "subject/objects": [{"category": "train", "tid": 0}, {"category": "airplane", "tid": 1}], "relation_instances": [{"end_fid": 4185, "subject_tid": 0, "predicate": "move_behind", "begin_fid": 4155, "object_tid": 1}, {"end_fid": 4185, "subject_tid": 0, "predicate": "move_beneath", "begin_fid": 4155, "object_tid": 1}, {"end_fid": 4185, "subject_tid": 1, "predicate": "fly_above", "begin_fid": 4155, "object_tid": 0}, {"end_fid": 4185, "subject_tid": 1, "predicate": "fly_front", "begin_fid": 4155, "object_tid": 0}, {"end_fid": 4200, "subject_tid": 0, "predicate": "move_behind", "begin_fid": 4170, "object_tid": 1}, {"end_fid": 4200, "subject_tid": 0, "predicate": "move_beneath", "begin_fid": 4170, "object_tid": 1}, {"end_fid": 4200, "subject_tid": 1, "predicate": "fly_above", "begin_fid": 4170, "object_tid": 0}, {"end_fid": 4200, "subject_tid": 1, "predicate": "fly_front", "begin_fid": 4170, "object_tid": 0}, {"end_fid": 4410, "subject_tid": 0, "predicate": "move_beneath", "begin_fid": 4380, "object_tid": 1}, {"end_fid": 4410, "subject_tid": 1, "predicate": "fly_above", "begin_fid": 4380, "object_tid": 0}, {"end_fid": 4545, "subject_tid": 0, "predicate": "move_beneath", "begin_fid": 4515, "object_tid": 1}, {"end_fid": 4545, "subject_tid": 1, "predicate": "fly_above", "begin_fid": 4515, "object_tid": 0}, {"end_fid": 4680, "subject_tid": 0, "predicate": "move_beneath", "begin_fid": 4650, "object_tid": 1}, {"end_fid": 4680, "subject_tid": 1, "predicate": "fly_above", "begin_fid": 4650, "object_tid": 0}, {"end_fid": 4890, "subject_tid": 0, "predicate": "move_beneath", "begin_fid": 4860, "object_tid": 1}, {"end_fid": 4890, "subject_tid": 1, "predicate": "fly_above", "begin_fid": 4860, "object_tid": 0}, {"end_fid": 5115, "subject_tid": 0, "predicate": "move_beneath", "begin_fid": 5085, "object_tid": 1}, {"end_fid": 5115, "subject_tid": 1, "predicate": "fly_above", "begin_fid": 5085, "object_tid": 0}, {"end_fid": 5250, "subject_tid": 0, "predicate": "move_beneath", "begin_fid": 5220, "object_tid": 1}, {"end_fid": 5250, "subject_tid": 1, "predicate": "fly_above", "begin_fid": 5220, "object_tid": 0}, {"end_fid": 5355, "subject_tid": 0, "predicate": "move_beneath", "begin_fid": 5325, "object_tid": 1}, {"end_fid": 5355, "subject_tid": 1, "predicate": "fly_above", "begin_fid": 5325, "object_tid": 0}, {"end_fid": 5430, "subject_tid": 0, "predicate": "move_beneath", "begin_fid": 5400, "object_tid": 1}, {"end_fid": 5430, "subject_tid": 1, "predicate": "fly_above", "begin_fid": 5400, "object_tid": 0}], "height": 720}