{"width": 480, "frame_count": 955, "video_id": "ILSVRC2015_train_01150000", "fps": 30, "trajectories": [[{"tid": 0, "generated": 0, "bbox": {"xmin": 107, "ymin": 166, "ymax": 324, "xmax": 226}}, {"tid": 1, "generated": 0, "bbox": {"xmin": 214, "ymin": 250, "ymax": 310, "xmax": 236}}, {"tid": 2, "generated": 0, "bbox": {"xmin": 204, "ymin": 156, "ymax": 299, "xmax": 316}}], [{"tid": 0, "generated": 0, "bbox": {"xmin": 110, "ymin": 167, "ymax": 324, "xmax": 221}}, {"tid": 1, "generated": 0, "bbox": {"xmin": 212, "ymin": 250, "ymax": 314, "xmax": 240}}, {"tid": 2, "generated": 0, "bbox": {"xmin": 206, "ymin": 157, "ymax": 300, "xmax": 321}}], [{"tid": 0, "generated": 0, "bbox": {"xmin": 107, "ymin": 166, "ymax": 322, "xmax": 220}}, {"tid": 1, "generated": 0, "bbox": {"xmin": 210, "ymin": 249, "ymax": 314, "xmax": 236}}, {"tid": 2, "generated": 0, "bbox": {"xmin": 205, "ymin": 157, "ymax": 300, "xmax": 317}}], [{"tid": 0, "generated": 0, "bbox": {"xmin": 105, "ymin": 167, "ymax": 324, "xmax": 219}}, {"tid": 1, "generated": 0, "bbox": {"xmin": 208, "ymin": 249, "ymax": 314, "xmax": 235}}, {"tid": 2, "generated": 0, "bbox": {"xmin": 204, "ymin": 155, "ymax": 298, "xmax": 314}}], [{"tid": 0, "generated": 0, "bbox": {"xmin": 107, "ymin": 166, "ymax": 322, "xmax": 222}}, {"tid": 1, "generated": 0, "bbox": {"xmin": 208, "ymin": 249, "ymax": 313, "xmax": 236}}, {"tid": 2, "generated": 0, "bbox": {"xmin": 204, "ymin": 154, "ymax": 296, "xmax": 312}}], [{"tid": 0, "generated": 0, "bbox": {"xmin": 106, "ymin": 166, "ymax": 322, "xmax": 221}}, {"tid": 1, "generated": 0, "bbox": {"xmin": 208, "ymin": 250, "ymax": 313, "xmax": 237}}, {"tid": 2, "generated": 0, "bbox": {"xmin": 203, "ymin": 154, "ymax": 296, "xmax": 310}}], [{"tid": 0, "generated": 0, "bbox": {"xmin": 108, "ymin": 165, "ymax": 322, "xmax": 223}}, {"tid": 1, "generated": 0, "bbox": {"xmin": 208, "ymin": 250, "ymax": 313, "xmax": 236}}, {"tid": 2, "generated": 0, "bbox": {"xmin": 202, "ymin": 154, "ymax": 294, "xmax": 305}}], [{"tid": 0, "generated": 0, "bbox": {"xmin": 106, "ymin": 166, "ymax": 322, "xmax": 220}}, {"tid": 1, "generated": 0, "bbox": {"xmin": 208, "ymin": 250, "ymax": 314, "xmax": 236}}, {"tid": 2, "generated": 0, "bbox": {"xmin": 202, "ymin": 154, "ymax": 298, "xmax": 262}}], [{"tid": 0, "generated": 0, "bbox": {"xmin": 106, "ymin": 168, "ymax": 322, "xmax": 221}}, {"tid": 1, "generated": 0, "bbox": {"xmin": 208, "ymin": 250, "ymax": 314, "xmax": 236}}, {"tid": 2, "generated": 0, "bbox": {"xmin": 201, "ymin": 155, "ymax": 299, "xmax": 263}}], [{"tid": 0, "generated": 0, "bbox": {"xmin": 105, "ymin": 169, "ymax": 322, "xmax": 220}}, {"tid": 1, "generated": 0, "bbox": {"xmin": 208, "ymin": 251, "ymax": 315, "xmax": 236}}, {"tid": 2, "generated": 0, "bbox": {"xmin": 200, "ymin": 156, "ymax": 296, "xmax": 264}}], [{"tid": 0, "generated": 0, "bbox": {"xmin": 105, "ymin": 170, "ymax": 323, "xmax": 220}}, {"tid": 1, "generated": 0, "bbox": {"xmin": 208, "ymin": 251, "ymax": 315, "xmax": 235}}, {"tid": 2, "generated": 0, "bbox": {"xmin": 200, "ymin": 156, "ymax": 303, "xmax": 259}}], [{"tid": 0, "generated": 0, "bbox": {"xmin": 104, "ymin": 171, "ymax": 326, "xmax": 219}}, {"tid": 1, "generated": 0, "bbox": {"xmin": 208, "ymin": 251, "ymax": 316, "xmax": 235}}, {"tid": 2, "generated": 0, "bbox": {"xmin": 199, "ymin": 156, "ymax": 302, "xmax": 260}}], [{"tid": 0, "generated": 0, "bbox": {"xmin": 104, "ymin": 172, "ymax": 327, "xmax": 220}}, {"tid": 1, "generated": 0, "bbox": {"xmin": 208, "ymin": 251, "ymax": 316, "xmax": 235}}, {"tid": 2, "generated": 0, "bbox": {"xmin": 198, "ymin": 156, "ymax": 302, "xmax": 260}}], [{"tid": 0, "generated": 0, "bbox": {"xmin": 106, "ymin": 172, "ymax": 328, "xmax": 223}}, {"tid": 1, "generated": 0, "bbox": {"xmin": 208, "ymin": 252, "ymax": 317, "xmax": 235}}, {"tid": 2, "generated": 0, "bbox": {"xmin": 198, "ymin": 157, "ymax": 303, "xmax": 261}}], [{"tid": 0, "generated": 0, "bbox": {"xmin": 104, "ymin": 170, "ymax": 326, "xmax": 222}}, {"tid": 1, "generated": 0, "bbox": {"xmin": 208, "ymin": 251, "ymax": 317, "xmax": 234}}, {"tid": 2, "generated": 0, "bbox": {"xmin": 200, "ymin": 158, "ymax": 302, "xmax": 262}}], [{"tid": 0, "generated": 0, "bbox": {"xmin": 106, "ymin": 170, "ymax": 325, "xmax": 221}}, {"tid": 1, "generated": 0, "bbox": {"xmin": 208, "ymin": 251, "ymax": 317, "xmax": 234}}, {"tid": 2, "generated": 0, "bbox": {"xmin": 198, "ymin": 158, "ymax": 302, "xmax": 261}}], [{"tid": 0, "generated": 0, "bbox": {"xmin": 105, "ymin": 170, "ymax": 326, "xmax": 219}}, {"tid": 1, "generated": 0, "bbox": {"xmin": 208, "ymin": 250, "ymax": 317, "xmax": 234}}, {"tid": 2, "generated": 0, "bbox": {"xmin": 197, "ymin": 159, "ymax": 303, "xmax": 261}}], [{"tid": 0, "generated": 0, "bbox": {"xmin": 104, "ymin": 171, "ymax": 327, "xmax": 218}}, {"tid": 1, "generated": 0, "bbox": {"xmin": 208, "ymin": 250, "ymax": 317, "xmax": 234}}, {"tid": 2, "generated": 0, "bbox": {"xmin": 195, "ymin": 159, "ymax": 303, "xmax": 261}}], [{"tid": 0, "generated": 0, "bbox": {"xmin": 104, "ymin": 172, "ymax": 329, "xmax": 217}}, {"tid": 1, "generated": 0, "bbox": {"xmin": 208, "ymin": 250, "ymax": 318, "xmax": 234}}, {"tid": 2, "generated": 0, "bbox": {"xmin": 194, "ymin": 160, "ymax": 304, "xmax": 261}}], [{"tid": 0, "generated": 0, "bbox": {"xmin": 102, "ymin": 172, "ymax": 328, "xmax": 214}}, {"tid": 1, "generated": 0, "bbox": {"xmin": 208, "ymin": 250, "ymax": 320, "xmax": 231}}, {"tid": 2, "generated": 0, "bbox": {"xmin": 194, "ymin": 159, "ymax": 306, "xmax": 258}}], [{"tid": 0, "generated": 0, "bbox": {"xmin": 100, "ymin": 173, "ymax": 330, "xmax": 218}}, {"tid": 1, "generated": 0, "bbox": {"xmin": 206, "ymin": 253, "ymax": 321, "xmax": 229}}, {"tid": 2, "generated": 0, "bbox": {"xmin": 193, "ymin": 160, "ymax": 306, "xmax": 254}}], [{"tid": 0, "generated": 0, "bbox": {"xmin": 102, "ymin": 174, "ymax": 331, "xmax": 217}}, {"tid": 1, "generated": 0, "bbox": {"xmin": 208, "ymin": 248, "ymax": 322, "xmax": 232}}, {"tid": 2, "generated": 0, "bbox": {"xmin": 192, "ymin": 161, "ymax": 306, "xmax": 255}}], [{"tid": 0, "generated": 0, "bbox": {"xmin": 102, "ymin": 174, "ymax": 330, "xmax": 214}}, {"tid": 1, "generated": 0, "bbox": {"xmin": 207, "ymin": 251, "ymax": 324, "xmax": 233}}, {"tid": 2, "generated": 0, "bbox": {"xmin": 191, "ymin": 162, "ymax": 307, "xmax": 257}}], [{"tid": 0, "generated": 0, "bbox": {"xmin": 102, "ymin": 176, "ymax": 332, "xmax": 213}}, {"tid": 1, "generated": 0, "bbox": {"xmin": 206, "ymin": 252, "ymax": 324, "xmax": 230}}, {"tid": 2, "generated": 0, "bbox": {"xmin": 190, "ymin": 164, "ymax": 307, "xmax": 255}}], [{"tid": 0, "generated": 0, "bbox": {"xmin": 103, "ymin": 178, "ymax": 334, "xmax": 213}}, {"tid": 1, "generated": 0, "bbox": {"xmin": 205, "ymin": 254, "ymax": 325, "xmax": 232}}, {"tid": 2, "generated": 0, "bbox": {"xmin": 189, "ymin": 166, "ymax": 308, "xmax": 254}}], [{"tid": 0, "generated": 0, "bbox": {"xmin": 104, "ymin": 181, "ymax": 337, "xmax": 213}}, {"tid": 1, "generated": 0, "bbox": {"xmin": 205, "ymin": 256, "ymax": 326, "xmax": 234}}, {"tid": 2, "generated": 0, "bbox": {"xmin": 190, "ymin": 167, "ymax": 310, "xmax": 256}}], [{"tid": 0, "generated": 0, "bbox": {"xmin": 105, "ymin": 180, "ymax": 336, "xmax": 214}}, {"tid": 1, "generated": 0, "bbox": {"xmin": 204, "ymin": 257, "ymax": 328, "xmax": 232}}, {"tid": 2, "generated": 0, "bbox": {"xmin": 192, "ymin": 169, "ymax": 312, "xmax": 258}}], [{"tid": 0, "generated": 0, "bbox": {"xmin": 100, "ymin": 183, "ymax": 338, "xmax": 212}}, {"tid": 1, "generated": 0, "bbox": {"xmin": 203, "ymin": 258, "ymax": 330, "xmax": 231}}, {"tid": 2, "generated": 0, "bbox": {"xmin": 190, "ymin": 170, "ymax": 314, "xmax": 256}}], [{"tid": 0, "generated": 0, "bbox": {"xmin": 100, "ymin": 184, "ymax": 342, "xmax": 212}}, {"tid": 1, "generated": 0, "bbox": {"xmin": 203, "ymin": 259, "ymax": 332, "xmax": 229}}, {"tid": 2, "generated": 0, "bbox": {"xmin": 188, "ymin": 172, "ymax": 316, "xmax": 254}}], [{"tid": 0, "generated": 0, "bbox": {"xmin": 100, "ymin": 184, "ymax": 342, "xmax": 213}}, {"tid": 1, "generated": 0, "bbox": {"xmin": 202, "ymin": 260, "ymax": 334, "xmax": 228}}, {"tid": 2, "generated": 0, "bbox": {"xmin": 186, "ymin": 173, "ymax": 314, "xmax": 255}}], [], [], [], [], [], [], [], [], [], [], [], [], [], [], [], [], [], [], [], [], [], [], [], [], [], [], [], [], [], [], [], [], [], [], [], [], [], [], [], [], [], [], [], [], [], [], [], [], [], [], [], [], [], [], [], [], [], [], [], [], [], [], [], [], [], [], [], [], [], [], [], [], [], [], [], [], [], [], [], [], [], [], [], [], [], [], [], [], [], [], [], [], [], [], [], [], [], [], [], [], [], [], [], [], [], [], [], [], [], [], [], [], [], [], [], [], [], [], [], [], [], [], [], [], [], [], [], [], [], [], [], [], [], [], [], [], [], [], [], [], [], [], [], [], [], [], [], [], [], [], [], [], [], [], [], [], [], [], [], [], [], [], [], [], [], [], [], [], [], [], [], [], [], [], [], [], [], [], [], [], [], [], [], [], [], [], [], [], [], [], [], [], [], [], [], [], [], [], [], [], [], [], [], [], [], [], [], [], [], [], [], [], [], [], [], [], [], [], [], [], [], [], [], [], [], [], [], [], [], [], [], [], [], [], [], [], [], [], [], [], [], [], [], [], [], [], [], [], [], [], [], [], [], [], [], [{"tid": 0, "generated": 0, "bbox": {"xmin": 149, "ymin": 185, "ymax": 343, "xmax": 282}}, {"tid": 1, "generated": 0, "bbox": {"xmin": 244, "ymin": 269, "ymax": 333, "xmax": 286}}, {"tid": 2, "generated": 0, "bbox": {"xmin": 209, "ymin": 155, "ymax": 253, "xmax": 279}}], [{"tid": 0, "generated": 0, "bbox": {"xmin": 149, "ymin": 185, "ymax": 342, "xmax": 283}}, {"tid": 1, "generated": 0, "bbox": {"xmin": 244, "ymin": 269, "ymax": 332, "xmax": 287}}, {"tid": 2, "generated": 0, "bbox": {"xmin": 209, "ymin": 155, "ymax": 254, "xmax": 279}}], [{"tid": 0, "generated": 0, "bbox": {"xmin": 149, "ymin": 185, "ymax": 342, "xmax": 285}}, {"tid": 1, "generated": 0, "bbox": {"xmin": 245, "ymin": 268, "ymax": 331, "xmax": 287}}, {"tid": 2, "generated": 0, "bbox": {"xmin": 209, "ymin": 155, "ymax": 255, "xmax": 280}}], [{"tid": 0, "generated": 0, "bbox": {"xmin": 150, "ymin": 185, "ymax": 342, "xmax": 286}}, {"tid": 1, "generated": 0, "bbox": {"xmin": 246, "ymin": 268, "ymax": 331, "xmax": 288}}, {"tid": 2, "generated": 0, "bbox": {"xmin": 209, "ymin": 154, "ymax": 255, "xmax": 281}}], [{"tid": 0, "generated": 0, "bbox": {"xmin": 150, "ymin": 185, "ymax": 342, "xmax": 288}}, {"tid": 1, "generated": 0, "bbox": {"xmin": 247, "ymin": 267, "ymax": 330, "xmax": 288}}, {"tid": 2, "generated": 0, "bbox": {"xmin": 209, "ymin": 154, "ymax": 256, "xmax": 281}}], [{"tid": 0, "generated": 0, "bbox": {"xmin": 151, "ymin": 186, "ymax": 342, "xmax": 290}}, {"tid": 1, "generated": 0, "bbox": {"xmin": 248, "ymin": 267, "ymax": 330, "xmax": 289}}, {"tid": 2, "generated": 0, "bbox": {"xmin": 209, "ymin": 154, "ymax": 257, "xmax": 282}}], [{"tid": 0, "generated": 0, "bbox": {"xmin": 150, "ymin": 186, "ymax": 342, "xmax": 289}}, {"tid": 1, "generated": 0, "bbox": {"xmin": 247, "ymin": 268, "ymax": 331, "xmax": 288}}, {"tid": 2, "generated": 0, "bbox": {"xmin": 210, "ymin": 154, "ymax": 258, "xmax": 283}}], [{"tid": 0, "generated": 0, "bbox": {"xmin": 150, "ymin": 186, "ymax": 342, "xmax": 289}}, {"tid": 1, "generated": 0, "bbox": {"xmin": 247, "ymin": 269, "ymax": 332, "xmax": 288}}, {"tid": 2, "generated": 0, "bbox": {"xmin": 210, "ymin": 156, "ymax": 256, "xmax": 285}}], [{"tid": 0, "generated": 0, "bbox": {"xmin": 150, "ymin": 187, "ymax": 342, "xmax": 289}}, {"tid": 1, "generated": 0, "bbox": {"xmin": 247, "ymin": 270, "ymax": 334, "xmax": 287}}, {"tid": 2, "generated": 0, "bbox": {"xmin": 210, "ymin": 158, "ymax": 255, "xmax": 288}}], [{"tid": 0, "generated": 0, "bbox": {"xmin": 148, "ymin": 187, "ymax": 342, "xmax": 286}}, {"tid": 1, "generated": 0, "bbox": {"xmin": 247, "ymin": 271, "ymax": 335, "xmax": 287}}, {"tid": 2, "generated": 0, "bbox": {"xmin": 210, "ymin": 154, "ymax": 254, "xmax": 292}}], [{"tid": 0, "generated": 0, "bbox": {"xmin": 146, "ymin": 188, "ymax": 343, "xmax": 284}}, {"tid": 1, "generated": 0, "bbox": {"xmin": 247, "ymin": 272, "ymax": 337, "xmax": 287}}, {"tid": 2, "generated": 0, "bbox": {"xmin": 212, "ymin": 162, "ymax": 254, "xmax": 294}}], [{"tid": 0, "generated": 0, "bbox": {"xmin": 146, "ymin": 187, "ymax": 342, "xmax": 284}}, {"tid": 1, "generated": 0, "bbox": {"xmin": 247, "ymin": 271, "ymax": 337, "xmax": 286}}, {"tid": 2, "generated": 0, "bbox": {"xmin": 211, "ymin": 160, "ymax": 251, "xmax": 296}}], [{"tid": 0, "generated": 0, "bbox": {"xmin": 147, "ymin": 187, "ymax": 342, "xmax": 284}}, {"tid": 1, "generated": 0, "bbox": {"xmin": 247, "ymin": 271, "ymax": 337, "xmax": 286}}, {"tid": 2, "generated": 0, "bbox": {"xmin": 210, "ymin": 158, "ymax": 249, "xmax": 298}}], [{"tid": 0, "generated": 0, "bbox": {"xmin": 147, "ymin": 186, "ymax": 341, "xmax": 285}}, {"tid": 1, "generated": 0, "bbox": {"xmin": 247, "ymin": 271, "ymax": 337, "xmax": 286}}, {"tid": 2, "generated": 0, "bbox": {"xmin": 210, "ymin": 157, "ymax": 246, "xmax": 301}}], [{"tid": 0, "generated": 0, "bbox": {"xmin": 148, "ymin": 186, "ymax": 341, "xmax": 285}}, {"tid": 1, "generated": 0, "bbox": {"xmin": 247, "ymin": 271, "ymax": 337, "xmax": 286}}, {"tid": 2, "generated": 0, "bbox": {"xmin": 209, "ymin": 155, "ymax": 244, "xmax": 303}}], [{"tid": 0, "generated": 0, "bbox": {"xmin": 149, "ymin": 186, "ymax": 341, "xmax": 286}}, {"tid": 1, "generated": 0, "bbox": {"xmin": 248, "ymin": 271, "ymax": 338, "xmax": 286}}, {"tid": 2, "generated": 0, "bbox": {"xmin": 209, "ymin": 154, "ymax": 242, "xmax": 306}}], [{"tid": 0, "generated": 0, "bbox": {"xmin": 148, "ymin": 186, "ymax": 341, "xmax": 286}}, {"tid": 1, "generated": 0, "bbox": {"xmin": 247, "ymin": 270, "ymax": 338, "xmax": 286}}, {"tid": 2, "generated": 0, "bbox": {"xmin": 199, "ymin": 154, "ymax": 240, "xmax": 304}}], [{"tid": 0, "generated": 0, "bbox": {"xmin": 148, "ymin": 186, "ymax": 341, "xmax": 286}}, {"tid": 1, "generated": 0, "bbox": {"xmin": 246, "ymin": 270, "ymax": 338, "xmax": 286}}, {"tid": 2, "generated": 0, "bbox": {"xmin": 189, "ymin": 154, "ymax": 238, "xmax": 302}}], [{"tid": 0, "generated": 0, "bbox": {"xmin": 148, "ymin": 186, "ymax": 341, "xmax": 286}}, {"tid": 1, "generated": 0, "bbox": {"xmin": 245, "ymin": 270, "ymax": 338, "xmax": 286}}, {"tid": 2, "generated": 0, "bbox": {"xmin": 180, "ymin": 154, "ymax": 236, "xmax": 301}}], [{"tid": 0, "generated": 0, "bbox": {"xmin": 148, "ymin": 186, "ymax": 341, "xmax": 286}}, {"tid": 1, "generated": 0, "bbox": {"xmin": 245, "ymin": 270, "ymax": 338, "xmax": 286}}, {"tid": 2, "generated": 0, "bbox": {"xmin": 177, "ymin": 154, "ymax": 235, "xmax": 299}}], [{"tid": 0, "generated": 0, "bbox": {"xmin": 148, "ymin": 187, "ymax": 341, "xmax": 286}}, {"tid": 1, "generated": 0, "bbox": {"xmin": 244, "ymin": 270, "ymax": 339, "xmax": 286}}, {"tid": 2, "generated": 0, "bbox": {"xmin": 175, "ymin": 154, "ymax": 234, "xmax": 297}}], [{"tid": 0, "generated": 0, "bbox": {"xmin": 147, "ymin": 187, "ymax": 341, "xmax": 286}}, {"tid": 1, "generated": 0, "bbox": {"xmin": 243, "ymin": 270, "ymax": 339, "xmax": 286}}, {"tid": 2, "generated": 0, "bbox": {"xmin": 174, "ymin": 154, "ymax": 234, "xmax": 292}}], [{"tid": 0, "generated": 0, "bbox": {"xmin": 147, "ymin": 187, "ymax": 341, "xmax": 286}}, {"tid": 1, "generated": 0, "bbox": {"xmin": 243, "ymin": 270, "ymax": 339, "xmax": 286}}, {"tid": 2, "generated": 0, "bbox": {"xmin": 174, "ymin": 154, "ymax": 235, "xmax": 288}}], [{"tid": 0, "generated": 0, "bbox": {"xmin": 147, "ymin": 187, "ymax": 341, "xmax": 286}}, {"tid": 1, "generated": 0, "bbox": {"xmin": 242, "ymin": 270, "ymax": 339, "xmax": 286}}, {"tid": 2, "generated": 0, "bbox": {"xmin": 173, "ymin": 155, "ymax": 236, "xmax": 284}}], [{"tid": 0, "generated": 0, "bbox": {"xmin": 147, "ymin": 187, "ymax": 341, "xmax": 286}}, {"tid": 1, "generated": 0, "bbox": {"xmin": 241, "ymin": 270, "ymax": 339, "xmax": 286}}, {"tid": 2, "generated": 0, "bbox": {"xmin": 173, "ymin": 155, "ymax": 237, "xmax": 280}}], [{"tid": 0, "generated": 0, "bbox": {"xmin": 147, "ymin": 188, "ymax": 342, "xmax": 286}}, {"tid": 1, "generated": 0, "bbox": {"xmin": 241, "ymin": 270, "ymax": 340, "xmax": 286}}, {"tid": 2, "generated": 0, "bbox": {"xmin": 173, "ymin": 156, "ymax": 238, "xmax": 276}}], [{"tid": 0, "generated": 0, "bbox": {"xmin": 145, "ymin": 188, "ymax": 342, "xmax": 284}}, {"tid": 1, "generated": 0, "bbox": {"xmin": 240, "ymin": 271, "ymax": 339, "xmax": 284}}, {"tid": 2, "generated": 0, "bbox": {"xmin": 171, "ymin": 156, "ymax": 236, "xmax": 272}}], [{"tid": 0, "generated": 0, "bbox": {"xmin": 143, "ymin": 188, "ymax": 342, "xmax": 282}}, {"tid": 1, "generated": 0, "bbox": {"xmin": 240, "ymin": 272, "ymax": 339, "xmax": 283}}, {"tid": 2, "generated": 0, "bbox": {"xmin": 169, "ymin": 156, "ymax": 234, "xmax": 268}}], [{"tid": 0, "generated": 0, "bbox": {"xmin": 142, "ymin": 189, "ymax": 342, "xmax": 281}}, {"tid": 1, "generated": 0, "bbox": {"xmin": 239, "ymin": 273, "ymax": 338, "xmax": 281}}, {"tid": 2, "generated": 0, "bbox": {"xmin": 168, "ymin": 157, "ymax": 232, "xmax": 264}}], [{"tid": 0, "generated": 0, "bbox": {"xmin": 140, "ymin": 189, "ymax": 343, "xmax": 278}}, {"tid": 1, "generated": 0, "bbox": {"xmin": 239, "ymin": 274, "ymax": 338, "xmax": 280}}, {"tid": 2, "generated": 0, "bbox": {"xmin": 166, "ymin": 157, "ymax": 230, "xmax": 260}}], [], [], [], [], [], [], [], [], [], [], [], [], [], [], [], [], [], [], [], [], [], [], [], [], [], [], [], [], [], [], [], [], [], [], [], [], [], [], [], [], [], [], [], [], [], [], [], [], [], [], [], [], [], [], [], [], [], [], [], [], [], [], [], [], [], [], [], [], [], [], [], [], [], [], [], [], [], [], [], [], [], [], [], [], [], [], [], [], [], [], [], [], [], [], [], [], [], [], [], [], [], [], [], [], [], [], [], [], [], [], [], [], [], [], [], [], [], [], [], [], [{"tid": 0, "generated": 0, "bbox": {"xmin": 172, "ymin": 118, "ymax": 274, "xmax": 314}}, {"tid": 1, "generated": 0, "bbox": {"xmin": 276, "ymin": 200, "ymax": 268, "xmax": 311}}, {"tid": 2, "generated": 0, "bbox": {"xmin": 147, "ymin": 88, "ymax": 194, "xmax": 215}}], [{"tid": 0, "generated": 0, "bbox": {"xmin": 171, "ymin": 118, "ymax": 274, "xmax": 313}}, {"tid": 1, "generated": 0, "bbox": {"xmin": 276, "ymin": 200, "ymax": 268, "xmax": 311}}, {"tid": 2, "generated": 0, "bbox": {"xmin": 146, "ymin": 88, "ymax": 194, "xmax": 214}}], [{"tid": 0, "generated": 0, "bbox": {"xmin": 170, "ymin": 118, "ymax": 274, "xmax": 312}}, {"tid": 1, "generated": 0, "bbox": {"xmin": 276, "ymin": 201, "ymax": 269, "xmax": 311}}, {"tid": 2, "generated": 0, "bbox": {"xmin": 146, "ymin": 88, "ymax": 194, "xmax": 214}}], [{"tid": 0, "generated": 0, "bbox": {"xmin": 170, "ymin": 119, "ymax": 274, "xmax": 311}}, {"tid": 1, "generated": 0, "bbox": {"xmin": 276, "ymin": 202, "ymax": 270, "xmax": 311}}, {"tid": 2, "generated": 0, "bbox": {"xmin": 146, "ymin": 88, "ymax": 194, "xmax": 214}}], [{"tid": 0, "generated": 0, "bbox": {"xmin": 169, "ymin": 119, "ymax": 274, "xmax": 310}}, {"tid": 1, "generated": 0, "bbox": {"xmin": 276, "ymin": 203, "ymax": 271, "xmax": 311}}, {"tid": 2, "generated": 0, "bbox": {"xmin": 146, "ymin": 88, "ymax": 194, "xmax": 214}}], [{"tid": 0, "generated": 0, "bbox": {"xmin": 169, "ymin": 120, "ymax": 275, "xmax": 310}}, {"tid": 1, "generated": 0, "bbox": {"xmin": 276, "ymin": 204, "ymax": 272, "xmax": 311}}, {"tid": 2, "generated": 0, "bbox": {"xmin": 146, "ymin": 88, "ymax": 194, "xmax": 214}}], [{"tid": 0, "generated": 0, "bbox": {"xmin": 169, "ymin": 119, "ymax": 274, "xmax": 309}}, {"tid": 1, "generated": 0, "bbox": {"xmin": 274, "ymin": 204, "ymax": 272, "xmax": 310}}, {"tid": 2, "generated": 0, "bbox": {"xmin": 145, "ymin": 88, "ymax": 194, "xmax": 214}}], [{"tid": 0, "generated": 0, "bbox": {"xmin": 169, "ymin": 118, "ymax": 274, "xmax": 309}}, {"tid": 1, "generated": 0, "bbox": {"xmin": 273, "ymin": 204, "ymax": 272, "xmax": 309}}, {"tid": 2, "generated": 0, "bbox": {"xmin": 145, "ymin": 88, "ymax": 194, "xmax": 214}}], [{"tid": 0, "generated": 0, "bbox": {"xmin": 170, "ymin": 118, "ymax": 274, "xmax": 309}}, {"tid": 1, "generated": 0, "bbox": {"xmin": 272, "ymin": 204, "ymax": 272, "xmax": 308}}, {"tid": 2, "generated": 0, "bbox": {"xmin": 144, "ymin": 88, "ymax": 194, "xmax": 214}}], [{"tid": 0, "generated": 0, "bbox": {"xmin": 170, "ymin": 119, "ymax": 275, "xmax": 309}}, {"tid": 1, "generated": 0, "bbox": {"xmin": 272, "ymin": 204, "ymax": 272, "xmax": 307}}, {"tid": 2, "generated": 0, "bbox": {"xmin": 144, "ymin": 88, "ymax": 194, "xmax": 214}}], [{"tid": 0, "generated": 0, "bbox": {"xmin": 170, "ymin": 120, "ymax": 277, "xmax": 309}}, {"tid": 1, "generated": 0, "bbox": {"xmin": 272, "ymin": 204, "ymax": 272, "xmax": 307}}, {"tid": 2, "generated": 0, "bbox": {"xmin": 144, "ymin": 89, "ymax": 195, "xmax": 214}}], [{"tid": 0, "generated": 0, "bbox": {"xmin": 169, "ymin": 120, "ymax": 277, "xmax": 308}}, {"tid": 1, "generated": 0, "bbox": {"xmin": 272, "ymin": 204, "ymax": 272, "xmax": 307}}, {"tid": 2, "generated": 0, "bbox": {"xmin": 143, "ymin": 89, "ymax": 195, "xmax": 212}}], [{"tid": 0, "generated": 0, "bbox": {"xmin": 169, "ymin": 120, "ymax": 277, "xmax": 307}}, {"tid": 1, "generated": 0, "bbox": {"xmin": 272, "ymin": 205, "ymax": 273, "xmax": 307}}, {"tid": 2, "generated": 0, "bbox": {"xmin": 143, "ymin": 89, "ymax": 195, "xmax": 211}}], [{"tid": 0, "generated": 0, "bbox": {"xmin": 168, "ymin": 120, "ymax": 277, "xmax": 306}}, {"tid": 1, "generated": 0, "bbox": {"xmin": 272, "ymin": 205, "ymax": 273, "xmax": 307}}, {"tid": 2, "generated": 0, "bbox": {"xmin": 142, "ymin": 89, "ymax": 196, "xmax": 210}}], [{"tid": 0, "generated": 0, "bbox": {"xmin": 168, "ymin": 120, "ymax": 277, "xmax": 305}}, {"tid": 1, "generated": 0, "bbox": {"xmin": 272, "ymin": 205, "ymax": 273, "xmax": 307}}, {"tid": 2, "generated": 0, "bbox": {"xmin": 142, "ymin": 89, "ymax": 196, "xmax": 209}}], [{"tid": 0, "generated": 0, "bbox": {"xmin": 168, "ymin": 120, "ymax": 277, "xmax": 304}}, {"tid": 1, "generated": 0, "bbox": {"xmin": 272, "ymin": 206, "ymax": 274, "xmax": 307}}, {"tid": 2, "generated": 0, "bbox": {"xmin": 142, "ymin": 90, "ymax": 197, "xmax": 208}}], [{"tid": 0, "generated": 0, "bbox": {"xmin": 167, "ymin": 120, "ymax": 276, "xmax": 303}}, {"tid": 1, "generated": 0, "bbox": {"xmin": 269, "ymin": 206, "ymax": 274, "xmax": 304}}, {"tid": 2, "generated": 0, "bbox": {"xmin": 139, "ymin": 90, "ymax": 196, "xmax": 207}}], [{"tid": 0, "generated": 0, "bbox": {"xmin": 166, "ymin": 120, "ymax": 276, "xmax": 302}}, {"tid": 1, "generated": 0, "bbox": {"xmin": 266, "ymin": 206, "ymax": 274, "xmax": 301}}, {"tid": 2, "generated": 0, "bbox": {"xmin": 136, "ymin": 90, "ymax": 195, "xmax": 206}}], [{"tid": 0, "generated": 0, "bbox": {"xmin": 165, "ymin": 120, "ymax": 275, "xmax": 301}}, {"tid": 1, "generated": 0, "bbox": {"xmin": 264, "ymin": 206, "ymax": 274, "xmax": 299}}, {"tid": 2, "generated": 0, "bbox": {"xmin": 134, "ymin": 90, "ymax": 195, "xmax": 206}}], [{"tid": 0, "generated": 0, "bbox": {"xmin": 164, "ymin": 120, "ymax": 275, "xmax": 300}}, {"tid": 1, "generated": 0, "bbox": {"xmin": 264, "ymin": 205, "ymax": 273, "xmax": 298}}, {"tid": 2, "generated": 0, "bbox": {"xmin": 135, "ymin": 90, "ymax": 194, "xmax": 205}}], [{"tid": 0, "generated": 0, "bbox": {"xmin": 164, "ymin": 120, "ymax": 275, "xmax": 299}}, {"tid": 1, "generated": 0, "bbox": {"xmin": 264, "ymin": 205, "ymax": 273, "xmax": 298}}, {"tid": 2, "generated": 0, "bbox": {"xmin": 137, "ymin": 90, "ymax": 194, "xmax": 205}}], [{"tid": 0, "generated": 0, "bbox": {"xmin": 163, "ymin": 120, "ymax": 275, "xmax": 298}}, {"tid": 1, "generated": 0, "bbox": {"xmin": 264, "ymin": 205, "ymax": 273, "xmax": 298}}, {"tid": 2, "generated": 0, "bbox": {"xmin": 136, "ymin": 90, "ymax": 194, "xmax": 204}}], [{"tid": 0, "generated": 0, "bbox": {"xmin": 163, "ymin": 120, "ymax": 276, "xmax": 298}}, {"tid": 1, "generated": 0, "bbox": {"xmin": 264, "ymin": 204, "ymax": 272, "xmax": 297}}, {"tid": 2, "generated": 0, "bbox": {"xmin": 135, "ymin": 90, "ymax": 195, "xmax": 203}}], [{"tid": 0, "generated": 0, "bbox": {"xmin": 162, "ymin": 120, "ymax": 277, "xmax": 297}}, {"tid": 1, "generated": 0, "bbox": {"xmin": 264, "ymin": 204, "ymax": 272, "xmax": 297}}, {"tid": 2, "generated": 0, "bbox": {"xmin": 134, "ymin": 90, "ymax": 195, "xmax": 203}}], [{"tid": 0, "generated": 0, "bbox": {"xmin": 162, "ymin": 120, "ymax": 278, "xmax": 297}}, {"tid": 1, "generated": 0, "bbox": {"xmin": 264, "ymin": 204, "ymax": 272, "xmax": 297}}, {"tid": 2, "generated": 0, "bbox": {"xmin": 133, "ymin": 90, "ymax": 196, "xmax": 202}}], [{"tid": 0, "generated": 0, "bbox": {"xmin": 162, "ymin": 121, "ymax": 279, "xmax": 297}}, {"tid": 1, "generated": 0, "bbox": {"xmin": 264, "ymin": 204, "ymax": 272, "xmax": 297}}, {"tid": 2, "generated": 0, "bbox": {"xmin": 132, "ymin": 90, "ymax": 197, "xmax": 202}}], [{"tid": 0, "generated": 0, "bbox": {"xmin": 162, "ymin": 119, "ymax": 277, "xmax": 297}}, {"tid": 1, "generated": 0, "bbox": {"xmin": 265, "ymin": 202, "ymax": 270, "xmax": 298}}, {"tid": 2, "generated": 0, "bbox": {"xmin": 133, "ymin": 87, "ymax": 195, "xmax": 202}}], [{"tid": 0, "generated": 0, "bbox": {"xmin": 163, "ymin": 118, "ymax": 275, "xmax": 297}}, {"tid": 1, "generated": 0, "bbox": {"xmin": 266, "ymin": 201, "ymax": 268, "xmax": 299}}, {"tid": 2, "generated": 0, "bbox": {"xmin": 134, "ymin": 85, "ymax": 193, "xmax": 202}}], [{"tid": 0, "generated": 0, "bbox": {"xmin": 163, "ymin": 116, "ymax": 273, "xmax": 297}}, {"tid": 1, "generated": 0, "bbox": {"xmin": 267, "ymin": 200, "ymax": 267, "xmax": 300}}, {"tid": 2, "generated": 0, "bbox": {"xmin": 135, "ymin": 83, "ymax": 191, "xmax": 202}}], [{"tid": 0, "generated": 0, "bbox": {"xmin": 164, "ymin": 115, "ymax": 271, "xmax": 297}}, {"tid": 1, "generated": 0, "bbox": {"xmin": 268, "ymin": 199, "ymax": 265, "xmax": 301}}, {"tid": 2, "generated": 0, "bbox": {"xmin": 136, "ymin": 81, "ymax": 189, "xmax": 202}}], [], [], [], [], [], [], [], [], [], [], [], [], [], [], [], [], [], [], [], [], [], [], [], [], [], [], [], [], [], [], [], [], [], [], [], [], [], [], [], [], [], [], [], [], [], [], [], [], [], [], [], [], [], [], [], [], [], [], [], [], [], [], [], [], [], [], [], [], [], [], [], [], [], [], [], [], [], [], [], [], [], [], [], [], [], [], [], [], [], [], [], [], [], [], [], [], [], [], [], [], [], [], [], [], [], [], [], [], [], [], [], [], [], [], [], [], [], [], [], [], [{"tid": 0, "generated": 0, "bbox": {"xmin": 128, "ymin": 91, "ymax": 242, "xmax": 277}}, {"tid": 1, "generated": 0, "bbox": {"xmin": 251, "ymin": 172, "ymax": 238, "xmax": 304}}, {"tid": 2, "generated": 0, "bbox": {"xmin": 97, "ymin": 53, "ymax": 150, "xmax": 180}}], [{"tid": 0, "generated": 0, "bbox": {"xmin": 127, "ymin": 91, "ymax": 242, "xmax": 277}}, {"tid": 1, "generated": 0, "bbox": {"xmin": 251, "ymin": 172, "ymax": 238, "xmax": 304}}, {"tid": 2, "generated": 0, "bbox": {"xmin": 96, "ymin": 53, "ymax": 150, "xmax": 180}}], [{"tid": 0, "generated": 0, "bbox": {"xmin": 126, "ymin": 92, "ymax": 243, "xmax": 277}}, {"tid": 1, "generated": 0, "bbox": {"xmin": 251, "ymin": 173, "ymax": 239, "xmax": 305}}, {"tid": 2, "generated": 0, "bbox": {"xmin": 96, "ymin": 53, "ymax": 150, "xmax": 180}}], [{"tid": 0, "generated": 0, "bbox": {"xmin": 125, "ymin": 92, "ymax": 244, "xmax": 277}}, {"tid": 1, "generated": 0, "bbox": {"xmin": 251, "ymin": 173, "ymax": 239, "xmax": 305}}, {"tid": 2, "generated": 0, "bbox": {"xmin": 95, "ymin": 53, "ymax": 151, "xmax": 181}}], [{"tid": 0, "generated": 0, "bbox": {"xmin": 124, "ymin": 93, "ymax": 245, "xmax": 277}}, {"tid": 1, "generated": 0, "bbox": {"xmin": 251, "ymin": 173, "ymax": 239, "xmax": 306}}, {"tid": 2, "generated": 0, "bbox": {"xmin": 95, "ymin": 53, "ymax": 151, "xmax": 181}}], [{"tid": 0, "generated": 0, "bbox": {"xmin": 123, "ymin": 94, "ymax": 246, "xmax": 277}}, {"tid": 1, "generated": 0, "bbox": {"xmin": 251, "ymin": 174, "ymax": 240, "xmax": 307}}, {"tid": 2, "generated": 0, "bbox": {"xmin": 95, "ymin": 54, "ymax": 152, "xmax": 182}}], [{"tid": 0, "generated": 0, "bbox": {"xmin": 121, "ymin": 95, "ymax": 246, "xmax": 276}}, {"tid": 1, "generated": 0, "bbox": {"xmin": 250, "ymin": 174, "ymax": 240, "xmax": 306}}, {"tid": 2, "generated": 0, "bbox": {"xmin": 94, "ymin": 53, "ymax": 151, "xmax": 181}}], [{"tid": 0, "generated": 0, "bbox": {"xmin": 119, "ymin": 96, "ymax": 246, "xmax": 276}}, {"tid": 1, "generated": 0, "bbox": {"xmin": 249, "ymin": 174, "ymax": 240, "xmax": 305}}, {"tid": 2, "generated": 0, "bbox": {"xmin": 94, "ymin": 53, "ymax": 151, "xmax": 180}}], [{"tid": 0, "generated": 0, "bbox": {"xmin": 117, "ymin": 97, "ymax": 247, "xmax": 276}}, {"tid": 1, "generated": 0, "bbox": {"xmin": 248, "ymin": 174, "ymax": 240, "xmax": 304}}, {"tid": 2, "generated": 0, "bbox": {"xmin": 94, "ymin": 53, "ymax": 151, "xmax": 180}}], [{"tid": 0, "generated": 0, "bbox": {"xmin": 119, "ymin": 96, "ymax": 246, "xmax": 274}}, {"tid": 1, "generated": 0, "bbox": {"xmin": 247, "ymin": 174, "ymax": 240, "xmax": 303}}, {"tid": 2, "generated": 0, "bbox": {"xmin": 93, "ymin": 53, "ymax": 151, "xmax": 179}}], [{"tid": 0, "generated": 0, "bbox": {"xmin": 122, "ymin": 96, "ymax": 246, "xmax": 273}}, {"tid": 1, "generated": 0, "bbox": {"xmin": 246, "ymin": 174, "ymax": 240, "xmax": 302}}, {"tid": 2, "generated": 0, "bbox": {"xmin": 93, "ymin": 53, "ymax": 151, "xmax": 179}}], [{"tid": 0, "generated": 0, "bbox": {"xmin": 123, "ymin": 96, "ymax": 246, "xmax": 274}}, {"tid": 1, "generated": 0, "bbox": {"xmin": 246, "ymin": 174, "ymax": 240, "xmax": 302}}, {"tid": 2, "generated": 0, "bbox": {"xmin": 93, "ymin": 53, "ymax": 150, "xmax": 178}}], [{"tid": 0, "generated": 0, "bbox": {"xmin": 125, "ymin": 96, "ymax": 246, "xmax": 275}}, {"tid": 1, "generated": 0, "bbox": {"xmin": 245, "ymin": 174, "ymax": 240, "xmax": 301}}, {"tid": 2, "generated": 0, "bbox": {"xmin": 92, "ymin": 53, "ymax": 150, "xmax": 177}}], [{"tid": 0, "generated": 0, "bbox": {"xmin": 127, "ymin": 96, "ymax": 246, "xmax": 277}}, {"tid": 1, "generated": 0, "bbox": {"xmin": 245, "ymin": 174, "ymax": 240, "xmax": 301}}, {"tid": 2, "generated": 0, "bbox": {"xmin": 92, "ymin": 53, "ymax": 150, "xmax": 177}}], [{"tid": 0, "generated": 0, "bbox": {"xmin": 129, "ymin": 96, "ymax": 246, "xmax": 278}}, {"tid": 1, "generated": 0, "bbox": {"xmin": 244, "ymin": 174, "ymax": 240, "xmax": 300}}, {"tid": 2, "generated": 0, "bbox": {"xmin": 92, "ymin": 53, "ymax": 150, "xmax": 176}}], [{"tid": 0, "generated": 0, "bbox": {"xmin": 131, "ymin": 97, "ymax": 246, "xmax": 280}}, {"tid": 1, "generated": 0, "bbox": {"xmin": 244, "ymin": 175, "ymax": 240, "xmax": 300}}, {"tid": 2, "generated": 0, "bbox": {"xmin": 92, "ymin": 53, "ymax": 150, "xmax": 176}}], [{"tid": 0, "generated": 0, "bbox": {"xmin": 130, "ymin": 96, "ymax": 246, "xmax": 280}}, {"tid": 1, "generated": 0, "bbox": {"xmin": 245, "ymin": 175, "ymax": 240, "xmax": 301}}, {"tid": 2, "generated": 0, "bbox": {"xmin": 93, "ymin": 54, "ymax": 150, "xmax": 175}}], [{"tid": 0, "generated": 0, "bbox": {"xmin": 129, "ymin": 96, "ymax": 247, "xmax": 280}}, {"tid": 1, "generated": 0, "bbox": {"xmin": 246, "ymin": 175, "ymax": 240, "xmax": 302}}, {"tid": 2, "generated": 0, "bbox": {"xmin": 94, "ymin": 55, "ymax": 151, "xmax": 175}}], [{"tid": 0, "generated": 0, "bbox": {"xmin": 129, "ymin": 96, "ymax": 248, "xmax": 281}}, {"tid": 1, "generated": 0, "bbox": {"xmin": 247, "ymin": 176, "ymax": 240, "xmax": 303}}, {"tid": 2, "generated": 0, "bbox": {"xmin": 95, "ymin": 56, "ymax": 152, "xmax": 175}}], [{"tid": 0, "generated": 0, "bbox": {"xmin": 127, "ymin": 97, "ymax": 247, "xmax": 278}}, {"tid": 1, "generated": 0, "bbox": {"xmin": 246, "ymin": 176, "ymax": 240, "xmax": 301}}, {"tid": 2, "generated": 0, "bbox": {"xmin": 93, "ymin": 56, "ymax": 151, "xmax": 172}}], [{"tid": 0, "generated": 0, "bbox": {"xmin": 126, "ymin": 98, "ymax": 246, "xmax": 276}}, {"tid": 1, "generated": 0, "bbox": {"xmin": 245, "ymin": 176, "ymax": 240, "xmax": 300}}, {"tid": 2, "generated": 0, "bbox": {"xmin": 92, "ymin": 56, "ymax": 151, "xmax": 170}}], [{"tid": 0, "generated": 0, "bbox": {"xmin": 125, "ymin": 98, "ymax": 246, "xmax": 275}}, {"tid": 1, "generated": 0, "bbox": {"xmin": 244, "ymin": 176, "ymax": 241, "xmax": 299}}, {"tid": 2, "generated": 0, "bbox": {"xmin": 91, "ymin": 56, "ymax": 151, "xmax": 168}}], [{"tid": 0, "generated": 0, "bbox": {"xmin": 124, "ymin": 98, "ymax": 246, "xmax": 274}}, {"tid": 1, "generated": 0, "bbox": {"xmin": 243, "ymin": 177, "ymax": 241, "xmax": 297}}, {"tid": 2, "generated": 0, "bbox": {"xmin": 90, "ymin": 56, "ymax": 151, "xmax": 167}}], [{"tid": 0, "generated": 0, "bbox": {"xmin": 123, "ymin": 99, "ymax": 247, "xmax": 273}}, {"tid": 1, "generated": 0, "bbox": {"xmin": 242, "ymin": 177, "ymax": 242, "xmax": 296}}, {"tid": 2, "generated": 0, "bbox": {"xmin": 89, "ymin": 57, "ymax": 152, "xmax": 166}}], [{"tid": 0, "generated": 0, "bbox": {"xmin": 122, "ymin": 99, "ymax": 247, "xmax": 272}}, {"tid": 1, "generated": 0, "bbox": {"xmin": 241, "ymin": 177, "ymax": 242, "xmax": 295}}, {"tid": 2, "generated": 0, "bbox": {"xmin": 88, "ymin": 57, "ymax": 152, "xmax": 165}}], [{"tid": 0, "generated": 0, "bbox": {"xmin": 122, "ymin": 100, "ymax": 248, "xmax": 272}}, {"tid": 1, "generated": 0, "bbox": {"xmin": 240, "ymin": 178, "ymax": 243, "xmax": 294}}, {"tid": 2, "generated": 0, "bbox": {"xmin": 88, "ymin": 58, "ymax": 153, "xmax": 164}}], [{"tid": 0, "generated": 0, "bbox": {"xmin": 122, "ymin": 99, "ymax": 249, "xmax": 274}}, {"tid": 1, "generated": 0, "bbox": {"xmin": 241, "ymin": 178, "ymax": 242, "xmax": 294}}, {"tid": 2, "generated": 0, "bbox": {"xmin": 87, "ymin": 58, "ymax": 153, "xmax": 163}}], [{"tid": 0, "generated": 0, "bbox": {"xmin": 122, "ymin": 98, "ymax": 250, "xmax": 276}}, {"tid": 1, "generated": 0, "bbox": {"xmin": 242, "ymin": 178, "ymax": 242, "xmax": 294}}, {"tid": 2, "generated": 0, "bbox": {"xmin": 86, "ymin": 58, "ymax": 153, "xmax": 162}}], [{"tid": 0, "generated": 0, "bbox": {"xmin": 122, "ymin": 98, "ymax": 251, "xmax": 278}}, {"tid": 1, "generated": 0, "bbox": {"xmin": 244, "ymin": 178, "ymax": 242, "xmax": 295}}, {"tid": 2, "generated": 0, "bbox": {"xmin": 85, "ymin": 59, "ymax": 154, "xmax": 161}}], [{"tid": 0, "generated": 0, "bbox": {"xmin": 121, "ymin": 99, "ymax": 249, "xmax": 277}}, {"tid": 1, "generated": 0, "bbox": {"xmin": 244, "ymin": 177, "ymax": 242, "xmax": 293}}, {"tid": 2, "generated": 0, "bbox": {"xmin": 84, "ymin": 59, "ymax": 154, "xmax": 160}}], [], [], [], [], [], [], [], [], [], [], [], [], [], [], [], [], [], [], [], [], [], [], [], [], [], [], [], [], [], [], [], [], [], [], [], [], [], [], [], [], [], [], [], [], [], [], [], [], [], [], [], [], [], [], [], [], [], [], [], [], [], [], [], [], [], [], [], [], [], [], [], [], [], [], [], [], [], [], [], [], [], [], [], [], [], [], [], [], [], [], [], [], [], [], [], [], [], [], [], [], [], [], [], [], [], [], [], [], [], [], [], [], [], [], [], [], [], [], [], [], [], [], [], [], [], [], [], [], [], [], [], [], [], [], [], [], [], [], [], [], [], [], [], [], [], [], [], [], [], [], [], [], [], [], [], [], [], [], [], [], [], [], [], [], [], [], [], [], [], [], [], [], [], [], [], [], [], [], [], [], [], [], [], [], [], [], [], [], [], [], [], [], [], [], [], [], [], [], [], [], [], [], [], [], [], [], [], [], [], [], [], [], [], [], [], [], [], [], [], [], [], [], [], [], [], [], [], [], [], [], [], [], [], [], [], [], [], [], [], [], [], [], [], [], [], [], [], [], [], [], [], [], [], [], [], [], [], [], [], [], [], [], [], [], [], [], [], [], [], [], [], [], [], [], [], [], [], [], [], [], [], [], [], [], [], [], [], [], [], [], [], [], [], [], [], [], [], [], [], [], [{"tid": 0, "generated": 0, "bbox": {"xmin": 86, "ymin": 114, "ymax": 264, "xmax": 243}}, {"tid": 1, "generated": 0, "bbox": {"xmin": 202, "ymin": 196, "ymax": 259, "xmax": 274}}, {"tid": 2, "generated": 0, "bbox": {"xmin": 0, "ymin": 73, "ymax": 162, "xmax": 75}}], [{"tid": 0, "generated": 0, "bbox": {"xmin": 88, "ymin": 114, "ymax": 264, "xmax": 243}}, {"tid": 1, "generated": 0, "bbox": {"xmin": 201, "ymin": 195, "ymax": 258, "xmax": 273}}, {"tid": 2, "generated": 0, "bbox": {"xmin": 0, "ymin": 74, "ymax": 163, "xmax": 79}}], [{"tid": 0, "generated": 0, "bbox": {"xmin": 90, "ymin": 114, "ymax": 264, "xmax": 244}}, {"tid": 1, "generated": 0, "bbox": {"xmin": 200, "ymin": 195, "ymax": 258, "xmax": 272}}, {"tid": 2, "generated": 0, "bbox": {"xmin": 0, "ymin": 74, "ymax": 164, "xmax": 83}}], [{"tid": 0, "generated": 0, "bbox": {"xmin": 93, "ymin": 114, "ymax": 264, "xmax": 244}}, {"tid": 1, "generated": 0, "bbox": {"xmin": 200, "ymin": 195, "ymax": 258, "xmax": 271}}, {"tid": 2, "generated": 0, "bbox": {"xmin": 0, "ymin": 75, "ymax": 164, "xmax": 86}}], [{"tid": 0, "generated": 0, "bbox": {"xmin": 95, "ymin": 114, "ymax": 264, "xmax": 245}}, {"tid": 1, "generated": 0, "bbox": {"xmin": 199, "ymin": 195, "ymax": 258, "xmax": 270}}, {"tid": 2, "generated": 0, "bbox": {"xmin": 0, "ymin": 75, "ymax": 165, "xmax": 90}}], [{"tid": 0, "generated": 0, "bbox": {"xmin": 98, "ymin": 115, "ymax": 264, "xmax": 246}}, {"tid": 1, "generated": 0, "bbox": {"xmin": 199, "ymin": 195, "ymax": 258, "xmax": 270}}, {"tid": 2, "generated": 0, "bbox": {"xmin": 0, "ymin": 76, "ymax": 166, "xmax": 94}}], [{"tid": 0, "generated": 0, "bbox": {"xmin": 97, "ymin": 115, "ymax": 264, "xmax": 246}}, {"tid": 1, "generated": 0, "bbox": {"xmin": 199, "ymin": 195, "ymax": 258, "xmax": 269}}, {"tid": 2, "generated": 0, "bbox": {"xmin": 0, "ymin": 76, "ymax": 166, "xmax": 95}}], [{"tid": 0, "generated": 0, "bbox": {"xmin": 97, "ymin": 116, "ymax": 264, "xmax": 246}}, {"tid": 1, "generated": 0, "bbox": {"xmin": 200, "ymin": 196, "ymax": 258, "xmax": 268}}, {"tid": 2, "generated": 0, "bbox": {"xmin": 0, "ymin": 76, "ymax": 166, "xmax": 97}}], [{"tid": 0, "generated": 0, "bbox": {"xmin": 96, "ymin": 116, "ymax": 264, "xmax": 246}}, {"tid": 1, "generated": 0, "bbox": {"xmin": 200, "ymin": 196, "ymax": 259, "xmax": 267}}, {"tid": 2, "generated": 0, "bbox": {"xmin": 0, "ymin": 77, "ymax": 166, "xmax": 99}}], [{"tid": 0, "generated": 0, "bbox": {"xmin": 96, "ymin": 117, "ymax": 264, "xmax": 246}}, {"tid": 1, "generated": 0, "bbox": {"xmin": 201, "ymin": 197, "ymax": 259, "xmax": 266}}, {"tid": 2, "generated": 0, "bbox": {"xmin": 0, "ymin": 77, "ymax": 166, "xmax": 101}}], [{"tid": 0, "generated": 0, "bbox": {"xmin": 96, "ymin": 118, "ymax": 265, "xmax": 247}}, {"tid": 1, "generated": 0, "bbox": {"xmin": 202, "ymin": 198, "ymax": 260, "xmax": 265}}, {"tid": 2, "generated": 0, "bbox": {"xmin": 0, "ymin": 78, "ymax": 167, "xmax": 103}}], [{"tid": 0, "generated": 0, "bbox": {"xmin": 94, "ymin": 118, "ymax": 265, "xmax": 245}}, {"tid": 1, "generated": 0, "bbox": {"xmin": 201, "ymin": 198, "ymax": 260, "xmax": 263}}, {"tid": 2, "generated": 0, "bbox": {"xmin": 0, "ymin": 78, "ymax": 167, "xmax": 102}}], [{"tid": 0, "generated": 0, "bbox": {"xmin": 92, "ymin": 118, "ymax": 265, "xmax": 243}}, {"tid": 1, "generated": 0, "bbox": {"xmin": 201, "ymin": 198, "ymax": 260, "xmax": 261}}, {"tid": 2, "generated": 0, "bbox": {"xmin": 0, "ymin": 78, "ymax": 167, "xmax": 101}}], [{"tid": 0, "generated": 0, "bbox": {"xmin": 90, "ymin": 119, "ymax": 265, "xmax": 241}}, {"tid": 1, "generated": 0, "bbox": {"xmin": 200, "ymin": 198, "ymax": 260, "xmax": 259}}, {"tid": 2, "generated": 0, "bbox": {"xmin": 0, "ymin": 78, "ymax": 168, "xmax": 101}}], [{"tid": 0, "generated": 0, "bbox": {"xmin": 88, "ymin": 119, "ymax": 265, "xmax": 239}}, {"tid": 1, "generated": 0, "bbox": {"xmin": 200, "ymin": 198, "ymax": 260, "xmax": 257}}, {"tid": 2, "generated": 0, "bbox": {"xmin": 0, "ymin": 78, "ymax": 168, "xmax": 100}}], [{"tid": 0, "generated": 0, "bbox": {"xmin": 87, "ymin": 120, "ymax": 266, "xmax": 238}}, {"tid": 1, "generated": 0, "bbox": {"xmin": 200, "ymin": 199, "ymax": 261, "xmax": 256}}, {"tid": 2, "generated": 0, "bbox": {"xmin": 0, "ymin": 79, "ymax": 169, "xmax": 100}}], [{"tid": 0, "generated": 0, "bbox": {"xmin": 82, "ymin": 120, "ymax": 266, "xmax": 234}}, {"tid": 1, "generated": 0, "bbox": {"xmin": 198, "ymin": 198, "ymax": 260, "xmax": 254}}, {"tid": 2, "generated": 0, "bbox": {"xmin": 0, "ymin": 78, "ymax": 169, "xmax": 96}}], [{"tid": 0, "generated": 0, "bbox": {"xmin": 78, "ymin": 120, "ymax": 266, "xmax": 230}}, {"tid": 1, "generated": 0, "bbox": {"xmin": 197, "ymin": 197, "ymax": 260, "xmax": 253}}, {"tid": 2, "generated": 0, "bbox": {"xmin": 0, "ymin": 78, "ymax": 169, "xmax": 92}}], [{"tid": 0, "generated": 0, "bbox": {"xmin": 74, "ymin": 120, "ymax": 266, "xmax": 226}}, {"tid": 1, "generated": 0, "bbox": {"xmin": 195, "ymin": 196, "ymax": 259, "xmax": 251}}, {"tid": 2, "generated": 0, "bbox": {"xmin": 0, "ymin": 78, "ymax": 169, "xmax": 88}}], [{"tid": 0, "generated": 0, "bbox": {"xmin": 70, "ymin": 121, "ymax": 266, "xmax": 222}}, {"tid": 1, "generated": 0, "bbox": {"xmin": 194, "ymin": 196, "ymax": 259, "xmax": 250}}, {"tid": 2, "generated": 0, "bbox": {"xmin": 0, "ymin": 78, "ymax": 170, "xmax": 84}}], [{"tid": 0, "generated": 0, "bbox": {"xmin": 62, "ymin": 122, "ymax": 266, "xmax": 224}}, {"tid": 1, "generated": 0, "bbox": {"xmin": 194, "ymin": 195, "ymax": 258, "xmax": 250}}, {"tid": 2, "generated": 0, "bbox": {"xmin": 0, "ymin": 77, "ymax": 169, "xmax": 85}}], [{"tid": 0, "generated": 0, "bbox": {"xmin": 62, "ymin": 121, "ymax": 265, "xmax": 223}}, {"tid": 1, "generated": 0, "bbox": {"xmin": 195, "ymin": 195, "ymax": 258, "xmax": 251}}, {"tid": 2, "generated": 0, "bbox": {"xmin": 0, "ymin": 76, "ymax": 168, "xmax": 83}}], [{"tid": 0, "generated": 0, "bbox": {"xmin": 62, "ymin": 120, "ymax": 264, "xmax": 222}}, {"tid": 1, "generated": 0, "bbox": {"xmin": 196, "ymin": 195, "ymax": 258, "xmax": 252}}, {"tid": 2, "generated": 0, "bbox": {"xmin": 0, "ymin": 76, "ymax": 168, "xmax": 81}}], [{"tid": 0, "generated": 0, "bbox": {"xmin": 63, "ymin": 119, "ymax": 263, "xmax": 221}}, {"tid": 1, "generated": 0, "bbox": {"xmin": 196, "ymin": 195, "ymax": 258, "xmax": 253}}, {"tid": 2, "generated": 0, "bbox": {"xmin": 0, "ymin": 75, "ymax": 168, "xmax": 79}}], [{"tid": 0, "generated": 0, "bbox": {"xmin": 63, "ymin": 118, "ymax": 262, "xmax": 220}}, {"tid": 1, "generated": 0, "bbox": {"xmin": 197, "ymin": 195, "ymax": 258, "xmax": 254}}, {"tid": 2, "generated": 0, "bbox": {"xmin": 0, "ymin": 75, "ymax": 168, "xmax": 77}}], [{"tid": 0, "generated": 0, "bbox": {"xmin": 64, "ymin": 118, "ymax": 262, "xmax": 220}}, {"tid": 1, "generated": 0, "bbox": {"xmin": 198, "ymin": 195, "ymax": 258, "xmax": 255}}, {"tid": 2, "generated": 0, "bbox": {"xmin": 0, "ymin": 75, "ymax": 168, "xmax": 76}}], [{"tid": 0, "generated": 0, "bbox": {"xmin": 66, "ymin": 118, "ymax": 262, "xmax": 219}}, {"tid": 1, "generated": 0, "bbox": {"xmin": 198, "ymin": 194, "ymax": 257, "xmax": 256}}, {"tid": 2, "generated": 0, "bbox": {"xmin": 0, "ymin": 75, "ymax": 167, "xmax": 78}}], [{"tid": 0, "generated": 0, "bbox": {"xmin": 68, "ymin": 118, "ymax": 262, "xmax": 218}}, {"tid": 1, "generated": 0, "bbox": {"xmin": 199, "ymin": 194, "ymax": 257, "xmax": 257}}, {"tid": 2, "generated": 0, "bbox": {"xmin": 0, "ymin": 75, "ymax": 167, "xmax": 80}}], [{"tid": 0, "generated": 0, "bbox": {"xmin": 70, "ymin": 118, "ymax": 262, "xmax": 217}}, {"tid": 1, "generated": 0, "bbox": {"xmin": 199, "ymin": 194, "ymax": 256, "xmax": 258}}, {"tid": 2, "generated": 0, "bbox": {"xmin": 0, "ymin": 75, "ymax": 167, "xmax": 82}}], [{"tid": 0, "generated": 0, "bbox": {"xmin": 72, "ymin": 118, "ymax": 262, "xmax": 216}}, {"tid": 1, "generated": 0, "bbox": {"xmin": 200, "ymin": 194, "ymax": 256, "xmax": 259}}, {"tid": 2, "generated": 0, "bbox": {"xmin": 0, "ymin": 75, "ymax": 167, "xmax": 85}}]], "subject/objects": [{"category": "elephant", "tid": 0}, {"category": "elephant", "tid": 1}, {"category": "elephant", "tid": 2}], "relation_instances": [{"end_fid": 30, "subject_tid": 0, "predicate": "stand_next_to", "begin_fid": 0, "object_tid": 1}, {"end_fid": 30, "subject_tid": 0, "predicate": "stand_with", "begin_fid": 0, "object_tid": 1}, {"end_fid": 30, "subject_tid": 0, "predicate": "stand_left", "begin_fid": 0, "object_tid": 1}, {"end_fid": 30, "subject_tid": 0, "predicate": "taller", "begin_fid": 0, "object_tid": 1}, {"end_fid": 30, "subject_tid": 0, "predicate": "larger", "begin_fid": 0, "object_tid": 1}, {"end_fid": 30, "subject_tid": 1, "predicate": "stand_right", "begin_fid": 0, "object_tid": 0}, {"end_fid": 30, "subject_tid": 1, "predicate": "stand_next_to", "begin_fid": 0, "object_tid": 0}, {"end_fid": 30, "subject_tid": 1, "predicate": "stand_with", "begin_fid": 0, "object_tid": 0}, {"end_fid": 30, "subject_tid": 0, "predicate": "stand_front", "begin_fid": 0, "object_tid": 2}, {"end_fid": 30, "subject_tid": 0, "predicate": "stand_left", "begin_fid": 0, "object_tid": 2}, {"end_fid": 30, "subject_tid": 2, "predicate": "walk_right", "begin_fid": 0, "object_tid": 0}, {"end_fid": 30, "subject_tid": 2, "predicate": "walk_behind", "begin_fid": 0, "object_tid": 0}, {"end_fid": 30, "subject_tid": 2, "predicate": "walk_away", "begin_fid": 0, "object_tid": 0}, {"end_fid": 30, "subject_tid": 1, "predicate": "stand_front", "begin_fid": 0, "object_tid": 2}, {"end_fid": 30, "subject_tid": 2, "predicate": "walk_behind", "begin_fid": 0, "object_tid": 1}, {"end_fid": 30, "subject_tid": 2, "predicate": "walk_away", "begin_fid": 0, "object_tid": 1}, {"end_fid": 30, "subject_tid": 2, "predicate": "taller", "begin_fid": 0, "object_tid": 1}, {"end_fid": 30, "subject_tid": 2, "predicate": "larger", "begin_fid": 0, "object_tid": 1}, {"end_fid": 315, "subject_tid": 0, "predicate": "stand_next_to", "begin_fid": 285, "object_tid": 1}, {"end_fid": 315, "subject_tid": 0, "predicate": "stand_with", "begin_fid": 285, "object_tid": 1}, {"end_fid": 315, "subject_tid": 0, "predicate": "stand_left", "begin_fid": 285, "object_tid": 1}, {"end_fid": 315, "subject_tid": 0, "predicate": "taller", "begin_fid": 285, "object_tid": 1}, {"end_fid": 315, "subject_tid": 0, "predicate": "larger", "begin_fid": 285, "object_tid": 1}, {"end_fid": 315, "subject_tid": 1, "predicate": "stand_right", "begin_fid": 285, "object_tid": 0}, {"end_fid": 315, "subject_tid": 1, "predicate": "stand_next_to", "begin_fid": 285, "object_tid": 0}, {"end_fid": 315, "subject_tid": 1, "predicate": "stand_with", "begin_fid": 285, "object_tid": 0}, {"end_fid": 315, "subject_tid": 0, "predicate": "stand_front", "begin_fid": 285, "object_tid": 2}, {"end_fid": 315, "subject_tid": 2, "predicate": "walk_behind", "begin_fid": 285, "object_tid": 0}, {"end_fid": 315, "subject_tid": 2, "predicate": "walk_away", "begin_fid": 285, "object_tid": 0}, {"end_fid": 315, "subject_tid": 1, "predicate": "stand_front", "begin_fid": 285, "object_tid": 2}, {"end_fid": 315, "subject_tid": 2, "predicate": "walk_behind", "begin_fid": 285, "object_tid": 1}, {"end_fid": 315, "subject_tid": 2, "predicate": "walk_away", "begin_fid": 285, "object_tid": 1}, {"end_fid": 315, "subject_tid": 2, "predicate": "taller", "begin_fid": 285, "object_tid": 1}, {"end_fid": 315, "subject_tid": 2, "predicate": "larger", "begin_fid": 285, "object_tid": 1}, {"end_fid": 465, "subject_tid": 0, "predicate": "stand_next_to", "begin_fid": 435, "object_tid": 1}, {"end_fid": 465, "subject_tid": 0, "predicate": "stand_with", "begin_fid": 435, "object_tid": 1}, {"end_fid": 465, "subject_tid": 0, "predicate": "stand_left", "begin_fid": 435, "object_tid": 1}, {"end_fid": 465, "subject_tid": 0, "predicate": "taller", "begin_fid": 435, "object_tid": 1}, {"end_fid": 465, "subject_tid": 0, "predicate": "larger", "begin_fid": 435, "object_tid": 1}, {"end_fid": 465, "subject_tid": 1, "predicate": "stand_right", "begin_fid": 435, "object_tid": 0}, {"end_fid": 465, "subject_tid": 1, "predicate": "stand_next_to", "begin_fid": 435, "object_tid": 0}, {"end_fid": 465, "subject_tid": 1, "predicate": "stand_with", "begin_fid": 435, "object_tid": 0}, {"end_fid": 465, "subject_tid": 0, "predicate": "stand_front", "begin_fid": 435, "object_tid": 2}, {"end_fid": 465, "subject_tid": 2, "predicate": "walk_behind", "begin_fid": 435, "object_tid": 0}, {"end_fid": 465, "subject_tid": 2, "predicate": "walk_away", "begin_fid": 435, "object_tid": 0}, {"end_fid": 465, "subject_tid": 1, "predicate": "stand_front", "begin_fid": 435, "object_tid": 2}, {"end_fid": 465, "subject_tid": 2, "predicate": "walk_behind", "begin_fid": 435, "object_tid": 1}, {"end_fid": 465, "subject_tid": 2, "predicate": "walk_away", "begin_fid": 435, "object_tid": 1}, {"end_fid": 465, "subject_tid": 2, "predicate": "taller", "begin_fid": 435, "object_tid": 1}, {"end_fid": 465, "subject_tid": 2, "predicate": "larger", "begin_fid": 435, "object_tid": 1}, {"end_fid": 615, "subject_tid": 0, "predicate": "walk_next_to", "begin_fid": 585, "object_tid": 1}, {"end_fid": 615, "subject_tid": 0, "predicate": "walk_left", "begin_fid": 585, "object_tid": 1}, {"end_fid": 615, "subject_tid": 0, "predicate": "taller", "begin_fid": 585, "object_tid": 1}, {"end_fid": 615, "subject_tid": 0, "predicate": "larger", "begin_fid": 585, "object_tid": 1}, {"end_fid": 615, "subject_tid": 1, "predicate": "stand_right", "begin_fid": 585, "object_tid": 0}, {"end_fid": 615, "subject_tid": 1, "predicate": "stand_next_to", "begin_fid": 585, "object_tid": 0}, {"end_fid": 615, "subject_tid": 0, "predicate": "walk_front", "begin_fid": 585, "object_tid": 2}, {"end_fid": 615, "subject_tid": 2, "predicate": "walk_behind", "begin_fid": 585, "object_tid": 0}, {"end_fid": 615, "subject_tid": 1, "predicate": "stand_right", "begin_fid": 585, "object_tid": 2}, {"end_fid": 615, "subject_tid": 1, "predicate": "stand_front", "begin_fid": 585, "object_tid": 2}, {"end_fid": 615, "subject_tid": 2, "predicate": "walk_behind", "begin_fid": 585, "object_tid": 1}, {"end_fid": 615, "subject_tid": 2, "predicate": "walk_left", "begin_fid": 585, "object_tid": 1}, {"end_fid": 615, "subject_tid": 2, "predicate": "taller", "begin_fid": 585, "object_tid": 1}, {"end_fid": 615, "subject_tid": 2, "predicate": "larger", "begin_fid": 585, "object_tid": 1}, {"end_fid": 945, "subject_tid": 0, "predicate": "walk_next_to", "begin_fid": 915, "object_tid": 1}, {"end_fid": 945, "subject_tid": 0, "predicate": "walk_with", "begin_fid": 915, "object_tid": 1}, {"end_fid": 945, "subject_tid": 0, "predicate": "walk_left", "begin_fid": 915, "object_tid": 1}, {"end_fid": 945, "subject_tid": 0, "predicate": "taller", "begin_fid": 915, "object_tid": 1}, {"end_fid": 945, "subject_tid": 0, "predicate": "larger", "begin_fid": 915, "object_tid": 1}, {"end_fid": 945, "subject_tid": 1, "predicate": "walk_right", "begin_fid": 915, "object_tid": 0}, {"end_fid": 945, "subject_tid": 1, "predicate": "walk_next_to", "begin_fid": 915, "object_tid": 0}, {"end_fid": 945, "subject_tid": 1, "predicate": "walk_with", "begin_fid": 915, "object_tid": 0}, {"end_fid": 945, "subject_tid": 0, "predicate": "walk_right", "begin_fid": 915, "object_tid": 2}, {"end_fid": 945, "subject_tid": 0, "predicate": "walk_front", "begin_fid": 915, "object_tid": 2}, {"end_fid": 945, "subject_tid": 2, "predicate": "stand_behind", "begin_fid": 915, "object_tid": 0}, {"end_fid": 945, "subject_tid": 2, "predicate": "stand_left", "begin_fid": 915, "object_tid": 0}, {"end_fid": 945, "subject_tid": 1, "predicate": "walk_right", "begin_fid": 915, "object_tid": 2}, {"end_fid": 945, "subject_tid": 1, "predicate": "walk_front", "begin_fid": 915, "object_tid": 2}, {"end_fid": 945, "subject_tid": 2, "predicate": "stand_behind", "begin_fid": 915, "object_tid": 1}, {"end_fid": 945, "subject_tid": 2, "predicate": "stand_left", "begin_fid": 915, "object_tid": 1}, {"end_fid": 945, "subject_tid": 2, "predicate": "taller", "begin_fid": 915, "object_tid": 1}, {"end_fid": 945, "subject_tid": 2, "predicate": "larger", "begin_fid": 915, "object_tid": 1}], "height": 360}