{"width": 490, "frame_count": 150, "video_id": "ILSVRC2015_train_00103005", "fps": 30, "trajectories": [[{"tid": 0, "generated": 0, "bbox": {"xmin": 99, "ymin": 112, "ymax": 263, "xmax": 352}}, {"tid": 1, "generated": 0, "bbox": {"xmin": 174, "ymin": 42, "ymax": 263, "xmax": 488}}], [{"tid": 0, "generated": 0, "bbox": {"xmin": 99, "ymin": 112, "ymax": 263, "xmax": 350}}, {"tid": 1, "generated": 0, "bbox": {"xmin": 174, "ymin": 42, "ymax": 263, "xmax": 488}}], [{"tid": 0, "generated": 0, "bbox": {"xmin": 99, "ymin": 112, "ymax": 263, "xmax": 350}}, {"tid": 1, "generated": 0, "bbox": {"xmin": 174, "ymin": 42, "ymax": 263, "xmax": 488}}], [{"tid": 0, "generated": 0, "bbox": {"xmin": 99, "ymin": 112, "ymax": 263, "xmax": 350}}, {"tid": 1, "generated": 0, "bbox": {"xmin": 174, "ymin": 42, "ymax": 263, "xmax": 488}}], [{"tid": 0, "generated": 0, "bbox": {"xmin": 99, "ymin": 112, "ymax": 263, "xmax": 350}}, {"tid": 1, "generated": 0, "bbox": {"xmin": 174, "ymin": 42, "ymax": 263, "xmax": 488}}], [{"tid": 0, "generated": 0, "bbox": {"xmin": 99, "ymin": 112, "ymax": 263, "xmax": 350}}, {"tid": 1, "generated": 0, "bbox": {"xmin": 174, "ymin": 42, "ymax": 263, "xmax": 488}}], [{"tid": 0, "generated": 0, "bbox": {"xmin": 99, "ymin": 112, "ymax": 263, "xmax": 350}}, {"tid": 1, "generated": 0, "bbox": {"xmin": 174, "ymin": 42, "ymax": 263, "xmax": 488}}], [{"tid": 0, "generated": 0, "bbox": {"xmin": 99, "ymin": 112, "ymax": 265, "xmax": 350}}, {"tid": 1, "generated": 0, "bbox": {"xmin": 174, "ymin": 42, "ymax": 263, "xmax": 488}}], [{"tid": 0, "generated": 0, "bbox": {"xmin": 99, "ymin": 112, "ymax": 264, "xmax": 350}}, {"tid": 1, "generated": 0, "bbox": {"xmin": 174, "ymin": 42, "ymax": 263, "xmax": 488}}], [{"tid": 0, "generated": 0, "bbox": {"xmin": 99, "ymin": 112, "ymax": 263, "xmax": 350}}, {"tid": 1, "generated": 0, "bbox": {"xmin": 174, "ymin": 42, "ymax": 263, "xmax": 488}}], [{"tid": 0, "generated": 0, "bbox": {"xmin": 99, "ymin": 112, "ymax": 263, "xmax": 352}}, {"tid": 1, "generated": 0, "bbox": {"xmin": 174, "ymin": 42, "ymax": 263, "xmax": 488}}], [{"tid": 0, "generated": 0, "bbox": {"xmin": 99, "ymin": 112, "ymax": 263, "xmax": 352}}, {"tid": 1, "generated": 0, "bbox": {"xmin": 174, "ymin": 42, "ymax": 263, "xmax": 488}}], [{"tid": 0, "generated": 0, "bbox": {"xmin": 99, "ymin": 112, "ymax": 263, "xmax": 352}}, {"tid": 1, "generated": 0, "bbox": {"xmin": 174, "ymin": 42, "ymax": 263, "xmax": 488}}], [{"tid": 0, "generated": 0, "bbox": {"xmin": 99, "ymin": 112, "ymax": 263, "xmax": 352}}, {"tid": 1, "generated": 0, "bbox": {"xmin": 174, "ymin": 42, "ymax": 263, "xmax": 488}}], [{"tid": 0, "generated": 0, "bbox": {"xmin": 99, "ymin": 112, "ymax": 263, "xmax": 352}}, {"tid": 1, "generated": 0, "bbox": {"xmin": 174, "ymin": 42, "ymax": 263, "xmax": 488}}], [{"tid": 0, "generated": 0, "bbox": {"xmin": 99, "ymin": 112, "ymax": 263, "xmax": 352}}, {"tid": 1, "generated": 0, "bbox": {"xmin": 174, "ymin": 42, "ymax": 263, "xmax": 488}}], [{"tid": 0, "generated": 0, "bbox": {"xmin": 99, "ymin": 112, "ymax": 263, "xmax": 352}}, {"tid": 1, "generated": 0, "bbox": {"xmin": 174, "ymin": 42, "ymax": 263, "xmax": 488}}], [{"tid": 0, "generated": 0, "bbox": {"xmin": 99, "ymin": 112, "ymax": 263, "xmax": 352}}, {"tid": 1, "generated": 0, "bbox": {"xmin": 174, "ymin": 42, "ymax": 263, "xmax": 488}}], [{"tid": 0, "generated": 0, "bbox": {"xmin": 99, "ymin": 112, "ymax": 263, "xmax": 352}}, {"tid": 1, "generated": 0, "bbox": {"xmin": 174, "ymin": 42, "ymax": 263, "xmax": 488}}], [{"tid": 0, "generated": 0, "bbox": {"xmin": 99, "ymin": 112, "ymax": 263, "xmax": 352}}, {"tid": 1, "generated": 0, "bbox": {"xmin": 174, "ymin": 42, "ymax": 263, "xmax": 488}}], [{"tid": 0, "generated": 0, "bbox": {"xmin": 99, "ymin": 112, "ymax": 263, "xmax": 354}}, {"tid": 1, "generated": 0, "bbox": {"xmin": 174, "ymin": 42, "ymax": 263, "xmax": 488}}], [{"tid": 0, "generated": 0, "bbox": {"xmin": 99, "ymin": 112, "ymax": 263, "xmax": 352}}, {"tid": 1, "generated": 0, "bbox": {"xmin": 174, "ymin": 42, "ymax": 263, "xmax": 488}}], [{"tid": 0, "generated": 0, "bbox": {"xmin": 99, "ymin": 112, "ymax": 263, "xmax": 352}}, {"tid": 1, "generated": 0, "bbox": {"xmin": 174, "ymin": 42, "ymax": 263, "xmax": 488}}], [{"tid": 0, "generated": 0, "bbox": {"xmin": 99, "ymin": 112, "ymax": 263, "xmax": 352}}, {"tid": 1, "generated": 0, "bbox": {"xmin": 174, "ymin": 42, "ymax": 263, "xmax": 488}}], [{"tid": 0, "generated": 0, "bbox": {"xmin": 100, "ymin": 112, "ymax": 263, "xmax": 352}}, {"tid": 1, "generated": 0, "bbox": {"xmin": 174, "ymin": 42, "ymax": 263, "xmax": 488}}], [{"tid": 0, "generated": 0, "bbox": {"xmin": 100, "ymin": 112, "ymax": 263, "xmax": 352}}, {"tid": 1, "generated": 0, "bbox": {"xmin": 174, "ymin": 42, "ymax": 263, "xmax": 488}}], [{"tid": 0, "generated": 0, "bbox": {"xmin": 100, "ymin": 112, "ymax": 263, "xmax": 353}}, {"tid": 1, "generated": 0, "bbox": {"xmin": 174, "ymin": 42, "ymax": 263, "xmax": 488}}], [{"tid": 0, "generated": 0, "bbox": {"xmin": 101, "ymin": 112, "ymax": 263, "xmax": 353}}, {"tid": 1, "generated": 0, "bbox": {"xmin": 174, "ymin": 42, "ymax": 263, "xmax": 488}}], [{"tid": 0, "generated": 0, "bbox": {"xmin": 101, "ymin": 112, "ymax": 263, "xmax": 353}}, {"tid": 1, "generated": 0, "bbox": {"xmin": 174, "ymin": 42, "ymax": 263, "xmax": 488}}], [{"tid": 0, "generated": 0, "bbox": {"xmin": 101, "ymin": 112, "ymax": 263, "xmax": 353}}, {"tid": 1, "generated": 0, "bbox": {"xmin": 174, "ymin": 42, "ymax": 263, "xmax": 488}}], [], [], [], [], [], [], [], [], [], [], [], [], [], [], [], [], [], [], [], [], [], [], [], [], [], [], [], [], [], [], [], [], [], [], [], [], [], [], [], [], [], [], [], [], [], [], [], [], [], [], [], [], [], [], [], [], [], [], [], [], [], [], [], [], [], [], [], [], [], [], [], [], [], [], [], [], [], [], [], [], [], [], [], [], [], [], [], [], [], [], [{"tid": 0, "generated": 0, "bbox": {"xmin": 99, "ymin": 102, "ymax": 316, "xmax": 335}}, {"tid": 1, "generated": 0, "bbox": {"xmin": 174, "ymin": 42, "ymax": 316, "xmax": 488}}], [{"tid": 0, "generated": 0, "bbox": {"xmin": 99, "ymin": 102, "ymax": 316, "xmax": 335}}, {"tid": 1, "generated": 0, "bbox": {"xmin": 174, "ymin": 42, "ymax": 315, "xmax": 488}}], [{"tid": 0, "generated": 0, "bbox": {"xmin": 99, "ymin": 102, "ymax": 316, "xmax": 335}}, {"tid": 1, "generated": 0, "bbox": {"xmin": 174, "ymin": 42, "ymax": 315, "xmax": 488}}], [{"tid": 0, "generated": 0, "bbox": {"xmin": 99, "ymin": 102, "ymax": 316, "xmax": 333}}, {"tid": 1, "generated": 0, "bbox": {"xmin": 174, "ymin": 42, "ymax": 315, "xmax": 488}}], [{"tid": 0, "generated": 0, "bbox": {"xmin": 99, "ymin": 102, "ymax": 316, "xmax": 333}}, {"tid": 1, "generated": 0, "bbox": {"xmin": 174, "ymin": 42, "ymax": 315, "xmax": 488}}], [{"tid": 0, "generated": 0, "bbox": {"xmin": 99, "ymin": 102, "ymax": 316, "xmax": 333}}, {"tid": 1, "generated": 0, "bbox": {"xmin": 174, "ymin": 42, "ymax": 314, "xmax": 488}}], [{"tid": 0, "generated": 0, "bbox": {"xmin": 99, "ymin": 102, "ymax": 316, "xmax": 333}}, {"tid": 1, "generated": 0, "bbox": {"xmin": 174, "ymin": 42, "ymax": 314, "xmax": 488}}], [{"tid": 0, "generated": 0, "bbox": {"xmin": 99, "ymin": 102, "ymax": 316, "xmax": 333}}, {"tid": 1, "generated": 0, "bbox": {"xmin": 174, "ymin": 42, "ymax": 314, "xmax": 488}}], [{"tid": 0, "generated": 0, "bbox": {"xmin": 99, "ymin": 102, "ymax": 316, "xmax": 333}}, {"tid": 1, "generated": 0, "bbox": {"xmin": 174, "ymin": 42, "ymax": 314, "xmax": 488}}], [{"tid": 0, "generated": 0, "bbox": {"xmin": 99, "ymin": 102, "ymax": 316, "xmax": 333}}, {"tid": 1, "generated": 0, "bbox": {"xmin": 174, "ymin": 42, "ymax": 314, "xmax": 488}}], [{"tid": 0, "generated": 0, "bbox": {"xmin": 99, "ymin": 102, "ymax": 316, "xmax": 333}}, {"tid": 1, "generated": 0, "bbox": {"xmin": 174, "ymin": 42, "ymax": 316, "xmax": 488}}], [{"tid": 0, "generated": 0, "bbox": {"xmin": 99, "ymin": 102, "ymax": 316, "xmax": 333}}, {"tid": 1, "generated": 0, "bbox": {"xmin": 174, "ymin": 42, "ymax": 316, "xmax": 488}}], [{"tid": 0, "generated": 0, "bbox": {"xmin": 99, "ymin": 102, "ymax": 316, "xmax": 333}}, {"tid": 1, "generated": 0, "bbox": {"xmin": 174, "ymin": 42, "ymax": 316, "xmax": 488}}], [{"tid": 0, "generated": 0, "bbox": {"xmin": 99, "ymin": 102, "ymax": 316, "xmax": 331}}, {"tid": 1, "generated": 0, "bbox": {"xmin": 174, "ymin": 42, "ymax": 316, "xmax": 488}}], [{"tid": 0, "generated": 0, "bbox": {"xmin": 97, "ymin": 102, "ymax": 316, "xmax": 331}}, {"tid": 1, "generated": 0, "bbox": {"xmin": 174, "ymin": 42, "ymax": 316, "xmax": 488}}], [{"tid": 0, "generated": 0, "bbox": {"xmin": 97, "ymin": 102, "ymax": 316, "xmax": 331}}, {"tid": 1, "generated": 0, "bbox": {"xmin": 174, "ymin": 42, "ymax": 316, "xmax": 488}}], [{"tid": 0, "generated": 0, "bbox": {"xmin": 97, "ymin": 102, "ymax": 316, "xmax": 331}}, {"tid": 1, "generated": 0, "bbox": {"xmin": 174, "ymin": 42, "ymax": 316, "xmax": 488}}], [{"tid": 0, "generated": 0, "bbox": {"xmin": 97, "ymin": 102, "ymax": 316, "xmax": 331}}, {"tid": 1, "generated": 0, "bbox": {"xmin": 174, "ymin": 42, "ymax": 316, "xmax": 488}}], [{"tid": 0, "generated": 0, "bbox": {"xmin": 97, "ymin": 102, "ymax": 316, "xmax": 331}}, {"tid": 1, "generated": 0, "bbox": {"xmin": 174, "ymin": 42, "ymax": 316, "xmax": 488}}], [{"tid": 0, "generated": 0, "bbox": {"xmin": 97, "ymin": 102, "ymax": 316, "xmax": 331}}, {"tid": 1, "generated": 0, "bbox": {"xmin": 174, "ymin": 42, "ymax": 316, "xmax": 488}}], [{"tid": 0, "generated": 0, "bbox": {"xmin": 99, "ymin": 102, "ymax": 316, "xmax": 331}}, {"tid": 1, "generated": 0, "bbox": {"xmin": 174, "ymin": 42, "ymax": 316, "xmax": 488}}], [{"tid": 0, "generated": 0, "bbox": {"xmin": 99, "ymin": 102, "ymax": 316, "xmax": 329}}, {"tid": 1, "generated": 0, "bbox": {"xmin": 174, "ymin": 42, "ymax": 316, "xmax": 488}}], [{"tid": 0, "generated": 0, "bbox": {"xmin": 99, "ymin": 99, "ymax": 316, "xmax": 325}}, {"tid": 1, "generated": 0, "bbox": {"xmin": 174, "ymin": 42, "ymax": 316, "xmax": 488}}], [{"tid": 0, "generated": 0, "bbox": {"xmin": 99, "ymin": 101, "ymax": 316, "xmax": 316}}, {"tid": 1, "generated": 0, "bbox": {"xmin": 174, "ymin": 42, "ymax": 316, "xmax": 488}}], [{"tid": 0, "generated": 0, "bbox": {"xmin": 99, "ymin": 102, "ymax": 316, "xmax": 323}}, {"tid": 1, "generated": 0, "bbox": {"xmin": 174, "ymin": 42, "ymax": 316, "xmax": 488}}], [{"tid": 0, "generated": 0, "bbox": {"xmin": 99, "ymin": 108, "ymax": 316, "xmax": 316}}, {"tid": 1, "generated": 0, "bbox": {"xmin": 174, "ymin": 42, "ymax": 316, "xmax": 488}}], [{"tid": 0, "generated": 0, "bbox": {"xmin": 97, "ymin": 110, "ymax": 316, "xmax": 286}}, {"tid": 1, "generated": 0, "bbox": {"xmin": 174, "ymin": 42, "ymax": 316, "xmax": 488}}], [{"tid": 0, "generated": 0, "bbox": {"xmin": 97, "ymin": 112, "ymax": 316, "xmax": 289}}, {"tid": 1, "generated": 0, "bbox": {"xmin": 174, "ymin": 42, "ymax": 316, "xmax": 488}}], [{"tid": 0, "generated": 0, "bbox": {"xmin": 96, "ymin": 107, "ymax": 316, "xmax": 290}}, {"tid": 1, "generated": 0, "bbox": {"xmin": 174, "ymin": 42, "ymax": 316, "xmax": 488}}], [{"tid": 0, "generated": 0, "bbox": {"xmin": 95, "ymin": 102, "ymax": 316, "xmax": 291}}, {"tid": 1, "generated": 0, "bbox": {"xmin": 174, "ymin": 42, "ymax": 316, "xmax": 488}}]], "subject/objects": [{"category": "antelope", "tid": 0}, {"category": "antelope", "tid": 1}], "relation_instances": [{"end_fid": 30, "subject_tid": 0, "predicate": "stand_front", "begin_fid": 0, "object_tid": 1}, {"end_fid": 30, "subject_tid": 1, "predicate": "stand_behind", "begin_fid": 0, "object_tid": 0}, {"end_fid": 30, "subject_tid": 1, "predicate": "taller", "begin_fid": 0, "object_tid": 0}, {"end_fid": 30, "subject_tid": 1, "predicate": "larger", "begin_fid": 0, "object_tid": 0}, {"end_fid": 150, "subject_tid": 0, "predicate": "stand_front", "begin_fid": 120, "object_tid": 1}, {"end_fid": 150, "subject_tid": 1, "predicate": "stand_behind", "begin_fid": 120, "object_tid": 0}, {"end_fid": 150, "subject_tid": 1, "predicate": "taller", "begin_fid": 120, "object_tid": 0}, {"end_fid": 150, "subject_tid": 1, "predicate": "larger", "begin_fid": 120, "object_tid": 0}], "height": 360}