{"width": 1280, "frame_count": 348, "video_id": "ILSVRC2015_train_00026001", "fps": 29, "trajectories": [[{"tid": 0, "generated": 0, "bbox": {"xmin": 609, "ymin": 117, "ymax": 449, "xmax": 1116}}, {"tid": 1, "generated": 0, "bbox": {"xmin": 417, "ymin": 325, "ymax": 396, "xmax": 533}}], [{"tid": 0, "generated": 0, "bbox": {"xmin": 613, "ymin": 120, "ymax": 453, "xmax": 1120}}, {"tid": 1, "generated": 0, "bbox": {"xmin": 421, "ymin": 328, "ymax": 400, "xmax": 536}}], [{"tid": 0, "generated": 0, "bbox": {"xmin": 608, "ymin": 116, "ymax": 451, "xmax": 1114}}, {"tid": 1, "generated": 0, "bbox": {"xmin": 417, "ymin": 328, "ymax": 400, "xmax": 533}}], [{"tid": 0, "generated": 0, "bbox": {"xmin": 604, "ymin": 113, "ymax": 449, "xmax": 1109}}, {"tid": 1, "generated": 0, "bbox": {"xmin": 414, "ymin": 325, "ymax": 396, "xmax": 529}}], [{"tid": 0, "generated": 0, "bbox": {"xmin": 608, "ymin": 122, "ymax": 458, "xmax": 1112}}, {"tid": 1, "generated": 0, "bbox": {"xmin": 412, "ymin": 330, "ymax": 401, "xmax": 528}}], [{"tid": 0, "generated": 0, "bbox": {"xmin": 604, "ymin": 115, "ymax": 451, "xmax": 1109}}, {"tid": 1, "generated": 0, "bbox": {"xmin": 410, "ymin": 328, "ymax": 399, "xmax": 526}}], [{"tid": 0, "generated": 0, "bbox": {"xmin": 602, "ymin": 119, "ymax": 455, "xmax": 1109}}, {"tid": 1, "generated": 0, "bbox": {"xmin": 408, "ymin": 327, "ymax": 398, "xmax": 524}}], [{"tid": 0, "generated": 0, "bbox": {"xmin": 604, "ymin": 117, "ymax": 451, "xmax": 1111}}, {"tid": 1, "generated": 0, "bbox": {"xmin": 406, "ymin": 326, "ymax": 397, "xmax": 522}}], [{"tid": 0, "generated": 0, "bbox": {"xmin": 601, "ymin": 118, "ymax": 451, "xmax": 1108}}, {"tid": 1, "generated": 0, "bbox": {"xmin": 405, "ymin": 325, "ymax": 396, "xmax": 520}}], [{"tid": 0, "generated": 0, "bbox": {"xmin": 599, "ymin": 119, "ymax": 451, "xmax": 1105}}, {"tid": 1, "generated": 0, "bbox": {"xmin": 403, "ymin": 327, "ymax": 398, "xmax": 519}}], [{"tid": 0, "generated": 0, "bbox": {"xmin": 597, "ymin": 115, "ymax": 448, "xmax": 1104}}, {"tid": 1, "generated": 0, "bbox": {"xmin": 405, "ymin": 323, "ymax": 394, "xmax": 520}}], [{"tid": 0, "generated": 0, "bbox": {"xmin": 588, "ymin": 115, "ymax": 448, "xmax": 1095}}, {"tid": 1, "generated": 0, "bbox": {"xmin": 400, "ymin": 323, "ymax": 392, "xmax": 517}}], [{"tid": 0, "generated": 0, "bbox": {"xmin": 592, "ymin": 120, "ymax": 453, "xmax": 1098}}, {"tid": 1, "generated": 0, "bbox": {"xmin": 398, "ymin": 332, "ymax": 400, "xmax": 515}}], [{"tid": 0, "generated": 0, "bbox": {"xmin": 590, "ymin": 117, "ymax": 449, "xmax": 1096}}, {"tid": 1, "generated": 0, "bbox": {"xmin": 396, "ymin": 328, "ymax": 396, "xmax": 515}}], [{"tid": 0, "generated": 0, "bbox": {"xmin": 588, "ymin": 117, "ymax": 449, "xmax": 1095}}, {"tid": 1, "generated": 0, "bbox": {"xmin": 391, "ymin": 330, "ymax": 398, "xmax": 510}}], [{"tid": 0, "generated": 0, "bbox": {"xmin": 587, "ymin": 117, "ymax": 449, "xmax": 1094}}, {"tid": 1, "generated": 0, "bbox": {"xmin": 386, "ymin": 330, "ymax": 396, "xmax": 506}}], [{"tid": 0, "generated": 0, "bbox": {"xmin": 586, "ymin": 118, "ymax": 450, "xmax": 1093}}, {"tid": 1, "generated": 0, "bbox": {"xmin": 382, "ymin": 330, "ymax": 394, "xmax": 503}}], [{"tid": 0, "generated": 0, "bbox": {"xmin": 585, "ymin": 118, "ymax": 450, "xmax": 1092}}, {"tid": 1, "generated": 0, "bbox": {"xmin": 384, "ymin": 330, "ymax": 396, "xmax": 504}}], [{"tid": 0, "generated": 0, "bbox": {"xmin": 584, "ymin": 119, "ymax": 451, "xmax": 1091}}, {"tid": 1, "generated": 0, "bbox": {"xmin": 384, "ymin": 330, "ymax": 398, "xmax": 508}}], [{"tid": 0, "generated": 0, "bbox": {"xmin": 580, "ymin": 120, "ymax": 453, "xmax": 1087}}, {"tid": 1, "generated": 0, "bbox": {"xmin": 378, "ymin": 330, "ymax": 398, "xmax": 504}}], [{"tid": 0, "generated": 0, "bbox": {"xmin": 577, "ymin": 122, "ymax": 455, "xmax": 1084}}, {"tid": 1, "generated": 0, "bbox": {"xmin": 376, "ymin": 332, "ymax": 398, "xmax": 499}}], [{"tid": 0, "generated": 0, "bbox": {"xmin": 575, "ymin": 119, "ymax": 452, "xmax": 1082}}, {"tid": 1, "generated": 0, "bbox": {"xmin": 373, "ymin": 332, "ymax": 396, "xmax": 499}}], [{"tid": 0, "generated": 0, "bbox": {"xmin": 574, "ymin": 117, "ymax": 449, "xmax": 1080}}, {"tid": 1, "generated": 0, "bbox": {"xmin": 371, "ymin": 328, "ymax": 394, "xmax": 497}}], [{"tid": 0, "generated": 0, "bbox": {"xmin": 572, "ymin": 118, "ymax": 449, "xmax": 1076}}, {"tid": 1, "generated": 0, "bbox": {"xmin": 371, "ymin": 328, "ymax": 394, "xmax": 494}}], [{"tid": 0, "generated": 0, "bbox": {"xmin": 570, "ymin": 120, "ymax": 449, "xmax": 1073}}, {"tid": 1, "generated": 0, "bbox": {"xmin": 366, "ymin": 332, "ymax": 394, "xmax": 492}}], [{"tid": 0, "generated": 0, "bbox": {"xmin": 570, "ymin": 120, "ymax": 456, "xmax": 1075}}, {"tid": 1, "generated": 0, "bbox": {"xmin": 362, "ymin": 332, "ymax": 392, "xmax": 492}}], [{"tid": 0, "generated": 0, "bbox": {"xmin": 570, "ymin": 122, "ymax": 458, "xmax": 1073}}, {"tid": 1, "generated": 0, "bbox": {"xmin": 362, "ymin": 341, "ymax": 394, "xmax": 492}}], [{"tid": 0, "generated": 0, "bbox": {"xmin": 568, "ymin": 124, "ymax": 458, "xmax": 1073}}, {"tid": 1, "generated": 0, "bbox": {"xmin": 332, "ymin": 334, "ymax": 394, "xmax": 488}}], [{"tid": 0, "generated": 0, "bbox": {"xmin": 570, "ymin": 124, "ymax": 458, "xmax": 1072}}, {"tid": 1, "generated": 0, "bbox": {"xmin": 320, "ymin": 336, "ymax": 391, "xmax": 488}}], [{"tid": 0, "generated": 0, "bbox": {"xmin": 570, "ymin": 124, "ymax": 462, "xmax": 1073}}, {"tid": 1, "generated": 0, "bbox": {"xmin": 318, "ymin": 344, "ymax": 398, "xmax": 487}}], [], [], [], [], [], [], [], [], [], [], [], [], [], [], [], [], [], [], [], [], [], [], [], [], [], [], [], [], [], [], [], [], [], [], [], [], [], [], [], [], [], [], [], [], [], [], [], [], [], [], [], [], [], [], [], [], [], [], [], [], [{"tid": 0, "generated": 0, "bbox": {"xmin": 483, "ymin": 161, "ymax": 472, "xmax": 981}}, {"tid": 1, "generated": 0, "bbox": {"xmin": 277, "ymin": 360, "ymax": 407, "xmax": 428}}], [{"tid": 0, "generated": 0, "bbox": {"xmin": 465, "ymin": 163, "ymax": 474, "xmax": 965}}, {"tid": 1, "generated": 0, "bbox": {"xmin": 272, "ymin": 364, "ymax": 412, "xmax": 421}}], [{"tid": 0, "generated": 0, "bbox": {"xmin": 433, "ymin": 174, "ymax": 476, "xmax": 960}}, {"tid": 1, "generated": 0, "bbox": {"xmin": 272, "ymin": 369, "ymax": 414, "xmax": 419}}], [{"tid": 0, "generated": 0, "bbox": {"xmin": 394, "ymin": 176, "ymax": 472, "xmax": 958}}, {"tid": 1, "generated": 0, "bbox": {"xmin": 272, "ymin": 366, "ymax": 416, "xmax": 416}}], [{"tid": 0, "generated": 0, "bbox": {"xmin": 366, "ymin": 183, "ymax": 476, "xmax": 952}}, {"tid": 1, "generated": 0, "bbox": {"xmin": 266, "ymin": 371, "ymax": 419, "xmax": 416}}], [{"tid": 0, "generated": 0, "bbox": {"xmin": 400, "ymin": 177, "ymax": 471, "xmax": 942}}, {"tid": 1, "generated": 0, "bbox": {"xmin": 268, "ymin": 298, "ymax": 378, "xmax": 421}}], [{"tid": 0, "generated": 0, "bbox": {"xmin": 403, "ymin": 179, "ymax": 472, "xmax": 936}}, {"tid": 1, "generated": 0, "bbox": {"xmin": 272, "ymin": 305, "ymax": 387, "xmax": 437}}], [{"tid": 0, "generated": 0, "bbox": {"xmin": 403, "ymin": 186, "ymax": 478, "xmax": 929}}, {"tid": 1, "generated": 0, "bbox": {"xmin": 382, "ymin": 284, "ymax": 371, "xmax": 435}}], [{"tid": 0, "generated": 0, "bbox": {"xmin": 384, "ymin": 186, "ymax": 476, "xmax": 924}}, {"tid": 1, "generated": 0, "bbox": {"xmin": 366, "ymin": 229, "ymax": 366, "xmax": 435}}], [{"tid": 0, "generated": 0, "bbox": {"xmin": 384, "ymin": 186, "ymax": 480, "xmax": 912}}, {"tid": 1, "generated": 0, "bbox": {"xmin": 373, "ymin": 280, "ymax": 364, "xmax": 469}}], [{"tid": 0, "generated": 0, "bbox": {"xmin": 446, "ymin": 188, "ymax": 472, "xmax": 906}}, {"tid": 1, "generated": 0, "bbox": {"xmin": 401, "ymin": 291, "ymax": 343, "xmax": 444}}], [{"tid": 0, "generated": 0, "bbox": {"xmin": 455, "ymin": 197, "ymax": 481, "xmax": 899}}, {"tid": 1, "generated": 0, "bbox": {"xmin": 387, "ymin": 279, "ymax": 344, "xmax": 464}}], [{"tid": 0, "generated": 0, "bbox": {"xmin": 464, "ymin": 199, "ymax": 478, "xmax": 901}}, {"tid": 1, "generated": 0, "bbox": {"xmin": 394, "ymin": 291, "ymax": 350, "xmax": 472}}], [{"tid": 0, "generated": 0, "bbox": {"xmin": 474, "ymin": 211, "ymax": 476, "xmax": 897}}, {"tid": 1, "generated": 0, "bbox": {"xmin": 396, "ymin": 307, "ymax": 353, "xmax": 485}}], [{"tid": 0, "generated": 0, "bbox": {"xmin": 483, "ymin": 197, "ymax": 478, "xmax": 892}}, {"tid": 1, "generated": 0, "bbox": {"xmin": 440, "ymin": 282, "ymax": 396, "xmax": 519}}], [{"tid": 0, "generated": 0, "bbox": {"xmin": 517, "ymin": 177, "ymax": 472, "xmax": 883}}, {"tid": 1, "generated": 0, "bbox": {"xmin": 467, "ymin": 263, "ymax": 378, "xmax": 542}}], [{"tid": 0, "generated": 0, "bbox": {"xmin": 531, "ymin": 158, "ymax": 471, "xmax": 860}}, {"tid": 1, "generated": 0, "bbox": {"xmin": 529, "ymin": 238, "ymax": 369, "xmax": 595}}], [{"tid": 0, "generated": 0, "bbox": {"xmin": 547, "ymin": 158, "ymax": 465, "xmax": 853}}, {"tid": 1, "generated": 0, "bbox": {"xmin": 547, "ymin": 232, "ymax": 286, "xmax": 636}}], [{"tid": 0, "generated": 0, "bbox": {"xmin": 551, "ymin": 161, "ymax": 472, "xmax": 849}}, {"tid": 1, "generated": 0, "bbox": {"xmin": 552, "ymin": 227, "ymax": 270, "xmax": 636}}], [{"tid": 0, "generated": 0, "bbox": {"xmin": 552, "ymin": 158, "ymax": 460, "xmax": 842}}, {"tid": 1, "generated": 0, "bbox": {"xmin": 554, "ymin": 222, "ymax": 245, "xmax": 636}}], [{"tid": 0, "generated": 0, "bbox": {"xmin": 567, "ymin": 144, "ymax": 456, "xmax": 842}}, {"tid": 1, "generated": 0, "bbox": {"xmin": 568, "ymin": 209, "ymax": 243, "xmax": 638}}], [{"tid": 0, "generated": 0, "bbox": {"xmin": 588, "ymin": 122, "ymax": 462, "xmax": 851}}, {"tid": 1, "generated": 0, "bbox": {"xmin": 584, "ymin": 181, "ymax": 248, "xmax": 656}}], [{"tid": 0, "generated": 0, "bbox": {"xmin": 581, "ymin": 110, "ymax": 456, "xmax": 832}}, {"tid": 1, "generated": 0, "bbox": {"xmin": 602, "ymin": 163, "ymax": 286, "xmax": 659}}], [{"tid": 0, "generated": 0, "bbox": {"xmin": 579, "ymin": 113, "ymax": 460, "xmax": 826}}, {"tid": 1, "generated": 0, "bbox": {"xmin": 597, "ymin": 163, "ymax": 288, "xmax": 650}}], [{"tid": 0, "generated": 0, "bbox": {"xmin": 579, "ymin": 112, "ymax": 451, "xmax": 819}}, {"tid": 1, "generated": 0, "bbox": {"xmin": 590, "ymin": 167, "ymax": 289, "xmax": 636}}], [{"tid": 0, "generated": 0, "bbox": {"xmin": 574, "ymin": 117, "ymax": 453, "xmax": 819}}, {"tid": 1, "generated": 0, "bbox": {"xmin": 561, "ymin": 172, "ymax": 284, "xmax": 615}}], [{"tid": 0, "generated": 0, "bbox": {"xmin": 574, "ymin": 117, "ymax": 446, "xmax": 823}}, {"tid": 1, "generated": 0, "bbox": {"xmin": 542, "ymin": 170, "ymax": 268, "xmax": 609}}], [{"tid": 0, "generated": 0, "bbox": {"xmin": 574, "ymin": 117, "ymax": 453, "xmax": 824}}, {"tid": 1, "generated": 0, "bbox": {"xmin": 533, "ymin": 163, "ymax": 259, "xmax": 608}}], [{"tid": 0, "generated": 0, "bbox": {"xmin": 570, "ymin": 120, "ymax": 455, "xmax": 826}}, {"tid": 1, "generated": 0, "bbox": {"xmin": 549, "ymin": 177, "ymax": 232, "xmax": 608}}], [{"tid": 0, "generated": 0, "bbox": {"xmin": 581, "ymin": 135, "ymax": 448, "xmax": 826}}, {"tid": 1, "generated": 0, "bbox": {"xmin": 561, "ymin": 165, "ymax": 202, "xmax": 608}}], [], [], [], [], [], [], [], [], [], [], [], [], [], [], [], [], [], [], [], [], [], [], [], [], [], [], [], [], [], [], [], [], [], [], [], [], [], [], [], [], [], [], [], [], [], [{"tid": 0, "generated": 0, "bbox": {"xmin": 604, "ymin": 209, "ymax": 497, "xmax": 919}}, {"tid": 1, "generated": 0, "bbox": {"xmin": 888, "ymin": 259, "ymax": 384, "xmax": 965}}], [{"tid": 0, "generated": 0, "bbox": {"xmin": 604, "ymin": 224, "ymax": 504, "xmax": 924}}, {"tid": 1, "generated": 0, "bbox": {"xmin": 885, "ymin": 268, "ymax": 396, "xmax": 956}}], [{"tid": 0, "generated": 0, "bbox": {"xmin": 590, "ymin": 222, "ymax": 503, "xmax": 942}}, {"tid": 1, "generated": 0, "bbox": {"xmin": 876, "ymin": 270, "ymax": 391, "xmax": 960}}], [{"tid": 0, "generated": 0, "bbox": {"xmin": 584, "ymin": 224, "ymax": 497, "xmax": 919}}, {"tid": 1, "generated": 0, "bbox": {"xmin": 865, "ymin": 302, "ymax": 396, "xmax": 952}}], [{"tid": 0, "generated": 0, "bbox": {"xmin": 572, "ymin": 229, "ymax": 503, "xmax": 912}}, {"tid": 1, "generated": 0, "bbox": {"xmin": 865, "ymin": 280, "ymax": 344, "xmax": 935}}], [{"tid": 0, "generated": 0, "bbox": {"xmin": 565, "ymin": 231, "ymax": 496, "xmax": 942}}, {"tid": 1, "generated": 0, "bbox": {"xmin": 890, "ymin": 280, "ymax": 355, "xmax": 944}}], [{"tid": 0, "generated": 0, "bbox": {"xmin": 549, "ymin": 229, "ymax": 504, "xmax": 926}}, {"tid": 1, "generated": 0, "bbox": {"xmin": 885, "ymin": 263, "ymax": 366, "xmax": 935}}], [{"tid": 0, "generated": 0, "bbox": {"xmin": 540, "ymin": 232, "ymax": 501, "xmax": 917}}, {"tid": 1, "generated": 0, "bbox": {"xmin": 862, "ymin": 211, "ymax": 353, "xmax": 929}}], [{"tid": 0, "generated": 0, "bbox": {"xmin": 533, "ymin": 231, "ymax": 504, "xmax": 920}}, {"tid": 1, "generated": 0, "bbox": {"xmin": 851, "ymin": 291, "ymax": 321, "xmax": 915}}], [{"tid": 0, "generated": 0, "bbox": {"xmin": 525, "ymin": 226, "ymax": 501, "xmax": 915}}, {"tid": 1, "generated": 0, "bbox": {"xmin": 832, "ymin": 289, "ymax": 316, "xmax": 917}}], [{"tid": 0, "generated": 0, "bbox": {"xmin": 517, "ymin": 222, "ymax": 499, "xmax": 910}}, {"tid": 1, "generated": 0, "bbox": {"xmin": 858, "ymin": 282, "ymax": 350, "xmax": 908}}], [{"tid": 0, "generated": 0, "bbox": {"xmin": 506, "ymin": 215, "ymax": 504, "xmax": 899}}, {"tid": 1, "generated": 0, "bbox": {"xmin": 810, "ymin": 277, "ymax": 410, "xmax": 903}}], [{"tid": 0, "generated": 0, "bbox": {"xmin": 501, "ymin": 215, "ymax": 502, "xmax": 896}}, {"tid": 1, "generated": 0, "bbox": {"xmin": 823, "ymin": 280, "ymax": 410, "xmax": 903}}], [{"tid": 0, "generated": 0, "bbox": {"xmin": 496, "ymin": 215, "ymax": 501, "xmax": 894}}, {"tid": 1, "generated": 0, "bbox": {"xmin": 864, "ymin": 277, "ymax": 401, "xmax": 899}}], [{"tid": 0, "generated": 0, "bbox": {"xmin": 494, "ymin": 216, "ymax": 506, "xmax": 892}}, {"tid": 1, "generated": 0, "bbox": {"xmin": 860, "ymin": 277, "ymax": 428, "xmax": 974}}], [{"tid": 0, "generated": 0, "bbox": {"xmin": 492, "ymin": 220, "ymax": 503, "xmax": 894}}, {"tid": 1, "generated": 0, "bbox": {"xmin": 860, "ymin": 279, "ymax": 407, "xmax": 952}}], [{"tid": 0, "generated": 0, "bbox": {"xmin": 490, "ymin": 213, "ymax": 503, "xmax": 890}}, {"tid": 1, "generated": 0, "bbox": {"xmin": 849, "ymin": 270, "ymax": 419, "xmax": 928}}], [{"tid": 0, "generated": 0, "bbox": {"xmin": 494, "ymin": 209, "ymax": 503, "xmax": 896}}, {"tid": 1, "generated": 0, "bbox": {"xmin": 862, "ymin": 264, "ymax": 439, "xmax": 920}}], [{"tid": 0, "generated": 0, "bbox": {"xmin": 497, "ymin": 206, "ymax": 499, "xmax": 897}}, {"tid": 1, "generated": 0, "bbox": {"xmin": 869, "ymin": 250, "ymax": 455, "xmax": 908}}], [{"tid": 0, "generated": 0, "bbox": {"xmin": 497, "ymin": 195, "ymax": 485, "xmax": 912}}, {"tid": 1, "generated": 0, "bbox": {"xmin": 835, "ymin": 240, "ymax": 440, "xmax": 910}}], [{"tid": 0, "generated": 0, "bbox": {"xmin": 501, "ymin": 193, "ymax": 478, "xmax": 917}}, {"tid": 1, "generated": 0, "bbox": {"xmin": 858, "ymin": 234, "ymax": 408, "xmax": 913}}], [{"tid": 0, "generated": 0, "bbox": {"xmin": 504, "ymin": 192, "ymax": 478, "xmax": 921}}, {"tid": 1, "generated": 0, "bbox": {"xmin": 872, "ymin": 229, "ymax": 384, "xmax": 919}}], [{"tid": 0, "generated": 0, "bbox": {"xmin": 508, "ymin": 192, "ymax": 478, "xmax": 926}}, {"tid": 1, "generated": 0, "bbox": {"xmin": 887, "ymin": 215, "ymax": 336, "xmax": 922}}], [{"tid": 0, "generated": 0, "bbox": {"xmin": 512, "ymin": 184, "ymax": 474, "xmax": 926}}, {"tid": 1, "generated": 0, "bbox": {"xmin": 896, "ymin": 222, "ymax": 309, "xmax": 942}}], [{"tid": 0, "generated": 0, "bbox": {"xmin": 520, "ymin": 187, "ymax": 478, "xmax": 927}}, {"tid": 1, "generated": 0, "bbox": {"xmin": 901, "ymin": 218, "ymax": 298, "xmax": 952}}], [{"tid": 0, "generated": 0, "bbox": {"xmin": 528, "ymin": 190, "ymax": 483, "xmax": 928}}, {"tid": 1, "generated": 0, "bbox": {"xmin": 906, "ymin": 215, "ymax": 295, "xmax": 951}}], [{"tid": 0, "generated": 0, "bbox": {"xmin": 538, "ymin": 183, "ymax": 481, "xmax": 942}}, {"tid": 1, "generated": 0, "bbox": {"xmin": 912, "ymin": 215, "ymax": 305, "xmax": 949}}], [{"tid": 0, "generated": 0, "bbox": {"xmin": 545, "ymin": 179, "ymax": 487, "xmax": 958}}, {"tid": 1, "generated": 0, "bbox": {"xmin": 922, "ymin": 211, "ymax": 325, "xmax": 965}}], [{"tid": 0, "generated": 0, "bbox": {"xmin": 552, "ymin": 174, "ymax": 486, "xmax": 972}}, {"tid": 1, "generated": 0, "bbox": {"xmin": 933, "ymin": 208, "ymax": 344, "xmax": 970}}], [{"tid": 0, "generated": 0, "bbox": {"xmin": 560, "ymin": 170, "ymax": 485, "xmax": 986}}, {"tid": 1, "generated": 0, "bbox": {"xmin": 940, "ymin": 204, "ymax": 401, "xmax": 979}}], [], [], [], [], [], [], [], [], [], [], [], [], [], [], [], [], [], [], [], [], [], [], [], [], [], [], [], [], [], [], [], [], [], [], [], [], [], [], [], [], [], [], [], [], [], [{"tid": 0, "generated": 0, "bbox": {"xmin": 483, "ymin": 270, "ymax": 551, "xmax": 728}}, {"tid": 1, "generated": 0, "bbox": {"xmin": 730, "ymin": 416, "ymax": 536, "xmax": 768}}], [{"tid": 0, "generated": 0, "bbox": {"xmin": 487, "ymin": 254, "ymax": 531, "xmax": 741}}, {"tid": 1, "generated": 0, "bbox": {"xmin": 733, "ymin": 393, "ymax": 518, "xmax": 767}}], [{"tid": 0, "generated": 0, "bbox": {"xmin": 494, "ymin": 234, "ymax": 496, "xmax": 736}}, {"tid": 1, "generated": 0, "bbox": {"xmin": 737, "ymin": 371, "ymax": 501, "xmax": 766}}], [{"tid": 0, "generated": 0, "bbox": {"xmin": 501, "ymin": 206, "ymax": 481, "xmax": 741}}, {"tid": 1, "generated": 0, "bbox": {"xmin": 736, "ymin": 346, "ymax": 487, "xmax": 759}}], [{"tid": 0, "generated": 0, "bbox": {"xmin": 506, "ymin": 197, "ymax": 464, "xmax": 744}}, {"tid": 1, "generated": 0, "bbox": {"xmin": 737, "ymin": 332, "ymax": 483, "xmax": 760}}], [{"tid": 0, "generated": 0, "bbox": {"xmin": 513, "ymin": 174, "ymax": 446, "xmax": 748}}, {"tid": 1, "generated": 0, "bbox": {"xmin": 741, "ymin": 309, "ymax": 465, "xmax": 762}}], [{"tid": 0, "generated": 0, "bbox": {"xmin": 524, "ymin": 154, "ymax": 444, "xmax": 750}}, {"tid": 1, "generated": 0, "bbox": {"xmin": 739, "ymin": 289, "ymax": 439, "xmax": 769}}], [{"tid": 0, "generated": 0, "bbox": {"xmin": 528, "ymin": 144, "ymax": 430, "xmax": 753}}, {"tid": 1, "generated": 0, "bbox": {"xmin": 741, "ymin": 277, "ymax": 419, "xmax": 771}}], [{"tid": 0, "generated": 0, "bbox": {"xmin": 533, "ymin": 128, "ymax": 408, "xmax": 755}}, {"tid": 1, "generated": 0, "bbox": {"xmin": 746, "ymin": 252, "ymax": 394, "xmax": 782}}], [{"tid": 0, "generated": 0, "bbox": {"xmin": 545, "ymin": 112, "ymax": 396, "xmax": 769}}, {"tid": 1, "generated": 0, "bbox": {"xmin": 755, "ymin": 252, "ymax": 389, "xmax": 803}}], [{"tid": 0, "generated": 0, "bbox": {"xmin": 556, "ymin": 112, "ymax": 391, "xmax": 784}}, {"tid": 1, "generated": 0, "bbox": {"xmin": 773, "ymin": 243, "ymax": 385, "xmax": 812}}], [{"tid": 0, "generated": 0, "bbox": {"xmin": 563, "ymin": 101, "ymax": 387, "xmax": 814}}, {"tid": 1, "generated": 0, "bbox": {"xmin": 796, "ymin": 245, "ymax": 392, "xmax": 835}}], [{"tid": 0, "generated": 0, "bbox": {"xmin": 565, "ymin": 94, "ymax": 376, "xmax": 839}}, {"tid": 1, "generated": 0, "bbox": {"xmin": 826, "ymin": 250, "ymax": 378, "xmax": 849}}], [{"tid": 0, "generated": 0, "bbox": {"xmin": 569, "ymin": 93, "ymax": 376, "xmax": 848}}, {"tid": 1, "generated": 0, "bbox": {"xmin": 837, "ymin": 257, "ymax": 378, "xmax": 856}}], [{"tid": 0, "generated": 0, "bbox": {"xmin": 574, "ymin": 92, "ymax": 376, "xmax": 858}}, {"tid": 1, "generated": 0, "bbox": {"xmin": 855, "ymin": 264, "ymax": 398, "xmax": 899}}], [{"tid": 0, "generated": 0, "bbox": {"xmin": 577, "ymin": 87, "ymax": 368, "xmax": 858}}, {"tid": 1, "generated": 0, "bbox": {"xmin": 858, "ymin": 252, "ymax": 375, "xmax": 926}}], [{"tid": 0, "generated": 0, "bbox": {"xmin": 583, "ymin": 87, "ymax": 369, "xmax": 865}}, {"tid": 1, "generated": 0, "bbox": {"xmin": 864, "ymin": 250, "ymax": 378, "xmax": 940}}], [{"tid": 0, "generated": 0, "bbox": {"xmin": 583, "ymin": 87, "ymax": 368, "xmax": 864}}, {"tid": 1, "generated": 0, "bbox": {"xmin": 864, "ymin": 243, "ymax": 366, "xmax": 952}}], [{"tid": 0, "generated": 0, "bbox": {"xmin": 595, "ymin": 87, "ymax": 368, "xmax": 865}}, {"tid": 1, "generated": 0, "bbox": {"xmin": 864, "ymin": 263, "ymax": 355, "xmax": 951}}], [{"tid": 0, "generated": 0, "bbox": {"xmin": 602, "ymin": 85, "ymax": 366, "xmax": 862}}, {"tid": 1, "generated": 0, "bbox": {"xmin": 846, "ymin": 273, "ymax": 352, "xmax": 940}}], [{"tid": 0, "generated": 0, "bbox": {"xmin": 600, "ymin": 87, "ymax": 359, "xmax": 864}}, {"tid": 1, "generated": 0, "bbox": {"xmin": 851, "ymin": 289, "ymax": 375, "xmax": 935}}], [{"tid": 0, "generated": 0, "bbox": {"xmin": 597, "ymin": 85, "ymax": 360, "xmax": 867}}, {"tid": 1, "generated": 0, "bbox": {"xmin": 849, "ymin": 288, "ymax": 400, "xmax": 915}}], [{"tid": 0, "generated": 0, "bbox": {"xmin": 593, "ymin": 85, "ymax": 360, "xmax": 865}}, {"tid": 1, "generated": 0, "bbox": {"xmin": 853, "ymin": 293, "ymax": 405, "xmax": 912}}], [{"tid": 0, "generated": 0, "bbox": {"xmin": 593, "ymin": 83, "ymax": 369, "xmax": 858}}, {"tid": 1, "generated": 0, "bbox": {"xmin": 814, "ymin": 280, "ymax": 424, "xmax": 894}}], [{"tid": 0, "generated": 0, "bbox": {"xmin": 597, "ymin": 83, "ymax": 368, "xmax": 853}}, {"tid": 1, "generated": 0, "bbox": {"xmin": 808, "ymin": 280, "ymax": 421, "xmax": 890}}], [{"tid": 0, "generated": 0, "bbox": {"xmin": 595, "ymin": 76, "ymax": 359, "xmax": 846}}, {"tid": 1, "generated": 0, "bbox": {"xmin": 796, "ymin": 270, "ymax": 421, "xmax": 887}}], [{"tid": 0, "generated": 0, "bbox": {"xmin": 599, "ymin": 74, "ymax": 364, "xmax": 842}}, {"tid": 1, "generated": 0, "bbox": {"xmin": 800, "ymin": 270, "ymax": 421, "xmax": 885}}], [{"tid": 0, "generated": 0, "bbox": {"xmin": 600, "ymin": 67, "ymax": 352, "xmax": 837}}, {"tid": 1, "generated": 0, "bbox": {"xmin": 814, "ymin": 257, "ymax": 398, "xmax": 881}}], [{"tid": 0, "generated": 0, "bbox": {"xmin": 604, "ymin": 62, "ymax": 343, "xmax": 837}}, {"tid": 1, "generated": 0, "bbox": {"xmin": 798, "ymin": 247, "ymax": 391, "xmax": 878}}], [{"tid": 0, "generated": 0, "bbox": {"xmin": 611, "ymin": 53, "ymax": 334, "xmax": 848}}, {"tid": 1, "generated": 0, "bbox": {"xmin": 780, "ymin": 254, "ymax": 387, "xmax": 869}}]], "subject/objects": [{"category": "bird", "tid": 0}, {"category": "snake", "tid": 1}], "relation_instances": [{"end_fid": 30, "subject_tid": 0, "predicate": "stand_right", "begin_fid": 0, "object_tid": 1}, {"end_fid": 30, "subject_tid": 0, "predicate": "stand_next_to", "begin_fid": 0, "object_tid": 1}, {"end_fid": 30, "subject_tid": 0, "predicate": "taller", "begin_fid": 0, "object_tid": 1}, {"end_fid": 30, "subject_tid": 0, "predicate": "larger", "begin_fid": 0, "object_tid": 1}, {"end_fid": 30, "subject_tid": 0, "predicate": "watch", "begin_fid": 0, "object_tid": 1}, {"end_fid": 30, "subject_tid": 1, "predicate": "lie_next_to", "begin_fid": 0, "object_tid": 0}, {"end_fid": 30, "subject_tid": 1, "predicate": "lie_left", "begin_fid": 0, "object_tid": 0}, {"end_fid": 120, "subject_tid": 0, "predicate": "stand_right", "begin_fid": 90, "object_tid": 1}, {"end_fid": 120, "subject_tid": 0, "predicate": "stand_next_to", "begin_fid": 90, "object_tid": 1}, {"end_fid": 120, "subject_tid": 0, "predicate": "taller", "begin_fid": 90, "object_tid": 1}, {"end_fid": 120, "subject_tid": 0, "predicate": "larger", "begin_fid": 90, "object_tid": 1}, {"end_fid": 120, "subject_tid": 0, "predicate": "bite", "begin_fid": 90, "object_tid": 1}, {"end_fid": 120, "subject_tid": 1, "predicate": "lie_next_to", "begin_fid": 90, "object_tid": 0}, {"end_fid": 120, "subject_tid": 1, "predicate": "lie_left", "begin_fid": 90, "object_tid": 0}, {"end_fid": 195, "subject_tid": 0, "predicate": "walk_left", "begin_fid": 165, "object_tid": 1}, {"end_fid": 195, "subject_tid": 0, "predicate": "walk_next_to", "begin_fid": 165, "object_tid": 1}, {"end_fid": 195, "subject_tid": 0, "predicate": "taller", "begin_fid": 165, "object_tid": 1}, {"end_fid": 195, "subject_tid": 0, "predicate": "larger", "begin_fid": 165, "object_tid": 1}, {"end_fid": 195, "subject_tid": 0, "predicate": "bite", "begin_fid": 165, "object_tid": 1}, {"end_fid": 195, "subject_tid": 1, "predicate": "next_to", "begin_fid": 165, "object_tid": 0}, {"end_fid": 195, "subject_tid": 1, "predicate": "right", "begin_fid": 165, "object_tid": 0}, {"end_fid": 270, "subject_tid": 0, "predicate": "walk_behind", "begin_fid": 240, "object_tid": 1}, {"end_fid": 270, "subject_tid": 0, "predicate": "walk_next_to", "begin_fid": 240, "object_tid": 1}, {"end_fid": 270, "subject_tid": 0, "predicate": "taller", "begin_fid": 240, "object_tid": 1}, {"end_fid": 270, "subject_tid": 0, "predicate": "larger", "begin_fid": 240, "object_tid": 1}, {"end_fid": 270, "subject_tid": 0, "predicate": "bite", "begin_fid": 240, "object_tid": 1}, {"end_fid": 270, "subject_tid": 0, "predicate": "hold", "begin_fid": 240, "object_tid": 1}, {"end_fid": 270, "subject_tid": 1, "predicate": "next_to", "begin_fid": 240, "object_tid": 0}, {"end_fid": 270, "subject_tid": 1, "predicate": "front", "begin_fid": 240, "object_tid": 0}], "height": 720}