{"width": 1920, "frame_count": 83, "video_id": "ILSVRC2015_train_00265048", "fps": 25, "trajectories": [[{"tid": 0, "generated": 0, "bbox": {"xmin": 789, "ymin": 421, "ymax": 1013, "xmax": 1570}}, {"tid": 2, "generated": 0, "bbox": {"xmin": 807, "ymin": 47, "ymax": 902, "xmax": 1467}}], [{"tid": 0, "generated": 0, "bbox": {"xmin": 792, "ymin": 423, "ymax": 1014, "xmax": 1582}}, {"tid": 2, "generated": 0, "bbox": {"xmin": 829, "ymin": 47, "ymax": 902, "xmax": 1467}}], [{"tid": 0, "generated": 0, "bbox": {"xmin": 796, "ymin": 426, "ymax": 1016, "xmax": 1595}}, {"tid": 2, "generated": 0, "bbox": {"xmin": 850, "ymin": 47, "ymax": 902, "xmax": 1467}}], [{"tid": 0, "generated": 0, "bbox": {"xmin": 800, "ymin": 429, "ymax": 1018, "xmax": 1608}}, {"tid": 2, "generated": 0, "bbox": {"xmin": 872, "ymin": 47, "ymax": 902, "xmax": 1467}}], [{"tid": 0, "generated": 0, "bbox": {"xmin": 799, "ymin": 438, "ymax": 1028, "xmax": 1610}}, {"tid": 2, "generated": 0, "bbox": {"xmin": 893, "ymin": 47, "ymax": 902, "xmax": 1467}}], [{"tid": 0, "generated": 0, "bbox": {"xmin": 798, "ymin": 448, "ymax": 1038, "xmax": 1613}}, {"tid": 2, "generated": 0, "bbox": {"xmin": 915, "ymin": 47, "ymax": 902, "xmax": 1467}}], [{"tid": 0, "generated": 0, "bbox": {"xmin": 797, "ymin": 458, "ymax": 1048, "xmax": 1616}}, {"tid": 2, "generated": 0, "bbox": {"xmin": 915, "ymin": 47, "ymax": 902, "xmax": 1467}}], [{"tid": 0, "generated": 0, "bbox": {"xmin": 800, "ymin": 460, "ymax": 1050, "xmax": 1620}}, {"tid": 2, "generated": 0, "bbox": {"xmin": 915, "ymin": 47, "ymax": 902, "xmax": 1467}}], [{"tid": 0, "generated": 0, "bbox": {"xmin": 804, "ymin": 463, "ymax": 1053, "xmax": 1624}}, {"tid": 2, "generated": 0, "bbox": {"xmin": 915, "ymin": 47, "ymax": 902, "xmax": 1467}}], [{"tid": 0, "generated": 0, "bbox": {"xmin": 808, "ymin": 466, "ymax": 1056, "xmax": 1629}}, {"tid": 2, "generated": 0, "bbox": {"xmin": 915, "ymin": 47, "ymax": 902, "xmax": 1467}}], [{"tid": 0, "generated": 0, "bbox": {"xmin": 808, "ymin": 472, "ymax": 1062, "xmax": 1636}}, {"tid": 2, "generated": 0, "bbox": {"xmin": 915, "ymin": 47, "ymax": 902, "xmax": 1467}}], [{"tid": 0, "generated": 0, "bbox": {"xmin": 808, "ymin": 478, "ymax": 1068, "xmax": 1643}}, {"tid": 2, "generated": 0, "bbox": {"xmin": 915, "ymin": 47, "ymax": 902, "xmax": 1467}}], [{"tid": 0, "generated": 0, "bbox": {"xmin": 808, "ymin": 485, "ymax": 1074, "xmax": 1650}}, {"tid": 2, "generated": 0, "bbox": {"xmin": 915, "ymin": 47, "ymax": 902, "xmax": 1467}}], [{"tid": 0, "generated": 0, "bbox": {"xmin": 814, "ymin": 484, "ymax": 1073, "xmax": 1648}}, {"tid": 2, "generated": 0, "bbox": {"xmin": 915, "ymin": 47, "ymax": 902, "xmax": 1467}}], [{"tid": 0, "generated": 0, "bbox": {"xmin": 820, "ymin": 483, "ymax": 1073, "xmax": 1646}}, {"tid": 2, "generated": 0, "bbox": {"xmin": 915, "ymin": 47, "ymax": 902, "xmax": 1467}}], [{"tid": 0, "generated": 0, "bbox": {"xmin": 827, "ymin": 483, "ymax": 1072, "xmax": 1645}}, {"tid": 2, "generated": 0, "bbox": {"xmin": 915, "ymin": 47, "ymax": 902, "xmax": 1467}}], [{"tid": 0, "generated": 0, "bbox": {"xmin": 833, "ymin": 482, "ymax": 1072, "xmax": 1643}}, {"tid": 2, "generated": 0, "bbox": {"xmin": 931, "ymin": 45, "ymax": 900, "xmax": 1483}}], [{"tid": 0, "generated": 0, "bbox": {"xmin": 840, "ymin": 482, "ymax": 1072, "xmax": 1642}}, {"tid": 2, "generated": 0, "bbox": {"xmin": 947, "ymin": 43, "ymax": 898, "xmax": 1499}}], [{"tid": 0, "generated": 0, "bbox": {"xmin": 863, "ymin": 481, "ymax": 1072, "xmax": 1636}}, {"tid": 2, "generated": 0, "bbox": {"xmin": 964, "ymin": 42, "ymax": 897, "xmax": 1516}}], [{"tid": 0, "generated": 0, "bbox": {"xmin": 886, "ymin": 480, "ymax": 1072, "xmax": 1630}}, {"tid": 2, "generated": 0, "bbox": {"xmin": 980, "ymin": 40, "ymax": 895, "xmax": 1532}}], [{"tid": 0, "generated": 0, "bbox": {"xmin": 909, "ymin": 480, "ymax": 1072, "xmax": 1624}}, {"tid": 2, "generated": 0, "bbox": {"xmin": 996, "ymin": 38, "ymax": 893, "xmax": 1548}}], [{"tid": 0, "generated": 0, "bbox": {"xmin": 909, "ymin": 467, "ymax": 1072, "xmax": 1630}}, {"tid": 2, "generated": 0, "bbox": {"xmin": 976, "ymin": 32, "ymax": 924, "xmax": 1544}}], [{"tid": 0, "generated": 0, "bbox": {"xmin": 909, "ymin": 454, "ymax": 1072, "xmax": 1636}}, {"tid": 2, "generated": 0, "bbox": {"xmin": 956, "ymin": 26, "ymax": 955, "xmax": 1540}}], [{"tid": 0, "generated": 0, "bbox": {"xmin": 909, "ymin": 442, "ymax": 1072, "xmax": 1642}}, {"tid": 2, "generated": 0, "bbox": {"xmin": 937, "ymin": 20, "ymax": 987, "xmax": 1535}}], [{"tid": 0, "generated": 0, "bbox": {"xmin": 839, "ymin": 438, "ymax": 1073, "xmax": 1632}}, {"tid": 2, "generated": 0, "bbox": {"xmin": 917, "ymin": 14, "ymax": 1018, "xmax": 1531}}], [{"tid": 0, "generated": 0, "bbox": {"xmin": 770, "ymin": 435, "ymax": 1075, "xmax": 1622}}, {"tid": 2, "generated": 0, "bbox": {"xmin": 897, "ymin": 8, "ymax": 1049, "xmax": 1527}}], [{"tid": 0, "generated": 0, "bbox": {"xmin": 701, "ymin": 432, "ymax": 1077, "xmax": 1613}}, {"tid": 2, "generated": 0, "bbox": {"xmin": 832, "ymin": 7, "ymax": 1048, "xmax": 1462}}], [{"tid": 0, "generated": 0, "bbox": {"xmin": 624, "ymin": 420, "ymax": 1078, "xmax": 1560}}, {"tid": 2, "generated": 0, "bbox": {"xmin": 766, "ymin": 6, "ymax": 1047, "xmax": 1396}}], [{"tid": 0, "generated": 0, "bbox": {"xmin": 548, "ymin": 408, "ymax": 1079, "xmax": 1508}}, {"tid": 2, "generated": 0, "bbox": {"xmin": 701, "ymin": 4, "ymax": 1045, "xmax": 1331}}], [{"tid": 0, "generated": 0, "bbox": {"xmin": 472, "ymin": 397, "ymax": 1079, "xmax": 1456}}, {"tid": 2, "generated": 0, "bbox": {"xmin": 635, "ymin": 3, "ymax": 1044, "xmax": 1265}}], [{"tid": 0, "generated": 0, "bbox": {"xmin": 395, "ymin": 362, "ymax": 1037, "xmax": 1397}}, {"tid": 2, "generated": 0, "bbox": {"xmin": 570, "ymin": 2, "ymax": 1043, "xmax": 1200}}], [{"tid": 0, "generated": 0, "bbox": {"xmin": 318, "ymin": 327, "ymax": 994, "xmax": 1338}}, {"tid": 2, "generated": 0, "bbox": {"xmin": 570, "ymin": 2, "ymax": 979, "xmax": 1200}}], [{"tid": 0, "generated": 0, "bbox": {"xmin": 242, "ymin": 293, "ymax": 952, "xmax": 1280}}, {"tid": 2, "generated": 0, "bbox": {"xmin": 570, "ymin": 2, "ymax": 916, "xmax": 1200}}], [{"tid": 0, "generated": 0, "bbox": {"xmin": 176, "ymin": 234, "ymax": 952, "xmax": 1274}}, {"tid": 2, "generated": 0, "bbox": {"xmin": 570, "ymin": 2, "ymax": 852, "xmax": 1200}}], [{"tid": 0, "generated": 0, "bbox": {"xmin": 133, "ymin": 117, "ymax": 824, "xmax": 1232}}, {"tid": 2, "generated": 0, "bbox": {"xmin": 570, "ymin": 2, "ymax": 789, "xmax": 1200}}], [{"tid": 0, "generated": 0, "bbox": {"xmin": 66, "ymin": 21, "ymax": 805, "xmax": 1232}}, {"tid": 2, "generated": 0, "bbox": {"xmin": 570, "ymin": 2, "ymax": 725, "xmax": 1200}}], [{"tid": 0, "generated": 0, "bbox": {"xmin": 32, "ymin": 0, "ymax": 816, "xmax": 1261}}, {"tid": 2, "generated": 0, "bbox": {"xmin": 608, "ymin": 2, "ymax": 676, "xmax": 1180}}], [{"tid": 0, "generated": 0, "bbox": {"xmin": 5, "ymin": 0, "ymax": 816, "xmax": 1293}}, {"tid": 2, "generated": 0, "bbox": {"xmin": 647, "ymin": 2, "ymax": 628, "xmax": 1159}}], [{"tid": 0, "generated": 0, "bbox": {"xmin": 5, "ymin": 0, "ymax": 816, "xmax": 1309}}, {"tid": 2, "generated": 0, "bbox": {"xmin": 685, "ymin": 2, "ymax": 579, "xmax": 1139}}], [{"tid": 0, "generated": 0, "bbox": {"xmin": 5, "ymin": 0, "ymax": 816, "xmax": 1318}}, {"tid": 2, "generated": 0, "bbox": {"xmin": 724, "ymin": 2, "ymax": 531, "xmax": 1118}}], [{"tid": 0, "generated": 0, "bbox": {"xmin": 5, "ymin": 0, "ymax": 816, "xmax": 1327}}, {"tid": 2, "generated": 0, "bbox": {"xmin": 762, "ymin": 2, "ymax": 482, "xmax": 1098}}], [{"tid": 0, "generated": 0, "bbox": {"xmin": 5, "ymin": 0, "ymax": 816, "xmax": 1336}}, {"tid": 2, "generated": 0, "bbox": {"xmin": 762, "ymin": 2, "ymax": 465, "xmax": 1098}}], [{"tid": 0, "generated": 0, "bbox": {"xmin": 5, "ymin": 0, "ymax": 827, "xmax": 1349}}, {"tid": 2, "generated": 0, "bbox": {"xmin": 762, "ymin": 2, "ymax": 448, "xmax": 1098}}], [{"tid": 0, "generated": 0, "bbox": {"xmin": 5, "ymin": 0, "ymax": 838, "xmax": 1362}}, {"tid": 2, "generated": 0, "bbox": {"xmin": 762, "ymin": 2, "ymax": 432, "xmax": 1098}}], [{"tid": 0, "generated": 0, "bbox": {"xmin": 5, "ymin": 0, "ymax": 850, "xmax": 1376}}, {"tid": 2, "generated": 0, "bbox": {"xmin": 762, "ymin": 2, "ymax": 415, "xmax": 1098}}]], "subject/objects": [{"category": "bicycle", "tid": 0}, {"category": "person", "tid": 2}], "relation_instances": [{"end_fid": 30, "subject_tid": 0, "predicate": "move_beneath", "begin_fid": 0, "object_tid": 2}, {"end_fid": 30, "subject_tid": 2, "predicate": "run_above", "begin_fid": 0, "object_tid": 0}, {"end_fid": 30, "subject_tid": 2, "predicate": "ride", "begin_fid": 0, "object_tid": 0}, {"end_fid": 45, "subject_tid": 0, "predicate": "move_beneath", "begin_fid": 15, "object_tid": 2}, {"end_fid": 45, "subject_tid": 2, "predicate": "sit_above", "begin_fid": 15, "object_tid": 0}, {"end_fid": 45, "subject_tid": 2, "predicate": "ride", "begin_fid": 15, "object_tid": 0}], "height": 1080}