{"width": 1920, "frame_count": 49, "video_id": "ILSVRC2015_train_00265068", "fps": 25, "trajectories": [[{"tid": 0, "generated": 0, "bbox": {"xmin": 77, "ymin": 205, "ymax": 576, "xmax": 400}}, {"tid": 3, "generated": 0, "bbox": {"xmin": 92, "ymin": 12, "ymax": 527, "xmax": 461}}], [{"tid": 0, "generated": 0, "bbox": {"xmin": 62, "ymin": 208, "ymax": 580, "xmax": 385}}, {"tid": 3, "generated": 0, "bbox": {"xmin": 77, "ymin": 12, "ymax": 533, "xmax": 456}}], [{"tid": 0, "generated": 0, "bbox": {"xmin": 48, "ymin": 212, "ymax": 584, "xmax": 371}}, {"tid": 3, "generated": 0, "bbox": {"xmin": 62, "ymin": 12, "ymax": 538, "xmax": 451}}], [{"tid": 0, "generated": 0, "bbox": {"xmin": 34, "ymin": 216, "ymax": 589, "xmax": 357}}, {"tid": 3, "generated": 0, "bbox": {"xmin": 46, "ymin": 12, "ymax": 544, "xmax": 447}}], [{"tid": 0, "generated": 0, "bbox": {"xmin": 31, "ymin": 213, "ymax": 595, "xmax": 367}}, {"tid": 3, "generated": 0, "bbox": {"xmin": 31, "ymin": 12, "ymax": 549, "xmax": 442}}], [{"tid": 0, "generated": 0, "bbox": {"xmin": 28, "ymin": 210, "ymax": 601, "xmax": 378}}, {"tid": 3, "generated": 0, "bbox": {"xmin": 16, "ymin": 12, "ymax": 555, "xmax": 437}}], [{"tid": 0, "generated": 0, "bbox": {"xmin": 26, "ymin": 208, "ymax": 608, "xmax": 389}}, {"tid": 3, "generated": 0, "bbox": {"xmin": 19, "ymin": 22, "ymax": 561, "xmax": 452}}], [{"tid": 0, "generated": 0, "bbox": {"xmin": 23, "ymin": 213, "ymax": 618, "xmax": 407}}, {"tid": 3, "generated": 0, "bbox": {"xmin": 23, "ymin": 32, "ymax": 567, "xmax": 468}}], [{"tid": 0, "generated": 0, "bbox": {"xmin": 20, "ymin": 218, "ymax": 629, "xmax": 426}}, {"tid": 3, "generated": 0, "bbox": {"xmin": 26, "ymin": 43, "ymax": 574, "xmax": 483}}], [{"tid": 0, "generated": 0, "bbox": {"xmin": 18, "ymin": 224, "ymax": 640, "xmax": 445}}, {"tid": 3, "generated": 0, "bbox": {"xmin": 30, "ymin": 53, "ymax": 580, "xmax": 499}}], [{"tid": 0, "generated": 0, "bbox": {"xmin": 21, "ymin": 241, "ymax": 664, "xmax": 461}}, {"tid": 3, "generated": 0, "bbox": {"xmin": 33, "ymin": 63, "ymax": 586, "xmax": 514}}], [{"tid": 0, "generated": 0, "bbox": {"xmin": 25, "ymin": 259, "ymax": 688, "xmax": 477}}, {"tid": 3, "generated": 0, "bbox": {"xmin": 36, "ymin": 88, "ymax": 611, "xmax": 536}}], [{"tid": 0, "generated": 0, "bbox": {"xmin": 29, "ymin": 277, "ymax": 712, "xmax": 493}}, {"tid": 3, "generated": 0, "bbox": {"xmin": 39, "ymin": 113, "ymax": 636, "xmax": 557}}], [{"tid": 0, "generated": 0, "bbox": {"xmin": 23, "ymin": 304, "ymax": 739, "xmax": 504}}, {"tid": 3, "generated": 0, "bbox": {"xmin": 42, "ymin": 137, "ymax": 662, "xmax": 579}}], [{"tid": 0, "generated": 0, "bbox": {"xmin": 18, "ymin": 332, "ymax": 766, "xmax": 516}}, {"tid": 3, "generated": 0, "bbox": {"xmin": 45, "ymin": 162, "ymax": 687, "xmax": 600}}], [{"tid": 0, "generated": 0, "bbox": {"xmin": 13, "ymin": 360, "ymax": 794, "xmax": 528}}, {"tid": 3, "generated": 0, "bbox": {"xmin": 48, "ymin": 187, "ymax": 712, "xmax": 622}}], [{"tid": 0, "generated": 0, "bbox": {"xmin": 13, "ymin": 389, "ymax": 823, "xmax": 550}}, {"tid": 3, "generated": 0, "bbox": {"xmin": 70, "ymin": 209, "ymax": 736, "xmax": 656}}], [{"tid": 0, "generated": 0, "bbox": {"xmin": 13, "ymin": 418, "ymax": 852, "xmax": 572}}, {"tid": 3, "generated": 0, "bbox": {"xmin": 91, "ymin": 232, "ymax": 760, "xmax": 690}}], [{"tid": 0, "generated": 0, "bbox": {"xmin": 13, "ymin": 448, "ymax": 882, "xmax": 594}}, {"tid": 3, "generated": 0, "bbox": {"xmin": 113, "ymin": 254, "ymax": 785, "xmax": 724}}], [{"tid": 0, "generated": 0, "bbox": {"xmin": 21, "ymin": 461, "ymax": 895, "xmax": 633}}, {"tid": 3, "generated": 0, "bbox": {"xmin": 134, "ymin": 277, "ymax": 809, "xmax": 758}}], [{"tid": 0, "generated": 0, "bbox": {"xmin": 29, "ymin": 474, "ymax": 908, "xmax": 672}}, {"tid": 3, "generated": 0, "bbox": {"xmin": 156, "ymin": 299, "ymax": 833, "xmax": 792}}], [{"tid": 0, "generated": 0, "bbox": {"xmin": 37, "ymin": 488, "ymax": 922, "xmax": 712}}, {"tid": 3, "generated": 0, "bbox": {"xmin": 195, "ymin": 320, "ymax": 861, "xmax": 828}}], [{"tid": 0, "generated": 0, "bbox": {"xmin": 62, "ymin": 510, "ymax": 963, "xmax": 768}}, {"tid": 3, "generated": 0, "bbox": {"xmin": 233, "ymin": 340, "ymax": 889, "xmax": 863}}], [{"tid": 0, "generated": 0, "bbox": {"xmin": 87, "ymin": 532, "ymax": 1004, "xmax": 824}}, {"tid": 3, "generated": 0, "bbox": {"xmin": 272, "ymin": 361, "ymax": 918, "xmax": 899}}], [{"tid": 0, "generated": 0, "bbox": {"xmin": 112, "ymin": 554, "ymax": 1045, "xmax": 880}}, {"tid": 3, "generated": 0, "bbox": {"xmin": 310, "ymin": 381, "ymax": 946, "xmax": 934}}], [{"tid": 0, "generated": 0, "bbox": {"xmin": 153, "ymin": 604, "ymax": 1056, "xmax": 965}}, {"tid": 3, "generated": 0, "bbox": {"xmin": 349, "ymin": 402, "ymax": 974, "xmax": 970}}], [{"tid": 0, "generated": 0, "bbox": {"xmin": 195, "ymin": 655, "ymax": 1068, "xmax": 1050}}, {"tid": 3, "generated": 0, "bbox": {"xmin": 411, "ymin": 410, "ymax": 981, "xmax": 1012}}], [{"tid": 0, "generated": 0, "bbox": {"xmin": 237, "ymin": 706, "ymax": 1079, "xmax": 1136}}, {"tid": 3, "generated": 0, "bbox": {"xmin": 473, "ymin": 419, "ymax": 988, "xmax": 1054}}], [{"tid": 0, "generated": 0, "bbox": {"xmin": 302, "ymin": 705, "ymax": 1079, "xmax": 1232}}, {"tid": 3, "generated": 0, "bbox": {"xmin": 535, "ymin": 427, "ymax": 995, "xmax": 1096}}], [{"tid": 0, "generated": 0, "bbox": {"xmin": 368, "ymin": 704, "ymax": 1079, "xmax": 1329}}, {"tid": 3, "generated": 0, "bbox": {"xmin": 597, "ymin": 436, "ymax": 1002, "xmax": 1138}}]], "subject/objects": [{"category": "bicycle", "tid": 0}, {"category": "person", "tid": 3}], "relation_instances": [{"end_fid": 30, "subject_tid": 0, "predicate": "move_beneath", "begin_fid": 0, "object_tid": 3}, {"end_fid": 30, "subject_tid": 3, "predicate": "stand_above", "begin_fid": 0, "object_tid": 0}, {"end_fid": 30, "subject_tid": 3, "predicate": "ride", "begin_fid": 0, "object_tid": 0}], "height": 1080}