{"width": 1280, "frame_count": 750, "video_id": "ILSVRC2015_train_00142003", "fps": 30, "trajectories": [[{"tid": 0, "generated": 0, "bbox": {"xmin": 279, "ymin": 344, "ymax": 574, "xmax": 716}}, {"tid": 1, "generated": 0, "bbox": {"xmin": 1009, "ymin": 184, "ymax": 464, "xmax": 1276}}], [{"tid": 0, "generated": 0, "bbox": {"xmin": 273, "ymin": 344, "ymax": 577, "xmax": 711}}, {"tid": 1, "generated": 0, "bbox": {"xmin": 1002, "ymin": 184, "ymax": 469, "xmax": 1272}}], [{"tid": 0, "generated": 0, "bbox": {"xmin": 268, "ymin": 344, "ymax": 574, "xmax": 709}}, {"tid": 1, "generated": 0, "bbox": {"xmin": 995, "ymin": 192, "ymax": 469, "xmax": 1276}}], [{"tid": 0, "generated": 0, "bbox": {"xmin": 264, "ymin": 346, "ymax": 579, "xmax": 707}}, {"tid": 1, "generated": 0, "bbox": {"xmin": 990, "ymin": 195, "ymax": 483, "xmax": 1278}}], [{"tid": 0, "generated": 0, "bbox": {"xmin": 261, "ymin": 346, "ymax": 577, "xmax": 704}}, {"tid": 1, "generated": 0, "bbox": {"xmin": 984, "ymin": 197, "ymax": 483, "xmax": 1274}}], [{"tid": 0, "generated": 0, "bbox": {"xmin": 257, "ymin": 348, "ymax": 581, "xmax": 698}}, {"tid": 1, "generated": 0, "bbox": {"xmin": 979, "ymin": 200, "ymax": 487, "xmax": 1276}}], [{"tid": 0, "generated": 0, "bbox": {"xmin": 254, "ymin": 350, "ymax": 581, "xmax": 698}}, {"tid": 1, "generated": 0, "bbox": {"xmin": 970, "ymin": 199, "ymax": 481, "xmax": 1276}}], [{"tid": 0, "generated": 0, "bbox": {"xmin": 250, "ymin": 352, "ymax": 579, "xmax": 693}}, {"tid": 1, "generated": 0, "bbox": {"xmin": 965, "ymin": 200, "ymax": 478, "xmax": 1278}}], [{"tid": 0, "generated": 0, "bbox": {"xmin": 247, "ymin": 353, "ymax": 579, "xmax": 689}}, {"tid": 1, "generated": 0, "bbox": {"xmin": 960, "ymin": 198, "ymax": 476, "xmax": 1277}}], [{"tid": 0, "generated": 0, "bbox": {"xmin": 243, "ymin": 355, "ymax": 579, "xmax": 689}}, {"tid": 1, "generated": 0, "bbox": {"xmin": 956, "ymin": 197, "ymax": 474, "xmax": 1276}}], [{"tid": 0, "generated": 0, "bbox": {"xmin": 240, "ymin": 357, "ymax": 581, "xmax": 688}}, {"tid": 1, "generated": 0, "bbox": {"xmin": 952, "ymin": 193, "ymax": 472, "xmax": 1278}}], [{"tid": 0, "generated": 0, "bbox": {"xmin": 236, "ymin": 357, "ymax": 584, "xmax": 684}}, {"tid": 1, "generated": 0, "bbox": {"xmin": 953, "ymin": 194, "ymax": 473, "xmax": 1277}}], [{"tid": 0, "generated": 0, "bbox": {"xmin": 231, "ymin": 353, "ymax": 584, "xmax": 675}}, {"tid": 1, "generated": 0, "bbox": {"xmin": 955, "ymin": 195, "ymax": 474, "xmax": 1277}}], [{"tid": 0, "generated": 0, "bbox": {"xmin": 229, "ymin": 353, "ymax": 579, "xmax": 673}}, {"tid": 1, "generated": 0, "bbox": {"xmin": 956, "ymin": 196, "ymax": 475, "xmax": 1276}}], [{"tid": 0, "generated": 0, "bbox": {"xmin": 227, "ymin": 353, "ymax": 577, "xmax": 668}}, {"tid": 1, "generated": 0, "bbox": {"xmin": 958, "ymin": 197, "ymax": 476, "xmax": 1276}}], [{"tid": 0, "generated": 0, "bbox": {"xmin": 225, "ymin": 355, "ymax": 581, "xmax": 664}}, {"tid": 1, "generated": 0, "bbox": {"xmin": 960, "ymin": 199, "ymax": 481, "xmax": 1274}}], [{"tid": 0, "generated": 0, "bbox": {"xmin": 225, "ymin": 357, "ymax": 577, "xmax": 670}}, {"tid": 1, "generated": 0, "bbox": {"xmin": 965, "ymin": 193, "ymax": 490, "xmax": 1276}}], [{"tid": 0, "generated": 0, "bbox": {"xmin": 224, "ymin": 357, "ymax": 579, "xmax": 670}}, {"tid": 1, "generated": 0, "bbox": {"xmin": 972, "ymin": 209, "ymax": 501, "xmax": 1278}}], [{"tid": 0, "generated": 0, "bbox": {"xmin": 222, "ymin": 357, "ymax": 581, "xmax": 668}}, {"tid": 1, "generated": 0, "bbox": {"xmin": 979, "ymin": 222, "ymax": 510, "xmax": 1278}}], [{"tid": 0, "generated": 0, "bbox": {"xmin": 220, "ymin": 359, "ymax": 581, "xmax": 663}}, {"tid": 1, "generated": 0, "bbox": {"xmin": 983, "ymin": 227, "ymax": 515, "xmax": 1276}}], [{"tid": 0, "generated": 0, "bbox": {"xmin": 218, "ymin": 360, "ymax": 581, "xmax": 664}}, {"tid": 1, "generated": 0, "bbox": {"xmin": 988, "ymin": 232, "ymax": 520, "xmax": 1274}}], [{"tid": 0, "generated": 0, "bbox": {"xmin": 218, "ymin": 359, "ymax": 560, "xmax": 616}}, {"tid": 1, "generated": 0, "bbox": {"xmin": 997, "ymin": 241, "ymax": 533, "xmax": 1276}}], [{"tid": 0, "generated": 0, "bbox": {"xmin": 216, "ymin": 359, "ymax": 556, "xmax": 620}}, {"tid": 1, "generated": 0, "bbox": {"xmin": 999, "ymin": 254, "ymax": 549, "xmax": 1278}}], [{"tid": 0, "generated": 0, "bbox": {"xmin": 213, "ymin": 360, "ymax": 560, "xmax": 616}}, {"tid": 1, "generated": 0, "bbox": {"xmin": 1004, "ymin": 261, "ymax": 556, "xmax": 1278}}], [{"tid": 0, "generated": 0, "bbox": {"xmin": 213, "ymin": 361, "ymax": 561, "xmax": 616}}, {"tid": 1, "generated": 0, "bbox": {"xmin": 1009, "ymin": 266, "ymax": 570, "xmax": 1272}}], [{"tid": 0, "generated": 0, "bbox": {"xmin": 213, "ymin": 362, "ymax": 563, "xmax": 616}}, {"tid": 1, "generated": 0, "bbox": {"xmin": 1011, "ymin": 277, "ymax": 584, "xmax": 1276}}], [{"tid": 0, "generated": 0, "bbox": {"xmin": 216, "ymin": 366, "ymax": 584, "xmax": 618}}, {"tid": 1, "generated": 0, "bbox": {"xmin": 1015, "ymin": 284, "ymax": 588, "xmax": 1276}}], [{"tid": 0, "generated": 0, "bbox": {"xmin": 215, "ymin": 365, "ymax": 586, "xmax": 628}}, {"tid": 1, "generated": 0, "bbox": {"xmin": 1014, "ymin": 286, "ymax": 588, "xmax": 1276}}], [{"tid": 0, "generated": 0, "bbox": {"xmin": 214, "ymin": 365, "ymax": 589, "xmax": 639}}, {"tid": 1, "generated": 0, "bbox": {"xmin": 1013, "ymin": 288, "ymax": 589, "xmax": 1276}}], [{"tid": 0, "generated": 0, "bbox": {"xmin": 213, "ymin": 364, "ymax": 592, "xmax": 650}}, {"tid": 1, "generated": 0, "bbox": {"xmin": 1012, "ymin": 290, "ymax": 589, "xmax": 1276}}], [{"tid": 0, "generated": 0, "bbox": {"xmin": 213, "ymin": 364, "ymax": 595, "xmax": 661}}, {"tid": 1, "generated": 0, "bbox": {"xmin": 1011, "ymin": 293, "ymax": 590, "xmax": 1276}}], [{"tid": 0, "generated": 0, "bbox": {"xmin": 213, "ymin": 365, "ymax": 594, "xmax": 660}}, {"tid": 1, "generated": 0, "bbox": {"xmin": 1009, "ymin": 290, "ymax": 587, "xmax": 1276}}], [{"tid": 0, "generated": 0, "bbox": {"xmin": 214, "ymin": 366, "ymax": 594, "xmax": 659}}, {"tid": 1, "generated": 0, "bbox": {"xmin": 1007, "ymin": 287, "ymax": 584, "xmax": 1276}}], [{"tid": 0, "generated": 0, "bbox": {"xmin": 215, "ymin": 367, "ymax": 594, "xmax": 658}}, {"tid": 1, "generated": 0, "bbox": {"xmin": 1005, "ymin": 284, "ymax": 581, "xmax": 1276}}], [{"tid": 0, "generated": 0, "bbox": {"xmin": 215, "ymin": 368, "ymax": 594, "xmax": 658}}, {"tid": 1, "generated": 0, "bbox": {"xmin": 1003, "ymin": 282, "ymax": 578, "xmax": 1276}}], [{"tid": 0, "generated": 0, "bbox": {"xmin": 216, "ymin": 370, "ymax": 594, "xmax": 657}}, {"tid": 1, "generated": 0, "bbox": {"xmin": 1001, "ymin": 279, "ymax": 575, "xmax": 1276}}], [{"tid": 0, "generated": 0, "bbox": {"xmin": 217, "ymin": 371, "ymax": 593, "xmax": 656}}, {"tid": 1, "generated": 0, "bbox": {"xmin": 999, "ymin": 276, "ymax": 572, "xmax": 1276}}], [{"tid": 0, "generated": 0, "bbox": {"xmin": 217, "ymin": 372, "ymax": 593, "xmax": 656}}, {"tid": 1, "generated": 0, "bbox": {"xmin": 997, "ymin": 274, "ymax": 569, "xmax": 1276}}], [{"tid": 0, "generated": 0, "bbox": {"xmin": 218, "ymin": 373, "ymax": 593, "xmax": 655}}, {"tid": 1, "generated": 0, "bbox": {"xmin": 995, "ymin": 271, "ymax": 566, "xmax": 1276}}], [{"tid": 0, "generated": 0, "bbox": {"xmin": 219, "ymin": 374, "ymax": 593, "xmax": 654}}, {"tid": 1, "generated": 0, "bbox": {"xmin": 993, "ymin": 268, "ymax": 563, "xmax": 1276}}], [{"tid": 0, "generated": 0, "bbox": {"xmin": 220, "ymin": 376, "ymax": 593, "xmax": 654}}, {"tid": 1, "generated": 0, "bbox": {"xmin": 992, "ymin": 266, "ymax": 561, "xmax": 1276}}], [{"tid": 0, "generated": 0, "bbox": {"xmin": 220, "ymin": 375, "ymax": 592, "xmax": 654}}, {"tid": 1, "generated": 0, "bbox": {"xmin": 992, "ymin": 269, "ymax": 565, "xmax": 1276}}], [{"tid": 0, "generated": 0, "bbox": {"xmin": 221, "ymin": 375, "ymax": 592, "xmax": 655}}, {"tid": 1, "generated": 0, "bbox": {"xmin": 993, "ymin": 273, "ymax": 570, "xmax": 1276}}], [{"tid": 0, "generated": 0, "bbox": {"xmin": 222, "ymin": 375, "ymax": 592, "xmax": 656}}, {"tid": 1, "generated": 0, "bbox": {"xmin": 994, "ymin": 277, "ymax": 575, "xmax": 1276}}], [{"tid": 0, "generated": 0, "bbox": {"xmin": 223, "ymin": 375, "ymax": 591, "xmax": 657}}, {"tid": 1, "generated": 0, "bbox": {"xmin": 995, "ymin": 281, "ymax": 579, "xmax": 1276}}], [{"tid": 0, "generated": 0, "bbox": {"xmin": 224, "ymin": 375, "ymax": 591, "xmax": 658}}, {"tid": 1, "generated": 0, "bbox": {"xmin": 996, "ymin": 285, "ymax": 584, "xmax": 1276}}], [{"tid": 0, "generated": 0, "bbox": {"xmin": 225, "ymin": 375, "ymax": 591, "xmax": 659}}, {"tid": 1, "generated": 0, "bbox": {"xmin": 996, "ymin": 288, "ymax": 589, "xmax": 1276}}], [{"tid": 0, "generated": 0, "bbox": {"xmin": 226, "ymin": 375, "ymax": 590, "xmax": 660}}, {"tid": 1, "generated": 0, "bbox": {"xmin": 997, "ymin": 292, "ymax": 593, "xmax": 1276}}], [{"tid": 0, "generated": 0, "bbox": {"xmin": 227, "ymin": 375, "ymax": 590, "xmax": 661}}, {"tid": 1, "generated": 0, "bbox": {"xmin": 998, "ymin": 296, "ymax": 598, "xmax": 1276}}], [{"tid": 0, "generated": 0, "bbox": {"xmin": 228, "ymin": 375, "ymax": 590, "xmax": 662}}, {"tid": 1, "generated": 0, "bbox": {"xmin": 999, "ymin": 300, "ymax": 603, "xmax": 1276}}], [{"tid": 0, "generated": 0, "bbox": {"xmin": 229, "ymin": 375, "ymax": 590, "xmax": 663}}, {"tid": 1, "generated": 0, "bbox": {"xmin": 1000, "ymin": 304, "ymax": 608, "xmax": 1276}}], [{"tid": 0, "generated": 0, "bbox": {"xmin": 230, "ymin": 375, "ymax": 589, "xmax": 664}}, {"tid": 1, "generated": 0, "bbox": {"xmin": 1000, "ymin": 304, "ymax": 607, "xmax": 1276}}], [{"tid": 0, "generated": 0, "bbox": {"xmin": 232, "ymin": 375, "ymax": 589, "xmax": 665}}, {"tid": 1, "generated": 0, "bbox": {"xmin": 1001, "ymin": 304, "ymax": 606, "xmax": 1276}}], [{"tid": 0, "generated": 0, "bbox": {"xmin": 234, "ymin": 375, "ymax": 589, "xmax": 666}}, {"tid": 1, "generated": 0, "bbox": {"xmin": 1001, "ymin": 304, "ymax": 605, "xmax": 1276}}], [{"tid": 0, "generated": 0, "bbox": {"xmin": 236, "ymin": 375, "ymax": 589, "xmax": 667}}, {"tid": 1, "generated": 0, "bbox": {"xmin": 1002, "ymin": 304, "ymax": 604, "xmax": 1276}}], [{"tid": 0, "generated": 0, "bbox": {"xmin": 238, "ymin": 375, "ymax": 589, "xmax": 669}}, {"tid": 1, "generated": 0, "bbox": {"xmin": 1003, "ymin": 304, "ymax": 604, "xmax": 1276}}], [{"tid": 0, "generated": 0, "bbox": {"xmin": 239, "ymin": 375, "ymax": 588, "xmax": 670}}, {"tid": 1, "generated": 0, "bbox": {"xmin": 1003, "ymin": 304, "ymax": 603, "xmax": 1276}}], [{"tid": 0, "generated": 0, "bbox": {"xmin": 241, "ymin": 375, "ymax": 588, "xmax": 671}}, {"tid": 1, "generated": 0, "bbox": {"xmin": 1004, "ymin": 304, "ymax": 602, "xmax": 1276}}], [{"tid": 0, "generated": 0, "bbox": {"xmin": 243, "ymin": 375, "ymax": 588, "xmax": 672}}, {"tid": 1, "generated": 0, "bbox": {"xmin": 1004, "ymin": 304, "ymax": 601, "xmax": 1276}}], [{"tid": 0, "generated": 0, "bbox": {"xmin": 245, "ymin": 375, "ymax": 588, "xmax": 673}}, {"tid": 1, "generated": 0, "bbox": {"xmin": 1005, "ymin": 304, "ymax": 600, "xmax": 1276}}], [{"tid": 0, "generated": 0, "bbox": {"xmin": 247, "ymin": 376, "ymax": 588, "xmax": 675}}, {"tid": 1, "generated": 0, "bbox": {"xmin": 1006, "ymin": 304, "ymax": 600, "xmax": 1276}}], [{"tid": 0, "generated": 0, "bbox": {"xmin": 248, "ymin": 376, "ymax": 586, "xmax": 674}}, {"tid": 1, "generated": 0, "bbox": {"xmin": 1008, "ymin": 298, "ymax": 591, "xmax": 1273}}], [{"tid": 0, "generated": 0, "bbox": {"xmin": 249, "ymin": 376, "ymax": 585, "xmax": 673}}, {"tid": 1, "generated": 0, "bbox": {"xmin": 1011, "ymin": 293, "ymax": 583, "xmax": 1271}}], [{"tid": 0, "generated": 0, "bbox": {"xmin": 250, "ymin": 376, "ymax": 584, "xmax": 672}}, {"tid": 1, "generated": 0, "bbox": {"xmin": 1015, "ymin": 288, "ymax": 568, "xmax": 1276}}], [{"tid": 0, "generated": 0, "bbox": {"xmin": 250, "ymin": 376, "ymax": 588, "xmax": 668}}, {"tid": 1, "generated": 0, "bbox": {"xmin": 1016, "ymin": 264, "ymax": 556, "xmax": 1274}}], [{"tid": 0, "generated": 0, "bbox": {"xmin": 250, "ymin": 376, "ymax": 579, "xmax": 672}}, {"tid": 1, "generated": 0, "bbox": {"xmin": 1018, "ymin": 241, "ymax": 534, "xmax": 1274}}], [{"tid": 0, "generated": 0, "bbox": {"xmin": 252, "ymin": 376, "ymax": 584, "xmax": 675}}, {"tid": 1, "generated": 0, "bbox": {"xmin": 1021, "ymin": 219, "ymax": 513, "xmax": 1275}}], [{"tid": 0, "generated": 0, "bbox": {"xmin": 254, "ymin": 376, "ymax": 586, "xmax": 679}}, {"tid": 1, "generated": 0, "bbox": {"xmin": 1023, "ymin": 196, "ymax": 492, "xmax": 1276}}], [{"tid": 0, "generated": 0, "bbox": {"xmin": 256, "ymin": 376, "ymax": 588, "xmax": 677}}, {"tid": 1, "generated": 0, "bbox": {"xmin": 1026, "ymin": 174, "ymax": 470, "xmax": 1276}}], [{"tid": 0, "generated": 0, "bbox": {"xmin": 257, "ymin": 376, "ymax": 593, "xmax": 656}}, {"tid": 1, "generated": 0, "bbox": {"xmin": 1028, "ymin": 151, "ymax": 449, "xmax": 1277}}], [{"tid": 0, "generated": 0, "bbox": {"xmin": 259, "ymin": 376, "ymax": 590, "xmax": 650}}, {"tid": 1, "generated": 0, "bbox": {"xmin": 1031, "ymin": 129, "ymax": 428, "xmax": 1278}}], [{"tid": 0, "generated": 0, "bbox": {"xmin": 259, "ymin": 376, "ymax": 595, "xmax": 647}}, {"tid": 1, "generated": 0, "bbox": {"xmin": 1043, "ymin": 115, "ymax": 417, "xmax": 1277}}], [{"tid": 0, "generated": 0, "bbox": {"xmin": 259, "ymin": 376, "ymax": 586, "xmax": 647}}, {"tid": 1, "generated": 0, "bbox": {"xmin": 1056, "ymin": 101, "ymax": 407, "xmax": 1276}}], [{"tid": 0, "generated": 0, "bbox": {"xmin": 260, "ymin": 376, "ymax": 586, "xmax": 648}}, {"tid": 1, "generated": 0, "bbox": {"xmin": 1070, "ymin": 92, "ymax": 391, "xmax": 1276}}], [{"tid": 0, "generated": 0, "bbox": {"xmin": 262, "ymin": 377, "ymax": 586, "xmax": 649}}, {"tid": 1, "generated": 0, "bbox": {"xmin": 1085, "ymin": 83, "ymax": 375, "xmax": 1277}}], [{"tid": 0, "generated": 0, "bbox": {"xmin": 264, "ymin": 378, "ymax": 587, "xmax": 651}}, {"tid": 1, "generated": 0, "bbox": {"xmin": 1100, "ymin": 74, "ymax": 360, "xmax": 1278}}], [{"tid": 0, "generated": 0, "bbox": {"xmin": 266, "ymin": 379, "ymax": 587, "xmax": 652}}, {"tid": 1, "generated": 0, "bbox": {"xmin": 1107, "ymin": 53, "ymax": 339, "xmax": 1276}}], [{"tid": 0, "generated": 0, "bbox": {"xmin": 268, "ymin": 380, "ymax": 588, "xmax": 654}}, {"tid": 1, "generated": 0, "bbox": {"xmin": 1116, "ymin": 47, "ymax": 324, "xmax": 1276}}], [{"tid": 0, "generated": 0, "bbox": {"xmin": 269, "ymin": 381, "ymax": 586, "xmax": 653}}, {"tid": 1, "generated": 0, "bbox": {"xmin": 1125, "ymin": 42, "ymax": 309, "xmax": 1276}}], [{"tid": 0, "generated": 0, "bbox": {"xmin": 271, "ymin": 382, "ymax": 585, "xmax": 652}}, {"tid": 1, "generated": 0, "bbox": {"xmin": 1129, "ymin": 37, "ymax": 294, "xmax": 1277}}], [{"tid": 0, "generated": 0, "bbox": {"xmin": 273, "ymin": 384, "ymax": 584, "xmax": 652}}, {"tid": 1, "generated": 0, "bbox": {"xmin": 1134, "ymin": 32, "ymax": 280, "xmax": 1278}}], [{"tid": 0, "generated": 0, "bbox": {"xmin": 273, "ymin": 384, "ymax": 585, "xmax": 651}}, {"tid": 1, "generated": 0, "bbox": {"xmin": 1139, "ymin": 32, "ymax": 268, "xmax": 1278}}], [{"tid": 0, "generated": 0, "bbox": {"xmin": 273, "ymin": 384, "ymax": 586, "xmax": 650}}, {"tid": 1, "generated": 0, "bbox": {"xmin": 1144, "ymin": 32, "ymax": 263, "xmax": 1277}}], [{"tid": 0, "generated": 0, "bbox": {"xmin": 273, "ymin": 384, "ymax": 588, "xmax": 650}}, {"tid": 1, "generated": 0, "bbox": {"xmin": 1149, "ymin": 32, "ymax": 258, "xmax": 1276}}], [{"tid": 0, "generated": 0, "bbox": {"xmin": 273, "ymin": 384, "ymax": 586, "xmax": 653}}, {"tid": 1, "generated": 0, "bbox": {"xmin": 1155, "ymin": 32, "ymax": 254, "xmax": 1276}}], [{"tid": 0, "generated": 0, "bbox": {"xmin": 273, "ymin": 384, "ymax": 584, "xmax": 656}}, {"tid": 1, "generated": 0, "bbox": {"xmin": 1157, "ymin": 32, "ymax": 253, "xmax": 1276}}], [{"tid": 0, "generated": 0, "bbox": {"xmin": 273, "ymin": 384, "ymax": 585, "xmax": 654}}, {"tid": 1, "generated": 0, "bbox": {"xmin": 1159, "ymin": 32, "ymax": 252, "xmax": 1276}}], [{"tid": 0, "generated": 0, "bbox": {"xmin": 274, "ymin": 384, "ymax": 586, "xmax": 652}}, {"tid": 1, "generated": 0, "bbox": {"xmin": 1162, "ymin": 32, "ymax": 252, "xmax": 1277}}], [{"tid": 0, "generated": 0, "bbox": {"xmin": 275, "ymin": 384, "ymax": 588, "xmax": 650}}, {"tid": 1, "generated": 0, "bbox": {"xmin": 1164, "ymin": 32, "ymax": 251, "xmax": 1277}}], [{"tid": 0, "generated": 0, "bbox": {"xmin": 276, "ymin": 384, "ymax": 585, "xmax": 652}}, {"tid": 1, "generated": 0, "bbox": {"xmin": 1166, "ymin": 32, "ymax": 250, "xmax": 1277}}], [{"tid": 0, "generated": 0, "bbox": {"xmin": 277, "ymin": 385, "ymax": 583, "xmax": 654}}, {"tid": 1, "generated": 0, "bbox": {"xmin": 1169, "ymin": 33, "ymax": 250, "xmax": 1278}}], [{"tid": 0, "generated": 0, "bbox": {"xmin": 277, "ymin": 385, "ymax": 584, "xmax": 654}}, {"tid": 1, "generated": 0, "bbox": {"xmin": 1169, "ymin": 39, "ymax": 250, "xmax": 1278}}], [{"tid": 0, "generated": 0, "bbox": {"xmin": 277, "ymin": 385, "ymax": 586, "xmax": 654}}, {"tid": 1, "generated": 0, "bbox": {"xmin": 1171, "ymin": 39, "ymax": 249, "xmax": 1277}}], [{"tid": 0, "generated": 0, "bbox": {"xmin": 277, "ymin": 385, "ymax": 586, "xmax": 654}}, {"tid": 1, "generated": 0, "bbox": {"xmin": 1173, "ymin": 40, "ymax": 248, "xmax": 1276}}], [{"tid": 0, "generated": 0, "bbox": {"xmin": 277, "ymin": 385, "ymax": 586, "xmax": 654}}, {"tid": 1, "generated": 0, "bbox": {"xmin": 1173, "ymin": 40, "ymax": 250, "xmax": 1276}}], [{"tid": 0, "generated": 0, "bbox": {"xmin": 277, "ymin": 385, "ymax": 586, "xmax": 654}}, {"tid": 1, "generated": 0, "bbox": {"xmin": 1174, "ymin": 37, "ymax": 247, "xmax": 1276}}], [{"tid": 0, "generated": 0, "bbox": {"xmin": 277, "ymin": 385, "ymax": 587, "xmax": 655}}, {"tid": 1, "generated": 0, "bbox": {"xmin": 1175, "ymin": 35, "ymax": 245, "xmax": 1277}}], [{"tid": 0, "generated": 0, "bbox": {"xmin": 277, "ymin": 385, "ymax": 587, "xmax": 655}}, {"tid": 1, "generated": 0, "bbox": {"xmin": 1176, "ymin": 33, "ymax": 243, "xmax": 1278}}], [{"tid": 0, "generated": 0, "bbox": {"xmin": 277, "ymin": 385, "ymax": 587, "xmax": 655}}, {"tid": 1, "generated": 0, "bbox": {"xmin": 1178, "ymin": 88, "ymax": 247, "xmax": 1276}}], [{"tid": 0, "generated": 0, "bbox": {"xmin": 277, "ymin": 385, "ymax": 587, "xmax": 655}}, {"tid": 1, "generated": 0, "bbox": {"xmin": 1180, "ymin": 92, "ymax": 248, "xmax": 1277}}], [{"tid": 0, "generated": 0, "bbox": {"xmin": 277, "ymin": 385, "ymax": 588, "xmax": 656}}, {"tid": 1, "generated": 0, "bbox": {"xmin": 1182, "ymin": 96, "ymax": 250, "xmax": 1278}}], [{"tid": 0, "generated": 0, "bbox": {"xmin": 276, "ymin": 385, "ymax": 588, "xmax": 655}}, {"tid": 1, "generated": 0, "bbox": {"xmin": 1183, "ymin": 98, "ymax": 249, "xmax": 1278}}], [{"tid": 0, "generated": 0, "bbox": {"xmin": 275, "ymin": 385, "ymax": 588, "xmax": 655}}, {"tid": 1, "generated": 0, "bbox": {"xmin": 1184, "ymin": 100, "ymax": 249, "xmax": 1278}}], [{"tid": 0, "generated": 0, "bbox": {"xmin": 274, "ymin": 385, "ymax": 589, "xmax": 655}}, {"tid": 1, "generated": 0, "bbox": {"xmin": 1186, "ymin": 102, "ymax": 248, "xmax": 1278}}], [{"tid": 0, "generated": 0, "bbox": {"xmin": 274, "ymin": 385, "ymax": 589, "xmax": 655}}, {"tid": 1, "generated": 0, "bbox": {"xmin": 1187, "ymin": 105, "ymax": 248, "xmax": 1278}}], [{"tid": 0, "generated": 0, "bbox": {"xmin": 273, "ymin": 386, "ymax": 590, "xmax": 655}}, {"tid": 1, "generated": 0, "bbox": {"xmin": 1189, "ymin": 107, "ymax": 247, "xmax": 1278}}], [{"tid": 0, "generated": 0, "bbox": {"xmin": 272, "ymin": 386, "ymax": 590, "xmax": 654}}, {"tid": 1, "generated": 0, "bbox": {"xmin": 1190, "ymin": 109, "ymax": 247, "xmax": 1278}}], [{"tid": 0, "generated": 0, "bbox": {"xmin": 272, "ymin": 386, "ymax": 590, "xmax": 654}}, {"tid": 1, "generated": 0, "bbox": {"xmin": 1191, "ymin": 112, "ymax": 246, "xmax": 1278}}], [{"tid": 0, "generated": 0, "bbox": {"xmin": 271, "ymin": 386, "ymax": 591, "xmax": 654}}, {"tid": 1, "generated": 0, "bbox": {"xmin": 1193, "ymin": 114, "ymax": 246, "xmax": 1278}}], [{"tid": 0, "generated": 0, "bbox": {"xmin": 270, "ymin": 386, "ymax": 591, "xmax": 654}}, {"tid": 1, "generated": 0, "bbox": {"xmin": 1194, "ymin": 116, "ymax": 245, "xmax": 1278}}], [{"tid": 0, "generated": 0, "bbox": {"xmin": 270, "ymin": 387, "ymax": 592, "xmax": 654}}, {"tid": 1, "generated": 0, "bbox": {"xmin": 1196, "ymin": 119, "ymax": 245, "xmax": 1278}}], [{"tid": 0, "generated": 0, "bbox": {"xmin": 270, "ymin": 386, "ymax": 591, "xmax": 654}}, {"tid": 1, "generated": 0, "bbox": {"xmin": 1196, "ymin": 119, "ymax": 245, "xmax": 1278}}], [{"tid": 0, "generated": 0, "bbox": {"xmin": 271, "ymin": 386, "ymax": 590, "xmax": 654}}, {"tid": 1, "generated": 0, "bbox": {"xmin": 1196, "ymin": 115, "ymax": 241, "xmax": 1278}}], [{"tid": 0, "generated": 0, "bbox": {"xmin": 271, "ymin": 385, "ymax": 589, "xmax": 654}}, {"tid": 1, "generated": 0, "bbox": {"xmin": 1201, "ymin": 120, "ymax": 245, "xmax": 1278}}], [{"tid": 0, "generated": 0, "bbox": {"xmin": 272, "ymin": 385, "ymax": 588, "xmax": 654}}, {"tid": 1, "generated": 0, "bbox": {"xmin": 1198, "ymin": 121, "ymax": 246, "xmax": 1277}}], [{"tid": 0, "generated": 0, "bbox": {"xmin": 272, "ymin": 384, "ymax": 587, "xmax": 654}}, {"tid": 1, "generated": 0, "bbox": {"xmin": 1196, "ymin": 122, "ymax": 248, "xmax": 1276}}], [{"tid": 0, "generated": 0, "bbox": {"xmin": 273, "ymin": 384, "ymax": 586, "xmax": 654}}, {"tid": 1, "generated": 0, "bbox": {"xmin": 1200, "ymin": 126, "ymax": 247, "xmax": 1276}}], [{"tid": 0, "generated": 0, "bbox": {"xmin": 273, "ymin": 384, "ymax": 586, "xmax": 654}}, {"tid": 1, "generated": 0, "bbox": {"xmin": 1205, "ymin": 119, "ymax": 247, "xmax": 1276}}], [{"tid": 0, "generated": 0, "bbox": {"xmin": 273, "ymin": 384, "ymax": 586, "xmax": 655}}, {"tid": 1, "generated": 0, "bbox": {"xmin": 1203, "ymin": 110, "ymax": 234, "xmax": 1278}}], [{"tid": 0, "generated": 0, "bbox": {"xmin": 273, "ymin": 384, "ymax": 586, "xmax": 656}}, {"tid": 1, "generated": 0, "bbox": {"xmin": 1192, "ymin": 99, "ymax": 227, "xmax": 1278}}], [], [], [], [], [], [], [], [], [], [], [], [], [], [], [], [], [], [], [], [], [], [], [], [], [], [], [], [], [], [], [], [], [], [], [], [], [], [], [], [], [], [], [], [], [], [], [], [], [], [], [], [], [], [], [], [], [], [], [], [], [], [], [], [], [], [], [], [], [], [], [], [], [], [], [], [], [], [], [], [], [], [], [], [], [], [], [], [], [], [], [], [], [], [], [], [], [], [], [], [], [], [], [], [], [], [], [], [], [], [], [], [], [], [], [], [], [], [], [], [], [], [], [], [], [], [], [], [], [], [], [], [], [], [], [], [], [], [], [], [], [], [], [], [], [], [], [], [], [], [], [], [], [], [], [], [], [], [], [], [], [], [], [], [], [], [], [], [], [], [], [], [], [], [], [], [], [], [], [], [], [], [], [], [], [], [], [], [], [], [], [], [], [], [], [], [], [], [], [], [], [], [], [], [], [], [], [], [], [], [], [], [], [], [], [], [], [], [], [], [], [], [], [], [], [], [{"tid": 0, "generated": 0, "bbox": {"xmin": 262, "ymin": 317, "ymax": 531, "xmax": 717}}, {"tid": 1, "generated": 0, "bbox": {"xmin": 1136, "ymin": 236, "ymax": 416, "xmax": 1278}}], [{"tid": 0, "generated": 0, "bbox": {"xmin": 261, "ymin": 318, "ymax": 533, "xmax": 718}}, {"tid": 1, "generated": 0, "bbox": {"xmin": 1123, "ymin": 215, "ymax": 421, "xmax": 1274}}], [{"tid": 0, "generated": 0, "bbox": {"xmin": 259, "ymin": 318, "ymax": 534, "xmax": 717}}, {"tid": 1, "generated": 0, "bbox": {"xmin": 1102, "ymin": 168, "ymax": 417, "xmax": 1274}}], [{"tid": 0, "generated": 0, "bbox": {"xmin": 258, "ymin": 319, "ymax": 535, "xmax": 716}}, {"tid": 1, "generated": 0, "bbox": {"xmin": 1091, "ymin": 149, "ymax": 412, "xmax": 1272}}], [{"tid": 0, "generated": 0, "bbox": {"xmin": 257, "ymin": 320, "ymax": 536, "xmax": 715}}, {"tid": 1, "generated": 0, "bbox": {"xmin": 1082, "ymin": 130, "ymax": 402, "xmax": 1275}}], [{"tid": 0, "generated": 0, "bbox": {"xmin": 256, "ymin": 321, "ymax": 538, "xmax": 714}}, {"tid": 1, "generated": 0, "bbox": {"xmin": 1073, "ymin": 112, "ymax": 392, "xmax": 1278}}], [{"tid": 0, "generated": 0, "bbox": {"xmin": 256, "ymin": 321, "ymax": 538, "xmax": 714}}, {"tid": 1, "generated": 0, "bbox": {"xmin": 1068, "ymin": 94, "ymax": 380, "xmax": 1278}}], [{"tid": 0, "generated": 0, "bbox": {"xmin": 256, "ymin": 321, "ymax": 537, "xmax": 714}}, {"tid": 1, "generated": 0, "bbox": {"xmin": 1063, "ymin": 76, "ymax": 369, "xmax": 1278}}], [{"tid": 0, "generated": 0, "bbox": {"xmin": 256, "ymin": 321, "ymax": 537, "xmax": 715}}, {"tid": 1, "generated": 0, "bbox": {"xmin": 1050, "ymin": 67, "ymax": 366, "xmax": 1278}}], [{"tid": 0, "generated": 0, "bbox": {"xmin": 256, "ymin": 321, "ymax": 537, "xmax": 716}}, {"tid": 1, "generated": 0, "bbox": {"xmin": 1041, "ymin": 56, "ymax": 364, "xmax": 1276}}], [{"tid": 0, "generated": 0, "bbox": {"xmin": 256, "ymin": 321, "ymax": 537, "xmax": 717}}, {"tid": 1, "generated": 0, "bbox": {"xmin": 1034, "ymin": 55, "ymax": 371, "xmax": 1274}}], [{"tid": 0, "generated": 0, "bbox": {"xmin": 256, "ymin": 321, "ymax": 536, "xmax": 717}}, {"tid": 1, "generated": 0, "bbox": {"xmin": 1027, "ymin": 56, "ymax": 380, "xmax": 1276}}], [{"tid": 0, "generated": 0, "bbox": {"xmin": 256, "ymin": 321, "ymax": 536, "xmax": 718}}, {"tid": 1, "generated": 0, "bbox": {"xmin": 1027, "ymin": 55, "ymax": 394, "xmax": 1278}}], [{"tid": 0, "generated": 0, "bbox": {"xmin": 256, "ymin": 321, "ymax": 536, "xmax": 719}}, {"tid": 1, "generated": 0, "bbox": {"xmin": 1020, "ymin": 64, "ymax": 410, "xmax": 1274}}], [{"tid": 0, "generated": 0, "bbox": {"xmin": 256, "ymin": 321, "ymax": 536, "xmax": 720}}, {"tid": 1, "generated": 0, "bbox": {"xmin": 1013, "ymin": 72, "ymax": 418, "xmax": 1275}}], [{"tid": 0, "generated": 0, "bbox": {"xmin": 257, "ymin": 321, "ymax": 536, "xmax": 721}}, {"tid": 1, "generated": 0, "bbox": {"xmin": 1006, "ymin": 81, "ymax": 426, "xmax": 1276}}], [{"tid": 0, "generated": 0, "bbox": {"xmin": 255, "ymin": 321, "ymax": 535, "xmax": 721}}, {"tid": 1, "generated": 0, "bbox": {"xmin": 1002, "ymin": 83, "ymax": 431, "xmax": 1274}}], [{"tid": 0, "generated": 0, "bbox": {"xmin": 254, "ymin": 321, "ymax": 535, "xmax": 721}}, {"tid": 1, "generated": 0, "bbox": {"xmin": 999, "ymin": 85, "ymax": 437, "xmax": 1273}}], [{"tid": 0, "generated": 0, "bbox": {"xmin": 252, "ymin": 321, "ymax": 535, "xmax": 721}}, {"tid": 1, "generated": 0, "bbox": {"xmin": 995, "ymin": 87, "ymax": 443, "xmax": 1272}}], [{"tid": 0, "generated": 0, "bbox": {"xmin": 251, "ymin": 321, "ymax": 535, "xmax": 721}}, {"tid": 1, "generated": 0, "bbox": {"xmin": 992, "ymin": 90, "ymax": 449, "xmax": 1271}}], [{"tid": 0, "generated": 0, "bbox": {"xmin": 250, "ymin": 321, "ymax": 535, "xmax": 721}}, {"tid": 1, "generated": 0, "bbox": {"xmin": 988, "ymin": 94, "ymax": 462, "xmax": 1272}}], [{"tid": 0, "generated": 0, "bbox": {"xmin": 248, "ymin": 321, "ymax": 535, "xmax": 721}}, {"tid": 1, "generated": 0, "bbox": {"xmin": 985, "ymin": 96, "ymax": 471, "xmax": 1274}}], [{"tid": 0, "generated": 0, "bbox": {"xmin": 247, "ymin": 321, "ymax": 535, "xmax": 721}}, {"tid": 1, "generated": 0, "bbox": {"xmin": 983, "ymin": 99, "ymax": 480, "xmax": 1276}}], [{"tid": 0, "generated": 0, "bbox": {"xmin": 245, "ymin": 321, "ymax": 535, "xmax": 721}}, {"tid": 1, "generated": 0, "bbox": {"xmin": 979, "ymin": 101, "ymax": 488, "xmax": 1274}}], [{"tid": 0, "generated": 0, "bbox": {"xmin": 244, "ymin": 321, "ymax": 535, "xmax": 721}}, {"tid": 1, "generated": 0, "bbox": {"xmin": 976, "ymin": 104, "ymax": 492, "xmax": 1275}}], [{"tid": 0, "generated": 0, "bbox": {"xmin": 243, "ymin": 321, "ymax": 535, "xmax": 721}}, {"tid": 1, "generated": 0, "bbox": {"xmin": 974, "ymin": 108, "ymax": 497, "xmax": 1276}}], [{"tid": 0, "generated": 0, "bbox": {"xmin": 241, "ymin": 321, "ymax": 535, "xmax": 720}}, {"tid": 1, "generated": 0, "bbox": {"xmin": 970, "ymin": 101, "ymax": 497, "xmax": 1274}}], [{"tid": 0, "generated": 0, "bbox": {"xmin": 240, "ymin": 321, "ymax": 536, "xmax": 720}}, {"tid": 1, "generated": 0, "bbox": {"xmin": 967, "ymin": 94, "ymax": 494, "xmax": 1272}}], [{"tid": 0, "generated": 0, "bbox": {"xmin": 239, "ymin": 321, "ymax": 537, "xmax": 719}}, {"tid": 1, "generated": 0, "bbox": {"xmin": 965, "ymin": 88, "ymax": 492, "xmax": 1271}}], [{"tid": 0, "generated": 0, "bbox": {"xmin": 238, "ymin": 321, "ymax": 537, "xmax": 719}}, {"tid": 1, "generated": 0, "bbox": {"xmin": 958, "ymin": 83, "ymax": 490, "xmax": 1269}}], [{"tid": 0, "generated": 0, "bbox": {"xmin": 237, "ymin": 321, "ymax": 538, "xmax": 718}}, {"tid": 1, "generated": 0, "bbox": {"xmin": 956, "ymin": 80, "ymax": 487, "xmax": 1278}}], [{"tid": 0, "generated": 0, "bbox": {"xmin": 236, "ymin": 321, "ymax": 539, "xmax": 718}}, {"tid": 1, "generated": 0, "bbox": {"xmin": 946, "ymin": 74, "ymax": 480, "xmax": 1277}}], [{"tid": 0, "generated": 0, "bbox": {"xmin": 235, "ymin": 321, "ymax": 539, "xmax": 717}}, {"tid": 1, "generated": 0, "bbox": {"xmin": 936, "ymin": 68, "ymax": 474, "xmax": 1277}}], [{"tid": 0, "generated": 0, "bbox": {"xmin": 234, "ymin": 321, "ymax": 540, "xmax": 717}}, {"tid": 1, "generated": 0, "bbox": {"xmin": 926, "ymin": 62, "ymax": 468, "xmax": 1276}}], [{"tid": 0, "generated": 0, "bbox": {"xmin": 233, "ymin": 321, "ymax": 541, "xmax": 716}}, {"tid": 1, "generated": 0, "bbox": {"xmin": 916, "ymin": 56, "ymax": 462, "xmax": 1276}}], [{"tid": 0, "generated": 0, "bbox": {"xmin": 232, "ymin": 321, "ymax": 542, "xmax": 716}}, {"tid": 1, "generated": 0, "bbox": {"xmin": 906, "ymin": 51, "ymax": 456, "xmax": 1276}}], [{"tid": 0, "generated": 0, "bbox": {"xmin": 231, "ymin": 321, "ymax": 541, "xmax": 716}}, {"tid": 1, "generated": 0, "bbox": {"xmin": 896, "ymin": 53, "ymax": 450, "xmax": 1276}}], [{"tid": 0, "generated": 0, "bbox": {"xmin": 230, "ymin": 321, "ymax": 541, "xmax": 716}}, {"tid": 1, "generated": 0, "bbox": {"xmin": 886, "ymin": 56, "ymax": 445, "xmax": 1276}}], [{"tid": 0, "generated": 0, "bbox": {"xmin": 229, "ymin": 321, "ymax": 541, "xmax": 716}}, {"tid": 1, "generated": 0, "bbox": {"xmin": 876, "ymin": 59, "ymax": 440, "xmax": 1276}}], [{"tid": 0, "generated": 0, "bbox": {"xmin": 228, "ymin": 321, "ymax": 541, "xmax": 716}}, {"tid": 1, "generated": 0, "bbox": {"xmin": 866, "ymin": 62, "ymax": 435, "xmax": 1276}}], [{"tid": 0, "generated": 0, "bbox": {"xmin": 227, "ymin": 321, "ymax": 541, "xmax": 716}}, {"tid": 1, "generated": 0, "bbox": {"xmin": 856, "ymin": 65, "ymax": 430, "xmax": 1276}}], [{"tid": 0, "generated": 0, "bbox": {"xmin": 226, "ymin": 321, "ymax": 540, "xmax": 716}}, {"tid": 1, "generated": 0, "bbox": {"xmin": 848, "ymin": 64, "ymax": 430, "xmax": 1272}}], [{"tid": 0, "generated": 0, "bbox": {"xmin": 225, "ymin": 321, "ymax": 540, "xmax": 716}}, {"tid": 1, "generated": 0, "bbox": {"xmin": 838, "ymin": 60, "ymax": 425, "xmax": 1273}}], [{"tid": 0, "generated": 0, "bbox": {"xmin": 224, "ymin": 321, "ymax": 540, "xmax": 716}}, {"tid": 1, "generated": 0, "bbox": {"xmin": 829, "ymin": 57, "ymax": 421, "xmax": 1274}}], [{"tid": 0, "generated": 0, "bbox": {"xmin": 223, "ymin": 321, "ymax": 540, "xmax": 716}}, {"tid": 1, "generated": 0, "bbox": {"xmin": 819, "ymin": 54, "ymax": 416, "xmax": 1275}}], [{"tid": 0, "generated": 0, "bbox": {"xmin": 222, "ymin": 321, "ymax": 540, "xmax": 716}}, {"tid": 1, "generated": 0, "bbox": {"xmin": 810, "ymin": 51, "ymax": 412, "xmax": 1276}}], [{"tid": 0, "generated": 0, "bbox": {"xmin": 222, "ymin": 321, "ymax": 539, "xmax": 715}}, {"tid": 1, "generated": 0, "bbox": {"xmin": 807, "ymin": 56, "ymax": 419, "xmax": 1275}}], [{"tid": 0, "generated": 0, "bbox": {"xmin": 223, "ymin": 321, "ymax": 539, "xmax": 715}}, {"tid": 1, "generated": 0, "bbox": {"xmin": 804, "ymin": 61, "ymax": 427, "xmax": 1275}}], [{"tid": 0, "generated": 0, "bbox": {"xmin": 223, "ymin": 321, "ymax": 539, "xmax": 715}}, {"tid": 1, "generated": 0, "bbox": {"xmin": 801, "ymin": 67, "ymax": 435, "xmax": 1275}}], [{"tid": 0, "generated": 0, "bbox": {"xmin": 224, "ymin": 321, "ymax": 539, "xmax": 715}}, {"tid": 1, "generated": 0, "bbox": {"xmin": 798, "ymin": 72, "ymax": 442, "xmax": 1274}}], [{"tid": 0, "generated": 0, "bbox": {"xmin": 224, "ymin": 321, "ymax": 539, "xmax": 715}}, {"tid": 1, "generated": 0, "bbox": {"xmin": 795, "ymin": 77, "ymax": 450, "xmax": 1274}}], [{"tid": 0, "generated": 0, "bbox": {"xmin": 225, "ymin": 321, "ymax": 538, "xmax": 714}}, {"tid": 1, "generated": 0, "bbox": {"xmin": 792, "ymin": 83, "ymax": 458, "xmax": 1274}}], [{"tid": 0, "generated": 0, "bbox": {"xmin": 225, "ymin": 321, "ymax": 538, "xmax": 714}}, {"tid": 1, "generated": 0, "bbox": {"xmin": 792, "ymin": 103, "ymax": 469, "xmax": 1276}}], [{"tid": 0, "generated": 0, "bbox": {"xmin": 226, "ymin": 321, "ymax": 538, "xmax": 714}}, {"tid": 1, "generated": 0, "bbox": {"xmin": 787, "ymin": 103, "ymax": 478, "xmax": 1272}}], [{"tid": 0, "generated": 0, "bbox": {"xmin": 226, "ymin": 321, "ymax": 538, "xmax": 714}}, {"tid": 1, "generated": 0, "bbox": {"xmin": 782, "ymin": 104, "ymax": 488, "xmax": 1269}}], [{"tid": 0, "generated": 0, "bbox": {"xmin": 227, "ymin": 321, "ymax": 538, "xmax": 714}}, {"tid": 1, "generated": 0, "bbox": {"xmin": 769, "ymin": 106, "ymax": 496, "xmax": 1272}}], [{"tid": 0, "generated": 0, "bbox": {"xmin": 227, "ymin": 320, "ymax": 538, "xmax": 713}}, {"tid": 1, "generated": 0, "bbox": {"xmin": 765, "ymin": 114, "ymax": 502, "xmax": 1272}}], [{"tid": 0, "generated": 0, "bbox": {"xmin": 227, "ymin": 320, "ymax": 538, "xmax": 713}}, {"tid": 1, "generated": 0, "bbox": {"xmin": 762, "ymin": 122, "ymax": 508, "xmax": 1272}}], [{"tid": 0, "generated": 0, "bbox": {"xmin": 227, "ymin": 319, "ymax": 538, "xmax": 713}}, {"tid": 1, "generated": 0, "bbox": {"xmin": 759, "ymin": 124, "ymax": 513, "xmax": 1272}}], [{"tid": 0, "generated": 0, "bbox": {"xmin": 227, "ymin": 319, "ymax": 538, "xmax": 713}}, {"tid": 1, "generated": 0, "bbox": {"xmin": 755, "ymin": 124, "ymax": 513, "xmax": 1272}}], [{"tid": 0, "generated": 0, "bbox": {"xmin": 227, "ymin": 319, "ymax": 538, "xmax": 713}}, {"tid": 1, "generated": 0, "bbox": {"xmin": 751, "ymin": 124, "ymax": 514, "xmax": 1272}}], [{"tid": 0, "generated": 0, "bbox": {"xmin": 227, "ymin": 318, "ymax": 538, "xmax": 713}}, {"tid": 1, "generated": 0, "bbox": {"xmin": 748, "ymin": 124, "ymax": 515, "xmax": 1273}}], [{"tid": 0, "generated": 0, "bbox": {"xmin": 227, "ymin": 318, "ymax": 538, "xmax": 713}}, {"tid": 1, "generated": 0, "bbox": {"xmin": 744, "ymin": 124, "ymax": 516, "xmax": 1273}}], [{"tid": 0, "generated": 0, "bbox": {"xmin": 227, "ymin": 318, "ymax": 538, "xmax": 713}}, {"tid": 1, "generated": 0, "bbox": {"xmin": 741, "ymin": 124, "ymax": 517, "xmax": 1274}}], [{"tid": 0, "generated": 0, "bbox": {"xmin": 227, "ymin": 317, "ymax": 538, "xmax": 713}}, {"tid": 1, "generated": 0, "bbox": {"xmin": 737, "ymin": 125, "ymax": 515, "xmax": 1276}}], [{"tid": 0, "generated": 0, "bbox": {"xmin": 227, "ymin": 317, "ymax": 538, "xmax": 713}}, {"tid": 1, "generated": 0, "bbox": {"xmin": 734, "ymin": 126, "ymax": 513, "xmax": 1278}}], [{"tid": 0, "generated": 0, "bbox": {"xmin": 227, "ymin": 317, "ymax": 538, "xmax": 712}}, {"tid": 1, "generated": 0, "bbox": {"xmin": 734, "ymin": 119, "ymax": 508, "xmax": 1276}}], [{"tid": 0, "generated": 0, "bbox": {"xmin": 227, "ymin": 316, "ymax": 538, "xmax": 712}}, {"tid": 1, "generated": 0, "bbox": {"xmin": 734, "ymin": 113, "ymax": 503, "xmax": 1274}}], [{"tid": 0, "generated": 0, "bbox": {"xmin": 227, "ymin": 316, "ymax": 538, "xmax": 712}}, {"tid": 1, "generated": 0, "bbox": {"xmin": 734, "ymin": 109, "ymax": 493, "xmax": 1274}}], [{"tid": 0, "generated": 0, "bbox": {"xmin": 227, "ymin": 316, "ymax": 538, "xmax": 712}}, {"tid": 1, "generated": 0, "bbox": {"xmin": 734, "ymin": 106, "ymax": 483, "xmax": 1274}}], [{"tid": 0, "generated": 0, "bbox": {"xmin": 227, "ymin": 315, "ymax": 538, "xmax": 712}}, {"tid": 1, "generated": 0, "bbox": {"xmin": 734, "ymin": 101, "ymax": 472, "xmax": 1273}}], [{"tid": 0, "generated": 0, "bbox": {"xmin": 227, "ymin": 315, "ymax": 538, "xmax": 712}}, {"tid": 1, "generated": 0, "bbox": {"xmin": 734, "ymin": 96, "ymax": 462, "xmax": 1272}}], [{"tid": 0, "generated": 0, "bbox": {"xmin": 227, "ymin": 315, "ymax": 538, "xmax": 712}}, {"tid": 1, "generated": 0, "bbox": {"xmin": 734, "ymin": 83, "ymax": 448, "xmax": 1272}}], [{"tid": 0, "generated": 0, "bbox": {"xmin": 227, "ymin": 314, "ymax": 538, "xmax": 712}}, {"tid": 1, "generated": 0, "bbox": {"xmin": 734, "ymin": 71, "ymax": 435, "xmax": 1272}}], [{"tid": 0, "generated": 0, "bbox": {"xmin": 227, "ymin": 314, "ymax": 538, "xmax": 712}}, {"tid": 1, "generated": 0, "bbox": {"xmin": 737, "ymin": 62, "ymax": 435, "xmax": 1278}}], [{"tid": 0, "generated": 0, "bbox": {"xmin": 227, "ymin": 314, "ymax": 538, "xmax": 712}}, {"tid": 1, "generated": 0, "bbox": {"xmin": 734, "ymin": 46, "ymax": 426, "xmax": 1274}}], [{"tid": 0, "generated": 0, "bbox": {"xmin": 227, "ymin": 313, "ymax": 537, "xmax": 711}}, {"tid": 1, "generated": 0, "bbox": {"xmin": 740, "ymin": 41, "ymax": 419, "xmax": 1276}}], [{"tid": 0, "generated": 0, "bbox": {"xmin": 227, "ymin": 313, "ymax": 537, "xmax": 711}}, {"tid": 1, "generated": 0, "bbox": {"xmin": 746, "ymin": 37, "ymax": 412, "xmax": 1278}}], [{"tid": 0, "generated": 0, "bbox": {"xmin": 227, "ymin": 313, "ymax": 536, "xmax": 710}}, {"tid": 1, "generated": 0, "bbox": {"xmin": 752, "ymin": 32, "ymax": 409, "xmax": 1277}}], [{"tid": 0, "generated": 0, "bbox": {"xmin": 227, "ymin": 312, "ymax": 536, "xmax": 710}}, {"tid": 1, "generated": 0, "bbox": {"xmin": 759, "ymin": 28, "ymax": 407, "xmax": 1276}}], [{"tid": 0, "generated": 0, "bbox": {"xmin": 227, "ymin": 312, "ymax": 535, "xmax": 709}}, {"tid": 1, "generated": 0, "bbox": {"xmin": 757, "ymin": 23, "ymax": 404, "xmax": 1275}}], [{"tid": 0, "generated": 0, "bbox": {"xmin": 227, "ymin": 312, "ymax": 535, "xmax": 709}}, {"tid": 1, "generated": 0, "bbox": {"xmin": 755, "ymin": 18, "ymax": 402, "xmax": 1274}}], [{"tid": 0, "generated": 0, "bbox": {"xmin": 227, "ymin": 312, "ymax": 535, "xmax": 709}}, {"tid": 1, "generated": 0, "bbox": {"xmin": 753, "ymin": 14, "ymax": 400, "xmax": 1274}}], [{"tid": 0, "generated": 0, "bbox": {"xmin": 227, "ymin": 312, "ymax": 534, "xmax": 709}}, {"tid": 1, "generated": 0, "bbox": {"xmin": 746, "ymin": 14, "ymax": 400, "xmax": 1275}}], [{"tid": 0, "generated": 0, "bbox": {"xmin": 227, "ymin": 313, "ymax": 533, "xmax": 710}}, {"tid": 1, "generated": 0, "bbox": {"xmin": 739, "ymin": 14, "ymax": 400, "xmax": 1276}}], [{"tid": 0, "generated": 0, "bbox": {"xmin": 227, "ymin": 314, "ymax": 533, "xmax": 711}}, {"tid": 1, "generated": 0, "bbox": {"xmin": 734, "ymin": 1, "ymax": 400, "xmax": 1271}}], [{"tid": 0, "generated": 0, "bbox": {"xmin": 227, "ymin": 314, "ymax": 532, "xmax": 711}}, {"tid": 1, "generated": 0, "bbox": {"xmin": 731, "ymin": 1, "ymax": 398, "xmax": 1271}}], [{"tid": 0, "generated": 0, "bbox": {"xmin": 227, "ymin": 314, "ymax": 532, "xmax": 711}}, {"tid": 1, "generated": 0, "bbox": {"xmin": 729, "ymin": 1, "ymax": 396, "xmax": 1271}}], [{"tid": 0, "generated": 0, "bbox": {"xmin": 228, "ymin": 314, "ymax": 532, "xmax": 711}}, {"tid": 1, "generated": 0, "bbox": {"xmin": 727, "ymin": 1, "ymax": 394, "xmax": 1272}}], [{"tid": 0, "generated": 0, "bbox": {"xmin": 228, "ymin": 314, "ymax": 532, "xmax": 711}}, {"tid": 1, "generated": 0, "bbox": {"xmin": 728, "ymin": 1, "ymax": 391, "xmax": 1278}}], [{"tid": 0, "generated": 0, "bbox": {"xmin": 229, "ymin": 314, "ymax": 532, "xmax": 711}}, {"tid": 1, "generated": 0, "bbox": {"xmin": 730, "ymin": 1, "ymax": 390, "xmax": 1278}}], [{"tid": 0, "generated": 0, "bbox": {"xmin": 229, "ymin": 314, "ymax": 531, "xmax": 711}}, {"tid": 1, "generated": 0, "bbox": {"xmin": 732, "ymin": 1, "ymax": 389, "xmax": 1278}}], [{"tid": 0, "generated": 0, "bbox": {"xmin": 229, "ymin": 314, "ymax": 531, "xmax": 711}}, {"tid": 1, "generated": 0, "bbox": {"xmin": 734, "ymin": 1, "ymax": 388, "xmax": 1278}}], [{"tid": 0, "generated": 0, "bbox": {"xmin": 230, "ymin": 314, "ymax": 531, "xmax": 711}}, {"tid": 1, "generated": 0, "bbox": {"xmin": 736, "ymin": 1, "ymax": 387, "xmax": 1278}}], [{"tid": 0, "generated": 0, "bbox": {"xmin": 230, "ymin": 314, "ymax": 531, "xmax": 711}}, {"tid": 1, "generated": 0, "bbox": {"xmin": 738, "ymin": 1, "ymax": 386, "xmax": 1278}}], [{"tid": 0, "generated": 0, "bbox": {"xmin": 231, "ymin": 314, "ymax": 531, "xmax": 711}}, {"tid": 1, "generated": 0, "bbox": {"xmin": 741, "ymin": 1, "ymax": 385, "xmax": 1278}}], [{"tid": 0, "generated": 0, "bbox": {"xmin": 232, "ymin": 314, "ymax": 532, "xmax": 710}}, {"tid": 1, "generated": 0, "bbox": {"xmin": 752, "ymin": 1, "ymax": 389, "xmax": 1277}}], [{"tid": 0, "generated": 0, "bbox": {"xmin": 233, "ymin": 315, "ymax": 533, "xmax": 710}}, {"tid": 1, "generated": 0, "bbox": {"xmin": 764, "ymin": 1, "ymax": 394, "xmax": 1276}}], [{"tid": 0, "generated": 0, "bbox": {"xmin": 234, "ymin": 316, "ymax": 534, "xmax": 709}}, {"tid": 1, "generated": 0, "bbox": {"xmin": 760, "ymin": 1, "ymax": 389, "xmax": 1276}}], [{"tid": 0, "generated": 0, "bbox": {"xmin": 235, "ymin": 317, "ymax": 536, "xmax": 709}}, {"tid": 1, "generated": 0, "bbox": {"xmin": 769, "ymin": 1, "ymax": 389, "xmax": 1274}}], [{"tid": 0, "generated": 0, "bbox": {"xmin": 237, "ymin": 318, "ymax": 537, "xmax": 709}}, {"tid": 1, "generated": 0, "bbox": {"xmin": 775, "ymin": 1, "ymax": 387, "xmax": 1276}}], [{"tid": 0, "generated": 0, "bbox": {"xmin": 238, "ymin": 319, "ymax": 538, "xmax": 708}}, {"tid": 1, "generated": 0, "bbox": {"xmin": 787, "ymin": 1, "ymax": 381, "xmax": 1277}}], [{"tid": 0, "generated": 0, "bbox": {"xmin": 239, "ymin": 320, "ymax": 540, "xmax": 708}}, {"tid": 1, "generated": 0, "bbox": {"xmin": 800, "ymin": 1, "ymax": 376, "xmax": 1278}}], [{"tid": 0, "generated": 0, "bbox": {"xmin": 240, "ymin": 321, "ymax": 541, "xmax": 707}}, {"tid": 1, "generated": 0, "bbox": {"xmin": 823, "ymin": 1, "ymax": 375, "xmax": 1274}}], [{"tid": 0, "generated": 0, "bbox": {"xmin": 241, "ymin": 322, "ymax": 542, "xmax": 707}}, {"tid": 1, "generated": 0, "bbox": {"xmin": 839, "ymin": 1, "ymax": 374, "xmax": 1275}}], [{"tid": 0, "generated": 0, "bbox": {"xmin": 243, "ymin": 323, "ymax": 544, "xmax": 707}}, {"tid": 1, "generated": 0, "bbox": {"xmin": 856, "ymin": 1, "ymax": 373, "xmax": 1276}}], [{"tid": 0, "generated": 0, "bbox": {"xmin": 243, "ymin": 324, "ymax": 544, "xmax": 707}}, {"tid": 1, "generated": 0, "bbox": {"xmin": 859, "ymin": 3, "ymax": 375, "xmax": 1276}}], [{"tid": 0, "generated": 0, "bbox": {"xmin": 244, "ymin": 325, "ymax": 544, "xmax": 708}}, {"tid": 1, "generated": 0, "bbox": {"xmin": 862, "ymin": 5, "ymax": 378, "xmax": 1276}}], [{"tid": 0, "generated": 0, "bbox": {"xmin": 245, "ymin": 326, "ymax": 544, "xmax": 709}}, {"tid": 1, "generated": 0, "bbox": {"xmin": 857, "ymin": 12, "ymax": 379, "xmax": 1276}}], [{"tid": 0, "generated": 0, "bbox": {"xmin": 245, "ymin": 327, "ymax": 544, "xmax": 710}}, {"tid": 1, "generated": 0, "bbox": {"xmin": 853, "ymin": 19, "ymax": 380, "xmax": 1276}}], [{"tid": 0, "generated": 0, "bbox": {"xmin": 246, "ymin": 328, "ymax": 544, "xmax": 711}}, {"tid": 1, "generated": 0, "bbox": {"xmin": 849, "ymin": 26, "ymax": 382, "xmax": 1276}}], [{"tid": 0, "generated": 0, "bbox": {"xmin": 247, "ymin": 330, "ymax": 545, "xmax": 712}}, {"tid": 1, "generated": 0, "bbox": {"xmin": 855, "ymin": 26, "ymax": 385, "xmax": 1278}}], [{"tid": 0, "generated": 0, "bbox": {"xmin": 247, "ymin": 330, "ymax": 545, "xmax": 713}}, {"tid": 1, "generated": 0, "bbox": {"xmin": 848, "ymin": 30, "ymax": 389, "xmax": 1278}}], [{"tid": 0, "generated": 0, "bbox": {"xmin": 248, "ymin": 330, "ymax": 546, "xmax": 715}}, {"tid": 1, "generated": 0, "bbox": {"xmin": 848, "ymin": 31, "ymax": 394, "xmax": 1278}}], [{"tid": 0, "generated": 0, "bbox": {"xmin": 249, "ymin": 330, "ymax": 546, "xmax": 716}}, {"tid": 1, "generated": 0, "bbox": {"xmin": 848, "ymin": 32, "ymax": 400, "xmax": 1278}}], [{"tid": 0, "generated": 0, "bbox": {"xmin": 250, "ymin": 330, "ymax": 547, "xmax": 718}}, {"tid": 1, "generated": 0, "bbox": {"xmin": 849, "ymin": 30, "ymax": 407, "xmax": 1272}}], [{"tid": 0, "generated": 0, "bbox": {"xmin": 250, "ymin": 330, "ymax": 547, "xmax": 718}}, {"tid": 1, "generated": 0, "bbox": {"xmin": 844, "ymin": 35, "ymax": 405, "xmax": 1271}}], [{"tid": 0, "generated": 0, "bbox": {"xmin": 250, "ymin": 330, "ymax": 547, "xmax": 718}}, {"tid": 1, "generated": 0, "bbox": {"xmin": 839, "ymin": 30, "ymax": 400, "xmax": 1278}}], [{"tid": 0, "generated": 0, "bbox": {"xmin": 250, "ymin": 330, "ymax": 548, "xmax": 718}}, {"tid": 1, "generated": 0, "bbox": {"xmin": 833, "ymin": 33, "ymax": 394, "xmax": 1278}}], [{"tid": 0, "generated": 0, "bbox": {"xmin": 250, "ymin": 330, "ymax": 548, "xmax": 719}}, {"tid": 1, "generated": 0, "bbox": {"xmin": 828, "ymin": 32, "ymax": 392, "xmax": 1277}}], [{"tid": 0, "generated": 0, "bbox": {"xmin": 250, "ymin": 330, "ymax": 549, "xmax": 719}}, {"tid": 1, "generated": 0, "bbox": {"xmin": 823, "ymin": 32, "ymax": 391, "xmax": 1276}}], [{"tid": 0, "generated": 0, "bbox": {"xmin": 250, "ymin": 330, "ymax": 549, "xmax": 719}}, {"tid": 1, "generated": 0, "bbox": {"xmin": 817, "ymin": 25, "ymax": 391, "xmax": 1276}}], [{"tid": 0, "generated": 0, "bbox": {"xmin": 250, "ymin": 330, "ymax": 549, "xmax": 720}}, {"tid": 1, "generated": 0, "bbox": {"xmin": 812, "ymin": 19, "ymax": 391, "xmax": 1276}}], [{"tid": 0, "generated": 0, "bbox": {"xmin": 250, "ymin": 330, "ymax": 550, "xmax": 720}}, {"tid": 1, "generated": 0, "bbox": {"xmin": 806, "ymin": 12, "ymax": 391, "xmax": 1276}}], [{"tid": 0, "generated": 0, "bbox": {"xmin": 250, "ymin": 330, "ymax": 550, "xmax": 720}}, {"tid": 1, "generated": 0, "bbox": {"xmin": 801, "ymin": 6, "ymax": 391, "xmax": 1276}}], [{"tid": 0, "generated": 0, "bbox": {"xmin": 250, "ymin": 330, "ymax": 551, "xmax": 721}}, {"tid": 1, "generated": 0, "bbox": {"xmin": 796, "ymin": 0, "ymax": 391, "xmax": 1276}}], [{"tid": 0, "generated": 0, "bbox": {"xmin": 250, "ymin": 331, "ymax": 551, "xmax": 721}}, {"tid": 1, "generated": 0, "bbox": {"xmin": 791, "ymin": 3, "ymax": 385, "xmax": 1274}}], [{"tid": 0, "generated": 0, "bbox": {"xmin": 251, "ymin": 332, "ymax": 552, "xmax": 722}}, {"tid": 1, "generated": 0, "bbox": {"xmin": 785, "ymin": 7, "ymax": 385, "xmax": 1272}}], [{"tid": 0, "generated": 0, "bbox": {"xmin": 252, "ymin": 333, "ymax": 553, "xmax": 722}}, {"tid": 1, "generated": 0, "bbox": {"xmin": 782, "ymin": 7, "ymax": 384, "xmax": 1278}}], [{"tid": 0, "generated": 0, "bbox": {"xmin": 252, "ymin": 335, "ymax": 554, "xmax": 723}}, {"tid": 1, "generated": 0, "bbox": {"xmin": 776, "ymin": 12, "ymax": 398, "xmax": 1276}}], [{"tid": 0, "generated": 0, "bbox": {"xmin": 253, "ymin": 336, "ymax": 555, "xmax": 724}}, {"tid": 1, "generated": 0, "bbox": {"xmin": 771, "ymin": 18, "ymax": 406, "xmax": 1276}}], [{"tid": 0, "generated": 0, "bbox": {"xmin": 254, "ymin": 337, "ymax": 556, "xmax": 724}}, {"tid": 1, "generated": 0, "bbox": {"xmin": 766, "ymin": 25, "ymax": 415, "xmax": 1276}}], [{"tid": 0, "generated": 0, "bbox": {"xmin": 254, "ymin": 339, "ymax": 557, "xmax": 725}}, {"tid": 1, "generated": 0, "bbox": {"xmin": 762, "ymin": 31, "ymax": 424, "xmax": 1276}}], [{"tid": 0, "generated": 0, "bbox": {"xmin": 255, "ymin": 340, "ymax": 558, "xmax": 725}}, {"tid": 1, "generated": 0, "bbox": {"xmin": 757, "ymin": 38, "ymax": 433, "xmax": 1276}}], [{"tid": 0, "generated": 0, "bbox": {"xmin": 256, "ymin": 341, "ymax": 559, "xmax": 726}}, {"tid": 1, "generated": 0, "bbox": {"xmin": 752, "ymin": 44, "ymax": 442, "xmax": 1276}}], [{"tid": 0, "generated": 0, "bbox": {"xmin": 257, "ymin": 343, "ymax": 560, "xmax": 727}}, {"tid": 1, "generated": 0, "bbox": {"xmin": 748, "ymin": 51, "ymax": 451, "xmax": 1276}}], [{"tid": 0, "generated": 0, "bbox": {"xmin": 258, "ymin": 343, "ymax": 560, "xmax": 727}}, {"tid": 1, "generated": 0, "bbox": {"xmin": 746, "ymin": 56, "ymax": 453, "xmax": 1278}}], [{"tid": 0, "generated": 0, "bbox": {"xmin": 259, "ymin": 343, "ymax": 560, "xmax": 728}}, {"tid": 1, "generated": 0, "bbox": {"xmin": 744, "ymin": 67, "ymax": 460, "xmax": 1276}}], [{"tid": 0, "generated": 0, "bbox": {"xmin": 260, "ymin": 343, "ymax": 560, "xmax": 729}}, {"tid": 1, "generated": 0, "bbox": {"xmin": 743, "ymin": 76, "ymax": 464, "xmax": 1278}}], [{"tid": 0, "generated": 0, "bbox": {"xmin": 261, "ymin": 343, "ymax": 560, "xmax": 729}}, {"tid": 1, "generated": 0, "bbox": {"xmin": 741, "ymin": 83, "ymax": 458, "xmax": 1278}}], [{"tid": 0, "generated": 0, "bbox": {"xmin": 262, "ymin": 343, "ymax": 560, "xmax": 730}}, {"tid": 1, "generated": 0, "bbox": {"xmin": 739, "ymin": 81, "ymax": 455, "xmax": 1274}}], [{"tid": 0, "generated": 0, "bbox": {"xmin": 263, "ymin": 343, "ymax": 560, "xmax": 731}}, {"tid": 1, "generated": 0, "bbox": {"xmin": 737, "ymin": 88, "ymax": 451, "xmax": 1278}}], [{"tid": 0, "generated": 0, "bbox": {"xmin": 264, "ymin": 343, "ymax": 560, "xmax": 731}}, {"tid": 1, "generated": 0, "bbox": {"xmin": 737, "ymin": 82, "ymax": 450, "xmax": 1276}}], [{"tid": 0, "generated": 0, "bbox": {"xmin": 265, "ymin": 343, "ymax": 560, "xmax": 732}}, {"tid": 1, "generated": 0, "bbox": {"xmin": 737, "ymin": 76, "ymax": 449, "xmax": 1274}}], [{"tid": 0, "generated": 0, "bbox": {"xmin": 266, "ymin": 343, "ymax": 560, "xmax": 733}}, {"tid": 1, "generated": 0, "bbox": {"xmin": 737, "ymin": 85, "ymax": 440, "xmax": 1276}}], [{"tid": 0, "generated": 0, "bbox": {"xmin": 268, "ymin": 344, "ymax": 560, "xmax": 734}}, {"tid": 1, "generated": 0, "bbox": {"xmin": 737, "ymin": 62, "ymax": 444, "xmax": 1276}}], [{"tid": 0, "generated": 0, "bbox": {"xmin": 268, "ymin": 344, "ymax": 561, "xmax": 733}}, {"tid": 1, "generated": 0, "bbox": {"xmin": 736, "ymin": 51, "ymax": 446, "xmax": 1276}}], [{"tid": 0, "generated": 0, "bbox": {"xmin": 268, "ymin": 345, "ymax": 562, "xmax": 733}}, {"tid": 1, "generated": 0, "bbox": {"xmin": 734, "ymin": 50, "ymax": 455, "xmax": 1277}}], [{"tid": 0, "generated": 0, "bbox": {"xmin": 268, "ymin": 345, "ymax": 563, "xmax": 732}}, {"tid": 1, "generated": 0, "bbox": {"xmin": 732, "ymin": 49, "ymax": 464, "xmax": 1278}}], [{"tid": 0, "generated": 0, "bbox": {"xmin": 268, "ymin": 346, "ymax": 565, "xmax": 732}}, {"tid": 1, "generated": 0, "bbox": {"xmin": 721, "ymin": 60, "ymax": 472, "xmax": 1276}}], [{"tid": 0, "generated": 0, "bbox": {"xmin": 268, "ymin": 348, "ymax": 566, "xmax": 732}}, {"tid": 1, "generated": 0, "bbox": {"xmin": 721, "ymin": 58, "ymax": 481, "xmax": 1276}}], [{"tid": 0, "generated": 0, "bbox": {"xmin": 268, "ymin": 350, "ymax": 568, "xmax": 732}}, {"tid": 1, "generated": 0, "bbox": {"xmin": 721, "ymin": 68, "ymax": 491, "xmax": 1277}}], [{"tid": 0, "generated": 0, "bbox": {"xmin": 268, "ymin": 352, "ymax": 569, "xmax": 733}}, {"tid": 1, "generated": 0, "bbox": {"xmin": 721, "ymin": 78, "ymax": 501, "xmax": 1278}}], [{"tid": 0, "generated": 0, "bbox": {"xmin": 268, "ymin": 354, "ymax": 571, "xmax": 733}}, {"tid": 1, "generated": 0, "bbox": {"xmin": 722, "ymin": 94, "ymax": 510, "xmax": 1278}}], [{"tid": 0, "generated": 0, "bbox": {"xmin": 268, "ymin": 356, "ymax": 572, "xmax": 733}}, {"tid": 1, "generated": 0, "bbox": {"xmin": 723, "ymin": 110, "ymax": 520, "xmax": 1278}}], [{"tid": 0, "generated": 0, "bbox": {"xmin": 268, "ymin": 359, "ymax": 574, "xmax": 734}}, {"tid": 1, "generated": 0, "bbox": {"xmin": 725, "ymin": 126, "ymax": 531, "xmax": 1278}}], [{"tid": 0, "generated": 0, "bbox": {"xmin": 268, "ymin": 363, "ymax": 580, "xmax": 732}}, {"tid": 1, "generated": 0, "bbox": {"xmin": 718, "ymin": 138, "ymax": 552, "xmax": 1274}}], [{"tid": 0, "generated": 0, "bbox": {"xmin": 268, "ymin": 368, "ymax": 586, "xmax": 730}}, {"tid": 1, "generated": 0, "bbox": {"xmin": 717, "ymin": 143, "ymax": 565, "xmax": 1276}}], [{"tid": 0, "generated": 0, "bbox": {"xmin": 268, "ymin": 373, "ymax": 586, "xmax": 725}}, {"tid": 1, "generated": 0, "bbox": {"xmin": 716, "ymin": 149, "ymax": 579, "xmax": 1278}}], [{"tid": 0, "generated": 0, "bbox": {"xmin": 270, "ymin": 375, "ymax": 586, "xmax": 725}}, {"tid": 1, "generated": 0, "bbox": {"xmin": 707, "ymin": 163, "ymax": 590, "xmax": 1274}}], [{"tid": 0, "generated": 0, "bbox": {"xmin": 261, "ymin": 378, "ymax": 590, "xmax": 723}}, {"tid": 1, "generated": 0, "bbox": {"xmin": 704, "ymin": 163, "ymax": 600, "xmax": 1276}}], [{"tid": 0, "generated": 0, "bbox": {"xmin": 261, "ymin": 384, "ymax": 590, "xmax": 720}}, {"tid": 1, "generated": 0, "bbox": {"xmin": 698, "ymin": 154, "ymax": 622, "xmax": 1278}}], [{"tid": 0, "generated": 0, "bbox": {"xmin": 252, "ymin": 400, "ymax": 608, "xmax": 709}}, {"tid": 1, "generated": 0, "bbox": {"xmin": 695, "ymin": 149, "ymax": 636, "xmax": 1278}}], [{"tid": 0, "generated": 0, "bbox": {"xmin": 254, "ymin": 417, "ymax": 627, "xmax": 705}}, {"tid": 1, "generated": 0, "bbox": {"xmin": 684, "ymin": 170, "ymax": 673, "xmax": 1278}}], [{"tid": 0, "generated": 0, "bbox": {"xmin": 241, "ymin": 444, "ymax": 656, "xmax": 702}}, {"tid": 1, "generated": 0, "bbox": {"xmin": 673, "ymin": 211, "ymax": 716, "xmax": 1278}}]], "subject/objects": [{"category": "turtle", "tid": 0}, {"category": "dog", "tid": 1}], "relation_instances": [{"end_fid": 30, "subject_tid": 0, "predicate": "creep_left", "begin_fid": 0, "object_tid": 1}, {"end_fid": 30, "subject_tid": 1, "predicate": "right", "begin_fid": 0, "object_tid": 0}, {"end_fid": 30, "subject_tid": 1, "predicate": "watch", "begin_fid": 0, "object_tid": 0}, {"end_fid": 45, "subject_tid": 0, "predicate": "creep_left", "begin_fid": 15, "object_tid": 1}, {"end_fid": 45, "subject_tid": 1, "predicate": "right", "begin_fid": 15, "object_tid": 0}, {"end_fid": 45, "subject_tid": 1, "predicate": "watch", "begin_fid": 15, "object_tid": 0}, {"end_fid": 60, "subject_tid": 0, "predicate": "creep_left", "begin_fid": 30, "object_tid": 1}, {"end_fid": 60, "subject_tid": 1, "predicate": "right", "begin_fid": 30, "object_tid": 0}, {"end_fid": 60, "subject_tid": 1, "predicate": "watch", "begin_fid": 30, "object_tid": 0}, {"end_fid": 75, "subject_tid": 0, "predicate": "creep_left", "begin_fid": 45, "object_tid": 1}, {"end_fid": 75, "subject_tid": 1, "predicate": "right", "begin_fid": 45, "object_tid": 0}, {"end_fid": 75, "subject_tid": 1, "predicate": "watch", "begin_fid": 45, "object_tid": 0}, {"end_fid": 90, "subject_tid": 0, "predicate": "creep_left", "begin_fid": 60, "object_tid": 1}, {"end_fid": 90, "subject_tid": 1, "predicate": "right", "begin_fid": 60, "object_tid": 0}, {"end_fid": 90, "subject_tid": 1, "predicate": "watch", "begin_fid": 60, "object_tid": 0}, {"end_fid": 105, "subject_tid": 0, "predicate": "creep_left", "begin_fid": 75, "object_tid": 1}, {"end_fid": 105, "subject_tid": 1, "predicate": "right", "begin_fid": 75, "object_tid": 0}, {"end_fid": 105, "subject_tid": 1, "predicate": "watch", "begin_fid": 75, "object_tid": 0}, {"end_fid": 120, "subject_tid": 0, "predicate": "creep_left", "begin_fid": 90, "object_tid": 1}, {"end_fid": 120, "subject_tid": 1, "predicate": "right", "begin_fid": 90, "object_tid": 0}, {"end_fid": 120, "subject_tid": 1, "predicate": "watch", "begin_fid": 90, "object_tid": 0}, {"end_fid": 375, "subject_tid": 0, "predicate": "creep_left", "begin_fid": 345, "object_tid": 1}, {"end_fid": 375, "subject_tid": 1, "predicate": "right", "begin_fid": 345, "object_tid": 0}, {"end_fid": 375, "subject_tid": 1, "predicate": "watch", "begin_fid": 345, "object_tid": 0}, {"end_fid": 390, "subject_tid": 0, "predicate": "creep_left", "begin_fid": 360, "object_tid": 1}, {"end_fid": 390, "subject_tid": 1, "predicate": "right", "begin_fid": 360, "object_tid": 0}, {"end_fid": 390, "subject_tid": 1, "predicate": "watch", "begin_fid": 360, "object_tid": 0}, {"end_fid": 405, "subject_tid": 0, "predicate": "creep_left", "begin_fid": 375, "object_tid": 1}, {"end_fid": 405, "subject_tid": 1, "predicate": "right", "begin_fid": 375, "object_tid": 0}, {"end_fid": 405, "subject_tid": 1, "predicate": "watch", "begin_fid": 375, "object_tid": 0}, {"end_fid": 420, "subject_tid": 0, "predicate": "creep_left", "begin_fid": 390, "object_tid": 1}, {"end_fid": 420, "subject_tid": 1, "predicate": "right", "begin_fid": 390, "object_tid": 0}, {"end_fid": 420, "subject_tid": 1, "predicate": "watch", "begin_fid": 390, "object_tid": 0}, {"end_fid": 435, "subject_tid": 0, "predicate": "creep_left", "begin_fid": 405, "object_tid": 1}, {"end_fid": 435, "subject_tid": 1, "predicate": "right", "begin_fid": 405, "object_tid": 0}, {"end_fid": 435, "subject_tid": 1, "predicate": "watch", "begin_fid": 405, "object_tid": 0}, {"end_fid": 450, "subject_tid": 0, "predicate": "creep_left", "begin_fid": 420, "object_tid": 1}, {"end_fid": 450, "subject_tid": 1, "predicate": "right", "begin_fid": 420, "object_tid": 0}, {"end_fid": 450, "subject_tid": 1, "predicate": "watch", "begin_fid": 420, "object_tid": 0}, {"end_fid": 465, "subject_tid": 0, "predicate": "creep_left", "begin_fid": 435, "object_tid": 1}, {"end_fid": 465, "subject_tid": 1, "predicate": "right", "begin_fid": 435, "object_tid": 0}, {"end_fid": 465, "subject_tid": 1, "predicate": "watch", "begin_fid": 435, "object_tid": 0}, {"end_fid": 480, "subject_tid": 0, "predicate": "creep_left", "begin_fid": 450, "object_tid": 1}, {"end_fid": 480, "subject_tid": 1, "predicate": "right", "begin_fid": 450, "object_tid": 0}, {"end_fid": 480, "subject_tid": 1, "predicate": "watch", "begin_fid": 450, "object_tid": 0}, {"end_fid": 495, "subject_tid": 0, "predicate": "creep_left", "begin_fid": 465, "object_tid": 1}, {"end_fid": 495, "subject_tid": 1, "predicate": "right", "begin_fid": 465, "object_tid": 0}, {"end_fid": 495, "subject_tid": 1, "predicate": "watch", "begin_fid": 465, "object_tid": 0}, {"end_fid": 510, "subject_tid": 0, "predicate": "creep_left", "begin_fid": 480, "object_tid": 1}, {"end_fid": 510, "subject_tid": 1, "predicate": "right", "begin_fid": 480, "object_tid": 0}, {"end_fid": 510, "subject_tid": 1, "predicate": "watch", "begin_fid": 480, "object_tid": 0}], "height": 720}