{"width": 1280, "frame_count": 115, "video_id": "ILSVRC2015_train_01009000", "fps": 25, "trajectories": [[{"tid": 0, "generated": 0, "bbox": {"xmin": 10, "ymin": 179, "ymax": 568, "xmax": 576}}, {"tid": 1, "generated": 0, "bbox": {"xmin": 419, "ymin": 187, "ymax": 557, "xmax": 594}}], [{"tid": 0, "generated": 0, "bbox": {"xmin": 14, "ymin": 177, "ymax": 568, "xmax": 579}}, {"tid": 1, "generated": 0, "bbox": {"xmin": 419, "ymin": 187, "ymax": 557, "xmax": 594}}], [{"tid": 0, "generated": 0, "bbox": {"xmin": 19, "ymin": 177, "ymax": 567, "xmax": 590}}, {"tid": 1, "generated": 0, "bbox": {"xmin": 419, "ymin": 187, "ymax": 557, "xmax": 594}}], [{"tid": 0, "generated": 0, "bbox": {"xmin": 10, "ymin": 177, "ymax": 565, "xmax": 595}}, {"tid": 1, "generated": 0, "bbox": {"xmin": 419, "ymin": 187, "ymax": 557, "xmax": 594}}], [{"tid": 0, "generated": 0, "bbox": {"xmin": 10, "ymin": 176, "ymax": 564, "xmax": 599}}, {"tid": 1, "generated": 0, "bbox": {"xmin": 419, "ymin": 187, "ymax": 557, "xmax": 594}}], [{"tid": 0, "generated": 0, "bbox": {"xmin": 11, "ymin": 175, "ymax": 564, "xmax": 604}}, {"tid": 1, "generated": 0, "bbox": {"xmin": 419, "ymin": 187, "ymax": 557, "xmax": 594}}], [{"tid": 0, "generated": 0, "bbox": {"xmin": 12, "ymin": 174, "ymax": 564, "xmax": 608}}, {"tid": 1, "generated": 0, "bbox": {"xmin": 420, "ymin": 187, "ymax": 557, "xmax": 595}}], [{"tid": 0, "generated": 0, "bbox": {"xmin": 13, "ymin": 174, "ymax": 563, "xmax": 613}}, {"tid": 1, "generated": 0, "bbox": {"xmin": 421, "ymin": 186, "ymax": 556, "xmax": 596}}], [{"tid": 0, "generated": 0, "bbox": {"xmin": 14, "ymin": 173, "ymax": 563, "xmax": 617}}, {"tid": 1, "generated": 0, "bbox": {"xmin": 423, "ymin": 186, "ymax": 556, "xmax": 598}}], [{"tid": 0, "generated": 0, "bbox": {"xmin": 15, "ymin": 172, "ymax": 563, "xmax": 622}}, {"tid": 1, "generated": 0, "bbox": {"xmin": 424, "ymin": 185, "ymax": 555, "xmax": 599}}], [{"tid": 0, "generated": 0, "bbox": {"xmin": 16, "ymin": 172, "ymax": 563, "xmax": 627}}, {"tid": 1, "generated": 0, "bbox": {"xmin": 425, "ymin": 185, "ymax": 555, "xmax": 600}}], [{"tid": 0, "generated": 0, "bbox": {"xmin": 23, "ymin": 174, "ymax": 561, "xmax": 629}}, {"tid": 1, "generated": 0, "bbox": {"xmin": 427, "ymin": 185, "ymax": 555, "xmax": 602}}], [{"tid": 0, "generated": 0, "bbox": {"xmin": 30, "ymin": 174, "ymax": 558, "xmax": 629}}, {"tid": 1, "generated": 0, "bbox": {"xmin": 429, "ymin": 185, "ymax": 555, "xmax": 604}}], [{"tid": 0, "generated": 0, "bbox": {"xmin": 32, "ymin": 172, "ymax": 565, "xmax": 638}}, {"tid": 1, "generated": 0, "bbox": {"xmin": 430, "ymin": 185, "ymax": 555, "xmax": 605}}], [{"tid": 0, "generated": 0, "bbox": {"xmin": 37, "ymin": 165, "ymax": 565, "xmax": 648}}, {"tid": 1, "generated": 0, "bbox": {"xmin": 432, "ymin": 185, "ymax": 555, "xmax": 607}}], [{"tid": 0, "generated": 0, "bbox": {"xmin": 39, "ymin": 156, "ymax": 563, "xmax": 654}}, {"tid": 1, "generated": 0, "bbox": {"xmin": 434, "ymin": 185, "ymax": 555, "xmax": 609}}], [{"tid": 0, "generated": 0, "bbox": {"xmin": 42, "ymin": 147, "ymax": 561, "xmax": 661}}, {"tid": 1, "generated": 0, "bbox": {"xmin": 434, "ymin": 185, "ymax": 555, "xmax": 609}}], [{"tid": 0, "generated": 0, "bbox": {"xmin": 44, "ymin": 135, "ymax": 556, "xmax": 663}}, {"tid": 1, "generated": 0, "bbox": {"xmin": 434, "ymin": 185, "ymax": 555, "xmax": 609}}], [{"tid": 0, "generated": 0, "bbox": {"xmin": 44, "ymin": 128, "ymax": 565, "xmax": 668}}, {"tid": 1, "generated": 0, "bbox": {"xmin": 434, "ymin": 185, "ymax": 555, "xmax": 609}}], [{"tid": 0, "generated": 0, "bbox": {"xmin": 46, "ymin": 120, "ymax": 561, "xmax": 668}}, {"tid": 1, "generated": 0, "bbox": {"xmin": 434, "ymin": 185, "ymax": 555, "xmax": 609}}], [{"tid": 0, "generated": 0, "bbox": {"xmin": 44, "ymin": 119, "ymax": 567, "xmax": 668}}, {"tid": 1, "generated": 0, "bbox": {"xmin": 434, "ymin": 185, "ymax": 555, "xmax": 609}}], [{"tid": 0, "generated": 0, "bbox": {"xmin": 40, "ymin": 115, "ymax": 567, "xmax": 664}}, {"tid": 1, "generated": 0, "bbox": {"xmin": 434, "ymin": 185, "ymax": 555, "xmax": 609}}], [{"tid": 0, "generated": 0, "bbox": {"xmin": 37, "ymin": 119, "ymax": 565, "xmax": 664}}, {"tid": 1, "generated": 0, "bbox": {"xmin": 434, "ymin": 185, "ymax": 555, "xmax": 609}}], [{"tid": 0, "generated": 0, "bbox": {"xmin": 35, "ymin": 122, "ymax": 565, "xmax": 664}}, {"tid": 1, "generated": 0, "bbox": {"xmin": 434, "ymin": 185, "ymax": 555, "xmax": 609}}], [{"tid": 0, "generated": 0, "bbox": {"xmin": 33, "ymin": 125, "ymax": 565, "xmax": 665}}, {"tid": 1, "generated": 0, "bbox": {"xmin": 434, "ymin": 185, "ymax": 555, "xmax": 609}}], [{"tid": 0, "generated": 0, "bbox": {"xmin": 32, "ymin": 129, "ymax": 565, "xmax": 666}}, {"tid": 1, "generated": 0, "bbox": {"xmin": 434, "ymin": 185, "ymax": 555, "xmax": 609}}], [{"tid": 0, "generated": 0, "bbox": {"xmin": 35, "ymin": 142, "ymax": 570, "xmax": 666}}, {"tid": 1, "generated": 0, "bbox": {"xmin": 435, "ymin": 185, "ymax": 555, "xmax": 610}}], [{"tid": 0, "generated": 0, "bbox": {"xmin": 39, "ymin": 149, "ymax": 574, "xmax": 672}}, {"tid": 1, "generated": 0, "bbox": {"xmin": 436, "ymin": 185, "ymax": 555, "xmax": 611}}], [{"tid": 0, "generated": 0, "bbox": {"xmin": 49, "ymin": 147, "ymax": 570, "xmax": 673}}, {"tid": 1, "generated": 0, "bbox": {"xmin": 437, "ymin": 185, "ymax": 555, "xmax": 612}}], [{"tid": 0, "generated": 0, "bbox": {"xmin": 60, "ymin": 145, "ymax": 568, "xmax": 675}}, {"tid": 1, "generated": 0, "bbox": {"xmin": 438, "ymin": 185, "ymax": 555, "xmax": 613}}], [{"tid": 0, "generated": 0, "bbox": {"xmin": 71, "ymin": 144, "ymax": 567, "xmax": 677}}, {"tid": 1, "generated": 0, "bbox": {"xmin": 439, "ymin": 185, "ymax": 555, "xmax": 614}}], [{"tid": 0, "generated": 0, "bbox": {"xmin": 69, "ymin": 140, "ymax": 565, "xmax": 675}}, {"tid": 1, "generated": 0, "bbox": {"xmin": 439, "ymin": 185, "ymax": 555, "xmax": 614}}], [{"tid": 0, "generated": 0, "bbox": {"xmin": 76, "ymin": 140, "ymax": 567, "xmax": 675}}, {"tid": 1, "generated": 0, "bbox": {"xmin": 439, "ymin": 185, "ymax": 555, "xmax": 614}}], [{"tid": 0, "generated": 0, "bbox": {"xmin": 83, "ymin": 142, "ymax": 568, "xmax": 677}}, {"tid": 1, "generated": 0, "bbox": {"xmin": 439, "ymin": 185, "ymax": 555, "xmax": 614}}], [{"tid": 0, "generated": 0, "bbox": {"xmin": 90, "ymin": 142, "ymax": 572, "xmax": 688}}, {"tid": 1, "generated": 0, "bbox": {"xmin": 439, "ymin": 185, "ymax": 555, "xmax": 614}}], [{"tid": 0, "generated": 0, "bbox": {"xmin": 96, "ymin": 138, "ymax": 570, "xmax": 693}}, {"tid": 1, "generated": 0, "bbox": {"xmin": 439, "ymin": 185, "ymax": 555, "xmax": 614}}], [{"tid": 0, "generated": 0, "bbox": {"xmin": 103, "ymin": 136, "ymax": 570, "xmax": 698}}, {"tid": 1, "generated": 0, "bbox": {"xmin": 441, "ymin": 185, "ymax": 555, "xmax": 616}}], [{"tid": 0, "generated": 0, "bbox": {"xmin": 108, "ymin": 133, "ymax": 568, "xmax": 704}}, {"tid": 1, "generated": 0, "bbox": {"xmin": 443, "ymin": 185, "ymax": 555, "xmax": 618}}], [{"tid": 0, "generated": 0, "bbox": {"xmin": 115, "ymin": 131, "ymax": 568, "xmax": 709}}, {"tid": 1, "generated": 0, "bbox": {"xmin": 444, "ymin": 185, "ymax": 555, "xmax": 619}}], [{"tid": 0, "generated": 0, "bbox": {"xmin": 115, "ymin": 131, "ymax": 563, "xmax": 714}}, {"tid": 1, "generated": 0, "bbox": {"xmin": 446, "ymin": 185, "ymax": 555, "xmax": 621}}], [{"tid": 0, "generated": 0, "bbox": {"xmin": 122, "ymin": 124, "ymax": 567, "xmax": 721}}, {"tid": 1, "generated": 0, "bbox": {"xmin": 448, "ymin": 185, "ymax": 555, "xmax": 623}}], [{"tid": 0, "generated": 0, "bbox": {"xmin": 135, "ymin": 119, "ymax": 563, "xmax": 730}}, {"tid": 1, "generated": 0, "bbox": {"xmin": 458, "ymin": 185, "ymax": 555, "xmax": 633}}], [{"tid": 0, "generated": 0, "bbox": {"xmin": 144, "ymin": 115, "ymax": 561, "xmax": 734}}, {"tid": 1, "generated": 0, "bbox": {"xmin": 467, "ymin": 185, "ymax": 555, "xmax": 642}}], [{"tid": 0, "generated": 0, "bbox": {"xmin": 152, "ymin": 110, "ymax": 560, "xmax": 736}}, {"tid": 1, "generated": 0, "bbox": {"xmin": 477, "ymin": 185, "ymax": 555, "xmax": 652}}], [{"tid": 0, "generated": 0, "bbox": {"xmin": 163, "ymin": 106, "ymax": 558, "xmax": 739}}, {"tid": 1, "generated": 0, "bbox": {"xmin": 486, "ymin": 185, "ymax": 555, "xmax": 661}}], [{"tid": 0, "generated": 0, "bbox": {"xmin": 172, "ymin": 101, "ymax": 556, "xmax": 746}}, {"tid": 1, "generated": 0, "bbox": {"xmin": 496, "ymin": 185, "ymax": 555, "xmax": 671}}], [{"tid": 0, "generated": 0, "bbox": {"xmin": 182, "ymin": 97, "ymax": 556, "xmax": 755}}, {"tid": 1, "generated": 0, "bbox": {"xmin": 506, "ymin": 186, "ymax": 556, "xmax": 681}}], [{"tid": 0, "generated": 0, "bbox": {"xmin": 192, "ymin": 94, "ymax": 556, "xmax": 764}}, {"tid": 1, "generated": 0, "bbox": {"xmin": 516, "ymin": 186, "ymax": 556, "xmax": 691}}], [{"tid": 0, "generated": 0, "bbox": {"xmin": 197, "ymin": 88, "ymax": 568, "xmax": 775}}, {"tid": 1, "generated": 0, "bbox": {"xmin": 527, "ymin": 187, "ymax": 557, "xmax": 702}}], [{"tid": 0, "generated": 0, "bbox": {"xmin": 208, "ymin": 88, "ymax": 565, "xmax": 803}}, {"tid": 1, "generated": 0, "bbox": {"xmin": 537, "ymin": 187, "ymax": 557, "xmax": 712}}], [{"tid": 0, "generated": 0, "bbox": {"xmin": 211, "ymin": 90, "ymax": 567, "xmax": 780}}, {"tid": 1, "generated": 0, "bbox": {"xmin": 547, "ymin": 188, "ymax": 558, "xmax": 722}}], [{"tid": 0, "generated": 0, "bbox": {"xmin": 224, "ymin": 88, "ymax": 561, "xmax": 791}}, {"tid": 1, "generated": 0, "bbox": {"xmin": 558, "ymin": 194, "ymax": 558, "xmax": 733}}], [{"tid": 0, "generated": 0, "bbox": {"xmin": 232, "ymin": 87, "ymax": 563, "xmax": 803}}, {"tid": 1, "generated": 0, "bbox": {"xmin": 568, "ymin": 201, "ymax": 557, "xmax": 743}}], [{"tid": 0, "generated": 0, "bbox": {"xmin": 243, "ymin": 83, "ymax": 561, "xmax": 796}}, {"tid": 1, "generated": 0, "bbox": {"xmin": 579, "ymin": 207, "ymax": 557, "xmax": 754}}], [{"tid": 0, "generated": 0, "bbox": {"xmin": 261, "ymin": 80, "ymax": 558, "xmax": 812}}, {"tid": 1, "generated": 0, "bbox": {"xmin": 589, "ymin": 214, "ymax": 556, "xmax": 764}}], [{"tid": 0, "generated": 0, "bbox": {"xmin": 270, "ymin": 83, "ymax": 558, "xmax": 819}}, {"tid": 1, "generated": 0, "bbox": {"xmin": 600, "ymin": 220, "ymax": 556, "xmax": 775}}], [{"tid": 0, "generated": 0, "bbox": {"xmin": 280, "ymin": 88, "ymax": 558, "xmax": 828}}, {"tid": 1, "generated": 0, "bbox": {"xmin": 608, "ymin": 209, "ymax": 551, "xmax": 783}}], [{"tid": 0, "generated": 0, "bbox": {"xmin": 291, "ymin": 96, "ymax": 556, "xmax": 823}}, {"tid": 1, "generated": 0, "bbox": {"xmin": 617, "ymin": 198, "ymax": 546, "xmax": 792}}], [{"tid": 0, "generated": 0, "bbox": {"xmin": 302, "ymin": 103, "ymax": 561, "xmax": 837}}, {"tid": 1, "generated": 0, "bbox": {"xmin": 625, "ymin": 186, "ymax": 542, "xmax": 800}}], [{"tid": 0, "generated": 0, "bbox": {"xmin": 314, "ymin": 110, "ymax": 558, "xmax": 851}}, {"tid": 1, "generated": 0, "bbox": {"xmin": 634, "ymin": 175, "ymax": 537, "xmax": 809}}], [{"tid": 0, "generated": 0, "bbox": {"xmin": 328, "ymin": 117, "ymax": 556, "xmax": 865}}, {"tid": 1, "generated": 0, "bbox": {"xmin": 642, "ymin": 164, "ymax": 532, "xmax": 817}}], [{"tid": 0, "generated": 0, "bbox": {"xmin": 341, "ymin": 133, "ymax": 554, "xmax": 885}}, {"tid": 1, "generated": 0, "bbox": {"xmin": 653, "ymin": 163, "ymax": 531, "xmax": 828}}], [{"tid": 0, "generated": 0, "bbox": {"xmin": 353, "ymin": 145, "ymax": 560, "xmax": 897}}, {"tid": 1, "generated": 0, "bbox": {"xmin": 665, "ymin": 162, "ymax": 530, "xmax": 840}}], [{"tid": 0, "generated": 0, "bbox": {"xmin": 366, "ymin": 156, "ymax": 560, "xmax": 910}}, {"tid": 1, "generated": 0, "bbox": {"xmin": 676, "ymin": 162, "ymax": 530, "xmax": 851}}], [{"tid": 0, "generated": 0, "bbox": {"xmin": 384, "ymin": 156, "ymax": 563, "xmax": 929}}, {"tid": 1, "generated": 0, "bbox": {"xmin": 688, "ymin": 161, "ymax": 529, "xmax": 863}}], [{"tid": 0, "generated": 0, "bbox": {"xmin": 397, "ymin": 154, "ymax": 563, "xmax": 944}}, {"tid": 1, "generated": 0, "bbox": {"xmin": 699, "ymin": 160, "ymax": 528, "xmax": 874}}], [{"tid": 0, "generated": 0, "bbox": {"xmin": 410, "ymin": 152, "ymax": 563, "xmax": 960}}, {"tid": 1, "generated": 0, "bbox": {"xmin": 706, "ymin": 161, "ymax": 529, "xmax": 881}}], [{"tid": 0, "generated": 0, "bbox": {"xmin": 430, "ymin": 152, "ymax": 554, "xmax": 970}}, {"tid": 1, "generated": 0, "bbox": {"xmin": 714, "ymin": 161, "ymax": 529, "xmax": 889}}], [{"tid": 0, "generated": 0, "bbox": {"xmin": 440, "ymin": 140, "ymax": 554, "xmax": 986}}, {"tid": 1, "generated": 0, "bbox": {"xmin": 721, "ymin": 162, "ymax": 530, "xmax": 896}}], [{"tid": 0, "generated": 0, "bbox": {"xmin": 451, "ymin": 138, "ymax": 556, "xmax": 995}}, {"tid": 1, "generated": 0, "bbox": {"xmin": 729, "ymin": 162, "ymax": 530, "xmax": 904}}], [{"tid": 0, "generated": 0, "bbox": {"xmin": 464, "ymin": 138, "ymax": 558, "xmax": 1006}}, {"tid": 1, "generated": 0, "bbox": {"xmin": 736, "ymin": 163, "ymax": 531, "xmax": 911}}], [{"tid": 0, "generated": 0, "bbox": {"xmin": 478, "ymin": 135, "ymax": 554, "xmax": 1022}}, {"tid": 1, "generated": 0, "bbox": {"xmin": 747, "ymin": 163, "ymax": 531, "xmax": 922}}], [{"tid": 0, "generated": 0, "bbox": {"xmin": 492, "ymin": 131, "ymax": 552, "xmax": 1038}}, {"tid": 1, "generated": 0, "bbox": {"xmin": 759, "ymin": 163, "ymax": 531, "xmax": 934}}], [{"tid": 0, "generated": 0, "bbox": {"xmin": 508, "ymin": 128, "ymax": 551, "xmax": 1054}}, {"tid": 1, "generated": 0, "bbox": {"xmin": 770, "ymin": 163, "ymax": 531, "xmax": 945}}], [{"tid": 0, "generated": 0, "bbox": {"xmin": 520, "ymin": 124, "ymax": 560, "xmax": 1063}}, {"tid": 1, "generated": 0, "bbox": {"xmin": 782, "ymin": 163, "ymax": 531, "xmax": 957}}], [{"tid": 0, "generated": 0, "bbox": {"xmin": 533, "ymin": 120, "ymax": 556, "xmax": 1082}}, {"tid": 1, "generated": 0, "bbox": {"xmin": 793, "ymin": 163, "ymax": 531, "xmax": 968}}], [{"tid": 0, "generated": 0, "bbox": {"xmin": 547, "ymin": 122, "ymax": 560, "xmax": 1095}}, {"tid": 1, "generated": 0, "bbox": {"xmin": 806, "ymin": 162, "ymax": 530, "xmax": 981}}], [{"tid": 0, "generated": 0, "bbox": {"xmin": 565, "ymin": 128, "ymax": 558, "xmax": 1098}}, {"tid": 1, "generated": 0, "bbox": {"xmin": 819, "ymin": 161, "ymax": 529, "xmax": 994}}], [{"tid": 0, "generated": 0, "bbox": {"xmin": 579, "ymin": 120, "ymax": 554, "xmax": 1109}}, {"tid": 1, "generated": 0, "bbox": {"xmin": 831, "ymin": 159, "ymax": 527, "xmax": 1006}}], [{"tid": 0, "generated": 0, "bbox": {"xmin": 593, "ymin": 113, "ymax": 552, "xmax": 1120}}, {"tid": 1, "generated": 0, "bbox": {"xmin": 844, "ymin": 158, "ymax": 526, "xmax": 1019}}], [{"tid": 0, "generated": 0, "bbox": {"xmin": 609, "ymin": 108, "ymax": 551, "xmax": 1130}}, {"tid": 1, "generated": 0, "bbox": {"xmin": 857, "ymin": 157, "ymax": 525, "xmax": 1032}}], [{"tid": 0, "generated": 0, "bbox": {"xmin": 622, "ymin": 106, "ymax": 549, "xmax": 1123}}, {"tid": 1, "generated": 0, "bbox": {"xmin": 866, "ymin": 157, "ymax": 525, "xmax": 1041}}], [{"tid": 0, "generated": 0, "bbox": {"xmin": 634, "ymin": 104, "ymax": 547, "xmax": 1132}}, {"tid": 1, "generated": 0, "bbox": {"xmin": 875, "ymin": 158, "ymax": 526, "xmax": 1050}}], [{"tid": 0, "generated": 0, "bbox": {"xmin": 647, "ymin": 103, "ymax": 545, "xmax": 1136}}, {"tid": 1, "generated": 0, "bbox": {"xmin": 884, "ymin": 158, "ymax": 526, "xmax": 1059}}], [{"tid": 0, "generated": 0, "bbox": {"xmin": 659, "ymin": 101, "ymax": 544, "xmax": 1139}}, {"tid": 1, "generated": 0, "bbox": {"xmin": 893, "ymin": 159, "ymax": 527, "xmax": 1068}}], [{"tid": 0, "generated": 0, "bbox": {"xmin": 673, "ymin": 101, "ymax": 545, "xmax": 1153}}, {"tid": 1, "generated": 0, "bbox": {"xmin": 902, "ymin": 159, "ymax": 527, "xmax": 1077}}], [{"tid": 0, "generated": 0, "bbox": {"xmin": 688, "ymin": 103, "ymax": 549, "xmax": 1169}}, {"tid": 1, "generated": 0, "bbox": {"xmin": 911, "ymin": 158, "ymax": 526, "xmax": 1086}}], [{"tid": 0, "generated": 0, "bbox": {"xmin": 705, "ymin": 104, "ymax": 551, "xmax": 1178}}, {"tid": 1, "generated": 0, "bbox": {"xmin": 921, "ymin": 157, "ymax": 525, "xmax": 1096}}], [{"tid": 0, "generated": 0, "bbox": {"xmin": 723, "ymin": 108, "ymax": 549, "xmax": 1184}}, {"tid": 1, "generated": 0, "bbox": {"xmin": 930, "ymin": 156, "ymax": 524, "xmax": 1105}}], [{"tid": 0, "generated": 0, "bbox": {"xmin": 736, "ymin": 106, "ymax": 551, "xmax": 1194}}, {"tid": 1, "generated": 0, "bbox": {"xmin": 940, "ymin": 155, "ymax": 523, "xmax": 1115}}], [{"tid": 0, "generated": 0, "bbox": {"xmin": 748, "ymin": 104, "ymax": 547, "xmax": 1210}}, {"tid": 1, "generated": 0, "bbox": {"xmin": 949, "ymin": 154, "ymax": 522, "xmax": 1124}}], [{"tid": 0, "generated": 0, "bbox": {"xmin": 759, "ymin": 101, "ymax": 554, "xmax": 1219}}, {"tid": 1, "generated": 0, "bbox": {"xmin": 961, "ymin": 154, "ymax": 522, "xmax": 1136}}], [{"tid": 0, "generated": 0, "bbox": {"xmin": 775, "ymin": 99, "ymax": 547, "xmax": 1237}}, {"tid": 1, "generated": 0, "bbox": {"xmin": 973, "ymin": 154, "ymax": 522, "xmax": 1148}}], [{"tid": 0, "generated": 0, "bbox": {"xmin": 789, "ymin": 94, "ymax": 540, "xmax": 1256}}, {"tid": 1, "generated": 0, "bbox": {"xmin": 985, "ymin": 154, "ymax": 522, "xmax": 1160}}], [{"tid": 0, "generated": 0, "bbox": {"xmin": 798, "ymin": 88, "ymax": 533, "xmax": 1278}}, {"tid": 1, "generated": 0, "bbox": {"xmin": 997, "ymin": 154, "ymax": 522, "xmax": 1172}}], [{"tid": 0, "generated": 0, "bbox": {"xmin": 809, "ymin": 85, "ymax": 534, "xmax": 1278}}, {"tid": 1, "generated": 0, "bbox": {"xmin": 1009, "ymin": 154, "ymax": 522, "xmax": 1184}}], [{"tid": 0, "generated": 0, "bbox": {"xmin": 821, "ymin": 83, "ymax": 536, "xmax": 1278}}, {"tid": 1, "generated": 0, "bbox": {"xmin": 1017, "ymin": 153, "ymax": 521, "xmax": 1192}}], [{"tid": 0, "generated": 0, "bbox": {"xmin": 835, "ymin": 81, "ymax": 538, "xmax": 1276}}, {"tid": 1, "generated": 0, "bbox": {"xmin": 1025, "ymin": 153, "ymax": 521, "xmax": 1200}}], [{"tid": 0, "generated": 0, "bbox": {"xmin": 848, "ymin": 83, "ymax": 542, "xmax": 1276}}, {"tid": 1, "generated": 0, "bbox": {"xmin": 1034, "ymin": 152, "ymax": 520, "xmax": 1209}}], [{"tid": 0, "generated": 0, "bbox": {"xmin": 859, "ymin": 82, "ymax": 542, "xmax": 1277}}, {"tid": 1, "generated": 0, "bbox": {"xmin": 1042, "ymin": 152, "ymax": 520, "xmax": 1217}}], [{"tid": 0, "generated": 0, "bbox": {"xmin": 871, "ymin": 81, "ymax": 542, "xmax": 1278}}, {"tid": 1, "generated": 0, "bbox": {"xmin": 1050, "ymin": 151, "ymax": 519, "xmax": 1225}}], [{"tid": 0, "generated": 0, "bbox": {"xmin": 883, "ymin": 120, "ymax": 538, "xmax": 1278}}, {"tid": 1, "generated": 0, "bbox": {"xmin": 1060, "ymin": 151, "ymax": 519, "xmax": 1235}}], [{"tid": 0, "generated": 0, "bbox": {"xmin": 894, "ymin": 131, "ymax": 544, "xmax": 1278}}, {"tid": 1, "generated": 0, "bbox": {"xmin": 1070, "ymin": 151, "ymax": 519, "xmax": 1245}}], [{"tid": 0, "generated": 0, "bbox": {"xmin": 906, "ymin": 151, "ymax": 536, "xmax": 1278}}, {"tid": 1, "generated": 0, "bbox": {"xmin": 1079, "ymin": 150, "ymax": 518, "xmax": 1254}}], [{"tid": 0, "generated": 0, "bbox": {"xmin": 920, "ymin": 163, "ymax": 540, "xmax": 1276}}, {"tid": 1, "generated": 0, "bbox": {"xmin": 1089, "ymin": 150, "ymax": 518, "xmax": 1264}}]], "subject/objects": [{"category": "horse", "tid": 0}, {"category": "person", "tid": 1}], "relation_instances": [{"end_fid": 30, "subject_tid": 0, "predicate": "walk_right", "begin_fid": 0, "object_tid": 1}, {"end_fid": 30, "subject_tid": 0, "predicate": "walk_with", "begin_fid": 0, "object_tid": 1}, {"end_fid": 30, "subject_tid": 1, "predicate": "walk_with", "begin_fid": 0, "object_tid": 0}, {"end_fid": 30, "subject_tid": 1, "predicate": "walk_left", "begin_fid": 0, "object_tid": 0}, {"end_fid": 30, "subject_tid": 1, "predicate": "pull", "begin_fid": 0, "object_tid": 0}, {"end_fid": 45, "subject_tid": 0, "predicate": "walk_right", "begin_fid": 15, "object_tid": 1}, {"end_fid": 45, "subject_tid": 0, "predicate": "walk_with", "begin_fid": 15, "object_tid": 1}, {"end_fid": 45, "subject_tid": 1, "predicate": "walk_with", "begin_fid": 15, "object_tid": 0}, {"end_fid": 45, "subject_tid": 1, "predicate": "walk_left", "begin_fid": 15, "object_tid": 0}, {"end_fid": 45, "subject_tid": 1, "predicate": "pull", "begin_fid": 15, "object_tid": 0}, {"end_fid": 60, "subject_tid": 0, "predicate": "walk_right", "begin_fid": 30, "object_tid": 1}, {"end_fid": 60, "subject_tid": 0, "predicate": "walk_with", "begin_fid": 30, "object_tid": 1}, {"end_fid": 60, "subject_tid": 1, "predicate": "walk_with", "begin_fid": 30, "object_tid": 0}, {"end_fid": 60, "subject_tid": 1, "predicate": "walk_left", "begin_fid": 30, "object_tid": 0}, {"end_fid": 60, "subject_tid": 1, "predicate": "pull", "begin_fid": 30, "object_tid": 0}, {"end_fid": 75, "subject_tid": 0, "predicate": "walk_right", "begin_fid": 45, "object_tid": 1}, {"end_fid": 75, "subject_tid": 0, "predicate": "walk_with", "begin_fid": 45, "object_tid": 1}, {"end_fid": 75, "subject_tid": 1, "predicate": "walk_with", "begin_fid": 45, "object_tid": 0}, {"end_fid": 75, "subject_tid": 1, "predicate": "walk_left", "begin_fid": 45, "object_tid": 0}, {"end_fid": 75, "subject_tid": 1, "predicate": "pull", "begin_fid": 45, "object_tid": 0}, {"end_fid": 90, "subject_tid": 0, "predicate": "walk_right", "begin_fid": 60, "object_tid": 1}, {"end_fid": 90, "subject_tid": 0, "predicate": "walk_with", "begin_fid": 60, "object_tid": 1}, {"end_fid": 90, "subject_tid": 1, "predicate": "walk_with", "begin_fid": 60, "object_tid": 0}, {"end_fid": 90, "subject_tid": 1, "predicate": "walk_left", "begin_fid": 60, "object_tid": 0}, {"end_fid": 90, "subject_tid": 1, "predicate": "pull", "begin_fid": 60, "object_tid": 0}, {"end_fid": 105, "subject_tid": 0, "predicate": "walk_right", "begin_fid": 75, "object_tid": 1}, {"end_fid": 105, "subject_tid": 0, "predicate": "walk_with", "begin_fid": 75, "object_tid": 1}, {"end_fid": 105, "subject_tid": 1, "predicate": "walk_with", "begin_fid": 75, "object_tid": 0}, {"end_fid": 105, "subject_tid": 1, "predicate": "walk_left", "begin_fid": 75, "object_tid": 0}, {"end_fid": 105, "subject_tid": 1, "predicate": "pull", "begin_fid": 75, "object_tid": 0}], "height": 720}