{"width": 480, "frame_count": 1438, "video_id": "ILSVRC2015_train_00293002", "fps": 30, "trajectories": [[{"tid": 0, "generated": 0, "bbox": {"xmin": 82, "ymin": 120, "ymax": 266, "xmax": 245}}, {"tid": 1, "generated": 0, "bbox": {"xmin": 259, "ymin": 137, "ymax": 212, "xmax": 344}}], [{"tid": 0, "generated": 0, "bbox": {"xmin": 82, "ymin": 120, "ymax": 266, "xmax": 245}}, {"tid": 1, "generated": 0, "bbox": {"xmin": 259, "ymin": 136, "ymax": 212, "xmax": 344}}], [{"tid": 0, "generated": 0, "bbox": {"xmin": 82, "ymin": 120, "ymax": 266, "xmax": 245}}, {"tid": 1, "generated": 0, "bbox": {"xmin": 259, "ymin": 136, "ymax": 212, "xmax": 345}}], [{"tid": 0, "generated": 0, "bbox": {"xmin": 83, "ymin": 120, "ymax": 266, "xmax": 246}}, {"tid": 1, "generated": 0, "bbox": {"xmin": 260, "ymin": 136, "ymax": 213, "xmax": 346}}], [{"tid": 0, "generated": 0, "bbox": {"xmin": 83, "ymin": 120, "ymax": 266, "xmax": 246}}, {"tid": 1, "generated": 0, "bbox": {"xmin": 260, "ymin": 136, "ymax": 213, "xmax": 347}}], [{"tid": 0, "generated": 0, "bbox": {"xmin": 84, "ymin": 121, "ymax": 267, "xmax": 247}}, {"tid": 1, "generated": 0, "bbox": {"xmin": 261, "ymin": 136, "ymax": 214, "xmax": 348}}], [{"tid": 0, "generated": 0, "bbox": {"xmin": 84, "ymin": 121, "ymax": 267, "xmax": 247}}, {"tid": 1, "generated": 0, "bbox": {"xmin": 261, "ymin": 135, "ymax": 214, "xmax": 349}}], [{"tid": 0, "generated": 0, "bbox": {"xmin": 84, "ymin": 121, "ymax": 267, "xmax": 247}}, {"tid": 1, "generated": 0, "bbox": {"xmin": 261, "ymin": 135, "ymax": 214, "xmax": 350}}], [{"tid": 0, "generated": 0, "bbox": {"xmin": 85, "ymin": 121, "ymax": 267, "xmax": 248}}, {"tid": 1, "generated": 0, "bbox": {"xmin": 262, "ymin": 135, "ymax": 215, "xmax": 351}}], [{"tid": 0, "generated": 0, "bbox": {"xmin": 85, "ymin": 121, "ymax": 267, "xmax": 248}}, {"tid": 1, "generated": 0, "bbox": {"xmin": 262, "ymin": 135, "ymax": 215, "xmax": 352}}], [{"tid": 0, "generated": 0, "bbox": {"xmin": 86, "ymin": 122, "ymax": 268, "xmax": 249}}, {"tid": 1, "generated": 0, "bbox": {"xmin": 263, "ymin": 135, "ymax": 216, "xmax": 353}}], [{"tid": 0, "generated": 0, "bbox": {"xmin": 85, "ymin": 121, "ymax": 267, "xmax": 248}}, {"tid": 1, "generated": 0, "bbox": {"xmin": 262, "ymin": 134, "ymax": 216, "xmax": 353}}], [{"tid": 0, "generated": 0, "bbox": {"xmin": 85, "ymin": 121, "ymax": 267, "xmax": 248}}, {"tid": 1, "generated": 0, "bbox": {"xmin": 262, "ymin": 134, "ymax": 216, "xmax": 354}}], [{"tid": 0, "generated": 0, "bbox": {"xmin": 84, "ymin": 120, "ymax": 267, "xmax": 248}}, {"tid": 1, "generated": 0, "bbox": {"xmin": 262, "ymin": 134, "ymax": 216, "xmax": 355}}], [{"tid": 0, "generated": 0, "bbox": {"xmin": 84, "ymin": 120, "ymax": 266, "xmax": 248}}, {"tid": 1, "generated": 0, "bbox": {"xmin": 262, "ymin": 134, "ymax": 217, "xmax": 355}}], [{"tid": 0, "generated": 0, "bbox": {"xmin": 83, "ymin": 119, "ymax": 266, "xmax": 248}}, {"tid": 1, "generated": 0, "bbox": {"xmin": 262, "ymin": 134, "ymax": 217, "xmax": 356}}], [{"tid": 0, "generated": 0, "bbox": {"xmin": 83, "ymin": 119, "ymax": 266, "xmax": 247}}, {"tid": 1, "generated": 0, "bbox": {"xmin": 261, "ymin": 134, "ymax": 217, "xmax": 357}}], [{"tid": 0, "generated": 0, "bbox": {"xmin": 82, "ymin": 118, "ymax": 265, "xmax": 247}}, {"tid": 1, "generated": 0, "bbox": {"xmin": 261, "ymin": 133, "ymax": 218, "xmax": 357}}], [{"tid": 0, "generated": 0, "bbox": {"xmin": 82, "ymin": 118, "ymax": 265, "xmax": 247}}, {"tid": 1, "generated": 0, "bbox": {"xmin": 261, "ymin": 133, "ymax": 218, "xmax": 358}}], [{"tid": 0, "generated": 0, "bbox": {"xmin": 81, "ymin": 117, "ymax": 265, "xmax": 247}}, {"tid": 1, "generated": 0, "bbox": {"xmin": 261, "ymin": 133, "ymax": 218, "xmax": 359}}], [{"tid": 0, "generated": 0, "bbox": {"xmin": 81, "ymin": 117, "ymax": 265, "xmax": 247}}, {"tid": 1, "generated": 0, "bbox": {"xmin": 261, "ymin": 133, "ymax": 219, "xmax": 360}}], [{"tid": 0, "generated": 0, "bbox": {"xmin": 81, "ymin": 116, "ymax": 264, "xmax": 246}}, {"tid": 1, "generated": 0, "bbox": {"xmin": 260, "ymin": 133, "ymax": 219, "xmax": 360}}], [{"tid": 0, "generated": 0, "bbox": {"xmin": 80, "ymin": 116, "ymax": 264, "xmax": 246}}, {"tid": 1, "generated": 0, "bbox": {"xmin": 260, "ymin": 133, "ymax": 219, "xmax": 361}}], [{"tid": 0, "generated": 0, "bbox": {"xmin": 80, "ymin": 115, "ymax": 264, "xmax": 246}}, {"tid": 1, "generated": 0, "bbox": {"xmin": 260, "ymin": 133, "ymax": 219, "xmax": 362}}], [{"tid": 0, "generated": 0, "bbox": {"xmin": 79, "ymin": 115, "ymax": 263, "xmax": 246}}, {"tid": 1, "generated": 0, "bbox": {"xmin": 260, "ymin": 132, "ymax": 220, "xmax": 362}}], [{"tid": 0, "generated": 0, "bbox": {"xmin": 79, "ymin": 114, "ymax": 263, "xmax": 246}}, {"tid": 1, "generated": 0, "bbox": {"xmin": 260, "ymin": 132, "ymax": 220, "xmax": 363}}], [{"tid": 0, "generated": 0, "bbox": {"xmin": 78, "ymin": 114, "ymax": 263, "xmax": 245}}, {"tid": 1, "generated": 0, "bbox": {"xmin": 259, "ymin": 132, "ymax": 220, "xmax": 364}}], [{"tid": 0, "generated": 0, "bbox": {"xmin": 78, "ymin": 113, "ymax": 262, "xmax": 245}}, {"tid": 1, "generated": 0, "bbox": {"xmin": 259, "ymin": 132, "ymax": 221, "xmax": 364}}], [{"tid": 0, "generated": 0, "bbox": {"xmin": 77, "ymin": 113, "ymax": 262, "xmax": 245}}, {"tid": 1, "generated": 0, "bbox": {"xmin": 259, "ymin": 132, "ymax": 221, "xmax": 365}}], [{"tid": 0, "generated": 0, "bbox": {"xmin": 77, "ymin": 112, "ymax": 262, "xmax": 245}}, {"tid": 1, "generated": 0, "bbox": {"xmin": 259, "ymin": 132, "ymax": 221, "xmax": 366}}], [{"tid": 0, "generated": 0, "bbox": {"xmin": 77, "ymin": 112, "ymax": 262, "xmax": 245}}, {"tid": 1, "generated": 0, "bbox": {"xmin": 259, "ymin": 132, "ymax": 222, "xmax": 367}}], [{"tid": 0, "generated": 0, "bbox": {"xmin": 75, "ymin": 112, "ymax": 262, "xmax": 243}}, {"tid": 1, "generated": 0, "bbox": {"xmin": 257, "ymin": 131, "ymax": 222, "xmax": 366}}], [{"tid": 0, "generated": 0, "bbox": {"xmin": 73, "ymin": 112, "ymax": 262, "xmax": 241}}, {"tid": 1, "generated": 0, "bbox": {"xmin": 255, "ymin": 130, "ymax": 222, "xmax": 365}}], [{"tid": 0, "generated": 0, "bbox": {"xmin": 71, "ymin": 112, "ymax": 262, "xmax": 239}}, {"tid": 1, "generated": 0, "bbox": {"xmin": 253, "ymin": 129, "ymax": 223, "xmax": 365}}], [{"tid": 0, "generated": 0, "bbox": {"xmin": 69, "ymin": 112, "ymax": 262, "xmax": 237}}, {"tid": 1, "generated": 0, "bbox": {"xmin": 251, "ymin": 128, "ymax": 223, "xmax": 364}}], [{"tid": 0, "generated": 0, "bbox": {"xmin": 67, "ymin": 112, "ymax": 262, "xmax": 235}}, {"tid": 1, "generated": 0, "bbox": {"xmin": 250, "ymin": 128, "ymax": 224, "xmax": 364}}], [{"tid": 0, "generated": 0, "bbox": {"xmin": 65, "ymin": 112, "ymax": 262, "xmax": 233}}, {"tid": 1, "generated": 0, "bbox": {"xmin": 248, "ymin": 127, "ymax": 224, "xmax": 363}}], [{"tid": 0, "generated": 0, "bbox": {"xmin": 63, "ymin": 112, "ymax": 262, "xmax": 231}}, {"tid": 1, "generated": 0, "bbox": {"xmin": 246, "ymin": 126, "ymax": 224, "xmax": 362}}], [{"tid": 0, "generated": 0, "bbox": {"xmin": 61, "ymin": 112, "ymax": 262, "xmax": 229}}, {"tid": 1, "generated": 0, "bbox": {"xmin": 244, "ymin": 125, "ymax": 225, "xmax": 362}}], [{"tid": 0, "generated": 0, "bbox": {"xmin": 59, "ymin": 112, "ymax": 262, "xmax": 227}}, {"tid": 1, "generated": 0, "bbox": {"xmin": 242, "ymin": 124, "ymax": 225, "xmax": 361}}], [{"tid": 0, "generated": 0, "bbox": {"xmin": 57, "ymin": 113, "ymax": 263, "xmax": 225}}, {"tid": 1, "generated": 0, "bbox": {"xmin": 241, "ymin": 124, "ymax": 226, "xmax": 361}}], [{"tid": 0, "generated": 0, "bbox": {"xmin": 54, "ymin": 112, "ymax": 262, "xmax": 222}}, {"tid": 1, "generated": 0, "bbox": {"xmin": 239, "ymin": 124, "ymax": 227, "xmax": 360}}], [{"tid": 0, "generated": 0, "bbox": {"xmin": 51, "ymin": 111, "ymax": 261, "xmax": 219}}, {"tid": 1, "generated": 0, "bbox": {"xmin": 237, "ymin": 124, "ymax": 228, "xmax": 360}}], [{"tid": 0, "generated": 0, "bbox": {"xmin": 48, "ymin": 110, "ymax": 260, "xmax": 216}}, {"tid": 1, "generated": 0, "bbox": {"xmin": 235, "ymin": 124, "ymax": 229, "xmax": 360}}], [{"tid": 0, "generated": 0, "bbox": {"xmin": 45, "ymin": 109, "ymax": 259, "xmax": 213}}, {"tid": 1, "generated": 0, "bbox": {"xmin": 233, "ymin": 124, "ymax": 231, "xmax": 359}}], [{"tid": 0, "generated": 0, "bbox": {"xmin": 42, "ymin": 108, "ymax": 258, "xmax": 210}}, {"tid": 1, "generated": 0, "bbox": {"xmin": 231, "ymin": 125, "ymax": 232, "xmax": 359}}], [{"tid": 0, "generated": 0, "bbox": {"xmin": 39, "ymin": 107, "ymax": 257, "xmax": 207}}, {"tid": 1, "generated": 0, "bbox": {"xmin": 229, "ymin": 125, "ymax": 233, "xmax": 359}}], [{"tid": 0, "generated": 0, "bbox": {"xmin": 36, "ymin": 106, "ymax": 256, "xmax": 204}}, {"tid": 1, "generated": 0, "bbox": {"xmin": 227, "ymin": 125, "ymax": 235, "xmax": 358}}], [{"tid": 0, "generated": 0, "bbox": {"xmin": 33, "ymin": 105, "ymax": 255, "xmax": 201}}, {"tid": 1, "generated": 0, "bbox": {"xmin": 225, "ymin": 125, "ymax": 236, "xmax": 358}}], [{"tid": 0, "generated": 0, "bbox": {"xmin": 30, "ymin": 104, "ymax": 254, "xmax": 198}}, {"tid": 1, "generated": 0, "bbox": {"xmin": 223, "ymin": 125, "ymax": 237, "xmax": 358}}], [{"tid": 0, "generated": 0, "bbox": {"xmin": 28, "ymin": 103, "ymax": 253, "xmax": 196}}, {"tid": 1, "generated": 0, "bbox": {"xmin": 222, "ymin": 126, "ymax": 239, "xmax": 358}}], [{"tid": 0, "generated": 0, "bbox": {"xmin": 26, "ymin": 103, "ymax": 253, "xmax": 194}}, {"tid": 1, "generated": 0, "bbox": {"xmin": 220, "ymin": 125, "ymax": 239, "xmax": 358}}], [{"tid": 0, "generated": 0, "bbox": {"xmin": 25, "ymin": 103, "ymax": 253, "xmax": 193}}, {"tid": 1, "generated": 0, "bbox": {"xmin": 218, "ymin": 124, "ymax": 240, "xmax": 359}}], [{"tid": 0, "generated": 0, "bbox": {"xmin": 23, "ymin": 103, "ymax": 253, "xmax": 192}}, {"tid": 1, "generated": 0, "bbox": {"xmin": 216, "ymin": 123, "ymax": 240, "xmax": 360}}], [{"tid": 0, "generated": 0, "bbox": {"xmin": 22, "ymin": 104, "ymax": 254, "xmax": 190}}, {"tid": 1, "generated": 0, "bbox": {"xmin": 215, "ymin": 122, "ymax": 241, "xmax": 361}}], [{"tid": 0, "generated": 0, "bbox": {"xmin": 20, "ymin": 104, "ymax": 254, "xmax": 189}}, {"tid": 1, "generated": 0, "bbox": {"xmin": 213, "ymin": 121, "ymax": 242, "xmax": 362}}], [{"tid": 0, "generated": 0, "bbox": {"xmin": 19, "ymin": 104, "ymax": 254, "xmax": 188}}, {"tid": 1, "generated": 0, "bbox": {"xmin": 211, "ymin": 120, "ymax": 242, "xmax": 362}}], [{"tid": 0, "generated": 0, "bbox": {"xmin": 17, "ymin": 105, "ymax": 255, "xmax": 186}}, {"tid": 1, "generated": 0, "bbox": {"xmin": 210, "ymin": 119, "ymax": 243, "xmax": 363}}], [{"tid": 0, "generated": 0, "bbox": {"xmin": 16, "ymin": 105, "ymax": 255, "xmax": 185}}, {"tid": 1, "generated": 0, "bbox": {"xmin": 208, "ymin": 118, "ymax": 243, "xmax": 364}}], [{"tid": 0, "generated": 0, "bbox": {"xmin": 14, "ymin": 105, "ymax": 255, "xmax": 184}}, {"tid": 1, "generated": 0, "bbox": {"xmin": 206, "ymin": 117, "ymax": 244, "xmax": 365}}], [], [], [], [], [], [], [], [], [], [], [], [], [], [], [], [], [], [], [], [], [], [], [], [], [], [], [], [], [], [], [], [], [], [], [], [], [], [], [], [], [], [], [], [], [], [], [], [], [], [], [], [], [], [], [], [], [], [], [], [], [], [], [], [], [], [], [], [], [], [], [], [], [], [], [], [], [], [], [], [], [], [], [], [], [], [], [], [], [], [], [], [], [], [], [], [], [], [], [], [], [], [], [], [], [], [], [], [], [], [], [], [], [], [], [], [], [], [], [], [], [], [], [], [], [], [], [], [], [], [], [], [], [], [], [], [], [], [], [], [], [], [], [], [], [], [], [], [], [], [], [], [], [], [], [], [], [], [], [], [], [], [], [], [], [], [], [], [], [], [], [], [], [], [], [], [], [], [], [], [], [], [], [], [], [], [], [], [], [], [], [], [], [], [], [], [], [], [], [], [], [], [], [], [], [], [], [], [], [], [], [], [], [], [], [], [], [], [], [], [], [], [], [], [], [], [], [], [], [], [], [], [], [], [], [], [], [], [], [], [], [], [], [], [], [], [], [], [], [], [], [], [], [], [], [], [], [], [], [], [], [], [], [], [], [], [], [], [], [], [], [], [], [], [], [], [], [], [], [], [], [], [], [], [], [], [], [], [], [], [], [], [], [], [], [], [], [], [], [], [], [], [], [], [], [], [], [], [], [], [], [], [], [], [], [], [], [], [], [], [], [], [], [], [], [], [], [], [], [], [], [], [], [], [], [], [], [], [], [], [], [], [], [], [], [], [], [], [], [], [], [], [], [], [], [], [], [], [], [], [], [], [], [], [], [], [], [], [], [], [], [], [], [], [], [], [], [], [], [], [], [], [], [], [], [], [], [], [], [], [], [], [], [], [], [], [], [], [], [], [], [], [], [], [], [], [], [], [], [], [], [], [], [], [], [], [], [], [], [], [], [], [], [], [], [], [], [], [], [], [], [], [], [], [], [], [], [], [], [], [], [], [], [], [], [], [], [], [], [], [], [], [], [], [], [], [], [], [], [], [], [], [], [], [], [], [], [], [], [], [], [], [], [], [], [], [], [], [], [], [], [], [], [], [], [], [], [], [], [], [], [], [], [], [], [], [], [], [], [], [], [], [], [], [], [], [], [], [], [], [], [], [], [], [], [], [], [], [], [], [], [], [], [], [], [], [], [], [], [], [], [], [], [], [], [], [], [], [], [], [], [], [], [], [], [], [], [], [], [], [], [], [], [], [], [], [], [], [], [], [], [], [], [], [], [], [], [], [], [], [], [], [], [], [], [], [], [], [], [], [], [], [], [], [], [], [], [], [], [], [], [], [], [], [], [], [], [], [], [], [], [{"tid": 1, "generated": 0, "bbox": {"xmin": 131, "ymin": 84, "ymax": 291, "xmax": 453}}, {"tid": 2, "generated": 0, "bbox": {"xmin": 438, "ymin": 165, "ymax": 208, "xmax": 472}}], [{"tid": 1, "generated": 0, "bbox": {"xmin": 133, "ymin": 85, "ymax": 291, "xmax": 453}}, {"tid": 2, "generated": 0, "bbox": {"xmin": 438, "ymin": 164, "ymax": 207, "xmax": 472}}], [{"tid": 1, "generated": 0, "bbox": {"xmin": 135, "ymin": 85, "ymax": 291, "xmax": 452}}, {"tid": 2, "generated": 0, "bbox": {"xmin": 438, "ymin": 164, "ymax": 207, "xmax": 472}}], [{"tid": 1, "generated": 0, "bbox": {"xmin": 137, "ymin": 85, "ymax": 290, "xmax": 452}}, {"tid": 2, "generated": 0, "bbox": {"xmin": 437, "ymin": 164, "ymax": 207, "xmax": 473}}], [{"tid": 1, "generated": 0, "bbox": {"xmin": 138, "ymin": 86, "ymax": 290, "xmax": 452}}, {"tid": 2, "generated": 0, "bbox": {"xmin": 437, "ymin": 164, "ymax": 207, "xmax": 473}}], [{"tid": 1, "generated": 0, "bbox": {"xmin": 140, "ymin": 86, "ymax": 290, "xmax": 451}}, {"tid": 2, "generated": 0, "bbox": {"xmin": 437, "ymin": 163, "ymax": 206, "xmax": 473}}], [{"tid": 1, "generated": 0, "bbox": {"xmin": 142, "ymin": 86, "ymax": 289, "xmax": 451}}, {"tid": 2, "generated": 0, "bbox": {"xmin": 437, "ymin": 163, "ymax": 206, "xmax": 473}}], [{"tid": 1, "generated": 0, "bbox": {"xmin": 144, "ymin": 87, "ymax": 289, "xmax": 450}}, {"tid": 2, "generated": 0, "bbox": {"xmin": 436, "ymin": 163, "ymax": 206, "xmax": 473}}], [{"tid": 1, "generated": 0, "bbox": {"xmin": 146, "ymin": 87, "ymax": 288, "xmax": 450}}, {"tid": 2, "generated": 0, "bbox": {"xmin": 436, "ymin": 163, "ymax": 206, "xmax": 473}}], [{"tid": 1, "generated": 0, "bbox": {"xmin": 148, "ymin": 87, "ymax": 288, "xmax": 449}}, {"tid": 2, "generated": 0, "bbox": {"xmin": 436, "ymin": 162, "ymax": 205, "xmax": 473}}], [{"tid": 1, "generated": 0, "bbox": {"xmin": 150, "ymin": 88, "ymax": 288, "xmax": 449}}, {"tid": 2, "generated": 0, "bbox": {"xmin": 435, "ymin": 162, "ymax": 205, "xmax": 474}}], [{"tid": 1, "generated": 0, "bbox": {"xmin": 151, "ymin": 88, "ymax": 287, "xmax": 449}}, {"tid": 2, "generated": 0, "bbox": {"xmin": 435, "ymin": 162, "ymax": 205, "xmax": 474}}], [{"tid": 1, "generated": 0, "bbox": {"xmin": 153, "ymin": 88, "ymax": 287, "xmax": 448}}, {"tid": 2, "generated": 0, "bbox": {"xmin": 435, "ymin": 162, "ymax": 205, "xmax": 474}}], [{"tid": 1, "generated": 0, "bbox": {"xmin": 155, "ymin": 89, "ymax": 287, "xmax": 448}}, {"tid": 2, "generated": 0, "bbox": {"xmin": 434, "ymin": 161, "ymax": 204, "xmax": 474}}], [{"tid": 1, "generated": 0, "bbox": {"xmin": 157, "ymin": 89, "ymax": 286, "xmax": 447}}, {"tid": 2, "generated": 0, "bbox": {"xmin": 434, "ymin": 161, "ymax": 204, "xmax": 474}}], [{"tid": 1, "generated": 0, "bbox": {"xmin": 159, "ymin": 89, "ymax": 286, "xmax": 447}}, {"tid": 2, "generated": 0, "bbox": {"xmin": 434, "ymin": 161, "ymax": 204, "xmax": 474}}], [{"tid": 1, "generated": 0, "bbox": {"xmin": 161, "ymin": 90, "ymax": 285, "xmax": 446}}, {"tid": 2, "generated": 0, "bbox": {"xmin": 434, "ymin": 161, "ymax": 204, "xmax": 475}}], [{"tid": 1, "generated": 0, "bbox": {"xmin": 163, "ymin": 90, "ymax": 285, "xmax": 446}}, {"tid": 2, "generated": 0, "bbox": {"xmin": 434, "ymin": 161, "ymax": 204, "xmax": 475}}], [{"tid": 1, "generated": 0, "bbox": {"xmin": 164, "ymin": 90, "ymax": 285, "xmax": 446}}, {"tid": 2, "generated": 0, "bbox": {"xmin": 434, "ymin": 161, "ymax": 204, "xmax": 475}}], [{"tid": 1, "generated": 0, "bbox": {"xmin": 166, "ymin": 91, "ymax": 284, "xmax": 445}}, {"tid": 2, "generated": 0, "bbox": {"xmin": 434, "ymin": 161, "ymax": 204, "xmax": 476}}], [{"tid": 1, "generated": 0, "bbox": {"xmin": 168, "ymin": 91, "ymax": 284, "xmax": 445}}, {"tid": 2, "generated": 0, "bbox": {"xmin": 434, "ymin": 161, "ymax": 204, "xmax": 476}}], [{"tid": 1, "generated": 0, "bbox": {"xmin": 170, "ymin": 91, "ymax": 284, "xmax": 444}}, {"tid": 2, "generated": 0, "bbox": {"xmin": 434, "ymin": 161, "ymax": 204, "xmax": 477}}], [{"tid": 1, "generated": 0, "bbox": {"xmin": 172, "ymin": 92, "ymax": 283, "xmax": 444}}, {"tid": 2, "generated": 0, "bbox": {"xmin": 434, "ymin": 161, "ymax": 204, "xmax": 477}}], [{"tid": 1, "generated": 0, "bbox": {"xmin": 174, "ymin": 92, "ymax": 283, "xmax": 443}}, {"tid": 2, "generated": 0, "bbox": {"xmin": 434, "ymin": 161, "ymax": 204, "xmax": 477}}], [{"tid": 1, "generated": 0, "bbox": {"xmin": 175, "ymin": 92, "ymax": 282, "xmax": 443}}, {"tid": 2, "generated": 0, "bbox": {"xmin": 434, "ymin": 161, "ymax": 204, "xmax": 478}}], [{"tid": 1, "generated": 0, "bbox": {"xmin": 177, "ymin": 93, "ymax": 282, "xmax": 443}}, {"tid": 2, "generated": 0, "bbox": {"xmin": 434, "ymin": 161, "ymax": 204, "xmax": 478}}], [{"tid": 1, "generated": 0, "bbox": {"xmin": 179, "ymin": 93, "ymax": 282, "xmax": 442}}, {"tid": 2, "generated": 0, "bbox": {"xmin": 434, "ymin": 161, "ymax": 204, "xmax": 479}}], [{"tid": 1, "generated": 0, "bbox": {"xmin": 181, "ymin": 93, "ymax": 281, "xmax": 442}}, {"tid": 2, "generated": 0, "bbox": {"xmin": 434, "ymin": 161, "ymax": 204, "xmax": 479}}], [{"tid": 1, "generated": 0, "bbox": {"xmin": 183, "ymin": 94, "ymax": 281, "xmax": 441}}, {"tid": 2, "generated": 0, "bbox": {"xmin": 434, "ymin": 161, "ymax": 204, "xmax": 479}}], [{"tid": 1, "generated": 0, "bbox": {"xmin": 185, "ymin": 94, "ymax": 281, "xmax": 441}}, {"tid": 2, "generated": 0, "bbox": {"xmin": 434, "ymin": 161, "ymax": 204, "xmax": 479}}], [{"tid": 1, "generated": 0, "bbox": {"xmin": 187, "ymin": 94, "ymax": 280, "xmax": 440}}, {"tid": 2, "generated": 0, "bbox": {"xmin": 435, "ymin": 162, "ymax": 205, "xmax": 479}}, {"tid": 3, "generated": 0, "bbox": {"xmin": 113, "ymin": 146, "ymax": 174, "xmax": 199}}, {"tid": 4, "generated": 0, "bbox": {"xmin": 1, "ymin": 143, "ymax": 173, "xmax": 29}}], [{"tid": 1, "generated": 0, "bbox": {"xmin": 188, "ymin": 95, "ymax": 280, "xmax": 440}}, {"tid": 2, "generated": 0, "bbox": {"xmin": 435, "ymin": 162, "ymax": 205, "xmax": 479}}, {"tid": 3, "generated": 0, "bbox": {"xmin": 113, "ymin": 146, "ymax": 174, "xmax": 201}}, {"tid": 4, "generated": 0, "bbox": {"xmin": 1, "ymin": 143, "ymax": 173, "xmax": 29}}], [{"tid": 1, "generated": 0, "bbox": {"xmin": 190, "ymin": 95, "ymax": 279, "xmax": 440}}, {"tid": 2, "generated": 0, "bbox": {"xmin": 435, "ymin": 162, "ymax": 205, "xmax": 479}}, {"tid": 3, "generated": 0, "bbox": {"xmin": 113, "ymin": 146, "ymax": 174, "xmax": 202}}, {"tid": 4, "generated": 0, "bbox": {"xmin": 1, "ymin": 143, "ymax": 173, "xmax": 30}}], [{"tid": 1, "generated": 0, "bbox": {"xmin": 192, "ymin": 95, "ymax": 279, "xmax": 439}}, {"tid": 2, "generated": 0, "bbox": {"xmin": 436, "ymin": 163, "ymax": 205, "xmax": 479}}, {"tid": 3, "generated": 0, "bbox": {"xmin": 113, "ymin": 146, "ymax": 174, "xmax": 204}}, {"tid": 4, "generated": 0, "bbox": {"xmin": 1, "ymin": 143, "ymax": 173, "xmax": 30}}], [{"tid": 1, "generated": 0, "bbox": {"xmin": 194, "ymin": 96, "ymax": 279, "xmax": 439}}, {"tid": 2, "generated": 0, "bbox": {"xmin": 436, "ymin": 163, "ymax": 206, "xmax": 479}}, {"tid": 3, "generated": 0, "bbox": {"xmin": 111, "ymin": 145, "ymax": 174, "xmax": 204}}, {"tid": 4, "generated": 0, "bbox": {"xmin": 1, "ymin": 143, "ymax": 173, "xmax": 30}}], [{"tid": 1, "generated": 0, "bbox": {"xmin": 196, "ymin": 96, "ymax": 278, "xmax": 438}}, {"tid": 2, "generated": 0, "bbox": {"xmin": 436, "ymin": 163, "ymax": 206, "xmax": 479}}, {"tid": 3, "generated": 0, "bbox": {"xmin": 110, "ymin": 145, "ymax": 175, "xmax": 204}}, {"tid": 4, "generated": 0, "bbox": {"xmin": 1, "ymin": 143, "ymax": 173, "xmax": 31}}], [{"tid": 1, "generated": 0, "bbox": {"xmin": 198, "ymin": 96, "ymax": 278, "xmax": 438}}, {"tid": 2, "generated": 0, "bbox": {"xmin": 437, "ymin": 164, "ymax": 206, "xmax": 479}}, {"tid": 3, "generated": 0, "bbox": {"xmin": 108, "ymin": 145, "ymax": 175, "xmax": 205}}, {"tid": 4, "generated": 0, "bbox": {"xmin": 1, "ymin": 143, "ymax": 173, "xmax": 31}}], [{"tid": 1, "generated": 0, "bbox": {"xmin": 200, "ymin": 97, "ymax": 278, "xmax": 438}}, {"tid": 2, "generated": 0, "bbox": {"xmin": 437, "ymin": 164, "ymax": 206, "xmax": 479}}, {"tid": 3, "generated": 0, "bbox": {"xmin": 107, "ymin": 145, "ymax": 176, "xmax": 205}}, {"tid": 4, "generated": 0, "bbox": {"xmin": 1, "ymin": 144, "ymax": 173, "xmax": 31}}], [{"tid": 1, "generated": 0, "bbox": {"xmin": 202, "ymin": 97, "ymax": 277, "xmax": 439}}, {"tid": 2, "generated": 0, "bbox": {"xmin": 437, "ymin": 164, "ymax": 207, "xmax": 479}}, {"tid": 3, "generated": 0, "bbox": {"xmin": 106, "ymin": 145, "ymax": 176, "xmax": 206}}, {"tid": 4, "generated": 0, "bbox": {"xmin": 1, "ymin": 144, "ymax": 173, "xmax": 32}}], [{"tid": 1, "generated": 0, "bbox": {"xmin": 205, "ymin": 98, "ymax": 276, "xmax": 441}}, {"tid": 2, "generated": 0, "bbox": {"xmin": 437, "ymin": 164, "ymax": 207, "xmax": 479}}, {"tid": 3, "generated": 0, "bbox": {"xmin": 104, "ymin": 145, "ymax": 177, "xmax": 206}}, {"tid": 4, "generated": 0, "bbox": {"xmin": 1, "ymin": 144, "ymax": 173, "xmax": 32}}], [{"tid": 1, "generated": 0, "bbox": {"xmin": 207, "ymin": 98, "ymax": 275, "xmax": 442}}, {"tid": 2, "generated": 0, "bbox": {"xmin": 438, "ymin": 165, "ymax": 207, "xmax": 479}}, {"tid": 3, "generated": 0, "bbox": {"xmin": 103, "ymin": 145, "ymax": 177, "xmax": 206}}, {"tid": 4, "generated": 0, "bbox": {"xmin": 1, "ymin": 144, "ymax": 173, "xmax": 32}}], [{"tid": 1, "generated": 0, "bbox": {"xmin": 210, "ymin": 99, "ymax": 274, "xmax": 444}}, {"tid": 2, "generated": 0, "bbox": {"xmin": 438, "ymin": 165, "ymax": 207, "xmax": 479}}, {"tid": 3, "generated": 0, "bbox": {"xmin": 101, "ymin": 145, "ymax": 178, "xmax": 207}}, {"tid": 4, "generated": 0, "bbox": {"xmin": 1, "ymin": 144, "ymax": 173, "xmax": 33}}], [{"tid": 1, "generated": 0, "bbox": {"xmin": 212, "ymin": 99, "ymax": 273, "xmax": 445}}, {"tid": 2, "generated": 0, "bbox": {"xmin": 438, "ymin": 165, "ymax": 208, "xmax": 479}}, {"tid": 3, "generated": 0, "bbox": {"xmin": 100, "ymin": 145, "ymax": 178, "xmax": 207}}, {"tid": 4, "generated": 0, "bbox": {"xmin": 1, "ymin": 144, "ymax": 173, "xmax": 33}}], [{"tid": 1, "generated": 0, "bbox": {"xmin": 215, "ymin": 100, "ymax": 272, "xmax": 447}}, {"tid": 2, "generated": 0, "bbox": {"xmin": 439, "ymin": 166, "ymax": 208, "xmax": 479}}, {"tid": 3, "generated": 0, "bbox": {"xmin": 99, "ymin": 145, "ymax": 179, "xmax": 208}}, {"tid": 4, "generated": 0, "bbox": {"xmin": 1, "ymin": 145, "ymax": 173, "xmax": 34}}], [{"tid": 1, "generated": 0, "bbox": {"xmin": 216, "ymin": 100, "ymax": 272, "xmax": 446}}, {"tid": 2, "generated": 0, "bbox": {"xmin": 439, "ymin": 166, "ymax": 208, "xmax": 479}}, {"tid": 3, "generated": 0, "bbox": {"xmin": 99, "ymin": 145, "ymax": 178, "xmax": 208}}, {"tid": 4, "generated": 0, "bbox": {"xmin": 1, "ymin": 145, "ymax": 173, "xmax": 34}}], [{"tid": 1, "generated": 0, "bbox": {"xmin": 218, "ymin": 101, "ymax": 273, "xmax": 446}}, {"tid": 2, "generated": 0, "bbox": {"xmin": 439, "ymin": 166, "ymax": 208, "xmax": 479}}, {"tid": 3, "generated": 0, "bbox": {"xmin": 99, "ymin": 145, "ymax": 178, "xmax": 208}}, {"tid": 4, "generated": 0, "bbox": {"xmin": 1, "ymin": 145, "ymax": 173, "xmax": 35}}], [{"tid": 1, "generated": 0, "bbox": {"xmin": 220, "ymin": 101, "ymax": 273, "xmax": 446}}, {"tid": 2, "generated": 0, "bbox": {"xmin": 440, "ymin": 167, "ymax": 209, "xmax": 479}}, {"tid": 3, "generated": 0, "bbox": {"xmin": 100, "ymin": 146, "ymax": 178, "xmax": 208}}, {"tid": 4, "generated": 0, "bbox": {"xmin": 1, "ymin": 145, "ymax": 174, "xmax": 36}}], [{"tid": 1, "generated": 0, "bbox": {"xmin": 221, "ymin": 102, "ymax": 274, "xmax": 446}}, {"tid": 2, "generated": 0, "bbox": {"xmin": 440, "ymin": 167, "ymax": 208, "xmax": 479}}, {"tid": 3, "generated": 0, "bbox": {"xmin": 100, "ymin": 146, "ymax": 178, "xmax": 208}}, {"tid": 4, "generated": 0, "bbox": {"xmin": 1, "ymin": 145, "ymax": 174, "xmax": 37}}], [{"tid": 1, "generated": 0, "bbox": {"xmin": 223, "ymin": 102, "ymax": 274, "xmax": 446}}, {"tid": 2, "generated": 0, "bbox": {"xmin": 441, "ymin": 167, "ymax": 208, "xmax": 479}}, {"tid": 3, "generated": 0, "bbox": {"xmin": 100, "ymin": 147, "ymax": 178, "xmax": 208}}, {"tid": 4, "generated": 0, "bbox": {"xmin": 1, "ymin": 145, "ymax": 174, "xmax": 38}}], [{"tid": 1, "generated": 0, "bbox": {"xmin": 225, "ymin": 103, "ymax": 275, "xmax": 446}}, {"tid": 2, "generated": 0, "bbox": {"xmin": 442, "ymin": 167, "ymax": 208, "xmax": 479}}, {"tid": 3, "generated": 0, "bbox": {"xmin": 101, "ymin": 147, "ymax": 178, "xmax": 208}}, {"tid": 4, "generated": 0, "bbox": {"xmin": 1, "ymin": 145, "ymax": 175, "xmax": 39}}], [{"tid": 1, "generated": 0, "bbox": {"xmin": 226, "ymin": 103, "ymax": 275, "xmax": 446}}, {"tid": 2, "generated": 0, "bbox": {"xmin": 442, "ymin": 167, "ymax": 207, "xmax": 479}}, {"tid": 3, "generated": 0, "bbox": {"xmin": 101, "ymin": 148, "ymax": 178, "xmax": 208}}, {"tid": 4, "generated": 0, "bbox": {"xmin": 1, "ymin": 145, "ymax": 175, "xmax": 40}}], [{"tid": 1, "generated": 0, "bbox": {"xmin": 228, "ymin": 104, "ymax": 276, "xmax": 446}}, {"tid": 2, "generated": 0, "bbox": {"xmin": 443, "ymin": 167, "ymax": 207, "xmax": 479}}, {"tid": 3, "generated": 0, "bbox": {"xmin": 101, "ymin": 148, "ymax": 178, "xmax": 208}}, {"tid": 4, "generated": 0, "bbox": {"xmin": 1, "ymin": 145, "ymax": 175, "xmax": 41}}], [{"tid": 1, "generated": 0, "bbox": {"xmin": 230, "ymin": 105, "ymax": 277, "xmax": 446}}, {"tid": 2, "generated": 0, "bbox": {"xmin": 444, "ymin": 168, "ymax": 207, "xmax": 479}}, {"tid": 3, "generated": 0, "bbox": {"xmin": 102, "ymin": 149, "ymax": 178, "xmax": 208}}, {"tid": 4, "generated": 0, "bbox": {"xmin": 1, "ymin": 145, "ymax": 176, "xmax": 42}}], [{"tid": 1, "generated": 0, "bbox": {"xmin": 232, "ymin": 105, "ymax": 276, "xmax": 446}}, {"tid": 2, "generated": 0, "bbox": {"xmin": 443, "ymin": 167, "ymax": 207, "xmax": 478}}, {"tid": 3, "generated": 0, "bbox": {"xmin": 101, "ymin": 149, "ymax": 177, "xmax": 207}}, {"tid": 4, "generated": 0, "bbox": {"xmin": 1, "ymin": 145, "ymax": 176, "xmax": 43}}], [{"tid": 1, "generated": 0, "bbox": {"xmin": 234, "ymin": 106, "ymax": 275, "xmax": 446}}, {"tid": 2, "generated": 0, "bbox": {"xmin": 443, "ymin": 167, "ymax": 207, "xmax": 478}}, {"tid": 3, "generated": 0, "bbox": {"xmin": 100, "ymin": 149, "ymax": 177, "xmax": 206}}, {"tid": 4, "generated": 0, "bbox": {"xmin": 1, "ymin": 145, "ymax": 176, "xmax": 44}}], [{"tid": 1, "generated": 0, "bbox": {"xmin": 236, "ymin": 107, "ymax": 274, "xmax": 447}}, {"tid": 2, "generated": 0, "bbox": {"xmin": 443, "ymin": 167, "ymax": 207, "xmax": 478}}, {"tid": 3, "generated": 0, "bbox": {"xmin": 100, "ymin": 149, "ymax": 177, "xmax": 206}}, {"tid": 4, "generated": 0, "bbox": {"xmin": 1, "ymin": 145, "ymax": 176, "xmax": 46}}], [{"tid": 1, "generated": 0, "bbox": {"xmin": 238, "ymin": 107, "ymax": 273, "xmax": 447}}, {"tid": 2, "generated": 0, "bbox": {"xmin": 442, "ymin": 167, "ymax": 207, "xmax": 478}}, {"tid": 3, "generated": 0, "bbox": {"xmin": 99, "ymin": 150, "ymax": 177, "xmax": 205}}, {"tid": 4, "generated": 0, "bbox": {"xmin": 1, "ymin": 145, "ymax": 176, "xmax": 47}}], [{"tid": 1, "generated": 0, "bbox": {"xmin": 240, "ymin": 108, "ymax": 272, "xmax": 448}}, {"tid": 2, "generated": 0, "bbox": {"xmin": 442, "ymin": 167, "ymax": 207, "xmax": 478}}, {"tid": 3, "generated": 0, "bbox": {"xmin": 99, "ymin": 150, "ymax": 177, "xmax": 205}}, {"tid": 4, "generated": 0, "bbox": {"xmin": 1, "ymin": 145, "ymax": 176, "xmax": 49}}], [{"tid": 1, "generated": 0, "bbox": {"xmin": 242, "ymin": 109, "ymax": 271, "xmax": 448}}, {"tid": 2, "generated": 0, "bbox": {"xmin": 442, "ymin": 166, "ymax": 207, "xmax": 478}}, {"tid": 3, "generated": 0, "bbox": {"xmin": 98, "ymin": 150, "ymax": 177, "xmax": 204}}, {"tid": 4, "generated": 0, "bbox": {"xmin": 1, "ymin": 145, "ymax": 176, "xmax": 50}}], [{"tid": 1, "generated": 0, "bbox": {"xmin": 244, "ymin": 109, "ymax": 270, "xmax": 448}}, {"tid": 2, "generated": 0, "bbox": {"xmin": 441, "ymin": 166, "ymax": 207, "xmax": 478}}, {"tid": 3, "generated": 0, "bbox": {"xmin": 97, "ymin": 151, "ymax": 177, "xmax": 203}}, {"tid": 4, "generated": 0, "bbox": {"xmin": 1, "ymin": 145, "ymax": 176, "xmax": 51}}], [], [], [], [], [], [], [], [], [], [], [], [], [], [], [], [], [], [], [], [], [], [], [], [], [], [], [], [], [], [], [], [], [], [], [], [], [], [], [], [], [], [], [], [], [], [], [], [], [], [], [], [], [], [], [], [], [], [], [], [], [], [], [], [], [], [], [], [], [], [], [], [], [], [], [], [{"tid": 3, "generated": 0, "bbox": {"xmin": 44, "ymin": 152, "ymax": 167, "xmax": 131}}, {"tid": 5, "generated": 0, "bbox": {"xmin": 274, "ymin": 148, "ymax": 194, "xmax": 371}}], [{"tid": 3, "generated": 0, "bbox": {"xmin": 45, "ymin": 153, "ymax": 168, "xmax": 132}}, {"tid": 5, "generated": 0, "bbox": {"xmin": 276, "ymin": 149, "ymax": 195, "xmax": 373}}], [{"tid": 3, "generated": 0, "bbox": {"xmin": 41, "ymin": 154, "ymax": 169, "xmax": 134}}, {"tid": 5, "generated": 0, "bbox": {"xmin": 278, "ymin": 150, "ymax": 195, "xmax": 375}}], [{"tid": 3, "generated": 0, "bbox": {"xmin": 38, "ymin": 154, "ymax": 168, "xmax": 134}}, {"tid": 5, "generated": 0, "bbox": {"xmin": 277, "ymin": 149, "ymax": 194, "xmax": 374}}], [{"tid": 3, "generated": 0, "bbox": {"xmin": 36, "ymin": 155, "ymax": 168, "xmax": 134}}, {"tid": 5, "generated": 0, "bbox": {"xmin": 277, "ymin": 149, "ymax": 194, "xmax": 374}}], [{"tid": 3, "generated": 0, "bbox": {"xmin": 34, "ymin": 155, "ymax": 168, "xmax": 134}}, {"tid": 5, "generated": 0, "bbox": {"xmin": 277, "ymin": 149, "ymax": 194, "xmax": 374}}], [{"tid": 3, "generated": 0, "bbox": {"xmin": 32, "ymin": 156, "ymax": 168, "xmax": 135}}, {"tid": 5, "generated": 0, "bbox": {"xmin": 277, "ymin": 149, "ymax": 194, "xmax": 374}}], [{"tid": 3, "generated": 0, "bbox": {"xmin": 31, "ymin": 155, "ymax": 168, "xmax": 132}}, {"tid": 5, "generated": 0, "bbox": {"xmin": 277, "ymin": 149, "ymax": 194, "xmax": 374}}], [{"tid": 3, "generated": 0, "bbox": {"xmin": 30, "ymin": 155, "ymax": 168, "xmax": 130}}, {"tid": 5, "generated": 0, "bbox": {"xmin": 277, "ymin": 149, "ymax": 194, "xmax": 374}}], [{"tid": 3, "generated": 0, "bbox": {"xmin": 30, "ymin": 154, "ymax": 169, "xmax": 128}}, {"tid": 5, "generated": 0, "bbox": {"xmin": 277, "ymin": 149, "ymax": 194, "xmax": 374}}], [{"tid": 3, "generated": 0, "bbox": {"xmin": 29, "ymin": 154, "ymax": 169, "xmax": 126}}, {"tid": 5, "generated": 0, "bbox": {"xmin": 277, "ymin": 149, "ymax": 194, "xmax": 374}}], [{"tid": 3, "generated": 0, "bbox": {"xmin": 29, "ymin": 154, "ymax": 170, "xmax": 124}}, {"tid": 5, "generated": 0, "bbox": {"xmin": 277, "ymin": 149, "ymax": 194, "xmax": 374}}], [{"tid": 3, "generated": 0, "bbox": {"xmin": 18, "ymin": 156, "ymax": 170, "xmax": 126}}, {"tid": 5, "generated": 0, "bbox": {"xmin": 277, "ymin": 149, "ymax": 194, "xmax": 374}}], [{"tid": 3, "generated": 0, "bbox": {"xmin": 20, "ymin": 155, "ymax": 169, "xmax": 123}}, {"tid": 5, "generated": 0, "bbox": {"xmin": 277, "ymin": 149, "ymax": 193, "xmax": 374}}], [{"tid": 3, "generated": 0, "bbox": {"xmin": 22, "ymin": 155, "ymax": 168, "xmax": 120}}, {"tid": 5, "generated": 0, "bbox": {"xmin": 277, "ymin": 149, "ymax": 193, "xmax": 374}}], [{"tid": 3, "generated": 0, "bbox": {"xmin": 20, "ymin": 155, "ymax": 170, "xmax": 118}}, {"tid": 5, "generated": 0, "bbox": {"xmin": 277, "ymin": 149, "ymax": 193, "xmax": 374}}], [{"tid": 3, "generated": 0, "bbox": {"xmin": 19, "ymin": 155, "ymax": 172, "xmax": 116}}, {"tid": 5, "generated": 0, "bbox": {"xmin": 277, "ymin": 149, "ymax": 193, "xmax": 374}}], [{"tid": 3, "generated": 0, "bbox": {"xmin": 18, "ymin": 156, "ymax": 174, "xmax": 114}}, {"tid": 5, "generated": 0, "bbox": {"xmin": 277, "ymin": 149, "ymax": 193, "xmax": 374}}], [{"tid": 3, "generated": 0, "bbox": {"xmin": 24, "ymin": 156, "ymax": 173, "xmax": 114}}, {"tid": 5, "generated": 0, "bbox": {"xmin": 277, "ymin": 149, "ymax": 192, "xmax": 374}}], [{"tid": 3, "generated": 0, "bbox": {"xmin": 30, "ymin": 156, "ymax": 172, "xmax": 114}}, {"tid": 5, "generated": 0, "bbox": {"xmin": 277, "ymin": 149, "ymax": 192, "xmax": 374}}], [{"tid": 3, "generated": 0, "bbox": {"xmin": 36, "ymin": 156, "ymax": 172, "xmax": 114}}, {"tid": 5, "generated": 0, "bbox": {"xmin": 277, "ymin": 149, "ymax": 192, "xmax": 374}}], [{"tid": 3, "generated": 0, "bbox": {"xmin": 38, "ymin": 156, "ymax": 173, "xmax": 114}}, {"tid": 5, "generated": 0, "bbox": {"xmin": 277, "ymin": 149, "ymax": 192, "xmax": 374}}], [{"tid": 3, "generated": 0, "bbox": {"xmin": 41, "ymin": 157, "ymax": 174, "xmax": 115}}, {"tid": 5, "generated": 0, "bbox": {"xmin": 278, "ymin": 150, "ymax": 192, "xmax": 374}}], [{"tid": 3, "generated": 0, "bbox": {"xmin": 49, "ymin": 157, "ymax": 171, "xmax": 114}}, {"tid": 5, "generated": 0, "bbox": {"xmin": 280, "ymin": 150, "ymax": 192, "xmax": 376}}], [{"tid": 3, "generated": 0, "bbox": {"xmin": 48, "ymin": 157, "ymax": 172, "xmax": 115}}, {"tid": 5, "generated": 0, "bbox": {"xmin": 283, "ymin": 150, "ymax": 192, "xmax": 379}}], [{"tid": 3, "generated": 0, "bbox": {"xmin": 47, "ymin": 158, "ymax": 173, "xmax": 117}}, {"tid": 5, "generated": 0, "bbox": {"xmin": 285, "ymin": 150, "ymax": 192, "xmax": 381}}], [{"tid": 3, "generated": 0, "bbox": {"xmin": 46, "ymin": 159, "ymax": 174, "xmax": 119}}, {"tid": 5, "generated": 0, "bbox": {"xmin": 288, "ymin": 150, "ymax": 192, "xmax": 384}}], [{"tid": 3, "generated": 0, "bbox": {"xmin": 49, "ymin": 158, "ymax": 173, "xmax": 123}}, {"tid": 5, "generated": 0, "bbox": {"xmin": 291, "ymin": 151, "ymax": 193, "xmax": 387}}], [{"tid": 3, "generated": 0, "bbox": {"xmin": 52, "ymin": 158, "ymax": 173, "xmax": 127}}, {"tid": 5, "generated": 0, "bbox": {"xmin": 293, "ymin": 151, "ymax": 193, "xmax": 389}}], [{"tid": 3, "generated": 0, "bbox": {"xmin": 55, "ymin": 158, "ymax": 173, "xmax": 131}}, {"tid": 5, "generated": 0, "bbox": {"xmin": 296, "ymin": 151, "ymax": 193, "xmax": 392}}], [], [], [], [], [], [], [], [], [], [], [], [], [], [], [], [], [], [], [], [], [], [], [], [], [], [], [], [], [], [], [], [], [], [], [], [], [], [], [], [], [], [], [], [], [], [], [], [], [], [], [], [], [], [], [], [], [], [], [], [], [{"tid": 3, "generated": 0, "bbox": {"xmin": 311, "ymin": 157, "ymax": 172, "xmax": 402}}, {"tid": 4, "generated": 0, "bbox": {"xmin": 218, "ymin": 155, "ymax": 171, "xmax": 303}}], [{"tid": 3, "generated": 0, "bbox": {"xmin": 315, "ymin": 156, "ymax": 171, "xmax": 406}}, {"tid": 4, "generated": 0, "bbox": {"xmin": 220, "ymin": 154, "ymax": 170, "xmax": 304}}], [{"tid": 3, "generated": 0, "bbox": {"xmin": 319, "ymin": 156, "ymax": 171, "xmax": 411}}, {"tid": 4, "generated": 0, "bbox": {"xmin": 222, "ymin": 154, "ymax": 170, "xmax": 306}}], [{"tid": 3, "generated": 0, "bbox": {"xmin": 324, "ymin": 155, "ymax": 171, "xmax": 415}}, {"tid": 4, "generated": 0, "bbox": {"xmin": 225, "ymin": 153, "ymax": 169, "xmax": 307}}], [{"tid": 3, "generated": 0, "bbox": {"xmin": 328, "ymin": 155, "ymax": 171, "xmax": 420}}, {"tid": 4, "generated": 0, "bbox": {"xmin": 227, "ymin": 153, "ymax": 169, "xmax": 309}}], [{"tid": 3, "generated": 0, "bbox": {"xmin": 333, "ymin": 155, "ymax": 171, "xmax": 425}}, {"tid": 4, "generated": 0, "bbox": {"xmin": 230, "ymin": 153, "ymax": 169, "xmax": 311}}], [{"tid": 3, "generated": 0, "bbox": {"xmin": 337, "ymin": 155, "ymax": 170, "xmax": 428}}, {"tid": 4, "generated": 0, "bbox": {"xmin": 232, "ymin": 153, "ymax": 169, "xmax": 314}}], [{"tid": 3, "generated": 0, "bbox": {"xmin": 341, "ymin": 155, "ymax": 169, "xmax": 431}}, {"tid": 4, "generated": 0, "bbox": {"xmin": 234, "ymin": 153, "ymax": 169, "xmax": 318}}], [{"tid": 3, "generated": 0, "bbox": {"xmin": 345, "ymin": 155, "ymax": 169, "xmax": 435}}, {"tid": 4, "generated": 0, "bbox": {"xmin": 237, "ymin": 153, "ymax": 169, "xmax": 322}}], [{"tid": 3, "generated": 0, "bbox": {"xmin": 349, "ymin": 155, "ymax": 168, "xmax": 438}}, {"tid": 4, "generated": 0, "bbox": {"xmin": 239, "ymin": 153, "ymax": 169, "xmax": 326}}], [{"tid": 3, "generated": 0, "bbox": {"xmin": 353, "ymin": 156, "ymax": 168, "xmax": 442}}, {"tid": 4, "generated": 0, "bbox": {"xmin": 242, "ymin": 153, "ymax": 169, "xmax": 330}}], [{"tid": 3, "generated": 0, "bbox": {"xmin": 357, "ymin": 155, "ymax": 168, "xmax": 447}}, {"tid": 4, "generated": 0, "bbox": {"xmin": 244, "ymin": 153, "ymax": 169, "xmax": 332}}], [{"tid": 3, "generated": 0, "bbox": {"xmin": 361, "ymin": 155, "ymax": 168, "xmax": 453}}, {"tid": 4, "generated": 0, "bbox": {"xmin": 246, "ymin": 153, "ymax": 170, "xmax": 334}}], [{"tid": 3, "generated": 0, "bbox": {"xmin": 365, "ymin": 154, "ymax": 169, "xmax": 458}}, {"tid": 4, "generated": 0, "bbox": {"xmin": 249, "ymin": 154, "ymax": 171, "xmax": 337}}], [{"tid": 3, "generated": 0, "bbox": {"xmin": 369, "ymin": 154, "ymax": 169, "xmax": 464}}, {"tid": 4, "generated": 0, "bbox": {"xmin": 251, "ymin": 154, "ymax": 172, "xmax": 339}}], [{"tid": 3, "generated": 0, "bbox": {"xmin": 374, "ymin": 154, "ymax": 170, "xmax": 470}}, {"tid": 4, "generated": 0, "bbox": {"xmin": 254, "ymin": 155, "ymax": 173, "xmax": 342}}], [{"tid": 3, "generated": 0, "bbox": {"xmin": 377, "ymin": 154, "ymax": 170, "xmax": 471}}, {"tid": 4, "generated": 0, "bbox": {"xmin": 256, "ymin": 155, "ymax": 172, "xmax": 344}}], [{"tid": 3, "generated": 0, "bbox": {"xmin": 381, "ymin": 154, "ymax": 170, "xmax": 473}}, {"tid": 4, "generated": 0, "bbox": {"xmin": 259, "ymin": 155, "ymax": 171, "xmax": 347}}], [{"tid": 3, "generated": 0, "bbox": {"xmin": 385, "ymin": 154, "ymax": 170, "xmax": 474}}, {"tid": 4, "generated": 0, "bbox": {"xmin": 262, "ymin": 155, "ymax": 170, "xmax": 350}}], [{"tid": 3, "generated": 0, "bbox": {"xmin": 389, "ymin": 154, "ymax": 170, "xmax": 476}}, {"tid": 4, "generated": 0, "bbox": {"xmin": 265, "ymin": 155, "ymax": 169, "xmax": 353}}], [{"tid": 3, "generated": 0, "bbox": {"xmin": 393, "ymin": 154, "ymax": 170, "xmax": 478}}, {"tid": 4, "generated": 0, "bbox": {"xmin": 268, "ymin": 156, "ymax": 169, "xmax": 356}}], [{"tid": 3, "generated": 0, "bbox": {"xmin": 397, "ymin": 153, "ymax": 169, "xmax": 478}}, {"tid": 4, "generated": 0, "bbox": {"xmin": 270, "ymin": 155, "ymax": 169, "xmax": 358}}], [{"tid": 3, "generated": 0, "bbox": {"xmin": 402, "ymin": 152, "ymax": 168, "xmax": 478}}, {"tid": 4, "generated": 0, "bbox": {"xmin": 272, "ymin": 154, "ymax": 169, "xmax": 361}}], [{"tid": 3, "generated": 0, "bbox": {"xmin": 406, "ymin": 152, "ymax": 167, "xmax": 478}}, {"tid": 4, "generated": 0, "bbox": {"xmin": 274, "ymin": 153, "ymax": 169, "xmax": 364}}], [{"tid": 3, "generated": 0, "bbox": {"xmin": 411, "ymin": 151, "ymax": 166, "xmax": 478}}, {"tid": 4, "generated": 0, "bbox": {"xmin": 276, "ymin": 152, "ymax": 169, "xmax": 367}}], [{"tid": 3, "generated": 0, "bbox": {"xmin": 416, "ymin": 151, "ymax": 166, "xmax": 478}}, {"tid": 4, "generated": 0, "bbox": {"xmin": 278, "ymin": 152, "ymax": 170, "xmax": 370}}], [{"tid": 3, "generated": 0, "bbox": {"xmin": 420, "ymin": 150, "ymax": 165, "xmax": 478}}, {"tid": 4, "generated": 0, "bbox": {"xmin": 280, "ymin": 151, "ymax": 170, "xmax": 372}}], [{"tid": 3, "generated": 0, "bbox": {"xmin": 424, "ymin": 149, "ymax": 164, "xmax": 478}}, {"tid": 4, "generated": 0, "bbox": {"xmin": 282, "ymin": 150, "ymax": 170, "xmax": 374}}], [{"tid": 3, "generated": 0, "bbox": {"xmin": 428, "ymin": 149, "ymax": 163, "xmax": 478}}, {"tid": 4, "generated": 0, "bbox": {"xmin": 284, "ymin": 150, "ymax": 170, "xmax": 376}}], [{"tid": 3, "generated": 0, "bbox": {"xmin": 432, "ymin": 148, "ymax": 162, "xmax": 478}}, {"tid": 4, "generated": 0, "bbox": {"xmin": 286, "ymin": 149, "ymax": 170, "xmax": 378}}], [], [], [], [], [], [], [], [], [], [], [], [], [], [], [], [], [], [], [], [], [], [], [], [], [], [], [], [], [], [], [], [], [], [], [], [], [], [], [], [], [], [], [], [], [], [], [], [], [], [], [], [], [], [], [], [], [], [], [], [], [], [], [], [], [], [], [], [], [], [], [], [], [], [], [], [], [], [], [], [], [], [], [], [], [], [], [], [], [], [], [{"tid": 4, "generated": 0, "bbox": {"xmin": 334, "ymin": 151, "ymax": 183, "xmax": 447}}, {"tid": 6, "generated": 0, "bbox": {"xmin": 1, "ymin": 108, "ymax": 271, "xmax": 171}}], [{"tid": 4, "generated": 0, "bbox": {"xmin": 333, "ymin": 151, "ymax": 183, "xmax": 446}}, {"tid": 6, "generated": 0, "bbox": {"xmin": 1, "ymin": 108, "ymax": 271, "xmax": 172}}], [{"tid": 4, "generated": 0, "bbox": {"xmin": 333, "ymin": 151, "ymax": 183, "xmax": 445}}, {"tid": 6, "generated": 0, "bbox": {"xmin": 2, "ymin": 108, "ymax": 271, "xmax": 173}}], [{"tid": 4, "generated": 0, "bbox": {"xmin": 332, "ymin": 151, "ymax": 183, "xmax": 444}}, {"tid": 6, "generated": 0, "bbox": {"xmin": 3, "ymin": 108, "ymax": 271, "xmax": 174}}], [{"tid": 4, "generated": 0, "bbox": {"xmin": 332, "ymin": 152, "ymax": 183, "xmax": 444}}, {"tid": 6, "generated": 0, "bbox": {"xmin": 4, "ymin": 108, "ymax": 271, "xmax": 175}}], [{"tid": 4, "generated": 0, "bbox": {"xmin": 332, "ymin": 152, "ymax": 183, "xmax": 443}}, {"tid": 6, "generated": 0, "bbox": {"xmin": 5, "ymin": 108, "ymax": 271, "xmax": 176}}], [{"tid": 4, "generated": 0, "bbox": {"xmin": 331, "ymin": 152, "ymax": 183, "xmax": 442}}, {"tid": 6, "generated": 0, "bbox": {"xmin": 6, "ymin": 109, "ymax": 272, "xmax": 177}}], [{"tid": 4, "generated": 0, "bbox": {"xmin": 331, "ymin": 153, "ymax": 183, "xmax": 441}}, {"tid": 6, "generated": 0, "bbox": {"xmin": 7, "ymin": 109, "ymax": 272, "xmax": 178}}], [{"tid": 4, "generated": 0, "bbox": {"xmin": 331, "ymin": 153, "ymax": 183, "xmax": 441}}, {"tid": 6, "generated": 0, "bbox": {"xmin": 8, "ymin": 109, "ymax": 272, "xmax": 179}}], [{"tid": 4, "generated": 0, "bbox": {"xmin": 330, "ymin": 153, "ymax": 183, "xmax": 440}}, {"tid": 6, "generated": 0, "bbox": {"xmin": 9, "ymin": 109, "ymax": 272, "xmax": 180}}], [{"tid": 4, "generated": 0, "bbox": {"xmin": 330, "ymin": 154, "ymax": 183, "xmax": 439}}, {"tid": 6, "generated": 0, "bbox": {"xmin": 10, "ymin": 109, "ymax": 272, "xmax": 181}}], [{"tid": 4, "generated": 0, "bbox": {"xmin": 329, "ymin": 154, "ymax": 183, "xmax": 438}}, {"tid": 6, "generated": 0, "bbox": {"xmin": 11, "ymin": 110, "ymax": 273, "xmax": 182}}], [{"tid": 4, "generated": 0, "bbox": {"xmin": 329, "ymin": 154, "ymax": 183, "xmax": 438}}, {"tid": 6, "generated": 0, "bbox": {"xmin": 12, "ymin": 110, "ymax": 273, "xmax": 183}}], [{"tid": 4, "generated": 0, "bbox": {"xmin": 329, "ymin": 155, "ymax": 183, "xmax": 437}}, {"tid": 6, "generated": 0, "bbox": {"xmin": 13, "ymin": 110, "ymax": 273, "xmax": 184}}], [{"tid": 4, "generated": 0, "bbox": {"xmin": 328, "ymin": 155, "ymax": 183, "xmax": 436}}, {"tid": 6, "generated": 0, "bbox": {"xmin": 14, "ymin": 110, "ymax": 273, "xmax": 185}}], [{"tid": 4, "generated": 0, "bbox": {"xmin": 328, "ymin": 155, "ymax": 183, "xmax": 435}}, {"tid": 6, "generated": 0, "bbox": {"xmin": 15, "ymin": 110, "ymax": 273, "xmax": 186}}], [{"tid": 4, "generated": 0, "bbox": {"xmin": 328, "ymin": 156, "ymax": 183, "xmax": 435}}, {"tid": 6, "generated": 0, "bbox": {"xmin": 16, "ymin": 111, "ymax": 274, "xmax": 187}}], [{"tid": 4, "generated": 0, "bbox": {"xmin": 326, "ymin": 155, "ymax": 183, "xmax": 434}}, {"tid": 6, "generated": 0, "bbox": {"xmin": 16, "ymin": 111, "ymax": 274, "xmax": 187}}], [{"tid": 4, "generated": 0, "bbox": {"xmin": 325, "ymin": 155, "ymax": 183, "xmax": 433}}, {"tid": 6, "generated": 0, "bbox": {"xmin": 16, "ymin": 112, "ymax": 275, "xmax": 187}}], [{"tid": 4, "generated": 0, "bbox": {"xmin": 324, "ymin": 155, "ymax": 183, "xmax": 433}}, {"tid": 6, "generated": 0, "bbox": {"xmin": 16, "ymin": 113, "ymax": 276, "xmax": 187}}], [{"tid": 4, "generated": 0, "bbox": {"xmin": 322, "ymin": 155, "ymax": 183, "xmax": 432}}, {"tid": 6, "generated": 0, "bbox": {"xmin": 16, "ymin": 113, "ymax": 276, "xmax": 187}}], [{"tid": 4, "generated": 0, "bbox": {"xmin": 321, "ymin": 155, "ymax": 183, "xmax": 432}}, {"tid": 6, "generated": 0, "bbox": {"xmin": 16, "ymin": 114, "ymax": 277, "xmax": 187}}], [{"tid": 4, "generated": 0, "bbox": {"xmin": 320, "ymin": 155, "ymax": 183, "xmax": 431}}, {"tid": 6, "generated": 0, "bbox": {"xmin": 16, "ymin": 115, "ymax": 278, "xmax": 187}}], [{"tid": 4, "generated": 0, "bbox": {"xmin": 318, "ymin": 155, "ymax": 183, "xmax": 430}}, {"tid": 6, "generated": 0, "bbox": {"xmin": 16, "ymin": 115, "ymax": 278, "xmax": 187}}], [{"tid": 4, "generated": 0, "bbox": {"xmin": 317, "ymin": 155, "ymax": 183, "xmax": 430}}, {"tid": 6, "generated": 0, "bbox": {"xmin": 16, "ymin": 116, "ymax": 279, "xmax": 187}}], [{"tid": 4, "generated": 0, "bbox": {"xmin": 316, "ymin": 155, "ymax": 183, "xmax": 429}}, {"tid": 6, "generated": 0, "bbox": {"xmin": 16, "ymin": 117, "ymax": 280, "xmax": 187}}], [{"tid": 4, "generated": 0, "bbox": {"xmin": 315, "ymin": 155, "ymax": 184, "xmax": 429}}, {"tid": 6, "generated": 0, "bbox": {"xmin": 17, "ymin": 118, "ymax": 281, "xmax": 188}}], [{"tid": 4, "generated": 0, "bbox": {"xmin": 314, "ymin": 154, "ymax": 184, "xmax": 427}}, {"tid": 6, "generated": 0, "bbox": {"xmin": 16, "ymin": 118, "ymax": 281, "xmax": 188}}], [{"tid": 4, "generated": 0, "bbox": {"xmin": 313, "ymin": 154, "ymax": 184, "xmax": 426}}, {"tid": 6, "generated": 0, "bbox": {"xmin": 16, "ymin": 118, "ymax": 281, "xmax": 188}}], [{"tid": 4, "generated": 0, "bbox": {"xmin": 312, "ymin": 154, "ymax": 184, "xmax": 425}}, {"tid": 6, "generated": 0, "bbox": {"xmin": 16, "ymin": 118, "ymax": 281, "xmax": 189}}], [], [], [], [], [], [], [], [], [], [], [], [], [], [], [], [], [], [], [], [], [], [], [], [], [], [], [], [], [], [], [], [], [], [], [], [], [], [], [], [], [], [], [], [], [], [{"tid": 4, "generated": 0, "bbox": {"xmin": 252, "ymin": 153, "ymax": 187, "xmax": 368}}, {"tid": 6, "generated": 0, "bbox": {"xmin": 18, "ymin": 118, "ymax": 265, "xmax": 195}}], [{"tid": 4, "generated": 0, "bbox": {"xmin": 251, "ymin": 153, "ymax": 188, "xmax": 367}}, {"tid": 6, "generated": 0, "bbox": {"xmin": 18, "ymin": 118, "ymax": 265, "xmax": 196}}], [{"tid": 4, "generated": 0, "bbox": {"xmin": 250, "ymin": 153, "ymax": 188, "xmax": 366}}, {"tid": 6, "generated": 0, "bbox": {"xmin": 18, "ymin": 118, "ymax": 265, "xmax": 196}}], [{"tid": 4, "generated": 0, "bbox": {"xmin": 249, "ymin": 153, "ymax": 188, "xmax": 365}}, {"tid": 6, "generated": 0, "bbox": {"xmin": 18, "ymin": 118, "ymax": 265, "xmax": 196}}], [{"tid": 4, "generated": 0, "bbox": {"xmin": 248, "ymin": 153, "ymax": 189, "xmax": 364}}, {"tid": 6, "generated": 0, "bbox": {"xmin": 18, "ymin": 118, "ymax": 265, "xmax": 196}}], [{"tid": 4, "generated": 0, "bbox": {"xmin": 247, "ymin": 153, "ymax": 189, "xmax": 363}}, {"tid": 6, "generated": 0, "bbox": {"xmin": 18, "ymin": 118, "ymax": 265, "xmax": 196}}], [{"tid": 4, "generated": 0, "bbox": {"xmin": 246, "ymin": 153, "ymax": 190, "xmax": 362}}, {"tid": 6, "generated": 0, "bbox": {"xmin": 18, "ymin": 118, "ymax": 265, "xmax": 196}}], [{"tid": 4, "generated": 0, "bbox": {"xmin": 245, "ymin": 153, "ymax": 190, "xmax": 361}}, {"tid": 6, "generated": 0, "bbox": {"xmin": 18, "ymin": 118, "ymax": 265, "xmax": 196}}], [{"tid": 4, "generated": 0, "bbox": {"xmin": 244, "ymin": 153, "ymax": 190, "xmax": 360}}, {"tid": 6, "generated": 0, "bbox": {"xmin": 18, "ymin": 118, "ymax": 265, "xmax": 196}}], [{"tid": 4, "generated": 0, "bbox": {"xmin": 243, "ymin": 153, "ymax": 191, "xmax": 359}}, {"tid": 6, "generated": 0, "bbox": {"xmin": 18, "ymin": 118, "ymax": 265, "xmax": 196}}], [{"tid": 4, "generated": 0, "bbox": {"xmin": 242, "ymin": 153, "ymax": 191, "xmax": 358}}, {"tid": 6, "generated": 0, "bbox": {"xmin": 18, "ymin": 118, "ymax": 265, "xmax": 196}}], [{"tid": 4, "generated": 0, "bbox": {"xmin": 241, "ymin": 154, "ymax": 192, "xmax": 357}}, {"tid": 6, "generated": 0, "bbox": {"xmin": 18, "ymin": 118, "ymax": 265, "xmax": 197}}], [{"tid": 4, "generated": 0, "bbox": {"xmin": 239, "ymin": 154, "ymax": 192, "xmax": 355}}, {"tid": 6, "generated": 0, "bbox": {"xmin": 18, "ymin": 118, "ymax": 265, "xmax": 197}}], [{"tid": 4, "generated": 0, "bbox": {"xmin": 238, "ymin": 154, "ymax": 192, "xmax": 354}}, {"tid": 6, "generated": 0, "bbox": {"xmin": 18, "ymin": 118, "ymax": 265, "xmax": 197}}], [{"tid": 4, "generated": 0, "bbox": {"xmin": 237, "ymin": 154, "ymax": 192, "xmax": 353}}, {"tid": 6, "generated": 0, "bbox": {"xmin": 18, "ymin": 118, "ymax": 265, "xmax": 197}}], [{"tid": 4, "generated": 0, "bbox": {"xmin": 236, "ymin": 154, "ymax": 192, "xmax": 352}}, {"tid": 6, "generated": 0, "bbox": {"xmin": 18, "ymin": 118, "ymax": 265, "xmax": 197}}], [{"tid": 4, "generated": 0, "bbox": {"xmin": 235, "ymin": 154, "ymax": 192, "xmax": 351}}, {"tid": 6, "generated": 0, "bbox": {"xmin": 18, "ymin": 118, "ymax": 265, "xmax": 197}}], [{"tid": 4, "generated": 0, "bbox": {"xmin": 233, "ymin": 154, "ymax": 192, "xmax": 349}}, {"tid": 6, "generated": 0, "bbox": {"xmin": 18, "ymin": 118, "ymax": 265, "xmax": 197}}], [{"tid": 4, "generated": 0, "bbox": {"xmin": 232, "ymin": 154, "ymax": 192, "xmax": 348}}, {"tid": 6, "generated": 0, "bbox": {"xmin": 18, "ymin": 118, "ymax": 265, "xmax": 197}}], [{"tid": 4, "generated": 0, "bbox": {"xmin": 231, "ymin": 154, "ymax": 192, "xmax": 347}}, {"tid": 6, "generated": 0, "bbox": {"xmin": 18, "ymin": 118, "ymax": 265, "xmax": 197}}], [{"tid": 4, "generated": 0, "bbox": {"xmin": 230, "ymin": 154, "ymax": 192, "xmax": 346}}, {"tid": 6, "generated": 0, "bbox": {"xmin": 18, "ymin": 118, "ymax": 265, "xmax": 197}}], [{"tid": 4, "generated": 0, "bbox": {"xmin": 229, "ymin": 155, "ymax": 193, "xmax": 345}}, {"tid": 6, "generated": 0, "bbox": {"xmin": 18, "ymin": 118, "ymax": 265, "xmax": 198}}], [{"tid": 4, "generated": 0, "bbox": {"xmin": 228, "ymin": 154, "ymax": 192, "xmax": 343}}, {"tid": 6, "generated": 0, "bbox": {"xmin": 18, "ymin": 118, "ymax": 265, "xmax": 198}}], [{"tid": 4, "generated": 0, "bbox": {"xmin": 227, "ymin": 154, "ymax": 192, "xmax": 342}}, {"tid": 6, "generated": 0, "bbox": {"xmin": 18, "ymin": 118, "ymax": 265, "xmax": 198}}], [{"tid": 4, "generated": 0, "bbox": {"xmin": 227, "ymin": 154, "ymax": 192, "xmax": 341}}, {"tid": 6, "generated": 0, "bbox": {"xmin": 18, "ymin": 118, "ymax": 265, "xmax": 198}}], [{"tid": 4, "generated": 0, "bbox": {"xmin": 226, "ymin": 154, "ymax": 192, "xmax": 339}}, {"tid": 6, "generated": 0, "bbox": {"xmin": 18, "ymin": 118, "ymax": 265, "xmax": 198}}], [{"tid": 4, "generated": 0, "bbox": {"xmin": 226, "ymin": 154, "ymax": 192, "xmax": 338}}, {"tid": 6, "generated": 0, "bbox": {"xmin": 18, "ymin": 118, "ymax": 265, "xmax": 198}}], [{"tid": 4, "generated": 0, "bbox": {"xmin": 225, "ymin": 153, "ymax": 191, "xmax": 337}}, {"tid": 6, "generated": 0, "bbox": {"xmin": 18, "ymin": 118, "ymax": 265, "xmax": 198}}], [{"tid": 4, "generated": 0, "bbox": {"xmin": 224, "ymin": 153, "ymax": 191, "xmax": 335}}, {"tid": 6, "generated": 0, "bbox": {"xmin": 18, "ymin": 118, "ymax": 265, "xmax": 198}}], [{"tid": 4, "generated": 0, "bbox": {"xmin": 224, "ymin": 153, "ymax": 191, "xmax": 334}}, {"tid": 6, "generated": 0, "bbox": {"xmin": 18, "ymin": 118, "ymax": 265, "xmax": 198}}], [], [], [], [], [], [], [], [], [], [], [], [], [], [], [], [], [], [], [], [], [], [], [], [], [], [], [], [], [], [], [], [], [], [], [], [], [], [], [], [], [], [], [], [], [], [], [], [], [], [], [], [], [], [], [], [], [], [], [], [], [{"tid": 4, "generated": 0, "bbox": {"xmin": 205, "ymin": 150, "ymax": 194, "xmax": 292}}, {"tid": 6, "generated": 0, "bbox": {"xmin": 36, "ymin": 118, "ymax": 265, "xmax": 209}}], [{"tid": 4, "generated": 0, "bbox": {"xmin": 205, "ymin": 150, "ymax": 194, "xmax": 291}}, {"tid": 6, "generated": 0, "bbox": {"xmin": 37, "ymin": 118, "ymax": 265, "xmax": 210}}], [{"tid": 4, "generated": 0, "bbox": {"xmin": 205, "ymin": 150, "ymax": 194, "xmax": 290}}, {"tid": 6, "generated": 0, "bbox": {"xmin": 37, "ymin": 118, "ymax": 265, "xmax": 210}}], [{"tid": 4, "generated": 0, "bbox": {"xmin": 205, "ymin": 150, "ymax": 194, "xmax": 289}}, {"tid": 6, "generated": 0, "bbox": {"xmin": 37, "ymin": 118, "ymax": 265, "xmax": 210}}], [{"tid": 4, "generated": 0, "bbox": {"xmin": 205, "ymin": 150, "ymax": 194, "xmax": 288}}, {"tid": 6, "generated": 0, "bbox": {"xmin": 37, "ymin": 118, "ymax": 265, "xmax": 210}}], [{"tid": 4, "generated": 0, "bbox": {"xmin": 206, "ymin": 151, "ymax": 195, "xmax": 288}}, {"tid": 6, "generated": 0, "bbox": {"xmin": 37, "ymin": 118, "ymax": 265, "xmax": 210}}], [{"tid": 4, "generated": 0, "bbox": {"xmin": 206, "ymin": 151, "ymax": 195, "xmax": 287}}, {"tid": 6, "generated": 0, "bbox": {"xmin": 37, "ymin": 118, "ymax": 265, "xmax": 210}}], [{"tid": 4, "generated": 0, "bbox": {"xmin": 206, "ymin": 151, "ymax": 195, "xmax": 286}}, {"tid": 6, "generated": 0, "bbox": {"xmin": 37, "ymin": 118, "ymax": 265, "xmax": 210}}], [{"tid": 4, "generated": 0, "bbox": {"xmin": 207, "ymin": 152, "ymax": 196, "xmax": 286}}, {"tid": 6, "generated": 0, "bbox": {"xmin": 37, "ymin": 118, "ymax": 265, "xmax": 210}}], [{"tid": 4, "generated": 0, "bbox": {"xmin": 207, "ymin": 152, "ymax": 196, "xmax": 285}}, {"tid": 6, "generated": 0, "bbox": {"xmin": 37, "ymin": 118, "ymax": 265, "xmax": 210}}], [{"tid": 4, "generated": 0, "bbox": {"xmin": 207, "ymin": 152, "ymax": 196, "xmax": 284}}, {"tid": 6, "generated": 0, "bbox": {"xmin": 37, "ymin": 118, "ymax": 265, "xmax": 210}}], [{"tid": 4, "generated": 0, "bbox": {"xmin": 208, "ymin": 153, "ymax": 197, "xmax": 284}}, {"tid": 6, "generated": 0, "bbox": {"xmin": 37, "ymin": 118, "ymax": 265, "xmax": 210}}], [{"tid": 4, "generated": 0, "bbox": {"xmin": 208, "ymin": 153, "ymax": 197, "xmax": 283}}, {"tid": 6, "generated": 0, "bbox": {"xmin": 37, "ymin": 118, "ymax": 265, "xmax": 210}}], [{"tid": 4, "generated": 0, "bbox": {"xmin": 208, "ymin": 153, "ymax": 198, "xmax": 282}}, {"tid": 6, "generated": 0, "bbox": {"xmin": 37, "ymin": 118, "ymax": 265, "xmax": 210}}], [{"tid": 4, "generated": 0, "bbox": {"xmin": 208, "ymin": 153, "ymax": 199, "xmax": 282}}, {"tid": 6, "generated": 0, "bbox": {"xmin": 37, "ymin": 118, "ymax": 265, "xmax": 210}}], [{"tid": 4, "generated": 0, "bbox": {"xmin": 208, "ymin": 153, "ymax": 199, "xmax": 281}}, {"tid": 6, "generated": 0, "bbox": {"xmin": 37, "ymin": 118, "ymax": 265, "xmax": 210}}], [{"tid": 4, "generated": 0, "bbox": {"xmin": 208, "ymin": 153, "ymax": 200, "xmax": 281}}, {"tid": 6, "generated": 0, "bbox": {"xmin": 37, "ymin": 118, "ymax": 265, "xmax": 210}}], [{"tid": 4, "generated": 0, "bbox": {"xmin": 208, "ymin": 153, "ymax": 201, "xmax": 280}}, {"tid": 6, "generated": 0, "bbox": {"xmin": 37, "ymin": 118, "ymax": 265, "xmax": 210}}], [{"tid": 4, "generated": 0, "bbox": {"xmin": 208, "ymin": 153, "ymax": 201, "xmax": 279}}, {"tid": 6, "generated": 0, "bbox": {"xmin": 37, "ymin": 118, "ymax": 265, "xmax": 210}}], [{"tid": 4, "generated": 0, "bbox": {"xmin": 208, "ymin": 153, "ymax": 202, "xmax": 279}}, {"tid": 6, "generated": 0, "bbox": {"xmin": 37, "ymin": 118, "ymax": 265, "xmax": 210}}], [{"tid": 4, "generated": 0, "bbox": {"xmin": 208, "ymin": 153, "ymax": 203, "xmax": 278}}, {"tid": 6, "generated": 0, "bbox": {"xmin": 37, "ymin": 118, "ymax": 265, "xmax": 210}}], [{"tid": 4, "generated": 0, "bbox": {"xmin": 209, "ymin": 154, "ymax": 204, "xmax": 278}}, {"tid": 6, "generated": 0, "bbox": {"xmin": 38, "ymin": 118, "ymax": 265, "xmax": 211}}], [{"tid": 4, "generated": 0, "bbox": {"xmin": 209, "ymin": 153, "ymax": 203, "xmax": 278}}, {"tid": 6, "generated": 0, "bbox": {"xmin": 38, "ymin": 118, "ymax": 265, "xmax": 211}}], [{"tid": 4, "generated": 0, "bbox": {"xmin": 210, "ymin": 153, "ymax": 203, "xmax": 278}}, {"tid": 6, "generated": 0, "bbox": {"xmin": 38, "ymin": 118, "ymax": 265, "xmax": 211}}], [{"tid": 4, "generated": 0, "bbox": {"xmin": 211, "ymin": 153, "ymax": 203, "xmax": 278}}, {"tid": 6, "generated": 0, "bbox": {"xmin": 38, "ymin": 118, "ymax": 265, "xmax": 211}}], [{"tid": 4, "generated": 0, "bbox": {"xmin": 211, "ymin": 153, "ymax": 203, "xmax": 278}}, {"tid": 6, "generated": 0, "bbox": {"xmin": 38, "ymin": 118, "ymax": 265, "xmax": 211}}], [{"tid": 4, "generated": 0, "bbox": {"xmin": 212, "ymin": 153, "ymax": 203, "xmax": 278}}, {"tid": 6, "generated": 0, "bbox": {"xmin": 38, "ymin": 118, "ymax": 265, "xmax": 211}}], [{"tid": 4, "generated": 0, "bbox": {"xmin": 213, "ymin": 153, "ymax": 203, "xmax": 278}}, {"tid": 6, "generated": 0, "bbox": {"xmin": 38, "ymin": 118, "ymax": 265, "xmax": 211}}], [{"tid": 4, "generated": 0, "bbox": {"xmin": 213, "ymin": 153, "ymax": 203, "xmax": 278}}, {"tid": 6, "generated": 0, "bbox": {"xmin": 38, "ymin": 118, "ymax": 265, "xmax": 211}}], [{"tid": 4, "generated": 0, "bbox": {"xmin": 214, "ymin": 153, "ymax": 203, "xmax": 278}}, {"tid": 6, "generated": 0, "bbox": {"xmin": 38, "ymin": 118, "ymax": 265, "xmax": 211}}], [], [], [], [], [], [], [], [], [], [], [], [], [], [], [], [], [], [], [], [], [], [], [], [], [], [], [], [], [], [], [{"tid": 4, "generated": 0, "bbox": {"xmin": 227, "ymin": 149, "ymax": 216, "xmax": 288}}, {"tid": 6, "generated": 0, "bbox": {"xmin": 39, "ymin": 118, "ymax": 265, "xmax": 212}}], [{"tid": 4, "generated": 0, "bbox": {"xmin": 228, "ymin": 149, "ymax": 217, "xmax": 289}}, {"tid": 6, "generated": 0, "bbox": {"xmin": 40, "ymin": 118, "ymax": 265, "xmax": 213}}], [{"tid": 4, "generated": 0, "bbox": {"xmin": 228, "ymin": 149, "ymax": 217, "xmax": 290}}, {"tid": 6, "generated": 0, "bbox": {"xmin": 40, "ymin": 118, "ymax": 265, "xmax": 213}}], [{"tid": 4, "generated": 0, "bbox": {"xmin": 228, "ymin": 149, "ymax": 217, "xmax": 291}}, {"tid": 6, "generated": 0, "bbox": {"xmin": 40, "ymin": 118, "ymax": 265, "xmax": 213}}], [{"tid": 4, "generated": 0, "bbox": {"xmin": 228, "ymin": 149, "ymax": 217, "xmax": 292}}, {"tid": 6, "generated": 0, "bbox": {"xmin": 40, "ymin": 118, "ymax": 265, "xmax": 213}}], [{"tid": 4, "generated": 0, "bbox": {"xmin": 229, "ymin": 149, "ymax": 217, "xmax": 293}}, {"tid": 6, "generated": 0, "bbox": {"xmin": 40, "ymin": 118, "ymax": 265, "xmax": 213}}], [{"tid": 4, "generated": 0, "bbox": {"xmin": 229, "ymin": 149, "ymax": 217, "xmax": 295}}, {"tid": 6, "generated": 0, "bbox": {"xmin": 40, "ymin": 118, "ymax": 265, "xmax": 213}}], [{"tid": 4, "generated": 0, "bbox": {"xmin": 229, "ymin": 149, "ymax": 217, "xmax": 296}}, {"tid": 6, "generated": 0, "bbox": {"xmin": 40, "ymin": 118, "ymax": 265, "xmax": 213}}], [{"tid": 4, "generated": 0, "bbox": {"xmin": 230, "ymin": 149, "ymax": 217, "xmax": 297}}, {"tid": 6, "generated": 0, "bbox": {"xmin": 40, "ymin": 118, "ymax": 265, "xmax": 213}}], [{"tid": 4, "generated": 0, "bbox": {"xmin": 230, "ymin": 149, "ymax": 217, "xmax": 298}}, {"tid": 6, "generated": 0, "bbox": {"xmin": 40, "ymin": 118, "ymax": 265, "xmax": 213}}], [{"tid": 4, "generated": 0, "bbox": {"xmin": 230, "ymin": 149, "ymax": 217, "xmax": 299}}, {"tid": 6, "generated": 0, "bbox": {"xmin": 40, "ymin": 118, "ymax": 265, "xmax": 213}}], [{"tid": 4, "generated": 0, "bbox": {"xmin": 231, "ymin": 149, "ymax": 217, "xmax": 301}}, {"tid": 6, "generated": 0, "bbox": {"xmin": 40, "ymin": 118, "ymax": 265, "xmax": 213}}], [{"tid": 4, "generated": 0, "bbox": {"xmin": 231, "ymin": 148, "ymax": 217, "xmax": 302}}, {"tid": 6, "generated": 0, "bbox": {"xmin": 40, "ymin": 118, "ymax": 265, "xmax": 213}}], [{"tid": 4, "generated": 0, "bbox": {"xmin": 231, "ymin": 148, "ymax": 217, "xmax": 303}}, {"tid": 6, "generated": 0, "bbox": {"xmin": 40, "ymin": 118, "ymax": 265, "xmax": 213}}], [{"tid": 4, "generated": 0, "bbox": {"xmin": 231, "ymin": 148, "ymax": 217, "xmax": 304}}, {"tid": 6, "generated": 0, "bbox": {"xmin": 40, "ymin": 118, "ymax": 265, "xmax": 213}}], [{"tid": 4, "generated": 0, "bbox": {"xmin": 231, "ymin": 147, "ymax": 218, "xmax": 305}}, {"tid": 6, "generated": 0, "bbox": {"xmin": 40, "ymin": 118, "ymax": 265, "xmax": 213}}], [{"tid": 4, "generated": 0, "bbox": {"xmin": 231, "ymin": 147, "ymax": 218, "xmax": 306}}, {"tid": 6, "generated": 0, "bbox": {"xmin": 40, "ymin": 118, "ymax": 265, "xmax": 213}}], [{"tid": 4, "generated": 0, "bbox": {"xmin": 231, "ymin": 147, "ymax": 218, "xmax": 307}}, {"tid": 6, "generated": 0, "bbox": {"xmin": 40, "ymin": 118, "ymax": 265, "xmax": 213}}], [{"tid": 4, "generated": 0, "bbox": {"xmin": 231, "ymin": 146, "ymax": 219, "xmax": 308}}, {"tid": 6, "generated": 0, "bbox": {"xmin": 40, "ymin": 118, "ymax": 265, "xmax": 213}}], [{"tid": 4, "generated": 0, "bbox": {"xmin": 231, "ymin": 146, "ymax": 219, "xmax": 309}}, {"tid": 6, "generated": 0, "bbox": {"xmin": 40, "ymin": 118, "ymax": 265, "xmax": 213}}], [{"tid": 4, "generated": 0, "bbox": {"xmin": 231, "ymin": 146, "ymax": 219, "xmax": 310}}, {"tid": 6, "generated": 0, "bbox": {"xmin": 40, "ymin": 118, "ymax": 265, "xmax": 213}}], [{"tid": 4, "generated": 0, "bbox": {"xmin": 232, "ymin": 146, "ymax": 220, "xmax": 311}}, {"tid": 6, "generated": 0, "bbox": {"xmin": 41, "ymin": 118, "ymax": 265, "xmax": 214}}], [{"tid": 4, "generated": 0, "bbox": {"xmin": 231, "ymin": 145, "ymax": 220, "xmax": 312}}, {"tid": 6, "generated": 0, "bbox": {"xmin": 40, "ymin": 117, "ymax": 264, "xmax": 213}}], [{"tid": 4, "generated": 0, "bbox": {"xmin": 231, "ymin": 144, "ymax": 221, "xmax": 314}}, {"tid": 6, "generated": 0, "bbox": {"xmin": 40, "ymin": 117, "ymax": 264, "xmax": 213}}], [{"tid": 4, "generated": 0, "bbox": {"xmin": 230, "ymin": 144, "ymax": 222, "xmax": 315}}, {"tid": 6, "generated": 0, "bbox": {"xmin": 40, "ymin": 117, "ymax": 264, "xmax": 213}}], [{"tid": 4, "generated": 0, "bbox": {"xmin": 230, "ymin": 143, "ymax": 222, "xmax": 317}}, {"tid": 6, "generated": 0, "bbox": {"xmin": 40, "ymin": 117, "ymax": 264, "xmax": 213}}], [{"tid": 4, "generated": 0, "bbox": {"xmin": 230, "ymin": 143, "ymax": 223, "xmax": 319}}, {"tid": 6, "generated": 0, "bbox": {"xmin": 40, "ymin": 117, "ymax": 264, "xmax": 213}}], [{"tid": 4, "generated": 0, "bbox": {"xmin": 229, "ymin": 142, "ymax": 224, "xmax": 320}}, {"tid": 6, "generated": 0, "bbox": {"xmin": 40, "ymin": 117, "ymax": 264, "xmax": 213}}], [{"tid": 4, "generated": 0, "bbox": {"xmin": 229, "ymin": 141, "ymax": 224, "xmax": 322}}, {"tid": 6, "generated": 0, "bbox": {"xmin": 39, "ymin": 117, "ymax": 264, "xmax": 212}}], [{"tid": 4, "generated": 0, "bbox": {"xmin": 228, "ymin": 141, "ymax": 225, "xmax": 323}}, {"tid": 6, "generated": 0, "bbox": {"xmin": 39, "ymin": 117, "ymax": 264, "xmax": 212}}], [{"tid": 4, "generated": 0, "bbox": {"xmin": 228, "ymin": 140, "ymax": 226, "xmax": 325}}, {"tid": 6, "generated": 0, "bbox": {"xmin": 39, "ymin": 117, "ymax": 264, "xmax": 212}}], [{"tid": 4, "generated": 0, "bbox": {"xmin": 228, "ymin": 140, "ymax": 227, "xmax": 327}}, {"tid": 6, "generated": 0, "bbox": {"xmin": 39, "ymin": 117, "ymax": 264, "xmax": 212}}], [{"tid": 4, "generated": 0, "bbox": {"xmin": 227, "ymin": 139, "ymax": 228, "xmax": 329}}, {"tid": 6, "generated": 0, "bbox": {"xmin": 39, "ymin": 116, "ymax": 263, "xmax": 212}}], [{"tid": 4, "generated": 0, "bbox": {"xmin": 227, "ymin": 139, "ymax": 229, "xmax": 331}}, {"tid": 6, "generated": 0, "bbox": {"xmin": 39, "ymin": 116, "ymax": 263, "xmax": 212}}], [{"tid": 4, "generated": 0, "bbox": {"xmin": 227, "ymin": 138, "ymax": 230, "xmax": 333}}, {"tid": 6, "generated": 0, "bbox": {"xmin": 39, "ymin": 116, "ymax": 263, "xmax": 212}}], [{"tid": 4, "generated": 0, "bbox": {"xmin": 226, "ymin": 138, "ymax": 231, "xmax": 335}}, {"tid": 6, "generated": 0, "bbox": {"xmin": 38, "ymin": 116, "ymax": 263, "xmax": 211}}], [{"tid": 4, "generated": 0, "bbox": {"xmin": 226, "ymin": 138, "ymax": 232, "xmax": 338}}, {"tid": 6, "generated": 0, "bbox": {"xmin": 38, "ymin": 116, "ymax": 263, "xmax": 211}}], [{"tid": 4, "generated": 0, "bbox": {"xmin": 226, "ymin": 137, "ymax": 233, "xmax": 340}}, {"tid": 6, "generated": 0, "bbox": {"xmin": 38, "ymin": 116, "ymax": 263, "xmax": 211}}], [{"tid": 4, "generated": 0, "bbox": {"xmin": 225, "ymin": 137, "ymax": 234, "xmax": 342}}, {"tid": 6, "generated": 0, "bbox": {"xmin": 38, "ymin": 116, "ymax": 263, "xmax": 211}}], [{"tid": 4, "generated": 0, "bbox": {"xmin": 225, "ymin": 136, "ymax": 235, "xmax": 344}}, {"tid": 6, "generated": 0, "bbox": {"xmin": 38, "ymin": 116, "ymax": 263, "xmax": 211}}], [{"tid": 4, "generated": 0, "bbox": {"xmin": 225, "ymin": 136, "ymax": 236, "xmax": 346}}, {"tid": 6, "generated": 0, "bbox": {"xmin": 38, "ymin": 116, "ymax": 263, "xmax": 211}}], [{"tid": 4, "generated": 0, "bbox": {"xmin": 225, "ymin": 136, "ymax": 238, "xmax": 349}}, {"tid": 6, "generated": 0, "bbox": {"xmin": 38, "ymin": 116, "ymax": 263, "xmax": 211}}], [{"tid": 4, "generated": 0, "bbox": {"xmin": 223, "ymin": 135, "ymax": 238, "xmax": 350}}, {"tid": 6, "generated": 0, "bbox": {"xmin": 36, "ymin": 115, "ymax": 262, "xmax": 209}}], [{"tid": 4, "generated": 0, "bbox": {"xmin": 221, "ymin": 134, "ymax": 238, "xmax": 351}}, {"tid": 6, "generated": 0, "bbox": {"xmin": 35, "ymin": 115, "ymax": 262, "xmax": 208}}], [{"tid": 4, "generated": 0, "bbox": {"xmin": 219, "ymin": 133, "ymax": 238, "xmax": 352}}, {"tid": 6, "generated": 0, "bbox": {"xmin": 33, "ymin": 115, "ymax": 262, "xmax": 206}}], [{"tid": 4, "generated": 0, "bbox": {"xmin": 218, "ymin": 132, "ymax": 239, "xmax": 354}}, {"tid": 6, "generated": 0, "bbox": {"xmin": 32, "ymin": 115, "ymax": 262, "xmax": 205}}], [{"tid": 4, "generated": 0, "bbox": {"xmin": 216, "ymin": 132, "ymax": 239, "xmax": 355}}, {"tid": 6, "generated": 0, "bbox": {"xmin": 31, "ymin": 115, "ymax": 262, "xmax": 204}}], [{"tid": 4, "generated": 0, "bbox": {"xmin": 214, "ymin": 131, "ymax": 239, "xmax": 356}}, {"tid": 6, "generated": 0, "bbox": {"xmin": 29, "ymin": 114, "ymax": 261, "xmax": 202}}], [{"tid": 4, "generated": 0, "bbox": {"xmin": 213, "ymin": 130, "ymax": 240, "xmax": 358}}, {"tid": 6, "generated": 0, "bbox": {"xmin": 28, "ymin": 114, "ymax": 261, "xmax": 201}}], [{"tid": 4, "generated": 0, "bbox": {"xmin": 211, "ymin": 129, "ymax": 240, "xmax": 359}}, {"tid": 6, "generated": 0, "bbox": {"xmin": 26, "ymin": 114, "ymax": 261, "xmax": 199}}], [{"tid": 4, "generated": 0, "bbox": {"xmin": 209, "ymin": 128, "ymax": 240, "xmax": 360}}, {"tid": 6, "generated": 0, "bbox": {"xmin": 25, "ymin": 114, "ymax": 261, "xmax": 198}}], [{"tid": 4, "generated": 0, "bbox": {"xmin": 208, "ymin": 128, "ymax": 241, "xmax": 362}}, {"tid": 6, "generated": 0, "bbox": {"xmin": 24, "ymin": 114, "ymax": 261, "xmax": 197}}], [{"tid": 4, "generated": 0, "bbox": {"xmin": 205, "ymin": 127, "ymax": 241, "xmax": 362}}, {"tid": 6, "generated": 0, "bbox": {"xmin": 21, "ymin": 113, "ymax": 261, "xmax": 193}}], [{"tid": 4, "generated": 0, "bbox": {"xmin": 203, "ymin": 127, "ymax": 242, "xmax": 362}}, {"tid": 6, "generated": 0, "bbox": {"xmin": 19, "ymin": 113, "ymax": 262, "xmax": 189}}], [{"tid": 4, "generated": 0, "bbox": {"xmin": 201, "ymin": 126, "ymax": 243, "xmax": 362}}, {"tid": 6, "generated": 0, "bbox": {"xmin": 17, "ymin": 113, "ymax": 262, "xmax": 185}}], [{"tid": 4, "generated": 0, "bbox": {"xmin": 199, "ymin": 126, "ymax": 243, "xmax": 362}}, {"tid": 6, "generated": 0, "bbox": {"xmin": 14, "ymin": 112, "ymax": 263, "xmax": 181}}], [{"tid": 4, "generated": 0, "bbox": {"xmin": 197, "ymin": 126, "ymax": 244, "xmax": 362}}, {"tid": 6, "generated": 0, "bbox": {"xmin": 12, "ymin": 112, "ymax": 263, "xmax": 177}}], [{"tid": 4, "generated": 0, "bbox": {"xmin": 194, "ymin": 125, "ymax": 245, "xmax": 362}}, {"tid": 6, "generated": 0, "bbox": {"xmin": 10, "ymin": 112, "ymax": 264, "xmax": 173}}], [{"tid": 4, "generated": 0, "bbox": {"xmin": 192, "ymin": 125, "ymax": 245, "xmax": 362}}, {"tid": 6, "generated": 0, "bbox": {"xmin": 7, "ymin": 111, "ymax": 264, "xmax": 169}}], [{"tid": 4, "generated": 0, "bbox": {"xmin": 190, "ymin": 124, "ymax": 246, "xmax": 362}}, {"tid": 6, "generated": 0, "bbox": {"xmin": 5, "ymin": 111, "ymax": 265, "xmax": 165}}]], "subject/objects": [{"category": "bus", "tid": 0}, {"category": "bus", "tid": 1}, {"category": "car", "tid": 2}, {"category": "bus", "tid": 3}, {"category": "bus", "tid": 4}, {"category": "bicycle", "tid": 5}, {"category": "bus", "tid": 6}], "relation_instances": [{"end_fid": 30, "subject_tid": 0, "predicate": "stop_next_to", "begin_fid": 0, "object_tid": 1}, {"end_fid": 30, "subject_tid": 0, "predicate": "stop_left", "begin_fid": 0, "object_tid": 1}, {"end_fid": 30, "subject_tid": 1, "predicate": "move_next_to", "begin_fid": 0, "object_tid": 0}, {"end_fid": 30, "subject_tid": 1, "predicate": "move_past", "begin_fid": 0, "object_tid": 0}, {"end_fid": 30, "subject_tid": 1, "predicate": "move_right", "begin_fid": 0, "object_tid": 0}, {"end_fid": 60, "subject_tid": 0, "predicate": "stop_next_to", "begin_fid": 30, "object_tid": 1}, {"end_fid": 60, "subject_tid": 0, "predicate": "stop_left", "begin_fid": 30, "object_tid": 1}, {"end_fid": 60, "subject_tid": 1, "predicate": "move_next_to", "begin_fid": 30, "object_tid": 0}, {"end_fid": 60, "subject_tid": 1, "predicate": "move_past", "begin_fid": 30, "object_tid": 0}, {"end_fid": 60, "subject_tid": 1, "predicate": "move_right", "begin_fid": 30, "object_tid": 0}, {"end_fid": 690, "subject_tid": 1, "predicate": "move_front", "begin_fid": 660, "object_tid": 2}, {"end_fid": 690, "subject_tid": 1, "predicate": "taller", "begin_fid": 660, "object_tid": 2}, {"end_fid": 690, "subject_tid": 1, "predicate": "larger", "begin_fid": 660, "object_tid": 2}, {"end_fid": 690, "subject_tid": 2, "predicate": "stop_behind", "begin_fid": 660, "object_tid": 1}, {"end_fid": 720, "subject_tid": 1, "predicate": "move_front", "begin_fid": 690, "object_tid": 2}, {"end_fid": 720, "subject_tid": 1, "predicate": "taller", "begin_fid": 690, "object_tid": 2}, {"end_fid": 720, "subject_tid": 1, "predicate": "larger", "begin_fid": 690, "object_tid": 2}, {"end_fid": 720, "subject_tid": 2, "predicate": "stop_behind", "begin_fid": 690, "object_tid": 1}, {"end_fid": 825, "subject_tid": 3, "predicate": "move_behind", "begin_fid": 795, "object_tid": 5}, {"end_fid": 825, "subject_tid": 3, "predicate": "move_left", "begin_fid": 795, "object_tid": 5}, {"end_fid": 825, "subject_tid": 5, "predicate": "move_front", "begin_fid": 795, "object_tid": 3}, {"end_fid": 825, "subject_tid": 5, "predicate": "move_right", "begin_fid": 795, "object_tid": 3}, {"end_fid": 915, "subject_tid": 3, "predicate": "stop_right", "begin_fid": 885, "object_tid": 4}, {"end_fid": 915, "subject_tid": 4, "predicate": "move_left", "begin_fid": 885, "object_tid": 3}, {"end_fid": 1035, "subject_tid": 4, "predicate": "move_right", "begin_fid": 1005, "object_tid": 6}, {"end_fid": 1035, "subject_tid": 4, "predicate": "move_behind", "begin_fid": 1005, "object_tid": 6}, {"end_fid": 1035, "subject_tid": 6, "predicate": "stop_front", "begin_fid": 1005, "object_tid": 4}, {"end_fid": 1035, "subject_tid": 6, "predicate": "stop_left", "begin_fid": 1005, "object_tid": 4}, {"end_fid": 1110, "subject_tid": 4, "predicate": "move_right", "begin_fid": 1080, "object_tid": 6}, {"end_fid": 1110, "subject_tid": 4, "predicate": "move_behind", "begin_fid": 1080, "object_tid": 6}, {"end_fid": 1110, "subject_tid": 6, "predicate": "stop_front", "begin_fid": 1080, "object_tid": 4}, {"end_fid": 1110, "subject_tid": 6, "predicate": "stop_left", "begin_fid": 1080, "object_tid": 4}, {"end_fid": 1200, "subject_tid": 4, "predicate": "move_right", "begin_fid": 1170, "object_tid": 6}, {"end_fid": 1200, "subject_tid": 4, "predicate": "move_behind", "begin_fid": 1170, "object_tid": 6}, {"end_fid": 1200, "subject_tid": 6, "predicate": "stop_front", "begin_fid": 1170, "object_tid": 4}, {"end_fid": 1200, "subject_tid": 6, "predicate": "stop_left", "begin_fid": 1170, "object_tid": 4}, {"end_fid": 1260, "subject_tid": 4, "predicate": "move_right", "begin_fid": 1230, "object_tid": 6}, {"end_fid": 1260, "subject_tid": 4, "predicate": "move_next_to", "begin_fid": 1230, "object_tid": 6}, {"end_fid": 1260, "subject_tid": 4, "predicate": "move_past", "begin_fid": 1230, "object_tid": 6}, {"end_fid": 1260, "subject_tid": 4, "predicate": "move_behind", "begin_fid": 1230, "object_tid": 6}, {"end_fid": 1260, "subject_tid": 6, "predicate": "stop_next_to", "begin_fid": 1230, "object_tid": 4}, {"end_fid": 1260, "subject_tid": 6, "predicate": "stop_front", "begin_fid": 1230, "object_tid": 4}, {"end_fid": 1260, "subject_tid": 6, "predicate": "stop_left", "begin_fid": 1230, "object_tid": 4}, {"end_fid": 1290, "subject_tid": 4, "predicate": "move_right", "begin_fid": 1260, "object_tid": 6}, {"end_fid": 1290, "subject_tid": 4, "predicate": "move_next_to", "begin_fid": 1260, "object_tid": 6}, {"end_fid": 1290, "subject_tid": 4, "predicate": "move_past", "begin_fid": 1260, "object_tid": 6}, {"end_fid": 1290, "subject_tid": 6, "predicate": "stop_next_to", "begin_fid": 1260, "object_tid": 4}, {"end_fid": 1290, "subject_tid": 6, "predicate": "stop_left", "begin_fid": 1260, "object_tid": 4}], "height": 360}