{"width": 1280, "frame_count": 250, "video_id": "ILSVRC2015_train_01124002", "fps": 25, "trajectories": [[{"tid": 0, "generated": 0, "bbox": {"xmin": 615, "ymin": 396, "ymax": 640, "xmax": 832}}, {"tid": 1, "generated": 0, "bbox": {"xmin": 357, "ymin": 147, "ymax": 224, "xmax": 449}}, {"tid": 2, "generated": 0, "bbox": {"xmin": 448, "ymin": 167, "ymax": 231, "xmax": 593}}, {"tid": 3, "generated": 0, "bbox": {"xmin": 933, "ymin": 165, "ymax": 419, "xmax": 1276}}, {"tid": 4, "generated": 0, "bbox": {"xmin": 739, "ymin": 167, "ymax": 311, "xmax": 961}}, {"tid": 5, "generated": 0, "bbox": {"xmin": 647, "ymin": 172, "ymax": 261, "xmax": 757}}, {"tid": 6, "generated": 0, "bbox": {"xmin": 604, "ymin": 163, "ymax": 240, "xmax": 672}}, {"tid": 14, "generated": 0, "bbox": {"xmin": 984, "ymin": 117, "ymax": 270, "xmax": 1091}}], [{"tid": 0, "generated": 0, "bbox": {"xmin": 620, "ymin": 391, "ymax": 634, "xmax": 840}}, {"tid": 1, "generated": 0, "bbox": {"xmin": 355, "ymin": 147, "ymax": 222, "xmax": 448}}, {"tid": 2, "generated": 0, "bbox": {"xmin": 448, "ymin": 167, "ymax": 229, "xmax": 586}}, {"tid": 3, "generated": 0, "bbox": {"xmin": 924, "ymin": 165, "ymax": 417, "xmax": 1276}}, {"tid": 4, "generated": 0, "bbox": {"xmin": 736, "ymin": 165, "ymax": 309, "xmax": 958}}, {"tid": 5, "generated": 0, "bbox": {"xmin": 641, "ymin": 169, "ymax": 258, "xmax": 753}}, {"tid": 6, "generated": 0, "bbox": {"xmin": 600, "ymin": 163, "ymax": 240, "xmax": 668}}, {"tid": 14, "generated": 0, "bbox": {"xmin": 980, "ymin": 115, "ymax": 268, "xmax": 1087}}], [{"tid": 0, "generated": 0, "bbox": {"xmin": 625, "ymin": 387, "ymax": 631, "xmax": 851}}, {"tid": 1, "generated": 0, "bbox": {"xmin": 353, "ymin": 147, "ymax": 221, "xmax": 447}}, {"tid": 2, "generated": 0, "bbox": {"xmin": 442, "ymin": 156, "ymax": 224, "xmax": 583}}, {"tid": 3, "generated": 0, "bbox": {"xmin": 921, "ymin": 165, "ymax": 416, "xmax": 1276}}, {"tid": 4, "generated": 0, "bbox": {"xmin": 736, "ymin": 163, "ymax": 305, "xmax": 960}}, {"tid": 5, "generated": 0, "bbox": {"xmin": 636, "ymin": 167, "ymax": 256, "xmax": 750}}, {"tid": 6, "generated": 0, "bbox": {"xmin": 597, "ymin": 163, "ymax": 240, "xmax": 664}}, {"tid": 14, "generated": 0, "bbox": {"xmin": 977, "ymin": 113, "ymax": 266, "xmax": 1084}}], [{"tid": 0, "generated": 0, "bbox": {"xmin": 631, "ymin": 383, "ymax": 630, "xmax": 860}}, {"tid": 1, "generated": 0, "bbox": {"xmin": 352, "ymin": 147, "ymax": 220, "xmax": 446}}, {"tid": 2, "generated": 0, "bbox": {"xmin": 435, "ymin": 156, "ymax": 224, "xmax": 580}}, {"tid": 3, "generated": 0, "bbox": {"xmin": 918, "ymin": 165, "ymax": 415, "xmax": 1276}}, {"tid": 4, "generated": 0, "bbox": {"xmin": 731, "ymin": 162, "ymax": 304, "xmax": 956}}, {"tid": 5, "generated": 0, "bbox": {"xmin": 631, "ymin": 165, "ymax": 256, "xmax": 744}}, {"tid": 6, "generated": 0, "bbox": {"xmin": 597, "ymin": 158, "ymax": 234, "xmax": 664}}, {"tid": 14, "generated": 0, "bbox": {"xmin": 973, "ymin": 111, "ymax": 264, "xmax": 1080}}], [{"tid": 0, "generated": 0, "bbox": {"xmin": 637, "ymin": 380, "ymax": 630, "xmax": 870}}, {"tid": 1, "generated": 0, "bbox": {"xmin": 344, "ymin": 147, "ymax": 224, "xmax": 428}}, {"tid": 2, "generated": 0, "bbox": {"xmin": 428, "ymin": 156, "ymax": 225, "xmax": 577}}, {"tid": 3, "generated": 0, "bbox": {"xmin": 915, "ymin": 165, "ymax": 414, "xmax": 1276}}, {"tid": 4, "generated": 0, "bbox": {"xmin": 727, "ymin": 161, "ymax": 304, "xmax": 952}}, {"tid": 5, "generated": 0, "bbox": {"xmin": 626, "ymin": 163, "ymax": 256, "xmax": 739}}, {"tid": 6, "generated": 0, "bbox": {"xmin": 592, "ymin": 160, "ymax": 236, "xmax": 659}}, {"tid": 14, "generated": 0, "bbox": {"xmin": 970, "ymin": 109, "ymax": 262, "xmax": 1077}}], [{"tid": 0, "generated": 0, "bbox": {"xmin": 643, "ymin": 376, "ymax": 629, "xmax": 880}}, {"tid": 1, "generated": 0, "bbox": {"xmin": 336, "ymin": 147, "ymax": 222, "xmax": 428}}, {"tid": 2, "generated": 0, "bbox": {"xmin": 428, "ymin": 160, "ymax": 220, "xmax": 570}}, {"tid": 3, "generated": 0, "bbox": {"xmin": 912, "ymin": 162, "ymax": 413, "xmax": 1275}}, {"tid": 4, "generated": 0, "bbox": {"xmin": 723, "ymin": 161, "ymax": 304, "xmax": 949}}, {"tid": 5, "generated": 0, "bbox": {"xmin": 622, "ymin": 161, "ymax": 257, "xmax": 734}}, {"tid": 6, "generated": 0, "bbox": {"xmin": 587, "ymin": 162, "ymax": 238, "xmax": 654}}, {"tid": 14, "generated": 0, "bbox": {"xmin": 966, "ymin": 107, "ymax": 260, "xmax": 1073}}], [{"tid": 0, "generated": 0, "bbox": {"xmin": 650, "ymin": 373, "ymax": 629, "xmax": 890}}, {"tid": 1, "generated": 0, "bbox": {"xmin": 336, "ymin": 147, "ymax": 225, "xmax": 421}}, {"tid": 2, "generated": 0, "bbox": {"xmin": 424, "ymin": 160, "ymax": 222, "xmax": 568}}, {"tid": 3, "generated": 0, "bbox": {"xmin": 910, "ymin": 160, "ymax": 412, "xmax": 1274}}, {"tid": 4, "generated": 0, "bbox": {"xmin": 718, "ymin": 162, "ymax": 305, "xmax": 945}}, {"tid": 5, "generated": 0, "bbox": {"xmin": 617, "ymin": 164, "ymax": 258, "xmax": 730}}, {"tid": 6, "generated": 0, "bbox": {"xmin": 583, "ymin": 164, "ymax": 240, "xmax": 650}}, {"tid": 14, "generated": 0, "bbox": {"xmin": 963, "ymin": 109, "ymax": 262, "xmax": 1070}}], [{"tid": 0, "generated": 0, "bbox": {"xmin": 655, "ymin": 369, "ymax": 630, "xmax": 904}}, {"tid": 1, "generated": 0, "bbox": {"xmin": 328, "ymin": 147, "ymax": 225, "xmax": 419}}, {"tid": 2, "generated": 0, "bbox": {"xmin": 421, "ymin": 160, "ymax": 224, "xmax": 567}}, {"tid": 3, "generated": 0, "bbox": {"xmin": 908, "ymin": 158, "ymax": 412, "xmax": 1274}}, {"tid": 4, "generated": 0, "bbox": {"xmin": 714, "ymin": 163, "ymax": 306, "xmax": 941}}, {"tid": 5, "generated": 0, "bbox": {"xmin": 613, "ymin": 167, "ymax": 260, "xmax": 726}}, {"tid": 6, "generated": 0, "bbox": {"xmin": 578, "ymin": 166, "ymax": 242, "xmax": 645}}, {"tid": 14, "generated": 0, "bbox": {"xmin": 959, "ymin": 111, "ymax": 264, "xmax": 1066}}], [{"tid": 0, "generated": 0, "bbox": {"xmin": 661, "ymin": 366, "ymax": 631, "xmax": 918}}, {"tid": 1, "generated": 0, "bbox": {"xmin": 328, "ymin": 149, "ymax": 231, "xmax": 416}}, {"tid": 2, "generated": 0, "bbox": {"xmin": 416, "ymin": 163, "ymax": 227, "xmax": 561}}, {"tid": 3, "generated": 0, "bbox": {"xmin": 908, "ymin": 161, "ymax": 410, "xmax": 1276}}, {"tid": 4, "generated": 0, "bbox": {"xmin": 710, "ymin": 165, "ymax": 307, "xmax": 938}}, {"tid": 5, "generated": 0, "bbox": {"xmin": 608, "ymin": 170, "ymax": 262, "xmax": 722}}, {"tid": 6, "generated": 0, "bbox": {"xmin": 574, "ymin": 168, "ymax": 244, "xmax": 641}}, {"tid": 14, "generated": 0, "bbox": {"xmin": 956, "ymin": 113, "ymax": 266, "xmax": 1063}}], [{"tid": 0, "generated": 0, "bbox": {"xmin": 667, "ymin": 362, "ymax": 632, "xmax": 932}}, {"tid": 1, "generated": 0, "bbox": {"xmin": 321, "ymin": 151, "ymax": 236, "xmax": 412}}, {"tid": 2, "generated": 0, "bbox": {"xmin": 416, "ymin": 172, "ymax": 234, "xmax": 558}}, {"tid": 3, "generated": 0, "bbox": {"xmin": 908, "ymin": 163, "ymax": 410, "xmax": 1276}}, {"tid": 4, "generated": 0, "bbox": {"xmin": 706, "ymin": 166, "ymax": 308, "xmax": 934}}, {"tid": 5, "generated": 0, "bbox": {"xmin": 604, "ymin": 173, "ymax": 264, "xmax": 718}}, {"tid": 6, "generated": 0, "bbox": {"xmin": 569, "ymin": 170, "ymax": 246, "xmax": 636}}, {"tid": 14, "generated": 0, "bbox": {"xmin": 952, "ymin": 115, "ymax": 268, "xmax": 1059}}], [{"tid": 0, "generated": 0, "bbox": {"xmin": 673, "ymin": 359, "ymax": 634, "xmax": 947}}, {"tid": 1, "generated": 0, "bbox": {"xmin": 314, "ymin": 158, "ymax": 234, "xmax": 401}}, {"tid": 2, "generated": 0, "bbox": {"xmin": 410, "ymin": 172, "ymax": 234, "xmax": 552}}, {"tid": 3, "generated": 0, "bbox": {"xmin": 901, "ymin": 163, "ymax": 408, "xmax": 1276}}, {"tid": 4, "generated": 0, "bbox": {"xmin": 702, "ymin": 168, "ymax": 309, "xmax": 931}}, {"tid": 5, "generated": 0, "bbox": {"xmin": 600, "ymin": 176, "ymax": 266, "xmax": 714}}, {"tid": 6, "generated": 0, "bbox": {"xmin": 565, "ymin": 172, "ymax": 248, "xmax": 632}}, {"tid": 14, "generated": 0, "bbox": {"xmin": 949, "ymin": 117, "ymax": 270, "xmax": 1056}}], [{"tid": 0, "generated": 0, "bbox": {"xmin": 685, "ymin": 354, "ymax": 633, "xmax": 953}}, {"tid": 1, "generated": 0, "bbox": {"xmin": 304, "ymin": 158, "ymax": 241, "xmax": 398}}, {"tid": 2, "generated": 0, "bbox": {"xmin": 400, "ymin": 181, "ymax": 243, "xmax": 542}}, {"tid": 3, "generated": 0, "bbox": {"xmin": 890, "ymin": 176, "ymax": 424, "xmax": 1276}}, {"tid": 4, "generated": 0, "bbox": {"xmin": 689, "ymin": 176, "ymax": 316, "xmax": 919}}, {"tid": 5, "generated": 0, "bbox": {"xmin": 590, "ymin": 183, "ymax": 270, "xmax": 700}}, {"tid": 6, "generated": 0, "bbox": {"xmin": 555, "ymin": 175, "ymax": 250, "xmax": 621}}, {"tid": 14, "generated": 0, "bbox": {"xmin": 937, "ymin": 120, "ymax": 273, "xmax": 1044}}], [{"tid": 0, "generated": 0, "bbox": {"xmin": 698, "ymin": 350, "ymax": 632, "xmax": 959}}, {"tid": 1, "generated": 0, "bbox": {"xmin": 295, "ymin": 165, "ymax": 250, "xmax": 384}}, {"tid": 2, "generated": 0, "bbox": {"xmin": 392, "ymin": 183, "ymax": 245, "xmax": 535}}, {"tid": 3, "generated": 0, "bbox": {"xmin": 880, "ymin": 176, "ymax": 423, "xmax": 1276}}, {"tid": 4, "generated": 0, "bbox": {"xmin": 679, "ymin": 177, "ymax": 318, "xmax": 908}}, {"tid": 5, "generated": 0, "bbox": {"xmin": 583, "ymin": 184, "ymax": 273, "xmax": 693}}, {"tid": 6, "generated": 0, "bbox": {"xmin": 545, "ymin": 179, "ymax": 252, "xmax": 611}}, {"tid": 14, "generated": 0, "bbox": {"xmin": 925, "ymin": 122, "ymax": 275, "xmax": 1032}}], [{"tid": 0, "generated": 0, "bbox": {"xmin": 711, "ymin": 346, "ymax": 631, "xmax": 965}}, {"tid": 1, "generated": 0, "bbox": {"xmin": 284, "ymin": 165, "ymax": 245, "xmax": 376}}, {"tid": 2, "generated": 0, "bbox": {"xmin": 376, "ymin": 181, "ymax": 243, "xmax": 519}}, {"tid": 3, "generated": 0, "bbox": {"xmin": 866, "ymin": 179, "ymax": 425, "xmax": 1276}}, {"tid": 4, "generated": 0, "bbox": {"xmin": 668, "ymin": 181, "ymax": 321, "xmax": 897}}, {"tid": 5, "generated": 0, "bbox": {"xmin": 574, "ymin": 184, "ymax": 273, "xmax": 686}}, {"tid": 6, "generated": 0, "bbox": {"xmin": 536, "ymin": 183, "ymax": 254, "xmax": 609}}, {"tid": 14, "generated": 0, "bbox": {"xmin": 914, "ymin": 125, "ymax": 278, "xmax": 1021}}], [{"tid": 0, "generated": 0, "bbox": {"xmin": 743, "ymin": 341, "ymax": 631, "xmax": 972}}, {"tid": 1, "generated": 0, "bbox": {"xmin": 268, "ymin": 166, "ymax": 248, "xmax": 361}}, {"tid": 2, "generated": 0, "bbox": {"xmin": 364, "ymin": 181, "ymax": 243, "xmax": 506}}, {"tid": 3, "generated": 0, "bbox": {"xmin": 853, "ymin": 183, "ymax": 428, "xmax": 1276}}, {"tid": 4, "generated": 0, "bbox": {"xmin": 654, "ymin": 184, "ymax": 324, "xmax": 883}}, {"tid": 5, "generated": 0, "bbox": {"xmin": 558, "ymin": 186, "ymax": 275, "xmax": 673}}, {"tid": 6, "generated": 0, "bbox": {"xmin": 520, "ymin": 183, "ymax": 257, "xmax": 597}}, {"tid": 14, "generated": 0, "bbox": {"xmin": 902, "ymin": 127, "ymax": 280, "xmax": 1009}}], [{"tid": 0, "generated": 0, "bbox": {"xmin": 755, "ymin": 330, "ymax": 629, "xmax": 983}}, {"tid": 1, "generated": 0, "bbox": {"xmin": 253, "ymin": 168, "ymax": 251, "xmax": 346}}, {"tid": 2, "generated": 0, "bbox": {"xmin": 344, "ymin": 183, "ymax": 245, "xmax": 487}}, {"tid": 3, "generated": 0, "bbox": {"xmin": 842, "ymin": 183, "ymax": 426, "xmax": 1276}}, {"tid": 4, "generated": 0, "bbox": {"xmin": 640, "ymin": 187, "ymax": 327, "xmax": 869}}, {"tid": 5, "generated": 0, "bbox": {"xmin": 543, "ymin": 188, "ymax": 277, "xmax": 660}}, {"tid": 6, "generated": 0, "bbox": {"xmin": 506, "ymin": 184, "ymax": 259, "xmax": 585}}, {"tid": 14, "generated": 0, "bbox": {"xmin": 890, "ymin": 130, "ymax": 283, "xmax": 997}}], [{"tid": 0, "generated": 0, "bbox": {"xmin": 769, "ymin": 327, "ymax": 616, "xmax": 1000}}, {"tid": 1, "generated": 0, "bbox": {"xmin": 238, "ymin": 170, "ymax": 254, "xmax": 332}}, {"tid": 2, "generated": 0, "bbox": {"xmin": 330, "ymin": 192, "ymax": 254, "xmax": 480}}, {"tid": 3, "generated": 0, "bbox": {"xmin": 832, "ymin": 186, "ymax": 426, "xmax": 1278}}, {"tid": 4, "generated": 0, "bbox": {"xmin": 627, "ymin": 190, "ymax": 330, "xmax": 856}}, {"tid": 5, "generated": 0, "bbox": {"xmin": 528, "ymin": 190, "ymax": 279, "xmax": 648}}, {"tid": 6, "generated": 0, "bbox": {"xmin": 492, "ymin": 185, "ymax": 261, "xmax": 574}}, {"tid": 14, "generated": 0, "bbox": {"xmin": 876, "ymin": 131, "ymax": 284, "xmax": 983}}], [{"tid": 0, "generated": 0, "bbox": {"xmin": 768, "ymin": 325, "ymax": 624, "xmax": 1016}}, {"tid": 1, "generated": 0, "bbox": {"xmin": 218, "ymin": 172, "ymax": 254, "xmax": 311}}, {"tid": 2, "generated": 0, "bbox": {"xmin": 312, "ymin": 192, "ymax": 254, "xmax": 463}}, {"tid": 3, "generated": 0, "bbox": {"xmin": 819, "ymin": 186, "ymax": 424, "xmax": 1278}}, {"tid": 4, "generated": 0, "bbox": {"xmin": 613, "ymin": 189, "ymax": 329, "xmax": 842}}, {"tid": 5, "generated": 0, "bbox": {"xmin": 519, "ymin": 190, "ymax": 279, "xmax": 640}}, {"tid": 6, "generated": 0, "bbox": {"xmin": 478, "ymin": 186, "ymax": 264, "xmax": 563}}, {"tid": 14, "generated": 0, "bbox": {"xmin": 862, "ymin": 131, "ymax": 284, "xmax": 969}}], [{"tid": 0, "generated": 0, "bbox": {"xmin": 756, "ymin": 325, "ymax": 630, "xmax": 1018}}, {"tid": 1, "generated": 0, "bbox": {"xmin": 200, "ymin": 172, "ymax": 252, "xmax": 291}}, {"tid": 2, "generated": 0, "bbox": {"xmin": 294, "ymin": 192, "ymax": 255, "xmax": 446}}, {"tid": 3, "generated": 0, "bbox": {"xmin": 807, "ymin": 186, "ymax": 423, "xmax": 1278}}, {"tid": 4, "generated": 0, "bbox": {"xmin": 599, "ymin": 188, "ymax": 328, "xmax": 828}}, {"tid": 5, "generated": 0, "bbox": {"xmin": 502, "ymin": 191, "ymax": 282, "xmax": 622}}, {"tid": 6, "generated": 0, "bbox": {"xmin": 463, "ymin": 187, "ymax": 264, "xmax": 543}}, {"tid": 14, "generated": 0, "bbox": {"xmin": 849, "ymin": 132, "ymax": 285, "xmax": 956}}], [{"tid": 0, "generated": 0, "bbox": {"xmin": 744, "ymin": 325, "ymax": 636, "xmax": 1020}}, {"tid": 1, "generated": 0, "bbox": {"xmin": 181, "ymin": 172, "ymax": 256, "xmax": 275}}, {"tid": 2, "generated": 0, "bbox": {"xmin": 276, "ymin": 192, "ymax": 255, "xmax": 429}}, {"tid": 3, "generated": 0, "bbox": {"xmin": 791, "ymin": 186, "ymax": 421, "xmax": 1278}}, {"tid": 4, "generated": 0, "bbox": {"xmin": 585, "ymin": 187, "ymax": 327, "xmax": 814}}, {"tid": 5, "generated": 0, "bbox": {"xmin": 485, "ymin": 193, "ymax": 285, "xmax": 605}}, {"tid": 6, "generated": 0, "bbox": {"xmin": 449, "ymin": 188, "ymax": 265, "xmax": 523}}, {"tid": 14, "generated": 0, "bbox": {"xmin": 835, "ymin": 132, "ymax": 285, "xmax": 942}}], [{"tid": 0, "generated": 0, "bbox": {"xmin": 737, "ymin": 320, "ymax": 636, "xmax": 1020}}, {"tid": 1, "generated": 0, "bbox": {"xmin": 163, "ymin": 172, "ymax": 259, "xmax": 257}}, {"tid": 2, "generated": 0, "bbox": {"xmin": 258, "ymin": 192, "ymax": 256, "xmax": 412}}, {"tid": 3, "generated": 0, "bbox": {"xmin": 769, "ymin": 186, "ymax": 419, "xmax": 1278}}, {"tid": 4, "generated": 0, "bbox": {"xmin": 572, "ymin": 186, "ymax": 327, "xmax": 801}}, {"tid": 5, "generated": 0, "bbox": {"xmin": 469, "ymin": 195, "ymax": 288, "xmax": 588}}, {"tid": 6, "generated": 0, "bbox": {"xmin": 435, "ymin": 190, "ymax": 266, "xmax": 503}}, {"tid": 14, "generated": 0, "bbox": {"xmin": 821, "ymin": 133, "ymax": 286, "xmax": 928}}], [{"tid": 0, "generated": 0, "bbox": {"xmin": 728, "ymin": 320, "ymax": 634, "xmax": 1015}}, {"tid": 1, "generated": 0, "bbox": {"xmin": 142, "ymin": 172, "ymax": 258, "xmax": 234}}, {"tid": 2, "generated": 0, "bbox": {"xmin": 241, "ymin": 192, "ymax": 257, "xmax": 396}}, {"tid": 3, "generated": 0, "bbox": {"xmin": 755, "ymin": 184, "ymax": 416, "xmax": 1249}}, {"tid": 4, "generated": 0, "bbox": {"xmin": 547, "ymin": 184, "ymax": 325, "xmax": 776}}, {"tid": 5, "generated": 0, "bbox": {"xmin": 449, "ymin": 193, "ymax": 286, "xmax": 569}}, {"tid": 6, "generated": 0, "bbox": {"xmin": 410, "ymin": 190, "ymax": 266, "xmax": 487}}, {"tid": 14, "generated": 0, "bbox": {"xmin": 806, "ymin": 131, "ymax": 284, "xmax": 913}}], [{"tid": 0, "generated": 0, "bbox": {"xmin": 720, "ymin": 320, "ymax": 608, "xmax": 1004}}, {"tid": 1, "generated": 0, "bbox": {"xmin": 122, "ymin": 172, "ymax": 257, "xmax": 211}}, {"tid": 2, "generated": 0, "bbox": {"xmin": 216, "ymin": 192, "ymax": 257, "xmax": 373}}, {"tid": 3, "generated": 0, "bbox": {"xmin": 741, "ymin": 179, "ymax": 411, "xmax": 1231}}, {"tid": 4, "generated": 0, "bbox": {"xmin": 534, "ymin": 182, "ymax": 322, "xmax": 762}}, {"tid": 5, "generated": 0, "bbox": {"xmin": 430, "ymin": 192, "ymax": 284, "xmax": 551}}, {"tid": 6, "generated": 0, "bbox": {"xmin": 396, "ymin": 188, "ymax": 264, "xmax": 473}}, {"tid": 14, "generated": 0, "bbox": {"xmin": 791, "ymin": 129, "ymax": 282, "xmax": 898}}], [{"tid": 0, "generated": 0, "bbox": {"xmin": 716, "ymin": 309, "ymax": 611, "xmax": 1002}}, {"tid": 1, "generated": 0, "bbox": {"xmin": 101, "ymin": 172, "ymax": 254, "xmax": 199}}, {"tid": 2, "generated": 0, "bbox": {"xmin": 204, "ymin": 184, "ymax": 250, "xmax": 360}}, {"tid": 3, "generated": 0, "bbox": {"xmin": 727, "ymin": 174, "ymax": 407, "xmax": 1214}}, {"tid": 4, "generated": 0, "bbox": {"xmin": 522, "ymin": 180, "ymax": 320, "xmax": 748}}, {"tid": 5, "generated": 0, "bbox": {"xmin": 414, "ymin": 186, "ymax": 280, "xmax": 538}}, {"tid": 6, "generated": 0, "bbox": {"xmin": 383, "ymin": 186, "ymax": 262, "xmax": 460}}, {"tid": 14, "generated": 0, "bbox": {"xmin": 777, "ymin": 127, "ymax": 280, "xmax": 884}}], [{"tid": 0, "generated": 0, "bbox": {"xmin": 716, "ymin": 309, "ymax": 615, "xmax": 1004}}, {"tid": 1, "generated": 0, "bbox": {"xmin": 92, "ymin": 172, "ymax": 252, "xmax": 193}}, {"tid": 2, "generated": 0, "bbox": {"xmin": 190, "ymin": 184, "ymax": 250, "xmax": 347}}, {"tid": 3, "generated": 0, "bbox": {"xmin": 712, "ymin": 172, "ymax": 401, "xmax": 1207}}, {"tid": 4, "generated": 0, "bbox": {"xmin": 509, "ymin": 178, "ymax": 318, "xmax": 734}}, {"tid": 5, "generated": 0, "bbox": {"xmin": 407, "ymin": 184, "ymax": 273, "xmax": 531}}, {"tid": 6, "generated": 0, "bbox": {"xmin": 370, "ymin": 184, "ymax": 260, "xmax": 446}}, {"tid": 14, "generated": 0, "bbox": {"xmin": 762, "ymin": 125, "ymax": 278, "xmax": 869}}], [{"tid": 0, "generated": 0, "bbox": {"xmin": 716, "ymin": 311, "ymax": 616, "xmax": 1013}}, {"tid": 1, "generated": 0, "bbox": {"xmin": 78, "ymin": 172, "ymax": 254, "xmax": 179}}, {"tid": 2, "generated": 0, "bbox": {"xmin": 176, "ymin": 184, "ymax": 251, "xmax": 334}}, {"tid": 3, "generated": 0, "bbox": {"xmin": 698, "ymin": 171, "ymax": 400, "xmax": 1193}}, {"tid": 4, "generated": 0, "bbox": {"xmin": 497, "ymin": 177, "ymax": 316, "xmax": 720}}, {"tid": 5, "generated": 0, "bbox": {"xmin": 392, "ymin": 183, "ymax": 273, "xmax": 520}}, {"tid": 6, "generated": 0, "bbox": {"xmin": 357, "ymin": 183, "ymax": 259, "xmax": 433}}, {"tid": 14, "generated": 0, "bbox": {"xmin": 747, "ymin": 123, "ymax": 276, "xmax": 854}}], [{"tid": 0, "generated": 0, "bbox": {"xmin": 712, "ymin": 312, "ymax": 640, "xmax": 1009}}, {"tid": 1, "generated": 0, "bbox": {"xmin": 62, "ymin": 170, "ymax": 252, "xmax": 163}}, {"tid": 2, "generated": 0, "bbox": {"xmin": 163, "ymin": 184, "ymax": 252, "xmax": 321}}, {"tid": 3, "generated": 0, "bbox": {"xmin": 684, "ymin": 170, "ymax": 400, "xmax": 1180}}, {"tid": 4, "generated": 0, "bbox": {"xmin": 487, "ymin": 176, "ymax": 312, "xmax": 704}}, {"tid": 5, "generated": 0, "bbox": {"xmin": 380, "ymin": 181, "ymax": 272, "xmax": 503}}, {"tid": 6, "generated": 0, "bbox": {"xmin": 341, "ymin": 181, "ymax": 257, "xmax": 419}}, {"tid": 14, "generated": 0, "bbox": {"xmin": 732, "ymin": 123, "ymax": 276, "xmax": 839}}], [{"tid": 0, "generated": 0, "bbox": {"xmin": 709, "ymin": 314, "ymax": 638, "xmax": 1009}}, {"tid": 1, "generated": 0, "bbox": {"xmin": 37, "ymin": 168, "ymax": 252, "xmax": 136}}, {"tid": 2, "generated": 0, "bbox": {"xmin": 146, "ymin": 181, "ymax": 248, "xmax": 306}}, {"tid": 3, "generated": 0, "bbox": {"xmin": 670, "ymin": 169, "ymax": 399, "xmax": 1162}}, {"tid": 4, "generated": 0, "bbox": {"xmin": 474, "ymin": 175, "ymax": 311, "xmax": 691}}, {"tid": 5, "generated": 0, "bbox": {"xmin": 366, "ymin": 179, "ymax": 272, "xmax": 491}}, {"tid": 6, "generated": 0, "bbox": {"xmin": 326, "ymin": 179, "ymax": 256, "xmax": 406}}, {"tid": 14, "generated": 0, "bbox": {"xmin": 718, "ymin": 123, "ymax": 276, "xmax": 825}}], [{"tid": 0, "generated": 0, "bbox": {"xmin": 709, "ymin": 316, "ymax": 636, "xmax": 1006}}, {"tid": 1, "generated": 0, "bbox": {"xmin": 21, "ymin": 163, "ymax": 247, "xmax": 124}}, {"tid": 2, "generated": 0, "bbox": {"xmin": 129, "ymin": 179, "ymax": 245, "xmax": 291}}, {"tid": 3, "generated": 0, "bbox": {"xmin": 656, "ymin": 168, "ymax": 398, "xmax": 1145}}, {"tid": 4, "generated": 0, "bbox": {"xmin": 461, "ymin": 174, "ymax": 311, "xmax": 678}}, {"tid": 5, "generated": 0, "bbox": {"xmin": 352, "ymin": 178, "ymax": 272, "xmax": 479}}, {"tid": 6, "generated": 0, "bbox": {"xmin": 311, "ymin": 177, "ymax": 255, "xmax": 393}}, {"tid": 14, "generated": 0, "bbox": {"xmin": 703, "ymin": 122, "ymax": 275, "xmax": 810}}], [{"tid": 0, "generated": 0, "bbox": {"xmin": 714, "ymin": 318, "ymax": 636, "xmax": 999}}, {"tid": 1, "generated": 0, "bbox": {"xmin": 7, "ymin": 163, "ymax": 247, "xmax": 108}}, {"tid": 2, "generated": 0, "bbox": {"xmin": 112, "ymin": 176, "ymax": 241, "xmax": 275}}, {"tid": 3, "generated": 0, "bbox": {"xmin": 643, "ymin": 168, "ymax": 398, "xmax": 1128}}, {"tid": 4, "generated": 0, "bbox": {"xmin": 449, "ymin": 174, "ymax": 311, "xmax": 666}}, {"tid": 5, "generated": 0, "bbox": {"xmin": 339, "ymin": 177, "ymax": 272, "xmax": 467}}, {"tid": 6, "generated": 0, "bbox": {"xmin": 296, "ymin": 176, "ymax": 254, "xmax": 380}}, {"tid": 14, "generated": 0, "bbox": {"xmin": 689, "ymin": 122, "ymax": 275, "xmax": 796}}], [], [], [], [], [], [], [], [], [], [], [], [], [], [], [], [], [], [], [], [], [], [], [], [], [], [], [], [], [], [], [], [], [], [], [], [], [], [], [], [], [], [], [], [], [], [], [], [], [], [], [], [], [], [], [], [], [], [], [], [], [], [], [], [], [], [], [], [], [], [], [], [], [], [], [], [], [], [], [], [], [], [], [], [], [], [], [], [], [], [], [], [], [], [], [], [], [], [], [], [], [], [], [], [], [], [], [], [], [], [], [], [], [], [], [], [], [], [], [], [], [], [], [], [], [], [], [], [], [], [], [], [], [], [], [], [], [], [], [], [], [], [], [], [], [], [], [], [], [], [], [], [], [], [], [], [], [], [], [], [], [], [], [], [], [], [], [], [], [], [], [], [], [], [], [], [], [], [], [], [], [{"tid": 0, "generated": 0, "bbox": {"xmin": 477, "ymin": 302, "ymax": 671, "xmax": 669}}, {"tid": 3, "generated": 0, "bbox": {"xmin": 0, "ymin": 151, "ymax": 389, "xmax": 375}}, {"tid": 9, "generated": 0, "bbox": {"xmin": 416, "ymin": 123, "ymax": 208, "xmax": 602}}, {"tid": 10, "generated": 0, "bbox": {"xmin": 624, "ymin": 147, "ymax": 455, "xmax": 1272}}, {"tid": 13, "generated": 0, "bbox": {"xmin": 586, "ymin": 87, "ymax": 430, "xmax": 695}}, {"tid": 14, "generated": 0, "bbox": {"xmin": 1132, "ymin": 24, "ymax": 639, "xmax": 1278}}], [{"tid": 0, "generated": 0, "bbox": {"xmin": 474, "ymin": 298, "ymax": 670, "xmax": 670}}, {"tid": 3, "generated": 0, "bbox": {"xmin": 0, "ymin": 150, "ymax": 387, "xmax": 375}}, {"tid": 9, "generated": 0, "bbox": {"xmin": 416, "ymin": 122, "ymax": 208, "xmax": 602}}, {"tid": 10, "generated": 0, "bbox": {"xmin": 624, "ymin": 145, "ymax": 452, "xmax": 1272}}, {"tid": 13, "generated": 0, "bbox": {"xmin": 586, "ymin": 87, "ymax": 430, "xmax": 695}}, {"tid": 14, "generated": 0, "bbox": {"xmin": 1132, "ymin": 24, "ymax": 639, "xmax": 1278}}], [{"tid": 0, "generated": 0, "bbox": {"xmin": 474, "ymin": 289, "ymax": 666, "xmax": 668}}, {"tid": 3, "generated": 0, "bbox": {"xmin": 0, "ymin": 149, "ymax": 386, "xmax": 376}}, {"tid": 9, "generated": 0, "bbox": {"xmin": 416, "ymin": 122, "ymax": 208, "xmax": 602}}, {"tid": 10, "generated": 0, "bbox": {"xmin": 624, "ymin": 144, "ymax": 450, "xmax": 1273}}, {"tid": 13, "generated": 0, "bbox": {"xmin": 586, "ymin": 87, "ymax": 430, "xmax": 695}}, {"tid": 14, "generated": 0, "bbox": {"xmin": 1132, "ymin": 24, "ymax": 639, "xmax": 1278}}], [{"tid": 0, "generated": 0, "bbox": {"xmin": 469, "ymin": 284, "ymax": 664, "xmax": 668}}, {"tid": 3, "generated": 0, "bbox": {"xmin": 0, "ymin": 148, "ymax": 385, "xmax": 377}}, {"tid": 9, "generated": 0, "bbox": {"xmin": 416, "ymin": 120, "ymax": 206, "xmax": 602}}, {"tid": 10, "generated": 0, "bbox": {"xmin": 624, "ymin": 143, "ymax": 448, "xmax": 1273}}, {"tid": 13, "generated": 0, "bbox": {"xmin": 586, "ymin": 87, "ymax": 430, "xmax": 695}}, {"tid": 14, "generated": 0, "bbox": {"xmin": 1132, "ymin": 24, "ymax": 639, "xmax": 1278}}], [{"tid": 0, "generated": 0, "bbox": {"xmin": 464, "ymin": 279, "ymax": 663, "xmax": 668}}, {"tid": 3, "generated": 0, "bbox": {"xmin": 0, "ymin": 147, "ymax": 384, "xmax": 378}}, {"tid": 9, "generated": 0, "bbox": {"xmin": 416, "ymin": 118, "ymax": 204, "xmax": 602}}, {"tid": 10, "generated": 0, "bbox": {"xmin": 624, "ymin": 142, "ymax": 446, "xmax": 1274}}, {"tid": 13, "generated": 0, "bbox": {"xmin": 586, "ymin": 87, "ymax": 430, "xmax": 695}}, {"tid": 14, "generated": 0, "bbox": {"xmin": 1132, "ymin": 24, "ymax": 639, "xmax": 1278}}], [{"tid": 0, "generated": 0, "bbox": {"xmin": 460, "ymin": 280, "ymax": 661, "xmax": 668}}, {"tid": 3, "generated": 0, "bbox": {"xmin": 0, "ymin": 146, "ymax": 383, "xmax": 379}}, {"tid": 9, "generated": 0, "bbox": {"xmin": 416, "ymin": 117, "ymax": 202, "xmax": 602}}, {"tid": 10, "generated": 0, "bbox": {"xmin": 624, "ymin": 141, "ymax": 444, "xmax": 1275}}, {"tid": 13, "generated": 0, "bbox": {"xmin": 586, "ymin": 83, "ymax": 425, "xmax": 695}}, {"tid": 14, "generated": 0, "bbox": {"xmin": 1132, "ymin": 24, "ymax": 639, "xmax": 1278}}], [{"tid": 0, "generated": 0, "bbox": {"xmin": 456, "ymin": 282, "ymax": 661, "xmax": 666}}, {"tid": 3, "generated": 0, "bbox": {"xmin": 0, "ymin": 145, "ymax": 382, "xmax": 380}}, {"tid": 9, "generated": 0, "bbox": {"xmin": 416, "ymin": 116, "ymax": 201, "xmax": 602}}, {"tid": 10, "generated": 0, "bbox": {"xmin": 624, "ymin": 140, "ymax": 441, "xmax": 1275}}, {"tid": 13, "generated": 0, "bbox": {"xmin": 586, "ymin": 78, "ymax": 421, "xmax": 695}}, {"tid": 14, "generated": 0, "bbox": {"xmin": 1132, "ymin": 24, "ymax": 639, "xmax": 1278}}], [{"tid": 0, "generated": 0, "bbox": {"xmin": 451, "ymin": 291, "ymax": 656, "xmax": 670}}, {"tid": 3, "generated": 0, "bbox": {"xmin": 0, "ymin": 144, "ymax": 381, "xmax": 381}}, {"tid": 9, "generated": 0, "bbox": {"xmin": 416, "ymin": 115, "ymax": 200, "xmax": 603}}, {"tid": 10, "generated": 0, "bbox": {"xmin": 624, "ymin": 139, "ymax": 439, "xmax": 1276}}, {"tid": 13, "generated": 0, "bbox": {"xmin": 586, "ymin": 74, "ymax": 416, "xmax": 695}}, {"tid": 14, "generated": 0, "bbox": {"xmin": 1132, "ymin": 24, "ymax": 639, "xmax": 1278}}], [{"tid": 0, "generated": 0, "bbox": {"xmin": 449, "ymin": 302, "ymax": 654, "xmax": 670}}, {"tid": 3, "generated": 0, "bbox": {"xmin": 0, "ymin": 143, "ymax": 380, "xmax": 382}}, {"tid": 9, "generated": 0, "bbox": {"xmin": 417, "ymin": 115, "ymax": 200, "xmax": 604}}, {"tid": 10, "generated": 0, "bbox": {"xmin": 624, "ymin": 138, "ymax": 437, "xmax": 1276}}, {"tid": 13, "generated": 0, "bbox": {"xmin": 586, "ymin": 69, "ymax": 412, "xmax": 695}}, {"tid": 14, "generated": 0, "bbox": {"xmin": 1132, "ymin": 24, "ymax": 639, "xmax": 1278}}], [{"tid": 0, "generated": 0, "bbox": {"xmin": 449, "ymin": 311, "ymax": 663, "xmax": 673}}, {"tid": 3, "generated": 0, "bbox": {"xmin": 0, "ymin": 142, "ymax": 379, "xmax": 383}}, {"tid": 9, "generated": 0, "bbox": {"xmin": 417, "ymin": 115, "ymax": 200, "xmax": 604}}, {"tid": 10, "generated": 0, "bbox": {"xmin": 624, "ymin": 137, "ymax": 435, "xmax": 1277}}, {"tid": 13, "generated": 0, "bbox": {"xmin": 586, "ymin": 65, "ymax": 407, "xmax": 695}}, {"tid": 14, "generated": 0, "bbox": {"xmin": 1132, "ymin": 24, "ymax": 639, "xmax": 1278}}], [{"tid": 0, "generated": 0, "bbox": {"xmin": 449, "ymin": 316, "ymax": 652, "xmax": 673}}, {"tid": 3, "generated": 0, "bbox": {"xmin": 1, "ymin": 142, "ymax": 378, "xmax": 384}}, {"tid": 9, "generated": 0, "bbox": {"xmin": 417, "ymin": 115, "ymax": 200, "xmax": 604}}, {"tid": 10, "generated": 0, "bbox": {"xmin": 624, "ymin": 136, "ymax": 433, "xmax": 1278}}, {"tid": 13, "generated": 0, "bbox": {"xmin": 586, "ymin": 65, "ymax": 407, "xmax": 695}}, {"tid": 14, "generated": 0, "bbox": {"xmin": 1132, "ymin": 24, "ymax": 639, "xmax": 1278}}], [{"tid": 0, "generated": 0, "bbox": {"xmin": 449, "ymin": 314, "ymax": 648, "xmax": 677}}, {"tid": 3, "generated": 0, "bbox": {"xmin": 0, "ymin": 141, "ymax": 378, "xmax": 383}}, {"tid": 9, "generated": 0, "bbox": {"xmin": 417, "ymin": 115, "ymax": 200, "xmax": 604}}, {"tid": 10, "generated": 0, "bbox": {"xmin": 625, "ymin": 135, "ymax": 432, "xmax": 1278}}, {"tid": 13, "generated": 0, "bbox": {"xmin": 586, "ymin": 65, "ymax": 407, "xmax": 695}}, {"tid": 14, "generated": 0, "bbox": {"xmin": 1131, "ymin": 22, "ymax": 637, "xmax": 1277}}], [{"tid": 0, "generated": 0, "bbox": {"xmin": 451, "ymin": 312, "ymax": 646, "xmax": 674}}, {"tid": 3, "generated": 0, "bbox": {"xmin": 0, "ymin": 140, "ymax": 378, "xmax": 382}}, {"tid": 9, "generated": 0, "bbox": {"xmin": 417, "ymin": 115, "ymax": 200, "xmax": 604}}, {"tid": 10, "generated": 0, "bbox": {"xmin": 626, "ymin": 134, "ymax": 432, "xmax": 1278}}, {"tid": 13, "generated": 0, "bbox": {"xmin": 586, "ymin": 65, "ymax": 407, "xmax": 695}}, {"tid": 14, "generated": 0, "bbox": {"xmin": 1130, "ymin": 20, "ymax": 635, "xmax": 1276}}], [{"tid": 0, "generated": 0, "bbox": {"xmin": 453, "ymin": 311, "ymax": 645, "xmax": 672}}, {"tid": 3, "generated": 0, "bbox": {"xmin": 0, "ymin": 140, "ymax": 378, "xmax": 382}}, {"tid": 9, "generated": 0, "bbox": {"xmin": 417, "ymin": 115, "ymax": 200, "xmax": 604}}, {"tid": 10, "generated": 0, "bbox": {"xmin": 628, "ymin": 134, "ymax": 432, "xmax": 1278}}, {"tid": 13, "generated": 0, "bbox": {"xmin": 586, "ymin": 65, "ymax": 407, "xmax": 695}}, {"tid": 14, "generated": 0, "bbox": {"xmin": 1130, "ymin": 19, "ymax": 634, "xmax": 1276}}], [{"tid": 0, "generated": 0, "bbox": {"xmin": 454, "ymin": 310, "ymax": 645, "xmax": 670}}, {"tid": 3, "generated": 0, "bbox": {"xmin": 0, "ymin": 139, "ymax": 378, "xmax": 381}}, {"tid": 9, "generated": 0, "bbox": {"xmin": 417, "ymin": 113, "ymax": 198, "xmax": 604}}, {"tid": 10, "generated": 0, "bbox": {"xmin": 629, "ymin": 133, "ymax": 432, "xmax": 1278}}, {"tid": 13, "generated": 0, "bbox": {"xmin": 586, "ymin": 65, "ymax": 407, "xmax": 695}}, {"tid": 14, "generated": 0, "bbox": {"xmin": 1129, "ymin": 17, "ymax": 632, "xmax": 1275}}], [{"tid": 0, "generated": 0, "bbox": {"xmin": 456, "ymin": 309, "ymax": 646, "xmax": 668}}, {"tid": 3, "generated": 0, "bbox": {"xmin": 0, "ymin": 139, "ymax": 378, "xmax": 381}}, {"tid": 9, "generated": 0, "bbox": {"xmin": 418, "ymin": 111, "ymax": 196, "xmax": 605}}, {"tid": 10, "generated": 0, "bbox": {"xmin": 631, "ymin": 133, "ymax": 432, "xmax": 1278}}, {"tid": 13, "generated": 0, "bbox": {"xmin": 586, "ymin": 65, "ymax": 407, "xmax": 695}}, {"tid": 14, "generated": 0, "bbox": {"xmin": 1128, "ymin": 15, "ymax": 630, "xmax": 1274}}], [{"tid": 0, "generated": 0, "bbox": {"xmin": 457, "ymin": 308, "ymax": 646, "xmax": 666}}, {"tid": 3, "generated": 0, "bbox": {"xmin": 0, "ymin": 138, "ymax": 378, "xmax": 380}}, {"tid": 9, "generated": 0, "bbox": {"xmin": 419, "ymin": 110, "ymax": 195, "xmax": 606}}, {"tid": 10, "generated": 0, "bbox": {"xmin": 629, "ymin": 132, "ymax": 432, "xmax": 1277}}, {"tid": 13, "generated": 0, "bbox": {"xmin": 586, "ymin": 65, "ymax": 407, "xmax": 695}}, {"tid": 14, "generated": 0, "bbox": {"xmin": 1128, "ymin": 15, "ymax": 628, "xmax": 1275}}], [{"tid": 0, "generated": 0, "bbox": {"xmin": 459, "ymin": 307, "ymax": 647, "xmax": 664}}, {"tid": 3, "generated": 0, "bbox": {"xmin": 0, "ymin": 137, "ymax": 378, "xmax": 379}}, {"tid": 9, "generated": 0, "bbox": {"xmin": 418, "ymin": 110, "ymax": 194, "xmax": 606}}, {"tid": 10, "generated": 0, "bbox": {"xmin": 628, "ymin": 131, "ymax": 432, "xmax": 1277}}, {"tid": 13, "generated": 0, "bbox": {"xmin": 586, "ymin": 65, "ymax": 407, "xmax": 695}}, {"tid": 14, "generated": 0, "bbox": {"xmin": 1128, "ymin": 15, "ymax": 626, "xmax": 1276}}], [{"tid": 0, "generated": 0, "bbox": {"xmin": 460, "ymin": 306, "ymax": 647, "xmax": 662}}, {"tid": 3, "generated": 0, "bbox": {"xmin": 0, "ymin": 137, "ymax": 378, "xmax": 379}}, {"tid": 9, "generated": 0, "bbox": {"xmin": 417, "ymin": 110, "ymax": 194, "xmax": 606}}, {"tid": 10, "generated": 0, "bbox": {"xmin": 626, "ymin": 130, "ymax": 432, "xmax": 1276}}, {"tid": 13, "generated": 0, "bbox": {"xmin": 586, "ymin": 65, "ymax": 407, "xmax": 695}}, {"tid": 14, "generated": 0, "bbox": {"xmin": 1128, "ymin": 15, "ymax": 623, "xmax": 1277}}], [{"tid": 0, "generated": 0, "bbox": {"xmin": 462, "ymin": 305, "ymax": 648, "xmax": 661}}, {"tid": 3, "generated": 0, "bbox": {"xmin": 0, "ymin": 136, "ymax": 378, "xmax": 378}}, {"tid": 9, "generated": 0, "bbox": {"xmin": 416, "ymin": 110, "ymax": 193, "xmax": 606}}, {"tid": 10, "generated": 0, "bbox": {"xmin": 625, "ymin": 129, "ymax": 432, "xmax": 1276}}, {"tid": 13, "generated": 0, "bbox": {"xmin": 586, "ymin": 65, "ymax": 407, "xmax": 695}}, {"tid": 14, "generated": 0, "bbox": {"xmin": 1128, "ymin": 15, "ymax": 621, "xmax": 1278}}], [{"tid": 0, "generated": 0, "bbox": {"xmin": 461, "ymin": 302, "ymax": 647, "xmax": 660}}, {"tid": 3, "generated": 0, "bbox": {"xmin": 0, "ymin": 136, "ymax": 378, "xmax": 378}}, {"tid": 9, "generated": 0, "bbox": {"xmin": 415, "ymin": 110, "ymax": 193, "xmax": 606}}, {"tid": 10, "generated": 0, "bbox": {"xmin": 624, "ymin": 129, "ymax": 433, "xmax": 1276}}, {"tid": 13, "generated": 0, "bbox": {"xmin": 586, "ymin": 65, "ymax": 407, "xmax": 697}}, {"tid": 14, "generated": 0, "bbox": {"xmin": 1128, "ymin": 15, "ymax": 619, "xmax": 1279}}], [{"tid": 0, "generated": 0, "bbox": {"xmin": 460, "ymin": 299, "ymax": 646, "xmax": 660}}, {"tid": 3, "generated": 0, "bbox": {"xmin": 0, "ymin": 136, "ymax": 377, "xmax": 377}}, {"tid": 9, "generated": 0, "bbox": {"xmin": 414, "ymin": 110, "ymax": 192, "xmax": 606}}, {"tid": 10, "generated": 0, "bbox": {"xmin": 622, "ymin": 128, "ymax": 430, "xmax": 1275}}, {"tid": 13, "generated": 0, "bbox": {"xmin": 586, "ymin": 65, "ymax": 407, "xmax": 699}}, {"tid": 14, "generated": 0, "bbox": {"xmin": 1128, "ymin": 15, "ymax": 619, "xmax": 1279}}], [{"tid": 0, "generated": 0, "bbox": {"xmin": 459, "ymin": 296, "ymax": 645, "xmax": 659}}, {"tid": 3, "generated": 0, "bbox": {"xmin": 0, "ymin": 136, "ymax": 376, "xmax": 377}}, {"tid": 9, "generated": 0, "bbox": {"xmin": 413, "ymin": 110, "ymax": 192, "xmax": 606}}, {"tid": 10, "generated": 0, "bbox": {"xmin": 621, "ymin": 127, "ymax": 428, "xmax": 1274}}, {"tid": 13, "generated": 0, "bbox": {"xmin": 586, "ymin": 65, "ymax": 407, "xmax": 700}}, {"tid": 14, "generated": 0, "bbox": {"xmin": 1128, "ymin": 15, "ymax": 619, "xmax": 1279}}], [{"tid": 0, "generated": 0, "bbox": {"xmin": 459, "ymin": 293, "ymax": 644, "xmax": 659}}, {"tid": 3, "generated": 0, "bbox": {"xmin": 0, "ymin": 136, "ymax": 375, "xmax": 377}}, {"tid": 9, "generated": 0, "bbox": {"xmin": 412, "ymin": 110, "ymax": 192, "xmax": 606}}, {"tid": 10, "generated": 0, "bbox": {"xmin": 620, "ymin": 126, "ymax": 426, "xmax": 1274}}, {"tid": 13, "generated": 0, "bbox": {"xmin": 586, "ymin": 65, "ymax": 407, "xmax": 702}}, {"tid": 14, "generated": 0, "bbox": {"xmin": 1128, "ymin": 15, "ymax": 619, "xmax": 1279}}], [{"tid": 0, "generated": 0, "bbox": {"xmin": 458, "ymin": 290, "ymax": 643, "xmax": 658}}, {"tid": 3, "generated": 0, "bbox": {"xmin": 0, "ymin": 136, "ymax": 374, "xmax": 376}}, {"tid": 9, "generated": 0, "bbox": {"xmin": 412, "ymin": 109, "ymax": 192, "xmax": 605}}, {"tid": 10, "generated": 0, "bbox": {"xmin": 618, "ymin": 126, "ymax": 423, "xmax": 1267}}, {"tid": 13, "generated": 0, "bbox": {"xmin": 586, "ymin": 65, "ymax": 407, "xmax": 704}}, {"tid": 14, "generated": 0, "bbox": {"xmin": 1128, "ymin": 15, "ymax": 619, "xmax": 1279}}], [{"tid": 0, "generated": 0, "bbox": {"xmin": 457, "ymin": 287, "ymax": 642, "xmax": 658}}, {"tid": 3, "generated": 0, "bbox": {"xmin": 0, "ymin": 136, "ymax": 373, "xmax": 376}}, {"tid": 9, "generated": 0, "bbox": {"xmin": 412, "ymin": 109, "ymax": 192, "xmax": 605}}, {"tid": 10, "generated": 0, "bbox": {"xmin": 618, "ymin": 126, "ymax": 426, "xmax": 1271}}, {"tid": 13, "generated": 0, "bbox": {"xmin": 586, "ymin": 65, "ymax": 407, "xmax": 704}}, {"tid": 14, "generated": 0, "bbox": {"xmin": 1128, "ymin": 15, "ymax": 619, "xmax": 1279}}], [{"tid": 0, "generated": 0, "bbox": {"xmin": 457, "ymin": 284, "ymax": 641, "xmax": 657}}, {"tid": 3, "generated": 0, "bbox": {"xmin": 0, "ymin": 136, "ymax": 372, "xmax": 376}}, {"tid": 9, "generated": 0, "bbox": {"xmin": 412, "ymin": 109, "ymax": 192, "xmax": 605}}, {"tid": 10, "generated": 0, "bbox": {"xmin": 616, "ymin": 124, "ymax": 421, "xmax": 1264}}, {"tid": 13, "generated": 0, "bbox": {"xmin": 586, "ymin": 65, "ymax": 407, "xmax": 704}}, {"tid": 14, "generated": 0, "bbox": {"xmin": 1125, "ymin": 15, "ymax": 619, "xmax": 1279}}], [{"tid": 0, "generated": 0, "bbox": {"xmin": 456, "ymin": 281, "ymax": 640, "xmax": 657}}, {"tid": 3, "generated": 0, "bbox": {"xmin": 0, "ymin": 136, "ymax": 371, "xmax": 375}}, {"tid": 9, "generated": 0, "bbox": {"xmin": 412, "ymin": 108, "ymax": 192, "xmax": 604}}, {"tid": 10, "generated": 0, "bbox": {"xmin": 615, "ymin": 123, "ymax": 421, "xmax": 1267}}, {"tid": 13, "generated": 0, "bbox": {"xmin": 586, "ymin": 65, "ymax": 407, "xmax": 704}}, {"tid": 14, "generated": 0, "bbox": {"xmin": 1122, "ymin": 15, "ymax": 619, "xmax": 1279}}], [{"tid": 0, "generated": 0, "bbox": {"xmin": 455, "ymin": 278, "ymax": 639, "xmax": 656}}, {"tid": 3, "generated": 0, "bbox": {"xmin": 0, "ymin": 136, "ymax": 370, "xmax": 375}}, {"tid": 9, "generated": 0, "bbox": {"xmin": 412, "ymin": 108, "ymax": 192, "xmax": 604}}, {"tid": 10, "generated": 0, "bbox": {"xmin": 615, "ymin": 122, "ymax": 421, "xmax": 1271}}, {"tid": 13, "generated": 0, "bbox": {"xmin": 586, "ymin": 65, "ymax": 407, "xmax": 704}}, {"tid": 14, "generated": 0, "bbox": {"xmin": 1118, "ymin": 15, "ymax": 619, "xmax": 1279}}], [{"tid": 0, "generated": 0, "bbox": {"xmin": 455, "ymin": 275, "ymax": 638, "xmax": 656}}, {"tid": 3, "generated": 0, "bbox": {"xmin": 0, "ymin": 136, "ymax": 369, "xmax": 375}}, {"tid": 9, "generated": 0, "bbox": {"xmin": 412, "ymin": 108, "ymax": 192, "xmax": 604}}, {"tid": 10, "generated": 0, "bbox": {"xmin": 616, "ymin": 122, "ymax": 421, "xmax": 1260}}, {"tid": 13, "generated": 0, "bbox": {"xmin": 586, "ymin": 65, "ymax": 407, "xmax": 704}}, {"tid": 14, "generated": 0, "bbox": {"xmin": 1115, "ymin": 15, "ymax": 619, "xmax": 1279}}]], "subject/objects": [{"category": "monkey", "tid": 0}, {"category": "car", "tid": 1}, {"category": "car", "tid": 2}, {"category": "car", "tid": 3}, {"category": "car", "tid": 4}, {"category": "car", "tid": 5}, {"category": "car", "tid": 6}, {"category": "car", "tid": 9}, {"category": "car", "tid": 10}, {"category": "person", "tid": 13}, {"category": "person", "tid": 14}], "relation_instances": [{"end_fid": 30, "subject_tid": 0, "predicate": "walk_front", "begin_fid": 0, "object_tid": 1}, {"end_fid": 30, "subject_tid": 1, "predicate": "stop_behind", "begin_fid": 0, "object_tid": 0}, {"end_fid": 30, "subject_tid": 0, "predicate": "walk_front", "begin_fid": 0, "object_tid": 2}, {"end_fid": 30, "subject_tid": 2, "predicate": "stop_behind", "begin_fid": 0, "object_tid": 0}, {"end_fid": 30, "subject_tid": 0, "predicate": "walk_front", "begin_fid": 0, "object_tid": 3}, {"end_fid": 30, "subject_tid": 0, "predicate": "walk_left", "begin_fid": 0, "object_tid": 3}, {"end_fid": 30, "subject_tid": 3, "predicate": "stop_right", "begin_fid": 0, "object_tid": 0}, {"end_fid": 30, "subject_tid": 3, "predicate": "stop_behind", "begin_fid": 0, "object_tid": 0}, {"end_fid": 30, "subject_tid": 0, "predicate": "walk_front", "begin_fid": 0, "object_tid": 4}, {"end_fid": 30, "subject_tid": 4, "predicate": "stop_behind", "begin_fid": 0, "object_tid": 0}, {"end_fid": 30, "subject_tid": 0, "predicate": "walk_front", "begin_fid": 0, "object_tid": 5}, {"end_fid": 30, "subject_tid": 5, "predicate": "stop_behind", "begin_fid": 0, "object_tid": 0}, {"end_fid": 30, "subject_tid": 0, "predicate": "walk_front", "begin_fid": 0, "object_tid": 6}, {"end_fid": 30, "subject_tid": 6, "predicate": "stop_behind", "begin_fid": 0, "object_tid": 0}, {"end_fid": 30, "subject_tid": 0, "predicate": "walk_front", "begin_fid": 0, "object_tid": 14}, {"end_fid": 30, "subject_tid": 14, "predicate": "stand_behind", "begin_fid": 0, "object_tid": 0}, {"end_fid": 30, "subject_tid": 14, "predicate": "taller", "begin_fid": 0, "object_tid": 0}, {"end_fid": 30, "subject_tid": 1, "predicate": "stop_next_to", "begin_fid": 0, "object_tid": 2}, {"end_fid": 30, "subject_tid": 1, "predicate": "stop_left", "begin_fid": 0, "object_tid": 2}, {"end_fid": 30, "subject_tid": 2, "predicate": "stop_right", "begin_fid": 0, "object_tid": 1}, {"end_fid": 30, "subject_tid": 2, "predicate": "stop_next_to", "begin_fid": 0, "object_tid": 1}, {"end_fid": 30, "subject_tid": 1, "predicate": "stop_behind", "begin_fid": 0, "object_tid": 3}, {"end_fid": 30, "subject_tid": 1, "predicate": "stop_left", "begin_fid": 0, "object_tid": 3}, {"end_fid": 30, "subject_tid": 3, "predicate": "stop_right", "begin_fid": 0, "object_tid": 1}, {"end_fid": 30, "subject_tid": 3, "predicate": "stop_front", "begin_fid": 0, "object_tid": 1}, {"end_fid": 30, "subject_tid": 1, "predicate": "stop_behind", "begin_fid": 0, "object_tid": 4}, {"end_fid": 30, "subject_tid": 1, "predicate": "stop_left", "begin_fid": 0, "object_tid": 4}, {"end_fid": 30, "subject_tid": 4, "predicate": "stop_right", "begin_fid": 0, "object_tid": 1}, {"end_fid": 30, "subject_tid": 4, "predicate": "stop_front", "begin_fid": 0, "object_tid": 1}, {"end_fid": 30, "subject_tid": 1, "predicate": "stop_behind", "begin_fid": 0, "object_tid": 5}, {"end_fid": 30, "subject_tid": 1, "predicate": "stop_left", "begin_fid": 0, "object_tid": 5}, {"end_fid": 30, "subject_tid": 5, "predicate": "stop_right", "begin_fid": 0, "object_tid": 1}, {"end_fid": 30, "subject_tid": 5, "predicate": "stop_front", "begin_fid": 0, "object_tid": 1}, {"end_fid": 30, "subject_tid": 1, "predicate": "stop_behind", "begin_fid": 0, "object_tid": 6}, {"end_fid": 30, "subject_tid": 1, "predicate": "stop_left", "begin_fid": 0, "object_tid": 6}, {"end_fid": 30, "subject_tid": 6, "predicate": "stop_right", "begin_fid": 0, "object_tid": 1}, {"end_fid": 30, "subject_tid": 6, "predicate": "stop_front", "begin_fid": 0, "object_tid": 1}, {"end_fid": 30, "subject_tid": 1, "predicate": "behind", "begin_fid": 0, "object_tid": 14}, {"end_fid": 30, "subject_tid": 1, "predicate": "left", "begin_fid": 0, "object_tid": 14}, {"end_fid": 30, "subject_tid": 14, "predicate": "stand_right", "begin_fid": 0, "object_tid": 1}, {"end_fid": 30, "subject_tid": 14, "predicate": "stand_front", "begin_fid": 0, "object_tid": 1}, {"end_fid": 30, "subject_tid": 14, "predicate": "taller", "begin_fid": 0, "object_tid": 1}, {"end_fid": 30, "subject_tid": 2, "predicate": "stop_behind", "begin_fid": 0, "object_tid": 3}, {"end_fid": 30, "subject_tid": 2, "predicate": "stop_left", "begin_fid": 0, "object_tid": 3}, {"end_fid": 30, "subject_tid": 3, "predicate": "stop_right", "begin_fid": 0, "object_tid": 2}, {"end_fid": 30, "subject_tid": 3, "predicate": "stop_front", "begin_fid": 0, "object_tid": 2}, {"end_fid": 30, "subject_tid": 2, "predicate": "stop_behind", "begin_fid": 0, "object_tid": 4}, {"end_fid": 30, "subject_tid": 2, "predicate": "stop_left", "begin_fid": 0, "object_tid": 4}, {"end_fid": 30, "subject_tid": 4, "predicate": "stop_right", "begin_fid": 0, "object_tid": 2}, {"end_fid": 30, "subject_tid": 4, "predicate": "stop_front", "begin_fid": 0, "object_tid": 2}, {"end_fid": 30, "subject_tid": 2, "predicate": "stop_behind", "begin_fid": 0, "object_tid": 5}, {"end_fid": 30, "subject_tid": 2, "predicate": "stop_left", "begin_fid": 0, "object_tid": 5}, {"end_fid": 30, "subject_tid": 5, "predicate": "stop_right", "begin_fid": 0, "object_tid": 2}, {"end_fid": 30, "subject_tid": 5, "predicate": "stop_front", "begin_fid": 0, "object_tid": 2}, {"end_fid": 30, "subject_tid": 2, "predicate": "stop_behind", "begin_fid": 0, "object_tid": 6}, {"end_fid": 30, "subject_tid": 2, "predicate": "stop_left", "begin_fid": 0, "object_tid": 6}, {"end_fid": 30, "subject_tid": 6, "predicate": "stop_right", "begin_fid": 0, "object_tid": 2}, {"end_fid": 30, "subject_tid": 6, "predicate": "stop_front", "begin_fid": 0, "object_tid": 2}, {"end_fid": 30, "subject_tid": 2, "predicate": "stop_behind", "begin_fid": 0, "object_tid": 14}, {"end_fid": 30, "subject_tid": 2, "predicate": "stop_left", "begin_fid": 0, "object_tid": 14}, {"end_fid": 30, "subject_tid": 14, "predicate": "stand_right", "begin_fid": 0, "object_tid": 2}, {"end_fid": 30, "subject_tid": 14, "predicate": "stand_front", "begin_fid": 0, "object_tid": 2}, {"end_fid": 30, "subject_tid": 14, "predicate": "taller", "begin_fid": 0, "object_tid": 2}, {"end_fid": 30, "subject_tid": 3, "predicate": "stop_next_to", "begin_fid": 0, "object_tid": 4}, {"end_fid": 30, "subject_tid": 3, "predicate": "stop_front", "begin_fid": 0, "object_tid": 4}, {"end_fid": 30, "subject_tid": 4, "predicate": "stop_next_to", "begin_fid": 0, "object_tid": 3}, {"end_fid": 30, "subject_tid": 4, "predicate": "stop_behind", "begin_fid": 0, "object_tid": 3}, {"end_fid": 30, "subject_tid": 3, "predicate": "stop_front", "begin_fid": 0, "object_tid": 5}, {"end_fid": 30, "subject_tid": 5, "predicate": "stop_behind", "begin_fid": 0, "object_tid": 3}, {"end_fid": 30, "subject_tid": 3, "predicate": "stop_front", "begin_fid": 0, "object_tid": 6}, {"end_fid": 30, "subject_tid": 6, "predicate": "stop_behind", "begin_fid": 0, "object_tid": 3}, {"end_fid": 30, "subject_tid": 3, "predicate": "stop_next_to", "begin_fid": 0, "object_tid": 14}, {"end_fid": 30, "subject_tid": 14, "predicate": "stand_next_to", "begin_fid": 0, "object_tid": 3}, {"end_fid": 30, "subject_tid": 14, "predicate": "taller", "begin_fid": 0, "object_tid": 3}, {"end_fid": 30, "subject_tid": 4, "predicate": "stop_next_to", "begin_fid": 0, "object_tid": 5}, {"end_fid": 30, "subject_tid": 4, "predicate": "stop_front", "begin_fid": 0, "object_tid": 5}, {"end_fid": 30, "subject_tid": 5, "predicate": "stop_next_to", "begin_fid": 0, "object_tid": 4}, {"end_fid": 30, "subject_tid": 5, "predicate": "stop_behind", "begin_fid": 0, "object_tid": 4}, {"end_fid": 30, "subject_tid": 4, "predicate": "stop_front", "begin_fid": 0, "object_tid": 6}, {"end_fid": 30, "subject_tid": 6, "predicate": "stop_behind", "begin_fid": 0, "object_tid": 4}, {"end_fid": 30, "subject_tid": 4, "predicate": "stop_behind", "begin_fid": 0, "object_tid": 14}, {"end_fid": 30, "subject_tid": 14, "predicate": "stand_front", "begin_fid": 0, "object_tid": 4}, {"end_fid": 30, "subject_tid": 14, "predicate": "taller", "begin_fid": 0, "object_tid": 4}, {"end_fid": 30, "subject_tid": 5, "predicate": "stop_next_to", "begin_fid": 0, "object_tid": 6}, {"end_fid": 30, "subject_tid": 5, "predicate": "stop_front", "begin_fid": 0, "object_tid": 6}, {"end_fid": 30, "subject_tid": 6, "predicate": "stop_next_to", "begin_fid": 0, "object_tid": 5}, {"end_fid": 30, "subject_tid": 6, "predicate": "stop_behind", "begin_fid": 0, "object_tid": 5}, {"end_fid": 30, "subject_tid": 5, "predicate": "stop_behind", "begin_fid": 0, "object_tid": 14}, {"end_fid": 30, "subject_tid": 14, "predicate": "stand_front", "begin_fid": 0, "object_tid": 5}, {"end_fid": 30, "subject_tid": 14, "predicate": "taller", "begin_fid": 0, "object_tid": 5}, {"end_fid": 30, "subject_tid": 6, "predicate": "stop_behind", "begin_fid": 0, "object_tid": 14}, {"end_fid": 30, "subject_tid": 14, "predicate": "stand_front", "begin_fid": 0, "object_tid": 6}, {"end_fid": 30, "subject_tid": 14, "predicate": "taller", "begin_fid": 0, "object_tid": 6}, {"end_fid": 240, "subject_tid": 0, "predicate": "sit_right", "begin_fid": 210, "object_tid": 3}, {"end_fid": 240, "subject_tid": 0, "predicate": "sit_front", "begin_fid": 210, "object_tid": 3}, {"end_fid": 240, "subject_tid": 3, "predicate": "behind", "begin_fid": 210, "object_tid": 0}, {"end_fid": 240, "subject_tid": 3, "predicate": "left", "begin_fid": 210, "object_tid": 0}, {"end_fid": 240, "subject_tid": 3, "predicate": "larger", "begin_fid": 210, "object_tid": 0}, {"end_fid": 240, "subject_tid": 0, "predicate": "sit_front", "begin_fid": 210, "object_tid": 9}, {"end_fid": 240, "subject_tid": 9, "predicate": "stop_behind", "begin_fid": 210, "object_tid": 0}, {"end_fid": 240, "subject_tid": 0, "predicate": "sit_front", "begin_fid": 210, "object_tid": 10}, {"end_fid": 240, "subject_tid": 0, "predicate": "sit_left", "begin_fid": 210, "object_tid": 10}, {"end_fid": 240, "subject_tid": 10, "predicate": "stop_right", "begin_fid": 210, "object_tid": 0}, {"end_fid": 240, "subject_tid": 10, "predicate": "stop_behind", "begin_fid": 210, "object_tid": 0}, {"end_fid": 240, "subject_tid": 0, "predicate": "sit_front", "begin_fid": 210, "object_tid": 13}, {"end_fid": 240, "subject_tid": 13, "predicate": "stand_behind", "begin_fid": 210, "object_tid": 0}, {"end_fid": 240, "subject_tid": 13, "predicate": "taller", "begin_fid": 210, "object_tid": 0}, {"end_fid": 240, "subject_tid": 0, "predicate": "sit_left", "begin_fid": 210, "object_tid": 14}, {"end_fid": 240, "subject_tid": 14, "predicate": "sit_right", "begin_fid": 210, "object_tid": 0}, {"end_fid": 240, "subject_tid": 14, "predicate": "taller", "begin_fid": 210, "object_tid": 0}, {"end_fid": 240, "subject_tid": 3, "predicate": "stop_front", "begin_fid": 210, "object_tid": 9}, {"end_fid": 240, "subject_tid": 3, "predicate": "stop_left", "begin_fid": 210, "object_tid": 9}, {"end_fid": 240, "subject_tid": 9, "predicate": "stop_right", "begin_fid": 210, "object_tid": 3}, {"end_fid": 240, "subject_tid": 9, "predicate": "stop_behind", "begin_fid": 210, "object_tid": 3}, {"end_fid": 240, "subject_tid": 3, "predicate": "stop_left", "begin_fid": 210, "object_tid": 10}, {"end_fid": 240, "subject_tid": 10, "predicate": "stop_right", "begin_fid": 210, "object_tid": 3}, {"end_fid": 240, "subject_tid": 3, "predicate": "stop_left", "begin_fid": 210, "object_tid": 13}, {"end_fid": 240, "subject_tid": 13, "predicate": "stand_right", "begin_fid": 210, "object_tid": 3}, {"end_fid": 240, "subject_tid": 13, "predicate": "taller", "begin_fid": 210, "object_tid": 3}, {"end_fid": 240, "subject_tid": 3, "predicate": "behind", "begin_fid": 210, "object_tid": 14}, {"end_fid": 240, "subject_tid": 3, "predicate": "left", "begin_fid": 210, "object_tid": 14}, {"end_fid": 240, "subject_tid": 14, "predicate": "stand_right", "begin_fid": 210, "object_tid": 3}, {"end_fid": 240, "subject_tid": 14, "predicate": "stand_front", "begin_fid": 210, "object_tid": 3}, {"end_fid": 240, "subject_tid": 14, "predicate": "taller", "begin_fid": 210, "object_tid": 3}, {"end_fid": 240, "subject_tid": 9, "predicate": "stop_behind", "begin_fid": 210, "object_tid": 10}, {"end_fid": 240, "subject_tid": 9, "predicate": "stop_left", "begin_fid": 210, "object_tid": 10}, {"end_fid": 240, "subject_tid": 10, "predicate": "stop_right", "begin_fid": 210, "object_tid": 9}, {"end_fid": 240, "subject_tid": 10, "predicate": "stop_front", "begin_fid": 210, "object_tid": 9}, {"end_fid": 240, "subject_tid": 9, "predicate": "stop_behind", "begin_fid": 210, "object_tid": 13}, {"end_fid": 240, "subject_tid": 9, "predicate": "stop_left", "begin_fid": 210, "object_tid": 13}, {"end_fid": 240, "subject_tid": 13, "predicate": "stand_right", "begin_fid": 210, "object_tid": 9}, {"end_fid": 240, "subject_tid": 13, "predicate": "stand_front", "begin_fid": 210, "object_tid": 9}, {"end_fid": 240, "subject_tid": 13, "predicate": "taller", "begin_fid": 210, "object_tid": 9}, {"end_fid": 240, "subject_tid": 9, "predicate": "stop_behind", "begin_fid": 210, "object_tid": 14}, {"end_fid": 240, "subject_tid": 9, "predicate": "stop_left", "begin_fid": 210, "object_tid": 14}, {"end_fid": 240, "subject_tid": 14, "predicate": "stand_right", "begin_fid": 210, "object_tid": 9}, {"end_fid": 240, "subject_tid": 14, "predicate": "stand_front", "begin_fid": 210, "object_tid": 9}, {"end_fid": 240, "subject_tid": 14, "predicate": "taller", "begin_fid": 210, "object_tid": 9}, {"end_fid": 240, "subject_tid": 10, "predicate": "stop_right", "begin_fid": 210, "object_tid": 13}, {"end_fid": 240, "subject_tid": 10, "predicate": "stop_next_to", "begin_fid": 210, "object_tid": 13}, {"end_fid": 240, "subject_tid": 13, "predicate": "stand_next_to", "begin_fid": 210, "object_tid": 10}, {"end_fid": 240, "subject_tid": 13, "predicate": "stand_left", "begin_fid": 210, "object_tid": 10}, {"end_fid": 240, "subject_tid": 10, "predicate": "stop_behind", "begin_fid": 210, "object_tid": 14}, {"end_fid": 240, "subject_tid": 14, "predicate": "stand_front", "begin_fid": 210, "object_tid": 10}, {"end_fid": 240, "subject_tid": 14, "predicate": "taller", "begin_fid": 210, "object_tid": 10}, {"end_fid": 240, "subject_tid": 13, "predicate": "stand_behind", "begin_fid": 210, "object_tid": 14}, {"end_fid": 240, "subject_tid": 13, "predicate": "stand_left", "begin_fid": 210, "object_tid": 14}, {"end_fid": 240, "subject_tid": 14, "predicate": "stand_right", "begin_fid": 210, "object_tid": 13}, {"end_fid": 240, "subject_tid": 14, "predicate": "stand_front", "begin_fid": 210, "object_tid": 13}], "height": 720}