{"width": 1280, "frame_count": 44, "video_id": "ILSVRC2015_train_00025033", "fps": 24, "trajectories": [[{"tid": 0, "generated": 0, "bbox": {"xmin": 621, "ymin": 116, "ymax": 269, "xmax": 760}}, {"tid": 1, "generated": 0, "bbox": {"xmin": 867, "ymin": 3, "ymax": 264, "xmax": 1107}}], [{"tid": 0, "generated": 0, "bbox": {"xmin": 581, "ymin": 120, "ymax": 286, "xmax": 732}}, {"tid": 1, "generated": 0, "bbox": {"xmin": 833, "ymin": 1, "ymax": 266, "xmax": 1134}}], [{"tid": 0, "generated": 0, "bbox": {"xmin": 581, "ymin": 133, "ymax": 286, "xmax": 709}}, {"tid": 1, "generated": 0, "bbox": {"xmin": 837, "ymin": 1, "ymax": 266, "xmax": 1139}}], [{"tid": 0, "generated": 0, "bbox": {"xmin": 581, "ymin": 120, "ymax": 286, "xmax": 840}}, {"tid": 1, "generated": 0, "bbox": {"xmin": 816, "ymin": 1, "ymax": 270, "xmax": 1162}}], [{"tid": 0, "generated": 0, "bbox": {"xmin": 533, "ymin": 133, "ymax": 286, "xmax": 682}}, {"tid": 1, "generated": 0, "bbox": {"xmin": 796, "ymin": 1, "ymax": 275, "xmax": 1185}}], [{"tid": 0, "generated": 0, "bbox": {"xmin": 510, "ymin": 85, "ymax": 286, "xmax": 784}}, {"tid": 1, "generated": 0, "bbox": {"xmin": 807, "ymin": 1, "ymax": 269, "xmax": 1193}}], [{"tid": 0, "generated": 0, "bbox": {"xmin": 517, "ymin": 72, "ymax": 275, "xmax": 789}}, {"tid": 1, "generated": 0, "bbox": {"xmin": 819, "ymin": 1, "ymax": 263, "xmax": 1201}}], [{"tid": 0, "generated": 0, "bbox": {"xmin": 499, "ymin": 72, "ymax": 284, "xmax": 796}}, {"tid": 1, "generated": 0, "bbox": {"xmin": 899, "ymin": 1, "ymax": 263, "xmax": 1176}}], [{"tid": 0, "generated": 0, "bbox": {"xmin": 517, "ymin": 83, "ymax": 277, "xmax": 819}}, {"tid": 1, "generated": 0, "bbox": {"xmin": 904, "ymin": 1, "ymax": 273, "xmax": 1196}}], [{"tid": 0, "generated": 0, "bbox": {"xmin": 597, "ymin": 101, "ymax": 275, "xmax": 835}}, {"tid": 1, "generated": 0, "bbox": {"xmin": 967, "ymin": 1, "ymax": 270, "xmax": 1221}}], [{"tid": 0, "generated": 0, "bbox": {"xmin": 629, "ymin": 120, "ymax": 273, "xmax": 849}}, {"tid": 1, "generated": 0, "bbox": {"xmin": 997, "ymin": 1, "ymax": 270, "xmax": 1264}}], [{"tid": 0, "generated": 0, "bbox": {"xmin": 676, "ymin": 99, "ymax": 260, "xmax": 875}}, {"tid": 1, "generated": 0, "bbox": {"xmin": 1020, "ymin": 1, "ymax": 261, "xmax": 1278}}], [{"tid": 0, "generated": 0, "bbox": {"xmin": 723, "ymin": 78, "ymax": 248, "xmax": 901}}, {"tid": 1, "generated": 0, "bbox": {"xmin": 1022, "ymin": 0, "ymax": 256, "xmax": 1278}}], [{"tid": 0, "generated": 0, "bbox": {"xmin": 712, "ymin": 88, "ymax": 241, "xmax": 917}}, {"tid": 1, "generated": 0, "bbox": {"xmin": 1025, "ymin": 0, "ymax": 252, "xmax": 1278}}], [{"tid": 0, "generated": 0, "bbox": {"xmin": 709, "ymin": 96, "ymax": 261, "xmax": 933}}, {"tid": 1, "generated": 0, "bbox": {"xmin": 1015, "ymin": 1, "ymax": 252, "xmax": 1278}}], [{"tid": 0, "generated": 0, "bbox": {"xmin": 696, "ymin": 104, "ymax": 268, "xmax": 954}}, {"tid": 1, "generated": 0, "bbox": {"xmin": 1039, "ymin": 0, "ymax": 248, "xmax": 1277}}], [{"tid": 0, "generated": 0, "bbox": {"xmin": 725, "ymin": 108, "ymax": 264, "xmax": 952}}, {"tid": 1, "generated": 0, "bbox": {"xmin": 1064, "ymin": 0, "ymax": 245, "xmax": 1276}}], [{"tid": 0, "generated": 0, "bbox": {"xmin": 741, "ymin": 104, "ymax": 264, "xmax": 979}}, {"tid": 1, "generated": 0, "bbox": {"xmin": 1116, "ymin": 1, "ymax": 248, "xmax": 1278}}], [{"tid": 0, "generated": 0, "bbox": {"xmin": 748, "ymin": 88, "ymax": 260, "xmax": 988}}, {"tid": 1, "generated": 0, "bbox": {"xmin": 1180, "ymin": 1, "ymax": 245, "xmax": 1278}}], [{"tid": 0, "generated": 0, "bbox": {"xmin": 755, "ymin": 72, "ymax": 257, "xmax": 997}}, {"tid": 1, "generated": 0, "bbox": {"xmin": 1187, "ymin": 1, "ymax": 236, "xmax": 1278}}], [{"tid": 0, "generated": 0, "bbox": {"xmin": 748, "ymin": 92, "ymax": 252, "xmax": 1004}}, {"tid": 1, "generated": 0, "bbox": {"xmin": 1184, "ymin": 7, "ymax": 239, "xmax": 1278}}], [{"tid": 0, "generated": 0, "bbox": {"xmin": 731, "ymin": 92, "ymax": 253, "xmax": 1007}}, {"tid": 1, "generated": 0, "bbox": {"xmin": 1182, "ymin": 14, "ymax": 242, "xmax": 1278}}], [{"tid": 0, "generated": 0, "bbox": {"xmin": 714, "ymin": 92, "ymax": 254, "xmax": 1011}}, {"tid": 1, "generated": 0, "bbox": {"xmin": 1180, "ymin": 21, "ymax": 245, "xmax": 1278}}], [{"tid": 0, "generated": 0, "bbox": {"xmin": 712, "ymin": 88, "ymax": 252, "xmax": 1008}}, {"tid": 1, "generated": 0, "bbox": {"xmin": 1146, "ymin": 12, "ymax": 250, "xmax": 1278}}], [{"tid": 0, "generated": 0, "bbox": {"xmin": 688, "ymin": 91, "ymax": 252, "xmax": 978}}, {"tid": 1, "generated": 0, "bbox": {"xmin": 1106, "ymin": 15, "ymax": 250, "xmax": 1278}}], [{"tid": 0, "generated": 0, "bbox": {"xmin": 664, "ymin": 94, "ymax": 252, "xmax": 949}}, {"tid": 1, "generated": 0, "bbox": {"xmin": 1066, "ymin": 19, "ymax": 250, "xmax": 1278}}], [{"tid": 0, "generated": 0, "bbox": {"xmin": 636, "ymin": 99, "ymax": 254, "xmax": 903}}, {"tid": 1, "generated": 0, "bbox": {"xmin": 1052, "ymin": 1, "ymax": 252, "xmax": 1278}}], [{"tid": 0, "generated": 0, "bbox": {"xmin": 616, "ymin": 103, "ymax": 254, "xmax": 874}}, {"tid": 1, "generated": 0, "bbox": {"xmin": 1038, "ymin": 19, "ymax": 254, "xmax": 1278}}], [{"tid": 0, "generated": 0, "bbox": {"xmin": 556, "ymin": 115, "ymax": 270, "xmax": 842}}, {"tid": 1, "generated": 0, "bbox": {"xmin": 942, "ymin": 5, "ymax": 268, "xmax": 1278}}], [{"tid": 0, "generated": 0, "bbox": {"xmin": 520, "ymin": 115, "ymax": 270, "xmax": 798}}, {"tid": 1, "generated": 0, "bbox": {"xmin": 876, "ymin": 10, "ymax": 266, "xmax": 1224}}]], "subject/objects": [{"category": "dog", "tid": 0}, {"category": "dog", "tid": 1}], "relation_instances": [{"end_fid": 30, "subject_tid": 0, "predicate": "run_left", "begin_fid": 0, "object_tid": 1}, {"end_fid": 30, "subject_tid": 0, "predicate": "chase", "begin_fid": 0, "object_tid": 1}, {"end_fid": 30, "subject_tid": 1, "predicate": "run_right", "begin_fid": 0, "object_tid": 0}, {"end_fid": 30, "subject_tid": 1, "predicate": "taller", "begin_fid": 0, "object_tid": 0}, {"end_fid": 30, "subject_tid": 1, "predicate": "larger", "begin_fid": 0, "object_tid": 0}], "height": 720}