{"width": 640, "frame_count": 290, "video_id": "ILSVRC2015_train_00177003", "fps": 30, "trajectories": [[{"tid": 0, "generated": 0, "bbox": {"xmin": 222, "ymin": 164, "ymax": 320, "xmax": 457}}, {"tid": 1, "generated": 0, "bbox": {"xmin": 311, "ymin": 95, "ymax": 265, "xmax": 393}}], [{"tid": 0, "generated": 0, "bbox": {"xmin": 219, "ymin": 165, "ymax": 321, "xmax": 454}}, {"tid": 1, "generated": 0, "bbox": {"xmin": 311, "ymin": 95, "ymax": 265, "xmax": 393}}], [{"tid": 0, "generated": 0, "bbox": {"xmin": 217, "ymin": 166, "ymax": 322, "xmax": 452}}, {"tid": 1, "generated": 0, "bbox": {"xmin": 311, "ymin": 95, "ymax": 265, "xmax": 393}}], [{"tid": 0, "generated": 0, "bbox": {"xmin": 215, "ymin": 167, "ymax": 323, "xmax": 450}}, {"tid": 1, "generated": 0, "bbox": {"xmin": 311, "ymin": 95, "ymax": 265, "xmax": 393}}], [{"tid": 0, "generated": 0, "bbox": {"xmin": 213, "ymin": 168, "ymax": 325, "xmax": 448}}, {"tid": 1, "generated": 0, "bbox": {"xmin": 311, "ymin": 95, "ymax": 265, "xmax": 393}}], [{"tid": 0, "generated": 0, "bbox": {"xmin": 212, "ymin": 167, "ymax": 324, "xmax": 448}}, {"tid": 1, "generated": 0, "bbox": {"xmin": 311, "ymin": 95, "ymax": 265, "xmax": 393}}], [{"tid": 0, "generated": 0, "bbox": {"xmin": 212, "ymin": 167, "ymax": 324, "xmax": 448}}, {"tid": 1, "generated": 0, "bbox": {"xmin": 311, "ymin": 95, "ymax": 265, "xmax": 393}}], [{"tid": 0, "generated": 0, "bbox": {"xmin": 211, "ymin": 167, "ymax": 323, "xmax": 448}}, {"tid": 1, "generated": 0, "bbox": {"xmin": 311, "ymin": 95, "ymax": 265, "xmax": 393}}], [{"tid": 0, "generated": 0, "bbox": {"xmin": 211, "ymin": 166, "ymax": 323, "xmax": 448}}, {"tid": 1, "generated": 0, "bbox": {"xmin": 311, "ymin": 95, "ymax": 265, "xmax": 393}}], [{"tid": 0, "generated": 0, "bbox": {"xmin": 210, "ymin": 166, "ymax": 322, "xmax": 448}}, {"tid": 1, "generated": 0, "bbox": {"xmin": 311, "ymin": 95, "ymax": 265, "xmax": 393}}], [{"tid": 0, "generated": 0, "bbox": {"xmin": 210, "ymin": 166, "ymax": 322, "xmax": 448}}, {"tid": 1, "generated": 0, "bbox": {"xmin": 311, "ymin": 95, "ymax": 265, "xmax": 393}}], [{"tid": 0, "generated": 0, "bbox": {"xmin": 209, "ymin": 165, "ymax": 321, "xmax": 448}}, {"tid": 1, "generated": 0, "bbox": {"xmin": 311, "ymin": 95, "ymax": 265, "xmax": 389}}], [{"tid": 0, "generated": 0, "bbox": {"xmin": 209, "ymin": 165, "ymax": 321, "xmax": 448}}, {"tid": 1, "generated": 0, "bbox": {"xmin": 311, "ymin": 95, "ymax": 265, "xmax": 385}}], [{"tid": 0, "generated": 0, "bbox": {"xmin": 208, "ymin": 165, "ymax": 320, "xmax": 448}}, {"tid": 1, "generated": 0, "bbox": {"xmin": 311, "ymin": 95, "ymax": 265, "xmax": 382}}], [{"tid": 0, "generated": 0, "bbox": {"xmin": 208, "ymin": 165, "ymax": 320, "xmax": 449}}, {"tid": 1, "generated": 0, "bbox": {"xmin": 311, "ymin": 95, "ymax": 265, "xmax": 378}}], [{"tid": 0, "generated": 0, "bbox": {"xmin": 208, "ymin": 165, "ymax": 320, "xmax": 450}}, {"tid": 1, "generated": 0, "bbox": {"xmin": 311, "ymin": 95, "ymax": 265, "xmax": 374}}], [{"tid": 0, "generated": 0, "bbox": {"xmin": 209, "ymin": 165, "ymax": 321, "xmax": 452}}, {"tid": 1, "generated": 0, "bbox": {"xmin": 311, "ymin": 95, "ymax": 265, "xmax": 374}}], [{"tid": 0, "generated": 0, "bbox": {"xmin": 209, "ymin": 165, "ymax": 322, "xmax": 454}}, {"tid": 1, "generated": 0, "bbox": {"xmin": 311, "ymin": 95, "ymax": 265, "xmax": 374}}], [{"tid": 0, "generated": 0, "bbox": {"xmin": 210, "ymin": 165, "ymax": 322, "xmax": 456}}, {"tid": 1, "generated": 0, "bbox": {"xmin": 311, "ymin": 95, "ymax": 265, "xmax": 374}}], [{"tid": 0, "generated": 0, "bbox": {"xmin": 210, "ymin": 165, "ymax": 323, "xmax": 458}}, {"tid": 1, "generated": 0, "bbox": {"xmin": 311, "ymin": 95, "ymax": 265, "xmax": 374}}], [{"tid": 0, "generated": 0, "bbox": {"xmin": 211, "ymin": 165, "ymax": 324, "xmax": 460}}, {"tid": 1, "generated": 0, "bbox": {"xmin": 311, "ymin": 95, "ymax": 265, "xmax": 374}}], [{"tid": 0, "generated": 0, "bbox": {"xmin": 211, "ymin": 165, "ymax": 324, "xmax": 462}}, {"tid": 1, "generated": 0, "bbox": {"xmin": 313, "ymin": 95, "ymax": 265, "xmax": 376}}], [{"tid": 0, "generated": 0, "bbox": {"xmin": 212, "ymin": 165, "ymax": 325, "xmax": 464}}, {"tid": 1, "generated": 0, "bbox": {"xmin": 315, "ymin": 96, "ymax": 266, "xmax": 378}}], [{"tid": 0, "generated": 0, "bbox": {"xmin": 212, "ymin": 165, "ymax": 326, "xmax": 466}}, {"tid": 1, "generated": 0, "bbox": {"xmin": 316, "ymin": 96, "ymax": 266, "xmax": 379}}], [{"tid": 0, "generated": 0, "bbox": {"xmin": 213, "ymin": 166, "ymax": 327, "xmax": 468}}, {"tid": 1, "generated": 0, "bbox": {"xmin": 318, "ymin": 97, "ymax": 267, "xmax": 381}}], [{"tid": 0, "generated": 0, "bbox": {"xmin": 214, "ymin": 165, "ymax": 326, "xmax": 470}}, {"tid": 1, "generated": 0, "bbox": {"xmin": 320, "ymin": 97, "ymax": 267, "xmax": 383}}], [{"tid": 0, "generated": 0, "bbox": {"xmin": 216, "ymin": 165, "ymax": 326, "xmax": 472}}, {"tid": 1, "generated": 0, "bbox": {"xmin": 322, "ymin": 97, "ymax": 267, "xmax": 385}}], [{"tid": 0, "generated": 0, "bbox": {"xmin": 218, "ymin": 165, "ymax": 326, "xmax": 474}}, {"tid": 1, "generated": 0, "bbox": {"xmin": 325, "ymin": 96, "ymax": 266, "xmax": 388}}], [{"tid": 0, "generated": 0, "bbox": {"xmin": 220, "ymin": 165, "ymax": 326, "xmax": 476}}, {"tid": 1, "generated": 0, "bbox": {"xmin": 327, "ymin": 96, "ymax": 266, "xmax": 390}}], [{"tid": 0, "generated": 0, "bbox": {"xmin": 222, "ymin": 165, "ymax": 326, "xmax": 478}}, {"tid": 1, "generated": 0, "bbox": {"xmin": 330, "ymin": 95, "ymax": 265, "xmax": 393}}], [], [], [], [], [], [], [], [], [], [], [], [], [], [], [], [], [], [], [], [], [], [], [], [], [], [], [], [], [], [], [], [], [], [], [], [], [], [], [], [], [], [], [], [], [], [], [], [], [], [], [], [], [], [], [], [], [], [], [], [], [], [], [], [], [], [], [], [], [], [], [], [], [], [], [], [], [], [], [], [], [], [], [], [], [], [], [], [], [], [], [{"tid": 0, "generated": 0, "bbox": {"xmin": 229, "ymin": 158, "ymax": 310, "xmax": 469}}, {"tid": 1, "generated": 0, "bbox": {"xmin": 356, "ymin": 97, "ymax": 267, "xmax": 419}}], [{"tid": 0, "generated": 0, "bbox": {"xmin": 228, "ymin": 158, "ymax": 310, "xmax": 468}}, {"tid": 1, "generated": 0, "bbox": {"xmin": 349, "ymin": 97, "ymax": 267, "xmax": 412}}], [{"tid": 0, "generated": 0, "bbox": {"xmin": 226, "ymin": 158, "ymax": 310, "xmax": 466}}, {"tid": 1, "generated": 0, "bbox": {"xmin": 342, "ymin": 97, "ymax": 267, "xmax": 405}}], [{"tid": 0, "generated": 0, "bbox": {"xmin": 224, "ymin": 158, "ymax": 310, "xmax": 464}}, {"tid": 1, "generated": 0, "bbox": {"xmin": 334, "ymin": 98, "ymax": 268, "xmax": 397}}], [{"tid": 0, "generated": 0, "bbox": {"xmin": 223, "ymin": 158, "ymax": 310, "xmax": 463}}, {"tid": 1, "generated": 0, "bbox": {"xmin": 327, "ymin": 98, "ymax": 268, "xmax": 390}}], [{"tid": 0, "generated": 0, "bbox": {"xmin": 221, "ymin": 158, "ymax": 310, "xmax": 461}}, {"tid": 1, "generated": 0, "bbox": {"xmin": 320, "ymin": 98, "ymax": 268, "xmax": 383}}], [{"tid": 0, "generated": 0, "bbox": {"xmin": 220, "ymin": 158, "ymax": 310, "xmax": 460}}, {"tid": 1, "generated": 0, "bbox": {"xmin": 319, "ymin": 98, "ymax": 268, "xmax": 382}}], [{"tid": 0, "generated": 0, "bbox": {"xmin": 219, "ymin": 158, "ymax": 310, "xmax": 459}}, {"tid": 1, "generated": 0, "bbox": {"xmin": 318, "ymin": 99, "ymax": 269, "xmax": 381}}], [{"tid": 0, "generated": 0, "bbox": {"xmin": 218, "ymin": 158, "ymax": 310, "xmax": 458}}, {"tid": 1, "generated": 0, "bbox": {"xmin": 318, "ymin": 99, "ymax": 269, "xmax": 381}}], [{"tid": 0, "generated": 0, "bbox": {"xmin": 217, "ymin": 158, "ymax": 310, "xmax": 457}}, {"tid": 1, "generated": 0, "bbox": {"xmin": 317, "ymin": 100, "ymax": 270, "xmax": 380}}], [{"tid": 0, "generated": 0, "bbox": {"xmin": 216, "ymin": 158, "ymax": 310, "xmax": 456}}, {"tid": 1, "generated": 0, "bbox": {"xmin": 316, "ymin": 100, "ymax": 270, "xmax": 379}}], [{"tid": 0, "generated": 0, "bbox": {"xmin": 215, "ymin": 158, "ymax": 310, "xmax": 455}}, {"tid": 1, "generated": 0, "bbox": {"xmin": 316, "ymin": 100, "ymax": 270, "xmax": 379}}], [{"tid": 0, "generated": 0, "bbox": {"xmin": 214, "ymin": 158, "ymax": 310, "xmax": 454}}, {"tid": 1, "generated": 0, "bbox": {"xmin": 315, "ymin": 100, "ymax": 270, "xmax": 378}}], [{"tid": 0, "generated": 0, "bbox": {"xmin": 213, "ymin": 158, "ymax": 310, "xmax": 453}}, {"tid": 1, "generated": 0, "bbox": {"xmin": 315, "ymin": 100, "ymax": 270, "xmax": 378}}], [{"tid": 0, "generated": 0, "bbox": {"xmin": 212, "ymin": 159, "ymax": 311, "xmax": 452}}, {"tid": 1, "generated": 0, "bbox": {"xmin": 314, "ymin": 100, "ymax": 270, "xmax": 377}}], [{"tid": 0, "generated": 0, "bbox": {"xmin": 211, "ymin": 159, "ymax": 311, "xmax": 451}}, {"tid": 1, "generated": 0, "bbox": {"xmin": 314, "ymin": 100, "ymax": 270, "xmax": 377}}], [{"tid": 0, "generated": 0, "bbox": {"xmin": 210, "ymin": 159, "ymax": 311, "xmax": 450}}, {"tid": 1, "generated": 0, "bbox": {"xmin": 313, "ymin": 100, "ymax": 270, "xmax": 376}}], [{"tid": 0, "generated": 0, "bbox": {"xmin": 210, "ymin": 159, "ymax": 311, "xmax": 450}}, {"tid": 1, "generated": 0, "bbox": {"xmin": 313, "ymin": 99, "ymax": 269, "xmax": 376}}], [{"tid": 0, "generated": 0, "bbox": {"xmin": 209, "ymin": 159, "ymax": 311, "xmax": 449}}, {"tid": 1, "generated": 0, "bbox": {"xmin": 312, "ymin": 99, "ymax": 269, "xmax": 375}}], [{"tid": 0, "generated": 0, "bbox": {"xmin": 209, "ymin": 159, "ymax": 311, "xmax": 449}}, {"tid": 1, "generated": 0, "bbox": {"xmin": 312, "ymin": 98, "ymax": 268, "xmax": 375}}], [{"tid": 0, "generated": 0, "bbox": {"xmin": 208, "ymin": 159, "ymax": 311, "xmax": 448}}, {"tid": 1, "generated": 0, "bbox": {"xmin": 311, "ymin": 98, "ymax": 268, "xmax": 374}}], [{"tid": 0, "generated": 0, "bbox": {"xmin": 207, "ymin": 159, "ymax": 311, "xmax": 447}}, {"tid": 1, "generated": 0, "bbox": {"xmin": 312, "ymin": 98, "ymax": 268, "xmax": 375}}], [{"tid": 0, "generated": 0, "bbox": {"xmin": 207, "ymin": 159, "ymax": 311, "xmax": 447}}, {"tid": 1, "generated": 0, "bbox": {"xmin": 314, "ymin": 98, "ymax": 268, "xmax": 377}}], [{"tid": 0, "generated": 0, "bbox": {"xmin": 206, "ymin": 159, "ymax": 311, "xmax": 446}}, {"tid": 1, "generated": 0, "bbox": {"xmin": 315, "ymin": 98, "ymax": 268, "xmax": 378}}], [{"tid": 0, "generated": 0, "bbox": {"xmin": 206, "ymin": 160, "ymax": 312, "xmax": 446}}, {"tid": 1, "generated": 0, "bbox": {"xmin": 317, "ymin": 98, "ymax": 268, "xmax": 380}}], [{"tid": 0, "generated": 0, "bbox": {"xmin": 205, "ymin": 159, "ymax": 311, "xmax": 445}}, {"tid": 1, "generated": 0, "bbox": {"xmin": 318, "ymin": 98, "ymax": 268, "xmax": 381}}], [{"tid": 0, "generated": 0, "bbox": {"xmin": 204, "ymin": 159, "ymax": 311, "xmax": 444}}, {"tid": 1, "generated": 0, "bbox": {"xmin": 319, "ymin": 98, "ymax": 268, "xmax": 382}}], [{"tid": 0, "generated": 0, "bbox": {"xmin": 204, "ymin": 159, "ymax": 311, "xmax": 444}}, {"tid": 1, "generated": 0, "bbox": {"xmin": 320, "ymin": 98, "ymax": 268, "xmax": 383}}], [{"tid": 0, "generated": 0, "bbox": {"xmin": 203, "ymin": 159, "ymax": 311, "xmax": 443}}, {"tid": 1, "generated": 0, "bbox": {"xmin": 321, "ymin": 98, "ymax": 268, "xmax": 384}}], [{"tid": 0, "generated": 0, "bbox": {"xmin": 203, "ymin": 159, "ymax": 311, "xmax": 443}}, {"tid": 1, "generated": 0, "bbox": {"xmin": 322, "ymin": 98, "ymax": 268, "xmax": 385}}], [], [], [], [], [], [], [], [], [], [], [], [], [], [], [], [], [], [], [], [], [], [], [], [], [], [], [], [], [], [], [], [], [], [], [], [], [], [], [], [], [], [], [], [], [], [], [], [], [], [], [], [], [], [], [], [], [], [], [], [], [], [], [], [], [], [], [], [], [], [], [], [], [], [], [], [], [], [], [], [], [], [], [], [], [], [], [], [], [], [], [], [], [], [], [], [], [], [], [], [], [], [], [], [], [], [{"tid": 0, "generated": 0, "bbox": {"xmin": 278, "ymin": 157, "ymax": 285, "xmax": 448}}, {"tid": 1, "generated": 0, "bbox": {"xmin": 356, "ymin": 100, "ymax": 239, "xmax": 419}}], [{"tid": 0, "generated": 0, "bbox": {"xmin": 279, "ymin": 156, "ymax": 284, "xmax": 448}}, {"tid": 1, "generated": 0, "bbox": {"xmin": 356, "ymin": 100, "ymax": 239, "xmax": 419}}], [{"tid": 0, "generated": 0, "bbox": {"xmin": 280, "ymin": 156, "ymax": 284, "xmax": 448}}, {"tid": 1, "generated": 0, "bbox": {"xmin": 356, "ymin": 100, "ymax": 239, "xmax": 419}}], [{"tid": 0, "generated": 0, "bbox": {"xmin": 281, "ymin": 155, "ymax": 283, "xmax": 448}}, {"tid": 1, "generated": 0, "bbox": {"xmin": 356, "ymin": 100, "ymax": 239, "xmax": 419}}], [{"tid": 0, "generated": 0, "bbox": {"xmin": 282, "ymin": 155, "ymax": 283, "xmax": 448}}, {"tid": 1, "generated": 0, "bbox": {"xmin": 356, "ymin": 100, "ymax": 239, "xmax": 419}}], [{"tid": 0, "generated": 0, "bbox": {"xmin": 283, "ymin": 154, "ymax": 282, "xmax": 448}}, {"tid": 1, "generated": 0, "bbox": {"xmin": 356, "ymin": 100, "ymax": 239, "xmax": 419}}], [{"tid": 0, "generated": 0, "bbox": {"xmin": 284, "ymin": 153, "ymax": 281, "xmax": 448}}, {"tid": 1, "generated": 0, "bbox": {"xmin": 356, "ymin": 100, "ymax": 239, "xmax": 419}}], [{"tid": 0, "generated": 0, "bbox": {"xmin": 285, "ymin": 153, "ymax": 281, "xmax": 448}}, {"tid": 1, "generated": 0, "bbox": {"xmin": 356, "ymin": 100, "ymax": 239, "xmax": 419}}], [{"tid": 0, "generated": 0, "bbox": {"xmin": 286, "ymin": 152, "ymax": 280, "xmax": 448}}, {"tid": 1, "generated": 0, "bbox": {"xmin": 356, "ymin": 100, "ymax": 239, "xmax": 419}}], [{"tid": 0, "generated": 0, "bbox": {"xmin": 288, "ymin": 152, "ymax": 280, "xmax": 448}}, {"tid": 1, "generated": 0, "bbox": {"xmin": 356, "ymin": 100, "ymax": 239, "xmax": 419}}], [{"tid": 0, "generated": 0, "bbox": {"xmin": 288, "ymin": 152, "ymax": 280, "xmax": 448}}, {"tid": 1, "generated": 0, "bbox": {"xmin": 356, "ymin": 100, "ymax": 239, "xmax": 419}}], [{"tid": 0, "generated": 0, "bbox": {"xmin": 289, "ymin": 152, "ymax": 280, "xmax": 448}}, {"tid": 1, "generated": 0, "bbox": {"xmin": 356, "ymin": 100, "ymax": 239, "xmax": 419}}], [{"tid": 0, "generated": 0, "bbox": {"xmin": 290, "ymin": 152, "ymax": 280, "xmax": 449}}, {"tid": 1, "generated": 0, "bbox": {"xmin": 356, "ymin": 100, "ymax": 239, "xmax": 419}}], [{"tid": 0, "generated": 0, "bbox": {"xmin": 291, "ymin": 152, "ymax": 280, "xmax": 449}}, {"tid": 1, "generated": 0, "bbox": {"xmin": 356, "ymin": 100, "ymax": 239, "xmax": 419}}], [{"tid": 0, "generated": 0, "bbox": {"xmin": 292, "ymin": 152, "ymax": 280, "xmax": 450}}, {"tid": 1, "generated": 0, "bbox": {"xmin": 356, "ymin": 100, "ymax": 239, "xmax": 419}}], [{"tid": 0, "generated": 0, "bbox": {"xmin": 292, "ymin": 152, "ymax": 280, "xmax": 450}}, {"tid": 1, "generated": 0, "bbox": {"xmin": 356, "ymin": 100, "ymax": 239, "xmax": 419}}], [{"tid": 0, "generated": 0, "bbox": {"xmin": 293, "ymin": 152, "ymax": 280, "xmax": 450}}, {"tid": 1, "generated": 0, "bbox": {"xmin": 356, "ymin": 100, "ymax": 239, "xmax": 419}}], [{"tid": 0, "generated": 0, "bbox": {"xmin": 294, "ymin": 152, "ymax": 280, "xmax": 451}}, {"tid": 1, "generated": 0, "bbox": {"xmin": 356, "ymin": 100, "ymax": 239, "xmax": 419}}], [{"tid": 0, "generated": 0, "bbox": {"xmin": 295, "ymin": 152, "ymax": 280, "xmax": 451}}, {"tid": 1, "generated": 0, "bbox": {"xmin": 356, "ymin": 100, "ymax": 239, "xmax": 419}}], [{"tid": 0, "generated": 0, "bbox": {"xmin": 296, "ymin": 152, "ymax": 280, "xmax": 452}}, {"tid": 1, "generated": 0, "bbox": {"xmin": 356, "ymin": 100, "ymax": 239, "xmax": 419}}], [{"tid": 0, "generated": 0, "bbox": {"xmin": 296, "ymin": 152, "ymax": 280, "xmax": 452}}, {"tid": 1, "generated": 0, "bbox": {"xmin": 356, "ymin": 100, "ymax": 239, "xmax": 419}}], [{"tid": 0, "generated": 0, "bbox": {"xmin": 296, "ymin": 152, "ymax": 280, "xmax": 452}}, {"tid": 1, "generated": 0, "bbox": {"xmin": 356, "ymin": 100, "ymax": 239, "xmax": 419}}], [{"tid": 0, "generated": 0, "bbox": {"xmin": 296, "ymin": 152, "ymax": 280, "xmax": 452}}, {"tid": 1, "generated": 0, "bbox": {"xmin": 356, "ymin": 100, "ymax": 239, "xmax": 419}}], [{"tid": 0, "generated": 0, "bbox": {"xmin": 296, "ymin": 152, "ymax": 280, "xmax": 452}}, {"tid": 1, "generated": 0, "bbox": {"xmin": 356, "ymin": 100, "ymax": 239, "xmax": 419}}], [{"tid": 0, "generated": 0, "bbox": {"xmin": 296, "ymin": 152, "ymax": 280, "xmax": 452}}, {"tid": 1, "generated": 0, "bbox": {"xmin": 356, "ymin": 100, "ymax": 239, "xmax": 419}}], [{"tid": 0, "generated": 0, "bbox": {"xmin": 296, "ymin": 152, "ymax": 280, "xmax": 452}}, {"tid": 1, "generated": 0, "bbox": {"xmin": 356, "ymin": 100, "ymax": 239, "xmax": 419}}], [{"tid": 0, "generated": 0, "bbox": {"xmin": 296, "ymin": 152, "ymax": 280, "xmax": 452}}, {"tid": 1, "generated": 0, "bbox": {"xmin": 356, "ymin": 100, "ymax": 239, "xmax": 419}}], [{"tid": 0, "generated": 0, "bbox": {"xmin": 296, "ymin": 152, "ymax": 280, "xmax": 452}}, {"tid": 1, "generated": 0, "bbox": {"xmin": 356, "ymin": 100, "ymax": 239, "xmax": 419}}], [{"tid": 0, "generated": 0, "bbox": {"xmin": 296, "ymin": 152, "ymax": 280, "xmax": 452}}, {"tid": 1, "generated": 0, "bbox": {"xmin": 356, "ymin": 100, "ymax": 239, "xmax": 419}}], [{"tid": 0, "generated": 0, "bbox": {"xmin": 296, "ymin": 152, "ymax": 280, "xmax": 453}}, {"tid": 1, "generated": 0, "bbox": {"xmin": 356, "ymin": 100, "ymax": 239, "xmax": 419}}]], "subject/objects": [{"category": "horse", "tid": 0}, {"category": "person", "tid": 1}], "relation_instances": [{"end_fid": 30, "subject_tid": 0, "predicate": "walk_beneath", "begin_fid": 0, "object_tid": 1}, {"end_fid": 30, "subject_tid": 1, "predicate": "sit_above", "begin_fid": 0, "object_tid": 0}, {"end_fid": 30, "subject_tid": 1, "predicate": "ride", "begin_fid": 0, "object_tid": 0}, {"end_fid": 150, "subject_tid": 0, "predicate": "walk_beneath", "begin_fid": 120, "object_tid": 1}, {"end_fid": 150, "subject_tid": 1, "predicate": "sit_above", "begin_fid": 120, "object_tid": 0}, {"end_fid": 150, "subject_tid": 1, "predicate": "ride", "begin_fid": 120, "object_tid": 0}, {"end_fid": 285, "subject_tid": 0, "predicate": "walk_beneath", "begin_fid": 255, "object_tid": 1}, {"end_fid": 285, "subject_tid": 1, "predicate": "sit_above", "begin_fid": 255, "object_tid": 0}, {"end_fid": 285, "subject_tid": 1, "predicate": "ride", "begin_fid": 255, "object_tid": 0}], "height": 424}