{"width": 1920, "frame_count": 33, "video_id": "ILSVRC2015_train_00265001", "fps": 25, "trajectories": [[{"tid": 0, "generated": 0, "bbox": {"xmin": 1074, "ymin": 594, "ymax": 1072, "xmax": 1336}}, {"tid": 1, "generated": 0, "bbox": {"xmin": 1041, "ymin": 393, "ymax": 900, "xmax": 1383}}], [{"tid": 0, "generated": 0, "bbox": {"xmin": 1069, "ymin": 556, "ymax": 1006, "xmax": 1317}}, {"tid": 1, "generated": 0, "bbox": {"xmin": 1041, "ymin": 377, "ymax": 854, "xmax": 1359}}], [{"tid": 0, "generated": 0, "bbox": {"xmin": 1065, "ymin": 519, "ymax": 940, "xmax": 1298}}, {"tid": 1, "generated": 0, "bbox": {"xmin": 1041, "ymin": 361, "ymax": 808, "xmax": 1335}}], [{"tid": 0, "generated": 0, "bbox": {"xmin": 1061, "ymin": 482, "ymax": 874, "xmax": 1280}}, {"tid": 1, "generated": 0, "bbox": {"xmin": 1041, "ymin": 344, "ymax": 761, "xmax": 1312}}], [{"tid": 0, "generated": 0, "bbox": {"xmin": 1061, "ymin": 465, "ymax": 830, "xmax": 1259}}, {"tid": 1, "generated": 0, "bbox": {"xmin": 1041, "ymin": 328, "ymax": 715, "xmax": 1288}}], [{"tid": 0, "generated": 0, "bbox": {"xmin": 1061, "ymin": 448, "ymax": 787, "xmax": 1238}}, {"tid": 1, "generated": 0, "bbox": {"xmin": 1041, "ymin": 312, "ymax": 669, "xmax": 1264}}], [{"tid": 0, "generated": 0, "bbox": {"xmin": 1061, "ymin": 432, "ymax": 744, "xmax": 1218}}, {"tid": 1, "generated": 0, "bbox": {"xmin": 1039, "ymin": 299, "ymax": 640, "xmax": 1251}}], [{"tid": 0, "generated": 0, "bbox": {"xmin": 1059, "ymin": 414, "ymax": 713, "xmax": 1208}}, {"tid": 1, "generated": 0, "bbox": {"xmin": 1037, "ymin": 286, "ymax": 611, "xmax": 1238}}], [{"tid": 0, "generated": 0, "bbox": {"xmin": 1057, "ymin": 397, "ymax": 682, "xmax": 1198}}, {"tid": 1, "generated": 0, "bbox": {"xmin": 1034, "ymin": 272, "ymax": 583, "xmax": 1226}}], [{"tid": 0, "generated": 0, "bbox": {"xmin": 1056, "ymin": 380, "ymax": 651, "xmax": 1188}}, {"tid": 1, "generated": 0, "bbox": {"xmin": 1032, "ymin": 259, "ymax": 554, "xmax": 1213}}], [{"tid": 0, "generated": 0, "bbox": {"xmin": 1054, "ymin": 363, "ymax": 620, "xmax": 1178}}, {"tid": 1, "generated": 0, "bbox": {"xmin": 1030, "ymin": 246, "ymax": 525, "xmax": 1200}}], [{"tid": 0, "generated": 0, "bbox": {"xmin": 1053, "ymin": 346, "ymax": 589, "xmax": 1168}}, {"tid": 1, "generated": 0, "bbox": {"xmin": 1026, "ymin": 238, "ymax": 508, "xmax": 1192}}], [{"tid": 0, "generated": 0, "bbox": {"xmin": 1046, "ymin": 334, "ymax": 565, "xmax": 1156}}, {"tid": 1, "generated": 0, "bbox": {"xmin": 1023, "ymin": 229, "ymax": 491, "xmax": 1184}}], [{"tid": 0, "generated": 0, "bbox": {"xmin": 1040, "ymin": 323, "ymax": 541, "xmax": 1145}}, {"tid": 1, "generated": 0, "bbox": {"xmin": 1019, "ymin": 221, "ymax": 475, "xmax": 1175}}], [{"tid": 0, "generated": 0, "bbox": {"xmin": 1033, "ymin": 312, "ymax": 517, "xmax": 1134}}, {"tid": 1, "generated": 0, "bbox": {"xmin": 1016, "ymin": 212, "ymax": 458, "xmax": 1167}}], [{"tid": 0, "generated": 0, "bbox": {"xmin": 1027, "ymin": 301, "ymax": 493, "xmax": 1123}}, {"tid": 1, "generated": 0, "bbox": {"xmin": 1012, "ymin": 204, "ymax": 441, "xmax": 1159}}], [{"tid": 0, "generated": 0, "bbox": {"xmin": 1021, "ymin": 290, "ymax": 469, "xmax": 1112}}, {"tid": 1, "generated": 0, "bbox": {"xmin": 1009, "ymin": 202, "ymax": 432, "xmax": 1150}}], [{"tid": 0, "generated": 0, "bbox": {"xmin": 1019, "ymin": 285, "ymax": 457, "xmax": 1108}}, {"tid": 1, "generated": 0, "bbox": {"xmin": 1007, "ymin": 200, "ymax": 423, "xmax": 1141}}], [{"tid": 0, "generated": 0, "bbox": {"xmin": 1017, "ymin": 280, "ymax": 446, "xmax": 1104}}, {"tid": 1, "generated": 0, "bbox": {"xmin": 1004, "ymin": 197, "ymax": 414, "xmax": 1132}}], [{"tid": 0, "generated": 0, "bbox": {"xmin": 1016, "ymin": 275, "ymax": 435, "xmax": 1100}}, {"tid": 1, "generated": 0, "bbox": {"xmin": 1002, "ymin": 195, "ymax": 405, "xmax": 1123}}], [{"tid": 0, "generated": 0, "bbox": {"xmin": 1014, "ymin": 270, "ymax": 424, "xmax": 1096}}, {"tid": 1, "generated": 0, "bbox": {"xmin": 999, "ymin": 193, "ymax": 396, "xmax": 1114}}], [{"tid": 0, "generated": 0, "bbox": {"xmin": 1013, "ymin": 266, "ymax": 413, "xmax": 1093}}, {"tid": 1, "generated": 0, "bbox": {"xmin": 997, "ymin": 195, "ymax": 393, "xmax": 1110}}], [{"tid": 0, "generated": 0, "bbox": {"xmin": 1009, "ymin": 267, "ymax": 411, "xmax": 1086}}, {"tid": 1, "generated": 0, "bbox": {"xmin": 996, "ymin": 196, "ymax": 390, "xmax": 1106}}], [{"tid": 0, "generated": 0, "bbox": {"xmin": 1005, "ymin": 268, "ymax": 409, "xmax": 1080}}, {"tid": 1, "generated": 0, "bbox": {"xmin": 994, "ymin": 198, "ymax": 386, "xmax": 1103}}], [{"tid": 0, "generated": 0, "bbox": {"xmin": 1001, "ymin": 269, "ymax": 408, "xmax": 1073}}, {"tid": 1, "generated": 0, "bbox": {"xmin": 993, "ymin": 199, "ymax": 383, "xmax": 1099}}], [{"tid": 0, "generated": 0, "bbox": {"xmin": 997, "ymin": 270, "ymax": 406, "xmax": 1067}}, {"tid": 1, "generated": 0, "bbox": {"xmin": 991, "ymin": 201, "ymax": 380, "xmax": 1095}}], [{"tid": 0, "generated": 0, "bbox": {"xmin": 994, "ymin": 272, "ymax": 405, "xmax": 1061}}, {"tid": 1, "generated": 0, "bbox": {"xmin": 989, "ymin": 204, "ymax": 377, "xmax": 1090}}], [{"tid": 0, "generated": 0, "bbox": {"xmin": 993, "ymin": 271, "ymax": 400, "xmax": 1058}}, {"tid": 1, "generated": 0, "bbox": {"xmin": 987, "ymin": 207, "ymax": 374, "xmax": 1084}}], [{"tid": 0, "generated": 0, "bbox": {"xmin": 993, "ymin": 270, "ymax": 396, "xmax": 1055}}, {"tid": 1, "generated": 0, "bbox": {"xmin": 986, "ymin": 209, "ymax": 371, "xmax": 1079}}], [{"tid": 0, "generated": 0, "bbox": {"xmin": 992, "ymin": 270, "ymax": 392, "xmax": 1053}}, {"tid": 1, "generated": 0, "bbox": {"xmin": 984, "ymin": 212, "ymax": 368, "xmax": 1073}}]], "subject/objects": [{"category": "bicycle", "tid": 0}, {"category": "person", "tid": 1}], "relation_instances": [{"end_fid": 30, "subject_tid": 0, "predicate": "move_beneath", "begin_fid": 0, "object_tid": 1}, {"end_fid": 30, "subject_tid": 1, "predicate": "sit_above", "begin_fid": 0, "object_tid": 0}, {"end_fid": 30, "subject_tid": 1, "predicate": "ride", "begin_fid": 0, "object_tid": 0}], "height": 1080}