{"width": 1280, "frame_count": 163, "video_id": "ILSVRC2015_train_01044002", "fps": 29, "trajectories": [[{"tid": 0, "generated": 0, "bbox": {"xmin": 949, "ymin": 478, "ymax": 506, "xmax": 1038}}, {"tid": 1, "generated": 0, "bbox": {"xmin": 49, "ymin": 492, "ymax": 542, "xmax": 101}}], [{"tid": 0, "generated": 0, "bbox": {"xmin": 949, "ymin": 478, "ymax": 508, "xmax": 1034}}, {"tid": 1, "generated": 0, "bbox": {"xmin": 49, "ymin": 492, "ymax": 540, "xmax": 101}}], [{"tid": 0, "generated": 0, "bbox": {"xmin": 951, "ymin": 478, "ymax": 508, "xmax": 1040}}, {"tid": 1, "generated": 0, "bbox": {"xmin": 49, "ymin": 492, "ymax": 540, "xmax": 101}}], [{"tid": 0, "generated": 0, "bbox": {"xmin": 952, "ymin": 476, "ymax": 506, "xmax": 1040}}, {"tid": 1, "generated": 0, "bbox": {"xmin": 49, "ymin": 492, "ymax": 540, "xmax": 101}}], [{"tid": 0, "generated": 0, "bbox": {"xmin": 954, "ymin": 478, "ymax": 506, "xmax": 1041}}, {"tid": 1, "generated": 0, "bbox": {"xmin": 49, "ymin": 492, "ymax": 540, "xmax": 101}}], [{"tid": 0, "generated": 0, "bbox": {"xmin": 956, "ymin": 478, "ymax": 506, "xmax": 1040}}, {"tid": 1, "generated": 0, "bbox": {"xmin": 49, "ymin": 492, "ymax": 540, "xmax": 101}}], [{"tid": 0, "generated": 0, "bbox": {"xmin": 958, "ymin": 478, "ymax": 504, "xmax": 1041}}, {"tid": 1, "generated": 0, "bbox": {"xmin": 49, "ymin": 492, "ymax": 540, "xmax": 101}}], [{"tid": 0, "generated": 0, "bbox": {"xmin": 960, "ymin": 478, "ymax": 508, "xmax": 1047}}, {"tid": 1, "generated": 0, "bbox": {"xmin": 49, "ymin": 492, "ymax": 540, "xmax": 101}}], [{"tid": 0, "generated": 0, "bbox": {"xmin": 961, "ymin": 474, "ymax": 508, "xmax": 1048}}, {"tid": 1, "generated": 0, "bbox": {"xmin": 49, "ymin": 492, "ymax": 540, "xmax": 101}}], [{"tid": 0, "generated": 0, "bbox": {"xmin": 963, "ymin": 476, "ymax": 508, "xmax": 1052}}, {"tid": 1, "generated": 0, "bbox": {"xmin": 49, "ymin": 492, "ymax": 540, "xmax": 101}}], [{"tid": 0, "generated": 0, "bbox": {"xmin": 961, "ymin": 472, "ymax": 512, "xmax": 1052}}, {"tid": 1, "generated": 0, "bbox": {"xmin": 49, "ymin": 492, "ymax": 540, "xmax": 101}}], [{"tid": 0, "generated": 0, "bbox": {"xmin": 967, "ymin": 476, "ymax": 506, "xmax": 1054}}, {"tid": 1, "generated": 0, "bbox": {"xmin": 49, "ymin": 492, "ymax": 540, "xmax": 101}}], [{"tid": 0, "generated": 0, "bbox": {"xmin": 976, "ymin": 474, "ymax": 501, "xmax": 1054}}, {"tid": 1, "generated": 0, "bbox": {"xmin": 49, "ymin": 492, "ymax": 540, "xmax": 101}}], [{"tid": 0, "generated": 0, "bbox": {"xmin": 970, "ymin": 474, "ymax": 506, "xmax": 1056}}, {"tid": 1, "generated": 0, "bbox": {"xmin": 49, "ymin": 492, "ymax": 540, "xmax": 101}}], [{"tid": 0, "generated": 0, "bbox": {"xmin": 977, "ymin": 472, "ymax": 504, "xmax": 1059}}, {"tid": 1, "generated": 0, "bbox": {"xmin": 49, "ymin": 492, "ymax": 540, "xmax": 101}}], [{"tid": 0, "generated": 0, "bbox": {"xmin": 974, "ymin": 471, "ymax": 504, "xmax": 1057}}, {"tid": 1, "generated": 0, "bbox": {"xmin": 49, "ymin": 492, "ymax": 540, "xmax": 101}}], [{"tid": 0, "generated": 0, "bbox": {"xmin": 976, "ymin": 471, "ymax": 506, "xmax": 1057}}, {"tid": 1, "generated": 0, "bbox": {"xmin": 49, "ymin": 492, "ymax": 540, "xmax": 101}}], [{"tid": 0, "generated": 0, "bbox": {"xmin": 981, "ymin": 469, "ymax": 504, "xmax": 1064}}, {"tid": 1, "generated": 0, "bbox": {"xmin": 49, "ymin": 492, "ymax": 540, "xmax": 101}}], [{"tid": 0, "generated": 0, "bbox": {"xmin": 983, "ymin": 469, "ymax": 508, "xmax": 1064}}, {"tid": 1, "generated": 0, "bbox": {"xmin": 49, "ymin": 492, "ymax": 540, "xmax": 101}}], [{"tid": 0, "generated": 0, "bbox": {"xmin": 984, "ymin": 471, "ymax": 506, "xmax": 1066}}, {"tid": 1, "generated": 0, "bbox": {"xmin": 49, "ymin": 492, "ymax": 540, "xmax": 102}}], [{"tid": 0, "generated": 0, "bbox": {"xmin": 986, "ymin": 472, "ymax": 504, "xmax": 1066}}, {"tid": 1, "generated": 0, "bbox": {"xmin": 49, "ymin": 492, "ymax": 540, "xmax": 103}}], [{"tid": 0, "generated": 0, "bbox": {"xmin": 986, "ymin": 472, "ymax": 508, "xmax": 1070}}, {"tid": 1, "generated": 0, "bbox": {"xmin": 49, "ymin": 492, "ymax": 538, "xmax": 103}}], [{"tid": 0, "generated": 0, "bbox": {"xmin": 990, "ymin": 471, "ymax": 506, "xmax": 1073}}, {"tid": 1, "generated": 0, "bbox": {"xmin": 49, "ymin": 492, "ymax": 538, "xmax": 103}}], [{"tid": 0, "generated": 0, "bbox": {"xmin": 993, "ymin": 472, "ymax": 506, "xmax": 1075}}, {"tid": 1, "generated": 0, "bbox": {"xmin": 49, "ymin": 492, "ymax": 538, "xmax": 103}}], [{"tid": 0, "generated": 0, "bbox": {"xmin": 997, "ymin": 469, "ymax": 508, "xmax": 1084}}, {"tid": 1, "generated": 0, "bbox": {"xmin": 49, "ymin": 492, "ymax": 538, "xmax": 103}}], [{"tid": 0, "generated": 0, "bbox": {"xmin": 995, "ymin": 469, "ymax": 510, "xmax": 1080}}, {"tid": 1, "generated": 0, "bbox": {"xmin": 49, "ymin": 492, "ymax": 538, "xmax": 104}}], [{"tid": 0, "generated": 0, "bbox": {"xmin": 1004, "ymin": 471, "ymax": 508, "xmax": 1080}}, {"tid": 1, "generated": 0, "bbox": {"xmin": 49, "ymin": 492, "ymax": 538, "xmax": 104}}], [{"tid": 0, "generated": 0, "bbox": {"xmin": 1008, "ymin": 469, "ymax": 504, "xmax": 1093}}, {"tid": 1, "generated": 0, "bbox": {"xmin": 49, "ymin": 492, "ymax": 538, "xmax": 104}}], [{"tid": 0, "generated": 0, "bbox": {"xmin": 1011, "ymin": 474, "ymax": 504, "xmax": 1098}}, {"tid": 1, "generated": 0, "bbox": {"xmin": 49, "ymin": 492, "ymax": 538, "xmax": 104}}], [{"tid": 0, "generated": 0, "bbox": {"xmin": 1024, "ymin": 472, "ymax": 503, "xmax": 1105}}, {"tid": 1, "generated": 0, "bbox": {"xmin": 49, "ymin": 492, "ymax": 538, "xmax": 104}}], [{"tid": 0, "generated": 0, "bbox": {"xmin": 1020, "ymin": 474, "ymax": 506, "xmax": 1107}}, {"tid": 1, "generated": 0, "bbox": {"xmin": 49, "ymin": 492, "ymax": 536, "xmax": 104}}], [{"tid": 0, "generated": 0, "bbox": {"xmin": 1029, "ymin": 476, "ymax": 508, "xmax": 1114}}, {"tid": 1, "generated": 0, "bbox": {"xmin": 49, "ymin": 492, "ymax": 536, "xmax": 104}}], [{"tid": 0, "generated": 0, "bbox": {"xmin": 1038, "ymin": 474, "ymax": 504, "xmax": 1130}}, {"tid": 1, "generated": 0, "bbox": {"xmin": 49, "ymin": 492, "ymax": 536, "xmax": 104}}], [{"tid": 0, "generated": 0, "bbox": {"xmin": 1045, "ymin": 471, "ymax": 503, "xmax": 1134}}, {"tid": 1, "generated": 0, "bbox": {"xmin": 49, "ymin": 492, "ymax": 536, "xmax": 104}}], [{"tid": 0, "generated": 0, "bbox": {"xmin": 1050, "ymin": 469, "ymax": 504, "xmax": 1136}}, {"tid": 1, "generated": 0, "bbox": {"xmin": 49, "ymin": 492, "ymax": 538, "xmax": 103}}], [{"tid": 0, "generated": 0, "bbox": {"xmin": 1050, "ymin": 469, "ymax": 503, "xmax": 1136}}, {"tid": 1, "generated": 0, "bbox": {"xmin": 49, "ymin": 492, "ymax": 536, "xmax": 104}}], [{"tid": 0, "generated": 0, "bbox": {"xmin": 1061, "ymin": 469, "ymax": 503, "xmax": 1143}}, {"tid": 1, "generated": 0, "bbox": {"xmin": 49, "ymin": 492, "ymax": 536, "xmax": 103}}], [{"tid": 0, "generated": 0, "bbox": {"xmin": 1073, "ymin": 465, "ymax": 506, "xmax": 1155}}, {"tid": 1, "generated": 0, "bbox": {"xmin": 49, "ymin": 496, "ymax": 536, "xmax": 103}}], [{"tid": 0, "generated": 0, "bbox": {"xmin": 1080, "ymin": 467, "ymax": 508, "xmax": 1162}}, {"tid": 1, "generated": 0, "bbox": {"xmin": 48, "ymin": 496, "ymax": 540, "xmax": 104}}], [{"tid": 0, "generated": 0, "bbox": {"xmin": 1089, "ymin": 465, "ymax": 510, "xmax": 1171}}, {"tid": 1, "generated": 0, "bbox": {"xmin": 48, "ymin": 496, "ymax": 540, "xmax": 104}}], [{"tid": 0, "generated": 0, "bbox": {"xmin": 1088, "ymin": 467, "ymax": 510, "xmax": 1168}}, {"tid": 1, "generated": 0, "bbox": {"xmin": 49, "ymin": 496, "ymax": 540, "xmax": 104}}], [{"tid": 0, "generated": 0, "bbox": {"xmin": 1096, "ymin": 467, "ymax": 510, "xmax": 1178}}, {"tid": 1, "generated": 0, "bbox": {"xmin": 49, "ymin": 492, "ymax": 536, "xmax": 101}}], [{"tid": 0, "generated": 0, "bbox": {"xmin": 1114, "ymin": 472, "ymax": 512, "xmax": 1196}}, {"tid": 1, "generated": 0, "bbox": {"xmin": 49, "ymin": 492, "ymax": 540, "xmax": 97}}], [{"tid": 0, "generated": 0, "bbox": {"xmin": 1121, "ymin": 476, "ymax": 512, "xmax": 1205}}, {"tid": 1, "generated": 0, "bbox": {"xmin": 49, "ymin": 492, "ymax": 536, "xmax": 99}}], [{"tid": 0, "generated": 0, "bbox": {"xmin": 1130, "ymin": 474, "ymax": 508, "xmax": 1216}}, {"tid": 1, "generated": 0, "bbox": {"xmin": 49, "ymin": 492, "ymax": 536, "xmax": 103}}]], "subject/objects": [{"category": "fox", "tid": 0}, {"category": "fox", "tid": 1}], "relation_instances": [{"end_fid": 30, "subject_tid": 0, "predicate": "walk_front", "begin_fid": 0, "object_tid": 1}, {"end_fid": 30, "subject_tid": 1, "predicate": "stand_behind", "begin_fid": 0, "object_tid": 0}, {"end_fid": 30, "subject_tid": 1, "predicate": "watch", "begin_fid": 0, "object_tid": 0}, {"end_fid": 45, "subject_tid": 0, "predicate": "run_front", "begin_fid": 15, "object_tid": 1}, {"end_fid": 45, "subject_tid": 1, "predicate": "stand_behind", "begin_fid": 15, "object_tid": 0}, {"end_fid": 45, "subject_tid": 1, "predicate": "watch", "begin_fid": 15, "object_tid": 0}], "height": 720}