{"width": 1280, "frame_count": 198, "video_id": "ILSVRC2015_train_00124004", "fps": 30, "trajectories": [[{"tid": 0, "generated": 0, "bbox": {"xmin": 734, "ymin": 234, "ymax": 339, "xmax": 970}}, {"tid": 1, "generated": 0, "bbox": {"xmin": 104, "ymin": 184, "ymax": 257, "xmax": 309}}], [{"tid": 0, "generated": 0, "bbox": {"xmin": 743, "ymin": 235, "ymax": 340, "xmax": 978}}, {"tid": 1, "generated": 0, "bbox": {"xmin": 115, "ymin": 184, "ymax": 257, "xmax": 319}}], [{"tid": 0, "generated": 0, "bbox": {"xmin": 752, "ymin": 236, "ymax": 341, "xmax": 986}}, {"tid": 1, "generated": 0, "bbox": {"xmin": 127, "ymin": 184, "ymax": 257, "xmax": 330}}], [{"tid": 0, "generated": 0, "bbox": {"xmin": 761, "ymin": 237, "ymax": 342, "xmax": 994}}, {"tid": 1, "generated": 0, "bbox": {"xmin": 139, "ymin": 185, "ymax": 258, "xmax": 340}}], [{"tid": 0, "generated": 0, "bbox": {"xmin": 770, "ymin": 238, "ymax": 343, "xmax": 1002}}, {"tid": 1, "generated": 0, "bbox": {"xmin": 151, "ymin": 185, "ymax": 258, "xmax": 351}}], [{"tid": 0, "generated": 0, "bbox": {"xmin": 780, "ymin": 240, "ymax": 344, "xmax": 1011}}, {"tid": 1, "generated": 0, "bbox": {"xmin": 163, "ymin": 186, "ymax": 259, "xmax": 362}}], [{"tid": 0, "generated": 0, "bbox": {"xmin": 791, "ymin": 242, "ymax": 346, "xmax": 1019}}, {"tid": 1, "generated": 0, "bbox": {"xmin": 174, "ymin": 186, "ymax": 260, "xmax": 372}}], [{"tid": 0, "generated": 0, "bbox": {"xmin": 802, "ymin": 244, "ymax": 348, "xmax": 1027}}, {"tid": 1, "generated": 0, "bbox": {"xmin": 185, "ymin": 187, "ymax": 261, "xmax": 382}}], [{"tid": 0, "generated": 0, "bbox": {"xmin": 814, "ymin": 246, "ymax": 350, "xmax": 1035}}, {"tid": 1, "generated": 0, "bbox": {"xmin": 196, "ymin": 188, "ymax": 262, "xmax": 393}}], [{"tid": 0, "generated": 0, "bbox": {"xmin": 825, "ymin": 248, "ymax": 352, "xmax": 1043}}, {"tid": 1, "generated": 0, "bbox": {"xmin": 207, "ymin": 189, "ymax": 263, "xmax": 403}}], [{"tid": 0, "generated": 0, "bbox": {"xmin": 837, "ymin": 250, "ymax": 355, "xmax": 1052}}, {"tid": 1, "generated": 0, "bbox": {"xmin": 218, "ymin": 190, "ymax": 264, "xmax": 414}}], [{"tid": 0, "generated": 0, "bbox": {"xmin": 845, "ymin": 250, "ymax": 357, "xmax": 1058}}, {"tid": 1, "generated": 0, "bbox": {"xmin": 229, "ymin": 191, "ymax": 264, "xmax": 423}}], [{"tid": 0, "generated": 0, "bbox": {"xmin": 854, "ymin": 250, "ymax": 360, "xmax": 1064}}, {"tid": 1, "generated": 0, "bbox": {"xmin": 240, "ymin": 192, "ymax": 265, "xmax": 433}}], [{"tid": 0, "generated": 0, "bbox": {"xmin": 862, "ymin": 251, "ymax": 363, "xmax": 1070}}, {"tid": 1, "generated": 0, "bbox": {"xmin": 252, "ymin": 193, "ymax": 266, "xmax": 442}}], [{"tid": 0, "generated": 0, "bbox": {"xmin": 871, "ymin": 251, "ymax": 366, "xmax": 1076}}, {"tid": 1, "generated": 0, "bbox": {"xmin": 263, "ymin": 194, "ymax": 267, "xmax": 452}}], [{"tid": 0, "generated": 0, "bbox": {"xmin": 880, "ymin": 252, "ymax": 369, "xmax": 1082}}, {"tid": 1, "generated": 0, "bbox": {"xmin": 275, "ymin": 195, "ymax": 268, "xmax": 462}}], [{"tid": 0, "generated": 0, "bbox": {"xmin": 884, "ymin": 253, "ymax": 372, "xmax": 1083}}, {"tid": 1, "generated": 0, "bbox": {"xmin": 282, "ymin": 195, "ymax": 269, "xmax": 467}}], [{"tid": 0, "generated": 0, "bbox": {"xmin": 888, "ymin": 255, "ymax": 375, "xmax": 1085}}, {"tid": 1, "generated": 0, "bbox": {"xmin": 289, "ymin": 196, "ymax": 271, "xmax": 472}}], [{"tid": 0, "generated": 0, "bbox": {"xmin": 892, "ymin": 257, "ymax": 378, "xmax": 1087}}, {"tid": 1, "generated": 0, "bbox": {"xmin": 296, "ymin": 197, "ymax": 273, "xmax": 477}}], [{"tid": 0, "generated": 0, "bbox": {"xmin": 896, "ymin": 259, "ymax": 381, "xmax": 1089}}, {"tid": 1, "generated": 0, "bbox": {"xmin": 303, "ymin": 198, "ymax": 275, "xmax": 482}}], [{"tid": 0, "generated": 0, "bbox": {"xmin": 901, "ymin": 261, "ymax": 384, "xmax": 1091}}, {"tid": 1, "generated": 0, "bbox": {"xmin": 311, "ymin": 199, "ymax": 277, "xmax": 488}}], [{"tid": 0, "generated": 0, "bbox": {"xmin": 905, "ymin": 263, "ymax": 387, "xmax": 1096}}, {"tid": 1, "generated": 0, "bbox": {"xmin": 319, "ymin": 199, "ymax": 277, "xmax": 493}}], [{"tid": 0, "generated": 0, "bbox": {"xmin": 910, "ymin": 265, "ymax": 391, "xmax": 1102}}, {"tid": 1, "generated": 0, "bbox": {"xmin": 327, "ymin": 200, "ymax": 278, "xmax": 499}}], [{"tid": 0, "generated": 0, "bbox": {"xmin": 915, "ymin": 267, "ymax": 394, "xmax": 1108}}, {"tid": 1, "generated": 0, "bbox": {"xmin": 335, "ymin": 201, "ymax": 279, "xmax": 505}}], [{"tid": 0, "generated": 0, "bbox": {"xmin": 920, "ymin": 270, "ymax": 398, "xmax": 1113}}, {"tid": 1, "generated": 0, "bbox": {"xmin": 344, "ymin": 201, "ymax": 279, "xmax": 511}}], [{"tid": 0, "generated": 0, "bbox": {"xmin": 925, "ymin": 272, "ymax": 401, "xmax": 1119}}, {"tid": 1, "generated": 0, "bbox": {"xmin": 352, "ymin": 202, "ymax": 280, "xmax": 517}}], [{"tid": 0, "generated": 0, "bbox": {"xmin": 929, "ymin": 274, "ymax": 405, "xmax": 1125}}, {"tid": 1, "generated": 0, "bbox": {"xmin": 360, "ymin": 203, "ymax": 281, "xmax": 523}}], [{"tid": 0, "generated": 0, "bbox": {"xmin": 934, "ymin": 277, "ymax": 408, "xmax": 1130}}, {"tid": 1, "generated": 0, "bbox": {"xmin": 369, "ymin": 203, "ymax": 281, "xmax": 529}}], [{"tid": 0, "generated": 0, "bbox": {"xmin": 939, "ymin": 279, "ymax": 412, "xmax": 1136}}, {"tid": 1, "generated": 0, "bbox": {"xmin": 377, "ymin": 204, "ymax": 282, "xmax": 535}}], [{"tid": 0, "generated": 0, "bbox": {"xmin": 944, "ymin": 281, "ymax": 415, "xmax": 1142}}, {"tid": 1, "generated": 0, "bbox": {"xmin": 385, "ymin": 205, "ymax": 283, "xmax": 541}}], [], [], [], [], [], [], [], [], [], [], [], [], [], [], [], [], [], [], [], [], [], [], [], [], [], [], [], [], [], [], [], [], [], [], [], [], [], [], [], [], [], [], [], [], [], [], [], [], [], [], [], [], [], [], [], [], [], [], [], [], [{"tid": 1, "generated": 0, "bbox": {"xmin": 604, "ymin": 243, "ymax": 343, "xmax": 798}}, {"tid": 2, "generated": 0, "bbox": {"xmin": 730, "ymin": 83, "ymax": 108, "xmax": 776}}], [{"tid": 1, "generated": 0, "bbox": {"xmin": 605, "ymin": 243, "ymax": 343, "xmax": 801}}, {"tid": 2, "generated": 0, "bbox": {"xmin": 728, "ymin": 83, "ymax": 108, "xmax": 775}}], [{"tid": 1, "generated": 0, "bbox": {"xmin": 607, "ymin": 244, "ymax": 344, "xmax": 805}}, {"tid": 2, "generated": 0, "bbox": {"xmin": 726, "ymin": 83, "ymax": 109, "xmax": 775}}], [{"tid": 1, "generated": 0, "bbox": {"xmin": 609, "ymin": 245, "ymax": 345, "xmax": 808}}, {"tid": 2, "generated": 0, "bbox": {"xmin": 724, "ymin": 83, "ymax": 110, "xmax": 774}}], [{"tid": 1, "generated": 0, "bbox": {"xmin": 611, "ymin": 246, "ymax": 345, "xmax": 812}}, {"tid": 2, "generated": 0, "bbox": {"xmin": 722, "ymin": 83, "ymax": 110, "xmax": 774}}], [{"tid": 1, "generated": 0, "bbox": {"xmin": 613, "ymin": 247, "ymax": 346, "xmax": 815}}, {"tid": 2, "generated": 0, "bbox": {"xmin": 721, "ymin": 84, "ymax": 111, "xmax": 773}}], [{"tid": 1, "generated": 0, "bbox": {"xmin": 614, "ymin": 248, "ymax": 347, "xmax": 819}}, {"tid": 2, "generated": 0, "bbox": {"xmin": 719, "ymin": 84, "ymax": 112, "xmax": 773}}], [{"tid": 1, "generated": 0, "bbox": {"xmin": 616, "ymin": 249, "ymax": 347, "xmax": 822}}, {"tid": 2, "generated": 0, "bbox": {"xmin": 717, "ymin": 84, "ymax": 112, "xmax": 772}}], [{"tid": 1, "generated": 0, "bbox": {"xmin": 618, "ymin": 250, "ymax": 348, "xmax": 826}}, {"tid": 2, "generated": 0, "bbox": {"xmin": 715, "ymin": 84, "ymax": 113, "xmax": 772}}], [{"tid": 1, "generated": 0, "bbox": {"xmin": 620, "ymin": 251, "ymax": 349, "xmax": 829}}, {"tid": 2, "generated": 0, "bbox": {"xmin": 713, "ymin": 84, "ymax": 114, "xmax": 771}}], [{"tid": 1, "generated": 0, "bbox": {"xmin": 622, "ymin": 252, "ymax": 350, "xmax": 833}}, {"tid": 2, "generated": 0, "bbox": {"xmin": 712, "ymin": 85, "ymax": 115, "xmax": 771}}], [{"tid": 1, "generated": 0, "bbox": {"xmin": 623, "ymin": 250, "ymax": 349, "xmax": 834}}, {"tid": 2, "generated": 0, "bbox": {"xmin": 709, "ymin": 85, "ymax": 115, "xmax": 769}}], [{"tid": 1, "generated": 0, "bbox": {"xmin": 624, "ymin": 249, "ymax": 349, "xmax": 836}}, {"tid": 2, "generated": 0, "bbox": {"xmin": 707, "ymin": 85, "ymax": 116, "xmax": 767}}], [{"tid": 1, "generated": 0, "bbox": {"xmin": 626, "ymin": 248, "ymax": 349, "xmax": 838}}, {"tid": 2, "generated": 0, "bbox": {"xmin": 705, "ymin": 85, "ymax": 117, "xmax": 766}}], [{"tid": 1, "generated": 0, "bbox": {"xmin": 627, "ymin": 247, "ymax": 349, "xmax": 840}}, {"tid": 2, "generated": 0, "bbox": {"xmin": 702, "ymin": 85, "ymax": 118, "xmax": 764}}], [{"tid": 1, "generated": 0, "bbox": {"xmin": 629, "ymin": 246, "ymax": 349, "xmax": 842}}, {"tid": 2, "generated": 0, "bbox": {"xmin": 700, "ymin": 85, "ymax": 119, "xmax": 763}}], [{"tid": 1, "generated": 0, "bbox": {"xmin": 630, "ymin": 245, "ymax": 348, "xmax": 843}}, {"tid": 2, "generated": 0, "bbox": {"xmin": 698, "ymin": 85, "ymax": 120, "xmax": 761}}], [{"tid": 1, "generated": 0, "bbox": {"xmin": 631, "ymin": 244, "ymax": 348, "xmax": 845}}, {"tid": 2, "generated": 0, "bbox": {"xmin": 695, "ymin": 85, "ymax": 121, "xmax": 759}}], [{"tid": 1, "generated": 0, "bbox": {"xmin": 633, "ymin": 243, "ymax": 348, "xmax": 847}}, {"tid": 2, "generated": 0, "bbox": {"xmin": 693, "ymin": 85, "ymax": 122, "xmax": 758}}], [{"tid": 1, "generated": 0, "bbox": {"xmin": 634, "ymin": 242, "ymax": 348, "xmax": 849}}, {"tid": 2, "generated": 0, "bbox": {"xmin": 691, "ymin": 85, "ymax": 123, "xmax": 756}}], [{"tid": 1, "generated": 0, "bbox": {"xmin": 636, "ymin": 241, "ymax": 348, "xmax": 851}}, {"tid": 2, "generated": 0, "bbox": {"xmin": 689, "ymin": 85, "ymax": 124, "xmax": 755}}], [{"tid": 1, "generated": 0, "bbox": {"xmin": 636, "ymin": 240, "ymax": 348, "xmax": 852}}, {"tid": 2, "generated": 0, "bbox": {"xmin": 684, "ymin": 85, "ymax": 124, "xmax": 751}}], [{"tid": 1, "generated": 0, "bbox": {"xmin": 637, "ymin": 240, "ymax": 349, "xmax": 853}}, {"tid": 2, "generated": 0, "bbox": {"xmin": 679, "ymin": 85, "ymax": 125, "xmax": 747}}], [{"tid": 1, "generated": 0, "bbox": {"xmin": 637, "ymin": 240, "ymax": 349, "xmax": 855}}, {"tid": 2, "generated": 0, "bbox": {"xmin": 675, "ymin": 85, "ymax": 126, "xmax": 743}}], [{"tid": 1, "generated": 0, "bbox": {"xmin": 638, "ymin": 239, "ymax": 350, "xmax": 856}}, {"tid": 2, "generated": 0, "bbox": {"xmin": 670, "ymin": 85, "ymax": 126, "xmax": 740}}], [{"tid": 1, "generated": 0, "bbox": {"xmin": 638, "ymin": 239, "ymax": 350, "xmax": 858}}, {"tid": 2, "generated": 0, "bbox": {"xmin": 666, "ymin": 85, "ymax": 127, "xmax": 736}}], [{"tid": 1, "generated": 0, "bbox": {"xmin": 639, "ymin": 239, "ymax": 351, "xmax": 859}}, {"tid": 2, "generated": 0, "bbox": {"xmin": 661, "ymin": 85, "ymax": 128, "xmax": 732}}], [{"tid": 1, "generated": 0, "bbox": {"xmin": 639, "ymin": 238, "ymax": 351, "xmax": 860}}, {"tid": 2, "generated": 0, "bbox": {"xmin": 656, "ymin": 85, "ymax": 128, "xmax": 729}}], [{"tid": 1, "generated": 0, "bbox": {"xmin": 640, "ymin": 238, "ymax": 352, "xmax": 862}}, {"tid": 2, "generated": 0, "bbox": {"xmin": 652, "ymin": 85, "ymax": 129, "xmax": 725}}], [{"tid": 1, "generated": 0, "bbox": {"xmin": 640, "ymin": 238, "ymax": 352, "xmax": 863}}, {"tid": 2, "generated": 0, "bbox": {"xmin": 647, "ymin": 85, "ymax": 130, "xmax": 721}}], [], [], [], [], [], [], [], [], [], [], [], [], [], [], [], [], [], [], [], [], [], [], [], [], [], [], [], [], [], [], [], [], [], [], [], [], [], [], [], [], [], [], [], [], [], [{"tid": 1, "generated": 0, "bbox": {"xmin": 679, "ymin": 240, "ymax": 368, "xmax": 920}}, {"tid": 2, "generated": 0, "bbox": {"xmin": 351, "ymin": 106, "ymax": 153, "xmax": 457}}], [{"tid": 1, "generated": 0, "bbox": {"xmin": 681, "ymin": 240, "ymax": 368, "xmax": 921}}, {"tid": 2, "generated": 0, "bbox": {"xmin": 344, "ymin": 107, "ymax": 153, "xmax": 450}}], [{"tid": 1, "generated": 0, "bbox": {"xmin": 682, "ymin": 240, "ymax": 369, "xmax": 923}}, {"tid": 2, "generated": 0, "bbox": {"xmin": 337, "ymin": 108, "ymax": 154, "xmax": 443}}], [{"tid": 1, "generated": 0, "bbox": {"xmin": 684, "ymin": 240, "ymax": 369, "xmax": 924}}, {"tid": 2, "generated": 0, "bbox": {"xmin": 330, "ymin": 108, "ymax": 154, "xmax": 437}}], [{"tid": 1, "generated": 0, "bbox": {"xmin": 686, "ymin": 240, "ymax": 370, "xmax": 926}}, {"tid": 2, "generated": 0, "bbox": {"xmin": 323, "ymin": 109, "ymax": 155, "xmax": 430}}], [{"tid": 1, "generated": 0, "bbox": {"xmin": 688, "ymin": 241, "ymax": 371, "xmax": 928}}, {"tid": 2, "generated": 0, "bbox": {"xmin": 316, "ymin": 110, "ymax": 156, "xmax": 424}}], [{"tid": 1, "generated": 0, "bbox": {"xmin": 691, "ymin": 241, "ymax": 371, "xmax": 928}}, {"tid": 2, "generated": 0, "bbox": {"xmin": 308, "ymin": 110, "ymax": 156, "xmax": 416}}], [{"tid": 1, "generated": 0, "bbox": {"xmin": 694, "ymin": 242, "ymax": 371, "xmax": 929}}, {"tid": 2, "generated": 0, "bbox": {"xmin": 301, "ymin": 111, "ymax": 157, "xmax": 409}}], [{"tid": 1, "generated": 0, "bbox": {"xmin": 697, "ymin": 243, "ymax": 371, "xmax": 929}}, {"tid": 2, "generated": 0, "bbox": {"xmin": 293, "ymin": 112, "ymax": 158, "xmax": 402}}], [{"tid": 1, "generated": 0, "bbox": {"xmin": 700, "ymin": 243, "ymax": 371, "xmax": 930}}, {"tid": 2, "generated": 0, "bbox": {"xmin": 286, "ymin": 112, "ymax": 159, "xmax": 395}}], [{"tid": 1, "generated": 0, "bbox": {"xmin": 703, "ymin": 244, "ymax": 371, "xmax": 930}}, {"tid": 2, "generated": 0, "bbox": {"xmin": 278, "ymin": 113, "ymax": 160, "xmax": 388}}], [{"tid": 1, "generated": 0, "bbox": {"xmin": 706, "ymin": 245, "ymax": 371, "xmax": 931}}, {"tid": 2, "generated": 0, "bbox": {"xmin": 271, "ymin": 114, "ymax": 161, "xmax": 381}}], [{"tid": 1, "generated": 0, "bbox": {"xmin": 709, "ymin": 245, "ymax": 371, "xmax": 931}}, {"tid": 2, "generated": 0, "bbox": {"xmin": 263, "ymin": 114, "ymax": 162, "xmax": 374}}], [{"tid": 1, "generated": 0, "bbox": {"xmin": 712, "ymin": 246, "ymax": 371, "xmax": 932}}, {"tid": 2, "generated": 0, "bbox": {"xmin": 256, "ymin": 115, "ymax": 163, "xmax": 367}}], [{"tid": 1, "generated": 0, "bbox": {"xmin": 715, "ymin": 247, "ymax": 371, "xmax": 932}}, {"tid": 2, "generated": 0, "bbox": {"xmin": 248, "ymin": 116, "ymax": 164, "xmax": 360}}], [{"tid": 1, "generated": 0, "bbox": {"xmin": 718, "ymin": 248, "ymax": 371, "xmax": 933}}, {"tid": 2, "generated": 0, "bbox": {"xmin": 241, "ymin": 117, "ymax": 165, "xmax": 353}}], [{"tid": 1, "generated": 0, "bbox": {"xmin": 719, "ymin": 248, "ymax": 371, "xmax": 931}}, {"tid": 2, "generated": 0, "bbox": {"xmin": 232, "ymin": 117, "ymax": 165, "xmax": 344}}], [{"tid": 1, "generated": 0, "bbox": {"xmin": 721, "ymin": 248, "ymax": 372, "xmax": 929}}, {"tid": 2, "generated": 0, "bbox": {"xmin": 224, "ymin": 118, "ymax": 165, "xmax": 336}}], [{"tid": 1, "generated": 0, "bbox": {"xmin": 723, "ymin": 249, "ymax": 372, "xmax": 928}}, {"tid": 2, "generated": 0, "bbox": {"xmin": 216, "ymin": 119, "ymax": 165, "xmax": 328}}], [{"tid": 1, "generated": 0, "bbox": {"xmin": 725, "ymin": 249, "ymax": 373, "xmax": 926}}, {"tid": 2, "generated": 0, "bbox": {"xmin": 207, "ymin": 119, "ymax": 165, "xmax": 319}}], [{"tid": 1, "generated": 0, "bbox": {"xmin": 727, "ymin": 250, "ymax": 373, "xmax": 925}}, {"tid": 2, "generated": 0, "bbox": {"xmin": 199, "ymin": 120, "ymax": 166, "xmax": 311}}], [{"tid": 1, "generated": 0, "bbox": {"xmin": 728, "ymin": 250, "ymax": 374, "xmax": 923}}, {"tid": 2, "generated": 0, "bbox": {"xmin": 191, "ymin": 121, "ymax": 166, "xmax": 303}}], [{"tid": 1, "generated": 0, "bbox": {"xmin": 730, "ymin": 250, "ymax": 374, "xmax": 921}}, {"tid": 2, "generated": 0, "bbox": {"xmin": 182, "ymin": 121, "ymax": 166, "xmax": 294}}], [{"tid": 1, "generated": 0, "bbox": {"xmin": 732, "ymin": 251, "ymax": 375, "xmax": 920}}, {"tid": 2, "generated": 0, "bbox": {"xmin": 174, "ymin": 122, "ymax": 166, "xmax": 286}}], [{"tid": 1, "generated": 0, "bbox": {"xmin": 734, "ymin": 251, "ymax": 375, "xmax": 918}}, {"tid": 2, "generated": 0, "bbox": {"xmin": 166, "ymin": 123, "ymax": 166, "xmax": 278}}], [{"tid": 1, "generated": 0, "bbox": {"xmin": 736, "ymin": 252, "ymax": 376, "xmax": 917}}, {"tid": 2, "generated": 0, "bbox": {"xmin": 158, "ymin": 124, "ymax": 167, "xmax": 270}}], [{"tid": 1, "generated": 0, "bbox": {"xmin": 736, "ymin": 252, "ymax": 376, "xmax": 915}}, {"tid": 2, "generated": 0, "bbox": {"xmin": 148, "ymin": 124, "ymax": 168, "xmax": 261}}], [{"tid": 1, "generated": 0, "bbox": {"xmin": 736, "ymin": 253, "ymax": 377, "xmax": 913}}, {"tid": 2, "generated": 0, "bbox": {"xmin": 139, "ymin": 124, "ymax": 169, "xmax": 252}}], [{"tid": 1, "generated": 0, "bbox": {"xmin": 736, "ymin": 254, "ymax": 377, "xmax": 911}}, {"tid": 2, "generated": 0, "bbox": {"xmin": 130, "ymin": 124, "ymax": 170, "xmax": 243}}], [{"tid": 1, "generated": 0, "bbox": {"xmin": 736, "ymin": 254, "ymax": 378, "xmax": 909}}, {"tid": 2, "generated": 0, "bbox": {"xmin": 121, "ymin": 124, "ymax": 171, "xmax": 235}}]], "subject/objects": [{"category": "car", "tid": 0}, {"category": "car", "tid": 1}, {"category": "car", "tid": 2}], "relation_instances": [{"end_fid": 30, "subject_tid": 0, "predicate": "move_right", "begin_fid": 0, "object_tid": 1}, {"end_fid": 30, "subject_tid": 0, "predicate": "move_front", "begin_fid": 0, "object_tid": 1}, {"end_fid": 30, "subject_tid": 1, "predicate": "move_behind", "begin_fid": 0, "object_tid": 0}, {"end_fid": 30, "subject_tid": 1, "predicate": "move_left", "begin_fid": 0, "object_tid": 0}, {"end_fid": 120, "subject_tid": 1, "predicate": "move_front", "begin_fid": 90, "object_tid": 2}, {"end_fid": 120, "subject_tid": 2, "predicate": "move_behind", "begin_fid": 90, "object_tid": 1}, {"end_fid": 195, "subject_tid": 1, "predicate": "move_right", "begin_fid": 165, "object_tid": 2}, {"end_fid": 195, "subject_tid": 1, "predicate": "move_front", "begin_fid": 165, "object_tid": 2}, {"end_fid": 195, "subject_tid": 2, "predicate": "move_behind", "begin_fid": 165, "object_tid": 1}, {"end_fid": 195, "subject_tid": 2, "predicate": "move_left", "begin_fid": 165, "object_tid": 1}], "height": 720}