{"width": 640, "frame_count": 183, "video_id": "ILSVRC2015_train_00146005", "fps": 25, "trajectories": [[{"tid": 0, "generated": 0, "bbox": {"xmin": 102, "ymin": 136, "ymax": 238, "xmax": 188}}, {"tid": 1, "generated": 0, "bbox": {"xmin": 146, "ymin": 128, "ymax": 208, "xmax": 186}}, {"tid": 2, "generated": 0, "bbox": {"xmin": 159, "ymin": 161, "ymax": 264, "xmax": 248}}, {"tid": 3, "generated": 0, "bbox": {"xmin": 258, "ymin": 149, "ymax": 228, "xmax": 334}}, {"tid": 4, "generated": 0, "bbox": {"xmin": 368, "ymin": 124, "ymax": 205, "xmax": 457}}, {"tid": 5, "generated": 0, "bbox": {"xmin": 430, "ymin": 134, "ymax": 215, "xmax": 512}}, {"tid": 6, "generated": 0, "bbox": {"xmin": 415, "ymin": 169, "ymax": 270, "xmax": 506}}, {"tid": 7, "generated": 0, "bbox": {"xmin": 616, "ymin": 144, "ymax": 191, "xmax": 638}}], [{"tid": 0, "generated": 0, "bbox": {"xmin": 104, "ymin": 138, "ymax": 240, "xmax": 191}}, {"tid": 1, "generated": 0, "bbox": {"xmin": 152, "ymin": 128, "ymax": 208, "xmax": 192}}, {"tid": 2, "generated": 0, "bbox": {"xmin": 159, "ymin": 162, "ymax": 263, "xmax": 234}}, {"tid": 3, "generated": 0, "bbox": {"xmin": 258, "ymin": 149, "ymax": 225, "xmax": 336}}, {"tid": 4, "generated": 0, "bbox": {"xmin": 367, "ymin": 124, "ymax": 205, "xmax": 456}}, {"tid": 5, "generated": 0, "bbox": {"xmin": 429, "ymin": 136, "ymax": 216, "xmax": 512}}, {"tid": 6, "generated": 0, "bbox": {"xmin": 415, "ymin": 170, "ymax": 271, "xmax": 506}}, {"tid": 7, "generated": 0, "bbox": {"xmin": 615, "ymin": 144, "ymax": 191, "xmax": 638}}], [{"tid": 0, "generated": 0, "bbox": {"xmin": 102, "ymin": 141, "ymax": 240, "xmax": 189}}, {"tid": 1, "generated": 0, "bbox": {"xmin": 154, "ymin": 128, "ymax": 208, "xmax": 190}}, {"tid": 2, "generated": 0, "bbox": {"xmin": 156, "ymin": 172, "ymax": 264, "xmax": 234}}, {"tid": 3, "generated": 0, "bbox": {"xmin": 258, "ymin": 149, "ymax": 225, "xmax": 337}}, {"tid": 4, "generated": 0, "bbox": {"xmin": 366, "ymin": 124, "ymax": 205, "xmax": 456}}, {"tid": 5, "generated": 0, "bbox": {"xmin": 432, "ymin": 135, "ymax": 216, "xmax": 512}}, {"tid": 6, "generated": 0, "bbox": {"xmin": 414, "ymin": 172, "ymax": 272, "xmax": 505}}, {"tid": 7, "generated": 0, "bbox": {"xmin": 615, "ymin": 144, "ymax": 192, "xmax": 638}}], [{"tid": 0, "generated": 0, "bbox": {"xmin": 104, "ymin": 134, "ymax": 240, "xmax": 184}}, {"tid": 1, "generated": 0, "bbox": {"xmin": 154, "ymin": 128, "ymax": 208, "xmax": 188}}, {"tid": 2, "generated": 0, "bbox": {"xmin": 154, "ymin": 162, "ymax": 264, "xmax": 234}}, {"tid": 3, "generated": 0, "bbox": {"xmin": 258, "ymin": 149, "ymax": 226, "xmax": 336}}, {"tid": 4, "generated": 0, "bbox": {"xmin": 365, "ymin": 128, "ymax": 208, "xmax": 456}}, {"tid": 5, "generated": 0, "bbox": {"xmin": 429, "ymin": 135, "ymax": 215, "xmax": 511}}, {"tid": 6, "generated": 0, "bbox": {"xmin": 413, "ymin": 171, "ymax": 271, "xmax": 507}}, {"tid": 7, "generated": 0, "bbox": {"xmin": 612, "ymin": 144, "ymax": 196, "xmax": 637}}], [{"tid": 0, "generated": 0, "bbox": {"xmin": 98, "ymin": 136, "ymax": 240, "xmax": 184}}, {"tid": 1, "generated": 0, "bbox": {"xmin": 153, "ymin": 134, "ymax": 208, "xmax": 184}}, {"tid": 2, "generated": 0, "bbox": {"xmin": 157, "ymin": 170, "ymax": 264, "xmax": 233}}, {"tid": 3, "generated": 0, "bbox": {"xmin": 261, "ymin": 149, "ymax": 226, "xmax": 336}}, {"tid": 4, "generated": 0, "bbox": {"xmin": 366, "ymin": 128, "ymax": 208, "xmax": 456}}, {"tid": 5, "generated": 0, "bbox": {"xmin": 430, "ymin": 140, "ymax": 206, "xmax": 511}}, {"tid": 6, "generated": 0, "bbox": {"xmin": 413, "ymin": 170, "ymax": 270, "xmax": 509}}, {"tid": 7, "generated": 0, "bbox": {"xmin": 612, "ymin": 145, "ymax": 199, "xmax": 638}}], [{"tid": 0, "generated": 0, "bbox": {"xmin": 103, "ymin": 140, "ymax": 242, "xmax": 183}}, {"tid": 1, "generated": 0, "bbox": {"xmin": 152, "ymin": 134, "ymax": 208, "xmax": 184}}, {"tid": 2, "generated": 0, "bbox": {"xmin": 156, "ymin": 168, "ymax": 264, "xmax": 232}}, {"tid": 3, "generated": 0, "bbox": {"xmin": 256, "ymin": 150, "ymax": 228, "xmax": 334}}, {"tid": 4, "generated": 0, "bbox": {"xmin": 366, "ymin": 127, "ymax": 208, "xmax": 456}}, {"tid": 5, "generated": 0, "bbox": {"xmin": 428, "ymin": 136, "ymax": 216, "xmax": 510}}, {"tid": 6, "generated": 0, "bbox": {"xmin": 412, "ymin": 170, "ymax": 271, "xmax": 504}}, {"tid": 7, "generated": 0, "bbox": {"xmin": 610, "ymin": 144, "ymax": 200, "xmax": 638}}], [{"tid": 0, "generated": 0, "bbox": {"xmin": 97, "ymin": 137, "ymax": 240, "xmax": 182}}, {"tid": 1, "generated": 0, "bbox": {"xmin": 152, "ymin": 133, "ymax": 208, "xmax": 184}}, {"tid": 2, "generated": 0, "bbox": {"xmin": 154, "ymin": 167, "ymax": 263, "xmax": 232}}, {"tid": 3, "generated": 0, "bbox": {"xmin": 257, "ymin": 149, "ymax": 226, "xmax": 335}}, {"tid": 4, "generated": 0, "bbox": {"xmin": 366, "ymin": 126, "ymax": 207, "xmax": 456}}, {"tid": 5, "generated": 0, "bbox": {"xmin": 426, "ymin": 136, "ymax": 216, "xmax": 507}}, {"tid": 6, "generated": 0, "bbox": {"xmin": 412, "ymin": 171, "ymax": 271, "xmax": 504}}, {"tid": 7, "generated": 0, "bbox": {"xmin": 609, "ymin": 144, "ymax": 199, "xmax": 638}}], [{"tid": 0, "generated": 0, "bbox": {"xmin": 96, "ymin": 136, "ymax": 240, "xmax": 183}}, {"tid": 1, "generated": 0, "bbox": {"xmin": 152, "ymin": 132, "ymax": 208, "xmax": 185}}, {"tid": 2, "generated": 0, "bbox": {"xmin": 157, "ymin": 175, "ymax": 263, "xmax": 241}}, {"tid": 3, "generated": 0, "bbox": {"xmin": 256, "ymin": 149, "ymax": 226, "xmax": 334}}, {"tid": 4, "generated": 0, "bbox": {"xmin": 366, "ymin": 125, "ymax": 206, "xmax": 456}}, {"tid": 5, "generated": 0, "bbox": {"xmin": 425, "ymin": 137, "ymax": 217, "xmax": 505}}, {"tid": 6, "generated": 0, "bbox": {"xmin": 413, "ymin": 173, "ymax": 272, "xmax": 504}}, {"tid": 7, "generated": 0, "bbox": {"xmin": 608, "ymin": 144, "ymax": 198, "xmax": 638}}], [{"tid": 0, "generated": 0, "bbox": {"xmin": 98, "ymin": 136, "ymax": 240, "xmax": 184}}, {"tid": 1, "generated": 0, "bbox": {"xmin": 152, "ymin": 131, "ymax": 208, "xmax": 186}}, {"tid": 2, "generated": 0, "bbox": {"xmin": 160, "ymin": 168, "ymax": 264, "xmax": 245}}, {"tid": 3, "generated": 0, "bbox": {"xmin": 256, "ymin": 149, "ymax": 226, "xmax": 331}}, {"tid": 4, "generated": 0, "bbox": {"xmin": 366, "ymin": 125, "ymax": 206, "xmax": 456}}, {"tid": 5, "generated": 0, "bbox": {"xmin": 426, "ymin": 136, "ymax": 216, "xmax": 505}}, {"tid": 6, "generated": 0, "bbox": {"xmin": 410, "ymin": 173, "ymax": 272, "xmax": 504}}, {"tid": 7, "generated": 0, "bbox": {"xmin": 608, "ymin": 144, "ymax": 197, "xmax": 638}}], [{"tid": 0, "generated": 0, "bbox": {"xmin": 101, "ymin": 137, "ymax": 240, "xmax": 184}}, {"tid": 1, "generated": 0, "bbox": {"xmin": 152, "ymin": 130, "ymax": 208, "xmax": 187}}, {"tid": 2, "generated": 0, "bbox": {"xmin": 160, "ymin": 168, "ymax": 264, "xmax": 241}}, {"tid": 3, "generated": 0, "bbox": {"xmin": 256, "ymin": 149, "ymax": 226, "xmax": 329}}, {"tid": 4, "generated": 0, "bbox": {"xmin": 367, "ymin": 125, "ymax": 206, "xmax": 458}}, {"tid": 5, "generated": 0, "bbox": {"xmin": 427, "ymin": 135, "ymax": 215, "xmax": 505}}, {"tid": 6, "generated": 0, "bbox": {"xmin": 411, "ymin": 170, "ymax": 270, "xmax": 504}}, {"tid": 7, "generated": 0, "bbox": {"xmin": 608, "ymin": 144, "ymax": 198, "xmax": 638}}], [{"tid": 0, "generated": 0, "bbox": {"xmin": 100, "ymin": 136, "ymax": 240, "xmax": 185}}, {"tid": 1, "generated": 0, "bbox": {"xmin": 152, "ymin": 129, "ymax": 209, "xmax": 189}}, {"tid": 2, "generated": 0, "bbox": {"xmin": 160, "ymin": 166, "ymax": 266, "xmax": 233}}, {"tid": 3, "generated": 0, "bbox": {"xmin": 246, "ymin": 149, "ymax": 226, "xmax": 330}}, {"tid": 4, "generated": 0, "bbox": {"xmin": 368, "ymin": 125, "ymax": 206, "xmax": 460}}, {"tid": 5, "generated": 0, "bbox": {"xmin": 429, "ymin": 134, "ymax": 214, "xmax": 506}}, {"tid": 6, "generated": 0, "bbox": {"xmin": 413, "ymin": 168, "ymax": 268, "xmax": 504}}, {"tid": 7, "generated": 0, "bbox": {"xmin": 608, "ymin": 144, "ymax": 199, "xmax": 639}}], [{"tid": 0, "generated": 0, "bbox": {"xmin": 98, "ymin": 137, "ymax": 240, "xmax": 184}}, {"tid": 1, "generated": 0, "bbox": {"xmin": 153, "ymin": 130, "ymax": 208, "xmax": 186}}, {"tid": 2, "generated": 0, "bbox": {"xmin": 158, "ymin": 168, "ymax": 264, "xmax": 232}}, {"tid": 3, "generated": 0, "bbox": {"xmin": 256, "ymin": 149, "ymax": 228, "xmax": 328}}, {"tid": 4, "generated": 0, "bbox": {"xmin": 366, "ymin": 127, "ymax": 208, "xmax": 456}}, {"tid": 5, "generated": 0, "bbox": {"xmin": 428, "ymin": 134, "ymax": 213, "xmax": 508}}, {"tid": 6, "generated": 0, "bbox": {"xmin": 409, "ymin": 168, "ymax": 271, "xmax": 502}}, {"tid": 7, "generated": 0, "bbox": {"xmin": 607, "ymin": 144, "ymax": 201, "xmax": 638}}], [{"tid": 0, "generated": 0, "bbox": {"xmin": 96, "ymin": 134, "ymax": 238, "xmax": 184}}, {"tid": 1, "generated": 0, "bbox": {"xmin": 152, "ymin": 129, "ymax": 207, "xmax": 185}}, {"tid": 2, "generated": 0, "bbox": {"xmin": 158, "ymin": 169, "ymax": 262, "xmax": 230}}, {"tid": 3, "generated": 0, "bbox": {"xmin": 236, "ymin": 149, "ymax": 226, "xmax": 330}}, {"tid": 4, "generated": 0, "bbox": {"xmin": 365, "ymin": 128, "ymax": 208, "xmax": 456}}, {"tid": 5, "generated": 0, "bbox": {"xmin": 427, "ymin": 134, "ymax": 213, "xmax": 508}}, {"tid": 6, "generated": 0, "bbox": {"xmin": 408, "ymin": 168, "ymax": 270, "xmax": 501}}, {"tid": 7, "generated": 0, "bbox": {"xmin": 606, "ymin": 144, "ymax": 203, "xmax": 638}}], [{"tid": 0, "generated": 0, "bbox": {"xmin": 96, "ymin": 130, "ymax": 238, "xmax": 182}}, {"tid": 1, "generated": 0, "bbox": {"xmin": 151, "ymin": 129, "ymax": 207, "xmax": 185}}, {"tid": 2, "generated": 0, "bbox": {"xmin": 154, "ymin": 169, "ymax": 262, "xmax": 229}}, {"tid": 3, "generated": 0, "bbox": {"xmin": 244, "ymin": 149, "ymax": 224, "xmax": 328}}, {"tid": 4, "generated": 0, "bbox": {"xmin": 365, "ymin": 128, "ymax": 208, "xmax": 456}}, {"tid": 5, "generated": 0, "bbox": {"xmin": 427, "ymin": 134, "ymax": 213, "xmax": 508}}, {"tid": 6, "generated": 0, "bbox": {"xmin": 408, "ymin": 168, "ymax": 270, "xmax": 500}}, {"tid": 7, "generated": 0, "bbox": {"xmin": 605, "ymin": 144, "ymax": 205, "xmax": 638}}], [{"tid": 0, "generated": 0, "bbox": {"xmin": 96, "ymin": 130, "ymax": 239, "xmax": 181}}, {"tid": 1, "generated": 0, "bbox": {"xmin": 151, "ymin": 128, "ymax": 206, "xmax": 184}}, {"tid": 2, "generated": 0, "bbox": {"xmin": 152, "ymin": 168, "ymax": 262, "xmax": 226}}, {"tid": 3, "generated": 0, "bbox": {"xmin": 249, "ymin": 143, "ymax": 224, "xmax": 327}}, {"tid": 4, "generated": 0, "bbox": {"xmin": 368, "ymin": 125, "ymax": 204, "xmax": 456}}, {"tid": 5, "generated": 0, "bbox": {"xmin": 426, "ymin": 134, "ymax": 213, "xmax": 508}}, {"tid": 6, "generated": 0, "bbox": {"xmin": 407, "ymin": 168, "ymax": 270, "xmax": 500}}, {"tid": 7, "generated": 0, "bbox": {"xmin": 604, "ymin": 144, "ymax": 207, "xmax": 638}}], [{"tid": 0, "generated": 0, "bbox": {"xmin": 95, "ymin": 132, "ymax": 239, "xmax": 181}}, {"tid": 1, "generated": 0, "bbox": {"xmin": 150, "ymin": 128, "ymax": 206, "xmax": 184}}, {"tid": 2, "generated": 0, "bbox": {"xmin": 151, "ymin": 166, "ymax": 262, "xmax": 226}}, {"tid": 3, "generated": 0, "bbox": {"xmin": 253, "ymin": 144, "ymax": 224, "xmax": 328}}, {"tid": 4, "generated": 0, "bbox": {"xmin": 365, "ymin": 126, "ymax": 206, "xmax": 454}}, {"tid": 5, "generated": 0, "bbox": {"xmin": 426, "ymin": 134, "ymax": 213, "xmax": 508}}, {"tid": 6, "generated": 0, "bbox": {"xmin": 407, "ymin": 168, "ymax": 270, "xmax": 499}}, {"tid": 7, "generated": 0, "bbox": {"xmin": 603, "ymin": 144, "ymax": 209, "xmax": 637}}], [{"tid": 0, "generated": 0, "bbox": {"xmin": 96, "ymin": 133, "ymax": 240, "xmax": 182}}, {"tid": 1, "generated": 0, "bbox": {"xmin": 149, "ymin": 128, "ymax": 205, "xmax": 183}}, {"tid": 2, "generated": 0, "bbox": {"xmin": 149, "ymin": 165, "ymax": 261, "xmax": 226}}, {"tid": 3, "generated": 0, "bbox": {"xmin": 253, "ymin": 144, "ymax": 224, "xmax": 328}}, {"tid": 4, "generated": 0, "bbox": {"xmin": 362, "ymin": 128, "ymax": 208, "xmax": 452}}, {"tid": 5, "generated": 0, "bbox": {"xmin": 424, "ymin": 134, "ymax": 213, "xmax": 505}}, {"tid": 6, "generated": 0, "bbox": {"xmin": 406, "ymin": 168, "ymax": 270, "xmax": 498}}, {"tid": 7, "generated": 0, "bbox": {"xmin": 602, "ymin": 144, "ymax": 211, "xmax": 637}}], [{"tid": 0, "generated": 0, "bbox": {"xmin": 95, "ymin": 136, "ymax": 236, "xmax": 183}}, {"tid": 1, "generated": 0, "bbox": {"xmin": 149, "ymin": 127, "ymax": 205, "xmax": 183}}, {"tid": 2, "generated": 0, "bbox": {"xmin": 149, "ymin": 166, "ymax": 262, "xmax": 229}}, {"tid": 3, "generated": 0, "bbox": {"xmin": 254, "ymin": 145, "ymax": 224, "xmax": 328}}, {"tid": 4, "generated": 0, "bbox": {"xmin": 359, "ymin": 126, "ymax": 206, "xmax": 448}}, {"tid": 5, "generated": 0, "bbox": {"xmin": 425, "ymin": 136, "ymax": 215, "xmax": 506}}, {"tid": 6, "generated": 0, "bbox": {"xmin": 406, "ymin": 169, "ymax": 270, "xmax": 498}}, {"tid": 7, "generated": 0, "bbox": {"xmin": 601, "ymin": 144, "ymax": 213, "xmax": 637}}], [{"tid": 0, "generated": 0, "bbox": {"xmin": 90, "ymin": 134, "ymax": 237, "xmax": 180}}, {"tid": 1, "generated": 0, "bbox": {"xmin": 148, "ymin": 127, "ymax": 204, "xmax": 182}}, {"tid": 2, "generated": 0, "bbox": {"xmin": 144, "ymin": 168, "ymax": 263, "xmax": 228}}, {"tid": 3, "generated": 0, "bbox": {"xmin": 253, "ymin": 146, "ymax": 224, "xmax": 328}}, {"tid": 4, "generated": 0, "bbox": {"xmin": 356, "ymin": 127, "ymax": 207, "xmax": 447}}, {"tid": 5, "generated": 0, "bbox": {"xmin": 425, "ymin": 136, "ymax": 216, "xmax": 506}}, {"tid": 6, "generated": 0, "bbox": {"xmin": 407, "ymin": 173, "ymax": 271, "xmax": 501}}, {"tid": 7, "generated": 0, "bbox": {"xmin": 601, "ymin": 144, "ymax": 216, "xmax": 637}}], [{"tid": 0, "generated": 0, "bbox": {"xmin": 93, "ymin": 134, "ymax": 240, "xmax": 176}}, {"tid": 1, "generated": 0, "bbox": {"xmin": 148, "ymin": 127, "ymax": 204, "xmax": 182}}, {"tid": 2, "generated": 0, "bbox": {"xmin": 144, "ymin": 169, "ymax": 264, "xmax": 229}}, {"tid": 3, "generated": 0, "bbox": {"xmin": 250, "ymin": 148, "ymax": 224, "xmax": 328}}, {"tid": 4, "generated": 0, "bbox": {"xmin": 354, "ymin": 129, "ymax": 209, "xmax": 447}}, {"tid": 5, "generated": 0, "bbox": {"xmin": 421, "ymin": 136, "ymax": 216, "xmax": 502}}, {"tid": 6, "generated": 0, "bbox": {"xmin": 407, "ymin": 172, "ymax": 269, "xmax": 501}}, {"tid": 7, "generated": 0, "bbox": {"xmin": 601, "ymin": 144, "ymax": 218, "xmax": 637}}], [{"tid": 0, "generated": 0, "bbox": {"xmin": 96, "ymin": 137, "ymax": 242, "xmax": 180}}, {"tid": 1, "generated": 0, "bbox": {"xmin": 148, "ymin": 128, "ymax": 208, "xmax": 184}}, {"tid": 2, "generated": 0, "bbox": {"xmin": 144, "ymin": 164, "ymax": 263, "xmax": 226}}, {"tid": 3, "generated": 0, "bbox": {"xmin": 240, "ymin": 150, "ymax": 228, "xmax": 328}}, {"tid": 4, "generated": 0, "bbox": {"xmin": 358, "ymin": 126, "ymax": 206, "xmax": 449}}, {"tid": 5, "generated": 0, "bbox": {"xmin": 424, "ymin": 135, "ymax": 214, "xmax": 506}}, {"tid": 6, "generated": 0, "bbox": {"xmin": 407, "ymin": 172, "ymax": 271, "xmax": 501}}, {"tid": 7, "generated": 0, "bbox": {"xmin": 601, "ymin": 144, "ymax": 221, "xmax": 638}}], [{"tid": 0, "generated": 0, "bbox": {"xmin": 93, "ymin": 137, "ymax": 241, "xmax": 180}}, {"tid": 1, "generated": 0, "bbox": {"xmin": 148, "ymin": 128, "ymax": 208, "xmax": 184}}, {"tid": 2, "generated": 0, "bbox": {"xmin": 143, "ymin": 168, "ymax": 264, "xmax": 224}}, {"tid": 3, "generated": 0, "bbox": {"xmin": 248, "ymin": 150, "ymax": 231, "xmax": 328}}, {"tid": 4, "generated": 0, "bbox": {"xmin": 358, "ymin": 127, "ymax": 207, "xmax": 448}}, {"tid": 5, "generated": 0, "bbox": {"xmin": 423, "ymin": 137, "ymax": 216, "xmax": 505}}, {"tid": 6, "generated": 0, "bbox": {"xmin": 406, "ymin": 172, "ymax": 271, "xmax": 500}}, {"tid": 7, "generated": 0, "bbox": {"xmin": 599, "ymin": 144, "ymax": 222, "xmax": 638}}], [{"tid": 0, "generated": 0, "bbox": {"xmin": 90, "ymin": 137, "ymax": 240, "xmax": 180}}, {"tid": 1, "generated": 0, "bbox": {"xmin": 148, "ymin": 128, "ymax": 208, "xmax": 184}}, {"tid": 2, "generated": 0, "bbox": {"xmin": 142, "ymin": 168, "ymax": 264, "xmax": 225}}, {"tid": 3, "generated": 0, "bbox": {"xmin": 254, "ymin": 152, "ymax": 231, "xmax": 328}}, {"tid": 4, "generated": 0, "bbox": {"xmin": 358, "ymin": 129, "ymax": 208, "xmax": 447}}, {"tid": 5, "generated": 0, "bbox": {"xmin": 423, "ymin": 139, "ymax": 218, "xmax": 504}}, {"tid": 6, "generated": 0, "bbox": {"xmin": 405, "ymin": 173, "ymax": 271, "xmax": 499}}, {"tid": 7, "generated": 0, "bbox": {"xmin": 598, "ymin": 144, "ymax": 223, "xmax": 639}}], [{"tid": 0, "generated": 0, "bbox": {"xmin": 88, "ymin": 138, "ymax": 240, "xmax": 180}}, {"tid": 1, "generated": 0, "bbox": {"xmin": 148, "ymin": 129, "ymax": 208, "xmax": 184}}, {"tid": 2, "generated": 0, "bbox": {"xmin": 136, "ymin": 168, "ymax": 266, "xmax": 222}}, {"tid": 3, "generated": 0, "bbox": {"xmin": 254, "ymin": 153, "ymax": 231, "xmax": 330}}, {"tid": 4, "generated": 0, "bbox": {"xmin": 358, "ymin": 130, "ymax": 209, "xmax": 446}}, {"tid": 5, "generated": 0, "bbox": {"xmin": 423, "ymin": 141, "ymax": 220, "xmax": 504}}, {"tid": 6, "generated": 0, "bbox": {"xmin": 405, "ymin": 174, "ymax": 272, "xmax": 498}}, {"tid": 7, "generated": 0, "bbox": {"xmin": 598, "ymin": 144, "ymax": 225, "xmax": 638}}], [{"tid": 0, "generated": 0, "bbox": {"xmin": 93, "ymin": 142, "ymax": 241, "xmax": 175}}, {"tid": 1, "generated": 0, "bbox": {"xmin": 148, "ymin": 136, "ymax": 207, "xmax": 183}}, {"tid": 2, "generated": 0, "bbox": {"xmin": 144, "ymin": 168, "ymax": 269, "xmax": 223}}, {"tid": 3, "generated": 0, "bbox": {"xmin": 254, "ymin": 154, "ymax": 231, "xmax": 332}}, {"tid": 4, "generated": 0, "bbox": {"xmin": 358, "ymin": 132, "ymax": 210, "xmax": 446}}, {"tid": 5, "generated": 0, "bbox": {"xmin": 421, "ymin": 141, "ymax": 220, "xmax": 503}}, {"tid": 6, "generated": 0, "bbox": {"xmin": 401, "ymin": 176, "ymax": 274, "xmax": 496}}, {"tid": 7, "generated": 0, "bbox": {"xmin": 598, "ymin": 144, "ymax": 228, "xmax": 639}}], [{"tid": 0, "generated": 0, "bbox": {"xmin": 94, "ymin": 142, "ymax": 244, "xmax": 176}}, {"tid": 1, "generated": 0, "bbox": {"xmin": 145, "ymin": 136, "ymax": 205, "xmax": 183}}, {"tid": 2, "generated": 0, "bbox": {"xmin": 140, "ymin": 165, "ymax": 265, "xmax": 218}}, {"tid": 3, "generated": 0, "bbox": {"xmin": 256, "ymin": 158, "ymax": 231, "xmax": 334}}, {"tid": 4, "generated": 0, "bbox": {"xmin": 356, "ymin": 126, "ymax": 208, "xmax": 446}}, {"tid": 5, "generated": 0, "bbox": {"xmin": 420, "ymin": 141, "ymax": 220, "xmax": 502}}, {"tid": 6, "generated": 0, "bbox": {"xmin": 402, "ymin": 176, "ymax": 276, "xmax": 496}}, {"tid": 7, "generated": 0, "bbox": {"xmin": 598, "ymin": 146, "ymax": 230, "xmax": 638}}], [{"tid": 0, "generated": 0, "bbox": {"xmin": 93, "ymin": 144, "ymax": 246, "xmax": 176}}, {"tid": 1, "generated": 0, "bbox": {"xmin": 145, "ymin": 137, "ymax": 205, "xmax": 182}}, {"tid": 2, "generated": 0, "bbox": {"xmin": 137, "ymin": 168, "ymax": 264, "xmax": 222}}, {"tid": 3, "generated": 0, "bbox": {"xmin": 256, "ymin": 158, "ymax": 232, "xmax": 334}}, {"tid": 4, "generated": 0, "bbox": {"xmin": 357, "ymin": 127, "ymax": 208, "xmax": 445}}, {"tid": 5, "generated": 0, "bbox": {"xmin": 417, "ymin": 143, "ymax": 222, "xmax": 500}}, {"tid": 6, "generated": 0, "bbox": {"xmin": 397, "ymin": 176, "ymax": 275, "xmax": 496}}, {"tid": 7, "generated": 0, "bbox": {"xmin": 599, "ymin": 149, "ymax": 232, "xmax": 637}}], [{"tid": 0, "generated": 0, "bbox": {"xmin": 90, "ymin": 142, "ymax": 246, "xmax": 175}}, {"tid": 1, "generated": 0, "bbox": {"xmin": 145, "ymin": 136, "ymax": 207, "xmax": 182}}, {"tid": 2, "generated": 0, "bbox": {"xmin": 138, "ymin": 167, "ymax": 266, "xmax": 222}}, {"tid": 3, "generated": 0, "bbox": {"xmin": 256, "ymin": 159, "ymax": 231, "xmax": 334}}, {"tid": 4, "generated": 0, "bbox": {"xmin": 358, "ymin": 130, "ymax": 210, "xmax": 447}}, {"tid": 5, "generated": 0, "bbox": {"xmin": 416, "ymin": 143, "ymax": 222, "xmax": 499}}, {"tid": 6, "generated": 0, "bbox": {"xmin": 392, "ymin": 177, "ymax": 274, "xmax": 497}}, {"tid": 7, "generated": 0, "bbox": {"xmin": 600, "ymin": 152, "ymax": 234, "xmax": 638}}], [{"tid": 0, "generated": 0, "bbox": {"xmin": 93, "ymin": 138, "ymax": 247, "xmax": 176}}, {"tid": 1, "generated": 0, "bbox": {"xmin": 146, "ymin": 136, "ymax": 207, "xmax": 181}}, {"tid": 2, "generated": 0, "bbox": {"xmin": 141, "ymin": 167, "ymax": 271, "xmax": 221}}, {"tid": 3, "generated": 0, "bbox": {"xmin": 256, "ymin": 159, "ymax": 232, "xmax": 337}}, {"tid": 4, "generated": 0, "bbox": {"xmin": 359, "ymin": 133, "ymax": 213, "xmax": 449}}, {"tid": 5, "generated": 0, "bbox": {"xmin": 416, "ymin": 143, "ymax": 223, "xmax": 498}}, {"tid": 6, "generated": 0, "bbox": {"xmin": 392, "ymin": 178, "ymax": 277, "xmax": 498}}, {"tid": 7, "generated": 0, "bbox": {"xmin": 600, "ymin": 151, "ymax": 234, "xmax": 638}}], [{"tid": 0, "generated": 0, "bbox": {"xmin": 94, "ymin": 138, "ymax": 246, "xmax": 176}}, {"tid": 1, "generated": 0, "bbox": {"xmin": 147, "ymin": 132, "ymax": 207, "xmax": 182}}, {"tid": 2, "generated": 0, "bbox": {"xmin": 136, "ymin": 165, "ymax": 272, "xmax": 232}}, {"tid": 3, "generated": 0, "bbox": {"xmin": 257, "ymin": 154, "ymax": 230, "xmax": 338}}, {"tid": 4, "generated": 0, "bbox": {"xmin": 360, "ymin": 136, "ymax": 216, "xmax": 452}}, {"tid": 5, "generated": 0, "bbox": {"xmin": 416, "ymin": 144, "ymax": 224, "xmax": 498}}, {"tid": 6, "generated": 0, "bbox": {"xmin": 392, "ymin": 180, "ymax": 278, "xmax": 500}}, {"tid": 7, "generated": 0, "bbox": {"xmin": 599, "ymin": 154, "ymax": 234, "xmax": 638}}], [], [], [], [], [], [], [], [], [], [], [], [], [], [], [], [], [], [], [], [], [], [], [], [], [], [], [], [], [], [], [], [], [], [], [], [], [], [], [], [], [], [], [], [], [], [{"tid": 0, "generated": 0, "bbox": {"xmin": 88, "ymin": 142, "ymax": 246, "xmax": 172}}, {"tid": 1, "generated": 0, "bbox": {"xmin": 141, "ymin": 135, "ymax": 200, "xmax": 180}}, {"tid": 2, "generated": 0, "bbox": {"xmin": 165, "ymin": 162, "ymax": 271, "xmax": 224}}, {"tid": 3, "generated": 0, "bbox": {"xmin": 280, "ymin": 152, "ymax": 230, "xmax": 393}}, {"tid": 4, "generated": 0, "bbox": {"xmin": 364, "ymin": 138, "ymax": 210, "xmax": 449}}, {"tid": 5, "generated": 0, "bbox": {"xmin": 422, "ymin": 144, "ymax": 230, "xmax": 503}}, {"tid": 6, "generated": 0, "bbox": {"xmin": 402, "ymin": 176, "ymax": 278, "xmax": 501}}, {"tid": 7, "generated": 0, "bbox": {"xmin": 595, "ymin": 154, "ymax": 240, "xmax": 638}}, {"tid": 8, "generated": 0, "bbox": {"xmin": 419, "ymin": 160, "ymax": 221, "xmax": 486}}], [{"tid": 0, "generated": 0, "bbox": {"xmin": 89, "ymin": 142, "ymax": 247, "xmax": 170}}, {"tid": 1, "generated": 0, "bbox": {"xmin": 140, "ymin": 133, "ymax": 200, "xmax": 179}}, {"tid": 2, "generated": 0, "bbox": {"xmin": 165, "ymin": 164, "ymax": 269, "xmax": 220}}, {"tid": 3, "generated": 0, "bbox": {"xmin": 281, "ymin": 152, "ymax": 230, "xmax": 391}}, {"tid": 4, "generated": 0, "bbox": {"xmin": 363, "ymin": 138, "ymax": 212, "xmax": 449}}, {"tid": 5, "generated": 0, "bbox": {"xmin": 422, "ymin": 144, "ymax": 229, "xmax": 503}}, {"tid": 6, "generated": 0, "bbox": {"xmin": 400, "ymin": 176, "ymax": 280, "xmax": 497}}, {"tid": 7, "generated": 0, "bbox": {"xmin": 596, "ymin": 157, "ymax": 240, "xmax": 639}}, {"tid": 8, "generated": 0, "bbox": {"xmin": 419, "ymin": 160, "ymax": 221, "xmax": 486}}], [{"tid": 0, "generated": 0, "bbox": {"xmin": 90, "ymin": 144, "ymax": 248, "xmax": 173}}, {"tid": 1, "generated": 0, "bbox": {"xmin": 139, "ymin": 132, "ymax": 201, "xmax": 178}}, {"tid": 2, "generated": 0, "bbox": {"xmin": 165, "ymin": 166, "ymax": 270, "xmax": 218}}, {"tid": 3, "generated": 0, "bbox": {"xmin": 282, "ymin": 152, "ymax": 231, "xmax": 390}}, {"tid": 4, "generated": 0, "bbox": {"xmin": 363, "ymin": 137, "ymax": 213, "xmax": 449}}, {"tid": 5, "generated": 0, "bbox": {"xmin": 422, "ymin": 144, "ymax": 228, "xmax": 503}}, {"tid": 6, "generated": 0, "bbox": {"xmin": 400, "ymin": 176, "ymax": 280, "xmax": 496}}, {"tid": 7, "generated": 0, "bbox": {"xmin": 595, "ymin": 155, "ymax": 240, "xmax": 639}}, {"tid": 8, "generated": 0, "bbox": {"xmin": 419, "ymin": 160, "ymax": 221, "xmax": 486}}], [{"tid": 0, "generated": 0, "bbox": {"xmin": 92, "ymin": 142, "ymax": 248, "xmax": 172}}, {"tid": 1, "generated": 0, "bbox": {"xmin": 138, "ymin": 131, "ymax": 202, "xmax": 178}}, {"tid": 2, "generated": 0, "bbox": {"xmin": 166, "ymin": 168, "ymax": 269, "xmax": 218}}, {"tid": 3, "generated": 0, "bbox": {"xmin": 284, "ymin": 152, "ymax": 232, "xmax": 389}}, {"tid": 4, "generated": 0, "bbox": {"xmin": 362, "ymin": 137, "ymax": 215, "xmax": 449}}, {"tid": 5, "generated": 0, "bbox": {"xmin": 422, "ymin": 143, "ymax": 227, "xmax": 503}}, {"tid": 6, "generated": 0, "bbox": {"xmin": 400, "ymin": 177, "ymax": 280, "xmax": 496}}, {"tid": 7, "generated": 0, "bbox": {"xmin": 594, "ymin": 153, "ymax": 240, "xmax": 639}}, {"tid": 8, "generated": 0, "bbox": {"xmin": 419, "ymin": 160, "ymax": 221, "xmax": 486}}], [{"tid": 0, "generated": 0, "bbox": {"xmin": 90, "ymin": 144, "ymax": 248, "xmax": 173}}, {"tid": 1, "generated": 0, "bbox": {"xmin": 137, "ymin": 130, "ymax": 203, "xmax": 177}}, {"tid": 2, "generated": 0, "bbox": {"xmin": 167, "ymin": 167, "ymax": 269, "xmax": 220}}, {"tid": 3, "generated": 0, "bbox": {"xmin": 285, "ymin": 156, "ymax": 232, "xmax": 385}}, {"tid": 4, "generated": 0, "bbox": {"xmin": 362, "ymin": 136, "ymax": 216, "xmax": 449}}, {"tid": 5, "generated": 0, "bbox": {"xmin": 422, "ymin": 143, "ymax": 226, "xmax": 503}}, {"tid": 6, "generated": 0, "bbox": {"xmin": 400, "ymin": 178, "ymax": 280, "xmax": 496}}, {"tid": 7, "generated": 0, "bbox": {"xmin": 593, "ymin": 152, "ymax": 241, "xmax": 639}}, {"tid": 8, "generated": 0, "bbox": {"xmin": 418, "ymin": 160, "ymax": 221, "xmax": 486}}], [{"tid": 0, "generated": 0, "bbox": {"xmin": 90, "ymin": 144, "ymax": 248, "xmax": 174}}, {"tid": 1, "generated": 0, "bbox": {"xmin": 136, "ymin": 129, "ymax": 204, "xmax": 177}}, {"tid": 2, "generated": 0, "bbox": {"xmin": 168, "ymin": 170, "ymax": 271, "xmax": 221}}, {"tid": 3, "generated": 0, "bbox": {"xmin": 287, "ymin": 152, "ymax": 232, "xmax": 385}}, {"tid": 4, "generated": 0, "bbox": {"xmin": 362, "ymin": 136, "ymax": 218, "xmax": 450}}, {"tid": 5, "generated": 0, "bbox": {"xmin": 423, "ymin": 143, "ymax": 226, "xmax": 504}}, {"tid": 6, "generated": 0, "bbox": {"xmin": 401, "ymin": 178, "ymax": 280, "xmax": 496}}, {"tid": 7, "generated": 0, "bbox": {"xmin": 599, "ymin": 150, "ymax": 242, "xmax": 639}}, {"tid": 8, "generated": 0, "bbox": {"xmin": 418, "ymin": 160, "ymax": 221, "xmax": 486}}], [{"tid": 0, "generated": 0, "bbox": {"xmin": 90, "ymin": 144, "ymax": 248, "xmax": 173}}, {"tid": 1, "generated": 0, "bbox": {"xmin": 136, "ymin": 132, "ymax": 204, "xmax": 176}}, {"tid": 2, "generated": 0, "bbox": {"xmin": 168, "ymin": 173, "ymax": 272, "xmax": 215}}, {"tid": 3, "generated": 0, "bbox": {"xmin": 287, "ymin": 157, "ymax": 237, "xmax": 386}}, {"tid": 4, "generated": 0, "bbox": {"xmin": 361, "ymin": 137, "ymax": 219, "xmax": 449}}, {"tid": 5, "generated": 0, "bbox": {"xmin": 420, "ymin": 150, "ymax": 232, "xmax": 501}}, {"tid": 6, "generated": 0, "bbox": {"xmin": 400, "ymin": 179, "ymax": 280, "xmax": 496}}, {"tid": 7, "generated": 0, "bbox": {"xmin": 597, "ymin": 150, "ymax": 242, "xmax": 639}}, {"tid": 8, "generated": 0, "bbox": {"xmin": 418, "ymin": 160, "ymax": 222, "xmax": 485}}], [{"tid": 0, "generated": 0, "bbox": {"xmin": 90, "ymin": 145, "ymax": 249, "xmax": 172}}, {"tid": 1, "generated": 0, "bbox": {"xmin": 136, "ymin": 132, "ymax": 203, "xmax": 176}}, {"tid": 2, "generated": 0, "bbox": {"xmin": 168, "ymin": 171, "ymax": 272, "xmax": 214}}, {"tid": 3, "generated": 0, "bbox": {"xmin": 287, "ymin": 159, "ymax": 236, "xmax": 389}}, {"tid": 4, "generated": 0, "bbox": {"xmin": 361, "ymin": 139, "ymax": 220, "xmax": 449}}, {"tid": 5, "generated": 0, "bbox": {"xmin": 420, "ymin": 150, "ymax": 230, "xmax": 501}}, {"tid": 6, "generated": 0, "bbox": {"xmin": 400, "ymin": 180, "ymax": 280, "xmax": 496}}, {"tid": 7, "generated": 0, "bbox": {"xmin": 596, "ymin": 150, "ymax": 242, "xmax": 639}}, {"tid": 8, "generated": 0, "bbox": {"xmin": 418, "ymin": 160, "ymax": 222, "xmax": 485}}], [{"tid": 0, "generated": 0, "bbox": {"xmin": 90, "ymin": 144, "ymax": 250, "xmax": 169}}, {"tid": 1, "generated": 0, "bbox": {"xmin": 136, "ymin": 133, "ymax": 202, "xmax": 176}}, {"tid": 2, "generated": 0, "bbox": {"xmin": 168, "ymin": 170, "ymax": 272, "xmax": 214}}, {"tid": 3, "generated": 0, "bbox": {"xmin": 287, "ymin": 160, "ymax": 234, "xmax": 391}}, {"tid": 4, "generated": 0, "bbox": {"xmin": 361, "ymin": 140, "ymax": 222, "xmax": 449}}, {"tid": 5, "generated": 0, "bbox": {"xmin": 420, "ymin": 150, "ymax": 229, "xmax": 502}}, {"tid": 6, "generated": 0, "bbox": {"xmin": 400, "ymin": 181, "ymax": 281, "xmax": 496}}, {"tid": 7, "generated": 0, "bbox": {"xmin": 596, "ymin": 150, "ymax": 242, "xmax": 638}}, {"tid": 8, "generated": 0, "bbox": {"xmin": 418, "ymin": 160, "ymax": 222, "xmax": 485}}], [{"tid": 0, "generated": 0, "bbox": {"xmin": 90, "ymin": 144, "ymax": 253, "xmax": 169}}, {"tid": 1, "generated": 0, "bbox": {"xmin": 136, "ymin": 132, "ymax": 201, "xmax": 176}}, {"tid": 2, "generated": 0, "bbox": {"xmin": 168, "ymin": 170, "ymax": 274, "xmax": 212}}, {"tid": 3, "generated": 0, "bbox": {"xmin": 288, "ymin": 161, "ymax": 233, "xmax": 392}}, {"tid": 4, "generated": 0, "bbox": {"xmin": 361, "ymin": 142, "ymax": 223, "xmax": 449}}, {"tid": 5, "generated": 0, "bbox": {"xmin": 421, "ymin": 151, "ymax": 228, "xmax": 502}}, {"tid": 6, "generated": 0, "bbox": {"xmin": 400, "ymin": 181, "ymax": 282, "xmax": 496}}, {"tid": 7, "generated": 0, "bbox": {"xmin": 596, "ymin": 150, "ymax": 243, "xmax": 638}}, {"tid": 8, "generated": 0, "bbox": {"xmin": 418, "ymin": 160, "ymax": 222, "xmax": 485}}], [{"tid": 0, "generated": 0, "bbox": {"xmin": 90, "ymin": 149, "ymax": 254, "xmax": 168}}, {"tid": 1, "generated": 0, "bbox": {"xmin": 136, "ymin": 131, "ymax": 200, "xmax": 176}}, {"tid": 2, "generated": 0, "bbox": {"xmin": 168, "ymin": 168, "ymax": 277, "xmax": 212}}, {"tid": 3, "generated": 0, "bbox": {"xmin": 296, "ymin": 159, "ymax": 232, "xmax": 392}}, {"tid": 4, "generated": 0, "bbox": {"xmin": 361, "ymin": 143, "ymax": 225, "xmax": 449}}, {"tid": 5, "generated": 0, "bbox": {"xmin": 421, "ymin": 151, "ymax": 227, "xmax": 503}}, {"tid": 6, "generated": 0, "bbox": {"xmin": 400, "ymin": 182, "ymax": 283, "xmax": 496}}, {"tid": 7, "generated": 0, "bbox": {"xmin": 596, "ymin": 150, "ymax": 244, "xmax": 638}}, {"tid": 8, "generated": 0, "bbox": {"xmin": 417, "ymin": 161, "ymax": 222, "xmax": 485}}], [{"tid": 0, "generated": 0, "bbox": {"xmin": 90, "ymin": 148, "ymax": 256, "xmax": 168}}, {"tid": 1, "generated": 0, "bbox": {"xmin": 136, "ymin": 130, "ymax": 200, "xmax": 176}}, {"tid": 2, "generated": 0, "bbox": {"xmin": 168, "ymin": 169, "ymax": 276, "xmax": 212}}, {"tid": 3, "generated": 0, "bbox": {"xmin": 296, "ymin": 153, "ymax": 232, "xmax": 392}}, {"tid": 4, "generated": 0, "bbox": {"xmin": 361, "ymin": 145, "ymax": 226, "xmax": 449}}, {"tid": 5, "generated": 0, "bbox": {"xmin": 422, "ymin": 151, "ymax": 226, "xmax": 503}}, {"tid": 6, "generated": 0, "bbox": {"xmin": 400, "ymin": 183, "ymax": 284, "xmax": 496}}, {"tid": 7, "generated": 0, "bbox": {"xmin": 596, "ymin": 150, "ymax": 245, "xmax": 638}}, {"tid": 8, "generated": 0, "bbox": {"xmin": 417, "ymin": 161, "ymax": 222, "xmax": 485}}], [{"tid": 0, "generated": 0, "bbox": {"xmin": 88, "ymin": 149, "ymax": 256, "xmax": 168}}, {"tid": 1, "generated": 0, "bbox": {"xmin": 136, "ymin": 129, "ymax": 200, "xmax": 177}}, {"tid": 2, "generated": 0, "bbox": {"xmin": 169, "ymin": 169, "ymax": 274, "xmax": 212}}, {"tid": 3, "generated": 0, "bbox": {"xmin": 288, "ymin": 153, "ymax": 232, "xmax": 392}}, {"tid": 4, "generated": 0, "bbox": {"xmin": 361, "ymin": 146, "ymax": 227, "xmax": 449}}, {"tid": 5, "generated": 0, "bbox": {"xmin": 422, "ymin": 152, "ymax": 225, "xmax": 504}}, {"tid": 6, "generated": 0, "bbox": {"xmin": 401, "ymin": 183, "ymax": 285, "xmax": 496}}, {"tid": 7, "generated": 0, "bbox": {"xmin": 596, "ymin": 150, "ymax": 246, "xmax": 638}}, {"tid": 8, "generated": 0, "bbox": {"xmin": 417, "ymin": 161, "ymax": 222, "xmax": 485}}], [{"tid": 0, "generated": 0, "bbox": {"xmin": 88, "ymin": 145, "ymax": 256, "xmax": 168}}, {"tid": 1, "generated": 0, "bbox": {"xmin": 136, "ymin": 129, "ymax": 200, "xmax": 178}}, {"tid": 2, "generated": 0, "bbox": {"xmin": 170, "ymin": 170, "ymax": 273, "xmax": 212}}, {"tid": 3, "generated": 0, "bbox": {"xmin": 288, "ymin": 153, "ymax": 233, "xmax": 393}}, {"tid": 4, "generated": 0, "bbox": {"xmin": 361, "ymin": 148, "ymax": 229, "xmax": 449}}, {"tid": 5, "generated": 0, "bbox": {"xmin": 423, "ymin": 152, "ymax": 224, "xmax": 504}}, {"tid": 6, "generated": 0, "bbox": {"xmin": 401, "ymin": 184, "ymax": 286, "xmax": 496}}, {"tid": 7, "generated": 0, "bbox": {"xmin": 596, "ymin": 150, "ymax": 246, "xmax": 638}}, {"tid": 8, "generated": 0, "bbox": {"xmin": 417, "ymin": 161, "ymax": 222, "xmax": 485}}], [{"tid": 0, "generated": 0, "bbox": {"xmin": 88, "ymin": 146, "ymax": 257, "xmax": 168}}, {"tid": 1, "generated": 0, "bbox": {"xmin": 136, "ymin": 129, "ymax": 200, "xmax": 179}}, {"tid": 2, "generated": 0, "bbox": {"xmin": 172, "ymin": 170, "ymax": 273, "xmax": 210}}, {"tid": 3, "generated": 0, "bbox": {"xmin": 287, "ymin": 156, "ymax": 238, "xmax": 394}}, {"tid": 4, "generated": 0, "bbox": {"xmin": 361, "ymin": 149, "ymax": 230, "xmax": 449}}, {"tid": 5, "generated": 0, "bbox": {"xmin": 423, "ymin": 152, "ymax": 223, "xmax": 505}}, {"tid": 6, "generated": 0, "bbox": {"xmin": 401, "ymin": 185, "ymax": 287, "xmax": 496}}, {"tid": 7, "generated": 0, "bbox": {"xmin": 596, "ymin": 150, "ymax": 246, "xmax": 638}}, {"tid": 8, "generated": 0, "bbox": {"xmin": 417, "ymin": 161, "ymax": 223, "xmax": 484}}], [{"tid": 0, "generated": 0, "bbox": {"xmin": 92, "ymin": 150, "ymax": 261, "xmax": 168}}, {"tid": 1, "generated": 0, "bbox": {"xmin": 136, "ymin": 129, "ymax": 201, "xmax": 181}}, {"tid": 2, "generated": 0, "bbox": {"xmin": 173, "ymin": 169, "ymax": 276, "xmax": 212}}, {"tid": 3, "generated": 0, "bbox": {"xmin": 282, "ymin": 159, "ymax": 238, "xmax": 392}}, {"tid": 4, "generated": 0, "bbox": {"xmin": 361, "ymin": 151, "ymax": 232, "xmax": 449}}, {"tid": 5, "generated": 0, "bbox": {"xmin": 424, "ymin": 153, "ymax": 222, "xmax": 506}}, {"tid": 6, "generated": 0, "bbox": {"xmin": 402, "ymin": 186, "ymax": 288, "xmax": 496}}, {"tid": 7, "generated": 0, "bbox": {"xmin": 596, "ymin": 150, "ymax": 246, "xmax": 638}}, {"tid": 8, "generated": 0, "bbox": {"xmin": 417, "ymin": 161, "ymax": 223, "xmax": 484}}], [{"tid": 0, "generated": 0, "bbox": {"xmin": 88, "ymin": 150, "ymax": 260, "xmax": 167}}, {"tid": 1, "generated": 0, "bbox": {"xmin": 136, "ymin": 131, "ymax": 201, "xmax": 178}}, {"tid": 2, "generated": 0, "bbox": {"xmin": 174, "ymin": 174, "ymax": 279, "xmax": 214}}, {"tid": 3, "generated": 0, "bbox": {"xmin": 288, "ymin": 152, "ymax": 238, "xmax": 398}}, {"tid": 4, "generated": 0, "bbox": {"xmin": 362, "ymin": 149, "ymax": 230, "xmax": 450}}, {"tid": 5, "generated": 0, "bbox": {"xmin": 424, "ymin": 153, "ymax": 222, "xmax": 506}}, {"tid": 6, "generated": 0, "bbox": {"xmin": 400, "ymin": 185, "ymax": 288, "xmax": 496}}, {"tid": 7, "generated": 0, "bbox": {"xmin": 596, "ymin": 151, "ymax": 246, "xmax": 638}}, {"tid": 8, "generated": 0, "bbox": {"xmin": 416, "ymin": 161, "ymax": 223, "xmax": 484}}], [{"tid": 0, "generated": 0, "bbox": {"xmin": 92, "ymin": 154, "ymax": 261, "xmax": 168}}, {"tid": 1, "generated": 0, "bbox": {"xmin": 136, "ymin": 134, "ymax": 201, "xmax": 176}}, {"tid": 2, "generated": 0, "bbox": {"xmin": 173, "ymin": 174, "ymax": 278, "xmax": 212}}, {"tid": 3, "generated": 0, "bbox": {"xmin": 286, "ymin": 150, "ymax": 239, "xmax": 397}}, {"tid": 4, "generated": 0, "bbox": {"xmin": 363, "ymin": 148, "ymax": 229, "xmax": 451}}, {"tid": 5, "generated": 0, "bbox": {"xmin": 423, "ymin": 152, "ymax": 221, "xmax": 505}}, {"tid": 6, "generated": 0, "bbox": {"xmin": 400, "ymin": 184, "ymax": 288, "xmax": 495}}, {"tid": 7, "generated": 0, "bbox": {"xmin": 597, "ymin": 152, "ymax": 246, "xmax": 638}}, {"tid": 8, "generated": 0, "bbox": {"xmin": 416, "ymin": 161, "ymax": 223, "xmax": 484}}], [{"tid": 0, "generated": 0, "bbox": {"xmin": 92, "ymin": 154, "ymax": 261, "xmax": 168}}, {"tid": 1, "generated": 0, "bbox": {"xmin": 136, "ymin": 135, "ymax": 202, "xmax": 176}}, {"tid": 2, "generated": 0, "bbox": {"xmin": 173, "ymin": 174, "ymax": 277, "xmax": 213}}, {"tid": 3, "generated": 0, "bbox": {"xmin": 288, "ymin": 160, "ymax": 240, "xmax": 392}}, {"tid": 4, "generated": 0, "bbox": {"xmin": 364, "ymin": 147, "ymax": 228, "xmax": 452}}, {"tid": 5, "generated": 0, "bbox": {"xmin": 423, "ymin": 152, "ymax": 221, "xmax": 505}}, {"tid": 6, "generated": 0, "bbox": {"xmin": 400, "ymin": 184, "ymax": 288, "xmax": 494}}, {"tid": 7, "generated": 0, "bbox": {"xmin": 597, "ymin": 154, "ymax": 246, "xmax": 638}}, {"tid": 8, "generated": 0, "bbox": {"xmin": 416, "ymin": 161, "ymax": 223, "xmax": 484}}], [{"tid": 0, "generated": 0, "bbox": {"xmin": 92, "ymin": 152, "ymax": 261, "xmax": 168}}, {"tid": 1, "generated": 0, "bbox": {"xmin": 137, "ymin": 135, "ymax": 202, "xmax": 177}}, {"tid": 2, "generated": 0, "bbox": {"xmin": 174, "ymin": 174, "ymax": 279, "xmax": 210}}, {"tid": 3, "generated": 0, "bbox": {"xmin": 304, "ymin": 168, "ymax": 239, "xmax": 396}}, {"tid": 4, "generated": 0, "bbox": {"xmin": 365, "ymin": 146, "ymax": 227, "xmax": 453}}, {"tid": 5, "generated": 0, "bbox": {"xmin": 423, "ymin": 152, "ymax": 221, "xmax": 505}}, {"tid": 6, "generated": 0, "bbox": {"xmin": 400, "ymin": 184, "ymax": 288, "xmax": 494}}, {"tid": 7, "generated": 0, "bbox": {"xmin": 598, "ymin": 155, "ymax": 246, "xmax": 638}}, {"tid": 8, "generated": 0, "bbox": {"xmin": 416, "ymin": 161, "ymax": 223, "xmax": 484}}], [{"tid": 0, "generated": 0, "bbox": {"xmin": 92, "ymin": 152, "ymax": 261, "xmax": 168}}, {"tid": 1, "generated": 0, "bbox": {"xmin": 138, "ymin": 136, "ymax": 203, "xmax": 178}}, {"tid": 2, "generated": 0, "bbox": {"xmin": 176, "ymin": 176, "ymax": 278, "xmax": 212}}, {"tid": 3, "generated": 0, "bbox": {"xmin": 302, "ymin": 168, "ymax": 241, "xmax": 396}}, {"tid": 4, "generated": 0, "bbox": {"xmin": 366, "ymin": 145, "ymax": 226, "xmax": 454}}, {"tid": 5, "generated": 0, "bbox": {"xmin": 423, "ymin": 152, "ymax": 221, "xmax": 505}}, {"tid": 6, "generated": 0, "bbox": {"xmin": 402, "ymin": 184, "ymax": 287, "xmax": 494}}, {"tid": 7, "generated": 0, "bbox": {"xmin": 598, "ymin": 157, "ymax": 246, "xmax": 638}}, {"tid": 8, "generated": 0, "bbox": {"xmin": 416, "ymin": 161, "ymax": 223, "xmax": 484}}], [{"tid": 0, "generated": 0, "bbox": {"xmin": 92, "ymin": 152, "ymax": 261, "xmax": 168}}, {"tid": 1, "generated": 0, "bbox": {"xmin": 139, "ymin": 137, "ymax": 203, "xmax": 179}}, {"tid": 2, "generated": 0, "bbox": {"xmin": 176, "ymin": 173, "ymax": 276, "xmax": 213}}, {"tid": 3, "generated": 0, "bbox": {"xmin": 302, "ymin": 164, "ymax": 240, "xmax": 398}}, {"tid": 4, "generated": 0, "bbox": {"xmin": 368, "ymin": 144, "ymax": 225, "xmax": 456}}, {"tid": 5, "generated": 0, "bbox": {"xmin": 423, "ymin": 152, "ymax": 221, "xmax": 505}}, {"tid": 6, "generated": 0, "bbox": {"xmin": 405, "ymin": 184, "ymax": 287, "xmax": 495}}, {"tid": 7, "generated": 0, "bbox": {"xmin": 599, "ymin": 158, "ymax": 246, "xmax": 638}}, {"tid": 8, "generated": 0, "bbox": {"xmin": 416, "ymin": 162, "ymax": 224, "xmax": 484}}], [{"tid": 0, "generated": 0, "bbox": {"xmin": 94, "ymin": 151, "ymax": 261, "xmax": 168}}, {"tid": 1, "generated": 0, "bbox": {"xmin": 140, "ymin": 138, "ymax": 204, "xmax": 180}}, {"tid": 2, "generated": 0, "bbox": {"xmin": 182, "ymin": 169, "ymax": 278, "xmax": 215}}, {"tid": 3, "generated": 0, "bbox": {"xmin": 302, "ymin": 160, "ymax": 239, "xmax": 400}}, {"tid": 4, "generated": 0, "bbox": {"xmin": 368, "ymin": 145, "ymax": 226, "xmax": 456}}, {"tid": 5, "generated": 0, "bbox": {"xmin": 426, "ymin": 154, "ymax": 222, "xmax": 508}}, {"tid": 6, "generated": 0, "bbox": {"xmin": 404, "ymin": 184, "ymax": 287, "xmax": 495}}, {"tid": 7, "generated": 0, "bbox": {"xmin": 600, "ymin": 160, "ymax": 246, "xmax": 639}}, {"tid": 8, "generated": 0, "bbox": {"xmin": 416, "ymin": 162, "ymax": 224, "xmax": 484}}], [{"tid": 0, "generated": 0, "bbox": {"xmin": 94, "ymin": 153, "ymax": 261, "xmax": 168}}, {"tid": 1, "generated": 0, "bbox": {"xmin": 141, "ymin": 139, "ymax": 204, "xmax": 181}}, {"tid": 2, "generated": 0, "bbox": {"xmin": 177, "ymin": 173, "ymax": 276, "xmax": 221}}, {"tid": 3, "generated": 0, "bbox": {"xmin": 303, "ymin": 159, "ymax": 239, "xmax": 401}}, {"tid": 4, "generated": 0, "bbox": {"xmin": 368, "ymin": 147, "ymax": 228, "xmax": 456}}, {"tid": 5, "generated": 0, "bbox": {"xmin": 430, "ymin": 156, "ymax": 224, "xmax": 512}}, {"tid": 6, "generated": 0, "bbox": {"xmin": 403, "ymin": 184, "ymax": 287, "xmax": 495}}, {"tid": 7, "generated": 0, "bbox": {"xmin": 598, "ymin": 161, "ymax": 245, "xmax": 638}}, {"tid": 8, "generated": 0, "bbox": {"xmin": 416, "ymin": 162, "ymax": 224, "xmax": 484}}], [{"tid": 0, "generated": 0, "bbox": {"xmin": 95, "ymin": 152, "ymax": 256, "xmax": 175}}, {"tid": 1, "generated": 0, "bbox": {"xmin": 142, "ymin": 140, "ymax": 205, "xmax": 182}}, {"tid": 2, "generated": 0, "bbox": {"xmin": 180, "ymin": 172, "ymax": 273, "xmax": 225}}, {"tid": 3, "generated": 0, "bbox": {"xmin": 304, "ymin": 156, "ymax": 239, "xmax": 407}}, {"tid": 4, "generated": 0, "bbox": {"xmin": 368, "ymin": 149, "ymax": 230, "xmax": 456}}, {"tid": 5, "generated": 0, "bbox": {"xmin": 429, "ymin": 155, "ymax": 223, "xmax": 511}}, {"tid": 6, "generated": 0, "bbox": {"xmin": 402, "ymin": 184, "ymax": 287, "xmax": 496}}, {"tid": 7, "generated": 0, "bbox": {"xmin": 597, "ymin": 162, "ymax": 245, "xmax": 637}}, {"tid": 8, "generated": 0, "bbox": {"xmin": 417, "ymin": 162, "ymax": 224, "xmax": 484}}], [{"tid": 0, "generated": 0, "bbox": {"xmin": 94, "ymin": 151, "ymax": 261, "xmax": 168}}, {"tid": 1, "generated": 0, "bbox": {"xmin": 144, "ymin": 141, "ymax": 206, "xmax": 184}}, {"tid": 2, "generated": 0, "bbox": {"xmin": 181, "ymin": 170, "ymax": 272, "xmax": 232}}, {"tid": 3, "generated": 0, "bbox": {"xmin": 304, "ymin": 154, "ymax": 239, "xmax": 406}}, {"tid": 4, "generated": 0, "bbox": {"xmin": 368, "ymin": 151, "ymax": 232, "xmax": 456}}, {"tid": 5, "generated": 0, "bbox": {"xmin": 428, "ymin": 155, "ymax": 223, "xmax": 510}}, {"tid": 6, "generated": 0, "bbox": {"xmin": 405, "ymin": 180, "ymax": 286, "xmax": 496}}, {"tid": 7, "generated": 0, "bbox": {"xmin": 596, "ymin": 164, "ymax": 245, "xmax": 637}}, {"tid": 8, "generated": 0, "bbox": {"xmin": 417, "ymin": 162, "ymax": 224, "xmax": 485}}], [{"tid": 0, "generated": 0, "bbox": {"xmin": 94, "ymin": 149, "ymax": 260, "xmax": 168}}, {"tid": 1, "generated": 0, "bbox": {"xmin": 144, "ymin": 137, "ymax": 205, "xmax": 184}}, {"tid": 2, "generated": 0, "bbox": {"xmin": 180, "ymin": 170, "ymax": 272, "xmax": 232}}, {"tid": 3, "generated": 0, "bbox": {"xmin": 303, "ymin": 157, "ymax": 239, "xmax": 404}}, {"tid": 4, "generated": 0, "bbox": {"xmin": 367, "ymin": 149, "ymax": 228, "xmax": 455}}, {"tid": 5, "generated": 0, "bbox": {"xmin": 428, "ymin": 154, "ymax": 222, "xmax": 510}}, {"tid": 6, "generated": 0, "bbox": {"xmin": 405, "ymin": 180, "ymax": 286, "xmax": 496}}, {"tid": 7, "generated": 0, "bbox": {"xmin": 597, "ymin": 164, "ymax": 243, "xmax": 638}}, {"tid": 8, "generated": 0, "bbox": {"xmin": 417, "ymin": 162, "ymax": 224, "xmax": 485}}], [{"tid": 0, "generated": 0, "bbox": {"xmin": 93, "ymin": 152, "ymax": 260, "xmax": 168}}, {"tid": 1, "generated": 0, "bbox": {"xmin": 144, "ymin": 137, "ymax": 204, "xmax": 183}}, {"tid": 2, "generated": 0, "bbox": {"xmin": 178, "ymin": 168, "ymax": 270, "xmax": 232}}, {"tid": 3, "generated": 0, "bbox": {"xmin": 302, "ymin": 152, "ymax": 239, "xmax": 402}}, {"tid": 4, "generated": 0, "bbox": {"xmin": 366, "ymin": 148, "ymax": 225, "xmax": 454}}, {"tid": 5, "generated": 0, "bbox": {"xmin": 427, "ymin": 154, "ymax": 222, "xmax": 509}}, {"tid": 6, "generated": 0, "bbox": {"xmin": 405, "ymin": 180, "ymax": 286, "xmax": 496}}, {"tid": 7, "generated": 0, "bbox": {"xmin": 598, "ymin": 164, "ymax": 242, "xmax": 639}}, {"tid": 8, "generated": 0, "bbox": {"xmin": 418, "ymin": 162, "ymax": 224, "xmax": 485}}], [{"tid": 0, "generated": 0, "bbox": {"xmin": 93, "ymin": 148, "ymax": 258, "xmax": 169}}, {"tid": 1, "generated": 0, "bbox": {"xmin": 144, "ymin": 138, "ymax": 204, "xmax": 183}}, {"tid": 2, "generated": 0, "bbox": {"xmin": 178, "ymin": 169, "ymax": 272, "xmax": 232}}, {"tid": 3, "generated": 0, "bbox": {"xmin": 302, "ymin": 153, "ymax": 239, "xmax": 404}}, {"tid": 4, "generated": 0, "bbox": {"xmin": 365, "ymin": 146, "ymax": 221, "xmax": 453}}, {"tid": 5, "generated": 0, "bbox": {"xmin": 426, "ymin": 153, "ymax": 221, "xmax": 508}}, {"tid": 6, "generated": 0, "bbox": {"xmin": 405, "ymin": 180, "ymax": 286, "xmax": 496}}, {"tid": 7, "generated": 0, "bbox": {"xmin": 597, "ymin": 164, "ymax": 242, "xmax": 639}}, {"tid": 8, "generated": 0, "bbox": {"xmin": 418, "ymin": 162, "ymax": 224, "xmax": 485}}], [{"tid": 0, "generated": 0, "bbox": {"xmin": 94, "ymin": 150, "ymax": 256, "xmax": 169}}, {"tid": 1, "generated": 0, "bbox": {"xmin": 145, "ymin": 139, "ymax": 204, "xmax": 183}}, {"tid": 2, "generated": 0, "bbox": {"xmin": 180, "ymin": 168, "ymax": 272, "xmax": 224}}, {"tid": 3, "generated": 0, "bbox": {"xmin": 302, "ymin": 154, "ymax": 240, "xmax": 406}}, {"tid": 4, "generated": 0, "bbox": {"xmin": 364, "ymin": 145, "ymax": 218, "xmax": 452}}, {"tid": 5, "generated": 0, "bbox": {"xmin": 426, "ymin": 153, "ymax": 221, "xmax": 508}}, {"tid": 6, "generated": 0, "bbox": {"xmin": 406, "ymin": 180, "ymax": 286, "xmax": 496}}, {"tid": 7, "generated": 0, "bbox": {"xmin": 597, "ymin": 164, "ymax": 242, "xmax": 639}}, {"tid": 8, "generated": 0, "bbox": {"xmin": 418, "ymin": 162, "ymax": 224, "xmax": 486}}]], "subject/objects": [{"category": "antelope", "tid": 0}, {"category": "antelope", "tid": 1}, {"category": "antelope", "tid": 2}, {"category": "antelope", "tid": 3}, {"category": "antelope", "tid": 4}, {"category": "antelope", "tid": 5}, {"category": "antelope", "tid": 6}, {"category": "antelope", "tid": 7}, {"category": "antelope", "tid": 8}], "relation_instances": [{"end_fid": 30, "subject_tid": 0, "predicate": "stand_front", "begin_fid": 0, "object_tid": 1}, {"end_fid": 30, "subject_tid": 1, "predicate": "stand_behind", "begin_fid": 0, "object_tid": 0}, {"end_fid": 30, "subject_tid": 0, "predicate": "stand_behind", "begin_fid": 0, "object_tid": 2}, {"end_fid": 30, "subject_tid": 0, "predicate": "stand_left", "begin_fid": 0, "object_tid": 2}, {"end_fid": 30, "subject_tid": 2, "predicate": "stand_front", "begin_fid": 0, "object_tid": 0}, {"end_fid": 30, "subject_tid": 2, "predicate": "stand_right", "begin_fid": 0, "object_tid": 0}, {"end_fid": 30, "subject_tid": 0, "predicate": "stand_left", "begin_fid": 0, "object_tid": 3}, {"end_fid": 30, "subject_tid": 3, "predicate": "walk_away", "begin_fid": 0, "object_tid": 0}, {"end_fid": 30, "subject_tid": 3, "predicate": "walk_right", "begin_fid": 0, "object_tid": 0}, {"end_fid": 30, "subject_tid": 0, "predicate": "stand_left", "begin_fid": 0, "object_tid": 4}, {"end_fid": 30, "subject_tid": 4, "predicate": "stand_right", "begin_fid": 0, "object_tid": 0}, {"end_fid": 30, "subject_tid": 0, "predicate": "stand_left", "begin_fid": 0, "object_tid": 5}, {"end_fid": 30, "subject_tid": 5, "predicate": "stand_right", "begin_fid": 0, "object_tid": 0}, {"end_fid": 30, "subject_tid": 0, "predicate": "stand_behind", "begin_fid": 0, "object_tid": 6}, {"end_fid": 30, "subject_tid": 0, "predicate": "stand_left", "begin_fid": 0, "object_tid": 6}, {"end_fid": 30, "subject_tid": 6, "predicate": "stand_front", "begin_fid": 0, "object_tid": 0}, {"end_fid": 30, "subject_tid": 6, "predicate": "stand_right", "begin_fid": 0, "object_tid": 0}, {"end_fid": 30, "subject_tid": 0, "predicate": "stand_left", "begin_fid": 0, "object_tid": 7}, {"end_fid": 30, "subject_tid": 7, "predicate": "stand_right", "begin_fid": 0, "object_tid": 0}, {"end_fid": 30, "subject_tid": 1, "predicate": "stand_behind", "begin_fid": 0, "object_tid": 2}, {"end_fid": 30, "subject_tid": 2, "predicate": "stand_front", "begin_fid": 0, "object_tid": 1}, {"end_fid": 30, "subject_tid": 1, "predicate": "stand_behind", "begin_fid": 0, "object_tid": 3}, {"end_fid": 30, "subject_tid": 1, "predicate": "stand_left", "begin_fid": 0, "object_tid": 3}, {"end_fid": 30, "subject_tid": 3, "predicate": "walk_front", "begin_fid": 0, "object_tid": 1}, {"end_fid": 30, "subject_tid": 3, "predicate": "walk_right", "begin_fid": 0, "object_tid": 1}, {"end_fid": 30, "subject_tid": 1, "predicate": "stand_left", "begin_fid": 0, "object_tid": 4}, {"end_fid": 30, "subject_tid": 4, "predicate": "stand_right", "begin_fid": 0, "object_tid": 1}, {"end_fid": 30, "subject_tid": 1, "predicate": "stand_left", "begin_fid": 0, "object_tid": 5}, {"end_fid": 30, "subject_tid": 5, "predicate": "stand_right", "begin_fid": 0, "object_tid": 1}, {"end_fid": 30, "subject_tid": 1, "predicate": "stand_behind", "begin_fid": 0, "object_tid": 6}, {"end_fid": 30, "subject_tid": 1, "predicate": "stand_left", "begin_fid": 0, "object_tid": 6}, {"end_fid": 30, "subject_tid": 6, "predicate": "stand_front", "begin_fid": 0, "object_tid": 1}, {"end_fid": 30, "subject_tid": 6, "predicate": "stand_right", "begin_fid": 0, "object_tid": 1}, {"end_fid": 30, "subject_tid": 1, "predicate": "stand_left", "begin_fid": 0, "object_tid": 7}, {"end_fid": 30, "subject_tid": 7, "predicate": "stand_right", "begin_fid": 0, "object_tid": 1}, {"end_fid": 30, "subject_tid": 2, "predicate": "stand_front", "begin_fid": 0, "object_tid": 3}, {"end_fid": 30, "subject_tid": 2, "predicate": "stand_left", "begin_fid": 0, "object_tid": 3}, {"end_fid": 30, "subject_tid": 3, "predicate": "walk_away", "begin_fid": 0, "object_tid": 2}, {"end_fid": 30, "subject_tid": 3, "predicate": "walk_behind", "begin_fid": 0, "object_tid": 2}, {"end_fid": 30, "subject_tid": 3, "predicate": "walk_right", "begin_fid": 0, "object_tid": 2}, {"end_fid": 30, "subject_tid": 2, "predicate": "stand_front", "begin_fid": 0, "object_tid": 4}, {"end_fid": 30, "subject_tid": 2, "predicate": "stand_left", "begin_fid": 0, "object_tid": 4}, {"end_fid": 30, "subject_tid": 4, "predicate": "stand_behind", "begin_fid": 0, "object_tid": 2}, {"end_fid": 30, "subject_tid": 4, "predicate": "stand_right", "begin_fid": 0, "object_tid": 2}, {"end_fid": 30, "subject_tid": 2, "predicate": "stand_front", "begin_fid": 0, "object_tid": 5}, {"end_fid": 30, "subject_tid": 2, "predicate": "stand_left", "begin_fid": 0, "object_tid": 5}, {"end_fid": 30, "subject_tid": 5, "predicate": "stand_behind", "begin_fid": 0, "object_tid": 2}, {"end_fid": 30, "subject_tid": 5, "predicate": "stand_right", "begin_fid": 0, "object_tid": 2}, {"end_fid": 30, "subject_tid": 2, "predicate": "stand_left", "begin_fid": 0, "object_tid": 6}, {"end_fid": 30, "subject_tid": 6, "predicate": "stand_right", "begin_fid": 0, "object_tid": 2}, {"end_fid": 30, "subject_tid": 2, "predicate": "stand_left", "begin_fid": 0, "object_tid": 7}, {"end_fid": 30, "subject_tid": 7, "predicate": "stand_right", "begin_fid": 0, "object_tid": 2}, {"end_fid": 30, "subject_tid": 3, "predicate": "walk_toward", "begin_fid": 0, "object_tid": 4}, {"end_fid": 30, "subject_tid": 3, "predicate": "walk_left", "begin_fid": 0, "object_tid": 4}, {"end_fid": 30, "subject_tid": 4, "predicate": "stand_right", "begin_fid": 0, "object_tid": 3}, {"end_fid": 30, "subject_tid": 3, "predicate": "walk_left", "begin_fid": 0, "object_tid": 5}, {"end_fid": 30, "subject_tid": 5, "predicate": "stand_right", "begin_fid": 0, "object_tid": 3}, {"end_fid": 30, "subject_tid": 3, "predicate": "walk_behind", "begin_fid": 0, "object_tid": 6}, {"end_fid": 30, "subject_tid": 3, "predicate": "walk_left", "begin_fid": 0, "object_tid": 6}, {"end_fid": 30, "subject_tid": 6, "predicate": "stand_front", "begin_fid": 0, "object_tid": 3}, {"end_fid": 30, "subject_tid": 6, "predicate": "stand_right", "begin_fid": 0, "object_tid": 3}, {"end_fid": 30, "subject_tid": 3, "predicate": "walk_left", "begin_fid": 0, "object_tid": 7}, {"end_fid": 30, "subject_tid": 7, "predicate": "stand_right", "begin_fid": 0, "object_tid": 3}, {"end_fid": 30, "subject_tid": 4, "predicate": "stand_next_to", "begin_fid": 0, "object_tid": 5}, {"end_fid": 30, "subject_tid": 4, "predicate": "stand_left", "begin_fid": 0, "object_tid": 5}, {"end_fid": 30, "subject_tid": 5, "predicate": "stand_next_to", "begin_fid": 0, "object_tid": 4}, {"end_fid": 30, "subject_tid": 5, "predicate": "stand_right", "begin_fid": 0, "object_tid": 4}, {"end_fid": 30, "subject_tid": 4, "predicate": "stand_behind", "begin_fid": 0, "object_tid": 6}, {"end_fid": 30, "subject_tid": 6, "predicate": "stand_front", "begin_fid": 0, "object_tid": 4}, {"end_fid": 30, "subject_tid": 4, "predicate": "stand_left", "begin_fid": 0, "object_tid": 7}, {"end_fid": 30, "subject_tid": 7, "predicate": "stand_right", "begin_fid": 0, "object_tid": 4}, {"end_fid": 30, "subject_tid": 5, "predicate": "stand_behind", "begin_fid": 0, "object_tid": 6}, {"end_fid": 30, "subject_tid": 6, "predicate": "stand_front", "begin_fid": 0, "object_tid": 5}, {"end_fid": 30, "subject_tid": 5, "predicate": "stand_left", "begin_fid": 0, "object_tid": 7}, {"end_fid": 30, "subject_tid": 7, "predicate": "stand_right", "begin_fid": 0, "object_tid": 5}, {"end_fid": 30, "subject_tid": 6, "predicate": "stand_front", "begin_fid": 0, "object_tid": 7}, {"end_fid": 30, "subject_tid": 6, "predicate": "stand_left", "begin_fid": 0, "object_tid": 7}, {"end_fid": 30, "subject_tid": 7, "predicate": "stand_behind", "begin_fid": 0, "object_tid": 6}, {"end_fid": 30, "subject_tid": 7, "predicate": "stand_right", "begin_fid": 0, "object_tid": 6}, {"end_fid": 105, "subject_tid": 0, "predicate": "stand_front", "begin_fid": 75, "object_tid": 1}, {"end_fid": 105, "subject_tid": 1, "predicate": "stand_behind", "begin_fid": 75, "object_tid": 0}, {"end_fid": 105, "subject_tid": 0, "predicate": "stand_next_to", "begin_fid": 75, "object_tid": 2}, {"end_fid": 105, "subject_tid": 0, "predicate": "stand_left", "begin_fid": 75, "object_tid": 2}, {"end_fid": 105, "subject_tid": 2, "predicate": "stand_next_to", "begin_fid": 75, "object_tid": 0}, {"end_fid": 105, "subject_tid": 2, "predicate": "stand_right", "begin_fid": 75, "object_tid": 0}, {"end_fid": 105, "subject_tid": 0, "predicate": "stand_left", "begin_fid": 75, "object_tid": 3}, {"end_fid": 105, "subject_tid": 3, "predicate": "walk_away", "begin_fid": 75, "object_tid": 0}, {"end_fid": 105, "subject_tid": 3, "predicate": "walk_right", "begin_fid": 75, "object_tid": 0}, {"end_fid": 105, "subject_tid": 0, "predicate": "stand_front", "begin_fid": 75, "object_tid": 4}, {"end_fid": 105, "subject_tid": 0, "predicate": "stand_left", "begin_fid": 75, "object_tid": 4}, {"end_fid": 105, "subject_tid": 4, "predicate": "stand_behind", "begin_fid": 75, "object_tid": 0}, {"end_fid": 105, "subject_tid": 4, "predicate": "stand_right", "begin_fid": 75, "object_tid": 0}, {"end_fid": 105, "subject_tid": 0, "predicate": "stand_left", "begin_fid": 75, "object_tid": 5}, {"end_fid": 105, "subject_tid": 5, "predicate": "stand_right", "begin_fid": 75, "object_tid": 0}, {"end_fid": 105, "subject_tid": 0, "predicate": "stand_behind", "begin_fid": 75, "object_tid": 6}, {"end_fid": 105, "subject_tid": 0, "predicate": "stand_left", "begin_fid": 75, "object_tid": 6}, {"end_fid": 105, "subject_tid": 6, "predicate": "stand_front", "begin_fid": 75, "object_tid": 0}, {"end_fid": 105, "subject_tid": 6, "predicate": "stand_right", "begin_fid": 75, "object_tid": 0}, {"end_fid": 105, "subject_tid": 0, "predicate": "stand_left", "begin_fid": 75, "object_tid": 7}, {"end_fid": 105, "subject_tid": 7, "predicate": "stand_right", "begin_fid": 75, "object_tid": 0}, {"end_fid": 105, "subject_tid": 0, "predicate": "stand_left", "begin_fid": 75, "object_tid": 8}, {"end_fid": 105, "subject_tid": 8, "predicate": "stand_right", "begin_fid": 75, "object_tid": 0}, {"end_fid": 105, "subject_tid": 1, "predicate": "stand_behind", "begin_fid": 75, "object_tid": 2}, {"end_fid": 105, "subject_tid": 1, "predicate": "stand_left", "begin_fid": 75, "object_tid": 2}, {"end_fid": 105, "subject_tid": 2, "predicate": "stand_front", "begin_fid": 75, "object_tid": 1}, {"end_fid": 105, "subject_tid": 2, "predicate": "stand_right", "begin_fid": 75, "object_tid": 1}, {"end_fid": 105, "subject_tid": 1, "predicate": "stand_left", "begin_fid": 75, "object_tid": 3}, {"end_fid": 105, "subject_tid": 3, "predicate": "walk_right", "begin_fid": 75, "object_tid": 1}, {"end_fid": 105, "subject_tid": 1, "predicate": "stand_left", "begin_fid": 75, "object_tid": 4}, {"end_fid": 105, "subject_tid": 4, "predicate": "stand_right", "begin_fid": 75, "object_tid": 1}, {"end_fid": 105, "subject_tid": 1, "predicate": "stand_left", "begin_fid": 75, "object_tid": 5}, {"end_fid": 105, "subject_tid": 5, "predicate": "stand_right", "begin_fid": 75, "object_tid": 1}, {"end_fid": 105, "subject_tid": 1, "predicate": "stand_behind", "begin_fid": 75, "object_tid": 6}, {"end_fid": 105, "subject_tid": 1, "predicate": "stand_left", "begin_fid": 75, "object_tid": 6}, {"end_fid": 105, "subject_tid": 6, "predicate": "stand_front", "begin_fid": 75, "object_tid": 1}, {"end_fid": 105, "subject_tid": 6, "predicate": "stand_right", "begin_fid": 75, "object_tid": 1}, {"end_fid": 105, "subject_tid": 1, "predicate": "stand_behind", "begin_fid": 75, "object_tid": 7}, {"end_fid": 105, "subject_tid": 1, "predicate": "stand_left", "begin_fid": 75, "object_tid": 7}, {"end_fid": 105, "subject_tid": 7, "predicate": "stand_front", "begin_fid": 75, "object_tid": 1}, {"end_fid": 105, "subject_tid": 7, "predicate": "stand_right", "begin_fid": 75, "object_tid": 1}, {"end_fid": 105, "subject_tid": 1, "predicate": "stand_left", "begin_fid": 75, "object_tid": 8}, {"end_fid": 105, "subject_tid": 8, "predicate": "stand_right", "begin_fid": 75, "object_tid": 1}, {"end_fid": 105, "subject_tid": 2, "predicate": "stand_front", "begin_fid": 75, "object_tid": 3}, {"end_fid": 105, "subject_tid": 2, "predicate": "stand_left", "begin_fid": 75, "object_tid": 3}, {"end_fid": 105, "subject_tid": 3, "predicate": "walk_away", "begin_fid": 75, "object_tid": 2}, {"end_fid": 105, "subject_tid": 3, "predicate": "walk_behind", "begin_fid": 75, "object_tid": 2}, {"end_fid": 105, "subject_tid": 3, "predicate": "walk_right", "begin_fid": 75, "object_tid": 2}, {"end_fid": 105, "subject_tid": 2, "predicate": "stand_front", "begin_fid": 75, "object_tid": 4}, {"end_fid": 105, "subject_tid": 2, "predicate": "stand_left", "begin_fid": 75, "object_tid": 4}, {"end_fid": 105, "subject_tid": 4, "predicate": "stand_behind", "begin_fid": 75, "object_tid": 2}, {"end_fid": 105, "subject_tid": 4, "predicate": "stand_right", "begin_fid": 75, "object_tid": 2}, {"end_fid": 105, "subject_tid": 2, "predicate": "stand_front", "begin_fid": 75, "object_tid": 5}, {"end_fid": 105, "subject_tid": 2, "predicate": "stand_left", "begin_fid": 75, "object_tid": 5}, {"end_fid": 105, "subject_tid": 5, "predicate": "stand_behind", "begin_fid": 75, "object_tid": 2}, {"end_fid": 105, "subject_tid": 5, "predicate": "stand_right", "begin_fid": 75, "object_tid": 2}, {"end_fid": 105, "subject_tid": 2, "predicate": "stand_left", "begin_fid": 75, "object_tid": 6}, {"end_fid": 105, "subject_tid": 6, "predicate": "stand_right", "begin_fid": 75, "object_tid": 2}, {"end_fid": 105, "subject_tid": 2, "predicate": "stand_left", "begin_fid": 75, "object_tid": 7}, {"end_fid": 105, "subject_tid": 7, "predicate": "stand_right", "begin_fid": 75, "object_tid": 2}, {"end_fid": 105, "subject_tid": 2, "predicate": "stand_front", "begin_fid": 75, "object_tid": 8}, {"end_fid": 105, "subject_tid": 2, "predicate": "stand_left", "begin_fid": 75, "object_tid": 8}, {"end_fid": 105, "subject_tid": 8, "predicate": "stand_behind", "begin_fid": 75, "object_tid": 2}, {"end_fid": 105, "subject_tid": 8, "predicate": "stand_right", "begin_fid": 75, "object_tid": 2}, {"end_fid": 105, "subject_tid": 3, "predicate": "walk_past", "begin_fid": 75, "object_tid": 4}, {"end_fid": 105, "subject_tid": 3, "predicate": "walk_front", "begin_fid": 75, "object_tid": 4}, {"end_fid": 105, "subject_tid": 4, "predicate": "stand_behind", "begin_fid": 75, "object_tid": 3}, {"end_fid": 105, "subject_tid": 3, "predicate": "walk_toward", "begin_fid": 75, "object_tid": 5}, {"end_fid": 105, "subject_tid": 3, "predicate": "walk_left", "begin_fid": 75, "object_tid": 5}, {"end_fid": 105, "subject_tid": 5, "predicate": "stand_right", "begin_fid": 75, "object_tid": 3}, {"end_fid": 105, "subject_tid": 3, "predicate": "walk_behind", "begin_fid": 75, "object_tid": 6}, {"end_fid": 105, "subject_tid": 3, "predicate": "walk_left", "begin_fid": 75, "object_tid": 6}, {"end_fid": 105, "subject_tid": 6, "predicate": "stand_front", "begin_fid": 75, "object_tid": 3}, {"end_fid": 105, "subject_tid": 6, "predicate": "stand_right", "begin_fid": 75, "object_tid": 3}, {"end_fid": 105, "subject_tid": 3, "predicate": "walk_left", "begin_fid": 75, "object_tid": 7}, {"end_fid": 105, "subject_tid": 7, "predicate": "stand_right", "begin_fid": 75, "object_tid": 3}, {"end_fid": 105, "subject_tid": 3, "predicate": "walk_left", "begin_fid": 75, "object_tid": 8}, {"end_fid": 105, "subject_tid": 8, "predicate": "stand_right", "begin_fid": 75, "object_tid": 3}, {"end_fid": 105, "subject_tid": 4, "predicate": "stand_behind", "begin_fid": 75, "object_tid": 5}, {"end_fid": 105, "subject_tid": 4, "predicate": "stand_left", "begin_fid": 75, "object_tid": 5}, {"end_fid": 105, "subject_tid": 5, "predicate": "stand_front", "begin_fid": 75, "object_tid": 4}, {"end_fid": 105, "subject_tid": 5, "predicate": "stand_right", "begin_fid": 75, "object_tid": 4}, {"end_fid": 105, "subject_tid": 4, "predicate": "stand_behind", "begin_fid": 75, "object_tid": 6}, {"end_fid": 105, "subject_tid": 6, "predicate": "stand_front", "begin_fid": 75, "object_tid": 4}, {"end_fid": 105, "subject_tid": 4, "predicate": "stand_behind", "begin_fid": 75, "object_tid": 7}, {"end_fid": 105, "subject_tid": 4, "predicate": "stand_left", "begin_fid": 75, "object_tid": 7}, {"end_fid": 105, "subject_tid": 7, "predicate": "stand_front", "begin_fid": 75, "object_tid": 4}, {"end_fid": 105, "subject_tid": 7, "predicate": "stand_right", "begin_fid": 75, "object_tid": 4}, {"end_fid": 105, "subject_tid": 4, "predicate": "stand_behind", "begin_fid": 75, "object_tid": 8}, {"end_fid": 105, "subject_tid": 8, "predicate": "stand_front", "begin_fid": 75, "object_tid": 4}, {"end_fid": 105, "subject_tid": 5, "predicate": "stand_behind", "begin_fid": 75, "object_tid": 6}, {"end_fid": 105, "subject_tid": 6, "predicate": "stand_front", "begin_fid": 75, "object_tid": 5}, {"end_fid": 105, "subject_tid": 5, "predicate": "stand_left", "begin_fid": 75, "object_tid": 7}, {"end_fid": 105, "subject_tid": 7, "predicate": "stand_right", "begin_fid": 75, "object_tid": 5}, {"end_fid": 105, "subject_tid": 5, "predicate": "stand_behind", "begin_fid": 75, "object_tid": 8}, {"end_fid": 105, "subject_tid": 8, "predicate": "stand_front", "begin_fid": 75, "object_tid": 5}, {"end_fid": 105, "subject_tid": 6, "predicate": "stand_front", "begin_fid": 75, "object_tid": 7}, {"end_fid": 105, "subject_tid": 6, "predicate": "stand_left", "begin_fid": 75, "object_tid": 7}, {"end_fid": 105, "subject_tid": 7, "predicate": "stand_behind", "begin_fid": 75, "object_tid": 6}, {"end_fid": 105, "subject_tid": 7, "predicate": "stand_right", "begin_fid": 75, "object_tid": 6}, {"end_fid": 105, "subject_tid": 6, "predicate": "stand_front", "begin_fid": 75, "object_tid": 8}, {"end_fid": 105, "subject_tid": 8, "predicate": "stand_behind", "begin_fid": 75, "object_tid": 6}, {"end_fid": 105, "subject_tid": 7, "predicate": "stand_left", "begin_fid": 75, "object_tid": 8}, {"end_fid": 105, "subject_tid": 8, "predicate": "stand_right", "begin_fid": 75, "object_tid": 7}], "height": 360}