{"width": 320, "frame_count": 480, "video_id": "ILSVRC2015_train_00667003", "fps": 30, "trajectories": [[], [], [], [], [], [], [], [], [], [], [], [], [], [], [], [{"tid": 0, "generated": 0, "bbox": {"xmin": 119, "ymin": 71, "ymax": 142, "xmax": 199}}, {"tid": 1, "generated": 0, "bbox": {"xmin": 44, "ymin": 71, "ymax": 124, "xmax": 100}}], [{"tid": 0, "generated": 0, "bbox": {"xmin": 120, "ymin": 72, "ymax": 140, "xmax": 199}}, {"tid": 1, "generated": 0, "bbox": {"xmin": 44, "ymin": 70, "ymax": 127, "xmax": 100}}], [{"tid": 0, "generated": 0, "bbox": {"xmin": 124, "ymin": 68, "ymax": 140, "xmax": 204}}, {"tid": 1, "generated": 0, "bbox": {"xmin": 46, "ymin": 72, "ymax": 128, "xmax": 116}}], [{"tid": 0, "generated": 0, "bbox": {"xmin": 123, "ymin": 68, "ymax": 143, "xmax": 204}}, {"tid": 1, "generated": 0, "bbox": {"xmin": 47, "ymin": 72, "ymax": 128, "xmax": 116}}], [{"tid": 0, "generated": 0, "bbox": {"xmin": 126, "ymin": 68, "ymax": 144, "xmax": 206}}, {"tid": 1, "generated": 0, "bbox": {"xmin": 48, "ymin": 75, "ymax": 132, "xmax": 120}}], [{"tid": 0, "generated": 0, "bbox": {"xmin": 126, "ymin": 70, "ymax": 140, "xmax": 208}}, {"tid": 1, "generated": 0, "bbox": {"xmin": 48, "ymin": 75, "ymax": 131, "xmax": 120}}], [{"tid": 0, "generated": 0, "bbox": {"xmin": 131, "ymin": 84, "ymax": 142, "xmax": 220}}, {"tid": 1, "generated": 0, "bbox": {"xmin": 56, "ymin": 74, "ymax": 130, "xmax": 132}}], [{"tid": 0, "generated": 0, "bbox": {"xmin": 130, "ymin": 84, "ymax": 143, "xmax": 220}}, {"tid": 1, "generated": 0, "bbox": {"xmin": 59, "ymin": 75, "ymax": 132, "xmax": 136}}], [{"tid": 0, "generated": 0, "bbox": {"xmin": 128, "ymin": 80, "ymax": 144, "xmax": 224}}, {"tid": 1, "generated": 0, "bbox": {"xmin": 56, "ymin": 74, "ymax": 135, "xmax": 132}}], [{"tid": 0, "generated": 0, "bbox": {"xmin": 128, "ymin": 80, "ymax": 147, "xmax": 224}}, {"tid": 1, "generated": 0, "bbox": {"xmin": 52, "ymin": 74, "ymax": 135, "xmax": 132}}], [{"tid": 0, "generated": 0, "bbox": {"xmin": 127, "ymin": 80, "ymax": 146, "xmax": 226}}, {"tid": 1, "generated": 0, "bbox": {"xmin": 46, "ymin": 75, "ymax": 132, "xmax": 128}}], [{"tid": 0, "generated": 0, "bbox": {"xmin": 127, "ymin": 78, "ymax": 142, "xmax": 228}}, {"tid": 1, "generated": 0, "bbox": {"xmin": 47, "ymin": 72, "ymax": 134, "xmax": 128}}], [{"tid": 0, "generated": 0, "bbox": {"xmin": 127, "ymin": 80, "ymax": 144, "xmax": 232}}, {"tid": 1, "generated": 0, "bbox": {"xmin": 46, "ymin": 74, "ymax": 138, "xmax": 126}}], [{"tid": 0, "generated": 0, "bbox": {"xmin": 128, "ymin": 76, "ymax": 146, "xmax": 232}}, {"tid": 1, "generated": 0, "bbox": {"xmin": 48, "ymin": 72, "ymax": 138, "xmax": 126}}], [{"tid": 0, "generated": 0, "bbox": {"xmin": 128, "ymin": 80, "ymax": 150, "xmax": 235}}, {"tid": 1, "generated": 0, "bbox": {"xmin": 44, "ymin": 74, "ymax": 143, "xmax": 124}}], [{"tid": 0, "generated": 0, "bbox": {"xmin": 126, "ymin": 80, "ymax": 150, "xmax": 232}}, {"tid": 1, "generated": 0, "bbox": {"xmin": 43, "ymin": 75, "ymax": 142, "xmax": 124}}], [{"tid": 0, "generated": 0, "bbox": {"xmin": 136, "ymin": 83, "ymax": 151, "xmax": 236}}, {"tid": 1, "generated": 0, "bbox": {"xmin": 51, "ymin": 82, "ymax": 134, "xmax": 119}}], [{"tid": 0, "generated": 0, "bbox": {"xmin": 136, "ymin": 80, "ymax": 148, "xmax": 239}}, {"tid": 1, "generated": 0, "bbox": {"xmin": 52, "ymin": 83, "ymax": 132, "xmax": 119}}], [{"tid": 0, "generated": 0, "bbox": {"xmin": 142, "ymin": 80, "ymax": 144, "xmax": 236}}, {"tid": 1, "generated": 0, "bbox": {"xmin": 52, "ymin": 86, "ymax": 140, "xmax": 112}}], [{"tid": 0, "generated": 0, "bbox": {"xmin": 142, "ymin": 80, "ymax": 144, "xmax": 238}}, {"tid": 1, "generated": 0, "bbox": {"xmin": 52, "ymin": 87, "ymax": 143, "xmax": 112}}], [{"tid": 0, "generated": 0, "bbox": {"xmin": 142, "ymin": 86, "ymax": 144, "xmax": 240}}, {"tid": 1, "generated": 0, "bbox": {"xmin": 54, "ymin": 88, "ymax": 146, "xmax": 116}}], [{"tid": 0, "generated": 0, "bbox": {"xmin": 143, "ymin": 84, "ymax": 146, "xmax": 238}}, {"tid": 1, "generated": 0, "bbox": {"xmin": 55, "ymin": 88, "ymax": 148, "xmax": 116}}], [{"tid": 0, "generated": 0, "bbox": {"xmin": 143, "ymin": 80, "ymax": 148, "xmax": 239}}, {"tid": 1, "generated": 0, "bbox": {"xmin": 52, "ymin": 90, "ymax": 151, "xmax": 114}}], [{"tid": 0, "generated": 0, "bbox": {"xmin": 143, "ymin": 80, "ymax": 148, "xmax": 240}}, {"tid": 1, "generated": 0, "bbox": {"xmin": 52, "ymin": 91, "ymax": 152, "xmax": 115}}], [{"tid": 0, "generated": 0, "bbox": {"xmin": 150, "ymin": 72, "ymax": 152, "xmax": 248}}, {"tid": 1, "generated": 0, "bbox": {"xmin": 54, "ymin": 92, "ymax": 156, "xmax": 116}}], [{"tid": 0, "generated": 0, "bbox": {"xmin": 152, "ymin": 72, "ymax": 152, "xmax": 248}}, {"tid": 1, "generated": 0, "bbox": {"xmin": 55, "ymin": 91, "ymax": 156, "xmax": 116}}], [{"tid": 0, "generated": 0, "bbox": {"xmin": 154, "ymin": 68, "ymax": 152, "xmax": 258}}, {"tid": 1, "generated": 0, "bbox": {"xmin": 56, "ymin": 88, "ymax": 154, "xmax": 118}}], [{"tid": 0, "generated": 0, "bbox": {"xmin": 152, "ymin": 66, "ymax": 152, "xmax": 258}}, {"tid": 1, "generated": 0, "bbox": {"xmin": 56, "ymin": 87, "ymax": 152, "xmax": 120}}], [{"tid": 0, "generated": 0, "bbox": {"xmin": 164, "ymin": 68, "ymax": 152, "xmax": 274}}, {"tid": 1, "generated": 0, "bbox": {"xmin": 60, "ymin": 82, "ymax": 147, "xmax": 124}}], [{"tid": 0, "generated": 0, "bbox": {"xmin": 164, "ymin": 68, "ymax": 148, "xmax": 276}}, {"tid": 1, "generated": 0, "bbox": {"xmin": 59, "ymin": 82, "ymax": 147, "xmax": 123}}], [{"tid": 0, "generated": 0, "bbox": {"xmin": 178, "ymin": 68, "ymax": 148, "xmax": 288}}, {"tid": 1, "generated": 0, "bbox": {"xmin": 56, "ymin": 80, "ymax": 146, "xmax": 122}}], [{"tid": 0, "generated": 0, "bbox": {"xmin": 176, "ymin": 68, "ymax": 150, "xmax": 288}}, {"tid": 1, "generated": 0, "bbox": {"xmin": 58, "ymin": 80, "ymax": 146, "xmax": 123}}], [{"tid": 0, "generated": 0, "bbox": {"xmin": 191, "ymin": 70, "ymax": 134, "xmax": 296}}, {"tid": 1, "generated": 0, "bbox": {"xmin": 60, "ymin": 79, "ymax": 144, "xmax": 126}}], [{"tid": 0, "generated": 0, "bbox": {"xmin": 186, "ymin": 72, "ymax": 130, "xmax": 294}}, {"tid": 1, "generated": 0, "bbox": {"xmin": 62, "ymin": 78, "ymax": 144, "xmax": 128}}], [{"tid": 0, "generated": 0, "bbox": {"xmin": 206, "ymin": 78, "ymax": 135, "xmax": 296}}, {"tid": 1, "generated": 0, "bbox": {"xmin": 64, "ymin": 78, "ymax": 144, "xmax": 131}}], [{"tid": 0, "generated": 0, "bbox": {"xmin": 206, "ymin": 76, "ymax": 134, "xmax": 298}}, {"tid": 1, "generated": 0, "bbox": {"xmin": 60, "ymin": 80, "ymax": 144, "xmax": 131}}], [{"tid": 0, "generated": 0, "bbox": {"xmin": 206, "ymin": 72, "ymax": 138, "xmax": 304}}, {"tid": 1, "generated": 0, "bbox": {"xmin": 60, "ymin": 76, "ymax": 144, "xmax": 128}}], [{"tid": 0, "generated": 0, "bbox": {"xmin": 208, "ymin": 72, "ymax": 138, "xmax": 304}}, {"tid": 1, "generated": 0, "bbox": {"xmin": 62, "ymin": 79, "ymax": 146, "xmax": 132}}], [{"tid": 0, "generated": 0, "bbox": {"xmin": 212, "ymin": 72, "ymax": 142, "xmax": 314}}, {"tid": 1, "generated": 0, "bbox": {"xmin": 60, "ymin": 80, "ymax": 147, "xmax": 131}}], [{"tid": 0, "generated": 0, "bbox": {"xmin": 212, "ymin": 72, "ymax": 140, "xmax": 314}}, {"tid": 1, "generated": 0, "bbox": {"xmin": 59, "ymin": 79, "ymax": 146, "xmax": 130}}], [{"tid": 0, "generated": 0, "bbox": {"xmin": 216, "ymin": 76, "ymax": 144, "xmax": 312}}, {"tid": 1, "generated": 0, "bbox": {"xmin": 56, "ymin": 76, "ymax": 146, "xmax": 128}}], [{"tid": 0, "generated": 0, "bbox": {"xmin": 216, "ymin": 76, "ymax": 144, "xmax": 319}}, {"tid": 1, "generated": 0, "bbox": {"xmin": 56, "ymin": 76, "ymax": 147, "xmax": 130}}], [{"tid": 0, "generated": 0, "bbox": {"xmin": 212, "ymin": 78, "ymax": 144, "xmax": 314}}, {"tid": 1, "generated": 0, "bbox": {"xmin": 55, "ymin": 80, "ymax": 148, "xmax": 124}}], [{"tid": 0, "generated": 0, "bbox": {"xmin": 210, "ymin": 78, "ymax": 144, "xmax": 314}}, {"tid": 1, "generated": 0, "bbox": {"xmin": 51, "ymin": 82, "ymax": 150, "xmax": 126}}], [{"tid": 0, "generated": 0, "bbox": {"xmin": 208, "ymin": 79, "ymax": 147, "xmax": 306}}, {"tid": 1, "generated": 0, "bbox": {"xmin": 51, "ymin": 83, "ymax": 151, "xmax": 127}}], [{"tid": 0, "generated": 0, "bbox": {"xmin": 207, "ymin": 80, "ymax": 148, "xmax": 304}}, {"tid": 1, "generated": 0, "bbox": {"xmin": 48, "ymin": 84, "ymax": 152, "xmax": 127}}], [{"tid": 0, "generated": 0, "bbox": {"xmin": 210, "ymin": 78, "ymax": 139, "xmax": 302}}, {"tid": 1, "generated": 0, "bbox": {"xmin": 60, "ymin": 84, "ymax": 159, "xmax": 128}}], [{"tid": 0, "generated": 0, "bbox": {"xmin": 210, "ymin": 76, "ymax": 140, "xmax": 302}}, {"tid": 1, "generated": 0, "bbox": {"xmin": 60, "ymin": 84, "ymax": 160, "xmax": 130}}], [{"tid": 0, "generated": 0, "bbox": {"xmin": 206, "ymin": 76, "ymax": 147, "xmax": 296}}, {"tid": 1, "generated": 0, "bbox": {"xmin": 60, "ymin": 86, "ymax": 152, "xmax": 128}}], [{"tid": 0, "generated": 0, "bbox": {"xmin": 203, "ymin": 76, "ymax": 144, "xmax": 296}}, {"tid": 1, "generated": 0, "bbox": {"xmin": 60, "ymin": 87, "ymax": 156, "xmax": 128}}], [{"tid": 0, "generated": 0, "bbox": {"xmin": 207, "ymin": 71, "ymax": 146, "xmax": 296}}, {"tid": 1, "generated": 0, "bbox": {"xmin": 64, "ymin": 84, "ymax": 156, "xmax": 136}}], [{"tid": 0, "generated": 0, "bbox": {"xmin": 206, "ymin": 70, "ymax": 146, "xmax": 290}}, {"tid": 1, "generated": 0, "bbox": {"xmin": 66, "ymin": 84, "ymax": 155, "xmax": 139}}], [{"tid": 0, "generated": 0, "bbox": {"xmin": 202, "ymin": 68, "ymax": 146, "xmax": 284}}, {"tid": 1, "generated": 0, "bbox": {"xmin": 68, "ymin": 84, "ymax": 155, "xmax": 140}}], [{"tid": 0, "generated": 0, "bbox": {"xmin": 199, "ymin": 67, "ymax": 147, "xmax": 288}}, {"tid": 1, "generated": 0, "bbox": {"xmin": 68, "ymin": 84, "ymax": 156, "xmax": 140}}], [{"tid": 0, "generated": 0, "bbox": {"xmin": 194, "ymin": 62, "ymax": 147, "xmax": 280}}, {"tid": 1, "generated": 0, "bbox": {"xmin": 78, "ymin": 84, "ymax": 156, "xmax": 148}}], [{"tid": 0, "generated": 0, "bbox": {"xmin": 194, "ymin": 60, "ymax": 146, "xmax": 276}}, {"tid": 1, "generated": 0, "bbox": {"xmin": 78, "ymin": 84, "ymax": 156, "xmax": 148}}], [{"tid": 0, "generated": 0, "bbox": {"xmin": 186, "ymin": 59, "ymax": 148, "xmax": 268}}, {"tid": 1, "generated": 0, "bbox": {"xmin": 88, "ymin": 86, "ymax": 148, "xmax": 155}}], [{"tid": 0, "generated": 0, "bbox": {"xmin": 186, "ymin": 60, "ymax": 148, "xmax": 267}}, {"tid": 1, "generated": 0, "bbox": {"xmin": 86, "ymin": 84, "ymax": 156, "xmax": 156}}], [{"tid": 0, "generated": 0, "bbox": {"xmin": 182, "ymin": 60, "ymax": 148, "xmax": 263}}, {"tid": 1, "generated": 0, "bbox": {"xmin": 90, "ymin": 87, "ymax": 156, "xmax": 160}}], [{"tid": 0, "generated": 0, "bbox": {"xmin": 182, "ymin": 62, "ymax": 151, "xmax": 260}}, {"tid": 1, "generated": 0, "bbox": {"xmin": 91, "ymin": 87, "ymax": 156, "xmax": 160}}], [{"tid": 0, "generated": 0, "bbox": {"xmin": 171, "ymin": 60, "ymax": 152, "xmax": 254}}, {"tid": 1, "generated": 0, "bbox": {"xmin": 98, "ymin": 92, "ymax": 156, "xmax": 167}}], [{"tid": 0, "generated": 0, "bbox": {"xmin": 170, "ymin": 60, "ymax": 151, "xmax": 252}}, {"tid": 1, "generated": 0, "bbox": {"xmin": 98, "ymin": 92, "ymax": 156, "xmax": 167}}], [{"tid": 0, "generated": 0, "bbox": {"xmin": 164, "ymin": 64, "ymax": 154, "xmax": 248}}, {"tid": 1, "generated": 0, "bbox": {"xmin": 99, "ymin": 94, "ymax": 160, "xmax": 168}}], [{"tid": 0, "generated": 0, "bbox": {"xmin": 164, "ymin": 64, "ymax": 152, "xmax": 248}}, {"tid": 1, "generated": 0, "bbox": {"xmin": 99, "ymin": 96, "ymax": 162, "xmax": 168}}], [{"tid": 0, "generated": 0, "bbox": {"xmin": 159, "ymin": 70, "ymax": 162, "xmax": 236}}, {"tid": 1, "generated": 0, "bbox": {"xmin": 98, "ymin": 98, "ymax": 163, "xmax": 168}}], [{"tid": 0, "generated": 0, "bbox": {"xmin": 156, "ymin": 70, "ymax": 160, "xmax": 236}}, {"tid": 1, "generated": 0, "bbox": {"xmin": 98, "ymin": 100, "ymax": 164, "xmax": 167}}], [{"tid": 0, "generated": 0, "bbox": {"xmin": 156, "ymin": 75, "ymax": 166, "xmax": 232}}, {"tid": 1, "generated": 0, "bbox": {"xmin": 96, "ymin": 100, "ymax": 164, "xmax": 168}}], [{"tid": 0, "generated": 0, "bbox": {"xmin": 154, "ymin": 75, "ymax": 164, "xmax": 234}}, {"tid": 1, "generated": 0, "bbox": {"xmin": 96, "ymin": 104, "ymax": 163, "xmax": 168}}], [{"tid": 0, "generated": 0, "bbox": {"xmin": 152, "ymin": 76, "ymax": 168, "xmax": 226}}, {"tid": 1, "generated": 0, "bbox": {"xmin": 96, "ymin": 108, "ymax": 174, "xmax": 168}}], [{"tid": 0, "generated": 0, "bbox": {"xmin": 151, "ymin": 76, "ymax": 167, "xmax": 226}}, {"tid": 1, "generated": 0, "bbox": {"xmin": 95, "ymin": 108, "ymax": 174, "xmax": 168}}], [{"tid": 0, "generated": 0, "bbox": {"xmin": 152, "ymin": 71, "ymax": 168, "xmax": 220}}, {"tid": 1, "generated": 0, "bbox": {"xmin": 95, "ymin": 108, "ymax": 176, "xmax": 168}}], [{"tid": 0, "generated": 0, "bbox": {"xmin": 152, "ymin": 70, "ymax": 167, "xmax": 220}}, {"tid": 1, "generated": 0, "bbox": {"xmin": 94, "ymin": 108, "ymax": 174, "xmax": 168}}], [{"tid": 0, "generated": 0, "bbox": {"xmin": 162, "ymin": 71, "ymax": 168, "xmax": 224}}, {"tid": 1, "generated": 0, "bbox": {"xmin": 94, "ymin": 108, "ymax": 174, "xmax": 170}}], [{"tid": 0, "generated": 0, "bbox": {"xmin": 163, "ymin": 67, "ymax": 164, "xmax": 224}}, {"tid": 1, "generated": 0, "bbox": {"xmin": 92, "ymin": 108, "ymax": 175, "xmax": 170}}], [{"tid": 0, "generated": 0, "bbox": {"xmin": 163, "ymin": 60, "ymax": 152, "xmax": 228}}, {"tid": 1, "generated": 0, "bbox": {"xmin": 92, "ymin": 108, "ymax": 175, "xmax": 171}}], [{"tid": 0, "generated": 0, "bbox": {"xmin": 162, "ymin": 62, "ymax": 152, "xmax": 228}}, {"tid": 1, "generated": 0, "bbox": {"xmin": 92, "ymin": 108, "ymax": 175, "xmax": 172}}], [{"tid": 0, "generated": 0, "bbox": {"xmin": 180, "ymin": 60, "ymax": 130, "xmax": 239}}, {"tid": 1, "generated": 0, "bbox": {"xmin": 91, "ymin": 112, "ymax": 180, "xmax": 170}}], [{"tid": 0, "generated": 0, "bbox": {"xmin": 182, "ymin": 62, "ymax": 128, "xmax": 240}}, {"tid": 1, "generated": 0, "bbox": {"xmin": 92, "ymin": 112, "ymax": 180, "xmax": 168}}], [{"tid": 0, "generated": 0, "bbox": {"xmin": 187, "ymin": 58, "ymax": 136, "xmax": 244}}, {"tid": 1, "generated": 0, "bbox": {"xmin": 87, "ymin": 108, "ymax": 188, "xmax": 164}}], [{"tid": 0, "generated": 0, "bbox": {"xmin": 188, "ymin": 59, "ymax": 136, "xmax": 243}}, {"tid": 1, "generated": 0, "bbox": {"xmin": 86, "ymin": 108, "ymax": 187, "xmax": 163}}], [{"tid": 0, "generated": 0, "bbox": {"xmin": 188, "ymin": 60, "ymax": 138, "xmax": 240}}, {"tid": 1, "generated": 0, "bbox": {"xmin": 82, "ymin": 104, "ymax": 180, "xmax": 158}}], [{"tid": 0, "generated": 0, "bbox": {"xmin": 184, "ymin": 60, "ymax": 136, "xmax": 239}}, {"tid": 1, "generated": 0, "bbox": {"xmin": 84, "ymin": 106, "ymax": 180, "xmax": 159}}], [{"tid": 0, "generated": 0, "bbox": {"xmin": 182, "ymin": 56, "ymax": 124, "xmax": 232}}, {"tid": 1, "generated": 0, "bbox": {"xmin": 83, "ymin": 100, "ymax": 176, "xmax": 156}}], [{"tid": 0, "generated": 0, "bbox": {"xmin": 184, "ymin": 59, "ymax": 120, "xmax": 232}}, {"tid": 1, "generated": 0, "bbox": {"xmin": 84, "ymin": 100, "ymax": 176, "xmax": 158}}], [{"tid": 0, "generated": 0, "bbox": {"xmin": 184, "ymin": 54, "ymax": 118, "xmax": 232}}, {"tid": 1, "generated": 0, "bbox": {"xmin": 84, "ymin": 98, "ymax": 176, "xmax": 158}}], [{"tid": 0, "generated": 0, "bbox": {"xmin": 186, "ymin": 54, "ymax": 114, "xmax": 232}}, {"tid": 1, "generated": 0, "bbox": {"xmin": 84, "ymin": 96, "ymax": 178, "xmax": 158}}], [{"tid": 0, "generated": 0, "bbox": {"xmin": 186, "ymin": 44, "ymax": 112, "xmax": 234}}, {"tid": 1, "generated": 0, "bbox": {"xmin": 84, "ymin": 98, "ymax": 172, "xmax": 154}}], [{"tid": 0, "generated": 0, "bbox": {"xmin": 184, "ymin": 40, "ymax": 112, "xmax": 232}}, {"tid": 1, "generated": 0, "bbox": {"xmin": 87, "ymin": 98, "ymax": 172, "xmax": 156}}], [{"tid": 0, "generated": 0, "bbox": {"xmin": 186, "ymin": 43, "ymax": 112, "xmax": 234}}, {"tid": 1, "generated": 0, "bbox": {"xmin": 91, "ymin": 100, "ymax": 176, "xmax": 156}}], [{"tid": 0, "generated": 0, "bbox": {"xmin": 184, "ymin": 42, "ymax": 112, "xmax": 232}}, {"tid": 1, "generated": 0, "bbox": {"xmin": 90, "ymin": 102, "ymax": 176, "xmax": 156}}], [{"tid": 0, "generated": 0, "bbox": {"xmin": 184, "ymin": 44, "ymax": 119, "xmax": 239}}, {"tid": 1, "generated": 0, "bbox": {"xmin": 104, "ymin": 110, "ymax": 175, "xmax": 163}}], [{"tid": 0, "generated": 0, "bbox": {"xmin": 184, "ymin": 44, "ymax": 119, "xmax": 239}}, {"tid": 1, "generated": 0, "bbox": {"xmin": 103, "ymin": 108, "ymax": 176, "xmax": 164}}], [{"tid": 0, "generated": 0, "bbox": {"xmin": 184, "ymin": 54, "ymax": 111, "xmax": 240}}, {"tid": 1, "generated": 0, "bbox": {"xmin": 112, "ymin": 112, "ymax": 184, "xmax": 167}}], [{"tid": 0, "generated": 0, "bbox": {"xmin": 186, "ymin": 54, "ymax": 111, "xmax": 244}}, {"tid": 1, "generated": 0, "bbox": {"xmin": 108, "ymin": 114, "ymax": 184, "xmax": 168}}], [{"tid": 0, "generated": 0, "bbox": {"xmin": 204, "ymin": 58, "ymax": 99, "xmax": 242}}, {"tid": 1, "generated": 0, "bbox": {"xmin": 112, "ymin": 116, "ymax": 192, "xmax": 168}}], [{"tid": 0, "generated": 0, "bbox": {"xmin": 204, "ymin": 60, "ymax": 100, "xmax": 242}}, {"tid": 1, "generated": 0, "bbox": {"xmin": 112, "ymin": 119, "ymax": 192, "xmax": 168}}], [{"tid": 0, "generated": 0, "bbox": {"xmin": 204, "ymin": 64, "ymax": 104, "xmax": 240}}, {"tid": 1, "generated": 0, "bbox": {"xmin": 116, "ymin": 119, "ymax": 183, "xmax": 170}}], [{"tid": 0, "generated": 0, "bbox": {"xmin": 203, "ymin": 63, "ymax": 104, "xmax": 242}}, {"tid": 1, "generated": 0, "bbox": {"xmin": 116, "ymin": 118, "ymax": 184, "xmax": 170}}], [{"tid": 0, "generated": 0, "bbox": {"xmin": 202, "ymin": 66, "ymax": 104, "xmax": 240}}, {"tid": 1, "generated": 0, "bbox": {"xmin": 120, "ymin": 120, "ymax": 180, "xmax": 172}}], [{"tid": 0, "generated": 0, "bbox": {"xmin": 203, "ymin": 66, "ymax": 104, "xmax": 240}}, {"tid": 1, "generated": 0, "bbox": {"xmin": 119, "ymin": 119, "ymax": 184, "xmax": 172}}], [{"tid": 0, "generated": 0, "bbox": {"xmin": 196, "ymin": 68, "ymax": 112, "xmax": 238}}, {"tid": 1, "generated": 0, "bbox": {"xmin": 118, "ymin": 120, "ymax": 191, "xmax": 171}}], [{"tid": 0, "generated": 0, "bbox": {"xmin": 192, "ymin": 70, "ymax": 118, "xmax": 235}}, {"tid": 1, "generated": 0, "bbox": {"xmin": 118, "ymin": 119, "ymax": 191, "xmax": 170}}], [{"tid": 0, "generated": 0, "bbox": {"xmin": 191, "ymin": 59, "ymax": 108, "xmax": 234}}, {"tid": 1, "generated": 0, "bbox": {"xmin": 116, "ymin": 118, "ymax": 196, "xmax": 168}}], [{"tid": 0, "generated": 0, "bbox": {"xmin": 192, "ymin": 60, "ymax": 112, "xmax": 232}}, {"tid": 1, "generated": 0, "bbox": {"xmin": 116, "ymin": 118, "ymax": 196, "xmax": 168}}], [{"tid": 0, "generated": 0, "bbox": {"xmin": 190, "ymin": 48, "ymax": 100, "xmax": 231}}, {"tid": 1, "generated": 0, "bbox": {"xmin": 120, "ymin": 111, "ymax": 176, "xmax": 172}}], [{"tid": 0, "generated": 0, "bbox": {"xmin": 190, "ymin": 47, "ymax": 99, "xmax": 226}}, {"tid": 1, "generated": 0, "bbox": {"xmin": 122, "ymin": 110, "ymax": 176, "xmax": 176}}], [{"tid": 0, "generated": 0, "bbox": {"xmin": 188, "ymin": 44, "ymax": 100, "xmax": 224}}, {"tid": 1, "generated": 0, "bbox": {"xmin": 122, "ymin": 108, "ymax": 171, "xmax": 182}}], [{"tid": 0, "generated": 0, "bbox": {"xmin": 188, "ymin": 43, "ymax": 98, "xmax": 230}}, {"tid": 1, "generated": 0, "bbox": {"xmin": 120, "ymin": 108, "ymax": 172, "xmax": 174}}], [{"tid": 0, "generated": 0, "bbox": {"xmin": 188, "ymin": 46, "ymax": 98, "xmax": 227}}, {"tid": 1, "generated": 0, "bbox": {"xmin": 124, "ymin": 100, "ymax": 172, "xmax": 174}}], [{"tid": 0, "generated": 0, "bbox": {"xmin": 188, "ymin": 47, "ymax": 96, "xmax": 228}}, {"tid": 1, "generated": 0, "bbox": {"xmin": 126, "ymin": 104, "ymax": 172, "xmax": 174}}], [{"tid": 0, "generated": 0, "bbox": {"xmin": 186, "ymin": 52, "ymax": 104, "xmax": 222}}, {"tid": 1, "generated": 0, "bbox": {"xmin": 123, "ymin": 104, "ymax": 170, "xmax": 178}}], [{"tid": 0, "generated": 0, "bbox": {"xmin": 184, "ymin": 48, "ymax": 102, "xmax": 224}}, {"tid": 1, "generated": 0, "bbox": {"xmin": 123, "ymin": 104, "ymax": 168, "xmax": 175}}], [{"tid": 0, "generated": 0, "bbox": {"xmin": 184, "ymin": 32, "ymax": 84, "xmax": 223}}, {"tid": 1, "generated": 0, "bbox": {"xmin": 126, "ymin": 92, "ymax": 164, "xmax": 175}}], [{"tid": 0, "generated": 0, "bbox": {"xmin": 184, "ymin": 32, "ymax": 82, "xmax": 222}}, {"tid": 1, "generated": 0, "bbox": {"xmin": 126, "ymin": 92, "ymax": 164, "xmax": 172}}], [{"tid": 0, "generated": 0, "bbox": {"xmin": 184, "ymin": 24, "ymax": 80, "xmax": 228}}, {"tid": 1, "generated": 0, "bbox": {"xmin": 136, "ymin": 87, "ymax": 155, "xmax": 179}}], [{"tid": 0, "generated": 0, "bbox": {"xmin": 187, "ymin": 28, "ymax": 75, "xmax": 224}}, {"tid": 1, "generated": 0, "bbox": {"xmin": 136, "ymin": 86, "ymax": 152, "xmax": 176}}], [{"tid": 0, "generated": 0, "bbox": {"xmin": 180, "ymin": 24, "ymax": 84, "xmax": 224}}, {"tid": 1, "generated": 0, "bbox": {"xmin": 132, "ymin": 91, "ymax": 160, "xmax": 172}}], [{"tid": 0, "generated": 0, "bbox": {"xmin": 180, "ymin": 26, "ymax": 84, "xmax": 227}}, {"tid": 1, "generated": 0, "bbox": {"xmin": 132, "ymin": 90, "ymax": 158, "xmax": 172}}], [{"tid": 0, "generated": 0, "bbox": {"xmin": 176, "ymin": 32, "ymax": 94, "xmax": 222}}, {"tid": 1, "generated": 0, "bbox": {"xmin": 132, "ymin": 94, "ymax": 154, "xmax": 167}}], [{"tid": 0, "generated": 0, "bbox": {"xmin": 176, "ymin": 30, "ymax": 95, "xmax": 220}}, {"tid": 1, "generated": 0, "bbox": {"xmin": 132, "ymin": 96, "ymax": 162, "xmax": 172}}], [], [], [], [], [], [], [], [], [], [], [], [], [], [], [], [], [], [], [], [], [], [], [], [], [], [], [], [], [], [], [], [], [], [], [], [], [], [], [], [], [], [], [], [], [], [{"tid": 0, "generated": 0, "bbox": {"xmin": 128, "ymin": 47, "ymax": 100, "xmax": 163}}, {"tid": 1, "generated": 0, "bbox": {"xmin": 172, "ymin": 86, "ymax": 162, "xmax": 214}}], [{"tid": 0, "generated": 0, "bbox": {"xmin": 126, "ymin": 48, "ymax": 110, "xmax": 160}}, {"tid": 1, "generated": 0, "bbox": {"xmin": 179, "ymin": 84, "ymax": 164, "xmax": 214}}], [{"tid": 0, "generated": 0, "bbox": {"xmin": 124, "ymin": 50, "ymax": 110, "xmax": 160}}, {"tid": 1, "generated": 0, "bbox": {"xmin": 174, "ymin": 86, "ymax": 168, "xmax": 212}}], [{"tid": 0, "generated": 0, "bbox": {"xmin": 120, "ymin": 46, "ymax": 120, "xmax": 159}}, {"tid": 1, "generated": 0, "bbox": {"xmin": 172, "ymin": 87, "ymax": 160, "xmax": 211}}], [{"tid": 0, "generated": 0, "bbox": {"xmin": 118, "ymin": 47, "ymax": 120, "xmax": 160}}, {"tid": 1, "generated": 0, "bbox": {"xmin": 172, "ymin": 87, "ymax": 160, "xmax": 212}}], [{"tid": 0, "generated": 0, "bbox": {"xmin": 112, "ymin": 47, "ymax": 120, "xmax": 156}}, {"tid": 1, "generated": 0, "bbox": {"xmin": 174, "ymin": 82, "ymax": 160, "xmax": 208}}], [{"tid": 0, "generated": 0, "bbox": {"xmin": 115, "ymin": 44, "ymax": 114, "xmax": 156}}, {"tid": 1, "generated": 0, "bbox": {"xmin": 172, "ymin": 82, "ymax": 160, "xmax": 208}}], [{"tid": 0, "generated": 0, "bbox": {"xmin": 116, "ymin": 36, "ymax": 98, "xmax": 158}}, {"tid": 1, "generated": 0, "bbox": {"xmin": 174, "ymin": 86, "ymax": 164, "xmax": 208}}], [{"tid": 0, "generated": 0, "bbox": {"xmin": 118, "ymin": 36, "ymax": 98, "xmax": 158}}, {"tid": 1, "generated": 0, "bbox": {"xmin": 175, "ymin": 86, "ymax": 164, "xmax": 207}}], [{"tid": 0, "generated": 0, "bbox": {"xmin": 122, "ymin": 39, "ymax": 100, "xmax": 156}}, {"tid": 1, "generated": 0, "bbox": {"xmin": 171, "ymin": 92, "ymax": 174, "xmax": 200}}], [{"tid": 0, "generated": 0, "bbox": {"xmin": 120, "ymin": 40, "ymax": 96, "xmax": 160}}, {"tid": 1, "generated": 0, "bbox": {"xmin": 168, "ymin": 92, "ymax": 174, "xmax": 199}}], [{"tid": 0, "generated": 0, "bbox": {"xmin": 123, "ymin": 39, "ymax": 102, "xmax": 156}}, {"tid": 1, "generated": 0, "bbox": {"xmin": 172, "ymin": 92, "ymax": 176, "xmax": 200}}], [{"tid": 0, "generated": 0, "bbox": {"xmin": 120, "ymin": 36, "ymax": 103, "xmax": 156}}, {"tid": 1, "generated": 0, "bbox": {"xmin": 171, "ymin": 92, "ymax": 176, "xmax": 202}}], [{"tid": 0, "generated": 0, "bbox": {"xmin": 124, "ymin": 39, "ymax": 110, "xmax": 156}}, {"tid": 1, "generated": 0, "bbox": {"xmin": 172, "ymin": 99, "ymax": 184, "xmax": 207}}], [{"tid": 0, "generated": 0, "bbox": {"xmin": 127, "ymin": 40, "ymax": 112, "xmax": 159}}, {"tid": 1, "generated": 0, "bbox": {"xmin": 176, "ymin": 100, "ymax": 180, "xmax": 204}}], [{"tid": 0, "generated": 0, "bbox": {"xmin": 126, "ymin": 38, "ymax": 108, "xmax": 156}}, {"tid": 1, "generated": 0, "bbox": {"xmin": 175, "ymin": 104, "ymax": 187, "xmax": 204}}], [{"tid": 0, "generated": 0, "bbox": {"xmin": 124, "ymin": 38, "ymax": 110, "xmax": 155}}, {"tid": 1, "generated": 0, "bbox": {"xmin": 175, "ymin": 104, "ymax": 184, "xmax": 204}}], [{"tid": 0, "generated": 0, "bbox": {"xmin": 119, "ymin": 36, "ymax": 95, "xmax": 152}}, {"tid": 1, "generated": 0, "bbox": {"xmin": 171, "ymin": 108, "ymax": 192, "xmax": 204}}], [{"tid": 0, "generated": 0, "bbox": {"xmin": 119, "ymin": 36, "ymax": 96, "xmax": 150}}, {"tid": 1, "generated": 0, "bbox": {"xmin": 171, "ymin": 104, "ymax": 192, "xmax": 204}}], [{"tid": 0, "generated": 0, "bbox": {"xmin": 119, "ymin": 35, "ymax": 92, "xmax": 147}}, {"tid": 1, "generated": 0, "bbox": {"xmin": 167, "ymin": 104, "ymax": 194, "xmax": 200}}], [{"tid": 0, "generated": 0, "bbox": {"xmin": 120, "ymin": 36, "ymax": 88, "xmax": 146}}, {"tid": 1, "generated": 0, "bbox": {"xmin": 164, "ymin": 106, "ymax": 192, "xmax": 200}}], [{"tid": 0, "generated": 0, "bbox": {"xmin": 120, "ymin": 34, "ymax": 96, "xmax": 152}}, {"tid": 1, "generated": 0, "bbox": {"xmin": 162, "ymin": 108, "ymax": 199, "xmax": 196}}], [{"tid": 0, "generated": 0, "bbox": {"xmin": 120, "ymin": 36, "ymax": 96, "xmax": 152}}, {"tid": 1, "generated": 0, "bbox": {"xmin": 156, "ymin": 112, "ymax": 204, "xmax": 194}}], [{"tid": 0, "generated": 0, "bbox": {"xmin": 120, "ymin": 31, "ymax": 92, "xmax": 156}}, {"tid": 1, "generated": 0, "bbox": {"xmin": 158, "ymin": 110, "ymax": 199, "xmax": 194}}], [{"tid": 0, "generated": 0, "bbox": {"xmin": 120, "ymin": 28, "ymax": 92, "xmax": 156}}, {"tid": 1, "generated": 0, "bbox": {"xmin": 156, "ymin": 111, "ymax": 196, "xmax": 192}}], [{"tid": 0, "generated": 0, "bbox": {"xmin": 120, "ymin": 32, "ymax": 96, "xmax": 156}}, {"tid": 1, "generated": 0, "bbox": {"xmin": 146, "ymin": 104, "ymax": 196, "xmax": 186}}], [{"tid": 0, "generated": 0, "bbox": {"xmin": 118, "ymin": 32, "ymax": 95, "xmax": 156}}, {"tid": 1, "generated": 0, "bbox": {"xmin": 144, "ymin": 103, "ymax": 196, "xmax": 186}}], [{"tid": 0, "generated": 0, "bbox": {"xmin": 116, "ymin": 35, "ymax": 100, "xmax": 156}}, {"tid": 1, "generated": 0, "bbox": {"xmin": 128, "ymin": 103, "ymax": 192, "xmax": 175}}], [{"tid": 0, "generated": 0, "bbox": {"xmin": 112, "ymin": 36, "ymax": 104, "xmax": 155}}, {"tid": 1, "generated": 0, "bbox": {"xmin": 126, "ymin": 104, "ymax": 192, "xmax": 174}}], [{"tid": 0, "generated": 0, "bbox": {"xmin": 110, "ymin": 40, "ymax": 108, "xmax": 151}}, {"tid": 1, "generated": 0, "bbox": {"xmin": 130, "ymin": 104, "ymax": 196, "xmax": 168}}], [{"tid": 0, "generated": 0, "bbox": {"xmin": 112, "ymin": 40, "ymax": 110, "xmax": 155}}, {"tid": 1, "generated": 0, "bbox": {"xmin": 122, "ymin": 104, "ymax": 196, "xmax": 170}}], [{"tid": 0, "generated": 0, "bbox": {"xmin": 112, "ymin": 52, "ymax": 120, "xmax": 155}}, {"tid": 1, "generated": 0, "bbox": {"xmin": 116, "ymin": 107, "ymax": 199, "xmax": 160}}], [{"tid": 0, "generated": 0, "bbox": {"xmin": 114, "ymin": 56, "ymax": 124, "xmax": 156}}, {"tid": 1, "generated": 0, "bbox": {"xmin": 116, "ymin": 108, "ymax": 200, "xmax": 159}}], [{"tid": 0, "generated": 0, "bbox": {"xmin": 115, "ymin": 60, "ymax": 126, "xmax": 156}}, {"tid": 1, "generated": 0, "bbox": {"xmin": 116, "ymin": 107, "ymax": 200, "xmax": 160}}], [{"tid": 0, "generated": 0, "bbox": {"xmin": 116, "ymin": 63, "ymax": 128, "xmax": 159}}, {"tid": 1, "generated": 0, "bbox": {"xmin": 115, "ymin": 108, "ymax": 202, "xmax": 156}}], [{"tid": 0, "generated": 0, "bbox": {"xmin": 116, "ymin": 67, "ymax": 132, "xmax": 159}}, {"tid": 1, "generated": 0, "bbox": {"xmin": 108, "ymin": 96, "ymax": 190, "xmax": 150}}], [{"tid": 0, "generated": 0, "bbox": {"xmin": 120, "ymin": 66, "ymax": 131, "xmax": 164}}, {"tid": 1, "generated": 0, "bbox": {"xmin": 107, "ymin": 95, "ymax": 188, "xmax": 151}}], [{"tid": 0, "generated": 0, "bbox": {"xmin": 124, "ymin": 64, "ymax": 130, "xmax": 167}}, {"tid": 1, "generated": 0, "bbox": {"xmin": 102, "ymin": 94, "ymax": 172, "xmax": 148}}], [{"tid": 0, "generated": 0, "bbox": {"xmin": 127, "ymin": 63, "ymax": 134, "xmax": 168}}, {"tid": 1, "generated": 0, "bbox": {"xmin": 102, "ymin": 96, "ymax": 171, "xmax": 148}}], [{"tid": 0, "generated": 0, "bbox": {"xmin": 130, "ymin": 72, "ymax": 151, "xmax": 172}}, {"tid": 1, "generated": 0, "bbox": {"xmin": 96, "ymin": 110, "ymax": 176, "xmax": 152}}], [{"tid": 0, "generated": 0, "bbox": {"xmin": 134, "ymin": 63, "ymax": 148, "xmax": 175}}, {"tid": 1, "generated": 0, "bbox": {"xmin": 102, "ymin": 102, "ymax": 176, "xmax": 152}}], [{"tid": 0, "generated": 0, "bbox": {"xmin": 136, "ymin": 83, "ymax": 159, "xmax": 179}}, {"tid": 1, "generated": 0, "bbox": {"xmin": 99, "ymin": 106, "ymax": 180, "xmax": 151}}], [{"tid": 0, "generated": 0, "bbox": {"xmin": 134, "ymin": 80, "ymax": 160, "xmax": 180}}, {"tid": 1, "generated": 0, "bbox": {"xmin": 104, "ymin": 108, "ymax": 184, "xmax": 155}}], [{"tid": 0, "generated": 0, "bbox": {"xmin": 142, "ymin": 80, "ymax": 176, "xmax": 184}}, {"tid": 1, "generated": 0, "bbox": {"xmin": 98, "ymin": 112, "ymax": 191, "xmax": 143}}], [{"tid": 0, "generated": 0, "bbox": {"xmin": 140, "ymin": 84, "ymax": 176, "xmax": 180}}, {"tid": 1, "generated": 0, "bbox": {"xmin": 95, "ymin": 112, "ymax": 192, "xmax": 142}}], [{"tid": 0, "generated": 0, "bbox": {"xmin": 142, "ymin": 86, "ymax": 182, "xmax": 184}}, {"tid": 1, "generated": 0, "bbox": {"xmin": 96, "ymin": 112, "ymax": 192, "xmax": 143}}], [{"tid": 0, "generated": 0, "bbox": {"xmin": 143, "ymin": 87, "ymax": 180, "xmax": 184}}, {"tid": 1, "generated": 0, "bbox": {"xmin": 98, "ymin": 108, "ymax": 192, "xmax": 142}}], [{"tid": 0, "generated": 0, "bbox": {"xmin": 151, "ymin": 91, "ymax": 192, "xmax": 199}}, {"tid": 1, "generated": 0, "bbox": {"xmin": 111, "ymin": 111, "ymax": 196, "xmax": 150}}], [{"tid": 0, "generated": 0, "bbox": {"xmin": 154, "ymin": 88, "ymax": 196, "xmax": 200}}, {"tid": 1, "generated": 0, "bbox": {"xmin": 115, "ymin": 111, "ymax": 196, "xmax": 154}}], [{"tid": 0, "generated": 0, "bbox": {"xmin": 156, "ymin": 80, "ymax": 208, "xmax": 211}}, {"tid": 1, "generated": 0, "bbox": {"xmin": 116, "ymin": 106, "ymax": 196, "xmax": 155}}], [{"tid": 0, "generated": 0, "bbox": {"xmin": 163, "ymin": 79, "ymax": 210, "xmax": 208}}, {"tid": 1, "generated": 0, "bbox": {"xmin": 120, "ymin": 108, "ymax": 199, "xmax": 156}}], [{"tid": 0, "generated": 0, "bbox": {"xmin": 160, "ymin": 76, "ymax": 211, "xmax": 212}}, {"tid": 1, "generated": 0, "bbox": {"xmin": 122, "ymin": 104, "ymax": 196, "xmax": 160}}], [{"tid": 0, "generated": 0, "bbox": {"xmin": 164, "ymin": 80, "ymax": 215, "xmax": 214}}, {"tid": 1, "generated": 0, "bbox": {"xmin": 123, "ymin": 103, "ymax": 194, "xmax": 158}}], [{"tid": 0, "generated": 0, "bbox": {"xmin": 168, "ymin": 79, "ymax": 218, "xmax": 218}}, {"tid": 1, "generated": 0, "bbox": {"xmin": 120, "ymin": 104, "ymax": 196, "xmax": 163}}], [{"tid": 0, "generated": 0, "bbox": {"xmin": 167, "ymin": 78, "ymax": 219, "xmax": 224}}, {"tid": 1, "generated": 0, "bbox": {"xmin": 122, "ymin": 103, "ymax": 196, "xmax": 164}}], [{"tid": 0, "generated": 0, "bbox": {"xmin": 166, "ymin": 83, "ymax": 220, "xmax": 227}}, {"tid": 1, "generated": 0, "bbox": {"xmin": 120, "ymin": 102, "ymax": 196, "xmax": 167}}], [{"tid": 0, "generated": 0, "bbox": {"xmin": 168, "ymin": 83, "ymax": 220, "xmax": 228}}, {"tid": 1, "generated": 0, "bbox": {"xmin": 124, "ymin": 100, "ymax": 196, "xmax": 166}}], [{"tid": 0, "generated": 0, "bbox": {"xmin": 163, "ymin": 86, "ymax": 230, "xmax": 227}}, {"tid": 1, "generated": 0, "bbox": {"xmin": 119, "ymin": 100, "ymax": 196, "xmax": 168}}], [{"tid": 0, "generated": 0, "bbox": {"xmin": 160, "ymin": 91, "ymax": 230, "xmax": 227}}, {"tid": 1, "generated": 0, "bbox": {"xmin": 118, "ymin": 100, "ymax": 196, "xmax": 168}}], [{"tid": 0, "generated": 0, "bbox": {"xmin": 160, "ymin": 98, "ymax": 238, "xmax": 228}}, {"tid": 1, "generated": 0, "bbox": {"xmin": 116, "ymin": 100, "ymax": 198, "xmax": 168}}], [], [], [], [], [], [], [], [], [], [], [], [], [], [], [], [{"tid": 0, "generated": 0, "bbox": {"xmin": 96, "ymin": 102, "ymax": 239, "xmax": 234}}, {"tid": 1, "generated": 0, "bbox": {"xmin": 116, "ymin": 43, "ymax": 138, "xmax": 224}}], [{"tid": 0, "generated": 0, "bbox": {"xmin": 84, "ymin": 104, "ymax": 232, "xmax": 232}}, {"tid": 1, "generated": 0, "bbox": {"xmin": 119, "ymin": 44, "ymax": 140, "xmax": 226}}], [{"tid": 0, "generated": 0, "bbox": {"xmin": 72, "ymin": 106, "ymax": 239, "xmax": 236}}, {"tid": 1, "generated": 0, "bbox": {"xmin": 124, "ymin": 32, "ymax": 127, "xmax": 231}}], [{"tid": 0, "generated": 0, "bbox": {"xmin": 76, "ymin": 92, "ymax": 236, "xmax": 244}}, {"tid": 1, "generated": 0, "bbox": {"xmin": 126, "ymin": 30, "ymax": 124, "xmax": 230}}], [{"tid": 0, "generated": 0, "bbox": {"xmin": 50, "ymin": 108, "ymax": 218, "xmax": 230}}, {"tid": 1, "generated": 0, "bbox": {"xmin": 132, "ymin": 16, "ymax": 116, "xmax": 235}}], [{"tid": 0, "generated": 0, "bbox": {"xmin": 46, "ymin": 112, "ymax": 212, "xmax": 228}}, {"tid": 1, "generated": 0, "bbox": {"xmin": 132, "ymin": 16, "ymax": 108, "xmax": 236}}], [{"tid": 0, "generated": 0, "bbox": {"xmin": 35, "ymin": 108, "ymax": 212, "xmax": 224}}, {"tid": 1, "generated": 0, "bbox": {"xmin": 140, "ymin": 10, "ymax": 102, "xmax": 240}}], [{"tid": 0, "generated": 0, "bbox": {"xmin": 31, "ymin": 106, "ymax": 212, "xmax": 220}}, {"tid": 1, "generated": 0, "bbox": {"xmin": 139, "ymin": 8, "ymax": 99, "xmax": 240}}], [{"tid": 0, "generated": 0, "bbox": {"xmin": 8, "ymin": 99, "ymax": 210, "xmax": 212}}, {"tid": 1, "generated": 0, "bbox": {"xmin": 152, "ymin": 4, "ymax": 90, "xmax": 252}}], [{"tid": 0, "generated": 0, "bbox": {"xmin": 10, "ymin": 98, "ymax": 212, "xmax": 211}}, {"tid": 1, "generated": 0, "bbox": {"xmin": 152, "ymin": 4, "ymax": 88, "xmax": 252}}], [{"tid": 0, "generated": 0, "bbox": {"xmin": 6, "ymin": 90, "ymax": 203, "xmax": 208}}, {"tid": 1, "generated": 0, "bbox": {"xmin": 160, "ymin": 4, "ymax": 96, "xmax": 262}}], [{"tid": 0, "generated": 0, "bbox": {"xmin": 4, "ymin": 91, "ymax": 208, "xmax": 203}}, {"tid": 1, "generated": 0, "bbox": {"xmin": 158, "ymin": 4, "ymax": 96, "xmax": 263}}], [{"tid": 0, "generated": 0, "bbox": {"xmin": 0, "ymin": 72, "ymax": 206, "xmax": 192}}, {"tid": 1, "generated": 0, "bbox": {"xmin": 172, "ymin": 3, "ymax": 96, "xmax": 276}}], [{"tid": 0, "generated": 0, "bbox": {"xmin": 0, "ymin": 71, "ymax": 204, "xmax": 195}}, {"tid": 1, "generated": 0, "bbox": {"xmin": 180, "ymin": 2, "ymax": 95, "xmax": 283}}], [{"tid": 0, "generated": 0, "bbox": {"xmin": 0, "ymin": 74, "ymax": 208, "xmax": 192}}, {"tid": 1, "generated": 0, "bbox": {"xmin": 183, "ymin": 2, "ymax": 95, "xmax": 283}}], [{"tid": 0, "generated": 0, "bbox": {"xmin": 0, "ymin": 87, "ymax": 211, "xmax": 186}}, {"tid": 1, "generated": 0, "bbox": {"xmin": 198, "ymin": 16, "ymax": 104, "xmax": 295}}], [{"tid": 0, "generated": 0, "bbox": {"xmin": 0, "ymin": 86, "ymax": 212, "xmax": 186}}, {"tid": 1, "generated": 0, "bbox": {"xmin": 196, "ymin": 12, "ymax": 96, "xmax": 298}}], [{"tid": 0, "generated": 0, "bbox": {"xmin": 0, "ymin": 91, "ymax": 219, "xmax": 179}}, {"tid": 1, "generated": 0, "bbox": {"xmin": 207, "ymin": 15, "ymax": 96, "xmax": 302}}], [{"tid": 0, "generated": 0, "bbox": {"xmin": 0, "ymin": 88, "ymax": 216, "xmax": 180}}, {"tid": 1, "generated": 0, "bbox": {"xmin": 206, "ymin": 12, "ymax": 108, "xmax": 303}}], [{"tid": 0, "generated": 0, "bbox": {"xmin": 12, "ymin": 88, "ymax": 220, "xmax": 154}}, {"tid": 1, "generated": 0, "bbox": {"xmin": 226, "ymin": 24, "ymax": 116, "xmax": 319}}], [{"tid": 0, "generated": 0, "bbox": {"xmin": 0, "ymin": 88, "ymax": 224, "xmax": 155}}, {"tid": 1, "generated": 0, "bbox": {"xmin": 226, "ymin": 23, "ymax": 116, "xmax": 319}}], [{"tid": 0, "generated": 0, "bbox": {"xmin": 27, "ymin": 80, "ymax": 216, "xmax": 140}}, {"tid": 1, "generated": 0, "bbox": {"xmin": 240, "ymin": 28, "ymax": 122, "xmax": 318}}], [{"tid": 0, "generated": 0, "bbox": {"xmin": 31, "ymin": 75, "ymax": 211, "xmax": 136}}, {"tid": 1, "generated": 0, "bbox": {"xmin": 240, "ymin": 28, "ymax": 124, "xmax": 319}}], [{"tid": 0, "generated": 0, "bbox": {"xmin": 16, "ymin": 72, "ymax": 218, "xmax": 128}}, {"tid": 1, "generated": 0, "bbox": {"xmin": 244, "ymin": 34, "ymax": 123, "xmax": 319}}], [{"tid": 0, "generated": 0, "bbox": {"xmin": 24, "ymin": 74, "ymax": 218, "xmax": 124}}, {"tid": 1, "generated": 0, "bbox": {"xmin": 243, "ymin": 30, "ymax": 127, "xmax": 318}}], [{"tid": 0, "generated": 0, "bbox": {"xmin": 20, "ymin": 70, "ymax": 222, "xmax": 114}}, {"tid": 1, "generated": 0, "bbox": {"xmin": 255, "ymin": 35, "ymax": 123, "xmax": 318}}], [{"tid": 0, "generated": 0, "bbox": {"xmin": 24, "ymin": 68, "ymax": 216, "xmax": 115}}, {"tid": 1, "generated": 0, "bbox": {"xmin": 255, "ymin": 44, "ymax": 124, "xmax": 318}}], [{"tid": 0, "generated": 0, "bbox": {"xmin": 23, "ymin": 72, "ymax": 224, "xmax": 111}}, {"tid": 1, "generated": 0, "bbox": {"xmin": 255, "ymin": 36, "ymax": 128, "xmax": 318}}], [{"tid": 0, "generated": 0, "bbox": {"xmin": 24, "ymin": 68, "ymax": 226, "xmax": 102}}, {"tid": 1, "generated": 0, "bbox": {"xmin": 255, "ymin": 36, "ymax": 130, "xmax": 318}}], [{"tid": 0, "generated": 0, "bbox": {"xmin": 32, "ymin": 76, "ymax": 227, "xmax": 102}}, {"tid": 1, "generated": 0, "bbox": {"xmin": 255, "ymin": 47, "ymax": 132, "xmax": 318}}]], "subject/objects": [{"category": "rabbit", "tid": 0}, {"category": "bird", "tid": 1}], "relation_instances": [{"end_fid": 45, "subject_tid": 0, "predicate": "run_right", "begin_fid": 15, "object_tid": 1}, {"end_fid": 45, "subject_tid": 0, "predicate": "faster", "begin_fid": 15, "object_tid": 1}, {"end_fid": 45, "subject_tid": 1, "predicate": "walk_left", "begin_fid": 15, "object_tid": 0}, {"end_fid": 45, "subject_tid": 1, "predicate": "follow", "begin_fid": 15, "object_tid": 0}, {"end_fid": 60, "subject_tid": 0, "predicate": "run_right", "begin_fid": 30, "object_tid": 1}, {"end_fid": 60, "subject_tid": 0, "predicate": "faster", "begin_fid": 30, "object_tid": 1}, {"end_fid": 60, "subject_tid": 1, "predicate": "walk_left", "begin_fid": 30, "object_tid": 0}, {"end_fid": 60, "subject_tid": 1, "predicate": "follow", "begin_fid": 30, "object_tid": 0}, {"end_fid": 90, "subject_tid": 0, "predicate": "walk_right", "begin_fid": 60, "object_tid": 1}, {"end_fid": 90, "subject_tid": 1, "predicate": "run_left", "begin_fid": 60, "object_tid": 0}, {"end_fid": 90, "subject_tid": 1, "predicate": "faster", "begin_fid": 60, "object_tid": 0}, {"end_fid": 90, "subject_tid": 1, "predicate": "chase", "begin_fid": 60, "object_tid": 0}, {"end_fid": 120, "subject_tid": 0, "predicate": "run_right", "begin_fid": 90, "object_tid": 1}, {"end_fid": 120, "subject_tid": 0, "predicate": "run_behind", "begin_fid": 90, "object_tid": 1}, {"end_fid": 120, "subject_tid": 0, "predicate": "faster", "begin_fid": 90, "object_tid": 1}, {"end_fid": 120, "subject_tid": 1, "predicate": "run_front", "begin_fid": 90, "object_tid": 0}, {"end_fid": 120, "subject_tid": 1, "predicate": "run_left", "begin_fid": 90, "object_tid": 0}, {"end_fid": 120, "subject_tid": 1, "predicate": "chase", "begin_fid": 90, "object_tid": 0}, {"end_fid": 135, "subject_tid": 0, "predicate": "run_behind", "begin_fid": 105, "object_tid": 1}, {"end_fid": 135, "subject_tid": 0, "predicate": "faster", "begin_fid": 105, "object_tid": 1}, {"end_fid": 135, "subject_tid": 1, "predicate": "run_front", "begin_fid": 105, "object_tid": 0}, {"end_fid": 135, "subject_tid": 1, "predicate": "chase", "begin_fid": 105, "object_tid": 0}, {"end_fid": 210, "subject_tid": 0, "predicate": "run_behind", "begin_fid": 180, "object_tid": 1}, {"end_fid": 210, "subject_tid": 1, "predicate": "run_front", "begin_fid": 180, "object_tid": 0}, {"end_fid": 210, "subject_tid": 1, "predicate": "chase", "begin_fid": 180, "object_tid": 0}, {"end_fid": 240, "subject_tid": 0, "predicate": "sit_right", "begin_fid": 210, "object_tid": 1}, {"end_fid": 240, "subject_tid": 0, "predicate": "sit_next_to", "begin_fid": 210, "object_tid": 1}, {"end_fid": 240, "subject_tid": 0, "predicate": "sit_behind", "begin_fid": 210, "object_tid": 1}, {"end_fid": 240, "subject_tid": 1, "predicate": "run_next_to", "begin_fid": 210, "object_tid": 0}, {"end_fid": 240, "subject_tid": 1, "predicate": "run_past", "begin_fid": 210, "object_tid": 0}, {"end_fid": 240, "subject_tid": 1, "predicate": "run_front", "begin_fid": 210, "object_tid": 0}, {"end_fid": 240, "subject_tid": 1, "predicate": "run_left", "begin_fid": 210, "object_tid": 0}, {"end_fid": 240, "subject_tid": 1, "predicate": "chase", "begin_fid": 210, "object_tid": 0}, {"end_fid": 285, "subject_tid": 0, "predicate": "run_front", "begin_fid": 255, "object_tid": 1}, {"end_fid": 285, "subject_tid": 0, "predicate": "run_left", "begin_fid": 255, "object_tid": 1}, {"end_fid": 285, "subject_tid": 1, "predicate": "stand_behind", "begin_fid": 255, "object_tid": 0}, {"end_fid": 285, "subject_tid": 1, "predicate": "stand_right", "begin_fid": 255, "object_tid": 0}], "height": 240}