{"width": 480, "frame_count": 218, "video_id": "ILSVRC2015_train_00624002", "fps": 30, "trajectories": [[{"tid": 0, "generated": 0, "bbox": {"xmin": 179, "ymin": 123, "ymax": 226, "xmax": 308}}, {"tid": 1, "generated": 0, "bbox": {"xmin": 5, "ymin": 4, "ymax": 224, "xmax": 164}}], [{"tid": 0, "generated": 0, "bbox": {"xmin": 179, "ymin": 122, "ymax": 226, "xmax": 308}}, {"tid": 1, "generated": 0, "bbox": {"xmin": 5, "ymin": 4, "ymax": 224, "xmax": 164}}], [{"tid": 0, "generated": 0, "bbox": {"xmin": 179, "ymin": 122, "ymax": 226, "xmax": 308}}, {"tid": 1, "generated": 0, "bbox": {"xmin": 5, "ymin": 4, "ymax": 224, "xmax": 164}}], [{"tid": 0, "generated": 0, "bbox": {"xmin": 179, "ymin": 122, "ymax": 226, "xmax": 308}}, {"tid": 1, "generated": 0, "bbox": {"xmin": 5, "ymin": 4, "ymax": 224, "xmax": 164}}], [{"tid": 0, "generated": 0, "bbox": {"xmin": 179, "ymin": 122, "ymax": 226, "xmax": 308}}, {"tid": 1, "generated": 0, "bbox": {"xmin": 5, "ymin": 4, "ymax": 224, "xmax": 164}}], [{"tid": 0, "generated": 0, "bbox": {"xmin": 179, "ymin": 122, "ymax": 226, "xmax": 308}}, {"tid": 1, "generated": 0, "bbox": {"xmin": 5, "ymin": 4, "ymax": 224, "xmax": 164}}], [{"tid": 0, "generated": 0, "bbox": {"xmin": 179, "ymin": 122, "ymax": 226, "xmax": 308}}, {"tid": 1, "generated": 0, "bbox": {"xmin": 5, "ymin": 4, "ymax": 224, "xmax": 164}}], [{"tid": 0, "generated": 0, "bbox": {"xmin": 179, "ymin": 122, "ymax": 226, "xmax": 308}}, {"tid": 1, "generated": 0, "bbox": {"xmin": 5, "ymin": 4, "ymax": 224, "xmax": 164}}], [{"tid": 0, "generated": 0, "bbox": {"xmin": 179, "ymin": 122, "ymax": 226, "xmax": 308}}, {"tid": 1, "generated": 0, "bbox": {"xmin": 5, "ymin": 4, "ymax": 224, "xmax": 164}}], [{"tid": 0, "generated": 0, "bbox": {"xmin": 179, "ymin": 122, "ymax": 226, "xmax": 308}}, {"tid": 1, "generated": 0, "bbox": {"xmin": 5, "ymin": 4, "ymax": 224, "xmax": 164}}], [{"tid": 0, "generated": 0, "bbox": {"xmin": 179, "ymin": 122, "ymax": 226, "xmax": 308}}, {"tid": 1, "generated": 0, "bbox": {"xmin": 5, "ymin": 4, "ymax": 224, "xmax": 164}}], [{"tid": 0, "generated": 0, "bbox": {"xmin": 178, "ymin": 122, "ymax": 226, "xmax": 307}}, {"tid": 1, "generated": 0, "bbox": {"xmin": 5, "ymin": 4, "ymax": 224, "xmax": 162}}], [{"tid": 0, "generated": 0, "bbox": {"xmin": 178, "ymin": 122, "ymax": 226, "xmax": 307}}, {"tid": 1, "generated": 0, "bbox": {"xmin": 5, "ymin": 4, "ymax": 224, "xmax": 159}}], [{"tid": 0, "generated": 0, "bbox": {"xmin": 178, "ymin": 122, "ymax": 226, "xmax": 307}}, {"tid": 1, "generated": 0, "bbox": {"xmin": 5, "ymin": 4, "ymax": 224, "xmax": 157}}], [{"tid": 0, "generated": 0, "bbox": {"xmin": 178, "ymin": 122, "ymax": 226, "xmax": 307}}, {"tid": 1, "generated": 0, "bbox": {"xmin": 5, "ymin": 4, "ymax": 224, "xmax": 154}}], [{"tid": 0, "generated": 0, "bbox": {"xmin": 178, "ymin": 122, "ymax": 226, "xmax": 307}}, {"tid": 1, "generated": 0, "bbox": {"xmin": 5, "ymin": 4, "ymax": 224, "xmax": 152}}], [{"tid": 0, "generated": 0, "bbox": {"xmin": 178, "ymin": 122, "ymax": 226, "xmax": 306}}, {"tid": 1, "generated": 0, "bbox": {"xmin": 5, "ymin": 4, "ymax": 224, "xmax": 152}}], [{"tid": 0, "generated": 0, "bbox": {"xmin": 178, "ymin": 122, "ymax": 226, "xmax": 306}}, {"tid": 1, "generated": 0, "bbox": {"xmin": 5, "ymin": 4, "ymax": 224, "xmax": 152}}], [{"tid": 0, "generated": 0, "bbox": {"xmin": 178, "ymin": 122, "ymax": 226, "xmax": 306}}, {"tid": 1, "generated": 0, "bbox": {"xmin": 5, "ymin": 4, "ymax": 224, "xmax": 152}}], [{"tid": 0, "generated": 0, "bbox": {"xmin": 178, "ymin": 122, "ymax": 226, "xmax": 306}}, {"tid": 1, "generated": 0, "bbox": {"xmin": 5, "ymin": 4, "ymax": 224, "xmax": 152}}], [{"tid": 0, "generated": 0, "bbox": {"xmin": 178, "ymin": 123, "ymax": 226, "xmax": 306}}, {"tid": 1, "generated": 0, "bbox": {"xmin": 5, "ymin": 4, "ymax": 224, "xmax": 152}}], [{"tid": 0, "generated": 0, "bbox": {"xmin": 178, "ymin": 124, "ymax": 226, "xmax": 306}}, {"tid": 1, "generated": 0, "bbox": {"xmin": 5, "ymin": 4, "ymax": 224, "xmax": 152}}], [{"tid": 0, "generated": 0, "bbox": {"xmin": 178, "ymin": 124, "ymax": 227, "xmax": 306}}, {"tid": 1, "generated": 0, "bbox": {"xmin": 5, "ymin": 4, "ymax": 224, "xmax": 152}}], [{"tid": 0, "generated": 0, "bbox": {"xmin": 178, "ymin": 126, "ymax": 227, "xmax": 306}}, {"tid": 1, "generated": 0, "bbox": {"xmin": 5, "ymin": 4, "ymax": 224, "xmax": 152}}], [{"tid": 0, "generated": 0, "bbox": {"xmin": 178, "ymin": 126, "ymax": 228, "xmax": 306}}, {"tid": 1, "generated": 0, "bbox": {"xmin": 5, "ymin": 4, "ymax": 224, "xmax": 152}}], [{"tid": 0, "generated": 0, "bbox": {"xmin": 178, "ymin": 128, "ymax": 228, "xmax": 306}}, {"tid": 1, "generated": 0, "bbox": {"xmin": 5, "ymin": 4, "ymax": 224, "xmax": 152}}], [{"tid": 0, "generated": 0, "bbox": {"xmin": 178, "ymin": 128, "ymax": 228, "xmax": 306}}, {"tid": 1, "generated": 0, "bbox": {"xmin": 5, "ymin": 4, "ymax": 224, "xmax": 152}}], [{"tid": 0, "generated": 0, "bbox": {"xmin": 178, "ymin": 129, "ymax": 229, "xmax": 306}}, {"tid": 1, "generated": 0, "bbox": {"xmin": 5, "ymin": 4, "ymax": 224, "xmax": 152}}], [{"tid": 0, "generated": 0, "bbox": {"xmin": 178, "ymin": 130, "ymax": 229, "xmax": 306}}, {"tid": 1, "generated": 0, "bbox": {"xmin": 5, "ymin": 4, "ymax": 224, "xmax": 152}}], [{"tid": 0, "generated": 0, "bbox": {"xmin": 178, "ymin": 131, "ymax": 230, "xmax": 306}}, {"tid": 1, "generated": 0, "bbox": {"xmin": 5, "ymin": 4, "ymax": 224, "xmax": 152}}], [], [], [], [], [], [], [], [], [], [], [], [], [], [], [], [], [], [], [], [], [], [], [], [], [], [], [], [], [], [], [{"tid": 0, "generated": 0, "bbox": {"xmin": 168, "ymin": 124, "ymax": 208, "xmax": 303}}, {"tid": 1, "generated": 0, "bbox": {"xmin": 5, "ymin": 4, "ymax": 224, "xmax": 152}}], [{"tid": 0, "generated": 0, "bbox": {"xmin": 168, "ymin": 123, "ymax": 208, "xmax": 303}}, {"tid": 1, "generated": 0, "bbox": {"xmin": 5, "ymin": 4, "ymax": 224, "xmax": 152}}], [{"tid": 0, "generated": 0, "bbox": {"xmin": 169, "ymin": 123, "ymax": 208, "xmax": 304}}, {"tid": 1, "generated": 0, "bbox": {"xmin": 5, "ymin": 4, "ymax": 224, "xmax": 152}}], [{"tid": 0, "generated": 0, "bbox": {"xmin": 169, "ymin": 123, "ymax": 208, "xmax": 304}}, {"tid": 1, "generated": 0, "bbox": {"xmin": 5, "ymin": 4, "ymax": 224, "xmax": 152}}], [{"tid": 0, "generated": 0, "bbox": {"xmin": 170, "ymin": 123, "ymax": 208, "xmax": 304}}, {"tid": 1, "generated": 0, "bbox": {"xmin": 5, "ymin": 4, "ymax": 224, "xmax": 152}}], [{"tid": 0, "generated": 0, "bbox": {"xmin": 170, "ymin": 123, "ymax": 208, "xmax": 305}}, {"tid": 1, "generated": 0, "bbox": {"xmin": 5, "ymin": 4, "ymax": 224, "xmax": 152}}], [{"tid": 0, "generated": 0, "bbox": {"xmin": 170, "ymin": 122, "ymax": 207, "xmax": 305}}, {"tid": 1, "generated": 0, "bbox": {"xmin": 5, "ymin": 4, "ymax": 224, "xmax": 152}}], [{"tid": 0, "generated": 0, "bbox": {"xmin": 171, "ymin": 122, "ymax": 207, "xmax": 306}}, {"tid": 1, "generated": 0, "bbox": {"xmin": 5, "ymin": 4, "ymax": 224, "xmax": 152}}], [{"tid": 0, "generated": 0, "bbox": {"xmin": 171, "ymin": 122, "ymax": 207, "xmax": 306}}, {"tid": 1, "generated": 0, "bbox": {"xmin": 5, "ymin": 4, "ymax": 224, "xmax": 152}}], [{"tid": 0, "generated": 0, "bbox": {"xmin": 172, "ymin": 122, "ymax": 207, "xmax": 306}}, {"tid": 1, "generated": 0, "bbox": {"xmin": 5, "ymin": 4, "ymax": 224, "xmax": 152}}], [{"tid": 0, "generated": 0, "bbox": {"xmin": 172, "ymin": 122, "ymax": 207, "xmax": 307}}, {"tid": 1, "generated": 0, "bbox": {"xmin": 5, "ymin": 4, "ymax": 224, "xmax": 152}}], [{"tid": 0, "generated": 0, "bbox": {"xmin": 172, "ymin": 122, "ymax": 206, "xmax": 306}}, {"tid": 1, "generated": 0, "bbox": {"xmin": 5, "ymin": 4, "ymax": 224, "xmax": 152}}], [{"tid": 0, "generated": 0, "bbox": {"xmin": 171, "ymin": 122, "ymax": 206, "xmax": 306}}, {"tid": 1, "generated": 0, "bbox": {"xmin": 5, "ymin": 4, "ymax": 224, "xmax": 152}}], [{"tid": 0, "generated": 0, "bbox": {"xmin": 171, "ymin": 122, "ymax": 206, "xmax": 306}}, {"tid": 1, "generated": 0, "bbox": {"xmin": 5, "ymin": 4, "ymax": 224, "xmax": 152}}], [{"tid": 0, "generated": 0, "bbox": {"xmin": 170, "ymin": 121, "ymax": 205, "xmax": 306}}, {"tid": 1, "generated": 0, "bbox": {"xmin": 5, "ymin": 4, "ymax": 224, "xmax": 152}}], [{"tid": 0, "generated": 0, "bbox": {"xmin": 170, "ymin": 121, "ymax": 205, "xmax": 306}}, {"tid": 1, "generated": 0, "bbox": {"xmin": 5, "ymin": 4, "ymax": 224, "xmax": 152}}], [{"tid": 0, "generated": 0, "bbox": {"xmin": 170, "ymin": 121, "ymax": 204, "xmax": 306}}, {"tid": 1, "generated": 0, "bbox": {"xmin": 5, "ymin": 4, "ymax": 224, "xmax": 152}}], [{"tid": 0, "generated": 0, "bbox": {"xmin": 170, "ymin": 120, "ymax": 204, "xmax": 306}}, {"tid": 1, "generated": 0, "bbox": {"xmin": 5, "ymin": 4, "ymax": 224, "xmax": 152}}], [{"tid": 0, "generated": 0, "bbox": {"xmin": 169, "ymin": 120, "ymax": 204, "xmax": 306}}, {"tid": 1, "generated": 0, "bbox": {"xmin": 5, "ymin": 4, "ymax": 224, "xmax": 152}}], [{"tid": 0, "generated": 0, "bbox": {"xmin": 169, "ymin": 120, "ymax": 204, "xmax": 306}}, {"tid": 1, "generated": 0, "bbox": {"xmin": 5, "ymin": 4, "ymax": 224, "xmax": 152}}], [{"tid": 0, "generated": 0, "bbox": {"xmin": 168, "ymin": 120, "ymax": 203, "xmax": 306}}, {"tid": 1, "generated": 0, "bbox": {"xmin": 5, "ymin": 4, "ymax": 224, "xmax": 152}}], [{"tid": 0, "generated": 0, "bbox": {"xmin": 168, "ymin": 120, "ymax": 202, "xmax": 306}}, {"tid": 1, "generated": 0, "bbox": {"xmin": 5, "ymin": 4, "ymax": 224, "xmax": 152}}], [{"tid": 0, "generated": 0, "bbox": {"xmin": 168, "ymin": 120, "ymax": 202, "xmax": 306}}, {"tid": 1, "generated": 0, "bbox": {"xmin": 5, "ymin": 4, "ymax": 224, "xmax": 152}}], [{"tid": 0, "generated": 0, "bbox": {"xmin": 167, "ymin": 120, "ymax": 202, "xmax": 306}}, {"tid": 1, "generated": 0, "bbox": {"xmin": 5, "ymin": 4, "ymax": 224, "xmax": 152}}], [{"tid": 0, "generated": 0, "bbox": {"xmin": 167, "ymin": 119, "ymax": 202, "xmax": 305}}, {"tid": 1, "generated": 0, "bbox": {"xmin": 5, "ymin": 4, "ymax": 224, "xmax": 152}}], [{"tid": 0, "generated": 0, "bbox": {"xmin": 166, "ymin": 119, "ymax": 201, "xmax": 305}}, {"tid": 1, "generated": 0, "bbox": {"xmin": 5, "ymin": 4, "ymax": 224, "xmax": 152}}], [{"tid": 0, "generated": 0, "bbox": {"xmin": 166, "ymin": 119, "ymax": 201, "xmax": 305}}, {"tid": 1, "generated": 0, "bbox": {"xmin": 5, "ymin": 4, "ymax": 224, "xmax": 152}}], [{"tid": 0, "generated": 0, "bbox": {"xmin": 166, "ymin": 118, "ymax": 200, "xmax": 305}}, {"tid": 1, "generated": 0, "bbox": {"xmin": 5, "ymin": 4, "ymax": 224, "xmax": 152}}], [{"tid": 0, "generated": 0, "bbox": {"xmin": 166, "ymin": 118, "ymax": 200, "xmax": 305}}, {"tid": 1, "generated": 0, "bbox": {"xmin": 5, "ymin": 4, "ymax": 224, "xmax": 152}}], [{"tid": 0, "generated": 0, "bbox": {"xmin": 165, "ymin": 118, "ymax": 200, "xmax": 305}}, {"tid": 1, "generated": 0, "bbox": {"xmin": 5, "ymin": 4, "ymax": 224, "xmax": 152}}], [], [], [], [], [], [], [], [], [], [], [], [], [], [], [], [], [], [], [], [], [], [], [], [], [], [], [], [], [], [], [], [], [], [], [], [], [], [], [], [], [], [], [], [], [], [], [], [], [], [], [], [], [], [], [], [], [], [], [], [], [], [], [], [], [], [], [], [], [], [], [], [], [], [], [], [], [], [], [], [], [], [], [], [], [], [], [], [], [], [], [{"tid": 0, "generated": 0, "bbox": {"xmin": 178, "ymin": 107, "ymax": 192, "xmax": 310}}, {"tid": 1, "generated": 0, "bbox": {"xmin": 2, "ymin": 3, "ymax": 197, "xmax": 154}}], [{"tid": 0, "generated": 0, "bbox": {"xmin": 178, "ymin": 106, "ymax": 192, "xmax": 310}}, {"tid": 1, "generated": 0, "bbox": {"xmin": 0, "ymin": 0, "ymax": 194, "xmax": 157}}], [{"tid": 0, "generated": 0, "bbox": {"xmin": 178, "ymin": 106, "ymax": 192, "xmax": 310}}, {"tid": 1, "generated": 0, "bbox": {"xmin": 2, "ymin": 2, "ymax": 196, "xmax": 157}}], [{"tid": 0, "generated": 0, "bbox": {"xmin": 178, "ymin": 106, "ymax": 192, "xmax": 310}}, {"tid": 1, "generated": 0, "bbox": {"xmin": 1, "ymin": 0, "ymax": 195, "xmax": 156}}], [{"tid": 0, "generated": 0, "bbox": {"xmin": 178, "ymin": 106, "ymax": 191, "xmax": 310}}, {"tid": 1, "generated": 0, "bbox": {"xmin": 1, "ymin": 0, "ymax": 199, "xmax": 152}}], [{"tid": 0, "generated": 0, "bbox": {"xmin": 178, "ymin": 106, "ymax": 191, "xmax": 310}}, {"tid": 1, "generated": 0, "bbox": {"xmin": 0, "ymin": 0, "ymax": 201, "xmax": 156}}], [{"tid": 0, "generated": 0, "bbox": {"xmin": 178, "ymin": 106, "ymax": 191, "xmax": 310}}, {"tid": 1, "generated": 0, "bbox": {"xmin": 0, "ymin": 0, "ymax": 201, "xmax": 154}}], [{"tid": 0, "generated": 0, "bbox": {"xmin": 178, "ymin": 105, "ymax": 190, "xmax": 310}}, {"tid": 1, "generated": 0, "bbox": {"xmin": 1, "ymin": 0, "ymax": 193, "xmax": 155}}], [{"tid": 0, "generated": 0, "bbox": {"xmin": 178, "ymin": 105, "ymax": 190, "xmax": 310}}, {"tid": 1, "generated": 0, "bbox": {"xmin": 1, "ymin": 0, "ymax": 194, "xmax": 154}}], [{"tid": 0, "generated": 0, "bbox": {"xmin": 178, "ymin": 105, "ymax": 190, "xmax": 310}}, {"tid": 1, "generated": 0, "bbox": {"xmin": 2, "ymin": 0, "ymax": 197, "xmax": 155}}], [{"tid": 0, "generated": 0, "bbox": {"xmin": 178, "ymin": 105, "ymax": 190, "xmax": 310}}, {"tid": 1, "generated": 0, "bbox": {"xmin": 2, "ymin": 0, "ymax": 197, "xmax": 152}}], [{"tid": 0, "generated": 0, "bbox": {"xmin": 178, "ymin": 104, "ymax": 190, "xmax": 310}}, {"tid": 1, "generated": 0, "bbox": {"xmin": 2, "ymin": 0, "ymax": 199, "xmax": 154}}], [{"tid": 0, "generated": 0, "bbox": {"xmin": 178, "ymin": 104, "ymax": 190, "xmax": 310}}, {"tid": 1, "generated": 0, "bbox": {"xmin": 1, "ymin": 0, "ymax": 199, "xmax": 154}}], [{"tid": 0, "generated": 0, "bbox": {"xmin": 178, "ymin": 104, "ymax": 190, "xmax": 310}}, {"tid": 1, "generated": 0, "bbox": {"xmin": 1, "ymin": 0, "ymax": 200, "xmax": 154}}], [{"tid": 0, "generated": 0, "bbox": {"xmin": 178, "ymin": 104, "ymax": 189, "xmax": 310}}, {"tid": 1, "generated": 0, "bbox": {"xmin": 0, "ymin": 0, "ymax": 200, "xmax": 154}}], [{"tid": 0, "generated": 0, "bbox": {"xmin": 178, "ymin": 104, "ymax": 189, "xmax": 310}}, {"tid": 1, "generated": 0, "bbox": {"xmin": 0, "ymin": 0, "ymax": 200, "xmax": 154}}], [{"tid": 0, "generated": 0, "bbox": {"xmin": 178, "ymin": 104, "ymax": 189, "xmax": 310}}, {"tid": 1, "generated": 0, "bbox": {"xmin": 0, "ymin": 0, "ymax": 199, "xmax": 153}}], [{"tid": 0, "generated": 0, "bbox": {"xmin": 178, "ymin": 103, "ymax": 188, "xmax": 310}}, {"tid": 1, "generated": 0, "bbox": {"xmin": 0, "ymin": 0, "ymax": 198, "xmax": 152}}], [{"tid": 0, "generated": 0, "bbox": {"xmin": 178, "ymin": 103, "ymax": 188, "xmax": 310}}, {"tid": 1, "generated": 0, "bbox": {"xmin": 0, "ymin": 0, "ymax": 196, "xmax": 152}}], [{"tid": 0, "generated": 0, "bbox": {"xmin": 178, "ymin": 103, "ymax": 188, "xmax": 310}}, {"tid": 1, "generated": 0, "bbox": {"xmin": 0, "ymin": 0, "ymax": 195, "xmax": 151}}], [{"tid": 0, "generated": 0, "bbox": {"xmin": 178, "ymin": 103, "ymax": 190, "xmax": 310}}, {"tid": 1, "generated": 0, "bbox": {"xmin": 0, "ymin": 0, "ymax": 194, "xmax": 150}}], [{"tid": 0, "generated": 0, "bbox": {"xmin": 178, "ymin": 102, "ymax": 190, "xmax": 310}}, {"tid": 1, "generated": 0, "bbox": {"xmin": 0, "ymin": 0, "ymax": 195, "xmax": 151}}], [{"tid": 0, "generated": 0, "bbox": {"xmin": 178, "ymin": 102, "ymax": 190, "xmax": 310}}, {"tid": 1, "generated": 0, "bbox": {"xmin": 0, "ymin": 0, "ymax": 195, "xmax": 152}}], [{"tid": 0, "generated": 0, "bbox": {"xmin": 178, "ymin": 102, "ymax": 188, "xmax": 310}}, {"tid": 1, "generated": 0, "bbox": {"xmin": 0, "ymin": 0, "ymax": 196, "xmax": 152}}], [{"tid": 0, "generated": 0, "bbox": {"xmin": 178, "ymin": 102, "ymax": 190, "xmax": 310}}, {"tid": 1, "generated": 0, "bbox": {"xmin": 0, "ymin": 0, "ymax": 196, "xmax": 153}}], [{"tid": 0, "generated": 0, "bbox": {"xmin": 178, "ymin": 101, "ymax": 190, "xmax": 310}}, {"tid": 1, "generated": 0, "bbox": {"xmin": 0, "ymin": 0, "ymax": 197, "xmax": 154}}], [{"tid": 0, "generated": 0, "bbox": {"xmin": 179, "ymin": 101, "ymax": 188, "xmax": 310}}, {"tid": 1, "generated": 0, "bbox": {"xmin": 0, "ymin": 0, "ymax": 197, "xmax": 153}}], [{"tid": 0, "generated": 0, "bbox": {"xmin": 179, "ymin": 101, "ymax": 188, "xmax": 310}}, {"tid": 1, "generated": 0, "bbox": {"xmin": 0, "ymin": 0, "ymax": 197, "xmax": 152}}], [{"tid": 0, "generated": 0, "bbox": {"xmin": 179, "ymin": 100, "ymax": 189, "xmax": 310}}, {"tid": 1, "generated": 0, "bbox": {"xmin": 0, "ymin": 0, "ymax": 196, "xmax": 152}}], [{"tid": 0, "generated": 0, "bbox": {"xmin": 179, "ymin": 100, "ymax": 188, "xmax": 310}}, {"tid": 1, "generated": 0, "bbox": {"xmin": 0, "ymin": 0, "ymax": 196, "xmax": 151}}]], "subject/objects": [{"category": "dog", "tid": 0}, {"category": "person", "tid": 1}], "relation_instances": [{"end_fid": 30, "subject_tid": 0, "predicate": "sit_right", "begin_fid": 0, "object_tid": 1}, {"end_fid": 30, "subject_tid": 1, "predicate": "stand_left", "begin_fid": 0, "object_tid": 0}, {"end_fid": 30, "subject_tid": 1, "predicate": "taller", "begin_fid": 0, "object_tid": 0}, {"end_fid": 30, "subject_tid": 1, "predicate": "feed", "begin_fid": 0, "object_tid": 0}, {"end_fid": 90, "subject_tid": 0, "predicate": "sit_right", "begin_fid": 60, "object_tid": 1}, {"end_fid": 90, "subject_tid": 1, "predicate": "stand_left", "begin_fid": 60, "object_tid": 0}, {"end_fid": 90, "subject_tid": 1, "predicate": "taller", "begin_fid": 60, "object_tid": 0}, {"end_fid": 90, "subject_tid": 1, "predicate": "feed", "begin_fid": 60, "object_tid": 0}, {"end_fid": 210, "subject_tid": 0, "predicate": "sit_right", "begin_fid": 180, "object_tid": 1}, {"end_fid": 210, "subject_tid": 1, "predicate": "stand_left", "begin_fid": 180, "object_tid": 0}, {"end_fid": 210, "subject_tid": 1, "predicate": "taller", "begin_fid": 180, "object_tid": 0}, {"end_fid": 210, "subject_tid": 1, "predicate": "feed", "begin_fid": 180, "object_tid": 0}], "height": 360}