{"width": 320, "frame_count": 940, "video_id": "ILSVRC2015_train_00667004", "fps": 30, "trajectories": [[], [], [], [], [], [], [], [], [], [], [], [], [], [], [], [], [], [], [], [], [], [], [], [], [], [], [], [], [], [], [], [], [], [], [], [], [], [], [], [], [], [], [], [], [], [], [], [], [], [], [], [], [], [], [], [], [], [], [], [], [], [], [], [], [], [], [], [], [], [], [], [], [], [], [], [], [], [], [], [], [], [], [], [], [], [], [], [], [], [], [{"tid": 0, "generated": 0, "bbox": {"xmin": 191, "ymin": 56, "ymax": 103, "xmax": 227}}, {"tid": 1, "generated": 0, "bbox": {"xmin": 124, "ymin": 100, "ymax": 178, "xmax": 198}}], [{"tid": 0, "generated": 0, "bbox": {"xmin": 188, "ymin": 56, "ymax": 102, "xmax": 224}}, {"tid": 1, "generated": 0, "bbox": {"xmin": 123, "ymin": 100, "ymax": 179, "xmax": 196}}], [{"tid": 0, "generated": 0, "bbox": {"xmin": 187, "ymin": 56, "ymax": 114, "xmax": 216}}, {"tid": 1, "generated": 0, "bbox": {"xmin": 118, "ymin": 96, "ymax": 176, "xmax": 192}}], [{"tid": 0, "generated": 0, "bbox": {"xmin": 187, "ymin": 52, "ymax": 115, "xmax": 218}}, {"tid": 1, "generated": 0, "bbox": {"xmin": 119, "ymin": 98, "ymax": 178, "xmax": 188}}], [{"tid": 0, "generated": 0, "bbox": {"xmin": 175, "ymin": 62, "ymax": 120, "xmax": 202}}, {"tid": 1, "generated": 0, "bbox": {"xmin": 110, "ymin": 103, "ymax": 180, "xmax": 180}}], [{"tid": 0, "generated": 0, "bbox": {"xmin": 175, "ymin": 64, "ymax": 120, "xmax": 204}}, {"tid": 1, "generated": 0, "bbox": {"xmin": 107, "ymin": 100, "ymax": 184, "xmax": 182}}], [{"tid": 0, "generated": 0, "bbox": {"xmin": 171, "ymin": 67, "ymax": 122, "xmax": 204}}, {"tid": 1, "generated": 0, "bbox": {"xmin": 100, "ymin": 100, "ymax": 183, "xmax": 176}}], [{"tid": 0, "generated": 0, "bbox": {"xmin": 172, "ymin": 67, "ymax": 124, "xmax": 203}}, {"tid": 1, "generated": 0, "bbox": {"xmin": 96, "ymin": 103, "ymax": 184, "xmax": 178}}], [{"tid": 0, "generated": 0, "bbox": {"xmin": 160, "ymin": 51, "ymax": 118, "xmax": 204}}, {"tid": 1, "generated": 0, "bbox": {"xmin": 86, "ymin": 78, "ymax": 176, "xmax": 172}}], [{"tid": 0, "generated": 0, "bbox": {"xmin": 159, "ymin": 52, "ymax": 120, "xmax": 206}}, {"tid": 1, "generated": 0, "bbox": {"xmin": 86, "ymin": 78, "ymax": 175, "xmax": 174}}], [{"tid": 0, "generated": 0, "bbox": {"xmin": 168, "ymin": 56, "ymax": 115, "xmax": 216}}, {"tid": 1, "generated": 0, "bbox": {"xmin": 80, "ymin": 64, "ymax": 170, "xmax": 180}}], [{"tid": 0, "generated": 0, "bbox": {"xmin": 168, "ymin": 56, "ymax": 112, "xmax": 216}}, {"tid": 1, "generated": 0, "bbox": {"xmin": 82, "ymin": 62, "ymax": 172, "xmax": 182}}], [{"tid": 0, "generated": 0, "bbox": {"xmin": 183, "ymin": 52, "ymax": 116, "xmax": 224}}, {"tid": 1, "generated": 0, "bbox": {"xmin": 84, "ymin": 60, "ymax": 172, "xmax": 186}}], [{"tid": 0, "generated": 0, "bbox": {"xmin": 180, "ymin": 55, "ymax": 116, "xmax": 223}}, {"tid": 1, "generated": 0, "bbox": {"xmin": 83, "ymin": 60, "ymax": 175, "xmax": 179}}], [{"tid": 0, "generated": 0, "bbox": {"xmin": 188, "ymin": 58, "ymax": 139, "xmax": 236}}, {"tid": 1, "generated": 0, "bbox": {"xmin": 87, "ymin": 56, "ymax": 180, "xmax": 187}}], [{"tid": 0, "generated": 0, "bbox": {"xmin": 188, "ymin": 56, "ymax": 139, "xmax": 236}}, {"tid": 1, "generated": 0, "bbox": {"xmin": 86, "ymin": 56, "ymax": 181, "xmax": 189}}], [{"tid": 0, "generated": 0, "bbox": {"xmin": 188, "ymin": 60, "ymax": 139, "xmax": 240}}, {"tid": 1, "generated": 0, "bbox": {"xmin": 86, "ymin": 56, "ymax": 182, "xmax": 191}}], [{"tid": 0, "generated": 0, "bbox": {"xmin": 190, "ymin": 56, "ymax": 140, "xmax": 240}}, {"tid": 1, "generated": 0, "bbox": {"xmin": 86, "ymin": 56, "ymax": 183, "xmax": 188}}], [{"tid": 0, "generated": 0, "bbox": {"xmin": 196, "ymin": 59, "ymax": 142, "xmax": 255}}, {"tid": 1, "generated": 0, "bbox": {"xmin": 84, "ymin": 56, "ymax": 184, "xmax": 187}}], [{"tid": 0, "generated": 0, "bbox": {"xmin": 195, "ymin": 62, "ymax": 143, "xmax": 256}}, {"tid": 1, "generated": 0, "bbox": {"xmin": 84, "ymin": 56, "ymax": 188, "xmax": 188}}], [{"tid": 0, "generated": 0, "bbox": {"xmin": 202, "ymin": 59, "ymax": 159, "xmax": 258}}, {"tid": 1, "generated": 0, "bbox": {"xmin": 80, "ymin": 56, "ymax": 188, "xmax": 188}}], [{"tid": 0, "generated": 0, "bbox": {"xmin": 203, "ymin": 63, "ymax": 159, "xmax": 259}}, {"tid": 1, "generated": 0, "bbox": {"xmin": 80, "ymin": 55, "ymax": 188, "xmax": 188}}], [{"tid": 0, "generated": 0, "bbox": {"xmin": 204, "ymin": 67, "ymax": 160, "xmax": 260}}, {"tid": 1, "generated": 0, "bbox": {"xmin": 74, "ymin": 56, "ymax": 188, "xmax": 184}}], [{"tid": 0, "generated": 0, "bbox": {"xmin": 204, "ymin": 66, "ymax": 158, "xmax": 260}}, {"tid": 1, "generated": 0, "bbox": {"xmin": 74, "ymin": 60, "ymax": 188, "xmax": 184}}], [{"tid": 0, "generated": 0, "bbox": {"xmin": 204, "ymin": 64, "ymax": 156, "xmax": 262}}, {"tid": 1, "generated": 0, "bbox": {"xmin": 71, "ymin": 56, "ymax": 188, "xmax": 186}}], [{"tid": 0, "generated": 0, "bbox": {"xmin": 203, "ymin": 66, "ymax": 158, "xmax": 263}}, {"tid": 1, "generated": 0, "bbox": {"xmin": 72, "ymin": 56, "ymax": 186, "xmax": 186}}], [{"tid": 0, "generated": 0, "bbox": {"xmin": 201, "ymin": 67, "ymax": 159, "xmax": 261}}, {"tid": 1, "generated": 0, "bbox": {"xmin": 64, "ymin": 58, "ymax": 188, "xmax": 182}}], [{"tid": 0, "generated": 0, "bbox": {"xmin": 200, "ymin": 68, "ymax": 160, "xmax": 260}}, {"tid": 1, "generated": 0, "bbox": {"xmin": 63, "ymin": 56, "ymax": 191, "xmax": 178}}], [{"tid": 0, "generated": 0, "bbox": {"xmin": 198, "ymin": 72, "ymax": 162, "xmax": 259}}, {"tid": 1, "generated": 0, "bbox": {"xmin": 60, "ymin": 59, "ymax": 190, "xmax": 175}}], [{"tid": 0, "generated": 0, "bbox": {"xmin": 199, "ymin": 72, "ymax": 163, "xmax": 259}}, {"tid": 1, "generated": 0, "bbox": {"xmin": 59, "ymin": 60, "ymax": 190, "xmax": 172}}], [{"tid": 0, "generated": 0, "bbox": {"xmin": 191, "ymin": 72, "ymax": 164, "xmax": 252}}, {"tid": 1, "generated": 0, "bbox": {"xmin": 44, "ymin": 64, "ymax": 191, "xmax": 168}}], [{"tid": 0, "generated": 0, "bbox": {"xmin": 190, "ymin": 72, "ymax": 164, "xmax": 254}}, {"tid": 1, "generated": 0, "bbox": {"xmin": 44, "ymin": 66, "ymax": 188, "xmax": 167}}], [{"tid": 0, "generated": 0, "bbox": {"xmin": 184, "ymin": 71, "ymax": 163, "xmax": 247}}, {"tid": 1, "generated": 0, "bbox": {"xmin": 28, "ymin": 68, "ymax": 187, "xmax": 160}}], [{"tid": 0, "generated": 0, "bbox": {"xmin": 186, "ymin": 70, "ymax": 160, "xmax": 248}}, {"tid": 1, "generated": 0, "bbox": {"xmin": 30, "ymin": 68, "ymax": 179, "xmax": 159}}], [{"tid": 0, "generated": 0, "bbox": {"xmin": 184, "ymin": 72, "ymax": 164, "xmax": 248}}, {"tid": 1, "generated": 0, "bbox": {"xmin": 20, "ymin": 75, "ymax": 187, "xmax": 158}}], [{"tid": 0, "generated": 0, "bbox": {"xmin": 184, "ymin": 71, "ymax": 163, "xmax": 248}}, {"tid": 1, "generated": 0, "bbox": {"xmin": 22, "ymin": 75, "ymax": 187, "xmax": 159}}], [{"tid": 0, "generated": 0, "bbox": {"xmin": 190, "ymin": 68, "ymax": 160, "xmax": 254}}, {"tid": 1, "generated": 0, "bbox": {"xmin": 20, "ymin": 82, "ymax": 184, "xmax": 166}}], [{"tid": 0, "generated": 0, "bbox": {"xmin": 192, "ymin": 64, "ymax": 158, "xmax": 252}}, {"tid": 1, "generated": 0, "bbox": {"xmin": 19, "ymin": 83, "ymax": 186, "xmax": 168}}], [{"tid": 0, "generated": 0, "bbox": {"xmin": 196, "ymin": 62, "ymax": 155, "xmax": 254}}, {"tid": 1, "generated": 0, "bbox": {"xmin": 20, "ymin": 87, "ymax": 183, "xmax": 172}}], [{"tid": 0, "generated": 0, "bbox": {"xmin": 196, "ymin": 62, "ymax": 154, "xmax": 255}}, {"tid": 1, "generated": 0, "bbox": {"xmin": 20, "ymin": 84, "ymax": 182, "xmax": 172}}], [{"tid": 0, "generated": 0, "bbox": {"xmin": 204, "ymin": 56, "ymax": 151, "xmax": 256}}, {"tid": 1, "generated": 0, "bbox": {"xmin": 20, "ymin": 83, "ymax": 176, "xmax": 180}}], [{"tid": 0, "generated": 0, "bbox": {"xmin": 204, "ymin": 58, "ymax": 152, "xmax": 256}}, {"tid": 1, "generated": 0, "bbox": {"xmin": 20, "ymin": 80, "ymax": 176, "xmax": 179}}], [{"tid": 0, "generated": 0, "bbox": {"xmin": 204, "ymin": 64, "ymax": 156, "xmax": 254}}, {"tid": 1, "generated": 0, "bbox": {"xmin": 15, "ymin": 79, "ymax": 183, "xmax": 179}}], [{"tid": 0, "generated": 0, "bbox": {"xmin": 204, "ymin": 64, "ymax": 156, "xmax": 254}}, {"tid": 1, "generated": 0, "bbox": {"xmin": 14, "ymin": 79, "ymax": 182, "xmax": 179}}], [{"tid": 0, "generated": 0, "bbox": {"xmin": 204, "ymin": 68, "ymax": 155, "xmax": 252}}, {"tid": 1, "generated": 0, "bbox": {"xmin": 0, "ymin": 71, "ymax": 180, "xmax": 172}}], [{"tid": 0, "generated": 0, "bbox": {"xmin": 204, "ymin": 68, "ymax": 152, "xmax": 252}}, {"tid": 1, "generated": 0, "bbox": {"xmin": 0, "ymin": 70, "ymax": 178, "xmax": 174}}], [{"tid": 0, "generated": 0, "bbox": {"xmin": 200, "ymin": 70, "ymax": 158, "xmax": 248}}, {"tid": 1, "generated": 0, "bbox": {"xmin": 0, "ymin": 67, "ymax": 171, "xmax": 166}}], [{"tid": 0, "generated": 0, "bbox": {"xmin": 202, "ymin": 71, "ymax": 159, "xmax": 248}}, {"tid": 1, "generated": 0, "bbox": {"xmin": 0, "ymin": 68, "ymax": 171, "xmax": 167}}], [{"tid": 0, "generated": 0, "bbox": {"xmin": 191, "ymin": 76, "ymax": 160, "xmax": 244}}, {"tid": 1, "generated": 0, "bbox": {"xmin": 0, "ymin": 68, "ymax": 171, "xmax": 148}}], [{"tid": 0, "generated": 0, "bbox": {"xmin": 191, "ymin": 75, "ymax": 160, "xmax": 246}}, {"tid": 1, "generated": 0, "bbox": {"xmin": 0, "ymin": 70, "ymax": 172, "xmax": 148}}], [{"tid": 0, "generated": 0, "bbox": {"xmin": 184, "ymin": 74, "ymax": 160, "xmax": 244}}, {"tid": 1, "generated": 0, "bbox": {"xmin": 0, "ymin": 71, "ymax": 172, "xmax": 160}}], [{"tid": 0, "generated": 0, "bbox": {"xmin": 186, "ymin": 75, "ymax": 160, "xmax": 244}}, {"tid": 1, "generated": 0, "bbox": {"xmin": 0, "ymin": 68, "ymax": 172, "xmax": 160}}], [{"tid": 0, "generated": 0, "bbox": {"xmin": 175, "ymin": 64, "ymax": 154, "xmax": 247}}, {"tid": 1, "generated": 0, "bbox": {"xmin": 0, "ymin": 67, "ymax": 171, "xmax": 134}}], [{"tid": 0, "generated": 0, "bbox": {"xmin": 175, "ymin": 64, "ymax": 154, "xmax": 247}}, {"tid": 1, "generated": 0, "bbox": {"xmin": 0, "ymin": 68, "ymax": 170, "xmax": 132}}], [{"tid": 0, "generated": 0, "bbox": {"xmin": 175, "ymin": 58, "ymax": 152, "xmax": 258}}, {"tid": 1, "generated": 0, "bbox": {"xmin": 0, "ymin": 62, "ymax": 170, "xmax": 136}}], [{"tid": 0, "generated": 0, "bbox": {"xmin": 174, "ymin": 59, "ymax": 152, "xmax": 256}}, {"tid": 1, "generated": 0, "bbox": {"xmin": 0, "ymin": 60, "ymax": 170, "xmax": 136}}], [{"tid": 0, "generated": 0, "bbox": {"xmin": 167, "ymin": 62, "ymax": 159, "xmax": 255}}, {"tid": 1, "generated": 0, "bbox": {"xmin": 0, "ymin": 58, "ymax": 175, "xmax": 134}}], [{"tid": 0, "generated": 0, "bbox": {"xmin": 168, "ymin": 63, "ymax": 159, "xmax": 256}}, {"tid": 1, "generated": 0, "bbox": {"xmin": 0, "ymin": 60, "ymax": 175, "xmax": 131}}], [{"tid": 0, "generated": 0, "bbox": {"xmin": 162, "ymin": 56, "ymax": 156, "xmax": 268}}, {"tid": 1, "generated": 0, "bbox": {"xmin": 4, "ymin": 54, "ymax": 174, "xmax": 144}}], [{"tid": 0, "generated": 0, "bbox": {"xmin": 163, "ymin": 52, "ymax": 159, "xmax": 264}}, {"tid": 1, "generated": 0, "bbox": {"xmin": 4, "ymin": 55, "ymax": 172, "xmax": 144}}], [{"tid": 0, "generated": 0, "bbox": {"xmin": 166, "ymin": 50, "ymax": 156, "xmax": 264}}, {"tid": 1, "generated": 0, "bbox": {"xmin": 14, "ymin": 52, "ymax": 172, "xmax": 156}}], [{"tid": 0, "generated": 0, "bbox": {"xmin": 164, "ymin": 51, "ymax": 156, "xmax": 266}}, {"tid": 1, "generated": 0, "bbox": {"xmin": 16, "ymin": 52, "ymax": 174, "xmax": 155}}], [{"tid": 0, "generated": 0, "bbox": {"xmin": 160, "ymin": 52, "ymax": 160, "xmax": 268}}, {"tid": 1, "generated": 0, "bbox": {"xmin": 24, "ymin": 52, "ymax": 178, "xmax": 168}}], [{"tid": 0, "generated": 0, "bbox": {"xmin": 163, "ymin": 54, "ymax": 160, "xmax": 271}}, {"tid": 1, "generated": 0, "bbox": {"xmin": 24, "ymin": 54, "ymax": 180, "xmax": 170}}], [{"tid": 0, "generated": 0, "bbox": {"xmin": 161, "ymin": 56, "ymax": 161, "xmax": 269}}, {"tid": 1, "generated": 0, "bbox": {"xmin": 28, "ymin": 54, "ymax": 184, "xmax": 171}}], [{"tid": 0, "generated": 0, "bbox": {"xmin": 160, "ymin": 58, "ymax": 162, "xmax": 268}}, {"tid": 1, "generated": 0, "bbox": {"xmin": 26, "ymin": 55, "ymax": 188, "xmax": 172}}], [{"tid": 0, "generated": 0, "bbox": {"xmin": 156, "ymin": 60, "ymax": 163, "xmax": 268}}, {"tid": 1, "generated": 0, "bbox": {"xmin": 28, "ymin": 60, "ymax": 192, "xmax": 176}}], [{"tid": 0, "generated": 0, "bbox": {"xmin": 160, "ymin": 60, "ymax": 160, "xmax": 266}}, {"tid": 1, "generated": 0, "bbox": {"xmin": 28, "ymin": 60, "ymax": 196, "xmax": 176}}], [{"tid": 0, "generated": 0, "bbox": {"xmin": 160, "ymin": 60, "ymax": 160, "xmax": 268}}, {"tid": 1, "generated": 0, "bbox": {"xmin": 26, "ymin": 63, "ymax": 196, "xmax": 180}}], [{"tid": 0, "generated": 0, "bbox": {"xmin": 160, "ymin": 60, "ymax": 160, "xmax": 271}}, {"tid": 1, "generated": 0, "bbox": {"xmin": 24, "ymin": 63, "ymax": 196, "xmax": 180}}], [{"tid": 0, "generated": 0, "bbox": {"xmin": 146, "ymin": 67, "ymax": 168, "xmax": 260}}, {"tid": 1, "generated": 0, "bbox": {"xmin": 23, "ymin": 70, "ymax": 206, "xmax": 180}}], [{"tid": 0, "generated": 0, "bbox": {"xmin": 148, "ymin": 68, "ymax": 168, "xmax": 260}}, {"tid": 1, "generated": 0, "bbox": {"xmin": 23, "ymin": 70, "ymax": 208, "xmax": 180}}], [{"tid": 0, "generated": 0, "bbox": {"xmin": 148, "ymin": 68, "ymax": 170, "xmax": 260}}, {"tid": 1, "generated": 0, "bbox": {"xmin": 24, "ymin": 72, "ymax": 212, "xmax": 184}}], [{"tid": 0, "generated": 0, "bbox": {"xmin": 148, "ymin": 68, "ymax": 170, "xmax": 262}}, {"tid": 1, "generated": 0, "bbox": {"xmin": 26, "ymin": 72, "ymax": 212, "xmax": 184}}], [{"tid": 0, "generated": 0, "bbox": {"xmin": 152, "ymin": 72, "ymax": 172, "xmax": 270}}, {"tid": 1, "generated": 0, "bbox": {"xmin": 36, "ymin": 87, "ymax": 220, "xmax": 196}}], [{"tid": 0, "generated": 0, "bbox": {"xmin": 155, "ymin": 75, "ymax": 179, "xmax": 270}}, {"tid": 1, "generated": 0, "bbox": {"xmin": 36, "ymin": 84, "ymax": 223, "xmax": 199}}], [{"tid": 0, "generated": 0, "bbox": {"xmin": 164, "ymin": 80, "ymax": 187, "xmax": 280}}, {"tid": 1, "generated": 0, "bbox": {"xmin": 42, "ymin": 96, "ymax": 232, "xmax": 211}}], [{"tid": 0, "generated": 0, "bbox": {"xmin": 164, "ymin": 80, "ymax": 188, "xmax": 284}}, {"tid": 1, "generated": 0, "bbox": {"xmin": 44, "ymin": 96, "ymax": 232, "xmax": 212}}], [{"tid": 0, "generated": 0, "bbox": {"xmin": 168, "ymin": 82, "ymax": 194, "xmax": 282}}, {"tid": 1, "generated": 0, "bbox": {"xmin": 44, "ymin": 98, "ymax": 236, "xmax": 215}}], [{"tid": 0, "generated": 0, "bbox": {"xmin": 168, "ymin": 83, "ymax": 195, "xmax": 280}}, {"tid": 1, "generated": 0, "bbox": {"xmin": 44, "ymin": 98, "ymax": 236, "xmax": 215}}], [{"tid": 0, "generated": 0, "bbox": {"xmin": 179, "ymin": 84, "ymax": 199, "xmax": 292}}, {"tid": 1, "generated": 0, "bbox": {"xmin": 48, "ymin": 102, "ymax": 238, "xmax": 226}}], [{"tid": 0, "generated": 0, "bbox": {"xmin": 177, "ymin": 84, "ymax": 201, "xmax": 292}}, {"tid": 1, "generated": 0, "bbox": {"xmin": 48, "ymin": 100, "ymax": 238, "xmax": 227}}], [{"tid": 0, "generated": 0, "bbox": {"xmin": 176, "ymin": 84, "ymax": 204, "xmax": 292}}, {"tid": 1, "generated": 0, "bbox": {"xmin": 47, "ymin": 106, "ymax": 239, "xmax": 228}}], [{"tid": 0, "generated": 0, "bbox": {"xmin": 176, "ymin": 83, "ymax": 208, "xmax": 292}}, {"tid": 1, "generated": 0, "bbox": {"xmin": 48, "ymin": 104, "ymax": 238, "xmax": 228}}], [{"tid": 0, "generated": 0, "bbox": {"xmin": 176, "ymin": 82, "ymax": 211, "xmax": 292}}, {"tid": 1, "generated": 0, "bbox": {"xmin": 42, "ymin": 100, "ymax": 239, "xmax": 231}}], [{"tid": 0, "generated": 0, "bbox": {"xmin": 179, "ymin": 83, "ymax": 211, "xmax": 292}}, {"tid": 1, "generated": 0, "bbox": {"xmin": 39, "ymin": 102, "ymax": 236, "xmax": 230}}], [{"tid": 0, "generated": 0, "bbox": {"xmin": 180, "ymin": 76, "ymax": 206, "xmax": 299}}, {"tid": 1, "generated": 0, "bbox": {"xmin": 40, "ymin": 96, "ymax": 236, "xmax": 232}}], [{"tid": 0, "generated": 0, "bbox": {"xmin": 180, "ymin": 76, "ymax": 204, "xmax": 300}}, {"tid": 1, "generated": 0, "bbox": {"xmin": 43, "ymin": 96, "ymax": 239, "xmax": 236}}], [{"tid": 0, "generated": 0, "bbox": {"xmin": 190, "ymin": 63, "ymax": 196, "xmax": 312}}, {"tid": 1, "generated": 0, "bbox": {"xmin": 48, "ymin": 82, "ymax": 238, "xmax": 240}}], [{"tid": 0, "generated": 0, "bbox": {"xmin": 190, "ymin": 63, "ymax": 196, "xmax": 311}}, {"tid": 1, "generated": 0, "bbox": {"xmin": 48, "ymin": 80, "ymax": 238, "xmax": 240}}], [], [], [], [], [], [], [], [], [], [], [], [], [], [], [], [], [], [], [], [], [], [], [], [], [], [], [], [], [], [], [], [], [], [], [], [], [], [], [], [], [], [], [], [], [], [], [], [], [], [], [], [], [], [], [], [], [], [], [], [], [], [], [], [], [], [], [], [], [], [], [], [], [], [], [], [], [], [], [], [], [], [], [], [], [], [], [], [], [], [], [], [], [], [], [], [], [], [], [], [], [], [], [], [], [], [], [], [], [], [], [], [], [], [], [], [], [], [], [], [], [], [], [], [], [], [], [], [], [], [], [], [], [], [], [], [], [], [], [], [], [], [], [], [], [], [], [], [], [], [], [{"tid": 0, "generated": 0, "bbox": {"xmin": 128, "ymin": 46, "ymax": 183, "xmax": 250}}, {"tid": 1, "generated": 0, "bbox": {"xmin": 80, "ymin": 62, "ymax": 238, "xmax": 218}}], [{"tid": 0, "generated": 0, "bbox": {"xmin": 129, "ymin": 47, "ymax": 183, "xmax": 251}}, {"tid": 1, "generated": 0, "bbox": {"xmin": 81, "ymin": 62, "ymax": 238, "xmax": 218}}], [{"tid": 0, "generated": 0, "bbox": {"xmin": 130, "ymin": 48, "ymax": 184, "xmax": 252}}, {"tid": 1, "generated": 0, "bbox": {"xmin": 81, "ymin": 62, "ymax": 238, "xmax": 217}}], [{"tid": 0, "generated": 0, "bbox": {"xmin": 124, "ymin": 48, "ymax": 184, "xmax": 252}}, {"tid": 1, "generated": 0, "bbox": {"xmin": 81, "ymin": 62, "ymax": 238, "xmax": 216}}], [{"tid": 0, "generated": 0, "bbox": {"xmin": 118, "ymin": 48, "ymax": 184, "xmax": 252}}, {"tid": 1, "generated": 0, "bbox": {"xmin": 82, "ymin": 62, "ymax": 239, "xmax": 216}}], [{"tid": 0, "generated": 0, "bbox": {"xmin": 120, "ymin": 48, "ymax": 186, "xmax": 252}}, {"tid": 1, "generated": 0, "bbox": {"xmin": 84, "ymin": 62, "ymax": 238, "xmax": 212}}], [{"tid": 0, "generated": 0, "bbox": {"xmin": 122, "ymin": 48, "ymax": 184, "xmax": 251}}, {"tid": 1, "generated": 0, "bbox": {"xmin": 92, "ymin": 74, "ymax": 239, "xmax": 208}}], [{"tid": 0, "generated": 0, "bbox": {"xmin": 123, "ymin": 51, "ymax": 184, "xmax": 252}}, {"tid": 1, "generated": 0, "bbox": {"xmin": 92, "ymin": 74, "ymax": 238, "xmax": 208}}], [{"tid": 0, "generated": 0, "bbox": {"xmin": 124, "ymin": 49, "ymax": 182, "xmax": 253}}, {"tid": 1, "generated": 0, "bbox": {"xmin": 90, "ymin": 72, "ymax": 236, "xmax": 210}}], [{"tid": 0, "generated": 0, "bbox": {"xmin": 125, "ymin": 47, "ymax": 181, "xmax": 254}}, {"tid": 1, "generated": 0, "bbox": {"xmin": 88, "ymin": 62, "ymax": 236, "xmax": 208}}], [{"tid": 0, "generated": 0, "bbox": {"xmin": 127, "ymin": 46, "ymax": 180, "xmax": 255}}, {"tid": 1, "generated": 0, "bbox": {"xmin": 92, "ymin": 52, "ymax": 239, "xmax": 216}}], [{"tid": 0, "generated": 0, "bbox": {"xmin": 128, "ymin": 44, "ymax": 180, "xmax": 252}}, {"tid": 1, "generated": 0, "bbox": {"xmin": 92, "ymin": 52, "ymax": 239, "xmax": 216}}], [{"tid": 0, "generated": 0, "bbox": {"xmin": 139, "ymin": 44, "ymax": 180, "xmax": 250}}, {"tid": 1, "generated": 0, "bbox": {"xmin": 92, "ymin": 52, "ymax": 239, "xmax": 216}}], [{"tid": 0, "generated": 0, "bbox": {"xmin": 135, "ymin": 44, "ymax": 180, "xmax": 250}}, {"tid": 1, "generated": 0, "bbox": {"xmin": 92, "ymin": 50, "ymax": 236, "xmax": 215}}], [{"tid": 0, "generated": 0, "bbox": {"xmin": 138, "ymin": 40, "ymax": 192, "xmax": 232}}, {"tid": 1, "generated": 0, "bbox": {"xmin": 106, "ymin": 56, "ymax": 216, "xmax": 224}}], [{"tid": 0, "generated": 0, "bbox": {"xmin": 140, "ymin": 40, "ymax": 192, "xmax": 232}}, {"tid": 1, "generated": 0, "bbox": {"xmin": 104, "ymin": 56, "ymax": 214, "xmax": 224}}], [{"tid": 0, "generated": 0, "bbox": {"xmin": 143, "ymin": 42, "ymax": 196, "xmax": 228}}, {"tid": 1, "generated": 0, "bbox": {"xmin": 108, "ymin": 47, "ymax": 203, "xmax": 206}}], [{"tid": 0, "generated": 0, "bbox": {"xmin": 142, "ymin": 42, "ymax": 200, "xmax": 228}}, {"tid": 1, "generated": 0, "bbox": {"xmin": 110, "ymin": 47, "ymax": 203, "xmax": 208}}], [{"tid": 0, "generated": 0, "bbox": {"xmin": 132, "ymin": 54, "ymax": 207, "xmax": 212}}, {"tid": 1, "generated": 0, "bbox": {"xmin": 100, "ymin": 51, "ymax": 156, "xmax": 218}}], [{"tid": 0, "generated": 0, "bbox": {"xmin": 132, "ymin": 52, "ymax": 208, "xmax": 212}}, {"tid": 1, "generated": 0, "bbox": {"xmin": 96, "ymin": 52, "ymax": 164, "xmax": 216}}], [{"tid": 0, "generated": 0, "bbox": {"xmin": 132, "ymin": 72, "ymax": 223, "xmax": 202}}, {"tid": 1, "generated": 0, "bbox": {"xmin": 92, "ymin": 56, "ymax": 172, "xmax": 218}}], [{"tid": 0, "generated": 0, "bbox": {"xmin": 128, "ymin": 76, "ymax": 226, "xmax": 199}}, {"tid": 1, "generated": 0, "bbox": {"xmin": 92, "ymin": 58, "ymax": 172, "xmax": 218}}], [{"tid": 0, "generated": 0, "bbox": {"xmin": 124, "ymin": 80, "ymax": 230, "xmax": 196}}, {"tid": 1, "generated": 0, "bbox": {"xmin": 87, "ymin": 59, "ymax": 172, "xmax": 212}}], [{"tid": 0, "generated": 0, "bbox": {"xmin": 124, "ymin": 79, "ymax": 228, "xmax": 195}}, {"tid": 1, "generated": 0, "bbox": {"xmin": 88, "ymin": 56, "ymax": 172, "xmax": 212}}], [{"tid": 0, "generated": 0, "bbox": {"xmin": 119, "ymin": 90, "ymax": 239, "xmax": 190}}, {"tid": 1, "generated": 0, "bbox": {"xmin": 79, "ymin": 59, "ymax": 178, "xmax": 204}}], [{"tid": 0, "generated": 0, "bbox": {"xmin": 117, "ymin": 91, "ymax": 239, "xmax": 188}}, {"tid": 1, "generated": 0, "bbox": {"xmin": 78, "ymin": 59, "ymax": 178, "xmax": 203}}], [{"tid": 0, "generated": 0, "bbox": {"xmin": 115, "ymin": 92, "ymax": 239, "xmax": 186}}, {"tid": 1, "generated": 0, "bbox": {"xmin": 78, "ymin": 62, "ymax": 176, "xmax": 203}}], [{"tid": 0, "generated": 0, "bbox": {"xmin": 113, "ymin": 98, "ymax": 238, "xmax": 183}}, {"tid": 1, "generated": 0, "bbox": {"xmin": 77, "ymin": 63, "ymax": 178, "xmax": 202}}], [{"tid": 0, "generated": 0, "bbox": {"xmin": 112, "ymin": 104, "ymax": 238, "xmax": 180}}, {"tid": 1, "generated": 0, "bbox": {"xmin": 76, "ymin": 64, "ymax": 180, "xmax": 202}}], [{"tid": 0, "generated": 0, "bbox": {"xmin": 112, "ymin": 106, "ymax": 238, "xmax": 176}}, {"tid": 1, "generated": 0, "bbox": {"xmin": 76, "ymin": 62, "ymax": 179, "xmax": 201}}], [], [], [], [], [], [], [], [], [], [], [], [], [], [], [], [{"tid": 0, "generated": 0, "bbox": {"xmin": 100, "ymin": 117, "ymax": 238, "xmax": 181}}, {"tid": 1, "generated": 0, "bbox": {"xmin": 112, "ymin": 56, "ymax": 175, "xmax": 176}}], [{"tid": 0, "generated": 0, "bbox": {"xmin": 106, "ymin": 114, "ymax": 238, "xmax": 186}}, {"tid": 1, "generated": 0, "bbox": {"xmin": 110, "ymin": 56, "ymax": 180, "xmax": 168}}], [{"tid": 0, "generated": 0, "bbox": {"xmin": 106, "ymin": 112, "ymax": 238, "xmax": 186}}, {"tid": 1, "generated": 0, "bbox": {"xmin": 108, "ymin": 54, "ymax": 180, "xmax": 171}}], [{"tid": 0, "generated": 0, "bbox": {"xmin": 107, "ymin": 111, "ymax": 239, "xmax": 187}}, {"tid": 1, "generated": 0, "bbox": {"xmin": 107, "ymin": 52, "ymax": 184, "xmax": 176}}], [{"tid": 0, "generated": 0, "bbox": {"xmin": 110, "ymin": 110, "ymax": 236, "xmax": 187}}, {"tid": 1, "generated": 0, "bbox": {"xmin": 107, "ymin": 49, "ymax": 186, "xmax": 177}}], [{"tid": 0, "generated": 0, "bbox": {"xmin": 116, "ymin": 102, "ymax": 239, "xmax": 192}}, {"tid": 1, "generated": 0, "bbox": {"xmin": 107, "ymin": 46, "ymax": 188, "xmax": 178}}], [{"tid": 0, "generated": 0, "bbox": {"xmin": 119, "ymin": 100, "ymax": 236, "xmax": 192}}, {"tid": 1, "generated": 0, "bbox": {"xmin": 110, "ymin": 46, "ymax": 188, "xmax": 176}}], [{"tid": 0, "generated": 0, "bbox": {"xmin": 122, "ymin": 95, "ymax": 234, "xmax": 203}}, {"tid": 1, "generated": 0, "bbox": {"xmin": 114, "ymin": 46, "ymax": 191, "xmax": 176}}], [{"tid": 0, "generated": 0, "bbox": {"xmin": 124, "ymin": 96, "ymax": 234, "xmax": 202}}, {"tid": 1, "generated": 0, "bbox": {"xmin": 112, "ymin": 44, "ymax": 191, "xmax": 176}}], [{"tid": 0, "generated": 0, "bbox": {"xmin": 148, "ymin": 88, "ymax": 222, "xmax": 222}}, {"tid": 1, "generated": 0, "bbox": {"xmin": 112, "ymin": 44, "ymax": 190, "xmax": 172}}], [{"tid": 0, "generated": 0, "bbox": {"xmin": 151, "ymin": 91, "ymax": 224, "xmax": 222}}, {"tid": 1, "generated": 0, "bbox": {"xmin": 111, "ymin": 44, "ymax": 188, "xmax": 174}}], [{"tid": 0, "generated": 0, "bbox": {"xmin": 158, "ymin": 86, "ymax": 218, "xmax": 234}}, {"tid": 1, "generated": 0, "bbox": {"xmin": 111, "ymin": 44, "ymax": 191, "xmax": 176}}], [{"tid": 0, "generated": 0, "bbox": {"xmin": 158, "ymin": 86, "ymax": 215, "xmax": 228}}, {"tid": 1, "generated": 0, "bbox": {"xmin": 112, "ymin": 44, "ymax": 191, "xmax": 176}}], [{"tid": 0, "generated": 0, "bbox": {"xmin": 179, "ymin": 75, "ymax": 199, "xmax": 230}}, {"tid": 1, "generated": 0, "bbox": {"xmin": 104, "ymin": 40, "ymax": 190, "xmax": 171}}], [{"tid": 0, "generated": 0, "bbox": {"xmin": 178, "ymin": 76, "ymax": 204, "xmax": 228}}, {"tid": 1, "generated": 0, "bbox": {"xmin": 104, "ymin": 46, "ymax": 188, "xmax": 172}}], [{"tid": 0, "generated": 0, "bbox": {"xmin": 180, "ymin": 68, "ymax": 187, "xmax": 230}}, {"tid": 1, "generated": 0, "bbox": {"xmin": 100, "ymin": 42, "ymax": 188, "xmax": 168}}], [{"tid": 0, "generated": 0, "bbox": {"xmin": 180, "ymin": 68, "ymax": 186, "xmax": 228}}, {"tid": 1, "generated": 0, "bbox": {"xmin": 100, "ymin": 40, "ymax": 188, "xmax": 168}}], [{"tid": 0, "generated": 0, "bbox": {"xmin": 187, "ymin": 68, "ymax": 184, "xmax": 232}}, {"tid": 1, "generated": 0, "bbox": {"xmin": 96, "ymin": 43, "ymax": 191, "xmax": 164}}], [{"tid": 0, "generated": 0, "bbox": {"xmin": 188, "ymin": 71, "ymax": 184, "xmax": 232}}, {"tid": 1, "generated": 0, "bbox": {"xmin": 96, "ymin": 46, "ymax": 192, "xmax": 164}}], [{"tid": 0, "generated": 0, "bbox": {"xmin": 194, "ymin": 74, "ymax": 183, "xmax": 234}}, {"tid": 1, "generated": 0, "bbox": {"xmin": 96, "ymin": 56, "ymax": 196, "xmax": 159}}], [{"tid": 0, "generated": 0, "bbox": {"xmin": 192, "ymin": 74, "ymax": 180, "xmax": 234}}, {"tid": 1, "generated": 0, "bbox": {"xmin": 96, "ymin": 56, "ymax": 196, "xmax": 160}}], [{"tid": 0, "generated": 0, "bbox": {"xmin": 195, "ymin": 72, "ymax": 176, "xmax": 236}}, {"tid": 1, "generated": 0, "bbox": {"xmin": 103, "ymin": 56, "ymax": 198, "xmax": 163}}], [{"tid": 0, "generated": 0, "bbox": {"xmin": 196, "ymin": 74, "ymax": 176, "xmax": 238}}, {"tid": 1, "generated": 0, "bbox": {"xmin": 102, "ymin": 55, "ymax": 203, "xmax": 160}}], [{"tid": 0, "generated": 0, "bbox": {"xmin": 200, "ymin": 76, "ymax": 176, "xmax": 239}}, {"tid": 1, "generated": 0, "bbox": {"xmin": 100, "ymin": 74, "ymax": 207, "xmax": 160}}], [{"tid": 0, "generated": 0, "bbox": {"xmin": 200, "ymin": 72, "ymax": 178, "xmax": 239}}, {"tid": 1, "generated": 0, "bbox": {"xmin": 100, "ymin": 74, "ymax": 208, "xmax": 160}}], [{"tid": 0, "generated": 0, "bbox": {"xmin": 202, "ymin": 71, "ymax": 176, "xmax": 240}}, {"tid": 1, "generated": 0, "bbox": {"xmin": 102, "ymin": 71, "ymax": 208, "xmax": 160}}], [{"tid": 0, "generated": 0, "bbox": {"xmin": 202, "ymin": 68, "ymax": 176, "xmax": 239}}, {"tid": 1, "generated": 0, "bbox": {"xmin": 101, "ymin": 69, "ymax": 210, "xmax": 161}}], [{"tid": 0, "generated": 0, "bbox": {"xmin": 203, "ymin": 66, "ymax": 164, "xmax": 239}}, {"tid": 1, "generated": 0, "bbox": {"xmin": 100, "ymin": 68, "ymax": 212, "xmax": 163}}], [{"tid": 0, "generated": 0, "bbox": {"xmin": 203, "ymin": 65, "ymax": 165, "xmax": 239}}, {"tid": 1, "generated": 0, "bbox": {"xmin": 101, "ymin": 69, "ymax": 212, "xmax": 163}}], [{"tid": 0, "generated": 0, "bbox": {"xmin": 203, "ymin": 64, "ymax": 166, "xmax": 240}}, {"tid": 1, "generated": 0, "bbox": {"xmin": 103, "ymin": 70, "ymax": 212, "xmax": 163}}], [], [], [], [], [], [], [], [], [], [], [], [], [], [], [], [{"tid": 0, "generated": 0, "bbox": {"xmin": 166, "ymin": 44, "ymax": 156, "xmax": 228}}, {"tid": 1, "generated": 0, "bbox": {"xmin": 72, "ymin": 48, "ymax": 208, "xmax": 184}}], [{"tid": 0, "generated": 0, "bbox": {"xmin": 166, "ymin": 44, "ymax": 156, "xmax": 228}}, {"tid": 1, "generated": 0, "bbox": {"xmin": 70, "ymin": 48, "ymax": 208, "xmax": 183}}], [{"tid": 0, "generated": 0, "bbox": {"xmin": 152, "ymin": 39, "ymax": 152, "xmax": 224}}, {"tid": 1, "generated": 0, "bbox": {"xmin": 67, "ymin": 48, "ymax": 204, "xmax": 174}}], [{"tid": 0, "generated": 0, "bbox": {"xmin": 156, "ymin": 40, "ymax": 154, "xmax": 222}}, {"tid": 1, "generated": 0, "bbox": {"xmin": 71, "ymin": 46, "ymax": 207, "xmax": 176}}], [{"tid": 0, "generated": 0, "bbox": {"xmin": 159, "ymin": 40, "ymax": 156, "xmax": 216}}, {"tid": 1, "generated": 0, "bbox": {"xmin": 72, "ymin": 43, "ymax": 196, "xmax": 179}}], [{"tid": 0, "generated": 0, "bbox": {"xmin": 160, "ymin": 41, "ymax": 163, "xmax": 216}}, {"tid": 1, "generated": 0, "bbox": {"xmin": 72, "ymin": 42, "ymax": 198, "xmax": 192}}], [{"tid": 0, "generated": 0, "bbox": {"xmin": 162, "ymin": 43, "ymax": 170, "xmax": 216}}, {"tid": 1, "generated": 0, "bbox": {"xmin": 84, "ymin": 40, "ymax": 180, "xmax": 208}}], [{"tid": 0, "generated": 0, "bbox": {"xmin": 160, "ymin": 46, "ymax": 172, "xmax": 216}}, {"tid": 1, "generated": 0, "bbox": {"xmin": 82, "ymin": 38, "ymax": 180, "xmax": 208}}], [{"tid": 0, "generated": 0, "bbox": {"xmin": 170, "ymin": 48, "ymax": 170, "xmax": 215}}, {"tid": 1, "generated": 0, "bbox": {"xmin": 92, "ymin": 54, "ymax": 160, "xmax": 212}}], [{"tid": 0, "generated": 0, "bbox": {"xmin": 170, "ymin": 44, "ymax": 171, "xmax": 212}}, {"tid": 1, "generated": 0, "bbox": {"xmin": 92, "ymin": 54, "ymax": 160, "xmax": 212}}], [{"tid": 0, "generated": 0, "bbox": {"xmin": 167, "ymin": 60, "ymax": 180, "xmax": 211}}, {"tid": 1, "generated": 0, "bbox": {"xmin": 84, "ymin": 50, "ymax": 147, "xmax": 222}}], [{"tid": 0, "generated": 0, "bbox": {"xmin": 166, "ymin": 63, "ymax": 180, "xmax": 210}}, {"tid": 1, "generated": 0, "bbox": {"xmin": 104, "ymin": 50, "ymax": 146, "xmax": 222}}], [{"tid": 0, "generated": 0, "bbox": {"xmin": 156, "ymin": 76, "ymax": 199, "xmax": 204}}, {"tid": 1, "generated": 0, "bbox": {"xmin": 112, "ymin": 48, "ymax": 162, "xmax": 231}}], [{"tid": 0, "generated": 0, "bbox": {"xmin": 155, "ymin": 78, "ymax": 200, "xmax": 202}}, {"tid": 1, "generated": 0, "bbox": {"xmin": 111, "ymin": 48, "ymax": 162, "xmax": 235}}], [{"tid": 0, "generated": 0, "bbox": {"xmin": 148, "ymin": 80, "ymax": 204, "xmax": 200}}, {"tid": 1, "generated": 0, "bbox": {"xmin": 120, "ymin": 60, "ymax": 172, "xmax": 236}}], [{"tid": 0, "generated": 0, "bbox": {"xmin": 148, "ymin": 80, "ymax": 206, "xmax": 199}}, {"tid": 1, "generated": 0, "bbox": {"xmin": 120, "ymin": 60, "ymax": 172, "xmax": 236}}], [{"tid": 0, "generated": 0, "bbox": {"xmin": 126, "ymin": 90, "ymax": 218, "xmax": 190}}, {"tid": 1, "generated": 0, "bbox": {"xmin": 124, "ymin": 68, "ymax": 162, "xmax": 240}}], [{"tid": 0, "generated": 0, "bbox": {"xmin": 128, "ymin": 92, "ymax": 216, "xmax": 188}}, {"tid": 1, "generated": 0, "bbox": {"xmin": 120, "ymin": 67, "ymax": 160, "xmax": 240}}], [{"tid": 0, "generated": 0, "bbox": {"xmin": 108, "ymin": 96, "ymax": 228, "xmax": 172}}, {"tid": 1, "generated": 0, "bbox": {"xmin": 131, "ymin": 67, "ymax": 150, "xmax": 244}}], [{"tid": 0, "generated": 0, "bbox": {"xmin": 108, "ymin": 96, "ymax": 230, "xmax": 172}}, {"tid": 1, "generated": 0, "bbox": {"xmin": 132, "ymin": 67, "ymax": 150, "xmax": 244}}], [{"tid": 0, "generated": 0, "bbox": {"xmin": 103, "ymin": 100, "ymax": 238, "xmax": 167}}, {"tid": 1, "generated": 0, "bbox": {"xmin": 135, "ymin": 60, "ymax": 156, "xmax": 240}}], [{"tid": 0, "generated": 0, "bbox": {"xmin": 103, "ymin": 99, "ymax": 236, "xmax": 167}}, {"tid": 1, "generated": 0, "bbox": {"xmin": 134, "ymin": 60, "ymax": 156, "xmax": 240}}], [{"tid": 0, "generated": 0, "bbox": {"xmin": 84, "ymin": 112, "ymax": 238, "xmax": 147}}, {"tid": 1, "generated": 0, "bbox": {"xmin": 134, "ymin": 54, "ymax": 176, "xmax": 246}}], [{"tid": 0, "generated": 0, "bbox": {"xmin": 83, "ymin": 112, "ymax": 236, "xmax": 147}}, {"tid": 1, "generated": 0, "bbox": {"xmin": 132, "ymin": 54, "ymax": 179, "xmax": 244}}], [{"tid": 0, "generated": 0, "bbox": {"xmin": 75, "ymin": 114, "ymax": 238, "xmax": 136}}, {"tid": 1, "generated": 0, "bbox": {"xmin": 131, "ymin": 62, "ymax": 179, "xmax": 255}}], [{"tid": 0, "generated": 0, "bbox": {"xmin": 72, "ymin": 108, "ymax": 236, "xmax": 136}}, {"tid": 1, "generated": 0, "bbox": {"xmin": 130, "ymin": 62, "ymax": 182, "xmax": 256}}], [{"tid": 0, "generated": 0, "bbox": {"xmin": 54, "ymin": 103, "ymax": 238, "xmax": 120}}, {"tid": 1, "generated": 0, "bbox": {"xmin": 134, "ymin": 72, "ymax": 186, "xmax": 260}}], [{"tid": 0, "generated": 0, "bbox": {"xmin": 54, "ymin": 100, "ymax": 239, "xmax": 122}}, {"tid": 1, "generated": 0, "bbox": {"xmin": 138, "ymin": 76, "ymax": 186, "xmax": 259}}], [{"tid": 0, "generated": 0, "bbox": {"xmin": 58, "ymin": 100, "ymax": 239, "xmax": 116}}, {"tid": 1, "generated": 0, "bbox": {"xmin": 134, "ymin": 79, "ymax": 187, "xmax": 268}}], [{"tid": 0, "generated": 0, "bbox": {"xmin": 56, "ymin": 100, "ymax": 239, "xmax": 116}}, {"tid": 1, "generated": 0, "bbox": {"xmin": 139, "ymin": 80, "ymax": 186, "xmax": 267}}], [{"tid": 0, "generated": 0, "bbox": {"xmin": 48, "ymin": 103, "ymax": 226, "xmax": 98}}, {"tid": 1, "generated": 0, "bbox": {"xmin": 168, "ymin": 76, "ymax": 144, "xmax": 274}}], [{"tid": 0, "generated": 0, "bbox": {"xmin": 48, "ymin": 102, "ymax": 227, "xmax": 98}}, {"tid": 1, "generated": 0, "bbox": {"xmin": 168, "ymin": 79, "ymax": 144, "xmax": 274}}], [{"tid": 0, "generated": 0, "bbox": {"xmin": 40, "ymin": 107, "ymax": 224, "xmax": 84}}, {"tid": 1, "generated": 0, "bbox": {"xmin": 160, "ymin": 74, "ymax": 147, "xmax": 275}}], [{"tid": 0, "generated": 0, "bbox": {"xmin": 35, "ymin": 107, "ymax": 224, "xmax": 84}}, {"tid": 1, "generated": 0, "bbox": {"xmin": 160, "ymin": 72, "ymax": 150, "xmax": 275}}], [{"tid": 0, "generated": 0, "bbox": {"xmin": 28, "ymin": 111, "ymax": 219, "xmax": 80}}, {"tid": 1, "generated": 0, "bbox": {"xmin": 168, "ymin": 71, "ymax": 156, "xmax": 286}}], [{"tid": 0, "generated": 0, "bbox": {"xmin": 28, "ymin": 112, "ymax": 216, "xmax": 80}}, {"tid": 1, "generated": 0, "bbox": {"xmin": 168, "ymin": 79, "ymax": 158, "xmax": 286}}], [{"tid": 0, "generated": 0, "bbox": {"xmin": 24, "ymin": 112, "ymax": 216, "xmax": 80}}, {"tid": 1, "generated": 0, "bbox": {"xmin": 167, "ymin": 76, "ymax": 160, "xmax": 287}}], [{"tid": 0, "generated": 0, "bbox": {"xmin": 19, "ymin": 114, "ymax": 216, "xmax": 80}}, {"tid": 1, "generated": 0, "bbox": {"xmin": 167, "ymin": 62, "ymax": 160, "xmax": 288}}], [{"tid": 0, "generated": 0, "bbox": {"xmin": 14, "ymin": 120, "ymax": 216, "xmax": 72}}, {"tid": 1, "generated": 0, "bbox": {"xmin": 175, "ymin": 76, "ymax": 172, "xmax": 303}}], [{"tid": 0, "generated": 0, "bbox": {"xmin": 14, "ymin": 122, "ymax": 216, "xmax": 72}}, {"tid": 1, "generated": 0, "bbox": {"xmin": 172, "ymin": 80, "ymax": 174, "xmax": 302}}], [{"tid": 0, "generated": 0, "bbox": {"xmin": 3, "ymin": 130, "ymax": 223, "xmax": 76}}, {"tid": 1, "generated": 0, "bbox": {"xmin": 175, "ymin": 88, "ymax": 175, "xmax": 316}}], [{"tid": 0, "generated": 0, "bbox": {"xmin": 0, "ymin": 131, "ymax": 224, "xmax": 76}}, {"tid": 1, "generated": 0, "bbox": {"xmin": 175, "ymin": 91, "ymax": 175, "xmax": 316}}], [{"tid": 0, "generated": 0, "bbox": {"xmin": 0, "ymin": 132, "ymax": 228, "xmax": 71}}, {"tid": 1, "generated": 0, "bbox": {"xmin": 204, "ymin": 92, "ymax": 164, "xmax": 311}}], [{"tid": 0, "generated": 0, "bbox": {"xmin": 0, "ymin": 132, "ymax": 228, "xmax": 68}}, {"tid": 1, "generated": 0, "bbox": {"xmin": 202, "ymin": 92, "ymax": 163, "xmax": 312}}], [{"tid": 0, "generated": 0, "bbox": {"xmin": 0, "ymin": 136, "ymax": 223, "xmax": 60}}, {"tid": 1, "generated": 0, "bbox": {"xmin": 196, "ymin": 92, "ymax": 162, "xmax": 312}}], [], [], [], [], [], [], [], [], [], [], [], [], [], [], [], [], [], [], [], [], [], [], [], [], [], [], [], [], [], [], [{"tid": 0, "generated": 0, "bbox": {"xmin": 0, "ymin": 98, "ymax": 168, "xmax": 72}}, {"tid": 1, "generated": 0, "bbox": {"xmin": 104, "ymin": 84, "ymax": 167, "xmax": 216}}], [{"tid": 0, "generated": 0, "bbox": {"xmin": 10, "ymin": 92, "ymax": 164, "xmax": 80}}, {"tid": 1, "generated": 0, "bbox": {"xmin": 104, "ymin": 84, "ymax": 168, "xmax": 215}}], [{"tid": 0, "generated": 0, "bbox": {"xmin": 11, "ymin": 92, "ymax": 164, "xmax": 80}}, {"tid": 1, "generated": 0, "bbox": {"xmin": 103, "ymin": 80, "ymax": 168, "xmax": 214}}], [{"tid": 0, "generated": 0, "bbox": {"xmin": 24, "ymin": 88, "ymax": 156, "xmax": 103}}, {"tid": 1, "generated": 0, "bbox": {"xmin": 100, "ymin": 84, "ymax": 167, "xmax": 212}}], [{"tid": 0, "generated": 0, "bbox": {"xmin": 26, "ymin": 87, "ymax": 154, "xmax": 104}}, {"tid": 1, "generated": 0, "bbox": {"xmin": 100, "ymin": 84, "ymax": 167, "xmax": 215}}], [{"tid": 0, "generated": 0, "bbox": {"xmin": 40, "ymin": 88, "ymax": 154, "xmax": 112}}, {"tid": 1, "generated": 0, "bbox": {"xmin": 100, "ymin": 82, "ymax": 167, "xmax": 216}}], [{"tid": 0, "generated": 0, "bbox": {"xmin": 42, "ymin": 88, "ymax": 159, "xmax": 112}}, {"tid": 1, "generated": 0, "bbox": {"xmin": 100, "ymin": 80, "ymax": 166, "xmax": 215}}], [{"tid": 0, "generated": 0, "bbox": {"xmin": 55, "ymin": 78, "ymax": 154, "xmax": 127}}, {"tid": 1, "generated": 0, "bbox": {"xmin": 100, "ymin": 78, "ymax": 167, "xmax": 214}}], [{"tid": 0, "generated": 0, "bbox": {"xmin": 48, "ymin": 76, "ymax": 154, "xmax": 128}}, {"tid": 1, "generated": 0, "bbox": {"xmin": 99, "ymin": 78, "ymax": 167, "xmax": 213}}], [{"tid": 0, "generated": 0, "bbox": {"xmin": 56, "ymin": 72, "ymax": 152, "xmax": 132}}, {"tid": 1, "generated": 0, "bbox": {"xmin": 99, "ymin": 79, "ymax": 167, "xmax": 212}}], [{"tid": 0, "generated": 0, "bbox": {"xmin": 56, "ymin": 68, "ymax": 152, "xmax": 132}}, {"tid": 1, "generated": 0, "bbox": {"xmin": 99, "ymin": 79, "ymax": 167, "xmax": 212}}], [{"tid": 0, "generated": 0, "bbox": {"xmin": 67, "ymin": 62, "ymax": 140, "xmax": 142}}, {"tid": 1, "generated": 0, "bbox": {"xmin": 96, "ymin": 76, "ymax": 163, "xmax": 212}}], [{"tid": 0, "generated": 0, "bbox": {"xmin": 68, "ymin": 60, "ymax": 139, "xmax": 144}}, {"tid": 1, "generated": 0, "bbox": {"xmin": 95, "ymin": 75, "ymax": 162, "xmax": 211}}], [{"tid": 0, "generated": 0, "bbox": {"xmin": 72, "ymin": 60, "ymax": 127, "xmax": 146}}, {"tid": 1, "generated": 0, "bbox": {"xmin": 94, "ymin": 72, "ymax": 163, "xmax": 208}}], [{"tid": 0, "generated": 0, "bbox": {"xmin": 73, "ymin": 60, "ymax": 126, "xmax": 146}}, {"tid": 1, "generated": 0, "bbox": {"xmin": 94, "ymin": 72, "ymax": 162, "xmax": 211}}], [{"tid": 0, "generated": 0, "bbox": {"xmin": 75, "ymin": 60, "ymax": 126, "xmax": 146}}, {"tid": 1, "generated": 0, "bbox": {"xmin": 92, "ymin": 75, "ymax": 162, "xmax": 208}}], [{"tid": 0, "generated": 0, "bbox": {"xmin": 75, "ymin": 60, "ymax": 124, "xmax": 146}}, {"tid": 1, "generated": 0, "bbox": {"xmin": 91, "ymin": 76, "ymax": 164, "xmax": 207}}], [{"tid": 0, "generated": 0, "bbox": {"xmin": 78, "ymin": 62, "ymax": 124, "xmax": 155}}, {"tid": 1, "generated": 0, "bbox": {"xmin": 90, "ymin": 78, "ymax": 166, "xmax": 208}}], [{"tid": 0, "generated": 0, "bbox": {"xmin": 80, "ymin": 63, "ymax": 124, "xmax": 155}}, {"tid": 1, "generated": 0, "bbox": {"xmin": 91, "ymin": 79, "ymax": 164, "xmax": 207}}], [{"tid": 0, "generated": 0, "bbox": {"xmin": 82, "ymin": 64, "ymax": 126, "xmax": 160}}, {"tid": 1, "generated": 0, "bbox": {"xmin": 92, "ymin": 79, "ymax": 167, "xmax": 212}}], [{"tid": 0, "generated": 0, "bbox": {"xmin": 87, "ymin": 64, "ymax": 124, "xmax": 160}}, {"tid": 1, "generated": 0, "bbox": {"xmin": 92, "ymin": 78, "ymax": 167, "xmax": 212}}], [{"tid": 0, "generated": 0, "bbox": {"xmin": 92, "ymin": 64, "ymax": 123, "xmax": 172}}, {"tid": 1, "generated": 0, "bbox": {"xmin": 95, "ymin": 76, "ymax": 168, "xmax": 216}}], [{"tid": 0, "generated": 0, "bbox": {"xmin": 94, "ymin": 64, "ymax": 123, "xmax": 174}}, {"tid": 1, "generated": 0, "bbox": {"xmin": 94, "ymin": 76, "ymax": 168, "xmax": 215}}], [{"tid": 0, "generated": 0, "bbox": {"xmin": 96, "ymin": 64, "ymax": 123, "xmax": 176}}, {"tid": 1, "generated": 0, "bbox": {"xmin": 95, "ymin": 76, "ymax": 167, "xmax": 215}}], [{"tid": 0, "generated": 0, "bbox": {"xmin": 96, "ymin": 62, "ymax": 120, "xmax": 175}}, {"tid": 1, "generated": 0, "bbox": {"xmin": 96, "ymin": 75, "ymax": 172, "xmax": 215}}], [{"tid": 0, "generated": 0, "bbox": {"xmin": 111, "ymin": 79, "ymax": 126, "xmax": 191}}, {"tid": 1, "generated": 0, "bbox": {"xmin": 98, "ymin": 90, "ymax": 182, "xmax": 220}}], [{"tid": 0, "generated": 0, "bbox": {"xmin": 112, "ymin": 79, "ymax": 127, "xmax": 192}}, {"tid": 1, "generated": 0, "bbox": {"xmin": 96, "ymin": 94, "ymax": 186, "xmax": 217}}], [{"tid": 0, "generated": 0, "bbox": {"xmin": 112, "ymin": 84, "ymax": 130, "xmax": 196}}, {"tid": 1, "generated": 0, "bbox": {"xmin": 95, "ymin": 98, "ymax": 190, "xmax": 214}}], [{"tid": 0, "generated": 0, "bbox": {"xmin": 122, "ymin": 87, "ymax": 134, "xmax": 198}}, {"tid": 1, "generated": 0, "bbox": {"xmin": 95, "ymin": 96, "ymax": 192, "xmax": 212}}], [{"tid": 0, "generated": 0, "bbox": {"xmin": 132, "ymin": 92, "ymax": 136, "xmax": 200}}, {"tid": 1, "generated": 0, "bbox": {"xmin": 90, "ymin": 112, "ymax": 200, "xmax": 212}}], [], [], [], [], [], [], [], [], [], [], [], [], [], [], [], [], [], [], [], [], [], [], [], [], [], [], [], [], [], [], [], [], [], [], [], [], [], [], [], [], [], [], [], [], [], [{"tid": 0, "generated": 0, "bbox": {"xmin": 192, "ymin": 44, "ymax": 146, "xmax": 310}}, {"tid": 1, "generated": 0, "bbox": {"xmin": 48, "ymin": 44, "ymax": 199, "xmax": 204}}], [{"tid": 0, "generated": 0, "bbox": {"xmin": 192, "ymin": 48, "ymax": 148, "xmax": 311}}, {"tid": 1, "generated": 0, "bbox": {"xmin": 51, "ymin": 47, "ymax": 199, "xmax": 204}}], [{"tid": 0, "generated": 0, "bbox": {"xmin": 192, "ymin": 52, "ymax": 152, "xmax": 312}}, {"tid": 1, "generated": 0, "bbox": {"xmin": 54, "ymin": 52, "ymax": 200, "xmax": 204}}], [{"tid": 0, "generated": 0, "bbox": {"xmin": 196, "ymin": 54, "ymax": 152, "xmax": 312}}, {"tid": 1, "generated": 0, "bbox": {"xmin": 55, "ymin": 52, "ymax": 200, "xmax": 208}}], [{"tid": 0, "generated": 0, "bbox": {"xmin": 198, "ymin": 56, "ymax": 155, "xmax": 314}}, {"tid": 1, "generated": 0, "bbox": {"xmin": 56, "ymin": 52, "ymax": 200, "xmax": 212}}], [{"tid": 0, "generated": 0, "bbox": {"xmin": 198, "ymin": 58, "ymax": 156, "xmax": 312}}, {"tid": 1, "generated": 0, "bbox": {"xmin": 54, "ymin": 54, "ymax": 202, "xmax": 211}}], [{"tid": 0, "generated": 0, "bbox": {"xmin": 198, "ymin": 60, "ymax": 159, "xmax": 312}}, {"tid": 1, "generated": 0, "bbox": {"xmin": 52, "ymin": 56, "ymax": 204, "xmax": 210}}], [{"tid": 0, "generated": 0, "bbox": {"xmin": 196, "ymin": 60, "ymax": 160, "xmax": 312}}, {"tid": 1, "generated": 0, "bbox": {"xmin": 53, "ymin": 57, "ymax": 205, "xmax": 209}}], [{"tid": 0, "generated": 0, "bbox": {"xmin": 196, "ymin": 62, "ymax": 160, "xmax": 312}}, {"tid": 1, "generated": 0, "bbox": {"xmin": 54, "ymin": 58, "ymax": 207, "xmax": 208}}], [{"tid": 0, "generated": 0, "bbox": {"xmin": 194, "ymin": 60, "ymax": 160, "xmax": 310}}, {"tid": 1, "generated": 0, "bbox": {"xmin": 53, "ymin": 58, "ymax": 205, "xmax": 207}}], [{"tid": 0, "generated": 0, "bbox": {"xmin": 192, "ymin": 59, "ymax": 160, "xmax": 308}}, {"tid": 1, "generated": 0, "bbox": {"xmin": 52, "ymin": 58, "ymax": 204, "xmax": 206}}], [{"tid": 0, "generated": 0, "bbox": {"xmin": 193, "ymin": 55, "ymax": 160, "xmax": 306}}, {"tid": 1, "generated": 0, "bbox": {"xmin": 52, "ymin": 58, "ymax": 206, "xmax": 203}}], [{"tid": 0, "generated": 0, "bbox": {"xmin": 194, "ymin": 52, "ymax": 160, "xmax": 304}}, {"tid": 1, "generated": 0, "bbox": {"xmin": 52, "ymin": 58, "ymax": 208, "xmax": 200}}], [{"tid": 0, "generated": 0, "bbox": {"xmin": 194, "ymin": 52, "ymax": 160, "xmax": 300}}, {"tid": 1, "generated": 0, "bbox": {"xmin": 52, "ymin": 58, "ymax": 207, "xmax": 200}}], [{"tid": 0, "generated": 0, "bbox": {"xmin": 192, "ymin": 52, "ymax": 160, "xmax": 296}}, {"tid": 1, "generated": 0, "bbox": {"xmin": 51, "ymin": 60, "ymax": 206, "xmax": 200}}], [{"tid": 0, "generated": 0, "bbox": {"xmin": 192, "ymin": 49, "ymax": 157, "xmax": 296}}, {"tid": 1, "generated": 0, "bbox": {"xmin": 50, "ymin": 60, "ymax": 206, "xmax": 196}}], [{"tid": 0, "generated": 0, "bbox": {"xmin": 192, "ymin": 47, "ymax": 155, "xmax": 296}}, {"tid": 1, "generated": 0, "bbox": {"xmin": 50, "ymin": 56, "ymax": 206, "xmax": 194}}], [{"tid": 0, "generated": 0, "bbox": {"xmin": 192, "ymin": 45, "ymax": 154, "xmax": 296}}, {"tid": 1, "generated": 0, "bbox": {"xmin": 51, "ymin": 55, "ymax": 205, "xmax": 195}}], [{"tid": 0, "generated": 0, "bbox": {"xmin": 192, "ymin": 44, "ymax": 154, "xmax": 296}}, {"tid": 1, "generated": 0, "bbox": {"xmin": 52, "ymin": 54, "ymax": 204, "xmax": 196}}], [{"tid": 0, "generated": 0, "bbox": {"xmin": 193, "ymin": 43, "ymax": 153, "xmax": 297}}, {"tid": 1, "generated": 0, "bbox": {"xmin": 53, "ymin": 53, "ymax": 200, "xmax": 196}}], [{"tid": 0, "generated": 0, "bbox": {"xmin": 195, "ymin": 43, "ymax": 152, "xmax": 299}}, {"tid": 1, "generated": 0, "bbox": {"xmin": 54, "ymin": 52, "ymax": 196, "xmax": 196}}], [{"tid": 0, "generated": 0, "bbox": {"xmin": 195, "ymin": 43, "ymax": 152, "xmax": 299}}, {"tid": 1, "generated": 0, "bbox": {"xmin": 53, "ymin": 52, "ymax": 196, "xmax": 197}}], [{"tid": 0, "generated": 0, "bbox": {"xmin": 196, "ymin": 43, "ymax": 152, "xmax": 300}}, {"tid": 1, "generated": 0, "bbox": {"xmin": 52, "ymin": 52, "ymax": 196, "xmax": 199}}], [{"tid": 0, "generated": 0, "bbox": {"xmin": 196, "ymin": 44, "ymax": 152, "xmax": 300}}, {"tid": 1, "generated": 0, "bbox": {"xmin": 53, "ymin": 54, "ymax": 196, "xmax": 203}}], [{"tid": 0, "generated": 0, "bbox": {"xmin": 196, "ymin": 46, "ymax": 152, "xmax": 300}}, {"tid": 1, "generated": 0, "bbox": {"xmin": 55, "ymin": 56, "ymax": 196, "xmax": 208}}], [{"tid": 0, "generated": 0, "bbox": {"xmin": 196, "ymin": 46, "ymax": 153, "xmax": 300}}, {"tid": 1, "generated": 0, "bbox": {"xmin": 55, "ymin": 58, "ymax": 197, "xmax": 212}}], [{"tid": 0, "generated": 0, "bbox": {"xmin": 196, "ymin": 47, "ymax": 154, "xmax": 300}}, {"tid": 1, "generated": 0, "bbox": {"xmin": 55, "ymin": 60, "ymax": 198, "xmax": 216}}], [{"tid": 0, "generated": 0, "bbox": {"xmin": 197, "ymin": 45, "ymax": 153, "xmax": 298}}, {"tid": 1, "generated": 0, "bbox": {"xmin": 52, "ymin": 62, "ymax": 196, "xmax": 216}}], [{"tid": 0, "generated": 0, "bbox": {"xmin": 199, "ymin": 44, "ymax": 152, "xmax": 296}}, {"tid": 1, "generated": 0, "bbox": {"xmin": 50, "ymin": 64, "ymax": 196, "xmax": 224}}], [{"tid": 0, "generated": 0, "bbox": {"xmin": 197, "ymin": 44, "ymax": 152, "xmax": 293}}, {"tid": 1, "generated": 0, "bbox": {"xmin": 47, "ymin": 64, "ymax": 196, "xmax": 222}}], [], [], [], [], [], [], [], [], [], [], [], [], [], [], [], [], [], [], [], [], [], [], [], [], [], [], [], [], [], [], [], [], [], [], [], [], [], [], [], [], [], [], [], [], [], [], [], [], [], [], [], [], [], [], [], [], [], [], [], [], [], [], [], [], [], [], [], [], [], [], [], [], [], [], [], [], [], [], [], [], [], [], [], [], [], [], [], [], [], [], [], [], [], [], [], [], [], [], [], [], [], [], [], [], [], [{"tid": 0, "generated": 0, "bbox": {"xmin": 88, "ymin": 84, "ymax": 186, "xmax": 168}}, {"tid": 1, "generated": 0, "bbox": {"xmin": 211, "ymin": 32, "ymax": 123, "xmax": 270}}], [{"tid": 0, "generated": 0, "bbox": {"xmin": 87, "ymin": 80, "ymax": 172, "xmax": 163}}, {"tid": 1, "generated": 0, "bbox": {"xmin": 200, "ymin": 28, "ymax": 124, "xmax": 260}}], [{"tid": 0, "generated": 0, "bbox": {"xmin": 87, "ymin": 80, "ymax": 168, "xmax": 164}}, {"tid": 1, "generated": 0, "bbox": {"xmin": 203, "ymin": 28, "ymax": 123, "xmax": 260}}], [{"tid": 0, "generated": 0, "bbox": {"xmin": 88, "ymin": 78, "ymax": 168, "xmax": 160}}, {"tid": 1, "generated": 0, "bbox": {"xmin": 190, "ymin": 27, "ymax": 126, "xmax": 246}}], [{"tid": 0, "generated": 0, "bbox": {"xmin": 88, "ymin": 79, "ymax": 164, "xmax": 160}}, {"tid": 1, "generated": 0, "bbox": {"xmin": 188, "ymin": 27, "ymax": 124, "xmax": 246}}], [{"tid": 0, "generated": 0, "bbox": {"xmin": 132, "ymin": 131, "ymax": 215, "xmax": 183}}, {"tid": 1, "generated": 0, "bbox": {"xmin": 148, "ymin": 68, "ymax": 160, "xmax": 186}}], [{"tid": 0, "generated": 0, "bbox": {"xmin": 152, "ymin": 120, "ymax": 216, "xmax": 195}}, {"tid": 1, "generated": 0, "bbox": {"xmin": 155, "ymin": 80, "ymax": 172, "xmax": 195}}], [{"tid": 0, "generated": 0, "bbox": {"xmin": 152, "ymin": 120, "ymax": 216, "xmax": 196}}, {"tid": 1, "generated": 0, "bbox": {"xmin": 156, "ymin": 80, "ymax": 171, "xmax": 194}}], [{"tid": 0, "generated": 0, "bbox": {"xmin": 146, "ymin": 132, "ymax": 224, "xmax": 188}}, {"tid": 1, "generated": 0, "bbox": {"xmin": 154, "ymin": 92, "ymax": 176, "xmax": 188}}], [{"tid": 0, "generated": 0, "bbox": {"xmin": 147, "ymin": 132, "ymax": 223, "xmax": 188}}, {"tid": 1, "generated": 0, "bbox": {"xmin": 151, "ymin": 99, "ymax": 176, "xmax": 184}}], [{"tid": 0, "generated": 0, "bbox": {"xmin": 146, "ymin": 140, "ymax": 230, "xmax": 188}}, {"tid": 1, "generated": 0, "bbox": {"xmin": 148, "ymin": 111, "ymax": 179, "xmax": 180}}], [{"tid": 0, "generated": 0, "bbox": {"xmin": 144, "ymin": 140, "ymax": 230, "xmax": 188}}, {"tid": 1, "generated": 0, "bbox": {"xmin": 150, "ymin": 111, "ymax": 178, "xmax": 180}}], [{"tid": 0, "generated": 0, "bbox": {"xmin": 140, "ymin": 136, "ymax": 231, "xmax": 183}}, {"tid": 1, "generated": 0, "bbox": {"xmin": 144, "ymin": 116, "ymax": 180, "xmax": 176}}], [{"tid": 0, "generated": 0, "bbox": {"xmin": 142, "ymin": 135, "ymax": 232, "xmax": 182}}, {"tid": 1, "generated": 0, "bbox": {"xmin": 136, "ymin": 116, "ymax": 186, "xmax": 176}}], [{"tid": 0, "generated": 0, "bbox": {"xmin": 120, "ymin": 130, "ymax": 236, "xmax": 172}}, {"tid": 1, "generated": 0, "bbox": {"xmin": 122, "ymin": 120, "ymax": 206, "xmax": 174}}], [{"tid": 0, "generated": 0, "bbox": {"xmin": 120, "ymin": 131, "ymax": 236, "xmax": 172}}, {"tid": 1, "generated": 0, "bbox": {"xmin": 122, "ymin": 120, "ymax": 202, "xmax": 176}}], [{"tid": 0, "generated": 0, "bbox": {"xmin": 131, "ymin": 135, "ymax": 238, "xmax": 192}}, {"tid": 1, "generated": 0, "bbox": {"xmin": 120, "ymin": 134, "ymax": 212, "xmax": 186}}], [{"tid": 0, "generated": 0, "bbox": {"xmin": 128, "ymin": 136, "ymax": 236, "xmax": 192}}, {"tid": 1, "generated": 0, "bbox": {"xmin": 119, "ymin": 137, "ymax": 220, "xmax": 180}}], [{"tid": 0, "generated": 0, "bbox": {"xmin": 139, "ymin": 139, "ymax": 239, "xmax": 204}}, {"tid": 1, "generated": 0, "bbox": {"xmin": 119, "ymin": 140, "ymax": 228, "xmax": 174}}], [{"tid": 0, "generated": 0, "bbox": {"xmin": 139, "ymin": 140, "ymax": 239, "xmax": 203}}, {"tid": 1, "generated": 0, "bbox": {"xmin": 118, "ymin": 140, "ymax": 230, "xmax": 172}}], [{"tid": 0, "generated": 0, "bbox": {"xmin": 162, "ymin": 144, "ymax": 239, "xmax": 222}}, {"tid": 1, "generated": 0, "bbox": {"xmin": 115, "ymin": 144, "ymax": 239, "xmax": 192}}], [{"tid": 0, "generated": 0, "bbox": {"xmin": 163, "ymin": 146, "ymax": 238, "xmax": 222}}, {"tid": 1, "generated": 0, "bbox": {"xmin": 115, "ymin": 140, "ymax": 238, "xmax": 184}}], [{"tid": 0, "generated": 0, "bbox": {"xmin": 175, "ymin": 134, "ymax": 238, "xmax": 232}}, {"tid": 1, "generated": 0, "bbox": {"xmin": 112, "ymin": 123, "ymax": 239, "xmax": 192}}], [{"tid": 0, "generated": 0, "bbox": {"xmin": 175, "ymin": 135, "ymax": 239, "xmax": 232}}, {"tid": 1, "generated": 0, "bbox": {"xmin": 114, "ymin": 124, "ymax": 238, "xmax": 192}}], [{"tid": 0, "generated": 0, "bbox": {"xmin": 175, "ymin": 111, "ymax": 232, "xmax": 255}}, {"tid": 1, "generated": 0, "bbox": {"xmin": 110, "ymin": 92, "ymax": 232, "xmax": 228}}], [{"tid": 0, "generated": 0, "bbox": {"xmin": 179, "ymin": 112, "ymax": 228, "xmax": 256}}, {"tid": 1, "generated": 0, "bbox": {"xmin": 108, "ymin": 91, "ymax": 236, "xmax": 228}}], [{"tid": 0, "generated": 0, "bbox": {"xmin": 182, "ymin": 102, "ymax": 224, "xmax": 266}}, {"tid": 1, "generated": 0, "bbox": {"xmin": 100, "ymin": 88, "ymax": 227, "xmax": 228}}], [{"tid": 0, "generated": 0, "bbox": {"xmin": 184, "ymin": 102, "ymax": 223, "xmax": 267}}, {"tid": 1, "generated": 0, "bbox": {"xmin": 100, "ymin": 87, "ymax": 224, "xmax": 227}}], [{"tid": 0, "generated": 0, "bbox": {"xmin": 188, "ymin": 78, "ymax": 204, "xmax": 268}}, {"tid": 1, "generated": 0, "bbox": {"xmin": 123, "ymin": 64, "ymax": 178, "xmax": 226}}], [{"tid": 0, "generated": 0, "bbox": {"xmin": 188, "ymin": 79, "ymax": 204, "xmax": 268}}, {"tid": 1, "generated": 0, "bbox": {"xmin": 124, "ymin": 64, "ymax": 176, "xmax": 227}}], [], [], [], [], [], [], [], [], [], [], [], [], [], [], [], [], [], [], [], [], [], [], [], [], [], [], [], [], [], [], [], [], [], [], [], [], [], [], [], [], [], [], [], [], [], [{"tid": 0, "generated": 0, "bbox": {"xmin": 112, "ymin": 108, "ymax": 208, "xmax": 152}}, {"tid": 1, "generated": 0, "bbox": {"xmin": 174, "ymin": 0, "ymax": 74, "xmax": 208}}], [{"tid": 0, "generated": 0, "bbox": {"xmin": 112, "ymin": 116, "ymax": 206, "xmax": 152}}, {"tid": 1, "generated": 0, "bbox": {"xmin": 171, "ymin": 12, "ymax": 90, "xmax": 203}}], [{"tid": 0, "generated": 0, "bbox": {"xmin": 112, "ymin": 118, "ymax": 207, "xmax": 152}}, {"tid": 1, "generated": 0, "bbox": {"xmin": 172, "ymin": 14, "ymax": 91, "xmax": 202}}], [{"tid": 0, "generated": 0, "bbox": {"xmin": 116, "ymin": 126, "ymax": 216, "xmax": 160}}, {"tid": 1, "generated": 0, "bbox": {"xmin": 175, "ymin": 24, "ymax": 84, "xmax": 203}}], [{"tid": 0, "generated": 0, "bbox": {"xmin": 118, "ymin": 124, "ymax": 216, "xmax": 160}}, {"tid": 1, "generated": 0, "bbox": {"xmin": 172, "ymin": 24, "ymax": 83, "xmax": 200}}], [{"tid": 0, "generated": 0, "bbox": {"xmin": 127, "ymin": 131, "ymax": 228, "xmax": 159}}, {"tid": 1, "generated": 0, "bbox": {"xmin": 175, "ymin": 24, "ymax": 87, "xmax": 203}}], [{"tid": 0, "generated": 0, "bbox": {"xmin": 128, "ymin": 132, "ymax": 228, "xmax": 160}}, {"tid": 1, "generated": 0, "bbox": {"xmin": 174, "ymin": 24, "ymax": 84, "xmax": 203}}], [{"tid": 0, "generated": 0, "bbox": {"xmin": 130, "ymin": 136, "ymax": 228, "xmax": 162}}, {"tid": 1, "generated": 0, "bbox": {"xmin": 176, "ymin": 28, "ymax": 91, "xmax": 204}}], [{"tid": 0, "generated": 0, "bbox": {"xmin": 132, "ymin": 136, "ymax": 228, "xmax": 164}}, {"tid": 1, "generated": 0, "bbox": {"xmin": 175, "ymin": 28, "ymax": 92, "xmax": 203}}], [{"tid": 0, "generated": 0, "bbox": {"xmin": 134, "ymin": 140, "ymax": 239, "xmax": 168}}, {"tid": 1, "generated": 0, "bbox": {"xmin": 180, "ymin": 39, "ymax": 111, "xmax": 208}}], [{"tid": 0, "generated": 0, "bbox": {"xmin": 136, "ymin": 140, "ymax": 239, "xmax": 168}}, {"tid": 1, "generated": 0, "bbox": {"xmin": 180, "ymin": 40, "ymax": 108, "xmax": 207}}], [{"tid": 0, "generated": 0, "bbox": {"xmin": 147, "ymin": 142, "ymax": 235, "xmax": 180}}, {"tid": 1, "generated": 0, "bbox": {"xmin": 182, "ymin": 44, "ymax": 107, "xmax": 216}}], [{"tid": 0, "generated": 0, "bbox": {"xmin": 146, "ymin": 140, "ymax": 234, "xmax": 180}}, {"tid": 1, "generated": 0, "bbox": {"xmin": 183, "ymin": 44, "ymax": 107, "xmax": 216}}], [{"tid": 0, "generated": 0, "bbox": {"xmin": 155, "ymin": 140, "ymax": 239, "xmax": 188}}, {"tid": 1, "generated": 0, "bbox": {"xmin": 184, "ymin": 47, "ymax": 95, "xmax": 215}}], [{"tid": 0, "generated": 0, "bbox": {"xmin": 155, "ymin": 140, "ymax": 239, "xmax": 188}}, {"tid": 1, "generated": 0, "bbox": {"xmin": 184, "ymin": 48, "ymax": 95, "xmax": 214}}], [{"tid": 0, "generated": 0, "bbox": {"xmin": 158, "ymin": 128, "ymax": 239, "xmax": 194}}, {"tid": 1, "generated": 0, "bbox": {"xmin": 180, "ymin": 40, "ymax": 90, "xmax": 212}}], [{"tid": 0, "generated": 0, "bbox": {"xmin": 159, "ymin": 130, "ymax": 238, "xmax": 194}}, {"tid": 1, "generated": 0, "bbox": {"xmin": 180, "ymin": 40, "ymax": 91, "xmax": 211}}], [{"tid": 0, "generated": 0, "bbox": {"xmin": 164, "ymin": 124, "ymax": 232, "xmax": 198}}, {"tid": 1, "generated": 0, "bbox": {"xmin": 180, "ymin": 32, "ymax": 91, "xmax": 215}}], [{"tid": 0, "generated": 0, "bbox": {"xmin": 166, "ymin": 124, "ymax": 234, "xmax": 199}}, {"tid": 1, "generated": 0, "bbox": {"xmin": 180, "ymin": 32, "ymax": 92, "xmax": 212}}], [{"tid": 0, "generated": 0, "bbox": {"xmin": 174, "ymin": 120, "ymax": 222, "xmax": 204}}, {"tid": 1, "generated": 0, "bbox": {"xmin": 184, "ymin": 39, "ymax": 92, "xmax": 215}}], [{"tid": 0, "generated": 0, "bbox": {"xmin": 174, "ymin": 119, "ymax": 222, "xmax": 204}}, {"tid": 1, "generated": 0, "bbox": {"xmin": 186, "ymin": 40, "ymax": 96, "xmax": 216}}], [{"tid": 0, "generated": 0, "bbox": {"xmin": 168, "ymin": 118, "ymax": 218, "xmax": 200}}, {"tid": 1, "generated": 0, "bbox": {"xmin": 179, "ymin": 44, "ymax": 100, "xmax": 215}}], [{"tid": 0, "generated": 0, "bbox": {"xmin": 168, "ymin": 118, "ymax": 216, "xmax": 202}}, {"tid": 1, "generated": 0, "bbox": {"xmin": 180, "ymin": 44, "ymax": 100, "xmax": 215}}], [{"tid": 0, "generated": 0, "bbox": {"xmin": 160, "ymin": 111, "ymax": 196, "xmax": 203}}, {"tid": 1, "generated": 0, "bbox": {"xmin": 163, "ymin": 30, "ymax": 92, "xmax": 214}}], [{"tid": 0, "generated": 0, "bbox": {"xmin": 162, "ymin": 110, "ymax": 188, "xmax": 203}}, {"tid": 1, "generated": 0, "bbox": {"xmin": 164, "ymin": 30, "ymax": 92, "xmax": 214}}], [{"tid": 0, "generated": 0, "bbox": {"xmin": 162, "ymin": 104, "ymax": 180, "xmax": 196}}, {"tid": 1, "generated": 0, "bbox": {"xmin": 159, "ymin": 19, "ymax": 68, "xmax": 200}}], [{"tid": 0, "generated": 0, "bbox": {"xmin": 162, "ymin": 96, "ymax": 180, "xmax": 196}}, {"tid": 1, "generated": 0, "bbox": {"xmin": 163, "ymin": 16, "ymax": 68, "xmax": 200}}], [{"tid": 0, "generated": 0, "bbox": {"xmin": 163, "ymin": 88, "ymax": 180, "xmax": 196}}, {"tid": 1, "generated": 0, "bbox": {"xmin": 156, "ymin": 8, "ymax": 60, "xmax": 192}}], [{"tid": 0, "generated": 0, "bbox": {"xmin": 160, "ymin": 84, "ymax": 179, "xmax": 196}}, {"tid": 1, "generated": 0, "bbox": {"xmin": 156, "ymin": 8, "ymax": 62, "xmax": 192}}], [{"tid": 0, "generated": 0, "bbox": {"xmin": 164, "ymin": 80, "ymax": 168, "xmax": 198}}, {"tid": 1, "generated": 0, "bbox": {"xmin": 156, "ymin": 7, "ymax": 62, "xmax": 192}}], [], [], [], [], [], [], [], [], [], [], [], [], [], [], [], [], [], [], [], [], [], [], [], [], [], [], [], [], [], [], [], [], [], [], [], [], [], [], [], [], [], [], [], [], [], [], [], [], [], [], [], [], [], [], [], [], [], [], [], [], [{"tid": 0, "generated": 0, "bbox": {"xmin": 188, "ymin": 96, "ymax": 207, "xmax": 256}}, {"tid": 1, "generated": 0, "bbox": {"xmin": 76, "ymin": 87, "ymax": 210, "xmax": 167}}], [{"tid": 0, "generated": 0, "bbox": {"xmin": 188, "ymin": 104, "ymax": 212, "xmax": 258}}, {"tid": 1, "generated": 0, "bbox": {"xmin": 68, "ymin": 91, "ymax": 172, "xmax": 144}}], [{"tid": 0, "generated": 0, "bbox": {"xmin": 187, "ymin": 104, "ymax": 212, "xmax": 258}}, {"tid": 1, "generated": 0, "bbox": {"xmin": 64, "ymin": 92, "ymax": 172, "xmax": 143}}], [{"tid": 0, "generated": 0, "bbox": {"xmin": 194, "ymin": 108, "ymax": 218, "xmax": 266}}, {"tid": 1, "generated": 0, "bbox": {"xmin": 59, "ymin": 71, "ymax": 184, "xmax": 130}}], [{"tid": 0, "generated": 0, "bbox": {"xmin": 192, "ymin": 108, "ymax": 216, "xmax": 266}}, {"tid": 1, "generated": 0, "bbox": {"xmin": 60, "ymin": 71, "ymax": 180, "xmax": 132}}], [{"tid": 0, "generated": 0, "bbox": {"xmin": 196, "ymin": 108, "ymax": 215, "xmax": 274}}, {"tid": 1, "generated": 0, "bbox": {"xmin": 63, "ymin": 60, "ymax": 176, "xmax": 136}}], [{"tid": 0, "generated": 0, "bbox": {"xmin": 198, "ymin": 108, "ymax": 216, "xmax": 274}}, {"tid": 1, "generated": 0, "bbox": {"xmin": 64, "ymin": 58, "ymax": 176, "xmax": 135}}], [{"tid": 0, "generated": 0, "bbox": {"xmin": 199, "ymin": 107, "ymax": 214, "xmax": 274}}, {"tid": 1, "generated": 0, "bbox": {"xmin": 64, "ymin": 40, "ymax": 174, "xmax": 134}}], [{"tid": 0, "generated": 0, "bbox": {"xmin": 199, "ymin": 106, "ymax": 212, "xmax": 274}}, {"tid": 1, "generated": 0, "bbox": {"xmin": 68, "ymin": 42, "ymax": 172, "xmax": 134}}], [{"tid": 0, "generated": 0, "bbox": {"xmin": 196, "ymin": 100, "ymax": 206, "xmax": 274}}, {"tid": 1, "generated": 0, "bbox": {"xmin": 55, "ymin": 40, "ymax": 167, "xmax": 132}}], [{"tid": 0, "generated": 0, "bbox": {"xmin": 196, "ymin": 103, "ymax": 207, "xmax": 275}}, {"tid": 1, "generated": 0, "bbox": {"xmin": 56, "ymin": 36, "ymax": 167, "xmax": 132}}], [{"tid": 0, "generated": 0, "bbox": {"xmin": 194, "ymin": 96, "ymax": 198, "xmax": 272}}, {"tid": 1, "generated": 0, "bbox": {"xmin": 48, "ymin": 32, "ymax": 166, "xmax": 130}}], [{"tid": 0, "generated": 0, "bbox": {"xmin": 194, "ymin": 96, "ymax": 200, "xmax": 274}}, {"tid": 1, "generated": 0, "bbox": {"xmin": 50, "ymin": 32, "ymax": 164, "xmax": 132}}], [{"tid": 0, "generated": 0, "bbox": {"xmin": 184, "ymin": 94, "ymax": 198, "xmax": 264}}, {"tid": 1, "generated": 0, "bbox": {"xmin": 32, "ymin": 43, "ymax": 174, "xmax": 118}}], [{"tid": 0, "generated": 0, "bbox": {"xmin": 183, "ymin": 95, "ymax": 195, "xmax": 263}}, {"tid": 1, "generated": 0, "bbox": {"xmin": 28, "ymin": 45, "ymax": 173, "xmax": 117}}], [{"tid": 0, "generated": 0, "bbox": {"xmin": 188, "ymin": 92, "ymax": 195, "xmax": 264}}, {"tid": 1, "generated": 0, "bbox": {"xmin": 24, "ymin": 48, "ymax": 172, "xmax": 116}}], [{"tid": 0, "generated": 0, "bbox": {"xmin": 188, "ymin": 92, "ymax": 192, "xmax": 266}}, {"tid": 1, "generated": 0, "bbox": {"xmin": 26, "ymin": 47, "ymax": 170, "xmax": 115}}], [{"tid": 0, "generated": 0, "bbox": {"xmin": 200, "ymin": 83, "ymax": 178, "xmax": 280}}, {"tid": 1, "generated": 0, "bbox": {"xmin": 31, "ymin": 56, "ymax": 172, "xmax": 132}}], [{"tid": 0, "generated": 0, "bbox": {"xmin": 202, "ymin": 84, "ymax": 174, "xmax": 280}}, {"tid": 1, "generated": 0, "bbox": {"xmin": 39, "ymin": 62, "ymax": 171, "xmax": 131}}], [{"tid": 0, "generated": 0, "bbox": {"xmin": 207, "ymin": 76, "ymax": 168, "xmax": 288}}, {"tid": 1, "generated": 0, "bbox": {"xmin": 36, "ymin": 54, "ymax": 144, "xmax": 111}}], [{"tid": 0, "generated": 0, "bbox": {"xmin": 207, "ymin": 76, "ymax": 172, "xmax": 290}}, {"tid": 1, "generated": 0, "bbox": {"xmin": 36, "ymin": 46, "ymax": 147, "xmax": 112}}], [{"tid": 0, "generated": 0, "bbox": {"xmin": 214, "ymin": 67, "ymax": 151, "xmax": 296}}, {"tid": 1, "generated": 0, "bbox": {"xmin": 44, "ymin": 31, "ymax": 148, "xmax": 119}}], [{"tid": 0, "generated": 0, "bbox": {"xmin": 215, "ymin": 66, "ymax": 146, "xmax": 296}}, {"tid": 1, "generated": 0, "bbox": {"xmin": 48, "ymin": 28, "ymax": 151, "xmax": 120}}], [{"tid": 0, "generated": 0, "bbox": {"xmin": 220, "ymin": 64, "ymax": 142, "xmax": 306}}, {"tid": 1, "generated": 0, "bbox": {"xmin": 52, "ymin": 28, "ymax": 143, "xmax": 120}}], [{"tid": 0, "generated": 0, "bbox": {"xmin": 220, "ymin": 64, "ymax": 142, "xmax": 306}}, {"tid": 1, "generated": 0, "bbox": {"xmin": 44, "ymin": 28, "ymax": 142, "xmax": 119}}], [{"tid": 0, "generated": 0, "bbox": {"xmin": 220, "ymin": 80, "ymax": 156, "xmax": 299}}, {"tid": 1, "generated": 0, "bbox": {"xmin": 52, "ymin": 24, "ymax": 156, "xmax": 132}}], [{"tid": 0, "generated": 0, "bbox": {"xmin": 220, "ymin": 82, "ymax": 158, "xmax": 298}}, {"tid": 1, "generated": 0, "bbox": {"xmin": 54, "ymin": 26, "ymax": 155, "xmax": 131}}], [{"tid": 0, "generated": 0, "bbox": {"xmin": 224, "ymin": 84, "ymax": 160, "xmax": 303}}, {"tid": 1, "generated": 0, "bbox": {"xmin": 55, "ymin": 28, "ymax": 164, "xmax": 140}}], [{"tid": 0, "generated": 0, "bbox": {"xmin": 226, "ymin": 84, "ymax": 159, "xmax": 304}}, {"tid": 1, "generated": 0, "bbox": {"xmin": 56, "ymin": 28, "ymax": 163, "xmax": 140}}], [{"tid": 0, "generated": 0, "bbox": {"xmin": 231, "ymin": 92, "ymax": 159, "xmax": 307}}, {"tid": 1, "generated": 0, "bbox": {"xmin": 52, "ymin": 31, "ymax": 176, "xmax": 148}}]], "subject/objects": [{"category": "bird", "tid": 0}, {"category": "rabbit", "tid": 1}], "relation_instances": [{"end_fid": 120, "subject_tid": 0, "predicate": "walk_next_to", "begin_fid": 90, "object_tid": 1}, {"end_fid": 120, "subject_tid": 0, "predicate": "walk_past", "begin_fid": 90, "object_tid": 1}, {"end_fid": 120, "subject_tid": 0, "predicate": "walk_behind", "begin_fid": 90, "object_tid": 1}, {"end_fid": 120, "subject_tid": 0, "predicate": "play", "begin_fid": 90, "object_tid": 1}, {"end_fid": 120, "subject_tid": 1, "predicate": "sit_next_to", "begin_fid": 90, "object_tid": 0}, {"end_fid": 120, "subject_tid": 1, "predicate": "sit_front", "begin_fid": 90, "object_tid": 0}, {"end_fid": 150, "subject_tid": 0, "predicate": "walk_next_to", "begin_fid": 120, "object_tid": 1}, {"end_fid": 150, "subject_tid": 0, "predicate": "walk_behind", "begin_fid": 120, "object_tid": 1}, {"end_fid": 150, "subject_tid": 0, "predicate": "follow", "begin_fid": 120, "object_tid": 1}, {"end_fid": 150, "subject_tid": 1, "predicate": "walk_next_to", "begin_fid": 120, "object_tid": 0}, {"end_fid": 150, "subject_tid": 1, "predicate": "walk_front", "begin_fid": 120, "object_tid": 0}, {"end_fid": 180, "subject_tid": 0, "predicate": "walk_next_to", "begin_fid": 150, "object_tid": 1}, {"end_fid": 180, "subject_tid": 0, "predicate": "walk_behind", "begin_fid": 150, "object_tid": 1}, {"end_fid": 180, "subject_tid": 0, "predicate": "walk_toward", "begin_fid": 150, "object_tid": 1}, {"end_fid": 180, "subject_tid": 1, "predicate": "walk_next_to", "begin_fid": 150, "object_tid": 0}, {"end_fid": 180, "subject_tid": 1, "predicate": "walk_front", "begin_fid": 150, "object_tid": 0}, {"end_fid": 360, "subject_tid": 0, "predicate": "stand_right", "begin_fid": 330, "object_tid": 1}, {"end_fid": 360, "subject_tid": 0, "predicate": "stand_next_to", "begin_fid": 330, "object_tid": 1}, {"end_fid": 360, "subject_tid": 1, "predicate": "walk_next_to", "begin_fid": 330, "object_tid": 0}, {"end_fid": 360, "subject_tid": 1, "predicate": "walk_past", "begin_fid": 330, "object_tid": 0}, {"end_fid": 360, "subject_tid": 1, "predicate": "walk_left", "begin_fid": 330, "object_tid": 0}, {"end_fid": 405, "subject_tid": 0, "predicate": "walk_right", "begin_fid": 375, "object_tid": 1}, {"end_fid": 405, "subject_tid": 0, "predicate": "walk_next_to", "begin_fid": 375, "object_tid": 1}, {"end_fid": 405, "subject_tid": 0, "predicate": "walk_past", "begin_fid": 375, "object_tid": 1}, {"end_fid": 405, "subject_tid": 1, "predicate": "sit_next_to", "begin_fid": 375, "object_tid": 0}, {"end_fid": 405, "subject_tid": 1, "predicate": "sit_left", "begin_fid": 375, "object_tid": 0}, {"end_fid": 450, "subject_tid": 0, "predicate": "stand_next_to", "begin_fid": 420, "object_tid": 1}, {"end_fid": 450, "subject_tid": 0, "predicate": "stand_front", "begin_fid": 420, "object_tid": 1}, {"end_fid": 450, "subject_tid": 1, "predicate": "walk_next_to", "begin_fid": 420, "object_tid": 0}, {"end_fid": 450, "subject_tid": 1, "predicate": "walk_past", "begin_fid": 420, "object_tid": 0}, {"end_fid": 450, "subject_tid": 1, "predicate": "walk_behind", "begin_fid": 420, "object_tid": 0}, {"end_fid": 465, "subject_tid": 0, "predicate": "walk_left", "begin_fid": 435, "object_tid": 1}, {"end_fid": 465, "subject_tid": 0, "predicate": "chase", "begin_fid": 435, "object_tid": 1}, {"end_fid": 465, "subject_tid": 1, "predicate": "walk_right", "begin_fid": 435, "object_tid": 0}, {"end_fid": 465, "subject_tid": 1, "predicate": "walk_away", "begin_fid": 435, "object_tid": 0}, {"end_fid": 465, "subject_tid": 1, "predicate": "faster", "begin_fid": 435, "object_tid": 0}, {"end_fid": 525, "subject_tid": 0, "predicate": "walk_next_to", "begin_fid": 495, "object_tid": 1}, {"end_fid": 525, "subject_tid": 0, "predicate": "walk_past", "begin_fid": 495, "object_tid": 1}, {"end_fid": 525, "subject_tid": 0, "predicate": "walk_behind", "begin_fid": 495, "object_tid": 1}, {"end_fid": 525, "subject_tid": 0, "predicate": "chase", "begin_fid": 495, "object_tid": 1}, {"end_fid": 525, "subject_tid": 1, "predicate": "sit_next_to", "begin_fid": 495, "object_tid": 0}, {"end_fid": 525, "subject_tid": 1, "predicate": "sit_front", "begin_fid": 495, "object_tid": 0}, {"end_fid": 600, "subject_tid": 0, "predicate": "stand_right", "begin_fid": 570, "object_tid": 1}, {"end_fid": 600, "subject_tid": 0, "predicate": "stand_next_to", "begin_fid": 570, "object_tid": 1}, {"end_fid": 600, "subject_tid": 1, "predicate": "sit_next_to", "begin_fid": 570, "object_tid": 0}, {"end_fid": 600, "subject_tid": 1, "predicate": "sit_left", "begin_fid": 570, "object_tid": 0}, {"end_fid": 735, "subject_tid": 0, "predicate": "run_right", "begin_fid": 705, "object_tid": 1}, {"end_fid": 735, "subject_tid": 0, "predicate": "run_next_to", "begin_fid": 705, "object_tid": 1}, {"end_fid": 735, "subject_tid": 0, "predicate": "run_past", "begin_fid": 705, "object_tid": 1}, {"end_fid": 735, "subject_tid": 0, "predicate": "faster", "begin_fid": 705, "object_tid": 1}, {"end_fid": 735, "subject_tid": 0, "predicate": "chase", "begin_fid": 705, "object_tid": 1}, {"end_fid": 735, "subject_tid": 1, "predicate": "walk_next_to", "begin_fid": 705, "object_tid": 0}, {"end_fid": 735, "subject_tid": 1, "predicate": "walk_left", "begin_fid": 705, "object_tid": 0}, {"end_fid": 810, "subject_tid": 0, "predicate": "run_front", "begin_fid": 780, "object_tid": 1}, {"end_fid": 810, "subject_tid": 0, "predicate": "chase", "begin_fid": 780, "object_tid": 1}, {"end_fid": 810, "subject_tid": 1, "predicate": "run_behind", "begin_fid": 780, "object_tid": 0}, {"end_fid": 900, "subject_tid": 0, "predicate": "walk_right", "begin_fid": 870, "object_tid": 1}, {"end_fid": 900, "subject_tid": 0, "predicate": "walk_toward", "begin_fid": 870, "object_tid": 1}, {"end_fid": 900, "subject_tid": 0, "predicate": "follow", "begin_fid": 870, "object_tid": 1}, {"end_fid": 900, "subject_tid": 1, "predicate": "walk_left", "begin_fid": 870, "object_tid": 0}], "height": 240}