{"width": 1280, "frame_count": 996, "video_id": "ILSVRC2015_train_00181005", "fps": 30, "trajectories": [[{"tid": 0, "generated": 0, "bbox": {"xmin": 668, "ymin": 426, "ymax": 597, "xmax": 796}}, {"tid": 9, "generated": 0, "bbox": {"xmin": 670, "ymin": 388, "ymax": 590, "xmax": 804}}], [{"tid": 0, "generated": 0, "bbox": {"xmin": 664, "ymin": 408, "ymax": 579, "xmax": 803}}, {"tid": 9, "generated": 0, "bbox": {"xmin": 665, "ymin": 377, "ymax": 585, "xmax": 799}}], [{"tid": 0, "generated": 0, "bbox": {"xmin": 666, "ymin": 359, "ymax": 520, "xmax": 801}}, {"tid": 9, "generated": 0, "bbox": {"xmin": 660, "ymin": 366, "ymax": 579, "xmax": 794}}], [{"tid": 0, "generated": 0, "bbox": {"xmin": 666, "ymin": 348, "ymax": 515, "xmax": 792}}, {"tid": 9, "generated": 0, "bbox": {"xmin": 654, "ymin": 354, "ymax": 574, "xmax": 788}}], [{"tid": 0, "generated": 0, "bbox": {"xmin": 638, "ymin": 405, "ymax": 574, "xmax": 769}}, {"tid": 9, "generated": 0, "bbox": {"xmin": 649, "ymin": 343, "ymax": 568, "xmax": 783}}], [{"tid": 0, "generated": 0, "bbox": {"xmin": 629, "ymin": 407, "ymax": 574, "xmax": 760}}, {"tid": 9, "generated": 0, "bbox": {"xmin": 644, "ymin": 332, "ymax": 563, "xmax": 778}}], [{"tid": 0, "generated": 0, "bbox": {"xmin": 622, "ymin": 407, "ymax": 574, "xmax": 753}}, {"tid": 9, "generated": 0, "bbox": {"xmin": 634, "ymin": 331, "ymax": 562, "xmax": 768}}], [{"tid": 0, "generated": 0, "bbox": {"xmin": 615, "ymin": 408, "ymax": 576, "xmax": 746}}, {"tid": 9, "generated": 0, "bbox": {"xmin": 624, "ymin": 330, "ymax": 561, "xmax": 758}}], [{"tid": 0, "generated": 0, "bbox": {"xmin": 611, "ymin": 417, "ymax": 584, "xmax": 741}}, {"tid": 9, "generated": 0, "bbox": {"xmin": 615, "ymin": 328, "ymax": 559, "xmax": 749}}], [{"tid": 0, "generated": 0, "bbox": {"xmin": 606, "ymin": 417, "ymax": 600, "xmax": 737}}, {"tid": 9, "generated": 0, "bbox": {"xmin": 605, "ymin": 327, "ymax": 558, "xmax": 739}}], [{"tid": 0, "generated": 0, "bbox": {"xmin": 602, "ymin": 417, "ymax": 600, "xmax": 732}}, {"tid": 9, "generated": 0, "bbox": {"xmin": 595, "ymin": 326, "ymax": 557, "xmax": 729}}], [{"tid": 0, "generated": 0, "bbox": {"xmin": 595, "ymin": 416, "ymax": 600, "xmax": 727}}, {"tid": 9, "generated": 0, "bbox": {"xmin": 590, "ymin": 333, "ymax": 557, "xmax": 724}}], [{"tid": 0, "generated": 0, "bbox": {"xmin": 593, "ymin": 416, "ymax": 600, "xmax": 723}}, {"tid": 9, "generated": 0, "bbox": {"xmin": 585, "ymin": 341, "ymax": 558, "xmax": 719}}], [{"tid": 0, "generated": 0, "bbox": {"xmin": 588, "ymin": 414, "ymax": 599, "xmax": 720}}, {"tid": 9, "generated": 0, "bbox": {"xmin": 581, "ymin": 348, "ymax": 558, "xmax": 715}}], [{"tid": 0, "generated": 0, "bbox": {"xmin": 582, "ymin": 413, "ymax": 592, "xmax": 713}}, {"tid": 9, "generated": 0, "bbox": {"xmin": 576, "ymin": 356, "ymax": 559, "xmax": 710}}], [{"tid": 0, "generated": 0, "bbox": {"xmin": 577, "ymin": 412, "ymax": 586, "xmax": 707}}, {"tid": 9, "generated": 0, "bbox": {"xmin": 571, "ymin": 363, "ymax": 559, "xmax": 705}}], [{"tid": 0, "generated": 0, "bbox": {"xmin": 570, "ymin": 412, "ymax": 586, "xmax": 702}}, {"tid": 9, "generated": 0, "bbox": {"xmin": 568, "ymin": 362, "ymax": 558, "xmax": 702}}], [{"tid": 0, "generated": 0, "bbox": {"xmin": 567, "ymin": 412, "ymax": 586, "xmax": 698}}, {"tid": 9, "generated": 0, "bbox": {"xmin": 566, "ymin": 362, "ymax": 558, "xmax": 700}}], [{"tid": 0, "generated": 0, "bbox": {"xmin": 558, "ymin": 412, "ymax": 586, "xmax": 689}}, {"tid": 9, "generated": 0, "bbox": {"xmin": 563, "ymin": 361, "ymax": 557, "xmax": 697}}], [{"tid": 0, "generated": 0, "bbox": {"xmin": 561, "ymin": 424, "ymax": 586, "xmax": 684}}, {"tid": 9, "generated": 0, "bbox": {"xmin": 561, "ymin": 361, "ymax": 557, "xmax": 695}}], [{"tid": 0, "generated": 0, "bbox": {"xmin": 554, "ymin": 424, "ymax": 586, "xmax": 679}}, {"tid": 9, "generated": 0, "bbox": {"xmin": 558, "ymin": 360, "ymax": 556, "xmax": 692}}], [{"tid": 0, "generated": 0, "bbox": {"xmin": 551, "ymin": 424, "ymax": 586, "xmax": 675}}, {"tid": 9, "generated": 0, "bbox": {"xmin": 553, "ymin": 369, "ymax": 565, "xmax": 687}}], [{"tid": 0, "generated": 0, "bbox": {"xmin": 549, "ymin": 424, "ymax": 586, "xmax": 673}}, {"tid": 9, "generated": 0, "bbox": {"xmin": 548, "ymin": 377, "ymax": 573, "xmax": 682}}], [{"tid": 0, "generated": 0, "bbox": {"xmin": 544, "ymin": 424, "ymax": 586, "xmax": 668}}, {"tid": 9, "generated": 0, "bbox": {"xmin": 544, "ymin": 386, "ymax": 582, "xmax": 678}}], [{"tid": 0, "generated": 0, "bbox": {"xmin": 544, "ymin": 451, "ymax": 613, "xmax": 668}}, {"tid": 9, "generated": 0, "bbox": {"xmin": 539, "ymin": 394, "ymax": 590, "xmax": 673}}], [{"tid": 0, "generated": 0, "bbox": {"xmin": 540, "ymin": 455, "ymax": 616, "xmax": 664}}, {"tid": 9, "generated": 0, "bbox": {"xmin": 534, "ymin": 403, "ymax": 599, "xmax": 668}}], [{"tid": 0, "generated": 0, "bbox": {"xmin": 538, "ymin": 494, "ymax": 666, "xmax": 661}}, {"tid": 9, "generated": 0, "bbox": {"xmin": 531, "ymin": 401, "ymax": 597, "xmax": 665}}], [{"tid": 0, "generated": 0, "bbox": {"xmin": 536, "ymin": 494, "ymax": 666, "xmax": 659}}, {"tid": 9, "generated": 0, "bbox": {"xmin": 528, "ymin": 399, "ymax": 595, "xmax": 662}}], [{"tid": 0, "generated": 0, "bbox": {"xmin": 526, "ymin": 456, "ymax": 636, "xmax": 650}}, {"tid": 9, "generated": 0, "bbox": {"xmin": 525, "ymin": 396, "ymax": 592, "xmax": 659}}], [{"tid": 0, "generated": 0, "bbox": {"xmin": 525, "ymin": 456, "ymax": 636, "xmax": 649}}, {"tid": 9, "generated": 0, "bbox": {"xmin": 522, "ymin": 394, "ymax": 590, "xmax": 656}}], [], [], [], [], [], [], [], [], [], [], [], [], [], [], [], [], [], [], [], [], [], [], [], [], [], [], [], [], [], [], [], [], [], [], [], [], [], [], [], [], [], [], [], [], [], [{"tid": 0, "generated": 0, "bbox": {"xmin": 689, "ymin": 467, "ymax": 679, "xmax": 867}}, {"tid": 9, "generated": 0, "bbox": {"xmin": 716, "ymin": 378, "ymax": 574, "xmax": 859}}], [{"tid": 0, "generated": 0, "bbox": {"xmin": 697, "ymin": 466, "ymax": 678, "xmax": 875}}, {"tid": 9, "generated": 0, "bbox": {"xmin": 717, "ymin": 378, "ymax": 574, "xmax": 860}}], [{"tid": 0, "generated": 0, "bbox": {"xmin": 705, "ymin": 465, "ymax": 677, "xmax": 883}}, {"tid": 9, "generated": 0, "bbox": {"xmin": 719, "ymin": 378, "ymax": 574, "xmax": 862}}], [{"tid": 0, "generated": 0, "bbox": {"xmin": 711, "ymin": 456, "ymax": 674, "xmax": 890}}, {"tid": 9, "generated": 0, "bbox": {"xmin": 720, "ymin": 377, "ymax": 573, "xmax": 863}}], [{"tid": 0, "generated": 0, "bbox": {"xmin": 718, "ymin": 448, "ymax": 672, "xmax": 897}}, {"tid": 9, "generated": 0, "bbox": {"xmin": 722, "ymin": 377, "ymax": 573, "xmax": 865}}], [{"tid": 0, "generated": 0, "bbox": {"xmin": 723, "ymin": 447, "ymax": 671, "xmax": 905}}, {"tid": 9, "generated": 0, "bbox": {"xmin": 723, "ymin": 377, "ymax": 573, "xmax": 866}}], [{"tid": 0, "generated": 0, "bbox": {"xmin": 728, "ymin": 446, "ymax": 670, "xmax": 913}}, {"tid": 9, "generated": 0, "bbox": {"xmin": 730, "ymin": 374, "ymax": 570, "xmax": 873}}], [{"tid": 0, "generated": 0, "bbox": {"xmin": 732, "ymin": 446, "ymax": 667, "xmax": 919}}, {"tid": 9, "generated": 0, "bbox": {"xmin": 736, "ymin": 371, "ymax": 567, "xmax": 879}}], [{"tid": 0, "generated": 0, "bbox": {"xmin": 737, "ymin": 446, "ymax": 664, "xmax": 926}}, {"tid": 9, "generated": 0, "bbox": {"xmin": 743, "ymin": 367, "ymax": 563, "xmax": 886}}], [{"tid": 0, "generated": 0, "bbox": {"xmin": 741, "ymin": 443, "ymax": 661, "xmax": 929}}, {"tid": 9, "generated": 0, "bbox": {"xmin": 749, "ymin": 364, "ymax": 560, "xmax": 892}}], [{"tid": 0, "generated": 0, "bbox": {"xmin": 746, "ymin": 440, "ymax": 659, "xmax": 933}}, {"tid": 9, "generated": 0, "bbox": {"xmin": 756, "ymin": 361, "ymax": 557, "xmax": 899}}], [{"tid": 0, "generated": 0, "bbox": {"xmin": 742, "ymin": 437, "ymax": 653, "xmax": 935}}, {"tid": 9, "generated": 0, "bbox": {"xmin": 758, "ymin": 363, "ymax": 559, "xmax": 901}}], [{"tid": 0, "generated": 0, "bbox": {"xmin": 739, "ymin": 435, "ymax": 648, "xmax": 938}}, {"tid": 9, "generated": 0, "bbox": {"xmin": 760, "ymin": 364, "ymax": 560, "xmax": 903}}], [{"tid": 0, "generated": 0, "bbox": {"xmin": 740, "ymin": 435, "ymax": 648, "xmax": 939}}, {"tid": 9, "generated": 0, "bbox": {"xmin": 762, "ymin": 366, "ymax": 562, "xmax": 905}}], [{"tid": 0, "generated": 0, "bbox": {"xmin": 741, "ymin": 435, "ymax": 648, "xmax": 940}}, {"tid": 9, "generated": 0, "bbox": {"xmin": 764, "ymin": 367, "ymax": 563, "xmax": 907}}], [{"tid": 0, "generated": 0, "bbox": {"xmin": 745, "ymin": 433, "ymax": 643, "xmax": 942}}, {"tid": 9, "generated": 0, "bbox": {"xmin": 766, "ymin": 369, "ymax": 565, "xmax": 909}}], [{"tid": 0, "generated": 0, "bbox": {"xmin": 750, "ymin": 432, "ymax": 638, "xmax": 945}}, {"tid": 9, "generated": 0, "bbox": {"xmin": 770, "ymin": 369, "ymax": 565, "xmax": 913}}], [{"tid": 0, "generated": 0, "bbox": {"xmin": 753, "ymin": 433, "ymax": 637, "xmax": 945}}, {"tid": 9, "generated": 0, "bbox": {"xmin": 773, "ymin": 368, "ymax": 564, "xmax": 916}}], [{"tid": 0, "generated": 0, "bbox": {"xmin": 757, "ymin": 435, "ymax": 636, "xmax": 945}}, {"tid": 9, "generated": 0, "bbox": {"xmin": 777, "ymin": 368, "ymax": 564, "xmax": 920}}], [{"tid": 0, "generated": 0, "bbox": {"xmin": 756, "ymin": 434, "ymax": 634, "xmax": 945}}, {"tid": 9, "generated": 0, "bbox": {"xmin": 780, "ymin": 367, "ymax": 563, "xmax": 923}}], [{"tid": 0, "generated": 0, "bbox": {"xmin": 755, "ymin": 433, "ymax": 633, "xmax": 945}}, {"tid": 9, "generated": 0, "bbox": {"xmin": 784, "ymin": 367, "ymax": 563, "xmax": 927}}], [{"tid": 0, "generated": 0, "bbox": {"xmin": 755, "ymin": 432, "ymax": 632, "xmax": 945}}, {"tid": 9, "generated": 0, "bbox": {"xmin": 774, "ymin": 367, "ymax": 563, "xmax": 917}}], [{"tid": 0, "generated": 0, "bbox": {"xmin": 749, "ymin": 430, "ymax": 627, "xmax": 937}}, {"tid": 9, "generated": 0, "bbox": {"xmin": 764, "ymin": 367, "ymax": 563, "xmax": 907}}], [{"tid": 0, "generated": 0, "bbox": {"xmin": 744, "ymin": 428, "ymax": 622, "xmax": 929}}, {"tid": 9, "generated": 0, "bbox": {"xmin": 755, "ymin": 368, "ymax": 564, "xmax": 898}}], [{"tid": 0, "generated": 0, "bbox": {"xmin": 739, "ymin": 430, "ymax": 618, "xmax": 919}}, {"tid": 9, "generated": 0, "bbox": {"xmin": 745, "ymin": 368, "ymax": 564, "xmax": 888}}], [{"tid": 0, "generated": 0, "bbox": {"xmin": 732, "ymin": 432, "ymax": 620, "xmax": 913}}, {"tid": 9, "generated": 0, "bbox": {"xmin": 735, "ymin": 368, "ymax": 564, "xmax": 878}}], [{"tid": 0, "generated": 0, "bbox": {"xmin": 726, "ymin": 434, "ymax": 620, "xmax": 905}}, {"tid": 9, "generated": 0, "bbox": {"xmin": 735, "ymin": 372, "ymax": 568, "xmax": 878}}], [{"tid": 0, "generated": 0, "bbox": {"xmin": 721, "ymin": 437, "ymax": 620, "xmax": 897}}, {"tid": 9, "generated": 0, "bbox": {"xmin": 735, "ymin": 375, "ymax": 571, "xmax": 878}}], [{"tid": 0, "generated": 0, "bbox": {"xmin": 716, "ymin": 440, "ymax": 622, "xmax": 892}}, {"tid": 9, "generated": 0, "bbox": {"xmin": 736, "ymin": 379, "ymax": 575, "xmax": 879}}], [{"tid": 0, "generated": 0, "bbox": {"xmin": 721, "ymin": 442, "ymax": 620, "xmax": 890}}, {"tid": 9, "generated": 0, "bbox": {"xmin": 736, "ymin": 382, "ymax": 578, "xmax": 879}}], [], [], [], [], [], [], [], [], [], [], [], [], [], [], [], [], [], [], [], [], [], [], [], [], [], [], [], [], [], [], [], [], [], [], [], [], [], [], [], [], [], [], [], [], [], [{"tid": 0, "generated": 0, "bbox": {"xmin": 801, "ymin": 452, "ymax": 627, "xmax": 971}}, {"tid": 9, "generated": 0, "bbox": {"xmin": 818, "ymin": 390, "ymax": 586, "xmax": 961}}], [{"tid": 0, "generated": 0, "bbox": {"xmin": 805, "ymin": 455, "ymax": 625, "xmax": 972}}, {"tid": 9, "generated": 0, "bbox": {"xmin": 813, "ymin": 389, "ymax": 585, "xmax": 956}}], [{"tid": 0, "generated": 0, "bbox": {"xmin": 802, "ymin": 453, "ymax": 619, "xmax": 966}}, {"tid": 9, "generated": 0, "bbox": {"xmin": 808, "ymin": 388, "ymax": 584, "xmax": 951}}], [{"tid": 0, "generated": 0, "bbox": {"xmin": 800, "ymin": 451, "ymax": 613, "xmax": 961}}, {"tid": 9, "generated": 0, "bbox": {"xmin": 802, "ymin": 387, "ymax": 583, "xmax": 945}}], [{"tid": 0, "generated": 0, "bbox": {"xmin": 792, "ymin": 444, "ymax": 606, "xmax": 954}}, {"tid": 9, "generated": 0, "bbox": {"xmin": 797, "ymin": 386, "ymax": 582, "xmax": 940}}], [{"tid": 0, "generated": 0, "bbox": {"xmin": 780, "ymin": 444, "ymax": 600, "xmax": 940}}, {"tid": 9, "generated": 0, "bbox": {"xmin": 792, "ymin": 385, "ymax": 581, "xmax": 935}}], [{"tid": 0, "generated": 0, "bbox": {"xmin": 771, "ymin": 443, "ymax": 599, "xmax": 927}}, {"tid": 9, "generated": 0, "bbox": {"xmin": 781, "ymin": 387, "ymax": 574, "xmax": 924}}], [{"tid": 0, "generated": 0, "bbox": {"xmin": 762, "ymin": 442, "ymax": 599, "xmax": 915}}, {"tid": 9, "generated": 0, "bbox": {"xmin": 770, "ymin": 388, "ymax": 567, "xmax": 913}}], [{"tid": 0, "generated": 0, "bbox": {"xmin": 753, "ymin": 442, "ymax": 597, "xmax": 906}}, {"tid": 9, "generated": 0, "bbox": {"xmin": 758, "ymin": 390, "ymax": 560, "xmax": 901}}], [{"tid": 0, "generated": 0, "bbox": {"xmin": 739, "ymin": 437, "ymax": 593, "xmax": 894}}, {"tid": 9, "generated": 0, "bbox": {"xmin": 747, "ymin": 391, "ymax": 553, "xmax": 890}}], [{"tid": 0, "generated": 0, "bbox": {"xmin": 732, "ymin": 435, "ymax": 590, "xmax": 883}}, {"tid": 9, "generated": 0, "bbox": {"xmin": 736, "ymin": 393, "ymax": 546, "xmax": 879}}], [{"tid": 0, "generated": 0, "bbox": {"xmin": 728, "ymin": 442, "ymax": 593, "xmax": 874}}, {"tid": 9, "generated": 0, "bbox": {"xmin": 736, "ymin": 394, "ymax": 544, "xmax": 870}}], [{"tid": 0, "generated": 0, "bbox": {"xmin": 718, "ymin": 446, "ymax": 593, "xmax": 865}}, {"tid": 9, "generated": 0, "bbox": {"xmin": 736, "ymin": 396, "ymax": 542, "xmax": 860}}], [{"tid": 0, "generated": 0, "bbox": {"xmin": 718, "ymin": 448, "ymax": 592, "xmax": 858}}, {"tid": 9, "generated": 0, "bbox": {"xmin": 736, "ymin": 397, "ymax": 541, "xmax": 851}}], [{"tid": 0, "generated": 0, "bbox": {"xmin": 718, "ymin": 448, "ymax": 592, "xmax": 856}}, {"tid": 9, "generated": 0, "bbox": {"xmin": 736, "ymin": 399, "ymax": 539, "xmax": 841}}], [{"tid": 0, "generated": 0, "bbox": {"xmin": 718, "ymin": 453, "ymax": 593, "xmax": 858}}, {"tid": 9, "generated": 0, "bbox": {"xmin": 736, "ymin": 400, "ymax": 537, "xmax": 832}}], [{"tid": 0, "generated": 0, "bbox": {"xmin": 718, "ymin": 455, "ymax": 592, "xmax": 858}}, {"tid": 9, "generated": 0, "bbox": {"xmin": 736, "ymin": 400, "ymax": 537, "xmax": 832}}], [{"tid": 0, "generated": 0, "bbox": {"xmin": 723, "ymin": 456, "ymax": 588, "xmax": 856}}, {"tid": 9, "generated": 0, "bbox": {"xmin": 736, "ymin": 400, "ymax": 537, "xmax": 832}}], [{"tid": 0, "generated": 0, "bbox": {"xmin": 723, "ymin": 456, "ymax": 588, "xmax": 855}}, {"tid": 9, "generated": 0, "bbox": {"xmin": 736, "ymin": 400, "ymax": 537, "xmax": 832}}], [{"tid": 0, "generated": 0, "bbox": {"xmin": 720, "ymin": 456, "ymax": 584, "xmax": 849}}, {"tid": 9, "generated": 0, "bbox": {"xmin": 736, "ymin": 400, "ymax": 537, "xmax": 832}}], [{"tid": 0, "generated": 0, "bbox": {"xmin": 718, "ymin": 456, "ymax": 581, "xmax": 844}}, {"tid": 9, "generated": 0, "bbox": {"xmin": 736, "ymin": 400, "ymax": 537, "xmax": 832}}], [{"tid": 0, "generated": 0, "bbox": {"xmin": 716, "ymin": 458, "ymax": 577, "xmax": 835}}, {"tid": 9, "generated": 0, "bbox": {"xmin": 727, "ymin": 400, "ymax": 537, "xmax": 823}}], [{"tid": 0, "generated": 0, "bbox": {"xmin": 709, "ymin": 458, "ymax": 577, "xmax": 828}}, {"tid": 9, "generated": 0, "bbox": {"xmin": 718, "ymin": 400, "ymax": 537, "xmax": 814}}], [{"tid": 0, "generated": 0, "bbox": {"xmin": 696, "ymin": 451, "ymax": 572, "xmax": 816}}, {"tid": 9, "generated": 0, "bbox": {"xmin": 709, "ymin": 400, "ymax": 537, "xmax": 805}}], [{"tid": 0, "generated": 0, "bbox": {"xmin": 689, "ymin": 444, "ymax": 568, "xmax": 808}}, {"tid": 9, "generated": 0, "bbox": {"xmin": 700, "ymin": 400, "ymax": 537, "xmax": 796}}], [{"tid": 0, "generated": 0, "bbox": {"xmin": 677, "ymin": 444, "ymax": 568, "xmax": 796}}, {"tid": 9, "generated": 0, "bbox": {"xmin": 691, "ymin": 400, "ymax": 537, "xmax": 787}}], [{"tid": 0, "generated": 0, "bbox": {"xmin": 670, "ymin": 442, "ymax": 565, "xmax": 789}}, {"tid": 9, "generated": 0, "bbox": {"xmin": 687, "ymin": 401, "ymax": 532, "xmax": 783}}], [{"tid": 0, "generated": 0, "bbox": {"xmin": 670, "ymin": 442, "ymax": 565, "xmax": 789}}, {"tid": 9, "generated": 0, "bbox": {"xmin": 683, "ymin": 402, "ymax": 527, "xmax": 779}}], [{"tid": 0, "generated": 0, "bbox": {"xmin": 666, "ymin": 449, "ymax": 561, "xmax": 785}}, {"tid": 9, "generated": 0, "bbox": {"xmin": 678, "ymin": 404, "ymax": 522, "xmax": 774}}], [{"tid": 0, "generated": 0, "bbox": {"xmin": 668, "ymin": 446, "ymax": 558, "xmax": 782}}, {"tid": 9, "generated": 0, "bbox": {"xmin": 674, "ymin": 405, "ymax": 517, "xmax": 770}}], [], [], [], [], [], [], [], [], [], [], [], [], [], [], [], [], [], [], [], [], [], [], [], [], [], [], [], [], [], [], [], [], [], [], [], [], [], [], [], [], [], [], [], [], [], [], [], [], [], [], [], [], [], [], [], [], [], [], [], [], [{"tid": 5, "generated": 0, "bbox": {"xmin": 454, "ymin": 404, "ymax": 554, "xmax": 553}}, {"tid": 9, "generated": 0, "bbox": {"xmin": 456, "ymin": 355, "ymax": 461, "xmax": 552}}], [{"tid": 5, "generated": 0, "bbox": {"xmin": 455, "ymin": 405, "ymax": 554, "xmax": 553}}, {"tid": 9, "generated": 0, "bbox": {"xmin": 456, "ymin": 357, "ymax": 463, "xmax": 552}}], [{"tid": 5, "generated": 0, "bbox": {"xmin": 456, "ymin": 407, "ymax": 554, "xmax": 554}}, {"tid": 9, "generated": 0, "bbox": {"xmin": 456, "ymin": 359, "ymax": 465, "xmax": 552}}], [{"tid": 5, "generated": 0, "bbox": {"xmin": 458, "ymin": 408, "ymax": 556, "xmax": 556}}, {"tid": 9, "generated": 0, "bbox": {"xmin": 457, "ymin": 361, "ymax": 467, "xmax": 553}}], [{"tid": 5, "generated": 0, "bbox": {"xmin": 459, "ymin": 411, "ymax": 557, "xmax": 557}}, {"tid": 9, "generated": 0, "bbox": {"xmin": 457, "ymin": 363, "ymax": 469, "xmax": 553}}], [{"tid": 5, "generated": 0, "bbox": {"xmin": 460, "ymin": 414, "ymax": 558, "xmax": 558}}, {"tid": 9, "generated": 0, "bbox": {"xmin": 457, "ymin": 365, "ymax": 471, "xmax": 553}}], [{"tid": 5, "generated": 0, "bbox": {"xmin": 457, "ymin": 416, "ymax": 559, "xmax": 556}}, {"tid": 9, "generated": 0, "bbox": {"xmin": 455, "ymin": 368, "ymax": 474, "xmax": 551}}], [{"tid": 5, "generated": 0, "bbox": {"xmin": 455, "ymin": 418, "ymax": 561, "xmax": 554}}, {"tid": 9, "generated": 0, "bbox": {"xmin": 453, "ymin": 370, "ymax": 476, "xmax": 549}}], [{"tid": 5, "generated": 0, "bbox": {"xmin": 453, "ymin": 421, "ymax": 563, "xmax": 552}}, {"tid": 9, "generated": 0, "bbox": {"xmin": 452, "ymin": 373, "ymax": 479, "xmax": 548}}], [{"tid": 5, "generated": 0, "bbox": {"xmin": 448, "ymin": 421, "ymax": 563, "xmax": 547}}, {"tid": 9, "generated": 0, "bbox": {"xmin": 450, "ymin": 375, "ymax": 481, "xmax": 546}}], [{"tid": 5, "generated": 0, "bbox": {"xmin": 446, "ymin": 420, "ymax": 562, "xmax": 545}}, {"tid": 9, "generated": 0, "bbox": {"xmin": 448, "ymin": 378, "ymax": 484, "xmax": 544}}], [{"tid": 5, "generated": 0, "bbox": {"xmin": 444, "ymin": 419, "ymax": 561, "xmax": 544}}, {"tid": 9, "generated": 0, "bbox": {"xmin": 446, "ymin": 375, "ymax": 481, "xmax": 542}}], [{"tid": 5, "generated": 0, "bbox": {"xmin": 440, "ymin": 418, "ymax": 560, "xmax": 540}}, {"tid": 9, "generated": 0, "bbox": {"xmin": 444, "ymin": 372, "ymax": 478, "xmax": 540}}], [{"tid": 5, "generated": 0, "bbox": {"xmin": 436, "ymin": 417, "ymax": 559, "xmax": 536}}, {"tid": 9, "generated": 0, "bbox": {"xmin": 441, "ymin": 370, "ymax": 476, "xmax": 537}}], [{"tid": 5, "generated": 0, "bbox": {"xmin": 433, "ymin": 417, "ymax": 558, "xmax": 533}}, {"tid": 9, "generated": 0, "bbox": {"xmin": 439, "ymin": 367, "ymax": 473, "xmax": 535}}], [{"tid": 5, "generated": 0, "bbox": {"xmin": 431, "ymin": 415, "ymax": 557, "xmax": 530}}, {"tid": 9, "generated": 0, "bbox": {"xmin": 437, "ymin": 364, "ymax": 470, "xmax": 533}}], [{"tid": 5, "generated": 0, "bbox": {"xmin": 429, "ymin": 414, "ymax": 556, "xmax": 528}}, {"tid": 9, "generated": 0, "bbox": {"xmin": 436, "ymin": 364, "ymax": 470, "xmax": 532}}], [{"tid": 5, "generated": 0, "bbox": {"xmin": 427, "ymin": 413, "ymax": 555, "xmax": 526}}, {"tid": 9, "generated": 0, "bbox": {"xmin": 434, "ymin": 364, "ymax": 470, "xmax": 530}}], [{"tid": 5, "generated": 0, "bbox": {"xmin": 426, "ymin": 412, "ymax": 554, "xmax": 524}}, {"tid": 9, "generated": 0, "bbox": {"xmin": 433, "ymin": 363, "ymax": 469, "xmax": 529}}], [{"tid": 5, "generated": 0, "bbox": {"xmin": 423, "ymin": 408, "ymax": 551, "xmax": 520}}, {"tid": 9, "generated": 0, "bbox": {"xmin": 431, "ymin": 363, "ymax": 469, "xmax": 527}}], [{"tid": 5, "generated": 0, "bbox": {"xmin": 424, "ymin": 405, "ymax": 548, "xmax": 520}}, {"tid": 9, "generated": 0, "bbox": {"xmin": 430, "ymin": 363, "ymax": 469, "xmax": 526}}], [{"tid": 5, "generated": 0, "bbox": {"xmin": 425, "ymin": 403, "ymax": 545, "xmax": 521}}, {"tid": 9, "generated": 0, "bbox": {"xmin": 431, "ymin": 358, "ymax": 464, "xmax": 527}}], [{"tid": 5, "generated": 0, "bbox": {"xmin": 426, "ymin": 400, "ymax": 542, "xmax": 521}}, {"tid": 9, "generated": 0, "bbox": {"xmin": 431, "ymin": 353, "ymax": 459, "xmax": 527}}], [{"tid": 5, "generated": 0, "bbox": {"xmin": 428, "ymin": 398, "ymax": 540, "xmax": 522}}, {"tid": 9, "generated": 0, "bbox": {"xmin": 432, "ymin": 348, "ymax": 454, "xmax": 528}}], [{"tid": 5, "generated": 0, "bbox": {"xmin": 429, "ymin": 395, "ymax": 537, "xmax": 522}}, {"tid": 9, "generated": 0, "bbox": {"xmin": 432, "ymin": 343, "ymax": 449, "xmax": 528}}], [{"tid": 5, "generated": 0, "bbox": {"xmin": 431, "ymin": 392, "ymax": 534, "xmax": 523}}, {"tid": 9, "generated": 0, "bbox": {"xmin": 433, "ymin": 338, "ymax": 444, "xmax": 529}}], [{"tid": 5, "generated": 0, "bbox": {"xmin": 433, "ymin": 389, "ymax": 531, "xmax": 524}}, {"tid": 9, "generated": 0, "bbox": {"xmin": 437, "ymin": 338, "ymax": 444, "xmax": 533}}], [{"tid": 5, "generated": 0, "bbox": {"xmin": 437, "ymin": 385, "ymax": 527, "xmax": 528}}, {"tid": 9, "generated": 0, "bbox": {"xmin": 440, "ymin": 339, "ymax": 445, "xmax": 536}}], [{"tid": 5, "generated": 0, "bbox": {"xmin": 442, "ymin": 382, "ymax": 524, "xmax": 533}}, {"tid": 9, "generated": 0, "bbox": {"xmin": 444, "ymin": 339, "ymax": 445, "xmax": 540}}], [{"tid": 5, "generated": 0, "bbox": {"xmin": 444, "ymin": 382, "ymax": 524, "xmax": 536}}, {"tid": 9, "generated": 0, "bbox": {"xmin": 447, "ymin": 340, "ymax": 446, "xmax": 543}}], [], [], [], [], [], [], [], [], [], [], [], [], [], [], [], [], [], [], [], [], [], [], [], [], [], [], [], [], [], [], [], [], [], [], [], [], [], [], [], [], [], [], [], [], [], [], [], [], [], [], [], [], [], [], [], [], [], [], [], [], [], [], [], [], [], [], [], [], [], [], [], [], [], [], [], [], [], [], [], [], [], [], [], [], [], [], [], [], [], [], [], [], [], [], [], [], [], [], [], [], [], [], [], [], [], [{"tid": 5, "generated": 0, "bbox": {"xmin": 657, "ymin": 412, "ymax": 595, "xmax": 782}}, {"tid": 9, "generated": 0, "bbox": {"xmin": 643, "ymin": 332, "ymax": 480, "xmax": 781}}], [{"tid": 5, "generated": 0, "bbox": {"xmin": 660, "ymin": 416, "ymax": 595, "xmax": 779}}, {"tid": 9, "generated": 0, "bbox": {"xmin": 653, "ymin": 340, "ymax": 477, "xmax": 781}}], [{"tid": 5, "generated": 0, "bbox": {"xmin": 664, "ymin": 421, "ymax": 595, "xmax": 776}}, {"tid": 9, "generated": 0, "bbox": {"xmin": 663, "ymin": 349, "ymax": 474, "xmax": 781}}], [{"tid": 5, "generated": 0, "bbox": {"xmin": 670, "ymin": 424, "ymax": 594, "xmax": 779}}, {"tid": 9, "generated": 0, "bbox": {"xmin": 674, "ymin": 357, "ymax": 472, "xmax": 781}}], [{"tid": 5, "generated": 0, "bbox": {"xmin": 677, "ymin": 428, "ymax": 593, "xmax": 782}}, {"tid": 9, "generated": 0, "bbox": {"xmin": 684, "ymin": 366, "ymax": 469, "xmax": 781}}], [{"tid": 5, "generated": 0, "bbox": {"xmin": 682, "ymin": 428, "ymax": 590, "xmax": 785}}, {"tid": 9, "generated": 0, "bbox": {"xmin": 694, "ymin": 374, "ymax": 466, "xmax": 781}}], [{"tid": 5, "generated": 0, "bbox": {"xmin": 688, "ymin": 428, "ymax": 586, "xmax": 787}}, {"tid": 9, "generated": 0, "bbox": {"xmin": 692, "ymin": 374, "ymax": 466, "xmax": 779}}], [{"tid": 5, "generated": 0, "bbox": {"xmin": 689, "ymin": 428, "ymax": 581, "xmax": 787}}, {"tid": 9, "generated": 0, "bbox": {"xmin": 690, "ymin": 374, "ymax": 466, "xmax": 777}}], [{"tid": 5, "generated": 0, "bbox": {"xmin": 689, "ymin": 428, "ymax": 577, "xmax": 785}}, {"tid": 9, "generated": 0, "bbox": {"xmin": 688, "ymin": 374, "ymax": 466, "xmax": 775}}], [{"tid": 5, "generated": 0, "bbox": {"xmin": 686, "ymin": 428, "ymax": 573, "xmax": 779}}, {"tid": 9, "generated": 0, "bbox": {"xmin": 686, "ymin": 374, "ymax": 466, "xmax": 773}}], [{"tid": 5, "generated": 0, "bbox": {"xmin": 683, "ymin": 428, "ymax": 570, "xmax": 774}}, {"tid": 9, "generated": 0, "bbox": {"xmin": 684, "ymin": 374, "ymax": 466, "xmax": 771}}], [{"tid": 5, "generated": 0, "bbox": {"xmin": 680, "ymin": 428, "ymax": 566, "xmax": 769}}, {"tid": 9, "generated": 0, "bbox": {"xmin": 681, "ymin": 377, "ymax": 469, "xmax": 768}}], [{"tid": 5, "generated": 0, "bbox": {"xmin": 677, "ymin": 428, "ymax": 563, "xmax": 764}}, {"tid": 9, "generated": 0, "bbox": {"xmin": 678, "ymin": 380, "ymax": 472, "xmax": 765}}], [{"tid": 5, "generated": 0, "bbox": {"xmin": 674, "ymin": 430, "ymax": 565, "xmax": 761}}, {"tid": 9, "generated": 0, "bbox": {"xmin": 675, "ymin": 383, "ymax": 475, "xmax": 762}}], [{"tid": 5, "generated": 0, "bbox": {"xmin": 672, "ymin": 433, "ymax": 568, "xmax": 759}}, {"tid": 9, "generated": 0, "bbox": {"xmin": 672, "ymin": 386, "ymax": 478, "xmax": 759}}], [{"tid": 5, "generated": 0, "bbox": {"xmin": 673, "ymin": 433, "ymax": 567, "xmax": 758}}, {"tid": 9, "generated": 0, "bbox": {"xmin": 669, "ymin": 389, "ymax": 481, "xmax": 756}}], [{"tid": 5, "generated": 0, "bbox": {"xmin": 675, "ymin": 434, "ymax": 566, "xmax": 757}}, {"tid": 9, "generated": 0, "bbox": {"xmin": 669, "ymin": 389, "ymax": 481, "xmax": 756}}], [{"tid": 5, "generated": 0, "bbox": {"xmin": 677, "ymin": 435, "ymax": 565, "xmax": 757}}, {"tid": 9, "generated": 0, "bbox": {"xmin": 669, "ymin": 389, "ymax": 481, "xmax": 756}}], [{"tid": 5, "generated": 0, "bbox": {"xmin": 679, "ymin": 436, "ymax": 561, "xmax": 758}}, {"tid": 9, "generated": 0, "bbox": {"xmin": 669, "ymin": 389, "ymax": 481, "xmax": 756}}], [{"tid": 5, "generated": 0, "bbox": {"xmin": 681, "ymin": 437, "ymax": 557, "xmax": 759}}, {"tid": 9, "generated": 0, "bbox": {"xmin": 669, "ymin": 389, "ymax": 481, "xmax": 756}}], [{"tid": 5, "generated": 0, "bbox": {"xmin": 684, "ymin": 439, "ymax": 554, "xmax": 760}}, {"tid": 9, "generated": 0, "bbox": {"xmin": 669, "ymin": 389, "ymax": 481, "xmax": 756}}], [{"tid": 5, "generated": 0, "bbox": {"xmin": 684, "ymin": 440, "ymax": 552, "xmax": 759}}, {"tid": 9, "generated": 0, "bbox": {"xmin": 669, "ymin": 389, "ymax": 481, "xmax": 756}}], [{"tid": 5, "generated": 0, "bbox": {"xmin": 684, "ymin": 440, "ymax": 547, "xmax": 757}}, {"tid": 9, "generated": 0, "bbox": {"xmin": 669, "ymin": 389, "ymax": 481, "xmax": 756}}], [{"tid": 5, "generated": 0, "bbox": {"xmin": 681, "ymin": 440, "ymax": 546, "xmax": 753}}, {"tid": 9, "generated": 0, "bbox": {"xmin": 669, "ymin": 389, "ymax": 481, "xmax": 756}}], [{"tid": 5, "generated": 0, "bbox": {"xmin": 678, "ymin": 440, "ymax": 546, "xmax": 749}}, {"tid": 9, "generated": 0, "bbox": {"xmin": 669, "ymin": 389, "ymax": 481, "xmax": 756}}], [{"tid": 5, "generated": 0, "bbox": {"xmin": 675, "ymin": 441, "ymax": 545, "xmax": 746}}, {"tid": 9, "generated": 0, "bbox": {"xmin": 669, "ymin": 389, "ymax": 481, "xmax": 756}}], [{"tid": 5, "generated": 0, "bbox": {"xmin": 672, "ymin": 441, "ymax": 545, "xmax": 742}}, {"tid": 9, "generated": 0, "bbox": {"xmin": 667, "ymin": 393, "ymax": 480, "xmax": 749}}], [{"tid": 5, "generated": 0, "bbox": {"xmin": 670, "ymin": 442, "ymax": 545, "xmax": 739}}, {"tid": 9, "generated": 0, "bbox": {"xmin": 666, "ymin": 396, "ymax": 479, "xmax": 741}}], [{"tid": 5, "generated": 0, "bbox": {"xmin": 668, "ymin": 442, "ymax": 544, "xmax": 736}}, {"tid": 9, "generated": 0, "bbox": {"xmin": 664, "ymin": 400, "ymax": 479, "xmax": 734}}], [{"tid": 5, "generated": 0, "bbox": {"xmin": 666, "ymin": 442, "ymax": 543, "xmax": 734}}, {"tid": 9, "generated": 0, "bbox": {"xmin": 663, "ymin": 403, "ymax": 478, "xmax": 726}}], [], [], [], [], [], [], [], [], [], [], [], [], [], [], [], [], [], [], [], [], [], [], [], [], [], [], [], [], [], [], [], [], [], [], [], [], [], [], [], [], [], [], [], [], [], [], [], [], [], [], [], [], [], [], [], [], [], [], [], [], [], [], [], [], [], [], [], [], [], [], [], [], [], [], [], [], [], [], [], [], [], [], [], [], [], [], [], [], [], [], [], [], [], [], [], [], [], [], [], [], [], [], [], [], [], [{"tid": 5, "generated": 0, "bbox": {"xmin": 331, "ymin": 355, "ymax": 653, "xmax": 551}}, {"tid": 9, "generated": 0, "bbox": {"xmin": 338, "ymin": 252, "ymax": 409, "xmax": 529}}], [{"tid": 5, "generated": 0, "bbox": {"xmin": 318, "ymin": 352, "ymax": 654, "xmax": 540}}, {"tid": 9, "generated": 0, "bbox": {"xmin": 331, "ymin": 251, "ymax": 408, "xmax": 522}}], [{"tid": 5, "generated": 0, "bbox": {"xmin": 314, "ymin": 348, "ymax": 657, "xmax": 536}}, {"tid": 9, "generated": 0, "bbox": {"xmin": 324, "ymin": 250, "ymax": 407, "xmax": 515}}], [{"tid": 5, "generated": 0, "bbox": {"xmin": 302, "ymin": 344, "ymax": 657, "xmax": 528}}, {"tid": 9, "generated": 0, "bbox": {"xmin": 317, "ymin": 249, "ymax": 406, "xmax": 508}}], [{"tid": 5, "generated": 0, "bbox": {"xmin": 295, "ymin": 340, "ymax": 657, "xmax": 522}}, {"tid": 9, "generated": 0, "bbox": {"xmin": 310, "ymin": 248, "ymax": 405, "xmax": 501}}], [{"tid": 5, "generated": 0, "bbox": {"xmin": 289, "ymin": 337, "ymax": 657, "xmax": 517}}, {"tid": 9, "generated": 0, "bbox": {"xmin": 303, "ymin": 247, "ymax": 404, "xmax": 494}}], [{"tid": 5, "generated": 0, "bbox": {"xmin": 276, "ymin": 332, "ymax": 655, "xmax": 506}}, {"tid": 9, "generated": 0, "bbox": {"xmin": 294, "ymin": 241, "ymax": 398, "xmax": 485}}], [{"tid": 5, "generated": 0, "bbox": {"xmin": 263, "ymin": 328, "ymax": 654, "xmax": 496}}, {"tid": 9, "generated": 0, "bbox": {"xmin": 285, "ymin": 234, "ymax": 391, "xmax": 476}}], [{"tid": 5, "generated": 0, "bbox": {"xmin": 261, "ymin": 323, "ymax": 652, "xmax": 496}}, {"tid": 9, "generated": 0, "bbox": {"xmin": 276, "ymin": 228, "ymax": 385, "xmax": 467}}], [{"tid": 5, "generated": 0, "bbox": {"xmin": 247, "ymin": 319, "ymax": 652, "xmax": 485}}, {"tid": 9, "generated": 0, "bbox": {"xmin": 267, "ymin": 221, "ymax": 378, "xmax": 458}}], [{"tid": 5, "generated": 0, "bbox": {"xmin": 234, "ymin": 316, "ymax": 652, "xmax": 474}}, {"tid": 9, "generated": 0, "bbox": {"xmin": 258, "ymin": 215, "ymax": 372, "xmax": 449}}], [{"tid": 5, "generated": 0, "bbox": {"xmin": 224, "ymin": 311, "ymax": 649, "xmax": 466}}, {"tid": 9, "generated": 0, "bbox": {"xmin": 251, "ymin": 212, "ymax": 369, "xmax": 442}}], [{"tid": 5, "generated": 0, "bbox": {"xmin": 214, "ymin": 306, "ymax": 647, "xmax": 458}}, {"tid": 9, "generated": 0, "bbox": {"xmin": 245, "ymin": 208, "ymax": 365, "xmax": 436}}], [{"tid": 5, "generated": 0, "bbox": {"xmin": 204, "ymin": 302, "ymax": 645, "xmax": 450}}, {"tid": 9, "generated": 0, "bbox": {"xmin": 238, "ymin": 205, "ymax": 362, "xmax": 429}}], [{"tid": 5, "generated": 0, "bbox": {"xmin": 194, "ymin": 297, "ymax": 643, "xmax": 442}}, {"tid": 9, "generated": 0, "bbox": {"xmin": 232, "ymin": 201, "ymax": 358, "xmax": 423}}], [{"tid": 5, "generated": 0, "bbox": {"xmin": 184, "ymin": 293, "ymax": 641, "xmax": 435}}, {"tid": 9, "generated": 0, "bbox": {"xmin": 225, "ymin": 198, "ymax": 355, "xmax": 416}}], [{"tid": 5, "generated": 0, "bbox": {"xmin": 174, "ymin": 284, "ymax": 638, "xmax": 426}}, {"tid": 9, "generated": 0, "bbox": {"xmin": 221, "ymin": 194, "ymax": 351, "xmax": 412}}], [{"tid": 5, "generated": 0, "bbox": {"xmin": 164, "ymin": 280, "ymax": 636, "xmax": 418}}, {"tid": 9, "generated": 0, "bbox": {"xmin": 216, "ymin": 190, "ymax": 347, "xmax": 407}}], [{"tid": 5, "generated": 0, "bbox": {"xmin": 154, "ymin": 277, "ymax": 634, "xmax": 410}}, {"tid": 9, "generated": 0, "bbox": {"xmin": 212, "ymin": 187, "ymax": 344, "xmax": 403}}], [{"tid": 5, "generated": 0, "bbox": {"xmin": 145, "ymin": 273, "ymax": 632, "xmax": 403}}, {"tid": 9, "generated": 0, "bbox": {"xmin": 207, "ymin": 183, "ymax": 340, "xmax": 398}}], [{"tid": 5, "generated": 0, "bbox": {"xmin": 135, "ymin": 270, "ymax": 631, "xmax": 396}}, {"tid": 9, "generated": 0, "bbox": {"xmin": 203, "ymin": 179, "ymax": 336, "xmax": 394}}], [{"tid": 5, "generated": 0, "bbox": {"xmin": 124, "ymin": 259, "ymax": 629, "xmax": 389}}, {"tid": 9, "generated": 0, "bbox": {"xmin": 197, "ymin": 174, "ymax": 337, "xmax": 391}}], [{"tid": 5, "generated": 0, "bbox": {"xmin": 117, "ymin": 257, "ymax": 625, "xmax": 382}}, {"tid": 9, "generated": 0, "bbox": {"xmin": 190, "ymin": 168, "ymax": 338, "xmax": 388}}], [{"tid": 5, "generated": 0, "bbox": {"xmin": 109, "ymin": 251, "ymax": 621, "xmax": 381}}, {"tid": 9, "generated": 0, "bbox": {"xmin": 184, "ymin": 163, "ymax": 339, "xmax": 384}}], [{"tid": 5, "generated": 0, "bbox": {"xmin": 101, "ymin": 246, "ymax": 618, "xmax": 380}}, {"tid": 9, "generated": 0, "bbox": {"xmin": 177, "ymin": 157, "ymax": 340, "xmax": 381}}], [{"tid": 5, "generated": 0, "bbox": {"xmin": 93, "ymin": 241, "ymax": 614, "xmax": 379}}, {"tid": 9, "generated": 0, "bbox": {"xmin": 171, "ymin": 152, "ymax": 341, "xmax": 378}}], [{"tid": 5, "generated": 0, "bbox": {"xmin": 85, "ymin": 236, "ymax": 611, "xmax": 378}}, {"tid": 9, "generated": 0, "bbox": {"xmin": 165, "ymin": 147, "ymax": 336, "xmax": 372}}], [{"tid": 5, "generated": 0, "bbox": {"xmin": 77, "ymin": 231, "ymax": 607, "xmax": 375}}, {"tid": 9, "generated": 0, "bbox": {"xmin": 159, "ymin": 142, "ymax": 331, "xmax": 366}}], [{"tid": 5, "generated": 0, "bbox": {"xmin": 69, "ymin": 227, "ymax": 604, "xmax": 373}}, {"tid": 9, "generated": 0, "bbox": {"xmin": 152, "ymin": 136, "ymax": 325, "xmax": 359}}], [{"tid": 5, "generated": 0, "bbox": {"xmin": 63, "ymin": 221, "ymax": 600, "xmax": 368}}, {"tid": 9, "generated": 0, "bbox": {"xmin": 146, "ymin": 131, "ymax": 320, "xmax": 353}}], [], [], [], [], [], [], [], [], [], [], [], [], [], [], [], [], [], [], [], [], [], [], [], [], [], [], [], [], [], [], [], [], [], [], [], [], [], [], [], [], [], [], [], [], [], [], [], [], [], [], [], [], [], [], [], [], [], [], [], [], [], [], [], [], [], [], [], [], [], [], [], [], [], [], [], [], [], [], [], [], [], [], [], [], [], [], [], [], [], [], [], [], [], [], [], [], [], [], [], [], [], [], [], [], [], [{"tid": 5, "generated": 0, "bbox": {"xmin": 134, "ymin": 189, "ymax": 429, "xmax": 359}}, {"tid": 9, "generated": 0, "bbox": {"xmin": 230, "ymin": 138, "ymax": 390, "xmax": 355}}], [{"tid": 5, "generated": 0, "bbox": {"xmin": 140, "ymin": 193, "ymax": 432, "xmax": 362}}, {"tid": 9, "generated": 0, "bbox": {"xmin": 231, "ymin": 141, "ymax": 393, "xmax": 356}}], [{"tid": 5, "generated": 0, "bbox": {"xmin": 143, "ymin": 199, "ymax": 434, "xmax": 363}}, {"tid": 9, "generated": 0, "bbox": {"xmin": 232, "ymin": 144, "ymax": 396, "xmax": 357}}], [{"tid": 5, "generated": 0, "bbox": {"xmin": 147, "ymin": 206, "ymax": 437, "xmax": 364}}, {"tid": 9, "generated": 0, "bbox": {"xmin": 234, "ymin": 148, "ymax": 400, "xmax": 359}}], [{"tid": 5, "generated": 0, "bbox": {"xmin": 152, "ymin": 206, "ymax": 440, "xmax": 366}}, {"tid": 9, "generated": 0, "bbox": {"xmin": 235, "ymin": 151, "ymax": 403, "xmax": 360}}], [{"tid": 5, "generated": 0, "bbox": {"xmin": 156, "ymin": 209, "ymax": 444, "xmax": 371}}, {"tid": 9, "generated": 0, "bbox": {"xmin": 236, "ymin": 154, "ymax": 406, "xmax": 361}}], [{"tid": 5, "generated": 0, "bbox": {"xmin": 160, "ymin": 211, "ymax": 446, "xmax": 371}}, {"tid": 9, "generated": 0, "bbox": {"xmin": 239, "ymin": 157, "ymax": 407, "xmax": 363}}], [{"tid": 5, "generated": 0, "bbox": {"xmin": 164, "ymin": 215, "ymax": 447, "xmax": 371}}, {"tid": 9, "generated": 0, "bbox": {"xmin": 242, "ymin": 160, "ymax": 407, "xmax": 365}}], [{"tid": 5, "generated": 0, "bbox": {"xmin": 168, "ymin": 220, "ymax": 448, "xmax": 371}}, {"tid": 9, "generated": 0, "bbox": {"xmin": 246, "ymin": 162, "ymax": 408, "xmax": 368}}], [{"tid": 5, "generated": 0, "bbox": {"xmin": 170, "ymin": 222, "ymax": 450, "xmax": 374}}, {"tid": 9, "generated": 0, "bbox": {"xmin": 249, "ymin": 165, "ymax": 408, "xmax": 370}}], [{"tid": 5, "generated": 0, "bbox": {"xmin": 173, "ymin": 224, "ymax": 453, "xmax": 377}}, {"tid": 9, "generated": 0, "bbox": {"xmin": 252, "ymin": 168, "ymax": 409, "xmax": 372}}], [{"tid": 5, "generated": 0, "bbox": {"xmin": 176, "ymin": 227, "ymax": 456, "xmax": 380}}, {"tid": 9, "generated": 0, "bbox": {"xmin": 254, "ymin": 171, "ymax": 412, "xmax": 374}}], [{"tid": 5, "generated": 0, "bbox": {"xmin": 179, "ymin": 229, "ymax": 457, "xmax": 381}}, {"tid": 9, "generated": 0, "bbox": {"xmin": 256, "ymin": 174, "ymax": 415, "xmax": 376}}], [{"tid": 5, "generated": 0, "bbox": {"xmin": 182, "ymin": 232, "ymax": 458, "xmax": 382}}, {"tid": 9, "generated": 0, "bbox": {"xmin": 259, "ymin": 176, "ymax": 417, "xmax": 379}}], [{"tid": 5, "generated": 0, "bbox": {"xmin": 185, "ymin": 235, "ymax": 459, "xmax": 383}}, {"tid": 9, "generated": 0, "bbox": {"xmin": 261, "ymin": 179, "ymax": 420, "xmax": 381}}], [{"tid": 5, "generated": 0, "bbox": {"xmin": 188, "ymin": 237, "ymax": 461, "xmax": 384}}, {"tid": 9, "generated": 0, "bbox": {"xmin": 263, "ymin": 182, "ymax": 423, "xmax": 383}}], [{"tid": 5, "generated": 0, "bbox": {"xmin": 191, "ymin": 240, "ymax": 462, "xmax": 386}}, {"tid": 9, "generated": 0, "bbox": {"xmin": 265, "ymin": 185, "ymax": 426, "xmax": 385}}], [{"tid": 5, "generated": 0, "bbox": {"xmin": 194, "ymin": 243, "ymax": 463, "xmax": 387}}, {"tid": 9, "generated": 0, "bbox": {"xmin": 267, "ymin": 187, "ymax": 428, "xmax": 387}}], [{"tid": 5, "generated": 0, "bbox": {"xmin": 197, "ymin": 245, "ymax": 465, "xmax": 388}}, {"tid": 9, "generated": 0, "bbox": {"xmin": 269, "ymin": 190, "ymax": 431, "xmax": 389}}], [{"tid": 5, "generated": 0, "bbox": {"xmin": 200, "ymin": 248, "ymax": 466, "xmax": 389}}, {"tid": 9, "generated": 0, "bbox": {"xmin": 271, "ymin": 192, "ymax": 433, "xmax": 391}}], [{"tid": 5, "generated": 0, "bbox": {"xmin": 203, "ymin": 251, "ymax": 467, "xmax": 390}}, {"tid": 9, "generated": 0, "bbox": {"xmin": 273, "ymin": 195, "ymax": 436, "xmax": 393}}], [{"tid": 5, "generated": 0, "bbox": {"xmin": 206, "ymin": 254, "ymax": 469, "xmax": 392}}, {"tid": 9, "generated": 0, "bbox": {"xmin": 277, "ymin": 197, "ymax": 438, "xmax": 397}}], [{"tid": 5, "generated": 0, "bbox": {"xmin": 215, "ymin": 254, "ymax": 469, "xmax": 394}}, {"tid": 9, "generated": 0, "bbox": {"xmin": 281, "ymin": 199, "ymax": 440, "xmax": 401}}], [{"tid": 5, "generated": 0, "bbox": {"xmin": 218, "ymin": 254, "ymax": 471, "xmax": 398}}, {"tid": 9, "generated": 0, "bbox": {"xmin": 284, "ymin": 201, "ymax": 442, "xmax": 404}}], [{"tid": 5, "generated": 0, "bbox": {"xmin": 222, "ymin": 254, "ymax": 471, "xmax": 401}}, {"tid": 9, "generated": 0, "bbox": {"xmin": 288, "ymin": 203, "ymax": 444, "xmax": 408}}], [{"tid": 5, "generated": 0, "bbox": {"xmin": 227, "ymin": 259, "ymax": 474, "xmax": 403}}, {"tid": 9, "generated": 0, "bbox": {"xmin": 292, "ymin": 205, "ymax": 446, "xmax": 412}}], [{"tid": 5, "generated": 0, "bbox": {"xmin": 234, "ymin": 259, "ymax": 474, "xmax": 408}}, {"tid": 9, "generated": 0, "bbox": {"xmin": 294, "ymin": 206, "ymax": 440, "xmax": 414}}], [{"tid": 5, "generated": 0, "bbox": {"xmin": 237, "ymin": 261, "ymax": 475, "xmax": 410}}, {"tid": 9, "generated": 0, "bbox": {"xmin": 297, "ymin": 208, "ymax": 433, "xmax": 417}}], [{"tid": 5, "generated": 0, "bbox": {"xmin": 241, "ymin": 263, "ymax": 476, "xmax": 412}}, {"tid": 9, "generated": 0, "bbox": {"xmin": 299, "ymin": 209, "ymax": 427, "xmax": 419}}], [{"tid": 5, "generated": 0, "bbox": {"xmin": 244, "ymin": 265, "ymax": 477, "xmax": 414}}, {"tid": 9, "generated": 0, "bbox": {"xmin": 302, "ymin": 211, "ymax": 420, "xmax": 422}}], [], [], [], [], [], [], [], [], [], [], [], [], [], [], [], [], [], [], [], [], [], [], [], [], [], [], [], [], [], [], [], [], [], [], [], [], [], [], [], [], [], [], [], [], [], [], [], [], [], [], [], [], [], [], [], [], [], [], [], [], [], [], [], [], [], [], [], [], [], [], [], [], [], [], [], [], [], [], [], [], [], [], [], [], [], [], [], [], [], [], [{"tid": 5, "generated": 0, "bbox": {"xmin": 604, "ymin": 444, "ymax": 570, "xmax": 686}}, {"tid": 9, "generated": 0, "bbox": {"xmin": 601, "ymin": 408, "ymax": 497, "xmax": 702}}], [{"tid": 5, "generated": 0, "bbox": {"xmin": 609, "ymin": 444, "ymax": 569, "xmax": 690}}, {"tid": 9, "generated": 0, "bbox": {"xmin": 604, "ymin": 408, "ymax": 497, "xmax": 705}}], [{"tid": 5, "generated": 0, "bbox": {"xmin": 614, "ymin": 445, "ymax": 568, "xmax": 695}}, {"tid": 9, "generated": 0, "bbox": {"xmin": 607, "ymin": 408, "ymax": 497, "xmax": 708}}], [{"tid": 5, "generated": 0, "bbox": {"xmin": 620, "ymin": 446, "ymax": 568, "xmax": 700}}, {"tid": 9, "generated": 0, "bbox": {"xmin": 610, "ymin": 408, "ymax": 497, "xmax": 711}}], [{"tid": 5, "generated": 0, "bbox": {"xmin": 623, "ymin": 447, "ymax": 568, "xmax": 701}}, {"tid": 9, "generated": 0, "bbox": {"xmin": 613, "ymin": 408, "ymax": 497, "xmax": 714}}], [{"tid": 5, "generated": 0, "bbox": {"xmin": 626, "ymin": 448, "ymax": 568, "xmax": 703}}, {"tid": 9, "generated": 0, "bbox": {"xmin": 616, "ymin": 408, "ymax": 497, "xmax": 717}}], [{"tid": 5, "generated": 0, "bbox": {"xmin": 629, "ymin": 449, "ymax": 568, "xmax": 705}}, {"tid": 9, "generated": 0, "bbox": {"xmin": 617, "ymin": 408, "ymax": 497, "xmax": 718}}], [{"tid": 5, "generated": 0, "bbox": {"xmin": 632, "ymin": 448, "ymax": 567, "xmax": 707}}, {"tid": 9, "generated": 0, "bbox": {"xmin": 618, "ymin": 408, "ymax": 497, "xmax": 719}}], [{"tid": 5, "generated": 0, "bbox": {"xmin": 632, "ymin": 447, "ymax": 564, "xmax": 707}}, {"tid": 9, "generated": 0, "bbox": {"xmin": 619, "ymin": 408, "ymax": 497, "xmax": 720}}], [{"tid": 5, "generated": 0, "bbox": {"xmin": 632, "ymin": 446, "ymax": 561, "xmax": 707}}, {"tid": 9, "generated": 0, "bbox": {"xmin": 620, "ymin": 408, "ymax": 497, "xmax": 721}}], [{"tid": 5, "generated": 0, "bbox": {"xmin": 636, "ymin": 448, "ymax": 561, "xmax": 711}}, {"tid": 9, "generated": 0, "bbox": {"xmin": 621, "ymin": 408, "ymax": 497, "xmax": 722}}], [{"tid": 5, "generated": 0, "bbox": {"xmin": 632, "ymin": 446, "ymax": 560, "xmax": 707}}, {"tid": 9, "generated": 0, "bbox": {"xmin": 619, "ymin": 408, "ymax": 497, "xmax": 714}}], [{"tid": 5, "generated": 0, "bbox": {"xmin": 627, "ymin": 445, "ymax": 557, "xmax": 702}}, {"tid": 9, "generated": 0, "bbox": {"xmin": 617, "ymin": 408, "ymax": 497, "xmax": 705}}], [{"tid": 5, "generated": 0, "bbox": {"xmin": 622, "ymin": 445, "ymax": 554, "xmax": 697}}, {"tid": 9, "generated": 0, "bbox": {"xmin": 615, "ymin": 407, "ymax": 496, "xmax": 697}}], [{"tid": 5, "generated": 0, "bbox": {"xmin": 617, "ymin": 444, "ymax": 551, "xmax": 692}}, {"tid": 9, "generated": 0, "bbox": {"xmin": 613, "ymin": 407, "ymax": 496, "xmax": 688}}], [{"tid": 5, "generated": 0, "bbox": {"xmin": 613, "ymin": 444, "ymax": 549, "xmax": 688}}, {"tid": 9, "generated": 0, "bbox": {"xmin": 611, "ymin": 407, "ymax": 496, "xmax": 680}}], [{"tid": 5, "generated": 0, "bbox": {"xmin": 608, "ymin": 444, "ymax": 550, "xmax": 683}}, {"tid": 9, "generated": 0, "bbox": {"xmin": 610, "ymin": 407, "ymax": 496, "xmax": 679}}], [{"tid": 5, "generated": 0, "bbox": {"xmin": 604, "ymin": 444, "ymax": 551, "xmax": 679}}, {"tid": 9, "generated": 0, "bbox": {"xmin": 609, "ymin": 407, "ymax": 496, "xmax": 678}}], [{"tid": 5, "generated": 0, "bbox": {"xmin": 606, "ymin": 444, "ymax": 551, "xmax": 682}}, {"tid": 9, "generated": 0, "bbox": {"xmin": 608, "ymin": 407, "ymax": 496, "xmax": 677}}], [{"tid": 5, "generated": 0, "bbox": {"xmin": 604, "ymin": 444, "ymax": 551, "xmax": 679}}, {"tid": 9, "generated": 0, "bbox": {"xmin": 607, "ymin": 407, "ymax": 496, "xmax": 676}}], [{"tid": 5, "generated": 0, "bbox": {"xmin": 604, "ymin": 440, "ymax": 547, "xmax": 679}}, {"tid": 9, "generated": 0, "bbox": {"xmin": 606, "ymin": 407, "ymax": 496, "xmax": 675}}], [{"tid": 5, "generated": 0, "bbox": {"xmin": 600, "ymin": 440, "ymax": 545, "xmax": 675}}, {"tid": 9, "generated": 0, "bbox": {"xmin": 601, "ymin": 407, "ymax": 496, "xmax": 670}}], [{"tid": 5, "generated": 0, "bbox": {"xmin": 598, "ymin": 440, "ymax": 543, "xmax": 670}}, {"tid": 9, "generated": 0, "bbox": {"xmin": 596, "ymin": 406, "ymax": 495, "xmax": 665}}], [{"tid": 5, "generated": 0, "bbox": {"xmin": 597, "ymin": 440, "ymax": 542, "xmax": 666}}, {"tid": 9, "generated": 0, "bbox": {"xmin": 591, "ymin": 406, "ymax": 495, "xmax": 660}}], [{"tid": 5, "generated": 0, "bbox": {"xmin": 595, "ymin": 440, "ymax": 542, "xmax": 661}}, {"tid": 9, "generated": 0, "bbox": {"xmin": 586, "ymin": 405, "ymax": 494, "xmax": 655}}], [{"tid": 5, "generated": 0, "bbox": {"xmin": 593, "ymin": 440, "ymax": 542, "xmax": 657}}, {"tid": 9, "generated": 0, "bbox": {"xmin": 581, "ymin": 405, "ymax": 494, "xmax": 650}}], [{"tid": 5, "generated": 0, "bbox": {"xmin": 590, "ymin": 442, "ymax": 542, "xmax": 654}}, {"tid": 9, "generated": 0, "bbox": {"xmin": 581, "ymin": 405, "ymax": 494, "xmax": 650}}], [{"tid": 5, "generated": 0, "bbox": {"xmin": 588, "ymin": 441, "ymax": 541, "xmax": 652}}, {"tid": 9, "generated": 0, "bbox": {"xmin": 581, "ymin": 405, "ymax": 494, "xmax": 650}}], [{"tid": 5, "generated": 0, "bbox": {"xmin": 587, "ymin": 441, "ymax": 540, "xmax": 650}}, {"tid": 9, "generated": 0, "bbox": {"xmin": 580, "ymin": 405, "ymax": 494, "xmax": 649}}], [{"tid": 5, "generated": 0, "bbox": {"xmin": 586, "ymin": 440, "ymax": 539, "xmax": 648}}, {"tid": 9, "generated": 0, "bbox": {"xmin": 580, "ymin": 405, "ymax": 494, "xmax": 649}}], [], [], [], [], [], [], [], [], [], [], [], [], [], [], [], [], [], [], [], [], [], [], [], [], [], [], [], [], [], [], [], [], [], [], [], [], [], [], [], [], [], [], [], [], [], [], [], [], [], [], [], [], [], [], [], [], [], [], [], [], [], [], [], [], [], [], [], [], [], [], [], [], [], [], [], [], [], [], [], [], [], [], [], [], [], [], [], [], [], [], [], [], [], [], [], [], [], [], [], [], [], [], [], [], [], [], [], [], [], [], [], [], [], [], [], [], [], [], [], [], [], [], [], [], [], [], [], [], [], [], [], [], [], [], [], [], [], [], [], [], [], [], [], [], [], [], [], [], [], [], [], [], [], [], [], [], [], [], [], [], [], [], [], [], [], [{"tid": 8, "generated": 0, "bbox": {"xmin": 590, "ymin": 438, "ymax": 533, "xmax": 655}}, {"tid": 11, "generated": 0, "bbox": {"xmin": 595, "ymin": 418, "ymax": 475, "xmax": 657}}], [{"tid": 8, "generated": 0, "bbox": {"xmin": 586, "ymin": 440, "ymax": 531, "xmax": 650}}, {"tid": 11, "generated": 0, "bbox": {"xmin": 591, "ymin": 418, "ymax": 475, "xmax": 653}}], [{"tid": 8, "generated": 0, "bbox": {"xmin": 581, "ymin": 442, "ymax": 531, "xmax": 645}}, {"tid": 11, "generated": 0, "bbox": {"xmin": 587, "ymin": 419, "ymax": 476, "xmax": 649}}], [{"tid": 8, "generated": 0, "bbox": {"xmin": 579, "ymin": 441, "ymax": 529, "xmax": 641}}, {"tid": 11, "generated": 0, "bbox": {"xmin": 583, "ymin": 419, "ymax": 476, "xmax": 645}}], [{"tid": 8, "generated": 0, "bbox": {"xmin": 578, "ymin": 440, "ymax": 527, "xmax": 637}}, {"tid": 11, "generated": 0, "bbox": {"xmin": 579, "ymin": 420, "ymax": 477, "xmax": 641}}], [{"tid": 8, "generated": 0, "bbox": {"xmin": 577, "ymin": 440, "ymax": 526, "xmax": 634}}, {"tid": 11, "generated": 0, "bbox": {"xmin": 575, "ymin": 420, "ymax": 477, "xmax": 637}}], [{"tid": 8, "generated": 0, "bbox": {"xmin": 575, "ymin": 441, "ymax": 526, "xmax": 632}}, {"tid": 11, "generated": 0, "bbox": {"xmin": 574, "ymin": 420, "ymax": 477, "xmax": 636}}], [{"tid": 8, "generated": 0, "bbox": {"xmin": 574, "ymin": 442, "ymax": 526, "xmax": 631}}, {"tid": 11, "generated": 0, "bbox": {"xmin": 573, "ymin": 420, "ymax": 477, "xmax": 635}}], [{"tid": 8, "generated": 0, "bbox": {"xmin": 573, "ymin": 441, "ymax": 524, "xmax": 629}}, {"tid": 11, "generated": 0, "bbox": {"xmin": 571, "ymin": 419, "ymax": 476, "xmax": 633}}], [{"tid": 8, "generated": 0, "bbox": {"xmin": 572, "ymin": 440, "ymax": 522, "xmax": 627}}, {"tid": 11, "generated": 0, "bbox": {"xmin": 570, "ymin": 419, "ymax": 476, "xmax": 632}}], [{"tid": 8, "generated": 0, "bbox": {"xmin": 574, "ymin": 439, "ymax": 520, "xmax": 629}}, {"tid": 11, "generated": 0, "bbox": {"xmin": 569, "ymin": 419, "ymax": 476, "xmax": 631}}], [{"tid": 8, "generated": 0, "bbox": {"xmin": 574, "ymin": 437, "ymax": 517, "xmax": 629}}, {"tid": 11, "generated": 0, "bbox": {"xmin": 573, "ymin": 418, "ymax": 475, "xmax": 635}}], [{"tid": 8, "generated": 0, "bbox": {"xmin": 574, "ymin": 437, "ymax": 515, "xmax": 629}}, {"tid": 11, "generated": 0, "bbox": {"xmin": 577, "ymin": 418, "ymax": 475, "xmax": 639}}], [{"tid": 8, "generated": 0, "bbox": {"xmin": 579, "ymin": 437, "ymax": 515, "xmax": 634}}, {"tid": 11, "generated": 0, "bbox": {"xmin": 582, "ymin": 417, "ymax": 474, "xmax": 644}}], [{"tid": 8, "generated": 0, "bbox": {"xmin": 584, "ymin": 437, "ymax": 515, "xmax": 639}}, {"tid": 11, "generated": 0, "bbox": {"xmin": 586, "ymin": 417, "ymax": 474, "xmax": 648}}], [{"tid": 8, "generated": 0, "bbox": {"xmin": 589, "ymin": 437, "ymax": 515, "xmax": 644}}, {"tid": 11, "generated": 0, "bbox": {"xmin": 590, "ymin": 416, "ymax": 473, "xmax": 652}}], [{"tid": 8, "generated": 0, "bbox": {"xmin": 594, "ymin": 437, "ymax": 515, "xmax": 649}}, {"tid": 11, "generated": 0, "bbox": {"xmin": 595, "ymin": 417, "ymax": 474, "xmax": 657}}], [{"tid": 8, "generated": 0, "bbox": {"xmin": 599, "ymin": 437, "ymax": 515, "xmax": 654}}, {"tid": 11, "generated": 0, "bbox": {"xmin": 600, "ymin": 418, "ymax": 475, "xmax": 662}}], [{"tid": 8, "generated": 0, "bbox": {"xmin": 604, "ymin": 437, "ymax": 515, "xmax": 659}}, {"tid": 11, "generated": 0, "bbox": {"xmin": 604, "ymin": 419, "ymax": 476, "xmax": 666}}], [{"tid": 8, "generated": 0, "bbox": {"xmin": 609, "ymin": 437, "ymax": 515, "xmax": 664}}, {"tid": 11, "generated": 0, "bbox": {"xmin": 609, "ymin": 420, "ymax": 477, "xmax": 671}}], [{"tid": 8, "generated": 0, "bbox": {"xmin": 615, "ymin": 437, "ymax": 515, "xmax": 670}}, {"tid": 11, "generated": 0, "bbox": {"xmin": 614, "ymin": 421, "ymax": 478, "xmax": 676}}], [{"tid": 8, "generated": 0, "bbox": {"xmin": 620, "ymin": 437, "ymax": 515, "xmax": 675}}, {"tid": 11, "generated": 0, "bbox": {"xmin": 617, "ymin": 420, "ymax": 477, "xmax": 679}}], [{"tid": 8, "generated": 0, "bbox": {"xmin": 625, "ymin": 435, "ymax": 515, "xmax": 682}}, {"tid": 11, "generated": 0, "bbox": {"xmin": 620, "ymin": 419, "ymax": 476, "xmax": 682}}], [{"tid": 8, "generated": 0, "bbox": {"xmin": 629, "ymin": 435, "ymax": 515, "xmax": 686}}, {"tid": 11, "generated": 0, "bbox": {"xmin": 622, "ymin": 417, "ymax": 474, "xmax": 684}}], [{"tid": 8, "generated": 0, "bbox": {"xmin": 634, "ymin": 432, "ymax": 510, "xmax": 691}}, {"tid": 11, "generated": 0, "bbox": {"xmin": 625, "ymin": 416, "ymax": 473, "xmax": 687}}], [{"tid": 8, "generated": 0, "bbox": {"xmin": 638, "ymin": 430, "ymax": 510, "xmax": 693}}, {"tid": 11, "generated": 0, "bbox": {"xmin": 628, "ymin": 415, "ymax": 472, "xmax": 690}}], [{"tid": 8, "generated": 0, "bbox": {"xmin": 639, "ymin": 430, "ymax": 509, "xmax": 695}}, {"tid": 11, "generated": 0, "bbox": {"xmin": 631, "ymin": 413, "ymax": 470, "xmax": 693}}], [{"tid": 8, "generated": 0, "bbox": {"xmin": 641, "ymin": 430, "ymax": 508, "xmax": 698}}, {"tid": 11, "generated": 0, "bbox": {"xmin": 634, "ymin": 411, "ymax": 468, "xmax": 696}}], [{"tid": 8, "generated": 0, "bbox": {"xmin": 645, "ymin": 428, "ymax": 506, "xmax": 700}}, {"tid": 11, "generated": 0, "bbox": {"xmin": 637, "ymin": 410, "ymax": 467, "xmax": 699}}], [{"tid": 8, "generated": 0, "bbox": {"xmin": 648, "ymin": 426, "ymax": 506, "xmax": 704}}, {"tid": 11, "generated": 0, "bbox": {"xmin": 640, "ymin": 408, "ymax": 465, "xmax": 702}}]], "subject/objects": [{"category": "motorcycle", "tid": 0}, {"category": "motorcycle", "tid": 5}, {"category": "motorcycle", "tid": 8}, {"category": "person", "tid": 9}, {"category": "person", "tid": 11}], "relation_instances": [{"end_fid": 30, "subject_tid": 0, "predicate": "move_beneath", "begin_fid": 0, "object_tid": 9}, {"end_fid": 30, "subject_tid": 9, "predicate": "sit_above", "begin_fid": 0, "object_tid": 0}, {"end_fid": 30, "subject_tid": 9, "predicate": "ride", "begin_fid": 0, "object_tid": 0}, {"end_fid": 105, "subject_tid": 0, "predicate": "move_beneath", "begin_fid": 75, "object_tid": 9}, {"end_fid": 105, "subject_tid": 9, "predicate": "sit_above", "begin_fid": 75, "object_tid": 0}, {"end_fid": 105, "subject_tid": 9, "predicate": "ride", "begin_fid": 75, "object_tid": 0}, {"end_fid": 180, "subject_tid": 0, "predicate": "move_beneath", "begin_fid": 150, "object_tid": 9}, {"end_fid": 180, "subject_tid": 9, "predicate": "sit_above", "begin_fid": 150, "object_tid": 0}, {"end_fid": 180, "subject_tid": 9, "predicate": "ride", "begin_fid": 150, "object_tid": 0}, {"end_fid": 270, "subject_tid": 5, "predicate": "move_beneath", "begin_fid": 240, "object_tid": 9}, {"end_fid": 270, "subject_tid": 9, "predicate": "sit_above", "begin_fid": 240, "object_tid": 5}, {"end_fid": 270, "subject_tid": 9, "predicate": "ride", "begin_fid": 240, "object_tid": 5}, {"end_fid": 405, "subject_tid": 5, "predicate": "move_beneath", "begin_fid": 375, "object_tid": 9}, {"end_fid": 405, "subject_tid": 9, "predicate": "sit_above", "begin_fid": 375, "object_tid": 5}, {"end_fid": 405, "subject_tid": 9, "predicate": "ride", "begin_fid": 375, "object_tid": 5}, {"end_fid": 540, "subject_tid": 5, "predicate": "move_beneath", "begin_fid": 510, "object_tid": 9}, {"end_fid": 540, "subject_tid": 9, "predicate": "sit_above", "begin_fid": 510, "object_tid": 5}, {"end_fid": 540, "subject_tid": 9, "predicate": "ride", "begin_fid": 510, "object_tid": 5}, {"end_fid": 675, "subject_tid": 5, "predicate": "move_beneath", "begin_fid": 645, "object_tid": 9}, {"end_fid": 675, "subject_tid": 9, "predicate": "sit_above", "begin_fid": 645, "object_tid": 5}, {"end_fid": 675, "subject_tid": 9, "predicate": "ride", "begin_fid": 645, "object_tid": 5}, {"end_fid": 795, "subject_tid": 5, "predicate": "move_beneath", "begin_fid": 765, "object_tid": 9}, {"end_fid": 795, "subject_tid": 9, "predicate": "sit_above", "begin_fid": 765, "object_tid": 5}, {"end_fid": 795, "subject_tid": 9, "predicate": "ride", "begin_fid": 765, "object_tid": 5}, {"end_fid": 990, "subject_tid": 8, "predicate": "move_beneath", "begin_fid": 960, "object_tid": 11}, {"end_fid": 990, "subject_tid": 11, "predicate": "sit_above", "begin_fid": 960, "object_tid": 8}, {"end_fid": 990, "subject_tid": 11, "predicate": "ride", "begin_fid": 960, "object_tid": 8}], "height": 720}