{"width": 1280, "frame_count": 609, "video_id": "ILSVRC2015_train_00973002", "fps": 29, "trajectories": [[], [], [], [], [], [], [], [], [], [], [], [], [], [], [], [], [], [], [], [], [], [], [], [], [], [], [], [], [], [], [], [], [], [], [], [], [], [], [], [], [], [], [], [], [], [], [], [], [], [], [], [], [], [], [], [], [], [], [], [], [], [], [], [], [], [], [], [], [], [], [], [], [], [], [], [], [], [], [], [], [], [], [], [], [], [], [], [], [], [], [], [], [], [], [], [], [], [], [], [], [], [], [], [], [], [], [], [], [], [], [], [], [], [], [], [], [], [], [], [], [], [], [], [], [], [], [], [], [], [], [], [], [], [], [], [], [], [], [], [], [], [], [], [], [], [], [], [], [], [], [], [], [], [], [], [], [], [], [], [], [], [], [], [], [], [], [], [], [], [], [], [], [], [], [], [], [], [], [], [], [], [], [], [], [], [], [], [], [], [], [], [], [], [], [], [], [], [], [], [], [], [], [], [], [], [], [], [], [], [], [], [], [], [], [], [], [], [], [], [], [], [], [], [], [], [], [], [], [], [], [], [], [], [], [], [], [], [], [], [], [], [], [], [], [], [], [], [], [], [], [], [], [], [], [], [], [], [], [], [], [], [], [], [], [], [], [], [], [], [], [], [], [], [], [], [], [], [], [], [], [], [], [], [], [], [], [], [], [], [], [], [], [], [], [], [], [], [], [], [], [], [], [], [], [], [], [], [], [], [], [], [], [], [], [], [], [], [], [], [], [], [], [], [], [], [], [], [], [], [], [], [], [], [], [], [], [], [], [], [], [], [], [], [], [], [], [], [], [], [], [], [], [], [], [], [], [], [], [], [], [], [], [], [], [], [], [], [], [], [], [], [], [], [], [], [], [], [], [], [], [], [], [], [], [], [], [], [], [], [], [], [], [], [], [], [], [], [], [], [], [], [], [], [], [], [], [], [], [], [], [], [], [], [], [], [], [], [], [], [], [], [], [], [], [], [], [], [], [], [], [], [], [], [], [], [], [], [], [], [], [], [], [], [], [], [], [], [], [], [], [], [], [], [], [], [], [], [], [], [], [], [], [], [], [], [{"tid": 0, "generated": 0, "bbox": {"xmin": 711, "ymin": 288, "ymax": 348, "xmax": 816}}, {"tid": 1, "generated": 0, "bbox": {"xmin": 823, "ymin": 679, "ymax": 716, "xmax": 896}}], [{"tid": 0, "generated": 0, "bbox": {"xmin": 709, "ymin": 284, "ymax": 344, "xmax": 816}}, {"tid": 1, "generated": 0, "bbox": {"xmin": 806, "ymin": 675, "ymax": 716, "xmax": 885}}], [{"tid": 0, "generated": 0, "bbox": {"xmin": 712, "ymin": 282, "ymax": 341, "xmax": 812}}, {"tid": 1, "generated": 0, "bbox": {"xmin": 789, "ymin": 672, "ymax": 716, "xmax": 874}}], [{"tid": 0, "generated": 0, "bbox": {"xmin": 704, "ymin": 275, "ymax": 339, "xmax": 805}}, {"tid": 1, "generated": 0, "bbox": {"xmin": 772, "ymin": 666, "ymax": 716, "xmax": 859}}], [{"tid": 0, "generated": 0, "bbox": {"xmin": 702, "ymin": 273, "ymax": 332, "xmax": 796}}, {"tid": 1, "generated": 0, "bbox": {"xmin": 756, "ymin": 661, "ymax": 716, "xmax": 844}}], [{"tid": 0, "generated": 0, "bbox": {"xmin": 693, "ymin": 268, "ymax": 327, "xmax": 787}}, {"tid": 1, "generated": 0, "bbox": {"xmin": 740, "ymin": 656, "ymax": 716, "xmax": 830}}], [{"tid": 0, "generated": 0, "bbox": {"xmin": 673, "ymin": 263, "ymax": 325, "xmax": 768}}, {"tid": 1, "generated": 0, "bbox": {"xmin": 724, "ymin": 651, "ymax": 716, "xmax": 815}}], [{"tid": 0, "generated": 0, "bbox": {"xmin": 650, "ymin": 257, "ymax": 314, "xmax": 752}}, {"tid": 1, "generated": 0, "bbox": {"xmin": 707, "ymin": 646, "ymax": 716, "xmax": 800}}], [{"tid": 0, "generated": 0, "bbox": {"xmin": 632, "ymin": 252, "ymax": 316, "xmax": 734}}, {"tid": 1, "generated": 0, "bbox": {"xmin": 691, "ymin": 641, "ymax": 716, "xmax": 786}}], [{"tid": 0, "generated": 0, "bbox": {"xmin": 615, "ymin": 247, "ymax": 309, "xmax": 711}}, {"tid": 1, "generated": 0, "bbox": {"xmin": 675, "ymin": 636, "ymax": 716, "xmax": 771}}], [{"tid": 0, "generated": 0, "bbox": {"xmin": 586, "ymin": 241, "ymax": 305, "xmax": 688}}, {"tid": 1, "generated": 0, "bbox": {"xmin": 659, "ymin": 631, "ymax": 716, "xmax": 757}}], [{"tid": 0, "generated": 0, "bbox": {"xmin": 565, "ymin": 236, "ymax": 298, "xmax": 675}}, {"tid": 1, "generated": 0, "bbox": {"xmin": 644, "ymin": 624, "ymax": 713, "xmax": 741}}], [{"tid": 0, "generated": 0, "bbox": {"xmin": 547, "ymin": 229, "ymax": 291, "xmax": 661}}, {"tid": 1, "generated": 0, "bbox": {"xmin": 630, "ymin": 618, "ymax": 710, "xmax": 725}}], [{"tid": 0, "generated": 0, "bbox": {"xmin": 533, "ymin": 222, "ymax": 284, "xmax": 647}}, {"tid": 1, "generated": 0, "bbox": {"xmin": 616, "ymin": 612, "ymax": 707, "xmax": 709}}], [{"tid": 0, "generated": 0, "bbox": {"xmin": 520, "ymin": 219, "ymax": 279, "xmax": 636}}, {"tid": 1, "generated": 0, "bbox": {"xmin": 602, "ymin": 606, "ymax": 704, "xmax": 693}}], [{"tid": 0, "generated": 0, "bbox": {"xmin": 508, "ymin": 216, "ymax": 275, "xmax": 625}}, {"tid": 1, "generated": 0, "bbox": {"xmin": 588, "ymin": 600, "ymax": 702, "xmax": 677}}, {"tid": 2, "generated": 0, "bbox": {"xmin": 791, "ymin": 625, "ymax": 716, "xmax": 856}}, {"tid": 3, "generated": 0, "bbox": {"xmin": 874, "ymin": 622, "ymax": 716, "xmax": 944}}, {"tid": 4, "generated": 0, "bbox": {"xmin": 1116, "ymin": 638, "ymax": 716, "xmax": 1189}}, {"tid": 5, "generated": 0, "bbox": {"xmin": 1189, "ymin": 650, "ymax": 718, "xmax": 1265}}], [{"tid": 0, "generated": 0, "bbox": {"xmin": 504, "ymin": 209, "ymax": 273, "xmax": 624}}, {"tid": 1, "generated": 0, "bbox": {"xmin": 586, "ymin": 598, "ymax": 699, "xmax": 675}}, {"tid": 2, "generated": 0, "bbox": {"xmin": 788, "ymin": 623, "ymax": 716, "xmax": 854}}, {"tid": 3, "generated": 0, "bbox": {"xmin": 872, "ymin": 619, "ymax": 716, "xmax": 941}}, {"tid": 4, "generated": 0, "bbox": {"xmin": 1112, "ymin": 635, "ymax": 716, "xmax": 1184}}, {"tid": 5, "generated": 0, "bbox": {"xmin": 1185, "ymin": 645, "ymax": 717, "xmax": 1263}}], [{"tid": 0, "generated": 0, "bbox": {"xmin": 499, "ymin": 208, "ymax": 270, "xmax": 624}}, {"tid": 1, "generated": 0, "bbox": {"xmin": 584, "ymin": 596, "ymax": 697, "xmax": 673}}, {"tid": 2, "generated": 0, "bbox": {"xmin": 785, "ymin": 621, "ymax": 716, "xmax": 852}}, {"tid": 3, "generated": 0, "bbox": {"xmin": 870, "ymin": 616, "ymax": 716, "xmax": 938}}, {"tid": 4, "generated": 0, "bbox": {"xmin": 1108, "ymin": 632, "ymax": 716, "xmax": 1180}}, {"tid": 5, "generated": 0, "bbox": {"xmin": 1181, "ymin": 641, "ymax": 717, "xmax": 1261}}], [{"tid": 0, "generated": 0, "bbox": {"xmin": 499, "ymin": 206, "ymax": 266, "xmax": 625}}, {"tid": 1, "generated": 0, "bbox": {"xmin": 582, "ymin": 594, "ymax": 695, "xmax": 671}}, {"tid": 2, "generated": 0, "bbox": {"xmin": 782, "ymin": 619, "ymax": 716, "xmax": 850}}, {"tid": 3, "generated": 0, "bbox": {"xmin": 868, "ymin": 614, "ymax": 717, "xmax": 936}}, {"tid": 4, "generated": 0, "bbox": {"xmin": 1105, "ymin": 629, "ymax": 717, "xmax": 1176}}, {"tid": 5, "generated": 0, "bbox": {"xmin": 1177, "ymin": 637, "ymax": 716, "xmax": 1259}}], [{"tid": 0, "generated": 0, "bbox": {"xmin": 504, "ymin": 200, "ymax": 264, "xmax": 625}}, {"tid": 1, "generated": 0, "bbox": {"xmin": 580, "ymin": 592, "ymax": 693, "xmax": 669}}, {"tid": 2, "generated": 0, "bbox": {"xmin": 779, "ymin": 617, "ymax": 716, "xmax": 848}}, {"tid": 3, "generated": 0, "bbox": {"xmin": 866, "ymin": 611, "ymax": 717, "xmax": 933}}, {"tid": 4, "generated": 0, "bbox": {"xmin": 1101, "ymin": 626, "ymax": 717, "xmax": 1172}}, {"tid": 5, "generated": 0, "bbox": {"xmin": 1173, "ymin": 633, "ymax": 716, "xmax": 1257}}], [{"tid": 0, "generated": 0, "bbox": {"xmin": 504, "ymin": 200, "ymax": 263, "xmax": 627}}, {"tid": 1, "generated": 0, "bbox": {"xmin": 579, "ymin": 590, "ymax": 691, "xmax": 668}}, {"tid": 2, "generated": 0, "bbox": {"xmin": 776, "ymin": 615, "ymax": 716, "xmax": 846}}, {"tid": 3, "generated": 0, "bbox": {"xmin": 864, "ymin": 609, "ymax": 718, "xmax": 931}}, {"tid": 4, "generated": 0, "bbox": {"xmin": 1098, "ymin": 624, "ymax": 718, "xmax": 1168}}, {"tid": 5, "generated": 0, "bbox": {"xmin": 1169, "ymin": 629, "ymax": 716, "xmax": 1255}}], [{"tid": 0, "generated": 0, "bbox": {"xmin": 506, "ymin": 200, "ymax": 263, "xmax": 620}}, {"tid": 1, "generated": 0, "bbox": {"xmin": 575, "ymin": 590, "ymax": 690, "xmax": 670}}, {"tid": 2, "generated": 0, "bbox": {"xmin": 776, "ymin": 615, "ymax": 716, "xmax": 847}}, {"tid": 3, "generated": 0, "bbox": {"xmin": 864, "ymin": 608, "ymax": 717, "xmax": 931}}, {"tid": 4, "generated": 0, "bbox": {"xmin": 1102, "ymin": 624, "ymax": 716, "xmax": 1172}}, {"tid": 5, "generated": 0, "bbox": {"xmin": 1171, "ymin": 633, "ymax": 717, "xmax": 1254}}], [{"tid": 0, "generated": 0, "bbox": {"xmin": 510, "ymin": 199, "ymax": 264, "xmax": 622}}, {"tid": 1, "generated": 0, "bbox": {"xmin": 572, "ymin": 590, "ymax": 689, "xmax": 673}}, {"tid": 2, "generated": 0, "bbox": {"xmin": 776, "ymin": 615, "ymax": 716, "xmax": 848}}, {"tid": 3, "generated": 0, "bbox": {"xmin": 864, "ymin": 608, "ymax": 716, "xmax": 931}}, {"tid": 4, "generated": 0, "bbox": {"xmin": 1107, "ymin": 624, "ymax": 714, "xmax": 1176}}, {"tid": 5, "generated": 0, "bbox": {"xmin": 1173, "ymin": 638, "ymax": 718, "xmax": 1253}}], [{"tid": 0, "generated": 0, "bbox": {"xmin": 520, "ymin": 199, "ymax": 263, "xmax": 632}}, {"tid": 1, "generated": 0, "bbox": {"xmin": 579, "ymin": 591, "ymax": 691, "xmax": 676}}, {"tid": 2, "generated": 0, "bbox": {"xmin": 781, "ymin": 615, "ymax": 716, "xmax": 855}}, {"tid": 3, "generated": 0, "bbox": {"xmin": 869, "ymin": 608, "ymax": 716, "xmax": 937}}, {"tid": 4, "generated": 0, "bbox": {"xmin": 1113, "ymin": 624, "ymax": 713, "xmax": 1182}}, {"tid": 5, "generated": 0, "bbox": {"xmin": 1180, "ymin": 639, "ymax": 718, "xmax": 1258}}], [{"tid": 0, "generated": 0, "bbox": {"xmin": 535, "ymin": 201, "ymax": 264, "xmax": 638}}, {"tid": 1, "generated": 0, "bbox": {"xmin": 587, "ymin": 592, "ymax": 693, "xmax": 680}}, {"tid": 2, "generated": 0, "bbox": {"xmin": 786, "ymin": 615, "ymax": 716, "xmax": 862}}, {"tid": 3, "generated": 0, "bbox": {"xmin": 874, "ymin": 608, "ymax": 716, "xmax": 944}}, {"tid": 4, "generated": 0, "bbox": {"xmin": 1119, "ymin": 624, "ymax": 712, "xmax": 1189}}, {"tid": 5, "generated": 0, "bbox": {"xmin": 1187, "ymin": 641, "ymax": 718, "xmax": 1263}}], [{"tid": 0, "generated": 0, "bbox": {"xmin": 551, "ymin": 204, "ymax": 266, "xmax": 645}}, {"tid": 1, "generated": 0, "bbox": {"xmin": 595, "ymin": 593, "ymax": 695, "xmax": 684}}, {"tid": 2, "generated": 0, "bbox": {"xmin": 792, "ymin": 615, "ymax": 716, "xmax": 869}}, {"tid": 3, "generated": 0, "bbox": {"xmin": 880, "ymin": 608, "ymax": 716, "xmax": 951}}, {"tid": 4, "generated": 0, "bbox": {"xmin": 1125, "ymin": 624, "ymax": 711, "xmax": 1196}}, {"tid": 5, "generated": 0, "bbox": {"xmin": 1194, "ymin": 643, "ymax": 718, "xmax": 1269}}], [{"tid": 0, "generated": 0, "bbox": {"xmin": 552, "ymin": 208, "ymax": 270, "xmax": 647}}, {"tid": 1, "generated": 0, "bbox": {"xmin": 595, "ymin": 596, "ymax": 699, "xmax": 683}}, {"tid": 2, "generated": 0, "bbox": {"xmin": 791, "ymin": 619, "ymax": 716, "xmax": 867}}, {"tid": 3, "generated": 0, "bbox": {"xmin": 880, "ymin": 612, "ymax": 716, "xmax": 951}}, {"tid": 4, "generated": 0, "bbox": {"xmin": 1124, "ymin": 629, "ymax": 712, "xmax": 1194}}, {"tid": 5, "generated": 0, "bbox": {"xmin": 1194, "ymin": 647, "ymax": 717, "xmax": 1268}}], [{"tid": 0, "generated": 0, "bbox": {"xmin": 552, "ymin": 209, "ymax": 277, "xmax": 648}}, {"tid": 1, "generated": 0, "bbox": {"xmin": 595, "ymin": 600, "ymax": 704, "xmax": 683}}, {"tid": 2, "generated": 0, "bbox": {"xmin": 790, "ymin": 623, "ymax": 716, "xmax": 865}}, {"tid": 3, "generated": 0, "bbox": {"xmin": 881, "ymin": 617, "ymax": 716, "xmax": 951}}, {"tid": 4, "generated": 0, "bbox": {"xmin": 1123, "ymin": 635, "ymax": 713, "xmax": 1193}}, {"tid": 5, "generated": 0, "bbox": {"xmin": 1194, "ymin": 651, "ymax": 717, "xmax": 1267}}], [{"tid": 0, "generated": 0, "bbox": {"xmin": 556, "ymin": 215, "ymax": 280, "xmax": 648}}, {"tid": 1, "generated": 0, "bbox": {"xmin": 595, "ymin": 603, "ymax": 708, "xmax": 682}}, {"tid": 2, "generated": 0, "bbox": {"xmin": 790, "ymin": 627, "ymax": 717, "xmax": 863}}, {"tid": 3, "generated": 0, "bbox": {"xmin": 881, "ymin": 622, "ymax": 717, "xmax": 951}}, {"tid": 4, "generated": 0, "bbox": {"xmin": 1122, "ymin": 640, "ymax": 714, "xmax": 1191}}, {"tid": 5, "generated": 0, "bbox": {"xmin": 1194, "ymin": 655, "ymax": 716, "xmax": 1266}}], [{"tid": 0, "generated": 0, "bbox": {"xmin": 560, "ymin": 220, "ymax": 284, "xmax": 654}}, {"tid": 1, "generated": 0, "bbox": {"xmin": 595, "ymin": 607, "ymax": 713, "xmax": 682}}, {"tid": 2, "generated": 0, "bbox": {"xmin": 789, "ymin": 631, "ymax": 717, "xmax": 861}}, {"tid": 3, "generated": 0, "bbox": {"xmin": 882, "ymin": 627, "ymax": 717, "xmax": 951}}, {"tid": 4, "generated": 0, "bbox": {"xmin": 1121, "ymin": 646, "ymax": 715, "xmax": 1190}}, {"tid": 5, "generated": 0, "bbox": {"xmin": 1194, "ymin": 659, "ymax": 716, "xmax": 1265}}], [{"tid": 0, "generated": 0, "bbox": {"xmin": 558, "ymin": 223, "ymax": 287, "xmax": 655}}, {"tid": 1, "generated": 0, "bbox": {"xmin": 595, "ymin": 611, "ymax": 718, "xmax": 682}}, {"tid": 2, "generated": 0, "bbox": {"xmin": 789, "ymin": 636, "ymax": 718, "xmax": 860}}, {"tid": 3, "generated": 0, "bbox": {"xmin": 883, "ymin": 632, "ymax": 718, "xmax": 951}}, {"tid": 4, "generated": 0, "bbox": {"xmin": 1121, "ymin": 652, "ymax": 716, "xmax": 1189}}, {"tid": 5, "generated": 0, "bbox": {"xmin": 1194, "ymin": 664, "ymax": 716, "xmax": 1265}}], [{"tid": 0, "generated": 0, "bbox": {"xmin": 556, "ymin": 227, "ymax": 291, "xmax": 656}}, {"tid": 1, "generated": 0, "bbox": {"xmin": 597, "ymin": 614, "ymax": 718, "xmax": 684}}, {"tid": 2, "generated": 0, "bbox": {"xmin": 789, "ymin": 637, "ymax": 717, "xmax": 859}}, {"tid": 3, "generated": 0, "bbox": {"xmin": 881, "ymin": 633, "ymax": 717, "xmax": 948}}, {"tid": 4, "generated": 0, "bbox": {"xmin": 1120, "ymin": 653, "ymax": 716, "xmax": 1188}}, {"tid": 5, "generated": 0, "bbox": {"xmin": 1193, "ymin": 665, "ymax": 716, "xmax": 1263}}], [{"tid": 0, "generated": 0, "bbox": {"xmin": 554, "ymin": 234, "ymax": 295, "xmax": 657}}, {"tid": 1, "generated": 0, "bbox": {"xmin": 599, "ymin": 618, "ymax": 718, "xmax": 686}}, {"tid": 2, "generated": 0, "bbox": {"xmin": 789, "ymin": 638, "ymax": 717, "xmax": 859}}, {"tid": 3, "generated": 0, "bbox": {"xmin": 879, "ymin": 635, "ymax": 717, "xmax": 946}}, {"tid": 4, "generated": 0, "bbox": {"xmin": 1120, "ymin": 654, "ymax": 716, "xmax": 1187}}, {"tid": 5, "generated": 0, "bbox": {"xmin": 1192, "ymin": 666, "ymax": 716, "xmax": 1262}}], [{"tid": 0, "generated": 0, "bbox": {"xmin": 552, "ymin": 234, "ymax": 296, "xmax": 657}}, {"tid": 1, "generated": 0, "bbox": {"xmin": 594, "ymin": 617, "ymax": 718, "xmax": 682}}, {"tid": 2, "generated": 0, "bbox": {"xmin": 790, "ymin": 640, "ymax": 716, "xmax": 858}}, {"tid": 3, "generated": 0, "bbox": {"xmin": 877, "ymin": 636, "ymax": 716, "xmax": 944}}, {"tid": 4, "generated": 0, "bbox": {"xmin": 1120, "ymin": 655, "ymax": 716, "xmax": 1186}}, {"tid": 5, "generated": 0, "bbox": {"xmin": 1191, "ymin": 667, "ymax": 716, "xmax": 1260}}], [{"tid": 0, "generated": 0, "bbox": {"xmin": 552, "ymin": 234, "ymax": 296, "xmax": 661}}, {"tid": 1, "generated": 0, "bbox": {"xmin": 590, "ymin": 616, "ymax": 718, "xmax": 678}}, {"tid": 2, "generated": 0, "bbox": {"xmin": 790, "ymin": 641, "ymax": 716, "xmax": 858}}, {"tid": 3, "generated": 0, "bbox": {"xmin": 875, "ymin": 638, "ymax": 716, "xmax": 942}}, {"tid": 4, "generated": 0, "bbox": {"xmin": 1120, "ymin": 656, "ymax": 716, "xmax": 1185}}, {"tid": 5, "generated": 0, "bbox": {"xmin": 1190, "ymin": 668, "ymax": 716, "xmax": 1259}}], [{"tid": 0, "generated": 0, "bbox": {"xmin": 552, "ymin": 234, "ymax": 300, "xmax": 657}}, {"tid": 1, "generated": 0, "bbox": {"xmin": 586, "ymin": 616, "ymax": 718, "xmax": 675}}, {"tid": 2, "generated": 0, "bbox": {"xmin": 791, "ymin": 643, "ymax": 716, "xmax": 858}}, {"tid": 3, "generated": 0, "bbox": {"xmin": 874, "ymin": 640, "ymax": 716, "xmax": 940}}, {"tid": 4, "generated": 0, "bbox": {"xmin": 1120, "ymin": 657, "ymax": 716, "xmax": 1184}}, {"tid": 5, "generated": 0, "bbox": {"xmin": 1189, "ymin": 670, "ymax": 716, "xmax": 1258}}], [{"tid": 0, "generated": 0, "bbox": {"xmin": 544, "ymin": 234, "ymax": 295, "xmax": 657}}, {"tid": 1, "generated": 0, "bbox": {"xmin": 581, "ymin": 616, "ymax": 717, "xmax": 670}}, {"tid": 2, "generated": 0, "bbox": {"xmin": 786, "ymin": 643, "ymax": 716, "xmax": 853}}, {"tid": 3, "generated": 0, "bbox": {"xmin": 867, "ymin": 639, "ymax": 716, "xmax": 934}}, {"tid": 4, "generated": 0, "bbox": {"xmin": 1114, "ymin": 656, "ymax": 715, "xmax": 1177}}, {"tid": 5, "generated": 0, "bbox": {"xmin": 1182, "ymin": 670, "ymax": 716, "xmax": 1252}}], [{"tid": 0, "generated": 0, "bbox": {"xmin": 542, "ymin": 238, "ymax": 296, "xmax": 652}}, {"tid": 1, "generated": 0, "bbox": {"xmin": 576, "ymin": 616, "ymax": 717, "xmax": 666}}, {"tid": 2, "generated": 0, "bbox": {"xmin": 781, "ymin": 643, "ymax": 716, "xmax": 848}}, {"tid": 3, "generated": 0, "bbox": {"xmin": 861, "ymin": 639, "ymax": 716, "xmax": 929}}, {"tid": 4, "generated": 0, "bbox": {"xmin": 1108, "ymin": 656, "ymax": 715, "xmax": 1171}}, {"tid": 5, "generated": 0, "bbox": {"xmin": 1176, "ymin": 670, "ymax": 716, "xmax": 1246}}], [{"tid": 0, "generated": 0, "bbox": {"xmin": 540, "ymin": 236, "ymax": 295, "xmax": 656}}, {"tid": 1, "generated": 0, "bbox": {"xmin": 572, "ymin": 616, "ymax": 717, "xmax": 661}}, {"tid": 2, "generated": 0, "bbox": {"xmin": 776, "ymin": 643, "ymax": 716, "xmax": 843}}, {"tid": 3, "generated": 0, "bbox": {"xmin": 855, "ymin": 638, "ymax": 716, "xmax": 923}}, {"tid": 4, "generated": 0, "bbox": {"xmin": 1102, "ymin": 656, "ymax": 715, "xmax": 1165}}, {"tid": 5, "generated": 0, "bbox": {"xmin": 1170, "ymin": 670, "ymax": 716, "xmax": 1240}}], [{"tid": 0, "generated": 0, "bbox": {"xmin": 538, "ymin": 234, "ymax": 300, "xmax": 650}}, {"tid": 1, "generated": 0, "bbox": {"xmin": 567, "ymin": 616, "ymax": 717, "xmax": 657}}, {"tid": 2, "generated": 0, "bbox": {"xmin": 771, "ymin": 643, "ymax": 716, "xmax": 838}}, {"tid": 3, "generated": 0, "bbox": {"xmin": 849, "ymin": 638, "ymax": 716, "xmax": 918}}, {"tid": 4, "generated": 0, "bbox": {"xmin": 1096, "ymin": 655, "ymax": 715, "xmax": 1159}}, {"tid": 5, "generated": 0, "bbox": {"xmin": 1164, "ymin": 670, "ymax": 716, "xmax": 1234}}], [{"tid": 0, "generated": 0, "bbox": {"xmin": 536, "ymin": 232, "ymax": 298, "xmax": 645}}, {"tid": 1, "generated": 0, "bbox": {"xmin": 563, "ymin": 616, "ymax": 717, "xmax": 653}}, {"tid": 2, "generated": 0, "bbox": {"xmin": 766, "ymin": 643, "ymax": 716, "xmax": 833}}, {"tid": 3, "generated": 0, "bbox": {"xmin": 843, "ymin": 638, "ymax": 717, "xmax": 912}}, {"tid": 4, "generated": 0, "bbox": {"xmin": 1090, "ymin": 655, "ymax": 715, "xmax": 1153}}, {"tid": 5, "generated": 0, "bbox": {"xmin": 1158, "ymin": 671, "ymax": 717, "xmax": 1228}}], [{"tid": 0, "generated": 0, "bbox": {"xmin": 535, "ymin": 231, "ymax": 296, "xmax": 641}}, {"tid": 1, "generated": 0, "bbox": {"xmin": 558, "ymin": 616, "ymax": 716, "xmax": 648}}, {"tid": 2, "generated": 0, "bbox": {"xmin": 761, "ymin": 643, "ymax": 716, "xmax": 828}}, {"tid": 3, "generated": 0, "bbox": {"xmin": 836, "ymin": 637, "ymax": 717, "xmax": 907}}, {"tid": 4, "generated": 0, "bbox": {"xmin": 1084, "ymin": 655, "ymax": 714, "xmax": 1147}}, {"tid": 5, "generated": 0, "bbox": {"xmin": 1152, "ymin": 671, "ymax": 717, "xmax": 1222}}], [{"tid": 0, "generated": 0, "bbox": {"xmin": 534, "ymin": 230, "ymax": 295, "xmax": 637}}, {"tid": 1, "generated": 0, "bbox": {"xmin": 553, "ymin": 616, "ymax": 716, "xmax": 644}}, {"tid": 2, "generated": 0, "bbox": {"xmin": 756, "ymin": 643, "ymax": 716, "xmax": 823}}, {"tid": 3, "generated": 0, "bbox": {"xmin": 830, "ymin": 637, "ymax": 717, "xmax": 901}}, {"tid": 4, "generated": 0, "bbox": {"xmin": 1078, "ymin": 654, "ymax": 714, "xmax": 1141}}, {"tid": 5, "generated": 0, "bbox": {"xmin": 1146, "ymin": 671, "ymax": 717, "xmax": 1216}}], [{"tid": 0, "generated": 0, "bbox": {"xmin": 533, "ymin": 229, "ymax": 295, "xmax": 633}}, {"tid": 1, "generated": 0, "bbox": {"xmin": 549, "ymin": 616, "ymax": 716, "xmax": 639}}, {"tid": 2, "generated": 0, "bbox": {"xmin": 751, "ymin": 643, "ymax": 716, "xmax": 818}}, {"tid": 3, "generated": 0, "bbox": {"xmin": 824, "ymin": 636, "ymax": 717, "xmax": 896}}, {"tid": 4, "generated": 0, "bbox": {"xmin": 1072, "ymin": 654, "ymax": 714, "xmax": 1135}}, {"tid": 5, "generated": 0, "bbox": {"xmin": 1140, "ymin": 671, "ymax": 717, "xmax": 1210}}], [{"tid": 0, "generated": 0, "bbox": {"xmin": 532, "ymin": 228, "ymax": 295, "xmax": 629}}, {"tid": 1, "generated": 0, "bbox": {"xmin": 544, "ymin": 616, "ymax": 716, "xmax": 635}}, {"tid": 2, "generated": 0, "bbox": {"xmin": 746, "ymin": 643, "ymax": 716, "xmax": 813}}, {"tid": 3, "generated": 0, "bbox": {"xmin": 818, "ymin": 636, "ymax": 717, "xmax": 890}}, {"tid": 4, "generated": 0, "bbox": {"xmin": 1066, "ymin": 654, "ymax": 714, "xmax": 1129}}, {"tid": 5, "generated": 0, "bbox": {"xmin": 1134, "ymin": 671, "ymax": 717, "xmax": 1204}}]], "subject/objects": [{"category": "bear", "tid": 0}, {"category": "bicycle", "tid": 1}, {"category": "bicycle", "tid": 2}, {"category": "bicycle", "tid": 3}, {"category": "bicycle", "tid": 4}, {"category": "bicycle", "tid": 5}], "relation_instances": [{"end_fid": 495, "subject_tid": 0, "predicate": "walk_behind", "begin_fid": 465, "object_tid": 1}, {"end_fid": 495, "subject_tid": 1, "predicate": "stop_front", "begin_fid": 465, "object_tid": 0}, {"end_fid": 510, "subject_tid": 0, "predicate": "walk_behind", "begin_fid": 480, "object_tid": 1}, {"end_fid": 510, "subject_tid": 1, "predicate": "stop_front", "begin_fid": 480, "object_tid": 0}, {"end_fid": 510, "subject_tid": 0, "predicate": "walk_behind", "begin_fid": 480, "object_tid": 2}, {"end_fid": 510, "subject_tid": 2, "predicate": "stop_front", "begin_fid": 480, "object_tid": 0}, {"end_fid": 510, "subject_tid": 0, "predicate": "walk_behind", "begin_fid": 480, "object_tid": 3}, {"end_fid": 510, "subject_tid": 0, "predicate": "walk_left", "begin_fid": 480, "object_tid": 3}, {"end_fid": 510, "subject_tid": 3, "predicate": "stop_front", "begin_fid": 480, "object_tid": 0}, {"end_fid": 510, "subject_tid": 3, "predicate": "stop_right", "begin_fid": 480, "object_tid": 0}, {"end_fid": 510, "subject_tid": 0, "predicate": "walk_behind", "begin_fid": 480, "object_tid": 4}, {"end_fid": 510, "subject_tid": 0, "predicate": "walk_left", "begin_fid": 480, "object_tid": 4}, {"end_fid": 510, "subject_tid": 4, "predicate": "stop_front", "begin_fid": 480, "object_tid": 0}, {"end_fid": 510, "subject_tid": 4, "predicate": "stop_right", "begin_fid": 480, "object_tid": 0}, {"end_fid": 510, "subject_tid": 0, "predicate": "walk_behind", "begin_fid": 480, "object_tid": 5}, {"end_fid": 510, "subject_tid": 0, "predicate": "walk_left", "begin_fid": 480, "object_tid": 5}, {"end_fid": 510, "subject_tid": 5, "predicate": "stop_front", "begin_fid": 480, "object_tid": 0}, {"end_fid": 510, "subject_tid": 5, "predicate": "stop_right", "begin_fid": 480, "object_tid": 0}, {"end_fid": 510, "subject_tid": 1, "predicate": "stop_next_to", "begin_fid": 480, "object_tid": 2}, {"end_fid": 510, "subject_tid": 1, "predicate": "stop_left", "begin_fid": 480, "object_tid": 2}, {"end_fid": 510, "subject_tid": 2, "predicate": "stop_next_to", "begin_fid": 480, "object_tid": 1}, {"end_fid": 510, "subject_tid": 2, "predicate": "stop_right", "begin_fid": 480, "object_tid": 1}, {"end_fid": 510, "subject_tid": 1, "predicate": "stop_left", "begin_fid": 480, "object_tid": 3}, {"end_fid": 510, "subject_tid": 3, "predicate": "stop_right", "begin_fid": 480, "object_tid": 1}, {"end_fid": 510, "subject_tid": 1, "predicate": "stop_left", "begin_fid": 480, "object_tid": 4}, {"end_fid": 510, "subject_tid": 4, "predicate": "stop_right", "begin_fid": 480, "object_tid": 1}, {"end_fid": 510, "subject_tid": 1, "predicate": "stop_left", "begin_fid": 480, "object_tid": 5}, {"end_fid": 510, "subject_tid": 5, "predicate": "stop_right", "begin_fid": 480, "object_tid": 1}, {"end_fid": 510, "subject_tid": 2, "predicate": "stop_next_to", "begin_fid": 480, "object_tid": 3}, {"end_fid": 510, "subject_tid": 2, "predicate": "stop_left", "begin_fid": 480, "object_tid": 3}, {"end_fid": 510, "subject_tid": 3, "predicate": "stop_next_to", "begin_fid": 480, "object_tid": 2}, {"end_fid": 510, "subject_tid": 3, "predicate": "stop_right", "begin_fid": 480, "object_tid": 2}, {"end_fid": 510, "subject_tid": 2, "predicate": "stop_left", "begin_fid": 480, "object_tid": 4}, {"end_fid": 510, "subject_tid": 4, "predicate": "stop_right", "begin_fid": 480, "object_tid": 2}, {"end_fid": 510, "subject_tid": 2, "predicate": "stop_left", "begin_fid": 480, "object_tid": 5}, {"end_fid": 510, "subject_tid": 5, "predicate": "stop_right", "begin_fid": 480, "object_tid": 2}, {"end_fid": 510, "subject_tid": 3, "predicate": "stop_left", "begin_fid": 480, "object_tid": 4}, {"end_fid": 510, "subject_tid": 4, "predicate": "stop_right", "begin_fid": 480, "object_tid": 3}, {"end_fid": 510, "subject_tid": 3, "predicate": "stop_left", "begin_fid": 480, "object_tid": 5}, {"end_fid": 510, "subject_tid": 5, "predicate": "stop_right", "begin_fid": 480, "object_tid": 3}, {"end_fid": 510, "subject_tid": 4, "predicate": "stop_next_to", "begin_fid": 480, "object_tid": 5}, {"end_fid": 510, "subject_tid": 4, "predicate": "stop_left", "begin_fid": 480, "object_tid": 5}, {"end_fid": 510, "subject_tid": 5, "predicate": "stop_next_to", "begin_fid": 480, "object_tid": 4}, {"end_fid": 510, "subject_tid": 5, "predicate": "stop_right", "begin_fid": 480, "object_tid": 4}], "height": 720}