{"width": 1280, "frame_count": 44, "video_id": "ILSVRC2015_train_00253020", "fps": 30, "trajectories": [[{"tid": 0, "generated": 0, "bbox": {"xmin": 629, "ymin": 337, "ymax": 613, "xmax": 805}}, {"tid": 1, "generated": 0, "bbox": {"xmin": 145, "ymin": 0, "ymax": 716, "xmax": 823}}], [{"tid": 0, "generated": 0, "bbox": {"xmin": 617, "ymin": 330, "ymax": 624, "xmax": 801}}, {"tid": 1, "generated": 0, "bbox": {"xmin": 151, "ymin": 0, "ymax": 716, "xmax": 825}}], [{"tid": 0, "generated": 0, "bbox": {"xmin": 606, "ymin": 323, "ymax": 636, "xmax": 798}}, {"tid": 1, "generated": 0, "bbox": {"xmin": 158, "ymin": 0, "ymax": 716, "xmax": 827}}], [{"tid": 0, "generated": 0, "bbox": {"xmin": 620, "ymin": 320, "ymax": 634, "xmax": 808}}, {"tid": 1, "generated": 0, "bbox": {"xmin": 164, "ymin": 0, "ymax": 716, "xmax": 830}}], [{"tid": 0, "generated": 0, "bbox": {"xmin": 621, "ymin": 319, "ymax": 642, "xmax": 812}}, {"tid": 1, "generated": 0, "bbox": {"xmin": 171, "ymin": 0, "ymax": 716, "xmax": 832}}], [{"tid": 0, "generated": 0, "bbox": {"xmin": 622, "ymin": 318, "ymax": 650, "xmax": 816}}, {"tid": 1, "generated": 0, "bbox": {"xmin": 177, "ymin": 0, "ymax": 716, "xmax": 834}}], [{"tid": 0, "generated": 0, "bbox": {"xmin": 623, "ymin": 317, "ymax": 652, "xmax": 804}}, {"tid": 1, "generated": 0, "bbox": {"xmin": 204, "ymin": 0, "ymax": 716, "xmax": 805}}], [{"tid": 0, "generated": 0, "bbox": {"xmin": 624, "ymin": 316, "ymax": 655, "xmax": 793}}, {"tid": 1, "generated": 0, "bbox": {"xmin": 231, "ymin": 0, "ymax": 716, "xmax": 777}}], [{"tid": 0, "generated": 0, "bbox": {"xmin": 625, "ymin": 315, "ymax": 658, "xmax": 782}}, {"tid": 1, "generated": 0, "bbox": {"xmin": 257, "ymin": 0, "ymax": 716, "xmax": 748}}], [{"tid": 0, "generated": 0, "bbox": {"xmin": 626, "ymin": 314, "ymax": 661, "xmax": 771}}, {"tid": 1, "generated": 0, "bbox": {"xmin": 284, "ymin": 0, "ymax": 716, "xmax": 720}}], [{"tid": 0, "generated": 0, "bbox": {"xmin": 627, "ymin": 314, "ymax": 664, "xmax": 760}}, {"tid": 1, "generated": 0, "bbox": {"xmin": 311, "ymin": 0, "ymax": 716, "xmax": 691}}], [{"tid": 0, "generated": 0, "bbox": {"xmin": 606, "ymin": 302, "ymax": 679, "xmax": 757}}, {"tid": 1, "generated": 0, "bbox": {"xmin": 297, "ymin": 0, "ymax": 716, "xmax": 685}}], [{"tid": 0, "generated": 0, "bbox": {"xmin": 595, "ymin": 306, "ymax": 686, "xmax": 783}}, {"tid": 1, "generated": 0, "bbox": {"xmin": 284, "ymin": 0, "ymax": 716, "xmax": 679}}], [{"tid": 0, "generated": 0, "bbox": {"xmin": 584, "ymin": 311, "ymax": 694, "xmax": 809}}, {"tid": 1, "generated": 0, "bbox": {"xmin": 270, "ymin": 0, "ymax": 716, "xmax": 672}}], [{"tid": 0, "generated": 0, "bbox": {"xmin": 574, "ymin": 316, "ymax": 702, "xmax": 835}}, {"tid": 1, "generated": 0, "bbox": {"xmin": 257, "ymin": 0, "ymax": 716, "xmax": 666}}], [{"tid": 0, "generated": 0, "bbox": {"xmin": 576, "ymin": 334, "ymax": 705, "xmax": 848}}, {"tid": 1, "generated": 0, "bbox": {"xmin": 243, "ymin": 0, "ymax": 716, "xmax": 660}}], [{"tid": 0, "generated": 0, "bbox": {"xmin": 578, "ymin": 352, "ymax": 708, "xmax": 862}}, {"tid": 1, "generated": 0, "bbox": {"xmin": 205, "ymin": 0, "ymax": 716, "xmax": 656}}], [{"tid": 0, "generated": 0, "bbox": {"xmin": 581, "ymin": 371, "ymax": 712, "xmax": 876}}, {"tid": 1, "generated": 0, "bbox": {"xmin": 167, "ymin": 0, "ymax": 716, "xmax": 653}}], [{"tid": 0, "generated": 0, "bbox": {"xmin": 593, "ymin": 391, "ymax": 716, "xmax": 876}}, {"tid": 1, "generated": 0, "bbox": {"xmin": 128, "ymin": 0, "ymax": 716, "xmax": 649}}], [{"tid": 0, "generated": 0, "bbox": {"xmin": 593, "ymin": 380, "ymax": 718, "xmax": 890}}, {"tid": 1, "generated": 0, "bbox": {"xmin": 90, "ymin": 0, "ymax": 716, "xmax": 646}}], [{"tid": 0, "generated": 0, "bbox": {"xmin": 602, "ymin": 383, "ymax": 718, "xmax": 907}}, {"tid": 1, "generated": 0, "bbox": {"xmin": 52, "ymin": 0, "ymax": 716, "xmax": 642}}], [{"tid": 0, "generated": 0, "bbox": {"xmin": 611, "ymin": 386, "ymax": 718, "xmax": 924}}, {"tid": 1, "generated": 0, "bbox": {"xmin": 42, "ymin": 0, "ymax": 716, "xmax": 677}}], [{"tid": 0, "generated": 0, "bbox": {"xmin": 620, "ymin": 389, "ymax": 718, "xmax": 942}}, {"tid": 1, "generated": 0, "bbox": {"xmin": 33, "ymin": 0, "ymax": 716, "xmax": 712}}], [{"tid": 0, "generated": 0, "bbox": {"xmin": 631, "ymin": 388, "ymax": 718, "xmax": 954}}, {"tid": 1, "generated": 0, "bbox": {"xmin": 23, "ymin": 0, "ymax": 716, "xmax": 747}}], [{"tid": 0, "generated": 0, "bbox": {"xmin": 643, "ymin": 387, "ymax": 718, "xmax": 967}}, {"tid": 1, "generated": 0, "bbox": {"xmin": 14, "ymin": 0, "ymax": 716, "xmax": 782}}], [{"tid": 0, "generated": 0, "bbox": {"xmin": 652, "ymin": 387, "ymax": 718, "xmax": 984}}, {"tid": 1, "generated": 0, "bbox": {"xmin": 4, "ymin": 0, "ymax": 716, "xmax": 817}}], [{"tid": 0, "generated": 0, "bbox": {"xmin": 662, "ymin": 388, "ymax": 718, "xmax": 1001}}, {"tid": 1, "generated": 0, "bbox": {"xmin": 4, "ymin": 0, "ymax": 716, "xmax": 757}}], [{"tid": 0, "generated": 0, "bbox": {"xmin": 672, "ymin": 389, "ymax": 718, "xmax": 1018}}, {"tid": 1, "generated": 0, "bbox": {"xmin": 4, "ymin": 0, "ymax": 716, "xmax": 698}}], [{"tid": 0, "generated": 0, "bbox": {"xmin": 682, "ymin": 391, "ymax": 702, "xmax": 1008}}, {"tid": 1, "generated": 0, "bbox": {"xmin": 4, "ymin": 0, "ymax": 716, "xmax": 638}}], [{"tid": 0, "generated": 0, "bbox": {"xmin": 673, "ymin": 385, "ymax": 707, "xmax": 1036}}, {"tid": 1, "generated": 0, "bbox": {"xmin": 4, "ymin": 0, "ymax": 716, "xmax": 579}}]], "subject/objects": [{"category": "dog", "tid": 0}, {"category": "person", "tid": 1}], "relation_instances": [{"end_fid": 30, "subject_tid": 0, "predicate": "walk_front", "begin_fid": 0, "object_tid": 1}, {"end_fid": 30, "subject_tid": 0, "predicate": "walk_with", "begin_fid": 0, "object_tid": 1}, {"end_fid": 30, "subject_tid": 1, "predicate": "walk_behind", "begin_fid": 0, "object_tid": 0}, {"end_fid": 30, "subject_tid": 1, "predicate": "walk_with", "begin_fid": 0, "object_tid": 0}, {"end_fid": 30, "subject_tid": 1, "predicate": "taller", "begin_fid": 0, "object_tid": 0}], "height": 720}