{"width": 640, "frame_count": 44, "video_id": "ILSVRC2015_train_00308018", "fps": 30, "trajectories": [[{"tid": 0, "generated": 0, "bbox": {"xmin": 96, "ymin": 249, "ymax": 341, "xmax": 217}}, {"tid": 1, "generated": 0, "bbox": {"xmin": 3, "ymin": 13, "ymax": 353, "xmax": 252}}], [{"tid": 0, "generated": 0, "bbox": {"xmin": 116, "ymin": 240, "ymax": 342, "xmax": 224}}, {"tid": 1, "generated": 0, "bbox": {"xmin": 3, "ymin": 13, "ymax": 353, "xmax": 252}}], [{"tid": 0, "generated": 0, "bbox": {"xmin": 128, "ymin": 233, "ymax": 343, "xmax": 225}}, {"tid": 1, "generated": 0, "bbox": {"xmin": 3, "ymin": 13, "ymax": 353, "xmax": 252}}], [{"tid": 0, "generated": 0, "bbox": {"xmin": 148, "ymin": 221, "ymax": 344, "xmax": 233}}, {"tid": 1, "generated": 0, "bbox": {"xmin": 3, "ymin": 13, "ymax": 353, "xmax": 252}}], [{"tid": 0, "generated": 0, "bbox": {"xmin": 153, "ymin": 204, "ymax": 344, "xmax": 272}}, {"tid": 1, "generated": 0, "bbox": {"xmin": 3, "ymin": 13, "ymax": 353, "xmax": 252}}], [{"tid": 0, "generated": 0, "bbox": {"xmin": 159, "ymin": 183, "ymax": 342, "xmax": 293}}, {"tid": 1, "generated": 0, "bbox": {"xmin": 3, "ymin": 13, "ymax": 353, "xmax": 252}}], [{"tid": 0, "generated": 0, "bbox": {"xmin": 156, "ymin": 177, "ymax": 332, "xmax": 296}}, {"tid": 1, "generated": 0, "bbox": {"xmin": 3, "ymin": 13, "ymax": 353, "xmax": 250}}], [{"tid": 0, "generated": 0, "bbox": {"xmin": 144, "ymin": 167, "ymax": 312, "xmax": 312}}, {"tid": 1, "generated": 0, "bbox": {"xmin": 3, "ymin": 13, "ymax": 353, "xmax": 248}}], [{"tid": 0, "generated": 0, "bbox": {"xmin": 152, "ymin": 165, "ymax": 303, "xmax": 320}}, {"tid": 1, "generated": 0, "bbox": {"xmin": 3, "ymin": 13, "ymax": 353, "xmax": 245}}], [{"tid": 0, "generated": 0, "bbox": {"xmin": 166, "ymin": 152, "ymax": 264, "xmax": 329}}, {"tid": 1, "generated": 0, "bbox": {"xmin": 3, "ymin": 13, "ymax": 353, "xmax": 243}}], [{"tid": 0, "generated": 0, "bbox": {"xmin": 168, "ymin": 156, "ymax": 264, "xmax": 328}}, {"tid": 1, "generated": 0, "bbox": {"xmin": 3, "ymin": 13, "ymax": 353, "xmax": 241}}], [{"tid": 0, "generated": 0, "bbox": {"xmin": 184, "ymin": 142, "ymax": 248, "xmax": 328}}, {"tid": 1, "generated": 0, "bbox": {"xmin": 3, "ymin": 24, "ymax": 353, "xmax": 240}}], [{"tid": 0, "generated": 0, "bbox": {"xmin": 201, "ymin": 129, "ymax": 232, "xmax": 328}}, {"tid": 1, "generated": 0, "bbox": {"xmin": 3, "ymin": 35, "ymax": 353, "xmax": 240}}], [{"tid": 0, "generated": 0, "bbox": {"xmin": 212, "ymin": 118, "ymax": 217, "xmax": 332}}, {"tid": 1, "generated": 0, "bbox": {"xmin": 3, "ymin": 46, "ymax": 353, "xmax": 239}}], [{"tid": 0, "generated": 0, "bbox": {"xmin": 222, "ymin": 113, "ymax": 212, "xmax": 336}}, {"tid": 1, "generated": 0, "bbox": {"xmin": 3, "ymin": 57, "ymax": 353, "xmax": 239}}], [{"tid": 0, "generated": 0, "bbox": {"xmin": 232, "ymin": 109, "ymax": 208, "xmax": 340}}, {"tid": 1, "generated": 0, "bbox": {"xmin": 3, "ymin": 68, "ymax": 353, "xmax": 238}}], [{"tid": 0, "generated": 0, "bbox": {"xmin": 232, "ymin": 96, "ymax": 201, "xmax": 357}}, {"tid": 1, "generated": 0, "bbox": {"xmin": 3, "ymin": 69, "ymax": 353, "xmax": 238}}], [{"tid": 0, "generated": 0, "bbox": {"xmin": 248, "ymin": 86, "ymax": 188, "xmax": 368}}, {"tid": 1, "generated": 0, "bbox": {"xmin": 3, "ymin": 70, "ymax": 353, "xmax": 238}}], [{"tid": 0, "generated": 0, "bbox": {"xmin": 248, "ymin": 81, "ymax": 188, "xmax": 369}}, {"tid": 1, "generated": 0, "bbox": {"xmin": 3, "ymin": 72, "ymax": 353, "xmax": 238}}], [{"tid": 0, "generated": 0, "bbox": {"xmin": 255, "ymin": 76, "ymax": 174, "xmax": 371}}, {"tid": 1, "generated": 0, "bbox": {"xmin": 3, "ymin": 73, "ymax": 353, "xmax": 238}}], [{"tid": 0, "generated": 0, "bbox": {"xmin": 262, "ymin": 72, "ymax": 161, "xmax": 373}}, {"tid": 1, "generated": 0, "bbox": {"xmin": 3, "ymin": 74, "ymax": 353, "xmax": 238}}], [{"tid": 0, "generated": 0, "bbox": {"xmin": 262, "ymin": 72, "ymax": 168, "xmax": 376}}, {"tid": 1, "generated": 0, "bbox": {"xmin": 3, "ymin": 74, "ymax": 353, "xmax": 246}}], [{"tid": 0, "generated": 0, "bbox": {"xmin": 261, "ymin": 72, "ymax": 167, "xmax": 372}}, {"tid": 1, "generated": 0, "bbox": {"xmin": 3, "ymin": 74, "ymax": 353, "xmax": 253}}], [{"tid": 0, "generated": 0, "bbox": {"xmin": 246, "ymin": 63, "ymax": 167, "xmax": 372}}, {"tid": 1, "generated": 0, "bbox": {"xmin": 3, "ymin": 74, "ymax": 353, "xmax": 261}}], [{"tid": 0, "generated": 0, "bbox": {"xmin": 223, "ymin": 48, "ymax": 168, "xmax": 373}}, {"tid": 1, "generated": 0, "bbox": {"xmin": 3, "ymin": 74, "ymax": 353, "xmax": 268}}], [{"tid": 0, "generated": 0, "bbox": {"xmin": 198, "ymin": 45, "ymax": 168, "xmax": 376}}, {"tid": 1, "generated": 0, "bbox": {"xmin": 3, "ymin": 74, "ymax": 353, "xmax": 276}}], [{"tid": 0, "generated": 0, "bbox": {"xmin": 192, "ymin": 48, "ymax": 174, "xmax": 377}}, {"tid": 1, "generated": 0, "bbox": {"xmin": 3, "ymin": 79, "ymax": 353, "xmax": 276}}], [{"tid": 0, "generated": 0, "bbox": {"xmin": 176, "ymin": 44, "ymax": 166, "xmax": 382}}, {"tid": 1, "generated": 0, "bbox": {"xmin": 3, "ymin": 85, "ymax": 353, "xmax": 276}}], [{"tid": 0, "generated": 0, "bbox": {"xmin": 159, "ymin": 48, "ymax": 152, "xmax": 357}}, {"tid": 1, "generated": 0, "bbox": {"xmin": 3, "ymin": 90, "ymax": 353, "xmax": 276}}], [{"tid": 0, "generated": 0, "bbox": {"xmin": 136, "ymin": 55, "ymax": 156, "xmax": 328}}, {"tid": 1, "generated": 0, "bbox": {"xmin": 3, "ymin": 96, "ymax": 353, "xmax": 276}}]], "subject/objects": [{"category": "dog", "tid": 0}, {"category": "person", "tid": 1}], "relation_instances": [{"end_fid": 30, "subject_tid": 0, "predicate": "run_right", "begin_fid": 0, "object_tid": 1}, {"end_fid": 30, "subject_tid": 0, "predicate": "play", "begin_fid": 0, "object_tid": 1}, {"end_fid": 30, "subject_tid": 1, "predicate": "stand_left", "begin_fid": 0, "object_tid": 0}, {"end_fid": 30, "subject_tid": 1, "predicate": "taller", "begin_fid": 0, "object_tid": 0}, {"end_fid": 30, "subject_tid": 1, "predicate": "larger", "begin_fid": 0, "object_tid": 0}, {"end_fid": 30, "subject_tid": 1, "predicate": "play", "begin_fid": 0, "object_tid": 0}, {"end_fid": 30, "subject_tid": 1, "predicate": "watch", "begin_fid": 0, "object_tid": 0}], "height": 360}