{"width": 1280, "frame_count": 528, "video_id": "ILSVRC2015_train_00266001", "fps": 24, "trajectories": [[], [], [], [], [], [], [], [], [], [], [], [], [], [], [], [], [], [], [], [], [], [], [], [], [], [], [], [], [], [], [], [], [], [], [], [], [], [], [], [], [], [], [], [], [], [], [], [], [], [], [], [], [], [], [], [], [], [], [], [], [], [], [], [], [], [], [], [], [], [], [], [], [], [], [], [], [], [], [], [], [], [], [], [], [], [], [], [], [], [], [], [], [], [], [], [], [], [], [], [], [], [], [], [], [], [], [], [], [], [], [], [], [], [], [], [], [], [], [], [], [], [], [], [], [], [], [], [], [], [], [], [], [], [], [], [], [], [], [], [], [], [], [], [], [], [], [], [], [], [], [], [], [], [], [], [], [], [], [], [], [], [], [], [], [], [], [], [], [], [], [], [], [], [], [], [], [], [], [], [], [], [], [], [], [], [], [], [], [], [], [], [], [], [], [], [], [], [], [], [], [], [], [], [], [], [], [], [], [], [], [], [], [], [], [], [], [], [], [], [], [], [], [], [], [], [], [], [], [], [], [], [], [], [], [], [], [], [], [], [], [], [], [], [], [], [], [], [], [], [], [], [], [], [], [], [], [], [], [], [], [], [], [], [], [], [], [], [], [], [], [], [], [], [], [], [], [], [], [], [], [], [], [], [], [], [], [], [], [], [], [], [], [], [], [], [], [], [], [], [], [], [], [], [], [], [], [], [], [], [], [], [], [], [], [], [], [], [], [], [], [], [], [], [], [], [], [], [], [], [], [], [], [], [], [], [], [], [], [], [], [], [], [], [], [], [], [], [], [], [], [], [], [], [], [], [], [], [], [], [], [], [], [], [], [], [], [], [], [], [], [], [], [], [], [], [], [], [], [], [], [], [], [], [], [], [], [], [], [], [], [], [], [], [], [], [], [], [], [], [], [], [], [], [], [], [], [], [], [], [], [], [], [], [], [], [], [], [], [], [], [], [], [], [], [], [], [], [], [], [], [], [], [], [], [], [], [], [], [], [], [], [], [], [], [], [], [], [], [], [], [], [], [], [], [], [], [], [], [], [], [], [], [], [], [], [{"tid": 0, "generated": 0, "bbox": {"xmin": 754, "ymin": 440, "ymax": 497, "xmax": 846}}, {"tid": 1, "generated": 0, "bbox": {"xmin": 544, "ymin": 487, "ymax": 512, "xmax": 563}}], [{"tid": 0, "generated": 0, "bbox": {"xmin": 755, "ymin": 439, "ymax": 496, "xmax": 848}}, {"tid": 1, "generated": 0, "bbox": {"xmin": 545, "ymin": 487, "ymax": 512, "xmax": 564}}], [{"tid": 0, "generated": 0, "bbox": {"xmin": 756, "ymin": 438, "ymax": 495, "xmax": 849}}, {"tid": 1, "generated": 0, "bbox": {"xmin": 546, "ymin": 487, "ymax": 512, "xmax": 565}}], [{"tid": 0, "generated": 0, "bbox": {"xmin": 756, "ymin": 436, "ymax": 494, "xmax": 851}}, {"tid": 1, "generated": 0, "bbox": {"xmin": 547, "ymin": 487, "ymax": 512, "xmax": 566}}], [{"tid": 0, "generated": 0, "bbox": {"xmin": 757, "ymin": 435, "ymax": 493, "xmax": 852}}, {"tid": 1, "generated": 0, "bbox": {"xmin": 549, "ymin": 487, "ymax": 513, "xmax": 568}}], [{"tid": 0, "generated": 0, "bbox": {"xmin": 758, "ymin": 434, "ymax": 492, "xmax": 854}}, {"tid": 1, "generated": 0, "bbox": {"xmin": 549, "ymin": 487, "ymax": 514, "xmax": 568}}], [{"tid": 0, "generated": 0, "bbox": {"xmin": 759, "ymin": 433, "ymax": 492, "xmax": 856}}, {"tid": 1, "generated": 0, "bbox": {"xmin": 550, "ymin": 487, "ymax": 515, "xmax": 568}}], [{"tid": 0, "generated": 0, "bbox": {"xmin": 759, "ymin": 434, "ymax": 494, "xmax": 857}}, {"tid": 1, "generated": 0, "bbox": {"xmin": 550, "ymin": 487, "ymax": 516, "xmax": 568}}], [{"tid": 0, "generated": 0, "bbox": {"xmin": 759, "ymin": 435, "ymax": 496, "xmax": 859}}, {"tid": 1, "generated": 0, "bbox": {"xmin": 551, "ymin": 487, "ymax": 517, "xmax": 568}}], [{"tid": 0, "generated": 0, "bbox": {"xmin": 759, "ymin": 437, "ymax": 498, "xmax": 861}}, {"tid": 1, "generated": 0, "bbox": {"xmin": 552, "ymin": 488, "ymax": 519, "xmax": 568}}], [{"tid": 0, "generated": 0, "bbox": {"xmin": 759, "ymin": 438, "ymax": 500, "xmax": 863}}, {"tid": 1, "generated": 0, "bbox": {"xmin": 552, "ymin": 490, "ymax": 520, "xmax": 570}}], [{"tid": 0, "generated": 0, "bbox": {"xmin": 759, "ymin": 440, "ymax": 503, "xmax": 865}}, {"tid": 1, "generated": 0, "bbox": {"xmin": 552, "ymin": 494, "ymax": 522, "xmax": 574}}], [{"tid": 0, "generated": 0, "bbox": {"xmin": 759, "ymin": 442, "ymax": 503, "xmax": 863}}, {"tid": 1, "generated": 0, "bbox": {"xmin": 554, "ymin": 496, "ymax": 520, "xmax": 576}}], [{"tid": 0, "generated": 0, "bbox": {"xmin": 759, "ymin": 444, "ymax": 503, "xmax": 861}}, {"tid": 1, "generated": 0, "bbox": {"xmin": 554, "ymin": 496, "ymax": 524, "xmax": 579}}], [{"tid": 0, "generated": 0, "bbox": {"xmin": 759, "ymin": 446, "ymax": 504, "xmax": 860}}, {"tid": 1, "generated": 0, "bbox": {"xmin": 558, "ymin": 501, "ymax": 529, "xmax": 584}}], [{"tid": 0, "generated": 0, "bbox": {"xmin": 759, "ymin": 448, "ymax": 508, "xmax": 864}}, {"tid": 1, "generated": 0, "bbox": {"xmin": 499, "ymin": 496, "ymax": 529, "xmax": 581}}], [{"tid": 0, "generated": 0, "bbox": {"xmin": 759, "ymin": 449, "ymax": 512, "xmax": 860}}, {"tid": 1, "generated": 0, "bbox": {"xmin": 497, "ymin": 496, "ymax": 531, "xmax": 581}}], [{"tid": 0, "generated": 0, "bbox": {"xmin": 760, "ymin": 452, "ymax": 516, "xmax": 861}}, {"tid": 1, "generated": 0, "bbox": {"xmin": 501, "ymin": 501, "ymax": 533, "xmax": 583}}], [{"tid": 0, "generated": 0, "bbox": {"xmin": 762, "ymin": 455, "ymax": 520, "xmax": 863}}, {"tid": 1, "generated": 0, "bbox": {"xmin": 501, "ymin": 503, "ymax": 535, "xmax": 583}}], [{"tid": 0, "generated": 0, "bbox": {"xmin": 764, "ymin": 458, "ymax": 524, "xmax": 865}}, {"tid": 1, "generated": 0, "bbox": {"xmin": 506, "ymin": 506, "ymax": 538, "xmax": 584}}], [{"tid": 0, "generated": 0, "bbox": {"xmin": 766, "ymin": 461, "ymax": 525, "xmax": 864}}, {"tid": 1, "generated": 0, "bbox": {"xmin": 504, "ymin": 499, "ymax": 545, "xmax": 586}}], [{"tid": 0, "generated": 0, "bbox": {"xmin": 768, "ymin": 464, "ymax": 527, "xmax": 863}}, {"tid": 1, "generated": 0, "bbox": {"xmin": 508, "ymin": 503, "ymax": 544, "xmax": 590}}], [{"tid": 0, "generated": 0, "bbox": {"xmin": 770, "ymin": 467, "ymax": 529, "xmax": 862}}, {"tid": 1, "generated": 0, "bbox": {"xmin": 508, "ymin": 503, "ymax": 547, "xmax": 592}}], [{"tid": 0, "generated": 0, "bbox": {"xmin": 773, "ymin": 471, "ymax": 531, "xmax": 862}}, {"tid": 1, "generated": 0, "bbox": {"xmin": 512, "ymin": 503, "ymax": 552, "xmax": 595}}], [{"tid": 0, "generated": 0, "bbox": {"xmin": 775, "ymin": 474, "ymax": 536, "xmax": 867}}, {"tid": 1, "generated": 0, "bbox": {"xmin": 512, "ymin": 508, "ymax": 552, "xmax": 593}}], [{"tid": 0, "generated": 0, "bbox": {"xmin": 778, "ymin": 478, "ymax": 540, "xmax": 867}}, {"tid": 1, "generated": 0, "bbox": {"xmin": 512, "ymin": 508, "ymax": 549, "xmax": 599}}], [{"tid": 0, "generated": 0, "bbox": {"xmin": 778, "ymin": 481, "ymax": 533, "xmax": 865}}, {"tid": 1, "generated": 0, "bbox": {"xmin": 512, "ymin": 508, "ymax": 556, "xmax": 597}}], [{"tid": 0, "generated": 0, "bbox": {"xmin": 778, "ymin": 481, "ymax": 544, "xmax": 867}}, {"tid": 1, "generated": 0, "bbox": {"xmin": 515, "ymin": 508, "ymax": 554, "xmax": 597}}], [{"tid": 0, "generated": 0, "bbox": {"xmin": 778, "ymin": 482, "ymax": 545, "xmax": 866}}, {"tid": 1, "generated": 0, "bbox": {"xmin": 515, "ymin": 508, "ymax": 561, "xmax": 595}}], [{"tid": 0, "generated": 0, "bbox": {"xmin": 778, "ymin": 483, "ymax": 547, "xmax": 865}}, {"tid": 1, "generated": 0, "bbox": {"xmin": 515, "ymin": 508, "ymax": 560, "xmax": 594}}]], "subject/objects": [{"category": "watercraft", "tid": 0}, {"category": "whale", "tid": 1}], "relation_instances": [{"end_fid": 495, "subject_tid": 0, "predicate": "move_right", "begin_fid": 465, "object_tid": 1}, {"end_fid": 495, "subject_tid": 1, "predicate": "swim_left", "begin_fid": 465, "object_tid": 0}], "height": 720}