{"width": 320, "frame_count": 489, "video_id": "ILSVRC2015_train_00375001", "fps": 30, "trajectories": [[{"tid": 0, "generated": 0, "bbox": {"xmin": 50, "ymin": 90, "ymax": 208, "xmax": 226}}, {"tid": 1, "generated": 0, "bbox": {"xmin": 0, "ymin": 28, "ymax": 208, "xmax": 235}}], [{"tid": 0, "generated": 0, "bbox": {"xmin": 47, "ymin": 79, "ymax": 206, "xmax": 223}}, {"tid": 1, "generated": 0, "bbox": {"xmin": 0, "ymin": 32, "ymax": 210, "xmax": 234}}], [{"tid": 0, "generated": 0, "bbox": {"xmin": 47, "ymin": 79, "ymax": 204, "xmax": 220}}, {"tid": 1, "generated": 0, "bbox": {"xmin": 0, "ymin": 31, "ymax": 208, "xmax": 236}}], [{"tid": 0, "generated": 0, "bbox": {"xmin": 48, "ymin": 80, "ymax": 204, "xmax": 223}}, {"tid": 1, "generated": 0, "bbox": {"xmin": 0, "ymin": 31, "ymax": 208, "xmax": 239}}], [{"tid": 0, "generated": 0, "bbox": {"xmin": 51, "ymin": 82, "ymax": 206, "xmax": 223}}, {"tid": 1, "generated": 0, "bbox": {"xmin": 0, "ymin": 30, "ymax": 207, "xmax": 238}}], [{"tid": 0, "generated": 0, "bbox": {"xmin": 54, "ymin": 84, "ymax": 208, "xmax": 223}}, {"tid": 1, "generated": 0, "bbox": {"xmin": 1, "ymin": 29, "ymax": 207, "xmax": 237}}], [{"tid": 0, "generated": 0, "bbox": {"xmin": 48, "ymin": 86, "ymax": 206, "xmax": 224}}, {"tid": 1, "generated": 0, "bbox": {"xmin": 2, "ymin": 28, "ymax": 207, "xmax": 236}}], [{"tid": 0, "generated": 0, "bbox": {"xmin": 56, "ymin": 84, "ymax": 208, "xmax": 224}}, {"tid": 1, "generated": 0, "bbox": {"xmin": 2, "ymin": 30, "ymax": 206, "xmax": 236}}], [{"tid": 0, "generated": 0, "bbox": {"xmin": 70, "ymin": 83, "ymax": 208, "xmax": 224}}, {"tid": 1, "generated": 0, "bbox": {"xmin": 2, "ymin": 32, "ymax": 205, "xmax": 236}}], [{"tid": 0, "generated": 0, "bbox": {"xmin": 71, "ymin": 80, "ymax": 204, "xmax": 224}}, {"tid": 1, "generated": 0, "bbox": {"xmin": 2, "ymin": 34, "ymax": 204, "xmax": 236}}], [{"tid": 0, "generated": 0, "bbox": {"xmin": 82, "ymin": 80, "ymax": 204, "xmax": 224}}, {"tid": 1, "generated": 0, "bbox": {"xmin": 2, "ymin": 36, "ymax": 204, "xmax": 236}}], [{"tid": 0, "generated": 0, "bbox": {"xmin": 72, "ymin": 80, "ymax": 204, "xmax": 224}}, {"tid": 1, "generated": 0, "bbox": {"xmin": 3, "ymin": 28, "ymax": 211, "xmax": 236}}], [{"tid": 0, "generated": 0, "bbox": {"xmin": 67, "ymin": 78, "ymax": 204, "xmax": 224}}, {"tid": 1, "generated": 0, "bbox": {"xmin": 2, "ymin": 28, "ymax": 212, "xmax": 236}}], [{"tid": 0, "generated": 0, "bbox": {"xmin": 64, "ymin": 76, "ymax": 203, "xmax": 224}}, {"tid": 1, "generated": 0, "bbox": {"xmin": 2, "ymin": 28, "ymax": 208, "xmax": 236}}], [{"tid": 0, "generated": 0, "bbox": {"xmin": 64, "ymin": 76, "ymax": 204, "xmax": 226}}, {"tid": 1, "generated": 0, "bbox": {"xmin": 2, "ymin": 28, "ymax": 208, "xmax": 239}}], [{"tid": 0, "generated": 0, "bbox": {"xmin": 62, "ymin": 76, "ymax": 204, "xmax": 226}}, {"tid": 1, "generated": 0, "bbox": {"xmin": 2, "ymin": 28, "ymax": 208, "xmax": 239}}], [{"tid": 0, "generated": 0, "bbox": {"xmin": 68, "ymin": 75, "ymax": 204, "xmax": 227}}, {"tid": 1, "generated": 0, "bbox": {"xmin": 2, "ymin": 28, "ymax": 208, "xmax": 239}}], [{"tid": 0, "generated": 0, "bbox": {"xmin": 64, "ymin": 74, "ymax": 204, "xmax": 227}}, {"tid": 1, "generated": 0, "bbox": {"xmin": 2, "ymin": 28, "ymax": 208, "xmax": 239}}], [{"tid": 0, "generated": 0, "bbox": {"xmin": 63, "ymin": 72, "ymax": 203, "xmax": 228}}, {"tid": 1, "generated": 0, "bbox": {"xmin": 2, "ymin": 28, "ymax": 208, "xmax": 240}}], [{"tid": 0, "generated": 0, "bbox": {"xmin": 63, "ymin": 72, "ymax": 204, "xmax": 228}}, {"tid": 1, "generated": 0, "bbox": {"xmin": 2, "ymin": 32, "ymax": 208, "xmax": 240}}], [{"tid": 0, "generated": 0, "bbox": {"xmin": 60, "ymin": 72, "ymax": 204, "xmax": 228}}, {"tid": 1, "generated": 0, "bbox": {"xmin": 2, "ymin": 36, "ymax": 208, "xmax": 240}}], [{"tid": 0, "generated": 0, "bbox": {"xmin": 66, "ymin": 72, "ymax": 204, "xmax": 228}}, {"tid": 1, "generated": 0, "bbox": {"xmin": 3, "ymin": 28, "ymax": 208, "xmax": 240}}], [{"tid": 0, "generated": 0, "bbox": {"xmin": 60, "ymin": 71, "ymax": 207, "xmax": 228}}, {"tid": 1, "generated": 0, "bbox": {"xmin": 3, "ymin": 28, "ymax": 207, "xmax": 239}}], [{"tid": 0, "generated": 0, "bbox": {"xmin": 62, "ymin": 71, "ymax": 207, "xmax": 228}}, {"tid": 1, "generated": 0, "bbox": {"xmin": 3, "ymin": 28, "ymax": 207, "xmax": 239}}], [{"tid": 0, "generated": 0, "bbox": {"xmin": 66, "ymin": 71, "ymax": 207, "xmax": 228}}, {"tid": 1, "generated": 0, "bbox": {"xmin": 2, "ymin": 28, "ymax": 207, "xmax": 239}}], [{"tid": 0, "generated": 0, "bbox": {"xmin": 63, "ymin": 71, "ymax": 207, "xmax": 228}}, {"tid": 1, "generated": 0, "bbox": {"xmin": 2, "ymin": 28, "ymax": 207, "xmax": 239}}], [{"tid": 0, "generated": 0, "bbox": {"xmin": 63, "ymin": 71, "ymax": 207, "xmax": 228}}, {"tid": 1, "generated": 0, "bbox": {"xmin": 1, "ymin": 28, "ymax": 207, "xmax": 239}}], [{"tid": 0, "generated": 0, "bbox": {"xmin": 68, "ymin": 71, "ymax": 208, "xmax": 228}}, {"tid": 1, "generated": 0, "bbox": {"xmin": 1, "ymin": 28, "ymax": 207, "xmax": 239}}], [{"tid": 0, "generated": 0, "bbox": {"xmin": 66, "ymin": 71, "ymax": 208, "xmax": 228}}, {"tid": 1, "generated": 0, "bbox": {"xmin": 0, "ymin": 28, "ymax": 207, "xmax": 239}}], [{"tid": 0, "generated": 0, "bbox": {"xmin": 64, "ymin": 71, "ymax": 208, "xmax": 230}}, {"tid": 1, "generated": 0, "bbox": {"xmin": 0, "ymin": 28, "ymax": 208, "xmax": 240}}], [{"tid": 0, "generated": 0, "bbox": {"xmin": 68, "ymin": 71, "ymax": 208, "xmax": 230}}, {"tid": 1, "generated": 0, "bbox": {"xmin": 0, "ymin": 31, "ymax": 208, "xmax": 240}}], [{"tid": 0, "generated": 0, "bbox": {"xmin": 64, "ymin": 71, "ymax": 208, "xmax": 230}}, {"tid": 1, "generated": 0, "bbox": {"xmin": 0, "ymin": 27, "ymax": 208, "xmax": 240}}], [{"tid": 0, "generated": 0, "bbox": {"xmin": 70, "ymin": 72, "ymax": 208, "xmax": 231}}, {"tid": 1, "generated": 0, "bbox": {"xmin": 0, "ymin": 29, "ymax": 209, "xmax": 241}}], [{"tid": 0, "generated": 0, "bbox": {"xmin": 68, "ymin": 72, "ymax": 208, "xmax": 232}}, {"tid": 1, "generated": 0, "bbox": {"xmin": 0, "ymin": 32, "ymax": 210, "xmax": 242}}], [{"tid": 0, "generated": 0, "bbox": {"xmin": 72, "ymin": 72, "ymax": 208, "xmax": 232}}, {"tid": 1, "generated": 0, "bbox": {"xmin": 2, "ymin": 32, "ymax": 210, "xmax": 246}}], [{"tid": 0, "generated": 0, "bbox": {"xmin": 72, "ymin": 74, "ymax": 208, "xmax": 232}}, {"tid": 1, "generated": 0, "bbox": {"xmin": 1, "ymin": 32, "ymax": 210, "xmax": 246}}], [{"tid": 0, "generated": 0, "bbox": {"xmin": 71, "ymin": 75, "ymax": 208, "xmax": 232}}, {"tid": 1, "generated": 0, "bbox": {"xmin": 0, "ymin": 32, "ymax": 210, "xmax": 247}}], [{"tid": 0, "generated": 0, "bbox": {"xmin": 72, "ymin": 75, "ymax": 208, "xmax": 233}}, {"tid": 1, "generated": 0, "bbox": {"xmin": 0, "ymin": 32, "ymax": 210, "xmax": 248}}], [{"tid": 0, "generated": 0, "bbox": {"xmin": 74, "ymin": 76, "ymax": 208, "xmax": 235}}, {"tid": 1, "generated": 0, "bbox": {"xmin": 3, "ymin": 28, "ymax": 208, "xmax": 250}}], [{"tid": 0, "generated": 0, "bbox": {"xmin": 75, "ymin": 77, "ymax": 208, "xmax": 235}}, {"tid": 1, "generated": 0, "bbox": {"xmin": 1, "ymin": 29, "ymax": 208, "xmax": 250}}], [{"tid": 0, "generated": 0, "bbox": {"xmin": 76, "ymin": 79, "ymax": 208, "xmax": 236}}, {"tid": 1, "generated": 0, "bbox": {"xmin": 0, "ymin": 30, "ymax": 208, "xmax": 250}}], [{"tid": 0, "generated": 0, "bbox": {"xmin": 78, "ymin": 80, "ymax": 208, "xmax": 238}}, {"tid": 1, "generated": 0, "bbox": {"xmin": 0, "ymin": 30, "ymax": 208, "xmax": 251}}], [{"tid": 0, "generated": 0, "bbox": {"xmin": 76, "ymin": 80, "ymax": 207, "xmax": 240}}, {"tid": 1, "generated": 0, "bbox": {"xmin": 0, "ymin": 30, "ymax": 208, "xmax": 252}}], [{"tid": 0, "generated": 0, "bbox": {"xmin": 80, "ymin": 83, "ymax": 207, "xmax": 240}}, {"tid": 1, "generated": 0, "bbox": {"xmin": 0, "ymin": 31, "ymax": 209, "xmax": 253}}], [{"tid": 0, "generated": 0, "bbox": {"xmin": 84, "ymin": 84, "ymax": 207, "xmax": 242}}, {"tid": 1, "generated": 0, "bbox": {"xmin": 0, "ymin": 31, "ymax": 209, "xmax": 254}}], [{"tid": 0, "generated": 0, "bbox": {"xmin": 88, "ymin": 86, "ymax": 208, "xmax": 244}}, {"tid": 1, "generated": 0, "bbox": {"xmin": 0, "ymin": 31, "ymax": 209, "xmax": 255}}], [{"tid": 0, "generated": 0, "bbox": {"xmin": 90, "ymin": 87, "ymax": 208, "xmax": 247}}, {"tid": 1, "generated": 0, "bbox": {"xmin": 0, "ymin": 32, "ymax": 210, "xmax": 256}}], [{"tid": 0, "generated": 0, "bbox": {"xmin": 88, "ymin": 88, "ymax": 208, "xmax": 246}}, {"tid": 1, "generated": 0, "bbox": {"xmin": 0, "ymin": 32, "ymax": 210, "xmax": 257}}], [{"tid": 0, "generated": 0, "bbox": {"xmin": 86, "ymin": 90, "ymax": 208, "xmax": 245}}, {"tid": 1, "generated": 0, "bbox": {"xmin": 0, "ymin": 32, "ymax": 210, "xmax": 258}}], [{"tid": 0, "generated": 0, "bbox": {"xmin": 84, "ymin": 92, "ymax": 208, "xmax": 244}}, {"tid": 1, "generated": 0, "bbox": {"xmin": 0, "ymin": 32, "ymax": 210, "xmax": 259}}], [{"tid": 0, "generated": 0, "bbox": {"xmin": 91, "ymin": 92, "ymax": 211, "xmax": 246}}, {"tid": 1, "generated": 0, "bbox": {"xmin": 0, "ymin": 32, "ymax": 211, "xmax": 260}}], [{"tid": 0, "generated": 0, "bbox": {"xmin": 88, "ymin": 92, "ymax": 210, "xmax": 248}}, {"tid": 1, "generated": 0, "bbox": {"xmin": 0, "ymin": 32, "ymax": 209, "xmax": 261}}], [{"tid": 0, "generated": 0, "bbox": {"xmin": 91, "ymin": 92, "ymax": 208, "xmax": 250}}, {"tid": 1, "generated": 0, "bbox": {"xmin": 0, "ymin": 32, "ymax": 207, "xmax": 263}}], [{"tid": 0, "generated": 0, "bbox": {"xmin": 95, "ymin": 92, "ymax": 208, "xmax": 252}}, {"tid": 1, "generated": 0, "bbox": {"xmin": 0, "ymin": 33, "ymax": 205, "xmax": 264}}], [{"tid": 0, "generated": 0, "bbox": {"xmin": 96, "ymin": 92, "ymax": 208, "xmax": 254}}, {"tid": 1, "generated": 0, "bbox": {"xmin": 1, "ymin": 33, "ymax": 204, "xmax": 266}}], [{"tid": 0, "generated": 0, "bbox": {"xmin": 98, "ymin": 92, "ymax": 207, "xmax": 256}}, {"tid": 1, "generated": 0, "bbox": {"xmin": 1, "ymin": 34, "ymax": 202, "xmax": 267}}], [{"tid": 0, "generated": 0, "bbox": {"xmin": 100, "ymin": 92, "ymax": 207, "xmax": 258}}, {"tid": 1, "generated": 0, "bbox": {"xmin": 1, "ymin": 34, "ymax": 200, "xmax": 269}}], [{"tid": 0, "generated": 0, "bbox": {"xmin": 102, "ymin": 92, "ymax": 207, "xmax": 260}}, {"tid": 1, "generated": 0, "bbox": {"xmin": 2, "ymin": 35, "ymax": 199, "xmax": 271}}], [{"tid": 0, "generated": 0, "bbox": {"xmin": 103, "ymin": 94, "ymax": 208, "xmax": 256}}, {"tid": 1, "generated": 0, "bbox": {"xmin": 0, "ymin": 35, "ymax": 199, "xmax": 271}}], [{"tid": 0, "generated": 0, "bbox": {"xmin": 100, "ymin": 94, "ymax": 208, "xmax": 258}}, {"tid": 1, "generated": 0, "bbox": {"xmin": 0, "ymin": 35, "ymax": 200, "xmax": 272}}], [{"tid": 0, "generated": 0, "bbox": {"xmin": 100, "ymin": 95, "ymax": 208, "xmax": 260}}, {"tid": 1, "generated": 0, "bbox": {"xmin": 0, "ymin": 35, "ymax": 199, "xmax": 272}}], [{"tid": 0, "generated": 0, "bbox": {"xmin": 102, "ymin": 95, "ymax": 207, "xmax": 260}}, {"tid": 1, "generated": 0, "bbox": {"xmin": 0, "ymin": 36, "ymax": 202, "xmax": 272}}], [{"tid": 0, "generated": 0, "bbox": {"xmin": 112, "ymin": 95, "ymax": 207, "xmax": 262}}, {"tid": 1, "generated": 0, "bbox": {"xmin": 0, "ymin": 35, "ymax": 212, "xmax": 276}}], [{"tid": 0, "generated": 0, "bbox": {"xmin": 114, "ymin": 95, "ymax": 207, "xmax": 268}}, {"tid": 1, "generated": 0, "bbox": {"xmin": 0, "ymin": 34, "ymax": 212, "xmax": 275}}], [{"tid": 0, "generated": 0, "bbox": {"xmin": 112, "ymin": 96, "ymax": 207, "xmax": 268}}, {"tid": 1, "generated": 0, "bbox": {"xmin": 0, "ymin": 34, "ymax": 212, "xmax": 274}}], [{"tid": 0, "generated": 0, "bbox": {"xmin": 114, "ymin": 96, "ymax": 207, "xmax": 268}}, {"tid": 1, "generated": 0, "bbox": {"xmin": 0, "ymin": 34, "ymax": 204, "xmax": 280}}], [{"tid": 0, "generated": 0, "bbox": {"xmin": 116, "ymin": 96, "ymax": 207, "xmax": 268}}, {"tid": 1, "generated": 0, "bbox": {"xmin": 0, "ymin": 33, "ymax": 203, "xmax": 279}}], [{"tid": 0, "generated": 0, "bbox": {"xmin": 114, "ymin": 96, "ymax": 208, "xmax": 268}}, {"tid": 1, "generated": 0, "bbox": {"xmin": 0, "ymin": 32, "ymax": 202, "xmax": 279}}], [{"tid": 0, "generated": 0, "bbox": {"xmin": 120, "ymin": 96, "ymax": 208, "xmax": 287}}, {"tid": 1, "generated": 0, "bbox": {"xmin": 1, "ymin": 32, "ymax": 206, "xmax": 279}}], [{"tid": 0, "generated": 0, "bbox": {"xmin": 116, "ymin": 98, "ymax": 208, "xmax": 272}}, {"tid": 1, "generated": 0, "bbox": {"xmin": 2, "ymin": 32, "ymax": 210, "xmax": 280}}], [{"tid": 0, "generated": 0, "bbox": {"xmin": 123, "ymin": 98, "ymax": 208, "xmax": 272}}, {"tid": 1, "generated": 0, "bbox": {"xmin": 1, "ymin": 32, "ymax": 209, "xmax": 285}}], [{"tid": 0, "generated": 0, "bbox": {"xmin": 124, "ymin": 98, "ymax": 208, "xmax": 276}}, {"tid": 1, "generated": 0, "bbox": {"xmin": 0, "ymin": 32, "ymax": 208, "xmax": 291}}], [{"tid": 0, "generated": 0, "bbox": {"xmin": 122, "ymin": 98, "ymax": 208, "xmax": 280}}, {"tid": 1, "generated": 0, "bbox": {"xmin": 0, "ymin": 31, "ymax": 207, "xmax": 291}}], [{"tid": 0, "generated": 0, "bbox": {"xmin": 120, "ymin": 98, "ymax": 208, "xmax": 279}}, {"tid": 1, "generated": 0, "bbox": {"xmin": 0, "ymin": 31, "ymax": 207, "xmax": 291}}], [{"tid": 0, "generated": 0, "bbox": {"xmin": 124, "ymin": 98, "ymax": 208, "xmax": 280}}, {"tid": 1, "generated": 0, "bbox": {"xmin": 0, "ymin": 31, "ymax": 206, "xmax": 291}}], [{"tid": 0, "generated": 0, "bbox": {"xmin": 122, "ymin": 98, "ymax": 208, "xmax": 284}}, {"tid": 1, "generated": 0, "bbox": {"xmin": 14, "ymin": 32, "ymax": 207, "xmax": 292}}], [{"tid": 0, "generated": 0, "bbox": {"xmin": 119, "ymin": 96, "ymax": 207, "xmax": 284}}, {"tid": 1, "generated": 0, "bbox": {"xmin": 19, "ymin": 32, "ymax": 208, "xmax": 294}}], [{"tid": 0, "generated": 0, "bbox": {"xmin": 126, "ymin": 96, "ymax": 207, "xmax": 284}}, {"tid": 1, "generated": 0, "bbox": {"xmin": 20, "ymin": 32, "ymax": 207, "xmax": 295}}], [{"tid": 0, "generated": 0, "bbox": {"xmin": 124, "ymin": 96, "ymax": 207, "xmax": 284}}, {"tid": 1, "generated": 0, "bbox": {"xmin": 15, "ymin": 32, "ymax": 208, "xmax": 294}}], [{"tid": 0, "generated": 0, "bbox": {"xmin": 124, "ymin": 96, "ymax": 208, "xmax": 284}}, {"tid": 1, "generated": 0, "bbox": {"xmin": 16, "ymin": 32, "ymax": 207, "xmax": 296}}], [{"tid": 0, "generated": 0, "bbox": {"xmin": 126, "ymin": 100, "ymax": 208, "xmax": 286}}, {"tid": 1, "generated": 0, "bbox": {"xmin": 16, "ymin": 32, "ymax": 206, "xmax": 297}}], [{"tid": 0, "generated": 0, "bbox": {"xmin": 128, "ymin": 99, "ymax": 208, "xmax": 288}}, {"tid": 1, "generated": 0, "bbox": {"xmin": 16, "ymin": 33, "ymax": 206, "xmax": 299}}], [{"tid": 0, "generated": 0, "bbox": {"xmin": 131, "ymin": 96, "ymax": 208, "xmax": 288}}, {"tid": 1, "generated": 0, "bbox": {"xmin": 16, "ymin": 33, "ymax": 206, "xmax": 300}}], [{"tid": 0, "generated": 0, "bbox": {"xmin": 132, "ymin": 96, "ymax": 207, "xmax": 292}}, {"tid": 1, "generated": 0, "bbox": {"xmin": 16, "ymin": 34, "ymax": 206, "xmax": 302}}], [{"tid": 0, "generated": 0, "bbox": {"xmin": 130, "ymin": 96, "ymax": 207, "xmax": 292}}, {"tid": 1, "generated": 0, "bbox": {"xmin": 17, "ymin": 34, "ymax": 205, "xmax": 303}}], [{"tid": 0, "generated": 0, "bbox": {"xmin": 132, "ymin": 96, "ymax": 208, "xmax": 294}}, {"tid": 1, "generated": 0, "bbox": {"xmin": 18, "ymin": 34, "ymax": 204, "xmax": 305}}], [{"tid": 0, "generated": 0, "bbox": {"xmin": 132, "ymin": 96, "ymax": 207, "xmax": 295}}, {"tid": 1, "generated": 0, "bbox": {"xmin": 19, "ymin": 34, "ymax": 204, "xmax": 307}}], [{"tid": 0, "generated": 0, "bbox": {"xmin": 135, "ymin": 96, "ymax": 208, "xmax": 296}}, {"tid": 1, "generated": 0, "bbox": {"xmin": 19, "ymin": 36, "ymax": 206, "xmax": 308}}], [{"tid": 0, "generated": 0, "bbox": {"xmin": 136, "ymin": 96, "ymax": 208, "xmax": 296}}, {"tid": 1, "generated": 0, "bbox": {"xmin": 16, "ymin": 35, "ymax": 204, "xmax": 310}}], [{"tid": 0, "generated": 0, "bbox": {"xmin": 131, "ymin": 96, "ymax": 208, "xmax": 296}}, {"tid": 1, "generated": 0, "bbox": {"xmin": 22, "ymin": 35, "ymax": 205, "xmax": 312}}], [{"tid": 0, "generated": 0, "bbox": {"xmin": 132, "ymin": 106, "ymax": 208, "xmax": 296}}, {"tid": 1, "generated": 0, "bbox": {"xmin": 28, "ymin": 35, "ymax": 207, "xmax": 314}}], [{"tid": 0, "generated": 0, "bbox": {"xmin": 139, "ymin": 96, "ymax": 208, "xmax": 298}}, {"tid": 1, "generated": 0, "bbox": {"xmin": 23, "ymin": 35, "ymax": 208, "xmax": 316}}], [{"tid": 0, "generated": 0, "bbox": {"xmin": 135, "ymin": 96, "ymax": 208, "xmax": 299}}, {"tid": 1, "generated": 0, "bbox": {"xmin": 23, "ymin": 36, "ymax": 208, "xmax": 315}}], [{"tid": 0, "generated": 0, "bbox": {"xmin": 135, "ymin": 96, "ymax": 208, "xmax": 299}}, {"tid": 1, "generated": 0, "bbox": {"xmin": 23, "ymin": 37, "ymax": 208, "xmax": 315}}], [{"tid": 0, "generated": 0, "bbox": {"xmin": 140, "ymin": 98, "ymax": 207, "xmax": 299}}, {"tid": 1, "generated": 0, "bbox": {"xmin": 24, "ymin": 39, "ymax": 208, "xmax": 315}}], [{"tid": 0, "generated": 0, "bbox": {"xmin": 139, "ymin": 98, "ymax": 208, "xmax": 299}}, {"tid": 1, "generated": 0, "bbox": {"xmin": 24, "ymin": 38, "ymax": 208, "xmax": 314}}], [{"tid": 0, "generated": 0, "bbox": {"xmin": 135, "ymin": 99, "ymax": 208, "xmax": 299}}, {"tid": 1, "generated": 0, "bbox": {"xmin": 25, "ymin": 38, "ymax": 208, "xmax": 313}}], [{"tid": 0, "generated": 0, "bbox": {"xmin": 132, "ymin": 99, "ymax": 207, "xmax": 299}}, {"tid": 1, "generated": 0, "bbox": {"xmin": 26, "ymin": 38, "ymax": 208, "xmax": 312}}], [{"tid": 0, "generated": 0, "bbox": {"xmin": 132, "ymin": 100, "ymax": 207, "xmax": 300}}, {"tid": 1, "generated": 0, "bbox": {"xmin": 27, "ymin": 38, "ymax": 208, "xmax": 312}}], [{"tid": 0, "generated": 0, "bbox": {"xmin": 132, "ymin": 100, "ymax": 207, "xmax": 300}}, {"tid": 1, "generated": 0, "bbox": {"xmin": 28, "ymin": 36, "ymax": 208, "xmax": 314}}], [{"tid": 0, "generated": 0, "bbox": {"xmin": 135, "ymin": 103, "ymax": 207, "xmax": 300}}, {"tid": 1, "generated": 0, "bbox": {"xmin": 28, "ymin": 36, "ymax": 208, "xmax": 315}}], [{"tid": 0, "generated": 0, "bbox": {"xmin": 132, "ymin": 100, "ymax": 206, "xmax": 300}}, {"tid": 1, "generated": 0, "bbox": {"xmin": 28, "ymin": 38, "ymax": 207, "xmax": 314}}], [{"tid": 0, "generated": 0, "bbox": {"xmin": 134, "ymin": 100, "ymax": 206, "xmax": 300}}, {"tid": 1, "generated": 0, "bbox": {"xmin": 26, "ymin": 36, "ymax": 207, "xmax": 314}}], [{"tid": 0, "generated": 0, "bbox": {"xmin": 136, "ymin": 100, "ymax": 206, "xmax": 300}}, {"tid": 1, "generated": 0, "bbox": {"xmin": 25, "ymin": 35, "ymax": 207, "xmax": 314}}], [{"tid": 0, "generated": 0, "bbox": {"xmin": 131, "ymin": 100, "ymax": 206, "xmax": 300}}, {"tid": 1, "generated": 0, "bbox": {"xmin": 24, "ymin": 33, "ymax": 207, "xmax": 314}}], [{"tid": 0, "generated": 0, "bbox": {"xmin": 132, "ymin": 102, "ymax": 204, "xmax": 300}}, {"tid": 1, "generated": 0, "bbox": {"xmin": 23, "ymin": 32, "ymax": 208, "xmax": 315}}], [{"tid": 0, "generated": 0, "bbox": {"xmin": 132, "ymin": 102, "ymax": 204, "xmax": 300}}, {"tid": 1, "generated": 0, "bbox": {"xmin": 24, "ymin": 32, "ymax": 207, "xmax": 314}}], [{"tid": 0, "generated": 0, "bbox": {"xmin": 131, "ymin": 103, "ymax": 204, "xmax": 300}}, {"tid": 1, "generated": 0, "bbox": {"xmin": 25, "ymin": 32, "ymax": 207, "xmax": 314}}], [{"tid": 0, "generated": 0, "bbox": {"xmin": 130, "ymin": 103, "ymax": 206, "xmax": 300}}, {"tid": 1, "generated": 0, "bbox": {"xmin": 26, "ymin": 33, "ymax": 207, "xmax": 314}}], [{"tid": 0, "generated": 0, "bbox": {"xmin": 128, "ymin": 104, "ymax": 206, "xmax": 300}}, {"tid": 1, "generated": 0, "bbox": {"xmin": 27, "ymin": 33, "ymax": 207, "xmax": 314}}], [{"tid": 0, "generated": 0, "bbox": {"xmin": 128, "ymin": 107, "ymax": 207, "xmax": 300}}, {"tid": 1, "generated": 0, "bbox": {"xmin": 28, "ymin": 34, "ymax": 207, "xmax": 314}}], [{"tid": 0, "generated": 0, "bbox": {"xmin": 132, "ymin": 104, "ymax": 206, "xmax": 300}}, {"tid": 1, "generated": 0, "bbox": {"xmin": 27, "ymin": 33, "ymax": 207, "xmax": 314}}], [{"tid": 0, "generated": 0, "bbox": {"xmin": 131, "ymin": 104, "ymax": 206, "xmax": 300}}, {"tid": 1, "generated": 0, "bbox": {"xmin": 26, "ymin": 33, "ymax": 207, "xmax": 314}}], [{"tid": 0, "generated": 0, "bbox": {"xmin": 132, "ymin": 104, "ymax": 208, "xmax": 300}}, {"tid": 1, "generated": 0, "bbox": {"xmin": 26, "ymin": 32, "ymax": 207, "xmax": 315}}], [{"tid": 0, "generated": 0, "bbox": {"xmin": 132, "ymin": 108, "ymax": 211, "xmax": 300}}, {"tid": 1, "generated": 0, "bbox": {"xmin": 25, "ymin": 32, "ymax": 207, "xmax": 315}}], [{"tid": 0, "generated": 0, "bbox": {"xmin": 131, "ymin": 112, "ymax": 211, "xmax": 298}}, {"tid": 1, "generated": 0, "bbox": {"xmin": 24, "ymin": 31, "ymax": 207, "xmax": 315}}], [{"tid": 0, "generated": 0, "bbox": {"xmin": 132, "ymin": 111, "ymax": 208, "xmax": 300}}, {"tid": 1, "generated": 0, "bbox": {"xmin": 24, "ymin": 31, "ymax": 208, "xmax": 316}}], [{"tid": 0, "generated": 0, "bbox": {"xmin": 134, "ymin": 111, "ymax": 208, "xmax": 300}}, {"tid": 1, "generated": 0, "bbox": {"xmin": 24, "ymin": 30, "ymax": 207, "xmax": 316}}], [{"tid": 0, "generated": 0, "bbox": {"xmin": 132, "ymin": 112, "ymax": 210, "xmax": 299}}, {"tid": 1, "generated": 0, "bbox": {"xmin": 25, "ymin": 30, "ymax": 207, "xmax": 316}}], [{"tid": 0, "generated": 0, "bbox": {"xmin": 130, "ymin": 112, "ymax": 208, "xmax": 300}}, {"tid": 1, "generated": 0, "bbox": {"xmin": 26, "ymin": 30, "ymax": 207, "xmax": 316}}], [{"tid": 0, "generated": 0, "bbox": {"xmin": 131, "ymin": 112, "ymax": 211, "xmax": 300}}, {"tid": 1, "generated": 0, "bbox": {"xmin": 27, "ymin": 30, "ymax": 207, "xmax": 316}}], [{"tid": 0, "generated": 0, "bbox": {"xmin": 128, "ymin": 110, "ymax": 212, "xmax": 300}}, {"tid": 1, "generated": 0, "bbox": {"xmin": 26, "ymin": 30, "ymax": 207, "xmax": 315}}], [{"tid": 0, "generated": 0, "bbox": {"xmin": 128, "ymin": 114, "ymax": 210, "xmax": 299}}, {"tid": 1, "generated": 0, "bbox": {"xmin": 25, "ymin": 30, "ymax": 207, "xmax": 315}}], [{"tid": 0, "generated": 0, "bbox": {"xmin": 128, "ymin": 112, "ymax": 208, "xmax": 298}}, {"tid": 1, "generated": 0, "bbox": {"xmin": 24, "ymin": 30, "ymax": 207, "xmax": 315}}], [{"tid": 0, "generated": 0, "bbox": {"xmin": 132, "ymin": 111, "ymax": 206, "xmax": 298}}, {"tid": 1, "generated": 0, "bbox": {"xmin": 23, "ymin": 30, "ymax": 207, "xmax": 315}}], [{"tid": 0, "generated": 0, "bbox": {"xmin": 143, "ymin": 114, "ymax": 210, "xmax": 295}}, {"tid": 1, "generated": 0, "bbox": {"xmin": 23, "ymin": 30, "ymax": 208, "xmax": 315}}], [{"tid": 0, "generated": 0, "bbox": {"xmin": 140, "ymin": 108, "ymax": 211, "xmax": 296}}, {"tid": 1, "generated": 0, "bbox": {"xmin": 23, "ymin": 30, "ymax": 208, "xmax": 315}}], [{"tid": 0, "generated": 0, "bbox": {"xmin": 139, "ymin": 108, "ymax": 208, "xmax": 296}}, {"tid": 1, "generated": 0, "bbox": {"xmin": 22, "ymin": 30, "ymax": 208, "xmax": 315}}], [{"tid": 0, "generated": 0, "bbox": {"xmin": 140, "ymin": 104, "ymax": 210, "xmax": 296}}, {"tid": 1, "generated": 0, "bbox": {"xmin": 24, "ymin": 30, "ymax": 208, "xmax": 315}}], [{"tid": 0, "generated": 0, "bbox": {"xmin": 140, "ymin": 107, "ymax": 208, "xmax": 296}}, {"tid": 1, "generated": 0, "bbox": {"xmin": 26, "ymin": 30, "ymax": 208, "xmax": 315}}], [{"tid": 0, "generated": 0, "bbox": {"xmin": 143, "ymin": 103, "ymax": 208, "xmax": 299}}, {"tid": 1, "generated": 0, "bbox": {"xmin": 22, "ymin": 30, "ymax": 207, "xmax": 316}}], [{"tid": 0, "generated": 0, "bbox": {"xmin": 143, "ymin": 102, "ymax": 208, "xmax": 298}}, {"tid": 1, "generated": 0, "bbox": {"xmin": 22, "ymin": 30, "ymax": 206, "xmax": 316}}], [{"tid": 0, "generated": 0, "bbox": {"xmin": 143, "ymin": 102, "ymax": 208, "xmax": 296}}, {"tid": 1, "generated": 0, "bbox": {"xmin": 23, "ymin": 29, "ymax": 206, "xmax": 315}}], [{"tid": 0, "generated": 0, "bbox": {"xmin": 138, "ymin": 100, "ymax": 208, "xmax": 296}}, {"tid": 1, "generated": 0, "bbox": {"xmin": 24, "ymin": 28, "ymax": 206, "xmax": 315}}], [{"tid": 0, "generated": 0, "bbox": {"xmin": 138, "ymin": 100, "ymax": 208, "xmax": 295}}, {"tid": 1, "generated": 0, "bbox": {"xmin": 24, "ymin": 28, "ymax": 206, "xmax": 315}}], [{"tid": 0, "generated": 0, "bbox": {"xmin": 136, "ymin": 100, "ymax": 208, "xmax": 294}}, {"tid": 1, "generated": 0, "bbox": {"xmin": 24, "ymin": 28, "ymax": 206, "xmax": 315}}], [{"tid": 0, "generated": 0, "bbox": {"xmin": 136, "ymin": 100, "ymax": 208, "xmax": 294}}, {"tid": 1, "generated": 0, "bbox": {"xmin": 24, "ymin": 28, "ymax": 206, "xmax": 315}}], [{"tid": 0, "generated": 0, "bbox": {"xmin": 130, "ymin": 100, "ymax": 208, "xmax": 292}}, {"tid": 1, "generated": 0, "bbox": {"xmin": 24, "ymin": 28, "ymax": 207, "xmax": 315}}], [{"tid": 0, "generated": 0, "bbox": {"xmin": 130, "ymin": 100, "ymax": 208, "xmax": 292}}, {"tid": 1, "generated": 0, "bbox": {"xmin": 24, "ymin": 28, "ymax": 207, "xmax": 315}}], [{"tid": 0, "generated": 0, "bbox": {"xmin": 128, "ymin": 102, "ymax": 208, "xmax": 292}}, {"tid": 1, "generated": 0, "bbox": {"xmin": 24, "ymin": 28, "ymax": 207, "xmax": 315}}], [{"tid": 0, "generated": 0, "bbox": {"xmin": 128, "ymin": 102, "ymax": 208, "xmax": 292}}, {"tid": 1, "generated": 0, "bbox": {"xmin": 24, "ymin": 28, "ymax": 207, "xmax": 315}}], [{"tid": 0, "generated": 0, "bbox": {"xmin": 128, "ymin": 102, "ymax": 208, "xmax": 292}}, {"tid": 1, "generated": 0, "bbox": {"xmin": 24, "ymin": 28, "ymax": 208, "xmax": 316}}], [{"tid": 0, "generated": 0, "bbox": {"xmin": 128, "ymin": 102, "ymax": 208, "xmax": 292}}, {"tid": 1, "generated": 0, "bbox": {"xmin": 23, "ymin": 28, "ymax": 208, "xmax": 315}}], [{"tid": 0, "generated": 0, "bbox": {"xmin": 128, "ymin": 102, "ymax": 208, "xmax": 292}}, {"tid": 1, "generated": 0, "bbox": {"xmin": 22, "ymin": 28, "ymax": 208, "xmax": 314}}], [{"tid": 0, "generated": 0, "bbox": {"xmin": 128, "ymin": 102, "ymax": 208, "xmax": 292}}, {"tid": 1, "generated": 0, "bbox": {"xmin": 21, "ymin": 28, "ymax": 208, "xmax": 313}}], [{"tid": 0, "generated": 0, "bbox": {"xmin": 128, "ymin": 102, "ymax": 208, "xmax": 292}}, {"tid": 1, "generated": 0, "bbox": {"xmin": 20, "ymin": 28, "ymax": 208, "xmax": 312}}], [{"tid": 0, "generated": 0, "bbox": {"xmin": 128, "ymin": 102, "ymax": 208, "xmax": 292}}, {"tid": 1, "generated": 0, "bbox": {"xmin": 20, "ymin": 28, "ymax": 208, "xmax": 311}}], [{"tid": 0, "generated": 0, "bbox": {"xmin": 128, "ymin": 102, "ymax": 208, "xmax": 292}}, {"tid": 1, "generated": 0, "bbox": {"xmin": 19, "ymin": 28, "ymax": 208, "xmax": 310}}], [{"tid": 0, "generated": 0, "bbox": {"xmin": 128, "ymin": 102, "ymax": 208, "xmax": 292}}, {"tid": 1, "generated": 0, "bbox": {"xmin": 18, "ymin": 28, "ymax": 208, "xmax": 309}}], [{"tid": 0, "generated": 0, "bbox": {"xmin": 128, "ymin": 102, "ymax": 208, "xmax": 292}}, {"tid": 1, "generated": 0, "bbox": {"xmin": 17, "ymin": 28, "ymax": 208, "xmax": 308}}], [{"tid": 0, "generated": 0, "bbox": {"xmin": 128, "ymin": 102, "ymax": 208, "xmax": 292}}, {"tid": 1, "generated": 0, "bbox": {"xmin": 16, "ymin": 28, "ymax": 208, "xmax": 307}}], [{"tid": 0, "generated": 0, "bbox": {"xmin": 128, "ymin": 102, "ymax": 208, "xmax": 292}}, {"tid": 1, "generated": 0, "bbox": {"xmin": 16, "ymin": 28, "ymax": 208, "xmax": 307}}], [{"tid": 0, "generated": 0, "bbox": {"xmin": 128, "ymin": 102, "ymax": 208, "xmax": 292}}, {"tid": 1, "generated": 0, "bbox": {"xmin": 20, "ymin": 28, "ymax": 208, "xmax": 307}}], [{"tid": 0, "generated": 0, "bbox": {"xmin": 128, "ymin": 102, "ymax": 207, "xmax": 292}}, {"tid": 1, "generated": 0, "bbox": {"xmin": 19, "ymin": 28, "ymax": 208, "xmax": 307}}], [{"tid": 0, "generated": 0, "bbox": {"xmin": 127, "ymin": 102, "ymax": 207, "xmax": 292}}, {"tid": 1, "generated": 0, "bbox": {"xmin": 23, "ymin": 28, "ymax": 208, "xmax": 306}}], [{"tid": 0, "generated": 0, "bbox": {"xmin": 127, "ymin": 102, "ymax": 207, "xmax": 292}}, {"tid": 1, "generated": 0, "bbox": {"xmin": 22, "ymin": 28, "ymax": 207, "xmax": 306}}], [{"tid": 0, "generated": 0, "bbox": {"xmin": 127, "ymin": 102, "ymax": 206, "xmax": 291}}, {"tid": 1, "generated": 0, "bbox": {"xmin": 21, "ymin": 28, "ymax": 207, "xmax": 306}}], [{"tid": 0, "generated": 0, "bbox": {"xmin": 127, "ymin": 102, "ymax": 206, "xmax": 291}}, {"tid": 1, "generated": 0, "bbox": {"xmin": 20, "ymin": 28, "ymax": 207, "xmax": 306}}], [{"tid": 0, "generated": 0, "bbox": {"xmin": 127, "ymin": 102, "ymax": 206, "xmax": 291}}, {"tid": 1, "generated": 0, "bbox": {"xmin": 20, "ymin": 28, "ymax": 207, "xmax": 306}}], [{"tid": 0, "generated": 0, "bbox": {"xmin": 127, "ymin": 102, "ymax": 206, "xmax": 291}}, {"tid": 1, "generated": 0, "bbox": {"xmin": 19, "ymin": 28, "ymax": 207, "xmax": 306}}], [{"tid": 0, "generated": 0, "bbox": {"xmin": 127, "ymin": 102, "ymax": 206, "xmax": 291}}, {"tid": 1, "generated": 0, "bbox": {"xmin": 18, "ymin": 28, "ymax": 207, "xmax": 306}}], [{"tid": 0, "generated": 0, "bbox": {"xmin": 127, "ymin": 102, "ymax": 206, "xmax": 291}}, {"tid": 1, "generated": 0, "bbox": {"xmin": 18, "ymin": 28, "ymax": 207, "xmax": 307}}], [{"tid": 0, "generated": 0, "bbox": {"xmin": 127, "ymin": 102, "ymax": 206, "xmax": 290}}, {"tid": 1, "generated": 0, "bbox": {"xmin": 19, "ymin": 28, "ymax": 207, "xmax": 306}}], [{"tid": 0, "generated": 0, "bbox": {"xmin": 127, "ymin": 102, "ymax": 206, "xmax": 290}}, {"tid": 1, "generated": 0, "bbox": {"xmin": 16, "ymin": 28, "ymax": 207, "xmax": 307}}], [{"tid": 0, "generated": 0, "bbox": {"xmin": 127, "ymin": 102, "ymax": 205, "xmax": 290}}, {"tid": 1, "generated": 0, "bbox": {"xmin": 15, "ymin": 28, "ymax": 206, "xmax": 307}}], [{"tid": 0, "generated": 0, "bbox": {"xmin": 127, "ymin": 102, "ymax": 205, "xmax": 290}}, {"tid": 1, "generated": 0, "bbox": {"xmin": 15, "ymin": 28, "ymax": 206, "xmax": 307}}], [{"tid": 0, "generated": 0, "bbox": {"xmin": 127, "ymin": 102, "ymax": 205, "xmax": 290}}, {"tid": 1, "generated": 0, "bbox": {"xmin": 15, "ymin": 28, "ymax": 206, "xmax": 307}}], [{"tid": 0, "generated": 0, "bbox": {"xmin": 127, "ymin": 102, "ymax": 205, "xmax": 290}}, {"tid": 1, "generated": 0, "bbox": {"xmin": 15, "ymin": 28, "ymax": 206, "xmax": 307}}], [{"tid": 0, "generated": 0, "bbox": {"xmin": 127, "ymin": 102, "ymax": 205, "xmax": 289}}, {"tid": 1, "generated": 0, "bbox": {"xmin": 14, "ymin": 28, "ymax": 206, "xmax": 307}}], [{"tid": 0, "generated": 0, "bbox": {"xmin": 127, "ymin": 102, "ymax": 205, "xmax": 289}}, {"tid": 1, "generated": 0, "bbox": {"xmin": 14, "ymin": 28, "ymax": 206, "xmax": 307}}], [{"tid": 0, "generated": 0, "bbox": {"xmin": 127, "ymin": 102, "ymax": 205, "xmax": 289}}, {"tid": 1, "generated": 0, "bbox": {"xmin": 14, "ymin": 28, "ymax": 206, "xmax": 307}}], [{"tid": 0, "generated": 0, "bbox": {"xmin": 127, "ymin": 102, "ymax": 205, "xmax": 289}}, {"tid": 1, "generated": 0, "bbox": {"xmin": 14, "ymin": 28, "ymax": 206, "xmax": 307}}], [{"tid": 0, "generated": 0, "bbox": {"xmin": 127, "ymin": 102, "ymax": 204, "xmax": 289}}, {"tid": 1, "generated": 0, "bbox": {"xmin": 14, "ymin": 28, "ymax": 206, "xmax": 307}}], [{"tid": 0, "generated": 0, "bbox": {"xmin": 127, "ymin": 102, "ymax": 204, "xmax": 289}}, {"tid": 1, "generated": 0, "bbox": {"xmin": 13, "ymin": 28, "ymax": 206, "xmax": 307}}], [{"tid": 0, "generated": 0, "bbox": {"xmin": 127, "ymin": 102, "ymax": 204, "xmax": 288}}, {"tid": 1, "generated": 0, "bbox": {"xmin": 13, "ymin": 28, "ymax": 206, "xmax": 307}}], [{"tid": 0, "generated": 0, "bbox": {"xmin": 127, "ymin": 102, "ymax": 204, "xmax": 288}}, {"tid": 1, "generated": 0, "bbox": {"xmin": 13, "ymin": 28, "ymax": 206, "xmax": 307}}], [{"tid": 0, "generated": 0, "bbox": {"xmin": 127, "ymin": 102, "ymax": 204, "xmax": 288}}, {"tid": 1, "generated": 0, "bbox": {"xmin": 13, "ymin": 28, "ymax": 206, "xmax": 307}}], [{"tid": 0, "generated": 0, "bbox": {"xmin": 127, "ymin": 102, "ymax": 204, "xmax": 288}}, {"tid": 1, "generated": 0, "bbox": {"xmin": 12, "ymin": 28, "ymax": 206, "xmax": 307}}], [{"tid": 0, "generated": 0, "bbox": {"xmin": 127, "ymin": 102, "ymax": 204, "xmax": 288}}, {"tid": 1, "generated": 0, "bbox": {"xmin": 12, "ymin": 28, "ymax": 206, "xmax": 307}}], [{"tid": 0, "generated": 0, "bbox": {"xmin": 127, "ymin": 102, "ymax": 204, "xmax": 288}}, {"tid": 1, "generated": 0, "bbox": {"xmin": 12, "ymin": 28, "ymax": 206, "xmax": 307}}], [{"tid": 0, "generated": 0, "bbox": {"xmin": 127, "ymin": 102, "ymax": 204, "xmax": 288}}, {"tid": 1, "generated": 0, "bbox": {"xmin": 12, "ymin": 28, "ymax": 206, "xmax": 307}}], [{"tid": 0, "generated": 0, "bbox": {"xmin": 126, "ymin": 102, "ymax": 208, "xmax": 288}}, {"tid": 1, "generated": 0, "bbox": {"xmin": 12, "ymin": 28, "ymax": 206, "xmax": 307}}], [{"tid": 0, "generated": 0, "bbox": {"xmin": 126, "ymin": 102, "ymax": 207, "xmax": 288}}, {"tid": 1, "generated": 0, "bbox": {"xmin": 11, "ymin": 28, "ymax": 206, "xmax": 307}}], [{"tid": 0, "generated": 0, "bbox": {"xmin": 126, "ymin": 102, "ymax": 206, "xmax": 287}}, {"tid": 1, "generated": 0, "bbox": {"xmin": 11, "ymin": 28, "ymax": 206, "xmax": 307}}], [{"tid": 0, "generated": 0, "bbox": {"xmin": 124, "ymin": 104, "ymax": 206, "xmax": 287}}, {"tid": 1, "generated": 0, "bbox": {"xmin": 11, "ymin": 28, "ymax": 206, "xmax": 307}}], [{"tid": 0, "generated": 0, "bbox": {"xmin": 124, "ymin": 104, "ymax": 207, "xmax": 291}}, {"tid": 1, "generated": 0, "bbox": {"xmin": 11, "ymin": 28, "ymax": 206, "xmax": 307}}], [{"tid": 0, "generated": 0, "bbox": {"xmin": 124, "ymin": 104, "ymax": 210, "xmax": 287}}, {"tid": 1, "generated": 0, "bbox": {"xmin": 11, "ymin": 28, "ymax": 206, "xmax": 307}}], [{"tid": 0, "generated": 0, "bbox": {"xmin": 124, "ymin": 104, "ymax": 207, "xmax": 290}}, {"tid": 1, "generated": 0, "bbox": {"xmin": 10, "ymin": 28, "ymax": 204, "xmax": 307}}], [{"tid": 0, "generated": 0, "bbox": {"xmin": 124, "ymin": 104, "ymax": 204, "xmax": 290}}, {"tid": 1, "generated": 0, "bbox": {"xmin": 12, "ymin": 28, "ymax": 204, "xmax": 306}}], [{"tid": 0, "generated": 0, "bbox": {"xmin": 124, "ymin": 104, "ymax": 204, "xmax": 288}}, {"tid": 1, "generated": 0, "bbox": {"xmin": 16, "ymin": 28, "ymax": 206, "xmax": 307}}], [{"tid": 0, "generated": 0, "bbox": {"xmin": 124, "ymin": 102, "ymax": 203, "xmax": 288}}, {"tid": 1, "generated": 0, "bbox": {"xmin": 16, "ymin": 28, "ymax": 206, "xmax": 306}}], [{"tid": 0, "generated": 0, "bbox": {"xmin": 124, "ymin": 100, "ymax": 210, "xmax": 288}}, {"tid": 1, "generated": 0, "bbox": {"xmin": 16, "ymin": 28, "ymax": 206, "xmax": 306}}], [{"tid": 0, "generated": 0, "bbox": {"xmin": 124, "ymin": 99, "ymax": 210, "xmax": 288}}, {"tid": 1, "generated": 0, "bbox": {"xmin": 16, "ymin": 28, "ymax": 206, "xmax": 306}}], [{"tid": 0, "generated": 0, "bbox": {"xmin": 124, "ymin": 98, "ymax": 208, "xmax": 288}}, {"tid": 1, "generated": 0, "bbox": {"xmin": 16, "ymin": 28, "ymax": 206, "xmax": 306}}], [{"tid": 0, "generated": 0, "bbox": {"xmin": 124, "ymin": 102, "ymax": 210, "xmax": 288}}, {"tid": 1, "generated": 0, "bbox": {"xmin": 16, "ymin": 28, "ymax": 206, "xmax": 306}}], [{"tid": 0, "generated": 0, "bbox": {"xmin": 124, "ymin": 102, "ymax": 210, "xmax": 288}}, {"tid": 1, "generated": 0, "bbox": {"xmin": 16, "ymin": 28, "ymax": 206, "xmax": 306}}], [{"tid": 0, "generated": 0, "bbox": {"xmin": 124, "ymin": 104, "ymax": 210, "xmax": 288}}, {"tid": 1, "generated": 0, "bbox": {"xmin": 16, "ymin": 28, "ymax": 206, "xmax": 306}}], [{"tid": 0, "generated": 0, "bbox": {"xmin": 124, "ymin": 103, "ymax": 208, "xmax": 288}}, {"tid": 1, "generated": 0, "bbox": {"xmin": 16, "ymin": 28, "ymax": 206, "xmax": 306}}], [{"tid": 0, "generated": 0, "bbox": {"xmin": 124, "ymin": 101, "ymax": 208, "xmax": 288}}, {"tid": 1, "generated": 0, "bbox": {"xmin": 17, "ymin": 28, "ymax": 206, "xmax": 306}}], [{"tid": 0, "generated": 0, "bbox": {"xmin": 124, "ymin": 100, "ymax": 208, "xmax": 288}}, {"tid": 1, "generated": 0, "bbox": {"xmin": 17, "ymin": 28, "ymax": 206, "xmax": 306}}], [{"tid": 0, "generated": 0, "bbox": {"xmin": 126, "ymin": 100, "ymax": 208, "xmax": 288}}, {"tid": 1, "generated": 0, "bbox": {"xmin": 17, "ymin": 28, "ymax": 206, "xmax": 306}}], [{"tid": 0, "generated": 0, "bbox": {"xmin": 125, "ymin": 102, "ymax": 209, "xmax": 288}}, {"tid": 1, "generated": 0, "bbox": {"xmin": 17, "ymin": 28, "ymax": 206, "xmax": 306}}], [{"tid": 0, "generated": 0, "bbox": {"xmin": 124, "ymin": 104, "ymax": 210, "xmax": 288}}, {"tid": 1, "generated": 0, "bbox": {"xmin": 18, "ymin": 28, "ymax": 206, "xmax": 306}}], [{"tid": 0, "generated": 0, "bbox": {"xmin": 123, "ymin": 103, "ymax": 210, "xmax": 287}}, {"tid": 1, "generated": 0, "bbox": {"xmin": 18, "ymin": 28, "ymax": 206, "xmax": 306}}], [{"tid": 0, "generated": 0, "bbox": {"xmin": 123, "ymin": 103, "ymax": 210, "xmax": 287}}, {"tid": 1, "generated": 0, "bbox": {"xmin": 18, "ymin": 28, "ymax": 206, "xmax": 306}}], [{"tid": 0, "generated": 0, "bbox": {"xmin": 123, "ymin": 103, "ymax": 209, "xmax": 287}}, {"tid": 1, "generated": 0, "bbox": {"xmin": 18, "ymin": 28, "ymax": 206, "xmax": 306}}], [{"tid": 0, "generated": 0, "bbox": {"xmin": 124, "ymin": 103, "ymax": 209, "xmax": 287}}, {"tid": 1, "generated": 0, "bbox": {"xmin": 19, "ymin": 28, "ymax": 206, "xmax": 306}}], [{"tid": 0, "generated": 0, "bbox": {"xmin": 124, "ymin": 103, "ymax": 208, "xmax": 287}}, {"tid": 1, "generated": 0, "bbox": {"xmin": 19, "ymin": 28, "ymax": 206, "xmax": 306}}], [{"tid": 0, "generated": 0, "bbox": {"xmin": 125, "ymin": 103, "ymax": 208, "xmax": 287}}, {"tid": 1, "generated": 0, "bbox": {"xmin": 19, "ymin": 28, "ymax": 207, "xmax": 306}}], [{"tid": 0, "generated": 0, "bbox": {"xmin": 126, "ymin": 104, "ymax": 208, "xmax": 287}}, {"tid": 1, "generated": 0, "bbox": {"xmin": 19, "ymin": 28, "ymax": 207, "xmax": 306}}], [{"tid": 0, "generated": 0, "bbox": {"xmin": 127, "ymin": 102, "ymax": 208, "xmax": 288}}, {"tid": 1, "generated": 0, "bbox": {"xmin": 19, "ymin": 28, "ymax": 207, "xmax": 306}}], [{"tid": 0, "generated": 0, "bbox": {"xmin": 126, "ymin": 102, "ymax": 208, "xmax": 287}}, {"tid": 1, "generated": 0, "bbox": {"xmin": 20, "ymin": 28, "ymax": 207, "xmax": 306}}], [{"tid": 0, "generated": 0, "bbox": {"xmin": 126, "ymin": 103, "ymax": 208, "xmax": 287}}, {"tid": 1, "generated": 0, "bbox": {"xmin": 20, "ymin": 28, "ymax": 207, "xmax": 306}}], [{"tid": 0, "generated": 0, "bbox": {"xmin": 125, "ymin": 103, "ymax": 208, "xmax": 287}}, {"tid": 1, "generated": 0, "bbox": {"xmin": 20, "ymin": 28, "ymax": 207, "xmax": 306}}], [{"tid": 0, "generated": 0, "bbox": {"xmin": 125, "ymin": 103, "ymax": 208, "xmax": 287}}, {"tid": 1, "generated": 0, "bbox": {"xmin": 20, "ymin": 28, "ymax": 207, "xmax": 306}}], [{"tid": 0, "generated": 0, "bbox": {"xmin": 124, "ymin": 103, "ymax": 208, "xmax": 287}}, {"tid": 1, "generated": 0, "bbox": {"xmin": 21, "ymin": 28, "ymax": 207, "xmax": 306}}], [{"tid": 0, "generated": 0, "bbox": {"xmin": 124, "ymin": 103, "ymax": 208, "xmax": 287}}, {"tid": 1, "generated": 0, "bbox": {"xmin": 21, "ymin": 28, "ymax": 207, "xmax": 306}}], [{"tid": 0, "generated": 0, "bbox": {"xmin": 123, "ymin": 103, "ymax": 208, "xmax": 287}}, {"tid": 1, "generated": 0, "bbox": {"xmin": 21, "ymin": 28, "ymax": 207, "xmax": 306}}], [{"tid": 0, "generated": 0, "bbox": {"xmin": 123, "ymin": 104, "ymax": 208, "xmax": 287}}, {"tid": 1, "generated": 0, "bbox": {"xmin": 21, "ymin": 28, "ymax": 207, "xmax": 306}}], [{"tid": 0, "generated": 0, "bbox": {"xmin": 127, "ymin": 104, "ymax": 208, "xmax": 288}}, {"tid": 1, "generated": 0, "bbox": {"xmin": 22, "ymin": 28, "ymax": 207, "xmax": 306}}], [{"tid": 0, "generated": 0, "bbox": {"xmin": 126, "ymin": 104, "ymax": 208, "xmax": 288}}, {"tid": 1, "generated": 0, "bbox": {"xmin": 22, "ymin": 28, "ymax": 207, "xmax": 306}}], [{"tid": 0, "generated": 0, "bbox": {"xmin": 127, "ymin": 105, "ymax": 208, "xmax": 287}}, {"tid": 1, "generated": 0, "bbox": {"xmin": 22, "ymin": 28, "ymax": 207, "xmax": 306}}], [{"tid": 0, "generated": 0, "bbox": {"xmin": 128, "ymin": 107, "ymax": 208, "xmax": 287}}, {"tid": 1, "generated": 0, "bbox": {"xmin": 22, "ymin": 28, "ymax": 207, "xmax": 306}}], [{"tid": 0, "generated": 0, "bbox": {"xmin": 126, "ymin": 108, "ymax": 207, "xmax": 286}}, {"tid": 1, "generated": 0, "bbox": {"xmin": 23, "ymin": 28, "ymax": 208, "xmax": 307}}], [{"tid": 0, "generated": 0, "bbox": {"xmin": 128, "ymin": 108, "ymax": 208, "xmax": 286}}, {"tid": 1, "generated": 0, "bbox": {"xmin": 23, "ymin": 28, "ymax": 208, "xmax": 307}}], [{"tid": 0, "generated": 0, "bbox": {"xmin": 128, "ymin": 96, "ymax": 207, "xmax": 286}}, {"tid": 1, "generated": 0, "bbox": {"xmin": 23, "ymin": 28, "ymax": 208, "xmax": 307}}], [{"tid": 0, "generated": 0, "bbox": {"xmin": 128, "ymin": 84, "ymax": 207, "xmax": 287}}, {"tid": 1, "generated": 0, "bbox": {"xmin": 23, "ymin": 28, "ymax": 208, "xmax": 307}}], [{"tid": 0, "generated": 0, "bbox": {"xmin": 128, "ymin": 108, "ymax": 208, "xmax": 287}}, {"tid": 1, "generated": 0, "bbox": {"xmin": 23, "ymin": 28, "ymax": 208, "xmax": 307}}], [{"tid": 0, "generated": 0, "bbox": {"xmin": 128, "ymin": 100, "ymax": 206, "xmax": 288}}, {"tid": 1, "generated": 0, "bbox": {"xmin": 23, "ymin": 28, "ymax": 208, "xmax": 307}}], [{"tid": 0, "generated": 0, "bbox": {"xmin": 130, "ymin": 100, "ymax": 207, "xmax": 288}}, {"tid": 1, "generated": 0, "bbox": {"xmin": 23, "ymin": 28, "ymax": 208, "xmax": 307}}], [{"tid": 0, "generated": 0, "bbox": {"xmin": 124, "ymin": 104, "ymax": 208, "xmax": 290}}, {"tid": 1, "generated": 0, "bbox": {"xmin": 23, "ymin": 28, "ymax": 208, "xmax": 307}}], [{"tid": 0, "generated": 0, "bbox": {"xmin": 126, "ymin": 102, "ymax": 207, "xmax": 288}}, {"tid": 1, "generated": 0, "bbox": {"xmin": 24, "ymin": 28, "ymax": 208, "xmax": 307}}], [{"tid": 0, "generated": 0, "bbox": {"xmin": 128, "ymin": 100, "ymax": 206, "xmax": 288}}, {"tid": 1, "generated": 0, "bbox": {"xmin": 24, "ymin": 29, "ymax": 208, "xmax": 306}}], [{"tid": 0, "generated": 0, "bbox": {"xmin": 128, "ymin": 96, "ymax": 204, "xmax": 288}}, {"tid": 1, "generated": 0, "bbox": {"xmin": 24, "ymin": 30, "ymax": 208, "xmax": 306}}], [{"tid": 0, "generated": 0, "bbox": {"xmin": 127, "ymin": 103, "ymax": 204, "xmax": 290}}, {"tid": 1, "generated": 0, "bbox": {"xmin": 24, "ymin": 31, "ymax": 208, "xmax": 306}}], [{"tid": 0, "generated": 0, "bbox": {"xmin": 128, "ymin": 84, "ymax": 204, "xmax": 291}}, {"tid": 1, "generated": 0, "bbox": {"xmin": 24, "ymin": 32, "ymax": 208, "xmax": 306}}], [{"tid": 0, "generated": 0, "bbox": {"xmin": 128, "ymin": 100, "ymax": 208, "xmax": 288}}, {"tid": 1, "generated": 0, "bbox": {"xmin": 24, "ymin": 33, "ymax": 208, "xmax": 306}}], [{"tid": 0, "generated": 0, "bbox": {"xmin": 128, "ymin": 103, "ymax": 208, "xmax": 291}}, {"tid": 1, "generated": 0, "bbox": {"xmin": 24, "ymin": 34, "ymax": 208, "xmax": 306}}], [{"tid": 0, "generated": 0, "bbox": {"xmin": 127, "ymin": 98, "ymax": 207, "xmax": 288}}, {"tid": 1, "generated": 0, "bbox": {"xmin": 24, "ymin": 35, "ymax": 208, "xmax": 306}}], [{"tid": 0, "generated": 0, "bbox": {"xmin": 128, "ymin": 91, "ymax": 207, "xmax": 290}}, {"tid": 1, "generated": 0, "bbox": {"xmin": 24, "ymin": 36, "ymax": 208, "xmax": 306}}], [{"tid": 0, "generated": 0, "bbox": {"xmin": 130, "ymin": 84, "ymax": 206, "xmax": 292}}, {"tid": 1, "generated": 0, "bbox": {"xmin": 24, "ymin": 37, "ymax": 208, "xmax": 306}}], [{"tid": 0, "generated": 0, "bbox": {"xmin": 130, "ymin": 86, "ymax": 206, "xmax": 291}}, {"tid": 1, "generated": 0, "bbox": {"xmin": 24, "ymin": 38, "ymax": 208, "xmax": 306}}], [{"tid": 0, "generated": 0, "bbox": {"xmin": 128, "ymin": 86, "ymax": 206, "xmax": 291}}, {"tid": 1, "generated": 0, "bbox": {"xmin": 26, "ymin": 40, "ymax": 208, "xmax": 305}}], [{"tid": 0, "generated": 0, "bbox": {"xmin": 128, "ymin": 87, "ymax": 207, "xmax": 291}}, {"tid": 1, "generated": 0, "bbox": {"xmin": 28, "ymin": 43, "ymax": 208, "xmax": 304}}], [{"tid": 0, "generated": 0, "bbox": {"xmin": 127, "ymin": 87, "ymax": 207, "xmax": 291}}, {"tid": 1, "generated": 0, "bbox": {"xmin": 28, "ymin": 44, "ymax": 208, "xmax": 304}}], [{"tid": 0, "generated": 0, "bbox": {"xmin": 128, "ymin": 87, "ymax": 207, "xmax": 291}}, {"tid": 1, "generated": 0, "bbox": {"xmin": 30, "ymin": 44, "ymax": 208, "xmax": 304}}], [{"tid": 0, "generated": 0, "bbox": {"xmin": 131, "ymin": 90, "ymax": 208, "xmax": 291}}, {"tid": 1, "generated": 0, "bbox": {"xmin": 31, "ymin": 47, "ymax": 208, "xmax": 304}}], [{"tid": 0, "generated": 0, "bbox": {"xmin": 126, "ymin": 86, "ymax": 207, "xmax": 291}}, {"tid": 1, "generated": 0, "bbox": {"xmin": 32, "ymin": 50, "ymax": 208, "xmax": 305}}], [{"tid": 0, "generated": 0, "bbox": {"xmin": 118, "ymin": 92, "ymax": 210, "xmax": 291}}, {"tid": 1, "generated": 0, "bbox": {"xmin": 33, "ymin": 53, "ymax": 209, "xmax": 305}}], [{"tid": 0, "generated": 0, "bbox": {"xmin": 123, "ymin": 90, "ymax": 208, "xmax": 292}}, {"tid": 1, "generated": 0, "bbox": {"xmin": 34, "ymin": 56, "ymax": 209, "xmax": 306}}], [{"tid": 0, "generated": 0, "bbox": {"xmin": 128, "ymin": 92, "ymax": 210, "xmax": 292}}, {"tid": 1, "generated": 0, "bbox": {"xmin": 35, "ymin": 59, "ymax": 209, "xmax": 306}}], [{"tid": 0, "generated": 0, "bbox": {"xmin": 130, "ymin": 92, "ymax": 209, "xmax": 292}}, {"tid": 1, "generated": 0, "bbox": {"xmin": 36, "ymin": 62, "ymax": 210, "xmax": 307}}], [{"tid": 0, "generated": 0, "bbox": {"xmin": 132, "ymin": 92, "ymax": 208, "xmax": 292}}, {"tid": 1, "generated": 0, "bbox": {"xmin": 40, "ymin": 62, "ymax": 208, "xmax": 306}}], [{"tid": 0, "generated": 0, "bbox": {"xmin": 134, "ymin": 91, "ymax": 208, "xmax": 292}}, {"tid": 1, "generated": 0, "bbox": {"xmin": 41, "ymin": 63, "ymax": 209, "xmax": 307}}], [{"tid": 0, "generated": 0, "bbox": {"xmin": 134, "ymin": 90, "ymax": 208, "xmax": 292}}, {"tid": 1, "generated": 0, "bbox": {"xmin": 43, "ymin": 64, "ymax": 210, "xmax": 308}}], [{"tid": 0, "generated": 0, "bbox": {"xmin": 134, "ymin": 90, "ymax": 208, "xmax": 292}}, {"tid": 1, "generated": 0, "bbox": {"xmin": 42, "ymin": 64, "ymax": 209, "xmax": 307}}], [{"tid": 0, "generated": 0, "bbox": {"xmin": 136, "ymin": 92, "ymax": 210, "xmax": 292}}, {"tid": 1, "generated": 0, "bbox": {"xmin": 41, "ymin": 64, "ymax": 209, "xmax": 306}}], [{"tid": 0, "generated": 0, "bbox": {"xmin": 136, "ymin": 91, "ymax": 208, "xmax": 292}}, {"tid": 1, "generated": 0, "bbox": {"xmin": 41, "ymin": 64, "ymax": 208, "xmax": 305}}], [{"tid": 0, "generated": 0, "bbox": {"xmin": 136, "ymin": 90, "ymax": 208, "xmax": 292}}, {"tid": 1, "generated": 0, "bbox": {"xmin": 40, "ymin": 64, "ymax": 208, "xmax": 304}}], [{"tid": 0, "generated": 0, "bbox": {"xmin": 138, "ymin": 91, "ymax": 208, "xmax": 292}}, {"tid": 1, "generated": 0, "bbox": {"xmin": 40, "ymin": 64, "ymax": 208, "xmax": 304}}], [{"tid": 0, "generated": 0, "bbox": {"xmin": 134, "ymin": 88, "ymax": 208, "xmax": 292}}, {"tid": 1, "generated": 0, "bbox": {"xmin": 40, "ymin": 64, "ymax": 208, "xmax": 304}}], [{"tid": 0, "generated": 0, "bbox": {"xmin": 134, "ymin": 88, "ymax": 208, "xmax": 292}}, {"tid": 1, "generated": 0, "bbox": {"xmin": 40, "ymin": 64, "ymax": 208, "xmax": 304}}], [{"tid": 0, "generated": 0, "bbox": {"xmin": 134, "ymin": 88, "ymax": 208, "xmax": 292}}, {"tid": 1, "generated": 0, "bbox": {"xmin": 40, "ymin": 65, "ymax": 208, "xmax": 304}}], [{"tid": 0, "generated": 0, "bbox": {"xmin": 134, "ymin": 88, "ymax": 208, "xmax": 292}}, {"tid": 1, "generated": 0, "bbox": {"xmin": 40, "ymin": 65, "ymax": 208, "xmax": 305}}], [{"tid": 0, "generated": 0, "bbox": {"xmin": 134, "ymin": 88, "ymax": 208, "xmax": 292}}, {"tid": 1, "generated": 0, "bbox": {"xmin": 40, "ymin": 66, "ymax": 208, "xmax": 305}}], [{"tid": 0, "generated": 0, "bbox": {"xmin": 134, "ymin": 88, "ymax": 208, "xmax": 292}}, {"tid": 1, "generated": 0, "bbox": {"xmin": 40, "ymin": 66, "ymax": 208, "xmax": 305}}], [{"tid": 0, "generated": 0, "bbox": {"xmin": 135, "ymin": 88, "ymax": 208, "xmax": 292}}, {"tid": 1, "generated": 0, "bbox": {"xmin": 40, "ymin": 67, "ymax": 208, "xmax": 306}}], [{"tid": 0, "generated": 0, "bbox": {"xmin": 135, "ymin": 88, "ymax": 208, "xmax": 292}}, {"tid": 1, "generated": 0, "bbox": {"xmin": 40, "ymin": 66, "ymax": 208, "xmax": 306}}], [{"tid": 0, "generated": 0, "bbox": {"xmin": 136, "ymin": 88, "ymax": 208, "xmax": 292}}, {"tid": 1, "generated": 0, "bbox": {"xmin": 40, "ymin": 65, "ymax": 208, "xmax": 306}}], [{"tid": 0, "generated": 0, "bbox": {"xmin": 136, "ymin": 88, "ymax": 208, "xmax": 291}}, {"tid": 1, "generated": 0, "bbox": {"xmin": 41, "ymin": 64, "ymax": 208, "xmax": 306}}], [{"tid": 0, "generated": 0, "bbox": {"xmin": 136, "ymin": 88, "ymax": 208, "xmax": 291}}, {"tid": 1, "generated": 0, "bbox": {"xmin": 41, "ymin": 63, "ymax": 208, "xmax": 306}}], [{"tid": 0, "generated": 0, "bbox": {"xmin": 136, "ymin": 88, "ymax": 208, "xmax": 291}}, {"tid": 1, "generated": 0, "bbox": {"xmin": 42, "ymin": 62, "ymax": 208, "xmax": 307}}], [{"tid": 0, "generated": 0, "bbox": {"xmin": 135, "ymin": 86, "ymax": 208, "xmax": 290}}, {"tid": 1, "generated": 0, "bbox": {"xmin": 42, "ymin": 62, "ymax": 208, "xmax": 307}}], [{"tid": 0, "generated": 0, "bbox": {"xmin": 134, "ymin": 84, "ymax": 208, "xmax": 290}}, {"tid": 1, "generated": 0, "bbox": {"xmin": 42, "ymin": 62, "ymax": 208, "xmax": 307}}], [{"tid": 0, "generated": 0, "bbox": {"xmin": 134, "ymin": 84, "ymax": 207, "xmax": 290}}, {"tid": 1, "generated": 0, "bbox": {"xmin": 42, "ymin": 62, "ymax": 208, "xmax": 307}}], [{"tid": 0, "generated": 0, "bbox": {"xmin": 134, "ymin": 85, "ymax": 207, "xmax": 290}}, {"tid": 1, "generated": 0, "bbox": {"xmin": 42, "ymin": 62, "ymax": 208, "xmax": 307}}], [{"tid": 0, "generated": 0, "bbox": {"xmin": 134, "ymin": 86, "ymax": 207, "xmax": 290}}, {"tid": 1, "generated": 0, "bbox": {"xmin": 43, "ymin": 62, "ymax": 208, "xmax": 307}}], [{"tid": 0, "generated": 0, "bbox": {"xmin": 131, "ymin": 86, "ymax": 208, "xmax": 290}}, {"tid": 1, "generated": 0, "bbox": {"xmin": 43, "ymin": 62, "ymax": 208, "xmax": 307}}], [{"tid": 0, "generated": 0, "bbox": {"xmin": 132, "ymin": 86, "ymax": 207, "xmax": 288}}, {"tid": 1, "generated": 0, "bbox": {"xmin": 43, "ymin": 62, "ymax": 208, "xmax": 307}}], [{"tid": 0, "generated": 0, "bbox": {"xmin": 132, "ymin": 84, "ymax": 208, "xmax": 288}}, {"tid": 1, "generated": 0, "bbox": {"xmin": 43, "ymin": 62, "ymax": 208, "xmax": 307}}], [{"tid": 0, "generated": 0, "bbox": {"xmin": 130, "ymin": 96, "ymax": 208, "xmax": 291}}, {"tid": 1, "generated": 0, "bbox": {"xmin": 43, "ymin": 62, "ymax": 208, "xmax": 307}}], [{"tid": 0, "generated": 0, "bbox": {"xmin": 128, "ymin": 93, "ymax": 208, "xmax": 291}}, {"tid": 1, "generated": 0, "bbox": {"xmin": 44, "ymin": 62, "ymax": 208, "xmax": 307}}], [{"tid": 0, "generated": 0, "bbox": {"xmin": 126, "ymin": 90, "ymax": 208, "xmax": 291}}, {"tid": 1, "generated": 0, "bbox": {"xmin": 44, "ymin": 62, "ymax": 208, "xmax": 307}}], [{"tid": 0, "generated": 0, "bbox": {"xmin": 124, "ymin": 87, "ymax": 208, "xmax": 291}}, {"tid": 1, "generated": 0, "bbox": {"xmin": 44, "ymin": 62, "ymax": 208, "xmax": 307}}], [{"tid": 0, "generated": 0, "bbox": {"xmin": 123, "ymin": 84, "ymax": 208, "xmax": 291}}, {"tid": 1, "generated": 0, "bbox": {"xmin": 44, "ymin": 62, "ymax": 208, "xmax": 307}}], [{"tid": 0, "generated": 0, "bbox": {"xmin": 123, "ymin": 87, "ymax": 208, "xmax": 291}}, {"tid": 1, "generated": 0, "bbox": {"xmin": 44, "ymin": 62, "ymax": 208, "xmax": 307}}], [{"tid": 0, "generated": 0, "bbox": {"xmin": 124, "ymin": 88, "ymax": 208, "xmax": 291}}, {"tid": 1, "generated": 0, "bbox": {"xmin": 45, "ymin": 62, "ymax": 208, "xmax": 307}}], [{"tid": 0, "generated": 0, "bbox": {"xmin": 124, "ymin": 87, "ymax": 207, "xmax": 291}}, {"tid": 1, "generated": 0, "bbox": {"xmin": 45, "ymin": 62, "ymax": 208, "xmax": 307}}], [{"tid": 0, "generated": 0, "bbox": {"xmin": 124, "ymin": 87, "ymax": 207, "xmax": 291}}, {"tid": 1, "generated": 0, "bbox": {"xmin": 45, "ymin": 62, "ymax": 208, "xmax": 307}}], [{"tid": 0, "generated": 0, "bbox": {"xmin": 125, "ymin": 87, "ymax": 207, "xmax": 291}}, {"tid": 1, "generated": 0, "bbox": {"xmin": 45, "ymin": 62, "ymax": 208, "xmax": 307}}], [{"tid": 0, "generated": 0, "bbox": {"xmin": 125, "ymin": 87, "ymax": 207, "xmax": 292}}, {"tid": 1, "generated": 0, "bbox": {"xmin": 45, "ymin": 62, "ymax": 208, "xmax": 307}}], [{"tid": 0, "generated": 0, "bbox": {"xmin": 126, "ymin": 87, "ymax": 207, "xmax": 292}}, {"tid": 1, "generated": 0, "bbox": {"xmin": 46, "ymin": 62, "ymax": 208, "xmax": 307}}], [{"tid": 0, "generated": 0, "bbox": {"xmin": 126, "ymin": 86, "ymax": 207, "xmax": 292}}, {"tid": 1, "generated": 0, "bbox": {"xmin": 45, "ymin": 61, "ymax": 208, "xmax": 307}}], [{"tid": 0, "generated": 0, "bbox": {"xmin": 126, "ymin": 86, "ymax": 207, "xmax": 293}}, {"tid": 1, "generated": 0, "bbox": {"xmin": 45, "ymin": 61, "ymax": 208, "xmax": 307}}], [{"tid": 0, "generated": 0, "bbox": {"xmin": 127, "ymin": 86, "ymax": 207, "xmax": 293}}, {"tid": 1, "generated": 0, "bbox": {"xmin": 45, "ymin": 60, "ymax": 208, "xmax": 307}}], [{"tid": 0, "generated": 0, "bbox": {"xmin": 127, "ymin": 86, "ymax": 207, "xmax": 293}}, {"tid": 1, "generated": 0, "bbox": {"xmin": 45, "ymin": 60, "ymax": 208, "xmax": 307}}], [{"tid": 0, "generated": 0, "bbox": {"xmin": 128, "ymin": 86, "ymax": 207, "xmax": 294}}, {"tid": 1, "generated": 0, "bbox": {"xmin": 44, "ymin": 59, "ymax": 208, "xmax": 307}}], [{"tid": 0, "generated": 0, "bbox": {"xmin": 131, "ymin": 84, "ymax": 208, "xmax": 296}}, {"tid": 1, "generated": 0, "bbox": {"xmin": 44, "ymin": 59, "ymax": 208, "xmax": 307}}], [{"tid": 0, "generated": 0, "bbox": {"xmin": 132, "ymin": 84, "ymax": 208, "xmax": 298}}, {"tid": 1, "generated": 0, "bbox": {"xmin": 44, "ymin": 58, "ymax": 208, "xmax": 307}}], [{"tid": 0, "generated": 0, "bbox": {"xmin": 131, "ymin": 79, "ymax": 207, "xmax": 295}}, {"tid": 1, "generated": 0, "bbox": {"xmin": 44, "ymin": 58, "ymax": 208, "xmax": 308}}], [{"tid": 0, "generated": 0, "bbox": {"xmin": 127, "ymin": 80, "ymax": 208, "xmax": 296}}, {"tid": 1, "generated": 0, "bbox": {"xmin": 43, "ymin": 57, "ymax": 208, "xmax": 308}}], [{"tid": 0, "generated": 0, "bbox": {"xmin": 126, "ymin": 91, "ymax": 207, "xmax": 294}}, {"tid": 1, "generated": 0, "bbox": {"xmin": 43, "ymin": 56, "ymax": 208, "xmax": 308}}], [{"tid": 0, "generated": 0, "bbox": {"xmin": 126, "ymin": 92, "ymax": 207, "xmax": 294}}, {"tid": 1, "generated": 0, "bbox": {"xmin": 43, "ymin": 55, "ymax": 208, "xmax": 309}}], [{"tid": 0, "generated": 0, "bbox": {"xmin": 124, "ymin": 95, "ymax": 207, "xmax": 295}}, {"tid": 1, "generated": 0, "bbox": {"xmin": 43, "ymin": 54, "ymax": 208, "xmax": 309}}], [{"tid": 0, "generated": 0, "bbox": {"xmin": 124, "ymin": 80, "ymax": 207, "xmax": 296}}, {"tid": 1, "generated": 0, "bbox": {"xmin": 43, "ymin": 53, "ymax": 208, "xmax": 309}}], [{"tid": 0, "generated": 0, "bbox": {"xmin": 124, "ymin": 100, "ymax": 207, "xmax": 296}}, {"tid": 1, "generated": 0, "bbox": {"xmin": 43, "ymin": 52, "ymax": 208, "xmax": 310}}], [{"tid": 0, "generated": 0, "bbox": {"xmin": 111, "ymin": 112, "ymax": 210, "xmax": 295}}, {"tid": 1, "generated": 0, "bbox": {"xmin": 42, "ymin": 51, "ymax": 208, "xmax": 310}}], [{"tid": 0, "generated": 0, "bbox": {"xmin": 118, "ymin": 108, "ymax": 212, "xmax": 296}}, {"tid": 1, "generated": 0, "bbox": {"xmin": 42, "ymin": 50, "ymax": 208, "xmax": 310}}], [{"tid": 0, "generated": 0, "bbox": {"xmin": 104, "ymin": 108, "ymax": 208, "xmax": 296}}, {"tid": 1, "generated": 0, "bbox": {"xmin": 42, "ymin": 49, "ymax": 208, "xmax": 311}}], [{"tid": 0, "generated": 0, "bbox": {"xmin": 107, "ymin": 112, "ymax": 212, "xmax": 296}}, {"tid": 1, "generated": 0, "bbox": {"xmin": 42, "ymin": 48, "ymax": 208, "xmax": 311}}], [{"tid": 0, "generated": 0, "bbox": {"xmin": 104, "ymin": 110, "ymax": 208, "xmax": 296}}, {"tid": 1, "generated": 0, "bbox": {"xmin": 42, "ymin": 47, "ymax": 208, "xmax": 311}}], [{"tid": 0, "generated": 0, "bbox": {"xmin": 102, "ymin": 112, "ymax": 211, "xmax": 295}}, {"tid": 1, "generated": 0, "bbox": {"xmin": 42, "ymin": 47, "ymax": 208, "xmax": 312}}], [{"tid": 0, "generated": 0, "bbox": {"xmin": 100, "ymin": 108, "ymax": 208, "xmax": 294}}, {"tid": 1, "generated": 0, "bbox": {"xmin": 40, "ymin": 40, "ymax": 208, "xmax": 310}}], [{"tid": 0, "generated": 0, "bbox": {"xmin": 100, "ymin": 100, "ymax": 211, "xmax": 295}}, {"tid": 1, "generated": 0, "bbox": {"xmin": 39, "ymin": 38, "ymax": 208, "xmax": 310}}], [{"tid": 0, "generated": 0, "bbox": {"xmin": 99, "ymin": 95, "ymax": 208, "xmax": 294}}, {"tid": 1, "generated": 0, "bbox": {"xmin": 39, "ymin": 36, "ymax": 208, "xmax": 310}}], [{"tid": 0, "generated": 0, "bbox": {"xmin": 86, "ymin": 87, "ymax": 208, "xmax": 296}}, {"tid": 1, "generated": 0, "bbox": {"xmin": 39, "ymin": 35, "ymax": 208, "xmax": 310}}], [{"tid": 0, "generated": 0, "bbox": {"xmin": 91, "ymin": 87, "ymax": 211, "xmax": 299}}, {"tid": 1, "generated": 0, "bbox": {"xmin": 39, "ymin": 33, "ymax": 208, "xmax": 310}}], [{"tid": 0, "generated": 0, "bbox": {"xmin": 88, "ymin": 82, "ymax": 208, "xmax": 296}}, {"tid": 1, "generated": 0, "bbox": {"xmin": 39, "ymin": 32, "ymax": 208, "xmax": 310}}], [{"tid": 0, "generated": 0, "bbox": {"xmin": 88, "ymin": 84, "ymax": 206, "xmax": 296}}, {"tid": 1, "generated": 0, "bbox": {"xmin": 38, "ymin": 33, "ymax": 208, "xmax": 310}}], [{"tid": 0, "generated": 0, "bbox": {"xmin": 88, "ymin": 110, "ymax": 208, "xmax": 292}}, {"tid": 1, "generated": 0, "bbox": {"xmin": 38, "ymin": 34, "ymax": 208, "xmax": 311}}], [{"tid": 0, "generated": 0, "bbox": {"xmin": 86, "ymin": 107, "ymax": 208, "xmax": 291}}, {"tid": 1, "generated": 0, "bbox": {"xmin": 37, "ymin": 33, "ymax": 208, "xmax": 311}}], [{"tid": 0, "generated": 0, "bbox": {"xmin": 86, "ymin": 87, "ymax": 208, "xmax": 290}}, {"tid": 1, "generated": 0, "bbox": {"xmin": 36, "ymin": 32, "ymax": 208, "xmax": 311}}], [{"tid": 0, "generated": 0, "bbox": {"xmin": 86, "ymin": 81, "ymax": 208, "xmax": 289}}, {"tid": 1, "generated": 0, "bbox": {"xmin": 33, "ymin": 32, "ymax": 208, "xmax": 311}}], [{"tid": 0, "generated": 0, "bbox": {"xmin": 87, "ymin": 76, "ymax": 208, "xmax": 288}}, {"tid": 1, "generated": 0, "bbox": {"xmin": 30, "ymin": 32, "ymax": 208, "xmax": 311}}], [{"tid": 0, "generated": 0, "bbox": {"xmin": 88, "ymin": 96, "ymax": 220, "xmax": 288}}, {"tid": 1, "generated": 0, "bbox": {"xmin": 27, "ymin": 32, "ymax": 208, "xmax": 311}}], [{"tid": 0, "generated": 0, "bbox": {"xmin": 88, "ymin": 100, "ymax": 210, "xmax": 288}}, {"tid": 1, "generated": 0, "bbox": {"xmin": 24, "ymin": 32, "ymax": 208, "xmax": 312}}], [{"tid": 0, "generated": 0, "bbox": {"xmin": 94, "ymin": 92, "ymax": 208, "xmax": 288}}, {"tid": 1, "generated": 0, "bbox": {"xmin": 24, "ymin": 32, "ymax": 208, "xmax": 312}}], [{"tid": 0, "generated": 0, "bbox": {"xmin": 90, "ymin": 104, "ymax": 208, "xmax": 287}}, {"tid": 1, "generated": 0, "bbox": {"xmin": 26, "ymin": 32, "ymax": 208, "xmax": 314}}], [{"tid": 0, "generated": 0, "bbox": {"xmin": 92, "ymin": 92, "ymax": 208, "xmax": 286}}, {"tid": 1, "generated": 0, "bbox": {"xmin": 26, "ymin": 32, "ymax": 208, "xmax": 314}}], [{"tid": 0, "generated": 0, "bbox": {"xmin": 92, "ymin": 100, "ymax": 208, "xmax": 286}}, {"tid": 1, "generated": 0, "bbox": {"xmin": 26, "ymin": 32, "ymax": 209, "xmax": 315}}], [{"tid": 0, "generated": 0, "bbox": {"xmin": 92, "ymin": 98, "ymax": 210, "xmax": 286}}, {"tid": 1, "generated": 0, "bbox": {"xmin": 26, "ymin": 32, "ymax": 209, "xmax": 315}}], [{"tid": 0, "generated": 0, "bbox": {"xmin": 93, "ymin": 91, "ymax": 209, "xmax": 285}}, {"tid": 1, "generated": 0, "bbox": {"xmin": 27, "ymin": 32, "ymax": 210, "xmax": 316}}], [{"tid": 0, "generated": 0, "bbox": {"xmin": 94, "ymin": 84, "ymax": 208, "xmax": 284}}, {"tid": 1, "generated": 0, "bbox": {"xmin": 27, "ymin": 33, "ymax": 210, "xmax": 316}}], [{"tid": 0, "generated": 0, "bbox": {"xmin": 88, "ymin": 86, "ymax": 208, "xmax": 284}}, {"tid": 1, "generated": 0, "bbox": {"xmin": 27, "ymin": 34, "ymax": 210, "xmax": 316}}], [{"tid": 0, "generated": 0, "bbox": {"xmin": 90, "ymin": 86, "ymax": 208, "xmax": 283}}, {"tid": 1, "generated": 0, "bbox": {"xmin": 27, "ymin": 35, "ymax": 210, "xmax": 316}}], [{"tid": 0, "generated": 0, "bbox": {"xmin": 91, "ymin": 86, "ymax": 208, "xmax": 283}}, {"tid": 1, "generated": 0, "bbox": {"xmin": 27, "ymin": 36, "ymax": 210, "xmax": 316}}], [{"tid": 0, "generated": 0, "bbox": {"xmin": 90, "ymin": 86, "ymax": 208, "xmax": 282}}, {"tid": 1, "generated": 0, "bbox": {"xmin": 27, "ymin": 37, "ymax": 210, "xmax": 316}}], [{"tid": 0, "generated": 0, "bbox": {"xmin": 90, "ymin": 86, "ymax": 208, "xmax": 281}}, {"tid": 1, "generated": 0, "bbox": {"xmin": 27, "ymin": 38, "ymax": 210, "xmax": 316}}], [{"tid": 0, "generated": 0, "bbox": {"xmin": 90, "ymin": 87, "ymax": 208, "xmax": 280}}, {"tid": 1, "generated": 0, "bbox": {"xmin": 27, "ymin": 39, "ymax": 210, "xmax": 316}}], [{"tid": 0, "generated": 0, "bbox": {"xmin": 87, "ymin": 86, "ymax": 208, "xmax": 280}}, {"tid": 1, "generated": 0, "bbox": {"xmin": 27, "ymin": 40, "ymax": 210, "xmax": 316}}], [{"tid": 0, "generated": 0, "bbox": {"xmin": 84, "ymin": 86, "ymax": 208, "xmax": 280}}, {"tid": 1, "generated": 0, "bbox": {"xmin": 27, "ymin": 41, "ymax": 210, "xmax": 316}}], [{"tid": 0, "generated": 0, "bbox": {"xmin": 84, "ymin": 86, "ymax": 208, "xmax": 279}}, {"tid": 1, "generated": 0, "bbox": {"xmin": 27, "ymin": 43, "ymax": 210, "xmax": 316}}], [{"tid": 0, "generated": 0, "bbox": {"xmin": 84, "ymin": 86, "ymax": 208, "xmax": 279}}, {"tid": 1, "generated": 0, "bbox": {"xmin": 27, "ymin": 43, "ymax": 210, "xmax": 316}}], [{"tid": 0, "generated": 0, "bbox": {"xmin": 84, "ymin": 86, "ymax": 208, "xmax": 279}}, {"tid": 1, "generated": 0, "bbox": {"xmin": 27, "ymin": 43, "ymax": 210, "xmax": 316}}], [{"tid": 0, "generated": 0, "bbox": {"xmin": 84, "ymin": 86, "ymax": 208, "xmax": 279}}, {"tid": 1, "generated": 0, "bbox": {"xmin": 27, "ymin": 43, "ymax": 210, "xmax": 316}}], [{"tid": 0, "generated": 0, "bbox": {"xmin": 84, "ymin": 86, "ymax": 208, "xmax": 279}}, {"tid": 1, "generated": 0, "bbox": {"xmin": 27, "ymin": 43, "ymax": 210, "xmax": 316}}], [{"tid": 0, "generated": 0, "bbox": {"xmin": 84, "ymin": 84, "ymax": 208, "xmax": 279}}, {"tid": 1, "generated": 0, "bbox": {"xmin": 27, "ymin": 43, "ymax": 210, "xmax": 316}}], [{"tid": 0, "generated": 0, "bbox": {"xmin": 84, "ymin": 80, "ymax": 208, "xmax": 279}}, {"tid": 1, "generated": 0, "bbox": {"xmin": 27, "ymin": 43, "ymax": 210, "xmax": 316}}], [{"tid": 0, "generated": 0, "bbox": {"xmin": 84, "ymin": 87, "ymax": 208, "xmax": 280}}, {"tid": 1, "generated": 0, "bbox": {"xmin": 27, "ymin": 43, "ymax": 210, "xmax": 316}}], [{"tid": 0, "generated": 0, "bbox": {"xmin": 85, "ymin": 91, "ymax": 208, "xmax": 280}}, {"tid": 1, "generated": 0, "bbox": {"xmin": 27, "ymin": 43, "ymax": 210, "xmax": 316}}], [{"tid": 0, "generated": 0, "bbox": {"xmin": 86, "ymin": 96, "ymax": 208, "xmax": 280}}, {"tid": 1, "generated": 0, "bbox": {"xmin": 27, "ymin": 43, "ymax": 210, "xmax": 316}}], [{"tid": 0, "generated": 0, "bbox": {"xmin": 88, "ymin": 96, "ymax": 207, "xmax": 280}}, {"tid": 1, "generated": 0, "bbox": {"xmin": 27, "ymin": 44, "ymax": 210, "xmax": 316}}], [{"tid": 0, "generated": 0, "bbox": {"xmin": 94, "ymin": 95, "ymax": 206, "xmax": 280}}, {"tid": 1, "generated": 0, "bbox": {"xmin": 28, "ymin": 44, "ymax": 209, "xmax": 315}}], [{"tid": 0, "generated": 0, "bbox": {"xmin": 94, "ymin": 93, "ymax": 207, "xmax": 279}}, {"tid": 1, "generated": 0, "bbox": {"xmin": 30, "ymin": 44, "ymax": 209, "xmax": 315}}], [{"tid": 0, "generated": 0, "bbox": {"xmin": 95, "ymin": 92, "ymax": 208, "xmax": 278}}, {"tid": 1, "generated": 0, "bbox": {"xmin": 32, "ymin": 44, "ymax": 209, "xmax": 315}}], [{"tid": 0, "generated": 0, "bbox": {"xmin": 95, "ymin": 91, "ymax": 209, "xmax": 277}}, {"tid": 1, "generated": 0, "bbox": {"xmin": 33, "ymin": 45, "ymax": 209, "xmax": 315}}], [{"tid": 0, "generated": 0, "bbox": {"xmin": 96, "ymin": 90, "ymax": 211, "xmax": 276}}, {"tid": 1, "generated": 0, "bbox": {"xmin": 35, "ymin": 45, "ymax": 209, "xmax": 315}}], [{"tid": 0, "generated": 0, "bbox": {"xmin": 96, "ymin": 91, "ymax": 208, "xmax": 276}}, {"tid": 1, "generated": 0, "bbox": {"xmin": 37, "ymin": 45, "ymax": 208, "xmax": 315}}], [{"tid": 0, "generated": 0, "bbox": {"xmin": 96, "ymin": 92, "ymax": 206, "xmax": 276}}, {"tid": 1, "generated": 0, "bbox": {"xmin": 38, "ymin": 46, "ymax": 208, "xmax": 315}}], [{"tid": 0, "generated": 0, "bbox": {"xmin": 96, "ymin": 95, "ymax": 210, "xmax": 276}}, {"tid": 1, "generated": 0, "bbox": {"xmin": 40, "ymin": 46, "ymax": 208, "xmax": 315}}], [{"tid": 0, "generated": 0, "bbox": {"xmin": 96, "ymin": 94, "ymax": 210, "xmax": 275}}, {"tid": 1, "generated": 0, "bbox": {"xmin": 42, "ymin": 46, "ymax": 208, "xmax": 315}}], [{"tid": 0, "generated": 0, "bbox": {"xmin": 97, "ymin": 90, "ymax": 208, "xmax": 275}}, {"tid": 1, "generated": 0, "bbox": {"xmin": 44, "ymin": 47, "ymax": 208, "xmax": 315}}], [{"tid": 0, "generated": 0, "bbox": {"xmin": 98, "ymin": 87, "ymax": 206, "xmax": 276}}, {"tid": 1, "generated": 0, "bbox": {"xmin": 44, "ymin": 47, "ymax": 208, "xmax": 315}}], [{"tid": 0, "generated": 0, "bbox": {"xmin": 96, "ymin": 80, "ymax": 206, "xmax": 274}}, {"tid": 1, "generated": 0, "bbox": {"xmin": 44, "ymin": 47, "ymax": 208, "xmax": 315}}], [{"tid": 0, "generated": 0, "bbox": {"xmin": 96, "ymin": 82, "ymax": 204, "xmax": 275}}, {"tid": 1, "generated": 0, "bbox": {"xmin": 44, "ymin": 47, "ymax": 208, "xmax": 315}}], [{"tid": 0, "generated": 0, "bbox": {"xmin": 98, "ymin": 96, "ymax": 204, "xmax": 274}}, {"tid": 1, "generated": 0, "bbox": {"xmin": 44, "ymin": 47, "ymax": 208, "xmax": 315}}], [{"tid": 0, "generated": 0, "bbox": {"xmin": 99, "ymin": 86, "ymax": 204, "xmax": 275}}, {"tid": 1, "generated": 0, "bbox": {"xmin": 44, "ymin": 47, "ymax": 208, "xmax": 315}}], [{"tid": 0, "generated": 0, "bbox": {"xmin": 100, "ymin": 88, "ymax": 204, "xmax": 276}}, {"tid": 1, "generated": 0, "bbox": {"xmin": 44, "ymin": 47, "ymax": 208, "xmax": 315}}], [{"tid": 0, "generated": 0, "bbox": {"xmin": 100, "ymin": 92, "ymax": 204, "xmax": 276}}, {"tid": 1, "generated": 0, "bbox": {"xmin": 44, "ymin": 47, "ymax": 208, "xmax": 315}}], [{"tid": 0, "generated": 0, "bbox": {"xmin": 103, "ymin": 91, "ymax": 204, "xmax": 276}}, {"tid": 1, "generated": 0, "bbox": {"xmin": 44, "ymin": 47, "ymax": 208, "xmax": 315}}], [{"tid": 0, "generated": 0, "bbox": {"xmin": 104, "ymin": 92, "ymax": 204, "xmax": 276}}, {"tid": 1, "generated": 0, "bbox": {"xmin": 44, "ymin": 47, "ymax": 208, "xmax": 315}}], [{"tid": 0, "generated": 0, "bbox": {"xmin": 104, "ymin": 92, "ymax": 210, "xmax": 276}}, {"tid": 1, "generated": 0, "bbox": {"xmin": 44, "ymin": 48, "ymax": 208, "xmax": 315}}], [{"tid": 0, "generated": 0, "bbox": {"xmin": 104, "ymin": 92, "ymax": 208, "xmax": 276}}, {"tid": 1, "generated": 0, "bbox": {"xmin": 44, "ymin": 48, "ymax": 208, "xmax": 315}}], [{"tid": 0, "generated": 0, "bbox": {"xmin": 104, "ymin": 88, "ymax": 210, "xmax": 276}}, {"tid": 1, "generated": 0, "bbox": {"xmin": 45, "ymin": 48, "ymax": 208, "xmax": 315}}], [{"tid": 0, "generated": 0, "bbox": {"xmin": 104, "ymin": 92, "ymax": 207, "xmax": 276}}, {"tid": 1, "generated": 0, "bbox": {"xmin": 46, "ymin": 48, "ymax": 208, "xmax": 315}}], [{"tid": 0, "generated": 0, "bbox": {"xmin": 106, "ymin": 96, "ymax": 210, "xmax": 278}}, {"tid": 1, "generated": 0, "bbox": {"xmin": 46, "ymin": 48, "ymax": 208, "xmax": 315}}], [{"tid": 0, "generated": 0, "bbox": {"xmin": 106, "ymin": 94, "ymax": 208, "xmax": 278}}, {"tid": 1, "generated": 0, "bbox": {"xmin": 47, "ymin": 48, "ymax": 208, "xmax": 315}}], [{"tid": 0, "generated": 0, "bbox": {"xmin": 106, "ymin": 92, "ymax": 208, "xmax": 278}}, {"tid": 1, "generated": 0, "bbox": {"xmin": 48, "ymin": 48, "ymax": 208, "xmax": 315}}], [{"tid": 0, "generated": 0, "bbox": {"xmin": 106, "ymin": 90, "ymax": 208, "xmax": 279}}, {"tid": 1, "generated": 0, "bbox": {"xmin": 48, "ymin": 48, "ymax": 208, "xmax": 315}}], [{"tid": 0, "generated": 0, "bbox": {"xmin": 106, "ymin": 92, "ymax": 208, "xmax": 278}}, {"tid": 1, "generated": 0, "bbox": {"xmin": 49, "ymin": 48, "ymax": 208, "xmax": 315}}], [{"tid": 0, "generated": 0, "bbox": {"xmin": 106, "ymin": 103, "ymax": 208, "xmax": 280}}, {"tid": 1, "generated": 0, "bbox": {"xmin": 50, "ymin": 48, "ymax": 208, "xmax": 315}}], [{"tid": 0, "generated": 0, "bbox": {"xmin": 106, "ymin": 102, "ymax": 208, "xmax": 280}}, {"tid": 1, "generated": 0, "bbox": {"xmin": 51, "ymin": 48, "ymax": 208, "xmax": 315}}], [{"tid": 0, "generated": 0, "bbox": {"xmin": 105, "ymin": 98, "ymax": 208, "xmax": 280}}, {"tid": 1, "generated": 0, "bbox": {"xmin": 48, "ymin": 48, "ymax": 208, "xmax": 315}}], [{"tid": 0, "generated": 0, "bbox": {"xmin": 104, "ymin": 95, "ymax": 208, "xmax": 280}}, {"tid": 1, "generated": 0, "bbox": {"xmin": 46, "ymin": 48, "ymax": 208, "xmax": 315}}], [{"tid": 0, "generated": 0, "bbox": {"xmin": 103, "ymin": 92, "ymax": 208, "xmax": 280}}, {"tid": 1, "generated": 0, "bbox": {"xmin": 44, "ymin": 48, "ymax": 208, "xmax": 315}}], [{"tid": 0, "generated": 0, "bbox": {"xmin": 102, "ymin": 89, "ymax": 208, "xmax": 280}}, {"tid": 1, "generated": 0, "bbox": {"xmin": 41, "ymin": 48, "ymax": 208, "xmax": 315}}], [{"tid": 0, "generated": 0, "bbox": {"xmin": 102, "ymin": 86, "ymax": 208, "xmax": 280}}, {"tid": 1, "generated": 0, "bbox": {"xmin": 39, "ymin": 48, "ymax": 208, "xmax": 315}}], [{"tid": 0, "generated": 0, "bbox": {"xmin": 101, "ymin": 86, "ymax": 208, "xmax": 281}}, {"tid": 1, "generated": 0, "bbox": {"xmin": 37, "ymin": 48, "ymax": 208, "xmax": 315}}], [{"tid": 0, "generated": 0, "bbox": {"xmin": 100, "ymin": 87, "ymax": 208, "xmax": 282}}, {"tid": 1, "generated": 0, "bbox": {"xmin": 34, "ymin": 48, "ymax": 208, "xmax": 315}}], [{"tid": 0, "generated": 0, "bbox": {"xmin": 102, "ymin": 83, "ymax": 208, "xmax": 282}}, {"tid": 1, "generated": 0, "bbox": {"xmin": 32, "ymin": 48, "ymax": 208, "xmax": 315}}], [{"tid": 0, "generated": 0, "bbox": {"xmin": 104, "ymin": 80, "ymax": 208, "xmax": 282}}, {"tid": 1, "generated": 0, "bbox": {"xmin": 30, "ymin": 48, "ymax": 208, "xmax": 315}}], [{"tid": 0, "generated": 0, "bbox": {"xmin": 103, "ymin": 86, "ymax": 208, "xmax": 280}}, {"tid": 1, "generated": 0, "bbox": {"xmin": 28, "ymin": 48, "ymax": 208, "xmax": 315}}], [{"tid": 0, "generated": 0, "bbox": {"xmin": 100, "ymin": 80, "ymax": 211, "xmax": 280}}, {"tid": 1, "generated": 0, "bbox": {"xmin": 26, "ymin": 48, "ymax": 208, "xmax": 315}}], [{"tid": 0, "generated": 0, "bbox": {"xmin": 99, "ymin": 80, "ymax": 210, "xmax": 280}}, {"tid": 1, "generated": 0, "bbox": {"xmin": 24, "ymin": 48, "ymax": 208, "xmax": 315}}], [{"tid": 0, "generated": 0, "bbox": {"xmin": 96, "ymin": 76, "ymax": 210, "xmax": 279}}, {"tid": 1, "generated": 0, "bbox": {"xmin": 22, "ymin": 48, "ymax": 208, "xmax": 315}}], [{"tid": 0, "generated": 0, "bbox": {"xmin": 95, "ymin": 75, "ymax": 208, "xmax": 278}}, {"tid": 1, "generated": 0, "bbox": {"xmin": 20, "ymin": 48, "ymax": 208, "xmax": 315}}], [{"tid": 0, "generated": 0, "bbox": {"xmin": 92, "ymin": 76, "ymax": 208, "xmax": 278}}, {"tid": 1, "generated": 0, "bbox": {"xmin": 19, "ymin": 48, "ymax": 208, "xmax": 315}}], [{"tid": 0, "generated": 0, "bbox": {"xmin": 91, "ymin": 74, "ymax": 208, "xmax": 279}}, {"tid": 1, "generated": 0, "bbox": {"xmin": 18, "ymin": 48, "ymax": 208, "xmax": 315}}], [{"tid": 0, "generated": 0, "bbox": {"xmin": 88, "ymin": 91, "ymax": 208, "xmax": 279}}, {"tid": 1, "generated": 0, "bbox": {"xmin": 17, "ymin": 48, "ymax": 208, "xmax": 315}}], [{"tid": 0, "generated": 0, "bbox": {"xmin": 87, "ymin": 87, "ymax": 208, "xmax": 279}}, {"tid": 1, "generated": 0, "bbox": {"xmin": 16, "ymin": 48, "ymax": 208, "xmax": 315}}], [{"tid": 0, "generated": 0, "bbox": {"xmin": 86, "ymin": 84, "ymax": 208, "xmax": 280}}, {"tid": 1, "generated": 0, "bbox": {"xmin": 15, "ymin": 48, "ymax": 208, "xmax": 315}}], [{"tid": 0, "generated": 0, "bbox": {"xmin": 85, "ymin": 84, "ymax": 207, "xmax": 278}}, {"tid": 1, "generated": 0, "bbox": {"xmin": 14, "ymin": 48, "ymax": 208, "xmax": 315}}], [{"tid": 0, "generated": 0, "bbox": {"xmin": 85, "ymin": 84, "ymax": 207, "xmax": 277}}, {"tid": 1, "generated": 0, "bbox": {"xmin": 16, "ymin": 48, "ymax": 208, "xmax": 314}}], [{"tid": 0, "generated": 0, "bbox": {"xmin": 85, "ymin": 85, "ymax": 207, "xmax": 276}}, {"tid": 1, "generated": 0, "bbox": {"xmin": 19, "ymin": 49, "ymax": 208, "xmax": 314}}], [{"tid": 0, "generated": 0, "bbox": {"xmin": 84, "ymin": 85, "ymax": 206, "xmax": 275}}, {"tid": 1, "generated": 0, "bbox": {"xmin": 21, "ymin": 49, "ymax": 208, "xmax": 314}}], [{"tid": 0, "generated": 0, "bbox": {"xmin": 84, "ymin": 86, "ymax": 206, "xmax": 274}}, {"tid": 1, "generated": 0, "bbox": {"xmin": 24, "ymin": 50, "ymax": 208, "xmax": 314}}], [{"tid": 0, "generated": 0, "bbox": {"xmin": 84, "ymin": 86, "ymax": 206, "xmax": 273}}, {"tid": 1, "generated": 0, "bbox": {"xmin": 23, "ymin": 50, "ymax": 208, "xmax": 314}}], [{"tid": 0, "generated": 0, "bbox": {"xmin": 84, "ymin": 87, "ymax": 206, "xmax": 272}}, {"tid": 1, "generated": 0, "bbox": {"xmin": 23, "ymin": 50, "ymax": 208, "xmax": 314}}], [{"tid": 0, "generated": 0, "bbox": {"xmin": 84, "ymin": 87, "ymax": 206, "xmax": 272}}, {"tid": 1, "generated": 0, "bbox": {"xmin": 23, "ymin": 51, "ymax": 208, "xmax": 314}}], [{"tid": 0, "generated": 0, "bbox": {"xmin": 86, "ymin": 91, "ymax": 208, "xmax": 275}}, {"tid": 1, "generated": 0, "bbox": {"xmin": 22, "ymin": 51, "ymax": 208, "xmax": 314}}], [{"tid": 0, "generated": 0, "bbox": {"xmin": 79, "ymin": 91, "ymax": 208, "xmax": 272}}, {"tid": 1, "generated": 0, "bbox": {"xmin": 22, "ymin": 51, "ymax": 208, "xmax": 314}}], [{"tid": 0, "generated": 0, "bbox": {"xmin": 84, "ymin": 92, "ymax": 206, "xmax": 271}}, {"tid": 1, "generated": 0, "bbox": {"xmin": 22, "ymin": 52, "ymax": 208, "xmax": 315}}], [{"tid": 0, "generated": 0, "bbox": {"xmin": 84, "ymin": 94, "ymax": 210, "xmax": 270}}, {"tid": 1, "generated": 0, "bbox": {"xmin": 22, "ymin": 48, "ymax": 208, "xmax": 314}}], [{"tid": 0, "generated": 0, "bbox": {"xmin": 82, "ymin": 93, "ymax": 209, "xmax": 272}}, {"tid": 1, "generated": 0, "bbox": {"xmin": 22, "ymin": 47, "ymax": 208, "xmax": 314}}], [{"tid": 0, "generated": 0, "bbox": {"xmin": 80, "ymin": 92, "ymax": 208, "xmax": 274}}, {"tid": 1, "generated": 0, "bbox": {"xmin": 21, "ymin": 44, "ymax": 208, "xmax": 314}}], [{"tid": 0, "generated": 0, "bbox": {"xmin": 80, "ymin": 92, "ymax": 207, "xmax": 274}}, {"tid": 1, "generated": 0, "bbox": {"xmin": 20, "ymin": 42, "ymax": 208, "xmax": 314}}], [{"tid": 0, "generated": 0, "bbox": {"xmin": 79, "ymin": 90, "ymax": 207, "xmax": 272}}, {"tid": 1, "generated": 0, "bbox": {"xmin": 20, "ymin": 40, "ymax": 208, "xmax": 315}}], [{"tid": 0, "generated": 0, "bbox": {"xmin": 76, "ymin": 88, "ymax": 207, "xmax": 272}}, {"tid": 1, "generated": 0, "bbox": {"xmin": 16, "ymin": 44, "ymax": 208, "xmax": 314}}], [{"tid": 0, "generated": 0, "bbox": {"xmin": 76, "ymin": 88, "ymax": 208, "xmax": 272}}, {"tid": 1, "generated": 0, "bbox": {"xmin": 20, "ymin": 43, "ymax": 208, "xmax": 314}}], [{"tid": 0, "generated": 0, "bbox": {"xmin": 76, "ymin": 88, "ymax": 207, "xmax": 271}}, {"tid": 1, "generated": 0, "bbox": {"xmin": 27, "ymin": 44, "ymax": 208, "xmax": 312}}]], "subject/objects": [{"category": "squirrel", "tid": 0}, {"category": "domestic_cat", "tid": 1}], "relation_instances": [{"end_fid": 30, "subject_tid": 0, "predicate": "sit_next_to", "begin_fid": 0, "object_tid": 1}, {"end_fid": 30, "subject_tid": 0, "predicate": "sit_front", "begin_fid": 0, "object_tid": 1}, {"end_fid": 30, "subject_tid": 1, "predicate": "lie_next_to", "begin_fid": 0, "object_tid": 0}, {"end_fid": 30, "subject_tid": 1, "predicate": "lie_behind", "begin_fid": 0, "object_tid": 0}, {"end_fid": 30, "subject_tid": 1, "predicate": "larger", "begin_fid": 0, "object_tid": 0}, {"end_fid": 45, "subject_tid": 0, "predicate": "sit_next_to", "begin_fid": 15, "object_tid": 1}, {"end_fid": 45, "subject_tid": 0, "predicate": "sit_front", "begin_fid": 15, "object_tid": 1}, {"end_fid": 45, "subject_tid": 1, "predicate": "lie_next_to", "begin_fid": 15, "object_tid": 0}, {"end_fid": 45, "subject_tid": 1, "predicate": "lie_behind", "begin_fid": 15, "object_tid": 0}, {"end_fid": 45, "subject_tid": 1, "predicate": "larger", "begin_fid": 15, "object_tid": 0}, {"end_fid": 60, "subject_tid": 0, "predicate": "sit_next_to", "begin_fid": 30, "object_tid": 1}, {"end_fid": 60, "subject_tid": 0, "predicate": "sit_front", "begin_fid": 30, "object_tid": 1}, {"end_fid": 60, "subject_tid": 1, "predicate": "lie_next_to", "begin_fid": 30, "object_tid": 0}, {"end_fid": 60, "subject_tid": 1, "predicate": "lie_behind", "begin_fid": 30, "object_tid": 0}, {"end_fid": 60, "subject_tid": 1, "predicate": "larger", "begin_fid": 30, "object_tid": 0}, {"end_fid": 75, "subject_tid": 0, "predicate": "sit_next_to", "begin_fid": 45, "object_tid": 1}, {"end_fid": 75, "subject_tid": 0, "predicate": "sit_front", "begin_fid": 45, "object_tid": 1}, {"end_fid": 75, "subject_tid": 1, "predicate": "lie_next_to", "begin_fid": 45, "object_tid": 0}, {"end_fid": 75, "subject_tid": 1, "predicate": "lie_behind", "begin_fid": 45, "object_tid": 0}, {"end_fid": 75, "subject_tid": 1, "predicate": "larger", "begin_fid": 45, "object_tid": 0}, {"end_fid": 90, "subject_tid": 0, "predicate": "sit_next_to", "begin_fid": 60, "object_tid": 1}, {"end_fid": 90, "subject_tid": 0, "predicate": "sit_front", "begin_fid": 60, "object_tid": 1}, {"end_fid": 90, "subject_tid": 1, "predicate": "lie_next_to", "begin_fid": 60, "object_tid": 0}, {"end_fid": 90, "subject_tid": 1, "predicate": "lie_behind", "begin_fid": 60, "object_tid": 0}, {"end_fid": 90, "subject_tid": 1, "predicate": "larger", "begin_fid": 60, "object_tid": 0}, {"end_fid": 105, "subject_tid": 0, "predicate": "sit_next_to", "begin_fid": 75, "object_tid": 1}, {"end_fid": 105, "subject_tid": 0, "predicate": "sit_front", "begin_fid": 75, "object_tid": 1}, {"end_fid": 105, "subject_tid": 1, "predicate": "lie_next_to", "begin_fid": 75, "object_tid": 0}, {"end_fid": 105, "subject_tid": 1, "predicate": "lie_behind", "begin_fid": 75, "object_tid": 0}, {"end_fid": 105, "subject_tid": 1, "predicate": "larger", "begin_fid": 75, "object_tid": 0}, {"end_fid": 120, "subject_tid": 0, "predicate": "sit_next_to", "begin_fid": 90, "object_tid": 1}, {"end_fid": 120, "subject_tid": 0, "predicate": "sit_front", "begin_fid": 90, "object_tid": 1}, {"end_fid": 120, "subject_tid": 1, "predicate": "lie_next_to", "begin_fid": 90, "object_tid": 0}, {"end_fid": 120, "subject_tid": 1, "predicate": "lie_behind", "begin_fid": 90, "object_tid": 0}, {"end_fid": 120, "subject_tid": 1, "predicate": "larger", "begin_fid": 90, "object_tid": 0}, {"end_fid": 135, "subject_tid": 0, "predicate": "sit_next_to", "begin_fid": 105, "object_tid": 1}, {"end_fid": 135, "subject_tid": 0, "predicate": "sit_front", "begin_fid": 105, "object_tid": 1}, {"end_fid": 135, "subject_tid": 1, "predicate": "lie_next_to", "begin_fid": 105, "object_tid": 0}, {"end_fid": 135, "subject_tid": 1, "predicate": "lie_behind", "begin_fid": 105, "object_tid": 0}, {"end_fid": 135, "subject_tid": 1, "predicate": "larger", "begin_fid": 105, "object_tid": 0}, {"end_fid": 150, "subject_tid": 0, "predicate": "sit_next_to", "begin_fid": 120, "object_tid": 1}, {"end_fid": 150, "subject_tid": 0, "predicate": "sit_front", "begin_fid": 120, "object_tid": 1}, {"end_fid": 150, "subject_tid": 1, "predicate": "lie_next_to", "begin_fid": 120, "object_tid": 0}, {"end_fid": 150, "subject_tid": 1, "predicate": "lie_behind", "begin_fid": 120, "object_tid": 0}, {"end_fid": 150, "subject_tid": 1, "predicate": "larger", "begin_fid": 120, "object_tid": 0}, {"end_fid": 165, "subject_tid": 0, "predicate": "sit_next_to", "begin_fid": 135, "object_tid": 1}, {"end_fid": 165, "subject_tid": 0, "predicate": "sit_front", "begin_fid": 135, "object_tid": 1}, {"end_fid": 165, "subject_tid": 1, "predicate": "lie_next_to", "begin_fid": 135, "object_tid": 0}, {"end_fid": 165, "subject_tid": 1, "predicate": "lie_behind", "begin_fid": 135, "object_tid": 0}, {"end_fid": 165, "subject_tid": 1, "predicate": "larger", "begin_fid": 135, "object_tid": 0}, {"end_fid": 180, "subject_tid": 0, "predicate": "sit_next_to", "begin_fid": 150, "object_tid": 1}, {"end_fid": 180, "subject_tid": 0, "predicate": "sit_front", "begin_fid": 150, "object_tid": 1}, {"end_fid": 180, "subject_tid": 1, "predicate": "lie_next_to", "begin_fid": 150, "object_tid": 0}, {"end_fid": 180, "subject_tid": 1, "predicate": "lie_behind", "begin_fid": 150, "object_tid": 0}, {"end_fid": 180, "subject_tid": 1, "predicate": "larger", "begin_fid": 150, "object_tid": 0}, {"end_fid": 195, "subject_tid": 0, "predicate": "sit_next_to", "begin_fid": 165, "object_tid": 1}, {"end_fid": 195, "subject_tid": 0, "predicate": "sit_front", "begin_fid": 165, "object_tid": 1}, {"end_fid": 195, "subject_tid": 1, "predicate": "lie_next_to", "begin_fid": 165, "object_tid": 0}, {"end_fid": 195, "subject_tid": 1, "predicate": "lie_behind", "begin_fid": 165, "object_tid": 0}, {"end_fid": 195, "subject_tid": 1, "predicate": "larger", "begin_fid": 165, "object_tid": 0}, {"end_fid": 210, "subject_tid": 0, "predicate": "sit_next_to", "begin_fid": 180, "object_tid": 1}, {"end_fid": 210, "subject_tid": 0, "predicate": "sit_front", "begin_fid": 180, "object_tid": 1}, {"end_fid": 210, "subject_tid": 1, "predicate": "lie_next_to", "begin_fid": 180, "object_tid": 0}, {"end_fid": 210, "subject_tid": 1, "predicate": "lie_behind", "begin_fid": 180, "object_tid": 0}, {"end_fid": 210, "subject_tid": 1, "predicate": "larger", "begin_fid": 180, "object_tid": 0}, {"end_fid": 225, "subject_tid": 0, "predicate": "sit_next_to", "begin_fid": 195, "object_tid": 1}, {"end_fid": 225, "subject_tid": 0, "predicate": "sit_front", "begin_fid": 195, "object_tid": 1}, {"end_fid": 225, "subject_tid": 1, "predicate": "lie_next_to", "begin_fid": 195, "object_tid": 0}, {"end_fid": 225, "subject_tid": 1, "predicate": "lie_behind", "begin_fid": 195, "object_tid": 0}, {"end_fid": 225, "subject_tid": 1, "predicate": "larger", "begin_fid": 195, "object_tid": 0}, {"end_fid": 240, "subject_tid": 0, "predicate": "sit_next_to", "begin_fid": 210, "object_tid": 1}, {"end_fid": 240, "subject_tid": 0, "predicate": "sit_front", "begin_fid": 210, "object_tid": 1}, {"end_fid": 240, "subject_tid": 1, "predicate": "lie_next_to", "begin_fid": 210, "object_tid": 0}, {"end_fid": 240, "subject_tid": 1, "predicate": "lie_behind", "begin_fid": 210, "object_tid": 0}, {"end_fid": 240, "subject_tid": 1, "predicate": "larger", "begin_fid": 210, "object_tid": 0}, {"end_fid": 255, "subject_tid": 0, "predicate": "sit_next_to", "begin_fid": 225, "object_tid": 1}, {"end_fid": 255, "subject_tid": 0, "predicate": "sit_front", "begin_fid": 225, "object_tid": 1}, {"end_fid": 255, "subject_tid": 1, "predicate": "lie_next_to", "begin_fid": 225, "object_tid": 0}, {"end_fid": 255, "subject_tid": 1, "predicate": "lie_behind", "begin_fid": 225, "object_tid": 0}, {"end_fid": 255, "subject_tid": 1, "predicate": "larger", "begin_fid": 225, "object_tid": 0}, {"end_fid": 270, "subject_tid": 0, "predicate": "sit_next_to", "begin_fid": 240, "object_tid": 1}, {"end_fid": 270, "subject_tid": 0, "predicate": "sit_front", "begin_fid": 240, "object_tid": 1}, {"end_fid": 270, "subject_tid": 1, "predicate": "lie_next_to", "begin_fid": 240, "object_tid": 0}, {"end_fid": 270, "subject_tid": 1, "predicate": "lie_behind", "begin_fid": 240, "object_tid": 0}, {"end_fid": 270, "subject_tid": 1, "predicate": "larger", "begin_fid": 240, "object_tid": 0}, {"end_fid": 285, "subject_tid": 0, "predicate": "sit_next_to", "begin_fid": 255, "object_tid": 1}, {"end_fid": 285, "subject_tid": 0, "predicate": "sit_front", "begin_fid": 255, "object_tid": 1}, {"end_fid": 285, "subject_tid": 1, "predicate": "lie_next_to", "begin_fid": 255, "object_tid": 0}, {"end_fid": 285, "subject_tid": 1, "predicate": "lie_behind", "begin_fid": 255, "object_tid": 0}, {"end_fid": 285, "subject_tid": 1, "predicate": "larger", "begin_fid": 255, "object_tid": 0}, {"end_fid": 300, "subject_tid": 0, "predicate": "sit_next_to", "begin_fid": 270, "object_tid": 1}, {"end_fid": 300, "subject_tid": 0, "predicate": "sit_front", "begin_fid": 270, "object_tid": 1}, {"end_fid": 300, "subject_tid": 1, "predicate": "lie_next_to", "begin_fid": 270, "object_tid": 0}, {"end_fid": 300, "subject_tid": 1, "predicate": "lie_behind", "begin_fid": 270, "object_tid": 0}, {"end_fid": 300, "subject_tid": 1, "predicate": "larger", "begin_fid": 270, "object_tid": 0}, {"end_fid": 315, "subject_tid": 0, "predicate": "sit_next_to", "begin_fid": 285, "object_tid": 1}, {"end_fid": 315, "subject_tid": 0, "predicate": "sit_front", "begin_fid": 285, "object_tid": 1}, {"end_fid": 315, "subject_tid": 0, "predicate": "play", "begin_fid": 285, "object_tid": 1}, {"end_fid": 315, "subject_tid": 1, "predicate": "lie_next_to", "begin_fid": 285, "object_tid": 0}, {"end_fid": 315, "subject_tid": 1, "predicate": "lie_behind", "begin_fid": 285, "object_tid": 0}, {"end_fid": 315, "subject_tid": 1, "predicate": "larger", "begin_fid": 285, "object_tid": 0}, {"end_fid": 330, "subject_tid": 0, "predicate": "sit_next_to", "begin_fid": 300, "object_tid": 1}, {"end_fid": 330, "subject_tid": 0, "predicate": "sit_front", "begin_fid": 300, "object_tid": 1}, {"end_fid": 330, "subject_tid": 0, "predicate": "play", "begin_fid": 300, "object_tid": 1}, {"end_fid": 330, "subject_tid": 1, "predicate": "lie_next_to", "begin_fid": 300, "object_tid": 0}, {"end_fid": 330, "subject_tid": 1, "predicate": "lie_behind", "begin_fid": 300, "object_tid": 0}, {"end_fid": 330, "subject_tid": 1, "predicate": "larger", "begin_fid": 300, "object_tid": 0}, {"end_fid": 345, "subject_tid": 0, "predicate": "sit_next_to", "begin_fid": 315, "object_tid": 1}, {"end_fid": 345, "subject_tid": 0, "predicate": "sit_front", "begin_fid": 315, "object_tid": 1}, {"end_fid": 345, "subject_tid": 0, "predicate": "play", "begin_fid": 315, "object_tid": 1}, {"end_fid": 345, "subject_tid": 1, "predicate": "lie_next_to", "begin_fid": 315, "object_tid": 0}, {"end_fid": 345, "subject_tid": 1, "predicate": "lie_behind", "begin_fid": 315, "object_tid": 0}, {"end_fid": 345, "subject_tid": 1, "predicate": "larger", "begin_fid": 315, "object_tid": 0}, {"end_fid": 360, "subject_tid": 0, "predicate": "sit_next_to", "begin_fid": 330, "object_tid": 1}, {"end_fid": 360, "subject_tid": 0, "predicate": "sit_front", "begin_fid": 330, "object_tid": 1}, {"end_fid": 360, "subject_tid": 0, "predicate": "play", "begin_fid": 330, "object_tid": 1}, {"end_fid": 360, "subject_tid": 1, "predicate": "lie_next_to", "begin_fid": 330, "object_tid": 0}, {"end_fid": 360, "subject_tid": 1, "predicate": "lie_behind", "begin_fid": 330, "object_tid": 0}, {"end_fid": 360, "subject_tid": 1, "predicate": "larger", "begin_fid": 330, "object_tid": 0}, {"end_fid": 375, "subject_tid": 0, "predicate": "sit_next_to", "begin_fid": 345, "object_tid": 1}, {"end_fid": 375, "subject_tid": 0, "predicate": "sit_front", "begin_fid": 345, "object_tid": 1}, {"end_fid": 375, "subject_tid": 0, "predicate": "play", "begin_fid": 345, "object_tid": 1}, {"end_fid": 375, "subject_tid": 1, "predicate": "lie_next_to", "begin_fid": 345, "object_tid": 0}, {"end_fid": 375, "subject_tid": 1, "predicate": "lie_behind", "begin_fid": 345, "object_tid": 0}, {"end_fid": 375, "subject_tid": 1, "predicate": "larger", "begin_fid": 345, "object_tid": 0}, {"end_fid": 390, "subject_tid": 0, "predicate": "sit_next_to", "begin_fid": 360, "object_tid": 1}, {"end_fid": 390, "subject_tid": 0, "predicate": "sit_front", "begin_fid": 360, "object_tid": 1}, {"end_fid": 390, "subject_tid": 0, "predicate": "play", "begin_fid": 360, "object_tid": 1}, {"end_fid": 390, "subject_tid": 1, "predicate": "lie_next_to", "begin_fid": 360, "object_tid": 0}, {"end_fid": 390, "subject_tid": 1, "predicate": "lie_behind", "begin_fid": 360, "object_tid": 0}, {"end_fid": 390, "subject_tid": 1, "predicate": "larger", "begin_fid": 360, "object_tid": 0}, {"end_fid": 405, "subject_tid": 0, "predicate": "sit_next_to", "begin_fid": 375, "object_tid": 1}, {"end_fid": 405, "subject_tid": 0, "predicate": "sit_front", "begin_fid": 375, "object_tid": 1}, {"end_fid": 405, "subject_tid": 0, "predicate": "play", "begin_fid": 375, "object_tid": 1}, {"end_fid": 405, "subject_tid": 1, "predicate": "lie_next_to", "begin_fid": 375, "object_tid": 0}, {"end_fid": 405, "subject_tid": 1, "predicate": "lie_behind", "begin_fid": 375, "object_tid": 0}, {"end_fid": 405, "subject_tid": 1, "predicate": "larger", "begin_fid": 375, "object_tid": 0}, {"end_fid": 420, "subject_tid": 0, "predicate": "sit_next_to", "begin_fid": 390, "object_tid": 1}, {"end_fid": 420, "subject_tid": 0, "predicate": "sit_front", "begin_fid": 390, "object_tid": 1}, {"end_fid": 420, "subject_tid": 0, "predicate": "play", "begin_fid": 390, "object_tid": 1}, {"end_fid": 420, "subject_tid": 1, "predicate": "lie_next_to", "begin_fid": 390, "object_tid": 0}, {"end_fid": 420, "subject_tid": 1, "predicate": "lie_behind", "begin_fid": 390, "object_tid": 0}, {"end_fid": 420, "subject_tid": 1, "predicate": "larger", "begin_fid": 390, "object_tid": 0}], "height": 240}