{"width": 480, "frame_count": 289, "video_id": "ILSVRC2015_train_01020004", "fps": 30, "trajectories": [[], [], [], [], [], [], [], [], [], [], [], [], [], [], [], [], [], [], [], [], [], [], [], [], [], [], [], [], [], [], [], [], [], [], [], [], [], [], [], [], [], [], [], [], [], [], [], [], [], [], [], [], [], [], [], [], [], [], [], [], [], [], [], [], [], [], [], [], [], [], [], [], [], [], [], [], [], [], [], [], [], [], [], [], [], [], [], [], [], [], [], [], [], [], [], [], [], [], [], [], [], [], [], [], [], [], [], [], [], [], [], [], [], [], [], [], [], [], [], [], [], [], [], [], [], [], [], [], [], [], [], [], [], [], [], [], [], [], [], [], [], [], [], [], [], [], [], [], [], [], [], [], [], [], [], [], [], [], [], [], [], [], [], [], [], [], [], [], [], [], [], [], [], [], [], [], [], [], [], [], [{"tid": 0, "generated": 0, "bbox": {"xmin": 83, "ymin": 0, "ymax": 358, "xmax": 478}}, {"tid": 1, "generated": 0, "bbox": {"xmin": 0, "ymin": 0, "ymax": 256, "xmax": 77}}], [{"tid": 0, "generated": 0, "bbox": {"xmin": 85, "ymin": 0, "ymax": 358, "xmax": 479}}, {"tid": 1, "generated": 0, "bbox": {"xmin": 0, "ymin": 0, "ymax": 256, "xmax": 86}}], [{"tid": 0, "generated": 0, "bbox": {"xmin": 77, "ymin": 0, "ymax": 358, "xmax": 478}}, {"tid": 1, "generated": 0, "bbox": {"xmin": 0, "ymin": 0, "ymax": 256, "xmax": 98}}], [{"tid": 0, "generated": 0, "bbox": {"xmin": 75, "ymin": 0, "ymax": 358, "xmax": 478}}, {"tid": 1, "generated": 0, "bbox": {"xmin": 0, "ymin": 0, "ymax": 256, "xmax": 113}}], [{"tid": 0, "generated": 0, "bbox": {"xmin": 74, "ymin": 0, "ymax": 359, "xmax": 478}}, {"tid": 1, "generated": 0, "bbox": {"xmin": 0, "ymin": 0, "ymax": 256, "xmax": 108}}], [{"tid": 0, "generated": 0, "bbox": {"xmin": 79, "ymin": 0, "ymax": 359, "xmax": 478}}, {"tid": 1, "generated": 0, "bbox": {"xmin": 0, "ymin": 0, "ymax": 256, "xmax": 112}}], [{"tid": 0, "generated": 0, "bbox": {"xmin": 84, "ymin": 0, "ymax": 359, "xmax": 478}}, {"tid": 1, "generated": 0, "bbox": {"xmin": 0, "ymin": 0, "ymax": 257, "xmax": 117}}], [{"tid": 0, "generated": 0, "bbox": {"xmin": 90, "ymin": 0, "ymax": 359, "xmax": 478}}, {"tid": 1, "generated": 0, "bbox": {"xmin": 0, "ymin": 0, "ymax": 258, "xmax": 123}}], [{"tid": 0, "generated": 0, "bbox": {"xmin": 85, "ymin": 0, "ymax": 359, "xmax": 478}}, {"tid": 1, "generated": 0, "bbox": {"xmin": 0, "ymin": 0, "ymax": 259, "xmax": 138}}], [{"tid": 0, "generated": 0, "bbox": {"xmin": 80, "ymin": 0, "ymax": 359, "xmax": 478}}, {"tid": 1, "generated": 0, "bbox": {"xmin": 0, "ymin": 0, "ymax": 260, "xmax": 153}}], [{"tid": 0, "generated": 0, "bbox": {"xmin": 76, "ymin": 0, "ymax": 359, "xmax": 478}}, {"tid": 1, "generated": 0, "bbox": {"xmin": 0, "ymin": 0, "ymax": 261, "xmax": 169}}], [{"tid": 0, "generated": 0, "bbox": {"xmin": 72, "ymin": 0, "ymax": 358, "xmax": 478}}, {"tid": 1, "generated": 0, "bbox": {"xmin": 0, "ymin": 0, "ymax": 262, "xmax": 178}}], [{"tid": 0, "generated": 0, "bbox": {"xmin": 69, "ymin": 0, "ymax": 358, "xmax": 478}}, {"tid": 1, "generated": 0, "bbox": {"xmin": 0, "ymin": 0, "ymax": 264, "xmax": 187}}], [{"tid": 0, "generated": 0, "bbox": {"xmin": 67, "ymin": 0, "ymax": 357, "xmax": 478}}, {"tid": 1, "generated": 0, "bbox": {"xmin": 0, "ymin": 0, "ymax": 266, "xmax": 196}}], [{"tid": 0, "generated": 0, "bbox": {"xmin": 66, "ymin": 0, "ymax": 357, "xmax": 478}}, {"tid": 1, "generated": 0, "bbox": {"xmin": 0, "ymin": 0, "ymax": 268, "xmax": 206}}], [{"tid": 0, "generated": 0, "bbox": {"xmin": 65, "ymin": 0, "ymax": 357, "xmax": 478}}, {"tid": 1, "generated": 0, "bbox": {"xmin": 0, "ymin": 0, "ymax": 270, "xmax": 215}}], [{"tid": 0, "generated": 0, "bbox": {"xmin": 65, "ymin": 0, "ymax": 359, "xmax": 478}}, {"tid": 1, "generated": 0, "bbox": {"xmin": 0, "ymin": 0, "ymax": 271, "xmax": 224}}], [{"tid": 0, "generated": 0, "bbox": {"xmin": 65, "ymin": 0, "ymax": 358, "xmax": 479}}, {"tid": 1, "generated": 0, "bbox": {"xmin": 0, "ymin": 0, "ymax": 273, "xmax": 234}}], [{"tid": 0, "generated": 0, "bbox": {"xmin": 65, "ymin": 0, "ymax": 358, "xmax": 478}}, {"tid": 1, "generated": 0, "bbox": {"xmin": 0, "ymin": 0, "ymax": 275, "xmax": 243}}], [{"tid": 0, "generated": 0, "bbox": {"xmin": 65, "ymin": 0, "ymax": 358, "xmax": 478}}, {"tid": 1, "generated": 0, "bbox": {"xmin": 0, "ymin": 0, "ymax": 277, "xmax": 252}}], [{"tid": 0, "generated": 0, "bbox": {"xmin": 66, "ymin": 0, "ymax": 359, "xmax": 478}}, {"tid": 1, "generated": 0, "bbox": {"xmin": 0, "ymin": 0, "ymax": 279, "xmax": 262}}], [{"tid": 0, "generated": 0, "bbox": {"xmin": 67, "ymin": 0, "ymax": 358, "xmax": 478}}, {"tid": 1, "generated": 0, "bbox": {"xmin": 0, "ymin": 0, "ymax": 281, "xmax": 295}}], [{"tid": 0, "generated": 0, "bbox": {"xmin": 68, "ymin": 0, "ymax": 358, "xmax": 478}}, {"tid": 1, "generated": 0, "bbox": {"xmin": 0, "ymin": 0, "ymax": 283, "xmax": 328}}], [{"tid": 0, "generated": 0, "bbox": {"xmin": 70, "ymin": 0, "ymax": 357, "xmax": 478}}, {"tid": 1, "generated": 0, "bbox": {"xmin": 0, "ymin": 0, "ymax": 285, "xmax": 336}}], [{"tid": 0, "generated": 0, "bbox": {"xmin": 71, "ymin": 0, "ymax": 357, "xmax": 478}}, {"tid": 1, "generated": 0, "bbox": {"xmin": 0, "ymin": 0, "ymax": 288, "xmax": 345}}], [{"tid": 0, "generated": 0, "bbox": {"xmin": 72, "ymin": 0, "ymax": 356, "xmax": 478}}, {"tid": 1, "generated": 0, "bbox": {"xmin": 0, "ymin": 0, "ymax": 291, "xmax": 354}}], [{"tid": 0, "generated": 0, "bbox": {"xmin": 74, "ymin": 0, "ymax": 356, "xmax": 478}}, {"tid": 1, "generated": 0, "bbox": {"xmin": 0, "ymin": 0, "ymax": 294, "xmax": 363}}], [{"tid": 0, "generated": 0, "bbox": {"xmin": 79, "ymin": 0, "ymax": 356, "xmax": 478}}, {"tid": 1, "generated": 0, "bbox": {"xmin": 0, "ymin": 0, "ymax": 297, "xmax": 374}}], [{"tid": 0, "generated": 0, "bbox": {"xmin": 80, "ymin": 0, "ymax": 356, "xmax": 478}}, {"tid": 1, "generated": 0, "bbox": {"xmin": 0, "ymin": 0, "ymax": 300, "xmax": 385}}], [{"tid": 0, "generated": 0, "bbox": {"xmin": 84, "ymin": 0, "ymax": 356, "xmax": 478}}, {"tid": 1, "generated": 0, "bbox": {"xmin": 0, "ymin": 0, "ymax": 303, "xmax": 396}}], [{"tid": 0, "generated": 0, "bbox": {"xmin": 84, "ymin": 0, "ymax": 358, "xmax": 478}}, {"tid": 1, "generated": 0, "bbox": {"xmin": 0, "ymin": 0, "ymax": 306, "xmax": 407}}], [{"tid": 0, "generated": 0, "bbox": {"xmin": 81, "ymin": 0, "ymax": 358, "xmax": 478}}, {"tid": 1, "generated": 0, "bbox": {"xmin": 0, "ymin": 0, "ymax": 309, "xmax": 413}}], [{"tid": 0, "generated": 0, "bbox": {"xmin": 79, "ymin": 0, "ymax": 358, "xmax": 478}}, {"tid": 1, "generated": 0, "bbox": {"xmin": 0, "ymin": 0, "ymax": 312, "xmax": 420}}], [{"tid": 0, "generated": 0, "bbox": {"xmin": 77, "ymin": 0, "ymax": 358, "xmax": 478}}, {"tid": 1, "generated": 0, "bbox": {"xmin": 0, "ymin": 0, "ymax": 314, "xmax": 426}}], [{"tid": 0, "generated": 0, "bbox": {"xmin": 75, "ymin": 0, "ymax": 358, "xmax": 479}}, {"tid": 1, "generated": 0, "bbox": {"xmin": 0, "ymin": 0, "ymax": 321, "xmax": 431}}], [{"tid": 0, "generated": 0, "bbox": {"xmin": 72, "ymin": 0, "ymax": 358, "xmax": 479}}, {"tid": 1, "generated": 0, "bbox": {"xmin": 0, "ymin": 0, "ymax": 326, "xmax": 437}}], [{"tid": 0, "generated": 0, "bbox": {"xmin": 67, "ymin": 0, "ymax": 358, "xmax": 479}}, {"tid": 1, "generated": 0, "bbox": {"xmin": 0, "ymin": 0, "ymax": 327, "xmax": 446}}], [{"tid": 0, "generated": 0, "bbox": {"xmin": 62, "ymin": 0, "ymax": 358, "xmax": 479}}, {"tid": 1, "generated": 0, "bbox": {"xmin": 0, "ymin": 0, "ymax": 330, "xmax": 452}}], [{"tid": 0, "generated": 0, "bbox": {"xmin": 57, "ymin": 0, "ymax": 358, "xmax": 479}}, {"tid": 1, "generated": 0, "bbox": {"xmin": 2, "ymin": 0, "ymax": 333, "xmax": 458}}], [{"tid": 0, "generated": 0, "bbox": {"xmin": 54, "ymin": 0, "ymax": 357, "xmax": 478}}, {"tid": 1, "generated": 0, "bbox": {"xmin": 4, "ymin": 0, "ymax": 336, "xmax": 464}}], [{"tid": 0, "generated": 0, "bbox": {"xmin": 44, "ymin": 0, "ymax": 357, "xmax": 478}}, {"tid": 1, "generated": 0, "bbox": {"xmin": 8, "ymin": 0, "ymax": 339, "xmax": 472}}], [{"tid": 0, "generated": 0, "bbox": {"xmin": 44, "ymin": 4, "ymax": 356, "xmax": 478}}, {"tid": 1, "generated": 0, "bbox": {"xmin": 14, "ymin": 0, "ymax": 339, "xmax": 475}}], [{"tid": 0, "generated": 0, "bbox": {"xmin": 42, "ymin": 0, "ymax": 359, "xmax": 478}}, {"tid": 1, "generated": 0, "bbox": {"xmin": 20, "ymin": 0, "ymax": 340, "xmax": 479}}], [{"tid": 0, "generated": 0, "bbox": {"xmin": 38, "ymin": 0, "ymax": 358, "xmax": 477}}, {"tid": 1, "generated": 0, "bbox": {"xmin": 26, "ymin": 0, "ymax": 344, "xmax": 478}}], [{"tid": 0, "generated": 0, "bbox": {"xmin": 39, "ymin": 2, "ymax": 357, "xmax": 476}}, {"tid": 1, "generated": 0, "bbox": {"xmin": 33, "ymin": 0, "ymax": 348, "xmax": 478}}], [{"tid": 0, "generated": 0, "bbox": {"xmin": 35, "ymin": 10, "ymax": 357, "xmax": 477}}, {"tid": 1, "generated": 0, "bbox": {"xmin": 38, "ymin": 0, "ymax": 348, "xmax": 478}}], [{"tid": 0, "generated": 0, "bbox": {"xmin": 32, "ymin": 18, "ymax": 358, "xmax": 479}}, {"tid": 1, "generated": 0, "bbox": {"xmin": 44, "ymin": 0, "ymax": 348, "xmax": 478}}], [{"tid": 0, "generated": 0, "bbox": {"xmin": 26, "ymin": 25, "ymax": 358, "xmax": 478}}, {"tid": 1, "generated": 0, "bbox": {"xmin": 50, "ymin": 0, "ymax": 348, "xmax": 478}}], [{"tid": 0, "generated": 0, "bbox": {"xmin": 21, "ymin": 32, "ymax": 358, "xmax": 478}}, {"tid": 1, "generated": 0, "bbox": {"xmin": 57, "ymin": 0, "ymax": 349, "xmax": 478}}], [{"tid": 0, "generated": 0, "bbox": {"xmin": 15, "ymin": 39, "ymax": 358, "xmax": 478}}, {"tid": 1, "generated": 0, "bbox": {"xmin": 64, "ymin": 0, "ymax": 349, "xmax": 478}}], [{"tid": 0, "generated": 0, "bbox": {"xmin": 10, "ymin": 46, "ymax": 358, "xmax": 478}}, {"tid": 1, "generated": 0, "bbox": {"xmin": 71, "ymin": 0, "ymax": 350, "xmax": 478}}], [{"tid": 0, "generated": 0, "bbox": {"xmin": 5, "ymin": 51, "ymax": 358, "xmax": 478}}, {"tid": 1, "generated": 0, "bbox": {"xmin": 74, "ymin": 0, "ymax": 350, "xmax": 478}}], [{"tid": 0, "generated": 0, "bbox": {"xmin": 1, "ymin": 56, "ymax": 359, "xmax": 478}}, {"tid": 1, "generated": 0, "bbox": {"xmin": 77, "ymin": 0, "ymax": 351, "xmax": 479}}], [{"tid": 0, "generated": 0, "bbox": {"xmin": 0, "ymin": 60, "ymax": 359, "xmax": 478}}, {"tid": 1, "generated": 0, "bbox": {"xmin": 80, "ymin": 0, "ymax": 353, "xmax": 478}}], [{"tid": 0, "generated": 0, "bbox": {"xmin": 0, "ymin": 59, "ymax": 359, "xmax": 478}}, {"tid": 1, "generated": 0, "bbox": {"xmin": 83, "ymin": 0, "ymax": 355, "xmax": 478}}], [{"tid": 0, "generated": 0, "bbox": {"xmin": 0, "ymin": 57, "ymax": 359, "xmax": 478}}, {"tid": 1, "generated": 0, "bbox": {"xmin": 86, "ymin": 0, "ymax": 358, "xmax": 478}}], [{"tid": 0, "generated": 0, "bbox": {"xmin": 0, "ymin": 54, "ymax": 358, "xmax": 477}}, {"tid": 1, "generated": 0, "bbox": {"xmin": 89, "ymin": 0, "ymax": 358, "xmax": 478}}], [{"tid": 0, "generated": 0, "bbox": {"xmin": 0, "ymin": 51, "ymax": 358, "xmax": 477}}, {"tid": 1, "generated": 0, "bbox": {"xmin": 92, "ymin": 0, "ymax": 358, "xmax": 478}}], [{"tid": 0, "generated": 0, "bbox": {"xmin": 0, "ymin": 48, "ymax": 358, "xmax": 477}}, {"tid": 1, "generated": 0, "bbox": {"xmin": 95, "ymin": 0, "ymax": 358, "xmax": 478}}], [{"tid": 0, "generated": 0, "bbox": {"xmin": 0, "ymin": 46, "ymax": 358, "xmax": 477}}, {"tid": 1, "generated": 0, "bbox": {"xmin": 98, "ymin": 0, "ymax": 358, "xmax": 478}}], [{"tid": 0, "generated": 0, "bbox": {"xmin": 2, "ymin": 46, "ymax": 357, "xmax": 478}}, {"tid": 1, "generated": 0, "bbox": {"xmin": 102, "ymin": 0, "ymax": 358, "xmax": 479}}], [{"tid": 0, "generated": 0, "bbox": {"xmin": 1, "ymin": 48, "ymax": 358, "xmax": 479}}, {"tid": 1, "generated": 0, "bbox": {"xmin": 109, "ymin": 0, "ymax": 356, "xmax": 479}}], [{"tid": 0, "generated": 0, "bbox": {"xmin": 0, "ymin": 46, "ymax": 359, "xmax": 477}}, {"tid": 1, "generated": 0, "bbox": {"xmin": 118, "ymin": 0, "ymax": 355, "xmax": 478}}], [{"tid": 0, "generated": 0, "bbox": {"xmin": 0, "ymin": 44, "ymax": 358, "xmax": 477}}, {"tid": 1, "generated": 0, "bbox": {"xmin": 139, "ymin": 0, "ymax": 354, "xmax": 479}}], [{"tid": 0, "generated": 0, "bbox": {"xmin": 0, "ymin": 42, "ymax": 358, "xmax": 478}}, {"tid": 1, "generated": 0, "bbox": {"xmin": 150, "ymin": 0, "ymax": 353, "xmax": 479}}], [{"tid": 0, "generated": 0, "bbox": {"xmin": 0, "ymin": 48, "ymax": 358, "xmax": 478}}, {"tid": 1, "generated": 0, "bbox": {"xmin": 162, "ymin": 0, "ymax": 353, "xmax": 479}}], [{"tid": 0, "generated": 0, "bbox": {"xmin": 0, "ymin": 46, "ymax": 357, "xmax": 478}}, {"tid": 1, "generated": 0, "bbox": {"xmin": 174, "ymin": 0, "ymax": 354, "xmax": 479}}], [{"tid": 0, "generated": 0, "bbox": {"xmin": 0, "ymin": 46, "ymax": 358, "xmax": 479}}, {"tid": 1, "generated": 0, "bbox": {"xmin": 186, "ymin": 0, "ymax": 355, "xmax": 479}}], [{"tid": 0, "generated": 0, "bbox": {"xmin": 0, "ymin": 48, "ymax": 358, "xmax": 478}}, {"tid": 1, "generated": 0, "bbox": {"xmin": 198, "ymin": 0, "ymax": 355, "xmax": 479}}], [{"tid": 0, "generated": 0, "bbox": {"xmin": 0, "ymin": 46, "ymax": 358, "xmax": 477}}, {"tid": 1, "generated": 0, "bbox": {"xmin": 210, "ymin": 0, "ymax": 354, "xmax": 479}}], [{"tid": 0, "generated": 0, "bbox": {"xmin": 0, "ymin": 48, "ymax": 357, "xmax": 477}}, {"tid": 1, "generated": 0, "bbox": {"xmin": 222, "ymin": 5, "ymax": 354, "xmax": 478}}], [{"tid": 0, "generated": 0, "bbox": {"xmin": 0, "ymin": 49, "ymax": 356, "xmax": 476}}, {"tid": 1, "generated": 0, "bbox": {"xmin": 230, "ymin": 8, "ymax": 353, "xmax": 479}}], [{"tid": 0, "generated": 0, "bbox": {"xmin": 0, "ymin": 50, "ymax": 358, "xmax": 475}}, {"tid": 1, "generated": 0, "bbox": {"xmin": 237, "ymin": 10, "ymax": 349, "xmax": 478}}], [{"tid": 0, "generated": 0, "bbox": {"xmin": 0, "ymin": 50, "ymax": 359, "xmax": 475}}, {"tid": 1, "generated": 0, "bbox": {"xmin": 245, "ymin": 13, "ymax": 345, "xmax": 477}}], [{"tid": 0, "generated": 0, "bbox": {"xmin": 0, "ymin": 51, "ymax": 359, "xmax": 474}}, {"tid": 1, "generated": 0, "bbox": {"xmin": 253, "ymin": 16, "ymax": 345, "xmax": 478}}], [{"tid": 0, "generated": 0, "bbox": {"xmin": 0, "ymin": 52, "ymax": 358, "xmax": 479}}, {"tid": 1, "generated": 0, "bbox": {"xmin": 261, "ymin": 18, "ymax": 346, "xmax": 478}}], [{"tid": 0, "generated": 0, "bbox": {"xmin": 0, "ymin": 53, "ymax": 359, "xmax": 475}}, {"tid": 1, "generated": 0, "bbox": {"xmin": 268, "ymin": 19, "ymax": 341, "xmax": 478}}], [{"tid": 0, "generated": 0, "bbox": {"xmin": 6, "ymin": 54, "ymax": 358, "xmax": 478}}, {"tid": 1, "generated": 0, "bbox": {"xmin": 276, "ymin": 20, "ymax": 345, "xmax": 479}}], [{"tid": 0, "generated": 0, "bbox": {"xmin": 7, "ymin": 56, "ymax": 358, "xmax": 479}}, {"tid": 1, "generated": 0, "bbox": {"xmin": 284, "ymin": 20, "ymax": 343, "xmax": 478}}], [{"tid": 0, "generated": 0, "bbox": {"xmin": 8, "ymin": 54, "ymax": 359, "xmax": 478}}, {"tid": 1, "generated": 0, "bbox": {"xmin": 295, "ymin": 20, "ymax": 334, "xmax": 478}}], [{"tid": 0, "generated": 0, "bbox": {"xmin": 10, "ymin": 58, "ymax": 358, "xmax": 479}}, {"tid": 1, "generated": 0, "bbox": {"xmin": 302, "ymin": 22, "ymax": 338, "xmax": 478}}], [{"tid": 0, "generated": 0, "bbox": {"xmin": 12, "ymin": 57, "ymax": 358, "xmax": 479}}, {"tid": 1, "generated": 0, "bbox": {"xmin": 311, "ymin": 22, "ymax": 336, "xmax": 478}}], [{"tid": 0, "generated": 0, "bbox": {"xmin": 14, "ymin": 56, "ymax": 358, "xmax": 479}}, {"tid": 1, "generated": 0, "bbox": {"xmin": 320, "ymin": 22, "ymax": 334, "xmax": 478}}], [{"tid": 0, "generated": 0, "bbox": {"xmin": 17, "ymin": 55, "ymax": 358, "xmax": 478}}, {"tid": 1, "generated": 0, "bbox": {"xmin": 330, "ymin": 23, "ymax": 333, "xmax": 479}}], [{"tid": 0, "generated": 0, "bbox": {"xmin": 21, "ymin": 54, "ymax": 359, "xmax": 478}}, {"tid": 1, "generated": 0, "bbox": {"xmin": 339, "ymin": 30, "ymax": 330, "xmax": 478}}], [{"tid": 0, "generated": 0, "bbox": {"xmin": 24, "ymin": 52, "ymax": 359, "xmax": 477}}, {"tid": 1, "generated": 0, "bbox": {"xmin": 349, "ymin": 38, "ymax": 328, "xmax": 478}}], [{"tid": 0, "generated": 0, "bbox": {"xmin": 28, "ymin": 51, "ymax": 359, "xmax": 478}}, {"tid": 1, "generated": 0, "bbox": {"xmin": 360, "ymin": 38, "ymax": 330, "xmax": 478}}], [{"tid": 0, "generated": 0, "bbox": {"xmin": 31, "ymin": 53, "ymax": 359, "xmax": 477}}, {"tid": 1, "generated": 0, "bbox": {"xmin": 369, "ymin": 49, "ymax": 328, "xmax": 479}}], [{"tid": 0, "generated": 0, "bbox": {"xmin": 37, "ymin": 51, "ymax": 358, "xmax": 479}}, {"tid": 1, "generated": 0, "bbox": {"xmin": 379, "ymin": 50, "ymax": 328, "xmax": 478}}], [{"tid": 0, "generated": 0, "bbox": {"xmin": 39, "ymin": 49, "ymax": 358, "xmax": 478}}, {"tid": 1, "generated": 0, "bbox": {"xmin": 396, "ymin": 49, "ymax": 320, "xmax": 477}}]], "subject/objects": [{"category": "zebra", "tid": 0}, {"category": "zebra", "tid": 1}], "relation_instances": [{"end_fid": 210, "subject_tid": 0, "predicate": "walk_past", "begin_fid": 180, "object_tid": 1}, {"end_fid": 210, "subject_tid": 0, "predicate": "walk_front", "begin_fid": 180, "object_tid": 1}, {"end_fid": 210, "subject_tid": 1, "predicate": "stand_behind", "begin_fid": 180, "object_tid": 0}, {"end_fid": 225, "subject_tid": 0, "predicate": "walk_past", "begin_fid": 195, "object_tid": 1}, {"end_fid": 225, "subject_tid": 0, "predicate": "walk_front", "begin_fid": 195, "object_tid": 1}, {"end_fid": 225, "subject_tid": 1, "predicate": "stand_behind", "begin_fid": 195, "object_tid": 0}, {"end_fid": 240, "subject_tid": 0, "predicate": "walk_next_to", "begin_fid": 210, "object_tid": 1}, {"end_fid": 240, "subject_tid": 0, "predicate": "walk_past", "begin_fid": 210, "object_tid": 1}, {"end_fid": 240, "subject_tid": 0, "predicate": "walk_front", "begin_fid": 210, "object_tid": 1}, {"end_fid": 240, "subject_tid": 1, "predicate": "stand_next_to", "begin_fid": 210, "object_tid": 0}, {"end_fid": 240, "subject_tid": 1, "predicate": "stand_behind", "begin_fid": 210, "object_tid": 0}, {"end_fid": 255, "subject_tid": 0, "predicate": "walk_next_to", "begin_fid": 225, "object_tid": 1}, {"end_fid": 255, "subject_tid": 0, "predicate": "walk_past", "begin_fid": 225, "object_tid": 1}, {"end_fid": 255, "subject_tid": 0, "predicate": "walk_front", "begin_fid": 225, "object_tid": 1}, {"end_fid": 255, "subject_tid": 1, "predicate": "stand_next_to", "begin_fid": 225, "object_tid": 0}, {"end_fid": 255, "subject_tid": 1, "predicate": "stand_behind", "begin_fid": 225, "object_tid": 0}, {"end_fid": 270, "subject_tid": 0, "predicate": "walk_past", "begin_fid": 240, "object_tid": 1}, {"end_fid": 270, "subject_tid": 0, "predicate": "walk_front", "begin_fid": 240, "object_tid": 1}, {"end_fid": 270, "subject_tid": 1, "predicate": "stand_behind", "begin_fid": 240, "object_tid": 0}], "height": 360}