{"width": 640, "frame_count": 370, "video_id": "ILSVRC2015_train_00917000", "fps": 29, "trajectories": [[{"tid": 0, "generated": 0, "bbox": {"xmin": 279, "ymin": 239, "ymax": 312, "xmax": 332}}, {"tid": 1, "generated": 0, "bbox": {"xmin": 0, "ymin": 152, "ymax": 359, "xmax": 168}}, {"tid": 2, "generated": 0, "bbox": {"xmin": 71, "ymin": 70, "ymax": 359, "xmax": 324}}, {"tid": 3, "generated": 0, "bbox": {"xmin": 228, "ymin": 100, "ymax": 359, "xmax": 495}}, {"tid": 4, "generated": 0, "bbox": {"xmin": 6, "ymin": 46, "ymax": 143, "xmax": 75}}, {"tid": 5, "generated": 0, "bbox": {"xmin": 50, "ymin": 55, "ymax": 124, "xmax": 122}}, {"tid": 6, "generated": 0, "bbox": {"xmin": 197, "ymin": 6, "ymax": 97, "xmax": 270}}], [{"tid": 0, "generated": 0, "bbox": {"xmin": 278, "ymin": 238, "ymax": 312, "xmax": 330}}, {"tid": 1, "generated": 0, "bbox": {"xmin": 0, "ymin": 152, "ymax": 359, "xmax": 167}}, {"tid": 2, "generated": 0, "bbox": {"xmin": 69, "ymin": 69, "ymax": 359, "xmax": 320}}, {"tid": 3, "generated": 0, "bbox": {"xmin": 232, "ymin": 98, "ymax": 359, "xmax": 492}}, {"tid": 4, "generated": 0, "bbox": {"xmin": 5, "ymin": 46, "ymax": 143, "xmax": 74}}, {"tid": 5, "generated": 0, "bbox": {"xmin": 50, "ymin": 55, "ymax": 124, "xmax": 122}}, {"tid": 6, "generated": 0, "bbox": {"xmin": 196, "ymin": 6, "ymax": 97, "xmax": 269}}], [{"tid": 0, "generated": 0, "bbox": {"xmin": 277, "ymin": 237, "ymax": 312, "xmax": 329}}, {"tid": 1, "generated": 0, "bbox": {"xmin": 0, "ymin": 153, "ymax": 359, "xmax": 167}}, {"tid": 2, "generated": 0, "bbox": {"xmin": 40, "ymin": 68, "ymax": 359, "xmax": 322}}, {"tid": 3, "generated": 0, "bbox": {"xmin": 230, "ymin": 97, "ymax": 359, "xmax": 490}}, {"tid": 4, "generated": 0, "bbox": {"xmin": 5, "ymin": 46, "ymax": 143, "xmax": 74}}, {"tid": 5, "generated": 0, "bbox": {"xmin": 50, "ymin": 55, "ymax": 124, "xmax": 122}}, {"tid": 6, "generated": 0, "bbox": {"xmin": 195, "ymin": 5, "ymax": 96, "xmax": 268}}], [{"tid": 0, "generated": 0, "bbox": {"xmin": 276, "ymin": 237, "ymax": 312, "xmax": 328}}, {"tid": 1, "generated": 0, "bbox": {"xmin": 0, "ymin": 152, "ymax": 359, "xmax": 164}}, {"tid": 2, "generated": 0, "bbox": {"xmin": 53, "ymin": 66, "ymax": 357, "xmax": 321}}, {"tid": 3, "generated": 0, "bbox": {"xmin": 229, "ymin": 96, "ymax": 359, "xmax": 489}}, {"tid": 4, "generated": 0, "bbox": {"xmin": 4, "ymin": 46, "ymax": 143, "xmax": 73}}, {"tid": 5, "generated": 0, "bbox": {"xmin": 50, "ymin": 55, "ymax": 124, "xmax": 122}}, {"tid": 6, "generated": 0, "bbox": {"xmin": 195, "ymin": 5, "ymax": 96, "xmax": 268}}], [{"tid": 0, "generated": 0, "bbox": {"xmin": 275, "ymin": 236, "ymax": 312, "xmax": 327}}, {"tid": 1, "generated": 0, "bbox": {"xmin": 0, "ymin": 150, "ymax": 359, "xmax": 162}}, {"tid": 2, "generated": 0, "bbox": {"xmin": 78, "ymin": 66, "ymax": 359, "xmax": 320}}, {"tid": 3, "generated": 0, "bbox": {"xmin": 228, "ymin": 96, "ymax": 359, "xmax": 489}}, {"tid": 4, "generated": 0, "bbox": {"xmin": 4, "ymin": 46, "ymax": 143, "xmax": 73}}, {"tid": 5, "generated": 0, "bbox": {"xmin": 50, "ymin": 55, "ymax": 124, "xmax": 122}}, {"tid": 6, "generated": 0, "bbox": {"xmin": 194, "ymin": 4, "ymax": 95, "xmax": 267}}], [{"tid": 0, "generated": 0, "bbox": {"xmin": 274, "ymin": 236, "ymax": 312, "xmax": 326}}, {"tid": 1, "generated": 0, "bbox": {"xmin": 0, "ymin": 149, "ymax": 359, "xmax": 161}}, {"tid": 2, "generated": 0, "bbox": {"xmin": 98, "ymin": 65, "ymax": 359, "xmax": 318}}, {"tid": 3, "generated": 0, "bbox": {"xmin": 225, "ymin": 96, "ymax": 359, "xmax": 488}}, {"tid": 4, "generated": 0, "bbox": {"xmin": 3, "ymin": 46, "ymax": 143, "xmax": 72}}, {"tid": 5, "generated": 0, "bbox": {"xmin": 50, "ymin": 55, "ymax": 124, "xmax": 122}}, {"tid": 6, "generated": 0, "bbox": {"xmin": 193, "ymin": 4, "ymax": 95, "xmax": 266}}], [{"tid": 0, "generated": 0, "bbox": {"xmin": 273, "ymin": 235, "ymax": 312, "xmax": 324}}, {"tid": 1, "generated": 0, "bbox": {"xmin": 0, "ymin": 149, "ymax": 359, "xmax": 160}}, {"tid": 2, "generated": 0, "bbox": {"xmin": 98, "ymin": 64, "ymax": 359, "xmax": 314}}, {"tid": 3, "generated": 0, "bbox": {"xmin": 224, "ymin": 96, "ymax": 358, "xmax": 488}}, {"tid": 4, "generated": 0, "bbox": {"xmin": 3, "ymin": 46, "ymax": 140, "xmax": 70}}, {"tid": 5, "generated": 0, "bbox": {"xmin": 48, "ymin": 55, "ymax": 124, "xmax": 120}}, {"tid": 6, "generated": 0, "bbox": {"xmin": 193, "ymin": 4, "ymax": 95, "xmax": 266}}], [{"tid": 0, "generated": 0, "bbox": {"xmin": 272, "ymin": 234, "ymax": 312, "xmax": 323}}, {"tid": 1, "generated": 0, "bbox": {"xmin": 0, "ymin": 149, "ymax": 359, "xmax": 160}}, {"tid": 2, "generated": 0, "bbox": {"xmin": 109, "ymin": 64, "ymax": 359, "xmax": 313}}, {"tid": 3, "generated": 0, "bbox": {"xmin": 224, "ymin": 96, "ymax": 359, "xmax": 487}}, {"tid": 4, "generated": 0, "bbox": {"xmin": 3, "ymin": 46, "ymax": 138, "xmax": 68}}, {"tid": 5, "generated": 0, "bbox": {"xmin": 46, "ymin": 55, "ymax": 124, "xmax": 118}}, {"tid": 6, "generated": 0, "bbox": {"xmin": 193, "ymin": 4, "ymax": 95, "xmax": 265}}], [{"tid": 0, "generated": 0, "bbox": {"xmin": 271, "ymin": 234, "ymax": 312, "xmax": 322}}, {"tid": 1, "generated": 0, "bbox": {"xmin": 0, "ymin": 148, "ymax": 359, "xmax": 159}}, {"tid": 2, "generated": 0, "bbox": {"xmin": 104, "ymin": 64, "ymax": 357, "xmax": 312}}, {"tid": 3, "generated": 0, "bbox": {"xmin": 223, "ymin": 96, "ymax": 359, "xmax": 485}}, {"tid": 4, "generated": 0, "bbox": {"xmin": 3, "ymin": 46, "ymax": 135, "xmax": 67}}, {"tid": 5, "generated": 0, "bbox": {"xmin": 45, "ymin": 55, "ymax": 124, "xmax": 117}}, {"tid": 6, "generated": 0, "bbox": {"xmin": 192, "ymin": 3, "ymax": 94, "xmax": 265}}], [{"tid": 0, "generated": 0, "bbox": {"xmin": 270, "ymin": 233, "ymax": 312, "xmax": 321}}, {"tid": 1, "generated": 0, "bbox": {"xmin": 0, "ymin": 150, "ymax": 359, "xmax": 160}}, {"tid": 2, "generated": 0, "bbox": {"xmin": 104, "ymin": 64, "ymax": 359, "xmax": 311}}, {"tid": 3, "generated": 0, "bbox": {"xmin": 222, "ymin": 96, "ymax": 359, "xmax": 486}}, {"tid": 4, "generated": 0, "bbox": {"xmin": 3, "ymin": 46, "ymax": 133, "xmax": 65}}, {"tid": 5, "generated": 0, "bbox": {"xmin": 43, "ymin": 55, "ymax": 124, "xmax": 115}}, {"tid": 6, "generated": 0, "bbox": {"xmin": 192, "ymin": 3, "ymax": 94, "xmax": 264}}], [{"tid": 0, "generated": 0, "bbox": {"xmin": 269, "ymin": 233, "ymax": 312, "xmax": 320}}, {"tid": 1, "generated": 0, "bbox": {"xmin": 0, "ymin": 146, "ymax": 359, "xmax": 157}}, {"tid": 2, "generated": 0, "bbox": {"xmin": 109, "ymin": 64, "ymax": 359, "xmax": 311}}, {"tid": 3, "generated": 0, "bbox": {"xmin": 221, "ymin": 96, "ymax": 359, "xmax": 481}}, {"tid": 4, "generated": 0, "bbox": {"xmin": 3, "ymin": 46, "ymax": 130, "xmax": 63}}, {"tid": 5, "generated": 0, "bbox": {"xmin": 41, "ymin": 55, "ymax": 124, "xmax": 113}}, {"tid": 6, "generated": 0, "bbox": {"xmin": 192, "ymin": 3, "ymax": 94, "xmax": 264}}], [{"tid": 0, "generated": 0, "bbox": {"xmin": 268, "ymin": 233, "ymax": 312, "xmax": 319}}, {"tid": 1, "generated": 0, "bbox": {"xmin": 0, "ymin": 148, "ymax": 359, "xmax": 156}}, {"tid": 2, "generated": 0, "bbox": {"xmin": 106, "ymin": 64, "ymax": 359, "xmax": 310}}, {"tid": 3, "generated": 0, "bbox": {"xmin": 218, "ymin": 95, "ymax": 359, "xmax": 482}}, {"tid": 4, "generated": 0, "bbox": {"xmin": 3, "ymin": 46, "ymax": 130, "xmax": 63}}, {"tid": 5, "generated": 0, "bbox": {"xmin": 42, "ymin": 56, "ymax": 124, "xmax": 113}}, {"tid": 6, "generated": 0, "bbox": {"xmin": 192, "ymin": 3, "ymax": 94, "xmax": 263}}], [{"tid": 0, "generated": 0, "bbox": {"xmin": 267, "ymin": 233, "ymax": 312, "xmax": 318}}, {"tid": 1, "generated": 0, "bbox": {"xmin": 0, "ymin": 149, "ymax": 359, "xmax": 157}}, {"tid": 2, "generated": 0, "bbox": {"xmin": 106, "ymin": 63, "ymax": 359, "xmax": 308}}, {"tid": 3, "generated": 0, "bbox": {"xmin": 216, "ymin": 95, "ymax": 359, "xmax": 480}}, {"tid": 4, "generated": 0, "bbox": {"xmin": 3, "ymin": 46, "ymax": 130, "xmax": 63}}, {"tid": 5, "generated": 0, "bbox": {"xmin": 43, "ymin": 56, "ymax": 124, "xmax": 113}}, {"tid": 6, "generated": 0, "bbox": {"xmin": 192, "ymin": 3, "ymax": 94, "xmax": 262}}], [{"tid": 0, "generated": 0, "bbox": {"xmin": 267, "ymin": 233, "ymax": 312, "xmax": 318}}, {"tid": 1, "generated": 0, "bbox": {"xmin": 0, "ymin": 150, "ymax": 359, "xmax": 154}}, {"tid": 2, "generated": 0, "bbox": {"xmin": 105, "ymin": 63, "ymax": 359, "xmax": 305}}, {"tid": 3, "generated": 0, "bbox": {"xmin": 216, "ymin": 95, "ymax": 359, "xmax": 481}}, {"tid": 4, "generated": 0, "bbox": {"xmin": 3, "ymin": 46, "ymax": 130, "xmax": 63}}, {"tid": 5, "generated": 0, "bbox": {"xmin": 45, "ymin": 57, "ymax": 124, "xmax": 113}}, {"tid": 6, "generated": 0, "bbox": {"xmin": 193, "ymin": 2, "ymax": 93, "xmax": 260}}], [{"tid": 0, "generated": 0, "bbox": {"xmin": 266, "ymin": 233, "ymax": 312, "xmax": 317}}, {"tid": 1, "generated": 0, "bbox": {"xmin": 0, "ymin": 150, "ymax": 359, "xmax": 152}}, {"tid": 2, "generated": 0, "bbox": {"xmin": 103, "ymin": 64, "ymax": 359, "xmax": 308}}, {"tid": 3, "generated": 0, "bbox": {"xmin": 216, "ymin": 94, "ymax": 359, "xmax": 480}}, {"tid": 4, "generated": 0, "bbox": {"xmin": 3, "ymin": 46, "ymax": 130, "xmax": 63}}, {"tid": 5, "generated": 0, "bbox": {"xmin": 46, "ymin": 57, "ymax": 124, "xmax": 113}}, {"tid": 6, "generated": 0, "bbox": {"xmin": 193, "ymin": 2, "ymax": 93, "xmax": 259}}], [{"tid": 0, "generated": 0, "bbox": {"xmin": 265, "ymin": 233, "ymax": 312, "xmax": 316}}, {"tid": 1, "generated": 0, "bbox": {"xmin": 0, "ymin": 150, "ymax": 359, "xmax": 152}}, {"tid": 2, "generated": 0, "bbox": {"xmin": 93, "ymin": 63, "ymax": 359, "xmax": 304}}, {"tid": 3, "generated": 0, "bbox": {"xmin": 216, "ymin": 93, "ymax": 359, "xmax": 479}}, {"tid": 4, "generated": 0, "bbox": {"xmin": 3, "ymin": 46, "ymax": 130, "xmax": 63}}, {"tid": 5, "generated": 0, "bbox": {"xmin": 47, "ymin": 58, "ymax": 124, "xmax": 113}}, {"tid": 6, "generated": 0, "bbox": {"xmin": 193, "ymin": 2, "ymax": 93, "xmax": 258}}], [{"tid": 0, "generated": 0, "bbox": {"xmin": 265, "ymin": 233, "ymax": 312, "xmax": 316}}, {"tid": 1, "generated": 0, "bbox": {"xmin": 0, "ymin": 150, "ymax": 359, "xmax": 152}}, {"tid": 2, "generated": 0, "bbox": {"xmin": 84, "ymin": 63, "ymax": 357, "xmax": 310}}, {"tid": 3, "generated": 0, "bbox": {"xmin": 216, "ymin": 92, "ymax": 359, "xmax": 478}}, {"tid": 4, "generated": 0, "bbox": {"xmin": 3, "ymin": 46, "ymax": 130, "xmax": 63}}, {"tid": 5, "generated": 0, "bbox": {"xmin": 47, "ymin": 59, "ymax": 124, "xmax": 113}}, {"tid": 6, "generated": 0, "bbox": {"xmin": 192, "ymin": 2, "ymax": 93, "xmax": 257}}], [{"tid": 0, "generated": 0, "bbox": {"xmin": 264, "ymin": 233, "ymax": 312, "xmax": 315}}, {"tid": 1, "generated": 0, "bbox": {"xmin": 0, "ymin": 150, "ymax": 359, "xmax": 151}}, {"tid": 2, "generated": 0, "bbox": {"xmin": 66, "ymin": 63, "ymax": 358, "xmax": 308}}, {"tid": 3, "generated": 0, "bbox": {"xmin": 216, "ymin": 90, "ymax": 359, "xmax": 479}}, {"tid": 4, "generated": 0, "bbox": {"xmin": 3, "ymin": 46, "ymax": 130, "xmax": 63}}, {"tid": 5, "generated": 0, "bbox": {"xmin": 47, "ymin": 60, "ymax": 124, "xmax": 113}}, {"tid": 6, "generated": 0, "bbox": {"xmin": 191, "ymin": 2, "ymax": 93, "xmax": 256}}], [{"tid": 0, "generated": 0, "bbox": {"xmin": 263, "ymin": 233, "ymax": 312, "xmax": 314}}, {"tid": 1, "generated": 0, "bbox": {"xmin": 0, "ymin": 150, "ymax": 359, "xmax": 150}}, {"tid": 2, "generated": 0, "bbox": {"xmin": 69, "ymin": 63, "ymax": 358, "xmax": 309}}, {"tid": 3, "generated": 0, "bbox": {"xmin": 216, "ymin": 89, "ymax": 359, "xmax": 477}}, {"tid": 4, "generated": 0, "bbox": {"xmin": 3, "ymin": 46, "ymax": 130, "xmax": 63}}, {"tid": 5, "generated": 0, "bbox": {"xmin": 47, "ymin": 60, "ymax": 124, "xmax": 113}}, {"tid": 6, "generated": 0, "bbox": {"xmin": 190, "ymin": 2, "ymax": 93, "xmax": 255}}], [{"tid": 0, "generated": 0, "bbox": {"xmin": 263, "ymin": 233, "ymax": 312, "xmax": 314}}, {"tid": 1, "generated": 0, "bbox": {"xmin": 0, "ymin": 150, "ymax": 359, "xmax": 150}}, {"tid": 2, "generated": 0, "bbox": {"xmin": 52, "ymin": 63, "ymax": 359, "xmax": 302}}, {"tid": 3, "generated": 0, "bbox": {"xmin": 216, "ymin": 88, "ymax": 359, "xmax": 480}}, {"tid": 4, "generated": 0, "bbox": {"xmin": 3, "ymin": 46, "ymax": 130, "xmax": 63}}, {"tid": 5, "generated": 0, "bbox": {"xmin": 47, "ymin": 61, "ymax": 124, "xmax": 113}}, {"tid": 6, "generated": 0, "bbox": {"xmin": 189, "ymin": 2, "ymax": 93, "xmax": 254}}], [{"tid": 0, "generated": 0, "bbox": {"xmin": 264, "ymin": 233, "ymax": 312, "xmax": 317}}, {"tid": 1, "generated": 0, "bbox": {"xmin": 0, "ymin": 150, "ymax": 359, "xmax": 151}}, {"tid": 2, "generated": 0, "bbox": {"xmin": 29, "ymin": 63, "ymax": 359, "xmax": 301}}, {"tid": 3, "generated": 0, "bbox": {"xmin": 210, "ymin": 88, "ymax": 359, "xmax": 487}}, {"tid": 4, "generated": 0, "bbox": {"xmin": 3, "ymin": 46, "ymax": 130, "xmax": 63}}, {"tid": 5, "generated": 0, "bbox": {"xmin": 47, "ymin": 62, "ymax": 124, "xmax": 113}}, {"tid": 6, "generated": 0, "bbox": {"xmin": 188, "ymin": 2, "ymax": 93, "xmax": 253}}], [{"tid": 0, "generated": 0, "bbox": {"xmin": 264, "ymin": 232, "ymax": 311, "xmax": 316}}, {"tid": 1, "generated": 0, "bbox": {"xmin": 0, "ymin": 150, "ymax": 359, "xmax": 150}}, {"tid": 2, "generated": 0, "bbox": {"xmin": 18, "ymin": 62, "ymax": 359, "xmax": 298}}, {"tid": 3, "generated": 0, "bbox": {"xmin": 204, "ymin": 88, "ymax": 359, "xmax": 497}}, {"tid": 4, "generated": 0, "bbox": {"xmin": 3, "ymin": 46, "ymax": 130, "xmax": 63}}, {"tid": 5, "generated": 0, "bbox": {"xmin": 47, "ymin": 62, "ymax": 124, "xmax": 113}}, {"tid": 6, "generated": 0, "bbox": {"xmin": 188, "ymin": 2, "ymax": 93, "xmax": 253}}], [{"tid": 0, "generated": 0, "bbox": {"xmin": 264, "ymin": 232, "ymax": 311, "xmax": 316}}, {"tid": 1, "generated": 0, "bbox": {"xmin": 0, "ymin": 150, "ymax": 359, "xmax": 149}}, {"tid": 2, "generated": 0, "bbox": {"xmin": 34, "ymin": 61, "ymax": 359, "xmax": 296}}, {"tid": 3, "generated": 0, "bbox": {"xmin": 199, "ymin": 88, "ymax": 359, "xmax": 500}}, {"tid": 4, "generated": 0, "bbox": {"xmin": 3, "ymin": 46, "ymax": 130, "xmax": 63}}, {"tid": 5, "generated": 0, "bbox": {"xmin": 47, "ymin": 62, "ymax": 124, "xmax": 113}}, {"tid": 6, "generated": 0, "bbox": {"xmin": 188, "ymin": 2, "ymax": 93, "xmax": 253}}], [{"tid": 0, "generated": 0, "bbox": {"xmin": 264, "ymin": 232, "ymax": 310, "xmax": 316}}, {"tid": 1, "generated": 0, "bbox": {"xmin": 0, "ymin": 150, "ymax": 359, "xmax": 148}}, {"tid": 2, "generated": 0, "bbox": {"xmin": 56, "ymin": 60, "ymax": 359, "xmax": 302}}, {"tid": 3, "generated": 0, "bbox": {"xmin": 192, "ymin": 88, "ymax": 357, "xmax": 509}}, {"tid": 4, "generated": 0, "bbox": {"xmin": 3, "ymin": 46, "ymax": 130, "xmax": 63}}, {"tid": 5, "generated": 0, "bbox": {"xmin": 47, "ymin": 62, "ymax": 124, "xmax": 113}}, {"tid": 6, "generated": 0, "bbox": {"xmin": 188, "ymin": 2, "ymax": 93, "xmax": 253}}], [{"tid": 0, "generated": 0, "bbox": {"xmin": 264, "ymin": 231, "ymax": 310, "xmax": 315}}, {"tid": 1, "generated": 0, "bbox": {"xmin": 0, "ymin": 150, "ymax": 359, "xmax": 147}}, {"tid": 2, "generated": 0, "bbox": {"xmin": 52, "ymin": 58, "ymax": 354, "xmax": 302}}, {"tid": 3, "generated": 0, "bbox": {"xmin": 201, "ymin": 88, "ymax": 357, "xmax": 511}}, {"tid": 4, "generated": 0, "bbox": {"xmin": 3, "ymin": 46, "ymax": 130, "xmax": 63}}, {"tid": 5, "generated": 0, "bbox": {"xmin": 47, "ymin": 62, "ymax": 124, "xmax": 113}}, {"tid": 6, "generated": 0, "bbox": {"xmin": 188, "ymin": 2, "ymax": 93, "xmax": 253}}], [{"tid": 0, "generated": 0, "bbox": {"xmin": 264, "ymin": 231, "ymax": 310, "xmax": 315}}, {"tid": 1, "generated": 0, "bbox": {"xmin": 0, "ymin": 151, "ymax": 359, "xmax": 146}}, {"tid": 2, "generated": 0, "bbox": {"xmin": 64, "ymin": 57, "ymax": 358, "xmax": 301}}, {"tid": 3, "generated": 0, "bbox": {"xmin": 189, "ymin": 88, "ymax": 354, "xmax": 508}}, {"tid": 4, "generated": 0, "bbox": {"xmin": 3, "ymin": 46, "ymax": 130, "xmax": 63}}, {"tid": 5, "generated": 0, "bbox": {"xmin": 47, "ymin": 62, "ymax": 124, "xmax": 113}}, {"tid": 6, "generated": 0, "bbox": {"xmin": 188, "ymin": 2, "ymax": 93, "xmax": 253}}], [{"tid": 0, "generated": 0, "bbox": {"xmin": 264, "ymin": 231, "ymax": 309, "xmax": 315}}, {"tid": 1, "generated": 0, "bbox": {"xmin": 0, "ymin": 152, "ymax": 359, "xmax": 145}}, {"tid": 2, "generated": 0, "bbox": {"xmin": 64, "ymin": 57, "ymax": 359, "xmax": 300}}, {"tid": 3, "generated": 0, "bbox": {"xmin": 192, "ymin": 88, "ymax": 359, "xmax": 508}}, {"tid": 4, "generated": 0, "bbox": {"xmin": 3, "ymin": 46, "ymax": 130, "xmax": 61}}, {"tid": 5, "generated": 0, "bbox": {"xmin": 47, "ymin": 62, "ymax": 124, "xmax": 113}}, {"tid": 6, "generated": 0, "bbox": {"xmin": 187, "ymin": 2, "ymax": 93, "xmax": 252}}], [{"tid": 0, "generated": 0, "bbox": {"xmin": 264, "ymin": 230, "ymax": 309, "xmax": 314}}, {"tid": 1, "generated": 0, "bbox": {"xmin": 0, "ymin": 152, "ymax": 359, "xmax": 145}}, {"tid": 2, "generated": 0, "bbox": {"xmin": 72, "ymin": 57, "ymax": 359, "xmax": 298}}, {"tid": 3, "generated": 0, "bbox": {"xmin": 184, "ymin": 89, "ymax": 358, "xmax": 514}}, {"tid": 4, "generated": 0, "bbox": {"xmin": 3, "ymin": 46, "ymax": 130, "xmax": 59}}, {"tid": 5, "generated": 0, "bbox": {"xmin": 47, "ymin": 62, "ymax": 124, "xmax": 113}}, {"tid": 6, "generated": 0, "bbox": {"xmin": 186, "ymin": 2, "ymax": 93, "xmax": 251}}], [{"tid": 0, "generated": 0, "bbox": {"xmin": 264, "ymin": 230, "ymax": 308, "xmax": 314}}, {"tid": 1, "generated": 0, "bbox": {"xmin": 0, "ymin": 152, "ymax": 358, "xmax": 151}}, {"tid": 2, "generated": 0, "bbox": {"xmin": 73, "ymin": 57, "ymax": 359, "xmax": 298}}, {"tid": 3, "generated": 0, "bbox": {"xmin": 188, "ymin": 88, "ymax": 358, "xmax": 510}}, {"tid": 4, "generated": 0, "bbox": {"xmin": 3, "ymin": 46, "ymax": 130, "xmax": 57}}, {"tid": 5, "generated": 0, "bbox": {"xmin": 47, "ymin": 62, "ymax": 124, "xmax": 113}}, {"tid": 6, "generated": 0, "bbox": {"xmin": 186, "ymin": 1, "ymax": 92, "xmax": 251}}], [{"tid": 0, "generated": 0, "bbox": {"xmin": 264, "ymin": 230, "ymax": 308, "xmax": 314}}, {"tid": 1, "generated": 0, "bbox": {"xmin": 0, "ymin": 153, "ymax": 359, "xmax": 149}}, {"tid": 2, "generated": 0, "bbox": {"xmin": 72, "ymin": 57, "ymax": 359, "xmax": 303}}, {"tid": 3, "generated": 0, "bbox": {"xmin": 189, "ymin": 90, "ymax": 359, "xmax": 512}}, {"tid": 4, "generated": 0, "bbox": {"xmin": 3, "ymin": 46, "ymax": 130, "xmax": 55}}, {"tid": 5, "generated": 0, "bbox": {"xmin": 47, "ymin": 62, "ymax": 124, "xmax": 113}}, {"tid": 6, "generated": 0, "bbox": {"xmin": 185, "ymin": 1, "ymax": 92, "xmax": 250}}]], "subject/objects": [{"category": "car", "tid": 0}, {"category": "elephant", "tid": 1}, {"category": "elephant", "tid": 2}, {"category": "elephant", "tid": 3}, {"category": "person", "tid": 4}, {"category": "person", "tid": 5}, {"category": "person", "tid": 6}], "relation_instances": [{"end_fid": 30, "subject_tid": 0, "predicate": "stop_right", "begin_fid": 0, "object_tid": 1}, {"end_fid": 30, "subject_tid": 0, "predicate": "stop_behind", "begin_fid": 0, "object_tid": 1}, {"end_fid": 30, "subject_tid": 1, "predicate": "stand_front", "begin_fid": 0, "object_tid": 0}, {"end_fid": 30, "subject_tid": 1, "predicate": "stand_left", "begin_fid": 0, "object_tid": 0}, {"end_fid": 30, "subject_tid": 0, "predicate": "stop_behind", "begin_fid": 0, "object_tid": 2}, {"end_fid": 30, "subject_tid": 2, "predicate": "stand_front", "begin_fid": 0, "object_tid": 0}, {"end_fid": 30, "subject_tid": 0, "predicate": "stop_behind", "begin_fid": 0, "object_tid": 3}, {"end_fid": 30, "subject_tid": 0, "predicate": "stop_left", "begin_fid": 0, "object_tid": 3}, {"end_fid": 30, "subject_tid": 3, "predicate": "stand_front", "begin_fid": 0, "object_tid": 0}, {"end_fid": 30, "subject_tid": 3, "predicate": "stand_right", "begin_fid": 0, "object_tid": 0}, {"end_fid": 30, "subject_tid": 0, "predicate": "stop_right", "begin_fid": 0, "object_tid": 4}, {"end_fid": 30, "subject_tid": 0, "predicate": "stop_behind", "begin_fid": 0, "object_tid": 4}, {"end_fid": 30, "subject_tid": 0, "predicate": "stop_beneath", "begin_fid": 0, "object_tid": 4}, {"end_fid": 30, "subject_tid": 4, "predicate": "above", "begin_fid": 0, "object_tid": 0}, {"end_fid": 30, "subject_tid": 4, "predicate": "front", "begin_fid": 0, "object_tid": 0}, {"end_fid": 30, "subject_tid": 4, "predicate": "left", "begin_fid": 0, "object_tid": 0}, {"end_fid": 30, "subject_tid": 0, "predicate": "stop_right", "begin_fid": 0, "object_tid": 5}, {"end_fid": 30, "subject_tid": 0, "predicate": "stop_behind", "begin_fid": 0, "object_tid": 5}, {"end_fid": 30, "subject_tid": 0, "predicate": "stop_beneath", "begin_fid": 0, "object_tid": 5}, {"end_fid": 30, "subject_tid": 5, "predicate": "sit_above", "begin_fid": 0, "object_tid": 0}, {"end_fid": 30, "subject_tid": 5, "predicate": "sit_front", "begin_fid": 0, "object_tid": 0}, {"end_fid": 30, "subject_tid": 5, "predicate": "sit_left", "begin_fid": 0, "object_tid": 0}, {"end_fid": 30, "subject_tid": 0, "predicate": "stop_behind", "begin_fid": 0, "object_tid": 6}, {"end_fid": 30, "subject_tid": 0, "predicate": "stop_beneath", "begin_fid": 0, "object_tid": 6}, {"end_fid": 30, "subject_tid": 6, "predicate": "sit_above", "begin_fid": 0, "object_tid": 0}, {"end_fid": 30, "subject_tid": 6, "predicate": "sit_front", "begin_fid": 0, "object_tid": 0}, {"end_fid": 30, "subject_tid": 1, "predicate": "stand_next_to", "begin_fid": 0, "object_tid": 2}, {"end_fid": 30, "subject_tid": 1, "predicate": "stand_left", "begin_fid": 0, "object_tid": 2}, {"end_fid": 30, "subject_tid": 2, "predicate": "stand_next_to", "begin_fid": 0, "object_tid": 1}, {"end_fid": 30, "subject_tid": 2, "predicate": "stand_right", "begin_fid": 0, "object_tid": 1}, {"end_fid": 30, "subject_tid": 1, "predicate": "stand_left", "begin_fid": 0, "object_tid": 3}, {"end_fid": 30, "subject_tid": 3, "predicate": "stand_right", "begin_fid": 0, "object_tid": 1}, {"end_fid": 30, "subject_tid": 1, "predicate": "stand_beneath", "begin_fid": 0, "object_tid": 4}, {"end_fid": 30, "subject_tid": 1, "predicate": "larger", "begin_fid": 0, "object_tid": 4}, {"end_fid": 30, "subject_tid": 4, "predicate": "sit_above", "begin_fid": 0, "object_tid": 1}, {"end_fid": 30, "subject_tid": 4, "predicate": "ride", "begin_fid": 0, "object_tid": 1}, {"end_fid": 30, "subject_tid": 1, "predicate": "stand_beneath", "begin_fid": 0, "object_tid": 5}, {"end_fid": 30, "subject_tid": 1, "predicate": "larger", "begin_fid": 0, "object_tid": 5}, {"end_fid": 30, "subject_tid": 5, "predicate": "sit_above", "begin_fid": 0, "object_tid": 1}, {"end_fid": 30, "subject_tid": 1, "predicate": "stand_beneath", "begin_fid": 0, "object_tid": 6}, {"end_fid": 30, "subject_tid": 1, "predicate": "stand_left", "begin_fid": 0, "object_tid": 6}, {"end_fid": 30, "subject_tid": 1, "predicate": "larger", "begin_fid": 0, "object_tid": 6}, {"end_fid": 30, "subject_tid": 6, "predicate": "above", "begin_fid": 0, "object_tid": 1}, {"end_fid": 30, "subject_tid": 6, "predicate": "right", "begin_fid": 0, "object_tid": 1}, {"end_fid": 30, "subject_tid": 2, "predicate": "stand_next_to", "begin_fid": 0, "object_tid": 3}, {"end_fid": 30, "subject_tid": 2, "predicate": "stand_left", "begin_fid": 0, "object_tid": 3}, {"end_fid": 30, "subject_tid": 3, "predicate": "stand_next_to", "begin_fid": 0, "object_tid": 2}, {"end_fid": 30, "subject_tid": 3, "predicate": "stand_right", "begin_fid": 0, "object_tid": 2}, {"end_fid": 30, "subject_tid": 2, "predicate": "stand_right", "begin_fid": 0, "object_tid": 4}, {"end_fid": 30, "subject_tid": 2, "predicate": "stand_beneath", "begin_fid": 0, "object_tid": 4}, {"end_fid": 30, "subject_tid": 2, "predicate": "larger", "begin_fid": 0, "object_tid": 4}, {"end_fid": 30, "subject_tid": 4, "predicate": "above", "begin_fid": 0, "object_tid": 2}, {"end_fid": 30, "subject_tid": 4, "predicate": "left", "begin_fid": 0, "object_tid": 2}, {"end_fid": 30, "subject_tid": 2, "predicate": "stand_right", "begin_fid": 0, "object_tid": 5}, {"end_fid": 30, "subject_tid": 2, "predicate": "stand_beneath", "begin_fid": 0, "object_tid": 5}, {"end_fid": 30, "subject_tid": 2, "predicate": "larger", "begin_fid": 0, "object_tid": 5}, {"end_fid": 30, "subject_tid": 5, "predicate": "sit_above", "begin_fid": 0, "object_tid": 2}, {"end_fid": 30, "subject_tid": 5, "predicate": "sit_left", "begin_fid": 0, "object_tid": 2}, {"end_fid": 30, "subject_tid": 2, "predicate": "stand_beneath", "begin_fid": 0, "object_tid": 6}, {"end_fid": 30, "subject_tid": 2, "predicate": "larger", "begin_fid": 0, "object_tid": 6}, {"end_fid": 30, "subject_tid": 6, "predicate": "sit_above", "begin_fid": 0, "object_tid": 2}, {"end_fid": 30, "subject_tid": 6, "predicate": "ride", "begin_fid": 0, "object_tid": 2}, {"end_fid": 30, "subject_tid": 3, "predicate": "stand_right", "begin_fid": 0, "object_tid": 4}, {"end_fid": 30, "subject_tid": 3, "predicate": "stand_beneath", "begin_fid": 0, "object_tid": 4}, {"end_fid": 30, "subject_tid": 3, "predicate": "larger", "begin_fid": 0, "object_tid": 4}, {"end_fid": 30, "subject_tid": 4, "predicate": "above", "begin_fid": 0, "object_tid": 3}, {"end_fid": 30, "subject_tid": 4, "predicate": "left", "begin_fid": 0, "object_tid": 3}, {"end_fid": 30, "subject_tid": 3, "predicate": "stand_right", "begin_fid": 0, "object_tid": 5}, {"end_fid": 30, "subject_tid": 3, "predicate": "stand_beneath", "begin_fid": 0, "object_tid": 5}, {"end_fid": 30, "subject_tid": 3, "predicate": "larger", "begin_fid": 0, "object_tid": 5}, {"end_fid": 30, "subject_tid": 5, "predicate": "above", "begin_fid": 0, "object_tid": 3}, {"end_fid": 30, "subject_tid": 5, "predicate": "left", "begin_fid": 0, "object_tid": 3}, {"end_fid": 30, "subject_tid": 3, "predicate": "stand_right", "begin_fid": 0, "object_tid": 6}, {"end_fid": 30, "subject_tid": 3, "predicate": "stand_beneath", "begin_fid": 0, "object_tid": 6}, {"end_fid": 30, "subject_tid": 3, "predicate": "larger", "begin_fid": 0, "object_tid": 6}, {"end_fid": 30, "subject_tid": 6, "predicate": "above", "begin_fid": 0, "object_tid": 3}, {"end_fid": 30, "subject_tid": 6, "predicate": "left", "begin_fid": 0, "object_tid": 3}, {"end_fid": 30, "subject_tid": 4, "predicate": "sit_next_to", "begin_fid": 0, "object_tid": 5}, {"end_fid": 30, "subject_tid": 4, "predicate": "sit_front", "begin_fid": 0, "object_tid": 5}, {"end_fid": 30, "subject_tid": 5, "predicate": "sit_next_to", "begin_fid": 0, "object_tid": 4}, {"end_fid": 30, "subject_tid": 5, "predicate": "sit_behind", "begin_fid": 0, "object_tid": 4}, {"end_fid": 30, "subject_tid": 4, "predicate": "sit_left", "begin_fid": 0, "object_tid": 6}, {"end_fid": 30, "subject_tid": 6, "predicate": "sit_right", "begin_fid": 0, "object_tid": 4}, {"end_fid": 30, "subject_tid": 5, "predicate": "sit_left", "begin_fid": 0, "object_tid": 6}, {"end_fid": 30, "subject_tid": 6, "predicate": "sit_right", "begin_fid": 0, "object_tid": 5}], "height": 360}