{"width": 1280, "frame_count": 510, "video_id": "ILSVRC2015_train_00833003", "fps": 30, "trajectories": [[{"tid": 0, "generated": 0, "bbox": {"xmin": 506, "ymin": 375, "ymax": 400, "xmax": 563}}, {"tid": 1, "generated": 0, "bbox": {"xmin": 901, "ymin": 357, "ymax": 380, "xmax": 968}}, {"tid": 2, "generated": 0, "bbox": {"xmin": 997, "ymin": 236, "ymax": 359, "xmax": 1118}}], [{"tid": 0, "generated": 0, "bbox": {"xmin": 506, "ymin": 375, "ymax": 401, "xmax": 563}}, {"tid": 1, "generated": 0, "bbox": {"xmin": 901, "ymin": 357, "ymax": 380, "xmax": 968}}, {"tid": 2, "generated": 0, "bbox": {"xmin": 997, "ymin": 236, "ymax": 359, "xmax": 1118}}], [{"tid": 0, "generated": 0, "bbox": {"xmin": 506, "ymin": 376, "ymax": 403, "xmax": 565}}, {"tid": 1, "generated": 0, "bbox": {"xmin": 903, "ymin": 359, "ymax": 382, "xmax": 970}}, {"tid": 2, "generated": 0, "bbox": {"xmin": 999, "ymin": 238, "ymax": 360, "xmax": 1120}}], [{"tid": 0, "generated": 0, "bbox": {"xmin": 506, "ymin": 377, "ymax": 404, "xmax": 566}}, {"tid": 1, "generated": 0, "bbox": {"xmin": 903, "ymin": 360, "ymax": 384, "xmax": 970}}, {"tid": 2, "generated": 0, "bbox": {"xmin": 1000, "ymin": 240, "ymax": 362, "xmax": 1121}}], [{"tid": 0, "generated": 0, "bbox": {"xmin": 506, "ymin": 379, "ymax": 406, "xmax": 567}}, {"tid": 1, "generated": 0, "bbox": {"xmin": 904, "ymin": 360, "ymax": 385, "xmax": 972}}, {"tid": 2, "generated": 0, "bbox": {"xmin": 1000, "ymin": 241, "ymax": 364, "xmax": 1121}}], [{"tid": 0, "generated": 0, "bbox": {"xmin": 507, "ymin": 381, "ymax": 408, "xmax": 568}}, {"tid": 1, "generated": 0, "bbox": {"xmin": 906, "ymin": 362, "ymax": 387, "xmax": 972}}, {"tid": 2, "generated": 0, "bbox": {"xmin": 1002, "ymin": 243, "ymax": 366, "xmax": 1123}}], [{"tid": 0, "generated": 0, "bbox": {"xmin": 507, "ymin": 383, "ymax": 410, "xmax": 569}}, {"tid": 1, "generated": 0, "bbox": {"xmin": 906, "ymin": 364, "ymax": 389, "xmax": 974}}, {"tid": 2, "generated": 0, "bbox": {"xmin": 1004, "ymin": 243, "ymax": 366, "xmax": 1125}}], [{"tid": 0, "generated": 0, "bbox": {"xmin": 507, "ymin": 385, "ymax": 412, "xmax": 570}}, {"tid": 1, "generated": 0, "bbox": {"xmin": 908, "ymin": 364, "ymax": 391, "xmax": 974}}, {"tid": 2, "generated": 0, "bbox": {"xmin": 1004, "ymin": 245, "ymax": 368, "xmax": 1125}}], [{"tid": 0, "generated": 0, "bbox": {"xmin": 508, "ymin": 387, "ymax": 414, "xmax": 572}}, {"tid": 1, "generated": 0, "bbox": {"xmin": 908, "ymin": 366, "ymax": 392, "xmax": 976}}, {"tid": 2, "generated": 0, "bbox": {"xmin": 1006, "ymin": 247, "ymax": 369, "xmax": 1127}}], [{"tid": 0, "generated": 0, "bbox": {"xmin": 508, "ymin": 389, "ymax": 417, "xmax": 572}}, {"tid": 1, "generated": 0, "bbox": {"xmin": 910, "ymin": 368, "ymax": 394, "xmax": 976}}, {"tid": 2, "generated": 0, "bbox": {"xmin": 1008, "ymin": 248, "ymax": 371, "xmax": 1128}}], [{"tid": 0, "generated": 0, "bbox": {"xmin": 510, "ymin": 391, "ymax": 419, "xmax": 576}}, {"tid": 1, "generated": 0, "bbox": {"xmin": 912, "ymin": 369, "ymax": 396, "xmax": 977}}, {"tid": 2, "generated": 0, "bbox": {"xmin": 1009, "ymin": 250, "ymax": 373, "xmax": 1130}}], [{"tid": 0, "generated": 0, "bbox": {"xmin": 512, "ymin": 387, "ymax": 416, "xmax": 576}}, {"tid": 1, "generated": 0, "bbox": {"xmin": 912, "ymin": 368, "ymax": 392, "xmax": 977}}, {"tid": 2, "generated": 0, "bbox": {"xmin": 1009, "ymin": 247, "ymax": 369, "xmax": 1130}}], [{"tid": 0, "generated": 0, "bbox": {"xmin": 513, "ymin": 385, "ymax": 414, "xmax": 577}}, {"tid": 1, "generated": 0, "bbox": {"xmin": 912, "ymin": 371, "ymax": 398, "xmax": 976}}, {"tid": 2, "generated": 0, "bbox": {"xmin": 1011, "ymin": 245, "ymax": 368, "xmax": 1132}}], [{"tid": 0, "generated": 0, "bbox": {"xmin": 517, "ymin": 384, "ymax": 412, "xmax": 579}}, {"tid": 1, "generated": 0, "bbox": {"xmin": 915, "ymin": 371, "ymax": 398, "xmax": 977}}, {"tid": 2, "generated": 0, "bbox": {"xmin": 1013, "ymin": 243, "ymax": 366, "xmax": 1134}}], [{"tid": 0, "generated": 0, "bbox": {"xmin": 519, "ymin": 382, "ymax": 408, "xmax": 581}}, {"tid": 1, "generated": 0, "bbox": {"xmin": 915, "ymin": 371, "ymax": 392, "xmax": 972}}, {"tid": 2, "generated": 0, "bbox": {"xmin": 1015, "ymin": 241, "ymax": 364, "xmax": 1136}}], [{"tid": 0, "generated": 0, "bbox": {"xmin": 522, "ymin": 380, "ymax": 407, "xmax": 581}}, {"tid": 1, "generated": 0, "bbox": {"xmin": 917, "ymin": 360, "ymax": 385, "xmax": 977}}, {"tid": 2, "generated": 0, "bbox": {"xmin": 1016, "ymin": 240, "ymax": 362, "xmax": 1137}}], [{"tid": 0, "generated": 0, "bbox": {"xmin": 524, "ymin": 376, "ymax": 405, "xmax": 583}}, {"tid": 1, "generated": 0, "bbox": {"xmin": 919, "ymin": 359, "ymax": 384, "xmax": 977}}, {"tid": 2, "generated": 0, "bbox": {"xmin": 1016, "ymin": 238, "ymax": 360, "xmax": 1137}}], [{"tid": 0, "generated": 0, "bbox": {"xmin": 526, "ymin": 375, "ymax": 401, "xmax": 584}}, {"tid": 1, "generated": 0, "bbox": {"xmin": 919, "ymin": 357, "ymax": 382, "xmax": 977}}, {"tid": 2, "generated": 0, "bbox": {"xmin": 1018, "ymin": 236, "ymax": 359, "xmax": 1139}}], [{"tid": 0, "generated": 0, "bbox": {"xmin": 529, "ymin": 373, "ymax": 400, "xmax": 586}}, {"tid": 1, "generated": 0, "bbox": {"xmin": 920, "ymin": 355, "ymax": 380, "xmax": 977}}, {"tid": 2, "generated": 0, "bbox": {"xmin": 1020, "ymin": 234, "ymax": 357, "xmax": 1141}}], [{"tid": 0, "generated": 0, "bbox": {"xmin": 531, "ymin": 371, "ymax": 398, "xmax": 588}}, {"tid": 1, "generated": 0, "bbox": {"xmin": 924, "ymin": 355, "ymax": 375, "xmax": 968}}, {"tid": 2, "generated": 0, "bbox": {"xmin": 1022, "ymin": 232, "ymax": 355, "xmax": 1143}}], [{"tid": 0, "generated": 0, "bbox": {"xmin": 535, "ymin": 369, "ymax": 396, "xmax": 590}}, {"tid": 1, "generated": 0, "bbox": {"xmin": 924, "ymin": 353, "ymax": 376, "xmax": 977}}, {"tid": 2, "generated": 0, "bbox": {"xmin": 1024, "ymin": 231, "ymax": 353, "xmax": 1144}}], [{"tid": 0, "generated": 0, "bbox": {"xmin": 535, "ymin": 369, "ymax": 396, "xmax": 588}}, {"tid": 1, "generated": 0, "bbox": {"xmin": 924, "ymin": 353, "ymax": 376, "xmax": 977}}, {"tid": 2, "generated": 0, "bbox": {"xmin": 1025, "ymin": 231, "ymax": 353, "xmax": 1146}}], [{"tid": 0, "generated": 0, "bbox": {"xmin": 535, "ymin": 369, "ymax": 396, "xmax": 586}}, {"tid": 1, "generated": 0, "bbox": {"xmin": 924, "ymin": 353, "ymax": 378, "xmax": 977}}, {"tid": 2, "generated": 0, "bbox": {"xmin": 1027, "ymin": 231, "ymax": 353, "xmax": 1148}}], [{"tid": 0, "generated": 0, "bbox": {"xmin": 535, "ymin": 371, "ymax": 396, "xmax": 584}}, {"tid": 1, "generated": 0, "bbox": {"xmin": 926, "ymin": 353, "ymax": 378, "xmax": 977}}, {"tid": 2, "generated": 0, "bbox": {"xmin": 1029, "ymin": 232, "ymax": 355, "xmax": 1150}}], [{"tid": 0, "generated": 0, "bbox": {"xmin": 536, "ymin": 371, "ymax": 396, "xmax": 583}}, {"tid": 1, "generated": 0, "bbox": {"xmin": 926, "ymin": 353, "ymax": 380, "xmax": 977}}, {"tid": 2, "generated": 0, "bbox": {"xmin": 1031, "ymin": 232, "ymax": 355, "xmax": 1152}}], [{"tid": 0, "generated": 0, "bbox": {"xmin": 536, "ymin": 371, "ymax": 398, "xmax": 581}}, {"tid": 1, "generated": 0, "bbox": {"xmin": 928, "ymin": 355, "ymax": 380, "xmax": 977}}, {"tid": 2, "generated": 0, "bbox": {"xmin": 1034, "ymin": 232, "ymax": 355, "xmax": 1155}}], [{"tid": 0, "generated": 0, "bbox": {"xmin": 536, "ymin": 373, "ymax": 398, "xmax": 579}}, {"tid": 1, "generated": 0, "bbox": {"xmin": 928, "ymin": 355, "ymax": 382, "xmax": 977}}, {"tid": 2, "generated": 0, "bbox": {"xmin": 1036, "ymin": 234, "ymax": 357, "xmax": 1157}}], [{"tid": 0, "generated": 0, "bbox": {"xmin": 538, "ymin": 373, "ymax": 398, "xmax": 577}}, {"tid": 1, "generated": 0, "bbox": {"xmin": 928, "ymin": 355, "ymax": 382, "xmax": 977}}, {"tid": 2, "generated": 0, "bbox": {"xmin": 1038, "ymin": 234, "ymax": 357, "xmax": 1159}}], [{"tid": 0, "generated": 0, "bbox": {"xmin": 538, "ymin": 375, "ymax": 398, "xmax": 576}}, {"tid": 1, "generated": 0, "bbox": {"xmin": 935, "ymin": 359, "ymax": 385, "xmax": 984}}, {"tid": 2, "generated": 0, "bbox": {"xmin": 1034, "ymin": 236, "ymax": 359, "xmax": 1155}}], [{"tid": 0, "generated": 0, "bbox": {"xmin": 538, "ymin": 375, "ymax": 398, "xmax": 574}}, {"tid": 1, "generated": 0, "bbox": {"xmin": 929, "ymin": 355, "ymax": 384, "xmax": 977}}, {"tid": 2, "generated": 0, "bbox": {"xmin": 1029, "ymin": 238, "ymax": 360, "xmax": 1150}}], [], [], [], [], [], [], [], [], [], [], [], [], [], [], [], [], [], [], [], [], [], [], [], [], [], [], [], [], [], [], [], [], [], [], [], [], [], [], [], [], [], [], [], [], [], [], [], [], [], [], [], [], [], [], [], [], [], [], [], [], [], [], [], [], [], [], [], [], [], [], [], [], [], [], [], [], [], [], [], [], [], [], [], [], [], [], [], [], [], [], [], [], [], [], [], [], [], [], [], [], [], [], [], [], [], [], [], [], [], [], [], [], [], [], [], [], [], [], [], [], [], [], [], [], [], [], [], [], [], [], [], [], [], [], [], [], [], [], [], [], [], [], [], [], [], [], [], [], [], [], [{"tid": 1, "generated": 0, "bbox": {"xmin": 584, "ymin": 492, "ymax": 526, "xmax": 696}}, {"tid": 2, "generated": 0, "bbox": {"xmin": 677, "ymin": 387, "ymax": 506, "xmax": 794}}, {"tid": 3, "generated": 0, "bbox": {"xmin": 1038, "ymin": 503, "ymax": 522, "xmax": 1086}}], [{"tid": 1, "generated": 0, "bbox": {"xmin": 583, "ymin": 492, "ymax": 526, "xmax": 695}}, {"tid": 2, "generated": 0, "bbox": {"xmin": 675, "ymin": 389, "ymax": 508, "xmax": 792}}, {"tid": 3, "generated": 0, "bbox": {"xmin": 1036, "ymin": 504, "ymax": 524, "xmax": 1084}}], [{"tid": 1, "generated": 0, "bbox": {"xmin": 583, "ymin": 494, "ymax": 528, "xmax": 695}}, {"tid": 2, "generated": 0, "bbox": {"xmin": 675, "ymin": 391, "ymax": 510, "xmax": 792}}, {"tid": 3, "generated": 0, "bbox": {"xmin": 1034, "ymin": 506, "ymax": 526, "xmax": 1082}}], [{"tid": 1, "generated": 0, "bbox": {"xmin": 583, "ymin": 496, "ymax": 529, "xmax": 695}}, {"tid": 2, "generated": 0, "bbox": {"xmin": 677, "ymin": 398, "ymax": 517, "xmax": 794}}, {"tid": 3, "generated": 0, "bbox": {"xmin": 1034, "ymin": 508, "ymax": 528, "xmax": 1082}}], [{"tid": 1, "generated": 0, "bbox": {"xmin": 583, "ymin": 497, "ymax": 531, "xmax": 695}}, {"tid": 2, "generated": 0, "bbox": {"xmin": 673, "ymin": 396, "ymax": 513, "xmax": 791}}, {"tid": 3, "generated": 0, "bbox": {"xmin": 1032, "ymin": 510, "ymax": 529, "xmax": 1080}}], [{"tid": 1, "generated": 0, "bbox": {"xmin": 581, "ymin": 497, "ymax": 531, "xmax": 693}}, {"tid": 2, "generated": 0, "bbox": {"xmin": 673, "ymin": 396, "ymax": 515, "xmax": 791}}, {"tid": 3, "generated": 0, "bbox": {"xmin": 1032, "ymin": 512, "ymax": 531, "xmax": 1080}}], [{"tid": 1, "generated": 0, "bbox": {"xmin": 581, "ymin": 499, "ymax": 533, "xmax": 693}}, {"tid": 2, "generated": 0, "bbox": {"xmin": 673, "ymin": 398, "ymax": 517, "xmax": 791}}, {"tid": 3, "generated": 0, "bbox": {"xmin": 1031, "ymin": 513, "ymax": 533, "xmax": 1079}}], [{"tid": 1, "generated": 0, "bbox": {"xmin": 581, "ymin": 501, "ymax": 535, "xmax": 693}}, {"tid": 2, "generated": 0, "bbox": {"xmin": 672, "ymin": 400, "ymax": 519, "xmax": 789}}, {"tid": 3, "generated": 0, "bbox": {"xmin": 1029, "ymin": 515, "ymax": 535, "xmax": 1077}}], [{"tid": 1, "generated": 0, "bbox": {"xmin": 581, "ymin": 503, "ymax": 536, "xmax": 693}}, {"tid": 2, "generated": 0, "bbox": {"xmin": 672, "ymin": 401, "ymax": 520, "xmax": 789}}, {"tid": 3, "generated": 0, "bbox": {"xmin": 1029, "ymin": 517, "ymax": 536, "xmax": 1077}}], [{"tid": 1, "generated": 0, "bbox": {"xmin": 581, "ymin": 504, "ymax": 538, "xmax": 693}}, {"tid": 2, "generated": 0, "bbox": {"xmin": 672, "ymin": 405, "ymax": 524, "xmax": 789}}, {"tid": 3, "generated": 0, "bbox": {"xmin": 1027, "ymin": 519, "ymax": 538, "xmax": 1075}}], [{"tid": 1, "generated": 0, "bbox": {"xmin": 581, "ymin": 506, "ymax": 540, "xmax": 693}}, {"tid": 2, "generated": 0, "bbox": {"xmin": 672, "ymin": 407, "ymax": 526, "xmax": 789}}, {"tid": 3, "generated": 0, "bbox": {"xmin": 1027, "ymin": 522, "ymax": 542, "xmax": 1075}}], [{"tid": 1, "generated": 0, "bbox": {"xmin": 579, "ymin": 508, "ymax": 542, "xmax": 693}}, {"tid": 2, "generated": 0, "bbox": {"xmin": 664, "ymin": 410, "ymax": 529, "xmax": 782}}, {"tid": 3, "generated": 0, "bbox": {"xmin": 1029, "ymin": 528, "ymax": 551, "xmax": 1075}}], [{"tid": 1, "generated": 0, "bbox": {"xmin": 579, "ymin": 512, "ymax": 544, "xmax": 695}}, {"tid": 2, "generated": 0, "bbox": {"xmin": 668, "ymin": 416, "ymax": 535, "xmax": 785}}, {"tid": 3, "generated": 0, "bbox": {"xmin": 1029, "ymin": 529, "ymax": 549, "xmax": 1077}}], [{"tid": 1, "generated": 0, "bbox": {"xmin": 579, "ymin": 513, "ymax": 547, "xmax": 696}}, {"tid": 2, "generated": 0, "bbox": {"xmin": 666, "ymin": 416, "ymax": 535, "xmax": 784}}, {"tid": 3, "generated": 0, "bbox": {"xmin": 1029, "ymin": 536, "ymax": 556, "xmax": 1077}}], [{"tid": 1, "generated": 0, "bbox": {"xmin": 579, "ymin": 517, "ymax": 549, "xmax": 698}}, {"tid": 2, "generated": 0, "bbox": {"xmin": 670, "ymin": 421, "ymax": 540, "xmax": 787}}, {"tid": 3, "generated": 0, "bbox": {"xmin": 1029, "ymin": 540, "ymax": 560, "xmax": 1077}}], [{"tid": 1, "generated": 0, "bbox": {"xmin": 579, "ymin": 519, "ymax": 552, "xmax": 700}}, {"tid": 2, "generated": 0, "bbox": {"xmin": 673, "ymin": 421, "ymax": 540, "xmax": 791}}, {"tid": 3, "generated": 0, "bbox": {"xmin": 1031, "ymin": 545, "ymax": 565, "xmax": 1079}}], [{"tid": 1, "generated": 0, "bbox": {"xmin": 579, "ymin": 522, "ymax": 554, "xmax": 702}}, {"tid": 2, "generated": 0, "bbox": {"xmin": 675, "ymin": 426, "ymax": 545, "xmax": 792}}, {"tid": 3, "generated": 0, "bbox": {"xmin": 1040, "ymin": 549, "ymax": 568, "xmax": 1088}}], [{"tid": 1, "generated": 0, "bbox": {"xmin": 579, "ymin": 524, "ymax": 556, "xmax": 704}}, {"tid": 2, "generated": 0, "bbox": {"xmin": 682, "ymin": 428, "ymax": 547, "xmax": 800}}, {"tid": 3, "generated": 0, "bbox": {"xmin": 1040, "ymin": 552, "ymax": 572, "xmax": 1088}}], [{"tid": 1, "generated": 0, "bbox": {"xmin": 579, "ymin": 528, "ymax": 560, "xmax": 705}}, {"tid": 2, "generated": 0, "bbox": {"xmin": 679, "ymin": 432, "ymax": 551, "xmax": 796}}, {"tid": 3, "generated": 0, "bbox": {"xmin": 1040, "ymin": 554, "ymax": 576, "xmax": 1084}}], [{"tid": 1, "generated": 0, "bbox": {"xmin": 579, "ymin": 529, "ymax": 561, "xmax": 707}}, {"tid": 2, "generated": 0, "bbox": {"xmin": 686, "ymin": 433, "ymax": 552, "xmax": 803}}, {"tid": 3, "generated": 0, "bbox": {"xmin": 1038, "ymin": 554, "ymax": 574, "xmax": 1086}}], [{"tid": 1, "generated": 0, "bbox": {"xmin": 579, "ymin": 533, "ymax": 565, "xmax": 709}}, {"tid": 2, "generated": 0, "bbox": {"xmin": 682, "ymin": 433, "ymax": 552, "xmax": 800}}, {"tid": 3, "generated": 0, "bbox": {"xmin": 1040, "ymin": 558, "ymax": 577, "xmax": 1088}}], [{"tid": 1, "generated": 0, "bbox": {"xmin": 579, "ymin": 533, "ymax": 565, "xmax": 709}}, {"tid": 2, "generated": 0, "bbox": {"xmin": 682, "ymin": 433, "ymax": 552, "xmax": 800}}, {"tid": 3, "generated": 0, "bbox": {"xmin": 1040, "ymin": 558, "ymax": 577, "xmax": 1088}}], [{"tid": 1, "generated": 0, "bbox": {"xmin": 581, "ymin": 533, "ymax": 565, "xmax": 711}}, {"tid": 2, "generated": 0, "bbox": {"xmin": 686, "ymin": 439, "ymax": 556, "xmax": 801}}, {"tid": 3, "generated": 0, "bbox": {"xmin": 1040, "ymin": 558, "ymax": 577, "xmax": 1088}}], [{"tid": 1, "generated": 0, "bbox": {"xmin": 581, "ymin": 533, "ymax": 565, "xmax": 711}}, {"tid": 2, "generated": 0, "bbox": {"xmin": 684, "ymin": 433, "ymax": 552, "xmax": 801}}, {"tid": 3, "generated": 0, "bbox": {"xmin": 1040, "ymin": 560, "ymax": 579, "xmax": 1088}}], [{"tid": 1, "generated": 0, "bbox": {"xmin": 583, "ymin": 533, "ymax": 565, "xmax": 712}}, {"tid": 2, "generated": 0, "bbox": {"xmin": 684, "ymin": 433, "ymax": 552, "xmax": 801}}, {"tid": 3, "generated": 0, "bbox": {"xmin": 1040, "ymin": 560, "ymax": 579, "xmax": 1088}}], [{"tid": 1, "generated": 0, "bbox": {"xmin": 583, "ymin": 535, "ymax": 567, "xmax": 712}}, {"tid": 2, "generated": 0, "bbox": {"xmin": 686, "ymin": 437, "ymax": 554, "xmax": 801}}, {"tid": 3, "generated": 0, "bbox": {"xmin": 1041, "ymin": 561, "ymax": 581, "xmax": 1089}}], [{"tid": 1, "generated": 0, "bbox": {"xmin": 584, "ymin": 535, "ymax": 567, "xmax": 714}}, {"tid": 2, "generated": 0, "bbox": {"xmin": 686, "ymin": 439, "ymax": 554, "xmax": 801}}, {"tid": 3, "generated": 0, "bbox": {"xmin": 1041, "ymin": 561, "ymax": 581, "xmax": 1089}}], [{"tid": 1, "generated": 0, "bbox": {"xmin": 584, "ymin": 535, "ymax": 567, "xmax": 714}}, {"tid": 2, "generated": 0, "bbox": {"xmin": 686, "ymin": 439, "ymax": 554, "xmax": 801}}, {"tid": 3, "generated": 0, "bbox": {"xmin": 1041, "ymin": 561, "ymax": 581, "xmax": 1089}}], [{"tid": 1, "generated": 0, "bbox": {"xmin": 586, "ymin": 535, "ymax": 567, "xmax": 716}}, {"tid": 2, "generated": 0, "bbox": {"xmin": 688, "ymin": 435, "ymax": 554, "xmax": 805}}, {"tid": 3, "generated": 0, "bbox": {"xmin": 1041, "ymin": 563, "ymax": 583, "xmax": 1089}}], [{"tid": 1, "generated": 0, "bbox": {"xmin": 586, "ymin": 535, "ymax": 567, "xmax": 716}}, {"tid": 2, "generated": 0, "bbox": {"xmin": 688, "ymin": 435, "ymax": 554, "xmax": 805}}, {"tid": 3, "generated": 0, "bbox": {"xmin": 1041, "ymin": 563, "ymax": 583, "xmax": 1089}}], [], [], [], [], [], [], [], [], [], [], [], [], [], [], [], [], [], [], [], [], [], [], [], [], [], [], [], [], [], [], [], [], [], [], [], [], [], [], [], [], [], [], [], [], [], [], [], [], [], [], [], [], [], [], [], [], [], [], [], [], [], [], [], [], [], [], [], [], [], [], [], [], [], [], [], [], [], [], [], [], [], [], [], [], [], [], [], [], [], [], [], [], [], [], [], [], [], [], [], [], [], [], [], [], [], [], [], [], [], [], [], [], [], [], [], [], [], [], [], [], [], [], [], [], [], [], [], [], [], [], [], [], [], [], [], [], [], [], [], [], [], [], [], [], [], [], [], [], [], [], [], [], [], [], [], [], [], [], [], [], [], [], [], [], [], [], [], [], [], [], [], [], [], [], [], [], [], [], [], [], [], [], [], [], [], [], [], [], [], [], [], [], [], [], [], [], [], [], [], [], [], [], [], [], [], [], [], [], [], [], [{"tid": 2, "generated": 0, "bbox": {"xmin": 768, "ymin": 339, "ymax": 456, "xmax": 878}}, {"tid": 4, "generated": 0, "bbox": {"xmin": 828, "ymin": 446, "ymax": 467, "xmax": 892}}], [{"tid": 2, "generated": 0, "bbox": {"xmin": 766, "ymin": 334, "ymax": 460, "xmax": 880}}, {"tid": 4, "generated": 0, "bbox": {"xmin": 832, "ymin": 442, "ymax": 464, "xmax": 894}}], [{"tid": 2, "generated": 0, "bbox": {"xmin": 764, "ymin": 332, "ymax": 458, "xmax": 880}}, {"tid": 4, "generated": 0, "bbox": {"xmin": 835, "ymin": 439, "ymax": 460, "xmax": 897}}], [{"tid": 2, "generated": 0, "bbox": {"xmin": 762, "ymin": 327, "ymax": 453, "xmax": 880}}, {"tid": 4, "generated": 0, "bbox": {"xmin": 839, "ymin": 435, "ymax": 456, "xmax": 901}}], [{"tid": 2, "generated": 0, "bbox": {"xmin": 762, "ymin": 325, "ymax": 451, "xmax": 880}}, {"tid": 4, "generated": 0, "bbox": {"xmin": 844, "ymin": 432, "ymax": 453, "xmax": 904}}], [{"tid": 2, "generated": 0, "bbox": {"xmin": 762, "ymin": 321, "ymax": 448, "xmax": 881}}, {"tid": 4, "generated": 0, "bbox": {"xmin": 851, "ymin": 433, "ymax": 451, "xmax": 899}}], [{"tid": 2, "generated": 0, "bbox": {"xmin": 768, "ymin": 321, "ymax": 444, "xmax": 887}}, {"tid": 4, "generated": 0, "bbox": {"xmin": 855, "ymin": 432, "ymax": 453, "xmax": 903}}], [{"tid": 2, "generated": 0, "bbox": {"xmin": 771, "ymin": 318, "ymax": 439, "xmax": 888}}, {"tid": 4, "generated": 0, "bbox": {"xmin": 856, "ymin": 430, "ymax": 451, "xmax": 915}}], [{"tid": 2, "generated": 0, "bbox": {"xmin": 776, "ymin": 309, "ymax": 432, "xmax": 896}}, {"tid": 4, "generated": 0, "bbox": {"xmin": 860, "ymin": 419, "ymax": 439, "xmax": 917}}], [{"tid": 2, "generated": 0, "bbox": {"xmin": 780, "ymin": 305, "ymax": 430, "xmax": 901}}, {"tid": 4, "generated": 0, "bbox": {"xmin": 864, "ymin": 416, "ymax": 435, "xmax": 920}}], [{"tid": 2, "generated": 0, "bbox": {"xmin": 785, "ymin": 298, "ymax": 423, "xmax": 908}}, {"tid": 4, "generated": 0, "bbox": {"xmin": 869, "ymin": 414, "ymax": 433, "xmax": 924}}], [{"tid": 2, "generated": 0, "bbox": {"xmin": 792, "ymin": 289, "ymax": 416, "xmax": 915}}, {"tid": 4, "generated": 0, "bbox": {"xmin": 872, "ymin": 408, "ymax": 430, "xmax": 928}}], [{"tid": 2, "generated": 0, "bbox": {"xmin": 803, "ymin": 275, "ymax": 403, "xmax": 928}}, {"tid": 4, "generated": 0, "bbox": {"xmin": 878, "ymin": 405, "ymax": 426, "xmax": 933}}], [{"tid": 2, "generated": 0, "bbox": {"xmin": 810, "ymin": 266, "ymax": 400, "xmax": 935}}, {"tid": 4, "generated": 0, "bbox": {"xmin": 883, "ymin": 400, "ymax": 423, "xmax": 938}}], [{"tid": 2, "generated": 0, "bbox": {"xmin": 816, "ymin": 257, "ymax": 389, "xmax": 942}}, {"tid": 4, "generated": 0, "bbox": {"xmin": 888, "ymin": 396, "ymax": 419, "xmax": 944}}], [{"tid": 2, "generated": 0, "bbox": {"xmin": 823, "ymin": 252, "ymax": 385, "xmax": 951}}, {"tid": 4, "generated": 0, "bbox": {"xmin": 910, "ymin": 382, "ymax": 405, "xmax": 965}}], [{"tid": 2, "generated": 0, "bbox": {"xmin": 828, "ymin": 248, "ymax": 384, "xmax": 956}}, {"tid": 4, "generated": 0, "bbox": {"xmin": 915, "ymin": 376, "ymax": 401, "xmax": 970}}], [{"tid": 2, "generated": 0, "bbox": {"xmin": 830, "ymin": 247, "ymax": 384, "xmax": 958}}, {"tid": 4, "generated": 0, "bbox": {"xmin": 917, "ymin": 375, "ymax": 400, "xmax": 972}}], [{"tid": 2, "generated": 0, "bbox": {"xmin": 832, "ymin": 245, "ymax": 384, "xmax": 961}}, {"tid": 4, "generated": 0, "bbox": {"xmin": 919, "ymin": 378, "ymax": 405, "xmax": 974}}], [{"tid": 2, "generated": 0, "bbox": {"xmin": 833, "ymin": 243, "ymax": 384, "xmax": 963}}, {"tid": 4, "generated": 0, "bbox": {"xmin": 915, "ymin": 373, "ymax": 401, "xmax": 970}}], [{"tid": 2, "generated": 0, "bbox": {"xmin": 837, "ymin": 241, "ymax": 384, "xmax": 967}}, {"tid": 4, "generated": 0, "bbox": {"xmin": 920, "ymin": 369, "ymax": 398, "xmax": 976}}], [{"tid": 2, "generated": 0, "bbox": {"xmin": 837, "ymin": 241, "ymax": 384, "xmax": 967}}, {"tid": 4, "generated": 0, "bbox": {"xmin": 920, "ymin": 368, "ymax": 396, "xmax": 976}}], [{"tid": 2, "generated": 0, "bbox": {"xmin": 837, "ymin": 241, "ymax": 384, "xmax": 968}}, {"tid": 4, "generated": 0, "bbox": {"xmin": 920, "ymin": 366, "ymax": 394, "xmax": 977}}], [{"tid": 2, "generated": 0, "bbox": {"xmin": 839, "ymin": 241, "ymax": 384, "xmax": 970}}, {"tid": 4, "generated": 0, "bbox": {"xmin": 922, "ymin": 366, "ymax": 392, "xmax": 979}}], [{"tid": 2, "generated": 0, "bbox": {"xmin": 839, "ymin": 241, "ymax": 384, "xmax": 972}}, {"tid": 4, "generated": 0, "bbox": {"xmin": 929, "ymin": 369, "ymax": 398, "xmax": 981}}], [{"tid": 2, "generated": 0, "bbox": {"xmin": 840, "ymin": 241, "ymax": 384, "xmax": 974}}, {"tid": 4, "generated": 0, "bbox": {"xmin": 924, "ymin": 362, "ymax": 391, "xmax": 981}}], [{"tid": 2, "generated": 0, "bbox": {"xmin": 840, "ymin": 238, "ymax": 380, "xmax": 976}}, {"tid": 4, "generated": 0, "bbox": {"xmin": 924, "ymin": 362, "ymax": 389, "xmax": 983}}], [{"tid": 2, "generated": 0, "bbox": {"xmin": 842, "ymin": 236, "ymax": 378, "xmax": 977}}, {"tid": 4, "generated": 0, "bbox": {"xmin": 924, "ymin": 360, "ymax": 389, "xmax": 983}}], [{"tid": 2, "generated": 0, "bbox": {"xmin": 844, "ymin": 234, "ymax": 375, "xmax": 979}}, {"tid": 4, "generated": 0, "bbox": {"xmin": 926, "ymin": 360, "ymax": 387, "xmax": 984}}], [{"tid": 2, "generated": 0, "bbox": {"xmin": 846, "ymin": 232, "ymax": 373, "xmax": 981}}, {"tid": 4, "generated": 0, "bbox": {"xmin": 926, "ymin": 359, "ymax": 385, "xmax": 986}}]], "subject/objects": [{"category": "whale", "tid": 0}, {"category": "whale", "tid": 1}, {"category": "watercraft", "tid": 2}, {"category": "whale", "tid": 3}, {"category": "whale", "tid": 4}], "relation_instances": [{"end_fid": 30, "subject_tid": 0, "predicate": "swim_with", "begin_fid": 0, "object_tid": 1}, {"end_fid": 30, "subject_tid": 0, "predicate": "swim_left", "begin_fid": 0, "object_tid": 1}, {"end_fid": 30, "subject_tid": 1, "predicate": "swim_right", "begin_fid": 0, "object_tid": 0}, {"end_fid": 30, "subject_tid": 1, "predicate": "swim_with", "begin_fid": 0, "object_tid": 0}, {"end_fid": 30, "subject_tid": 0, "predicate": "swim_left", "begin_fid": 0, "object_tid": 2}, {"end_fid": 30, "subject_tid": 2, "predicate": "stop_right", "begin_fid": 0, "object_tid": 0}, {"end_fid": 30, "subject_tid": 1, "predicate": "swim_next_to", "begin_fid": 0, "object_tid": 2}, {"end_fid": 30, "subject_tid": 1, "predicate": "swim_left", "begin_fid": 0, "object_tid": 2}, {"end_fid": 30, "subject_tid": 2, "predicate": "stop_right", "begin_fid": 0, "object_tid": 1}, {"end_fid": 30, "subject_tid": 2, "predicate": "stop_next_to", "begin_fid": 0, "object_tid": 1}, {"end_fid": 210, "subject_tid": 1, "predicate": "swim_next_to", "begin_fid": 180, "object_tid": 2}, {"end_fid": 210, "subject_tid": 1, "predicate": "swim_front", "begin_fid": 180, "object_tid": 2}, {"end_fid": 210, "subject_tid": 1, "predicate": "swim_left", "begin_fid": 180, "object_tid": 2}, {"end_fid": 210, "subject_tid": 2, "predicate": "stop_right", "begin_fid": 180, "object_tid": 1}, {"end_fid": 210, "subject_tid": 2, "predicate": "stop_next_to", "begin_fid": 180, "object_tid": 1}, {"end_fid": 210, "subject_tid": 2, "predicate": "stop_behind", "begin_fid": 180, "object_tid": 1}, {"end_fid": 210, "subject_tid": 1, "predicate": "swim_with", "begin_fid": 180, "object_tid": 3}, {"end_fid": 210, "subject_tid": 1, "predicate": "swim_left", "begin_fid": 180, "object_tid": 3}, {"end_fid": 210, "subject_tid": 3, "predicate": "swim_right", "begin_fid": 180, "object_tid": 1}, {"end_fid": 210, "subject_tid": 3, "predicate": "swim_with", "begin_fid": 180, "object_tid": 1}, {"end_fid": 210, "subject_tid": 2, "predicate": "stop_left", "begin_fid": 180, "object_tid": 3}, {"end_fid": 210, "subject_tid": 3, "predicate": "swim_right", "begin_fid": 180, "object_tid": 2}, {"end_fid": 450, "subject_tid": 2, "predicate": "stop_behind", "begin_fid": 420, "object_tid": 4}, {"end_fid": 450, "subject_tid": 4, "predicate": "swim_front", "begin_fid": 420, "object_tid": 2}], "height": 720}