{"width": 1920, "frame_count": 80, "video_id": "ILSVRC2015_train_00265017", "fps": 25, "trajectories": [[], [], [], [], [], [], [], [], [], [], [], [], [], [], [], [], [], [], [], [], [], [], [], [], [], [], [], [], [], [], [{"tid": 1, "generated": 0, "bbox": {"xmin": 32, "ymin": 674, "ymax": 741, "xmax": 312}}, {"tid": 3, "generated": 0, "bbox": {"xmin": 132, "ymin": 926, "ymax": 1079, "xmax": 401}}], [{"tid": 1, "generated": 0, "bbox": {"xmin": 69, "ymin": 565, "ymax": 709, "xmax": 269}}, {"tid": 3, "generated": 0, "bbox": {"xmin": 101, "ymin": 850, "ymax": 1079, "xmax": 374}}], [{"tid": 1, "generated": 0, "bbox": {"xmin": 0, "ymin": 525, "ymax": 640, "xmax": 237}}, {"tid": 3, "generated": 0, "bbox": {"xmin": 69, "ymin": 775, "ymax": 1079, "xmax": 348}}], [{"tid": 1, "generated": 0, "bbox": {"xmin": 0, "ymin": 504, "ymax": 589, "xmax": 240}}, {"tid": 3, "generated": 0, "bbox": {"xmin": 38, "ymin": 699, "ymax": 1079, "xmax": 321}}], [{"tid": 1, "generated": 0, "bbox": {"xmin": 0, "ymin": 493, "ymax": 581, "xmax": 253}}, {"tid": 3, "generated": 0, "bbox": {"xmin": 7, "ymin": 624, "ymax": 1079, "xmax": 295}}], [{"tid": 1, "generated": 0, "bbox": {"xmin": 0, "ymin": 450, "ymax": 570, "xmax": 229}}, {"tid": 3, "generated": 0, "bbox": {"xmin": 14, "ymin": 585, "ymax": 1046, "xmax": 308}}], [{"tid": 1, "generated": 0, "bbox": {"xmin": 42, "ymin": 397, "ymax": 536, "xmax": 229}}, {"tid": 3, "generated": 0, "bbox": {"xmin": 21, "ymin": 546, "ymax": 1008, "xmax": 321}}], [{"tid": 1, "generated": 0, "bbox": {"xmin": 61, "ymin": 368, "ymax": 485, "xmax": 245}}, {"tid": 3, "generated": 0, "bbox": {"xmin": 28, "ymin": 506, "ymax": 969, "xmax": 335}}], [{"tid": 1, "generated": 0, "bbox": {"xmin": 122, "ymin": 312, "ymax": 392, "xmax": 242}}, {"tid": 3, "generated": 0, "bbox": {"xmin": 35, "ymin": 467, "ymax": 931, "xmax": 348}}], [{"tid": 1, "generated": 0, "bbox": {"xmin": 112, "ymin": 266, "ymax": 384, "xmax": 282}}, {"tid": 3, "generated": 0, "bbox": {"xmin": 42, "ymin": 428, "ymax": 892, "xmax": 361}}], [{"tid": 1, "generated": 0, "bbox": {"xmin": 170, "ymin": 208, "ymax": 354, "xmax": 328}}, {"tid": 3, "generated": 0, "bbox": {"xmin": 54, "ymin": 410, "ymax": 874, "xmax": 373}}], [{"tid": 1, "generated": 0, "bbox": {"xmin": 176, "ymin": 192, "ymax": 362, "xmax": 333}}, {"tid": 3, "generated": 0, "bbox": {"xmin": 65, "ymin": 392, "ymax": 856, "xmax": 384}}], [{"tid": 1, "generated": 0, "bbox": {"xmin": 197, "ymin": 178, "ymax": 365, "xmax": 341}}, {"tid": 3, "generated": 0, "bbox": {"xmin": 77, "ymin": 373, "ymax": 837, "xmax": 396}}], [{"tid": 1, "generated": 0, "bbox": {"xmin": 197, "ymin": 168, "ymax": 365, "xmax": 328}}, {"tid": 3, "generated": 0, "bbox": {"xmin": 88, "ymin": 355, "ymax": 819, "xmax": 407}}], [{"tid": 1, "generated": 0, "bbox": {"xmin": 216, "ymin": 162, "ymax": 376, "xmax": 352}}, {"tid": 3, "generated": 0, "bbox": {"xmin": 100, "ymin": 337, "ymax": 801, "xmax": 419}}], [{"tid": 0, "generated": 0, "bbox": {"xmin": 94, "ymin": 492, "ymax": 783, "xmax": 382}}, {"tid": 1, "generated": 0, "bbox": {"xmin": 210, "ymin": 149, "ymax": 381, "xmax": 360}}, {"tid": 3, "generated": 0, "bbox": {"xmin": 111, "ymin": 329, "ymax": 793, "xmax": 430}}], [{"tid": 0, "generated": 0, "bbox": {"xmin": 103, "ymin": 479, "ymax": 769, "xmax": 393}}, {"tid": 1, "generated": 0, "bbox": {"xmin": 245, "ymin": 157, "ymax": 365, "xmax": 362}}, {"tid": 3, "generated": 0, "bbox": {"xmin": 122, "ymin": 320, "ymax": 784, "xmax": 441}}], [{"tid": 0, "generated": 0, "bbox": {"xmin": 111, "ymin": 467, "ymax": 754, "xmax": 404}}, {"tid": 1, "generated": 0, "bbox": {"xmin": 253, "ymin": 162, "ymax": 373, "xmax": 370}}, {"tid": 3, "generated": 0, "bbox": {"xmin": 133, "ymin": 312, "ymax": 776, "xmax": 452}}], [{"tid": 0, "generated": 0, "bbox": {"xmin": 119, "ymin": 454, "ymax": 739, "xmax": 415}}, {"tid": 1, "generated": 0, "bbox": {"xmin": 261, "ymin": 160, "ymax": 368, "xmax": 378}}, {"tid": 3, "generated": 0, "bbox": {"xmin": 144, "ymin": 303, "ymax": 767, "xmax": 463}}], [{"tid": 0, "generated": 0, "bbox": {"xmin": 128, "ymin": 442, "ymax": 725, "xmax": 426}}, {"tid": 1, "generated": 0, "bbox": {"xmin": 258, "ymin": 153, "ymax": 358, "xmax": 385}}, {"tid": 3, "generated": 0, "bbox": {"xmin": 155, "ymin": 295, "ymax": 759, "xmax": 474}}], [{"tid": 0, "generated": 0, "bbox": {"xmin": 134, "ymin": 439, "ymax": 721, "xmax": 434}}, {"tid": 1, "generated": 0, "bbox": {"xmin": 256, "ymin": 146, "ymax": 349, "xmax": 392}}, {"tid": 3, "generated": 0, "bbox": {"xmin": 164, "ymin": 292, "ymax": 756, "xmax": 483}}], [{"tid": 0, "generated": 0, "bbox": {"xmin": 141, "ymin": 436, "ymax": 718, "xmax": 442}}, {"tid": 1, "generated": 0, "bbox": {"xmin": 261, "ymin": 149, "ymax": 346, "xmax": 397}}, {"tid": 3, "generated": 0, "bbox": {"xmin": 173, "ymin": 289, "ymax": 753, "xmax": 492}}], [{"tid": 0, "generated": 0, "bbox": {"xmin": 148, "ymin": 433, "ymax": 715, "xmax": 450}}, {"tid": 1, "generated": 0, "bbox": {"xmin": 277, "ymin": 154, "ymax": 346, "xmax": 410}}, {"tid": 3, "generated": 0, "bbox": {"xmin": 182, "ymin": 285, "ymax": 749, "xmax": 501}}], [{"tid": 0, "generated": 0, "bbox": {"xmin": 155, "ymin": 430, "ymax": 712, "xmax": 459}}, {"tid": 1, "generated": 0, "bbox": {"xmin": 288, "ymin": 157, "ymax": 330, "xmax": 424}}, {"tid": 3, "generated": 0, "bbox": {"xmin": 191, "ymin": 282, "ymax": 746, "xmax": 510}}], [{"tid": 0, "generated": 0, "bbox": {"xmin": 162, "ymin": 427, "ymax": 709, "xmax": 467}}, {"tid": 1, "generated": 0, "bbox": {"xmin": 293, "ymin": 157, "ymax": 298, "xmax": 445}}, {"tid": 3, "generated": 0, "bbox": {"xmin": 200, "ymin": 279, "ymax": 743, "xmax": 519}}], [{"tid": 0, "generated": 0, "bbox": {"xmin": 169, "ymin": 424, "ymax": 705, "xmax": 475}}, {"tid": 1, "generated": 0, "bbox": {"xmin": 325, "ymin": 154, "ymax": 288, "xmax": 456}}, {"tid": 3, "generated": 0, "bbox": {"xmin": 205, "ymin": 277, "ymax": 741, "xmax": 524}}], [{"tid": 0, "generated": 0, "bbox": {"xmin": 176, "ymin": 421, "ymax": 702, "xmax": 484}}, {"tid": 1, "generated": 0, "bbox": {"xmin": 346, "ymin": 146, "ymax": 296, "xmax": 474}}, {"tid": 3, "generated": 0, "bbox": {"xmin": 211, "ymin": 275, "ymax": 739, "xmax": 530}}], [{"tid": 0, "generated": 0, "bbox": {"xmin": 183, "ymin": 418, "ymax": 699, "xmax": 492}}, {"tid": 1, "generated": 0, "bbox": {"xmin": 351, "ymin": 157, "ymax": 297, "xmax": 489}}, {"tid": 3, "generated": 0, "bbox": {"xmin": 216, "ymin": 274, "ymax": 738, "xmax": 535}}], [{"tid": 0, "generated": 0, "bbox": {"xmin": 190, "ymin": 415, "ymax": 696, "xmax": 500}}, {"tid": 1, "generated": 0, "bbox": {"xmin": 356, "ymin": 169, "ymax": 299, "xmax": 504}}, {"tid": 3, "generated": 0, "bbox": {"xmin": 222, "ymin": 272, "ymax": 736, "xmax": 541}}], [{"tid": 0, "generated": 0, "bbox": {"xmin": 197, "ymin": 413, "ymax": 693, "xmax": 509}}, {"tid": 1, "generated": 0, "bbox": {"xmin": 362, "ymin": 181, "ymax": 301, "xmax": 520}}, {"tid": 3, "generated": 0, "bbox": {"xmin": 227, "ymin": 270, "ymax": 734, "xmax": 546}}], [{"tid": 0, "generated": 0, "bbox": {"xmin": 206, "ymin": 422, "ymax": 697, "xmax": 522}}, {"tid": 1, "generated": 0, "bbox": {"xmin": 373, "ymin": 200, "ymax": 301, "xmax": 562}}, {"tid": 3, "generated": 0, "bbox": {"xmin": 244, "ymin": 270, "ymax": 734, "xmax": 563}}], [{"tid": 0, "generated": 0, "bbox": {"xmin": 215, "ymin": 431, "ymax": 701, "xmax": 536}}, {"tid": 1, "generated": 0, "bbox": {"xmin": 389, "ymin": 218, "ymax": 304, "xmax": 584}}, {"tid": 3, "generated": 0, "bbox": {"xmin": 260, "ymin": 269, "ymax": 733, "xmax": 579}}], [{"tid": 0, "generated": 0, "bbox": {"xmin": 224, "ymin": 440, "ymax": 705, "xmax": 549}}, {"tid": 1, "generated": 0, "bbox": {"xmin": 412, "ymin": 220, "ymax": 303, "xmax": 600}}, {"tid": 3, "generated": 0, "bbox": {"xmin": 277, "ymin": 269, "ymax": 733, "xmax": 596}}], [{"tid": 0, "generated": 0, "bbox": {"xmin": 233, "ymin": 450, "ymax": 709, "xmax": 563}}, {"tid": 1, "generated": 0, "bbox": {"xmin": 435, "ymin": 222, "ymax": 302, "xmax": 616}}, {"tid": 3, "generated": 0, "bbox": {"xmin": 293, "ymin": 268, "ymax": 732, "xmax": 612}}], [{"tid": 0, "generated": 0, "bbox": {"xmin": 242, "ymin": 459, "ymax": 713, "xmax": 577}}, {"tid": 1, "generated": 0, "bbox": {"xmin": 458, "ymin": 224, "ymax": 301, "xmax": 632}}, {"tid": 3, "generated": 0, "bbox": {"xmin": 310, "ymin": 268, "ymax": 732, "xmax": 629}}], [{"tid": 0, "generated": 0, "bbox": {"xmin": 251, "ymin": 468, "ymax": 717, "xmax": 590}}, {"tid": 1, "generated": 0, "bbox": {"xmin": 474, "ymin": 226, "ymax": 310, "xmax": 648}}, {"tid": 3, "generated": 0, "bbox": {"xmin": 319, "ymin": 288, "ymax": 729, "xmax": 639}}], [{"tid": 0, "generated": 0, "bbox": {"xmin": 260, "ymin": 478, "ymax": 721, "xmax": 604}}, {"tid": 1, "generated": 0, "bbox": {"xmin": 490, "ymin": 229, "ymax": 319, "xmax": 665}}, {"tid": 3, "generated": 0, "bbox": {"xmin": 328, "ymin": 307, "ymax": 726, "xmax": 650}}], [{"tid": 0, "generated": 0, "bbox": {"xmin": 269, "ymin": 487, "ymax": 725, "xmax": 617}}, {"tid": 1, "generated": 0, "bbox": {"xmin": 506, "ymin": 232, "ymax": 328, "xmax": 682}}, {"tid": 3, "generated": 0, "bbox": {"xmin": 337, "ymin": 327, "ymax": 723, "xmax": 660}}], [{"tid": 0, "generated": 0, "bbox": {"xmin": 278, "ymin": 496, "ymax": 729, "xmax": 631}}, {"tid": 1, "generated": 0, "bbox": {"xmin": 554, "ymin": 253, "ymax": 328, "xmax": 722}}, {"tid": 3, "generated": 0, "bbox": {"xmin": 346, "ymin": 346, "ymax": 720, "xmax": 671}}], [{"tid": 0, "generated": 0, "bbox": {"xmin": 288, "ymin": 506, "ymax": 733, "xmax": 645}}, {"tid": 1, "generated": 0, "bbox": {"xmin": 565, "ymin": 245, "ymax": 320, "xmax": 754}}, {"tid": 3, "generated": 0, "bbox": {"xmin": 355, "ymin": 366, "ymax": 717, "xmax": 681}}], [{"tid": 0, "generated": 0, "bbox": {"xmin": 288, "ymin": 506, "ymax": 733, "xmax": 645}}, {"tid": 1, "generated": 0, "bbox": {"xmin": 578, "ymin": 237, "ymax": 312, "xmax": 768}}, {"tid": 3, "generated": 0, "bbox": {"xmin": 351, "ymin": 373, "ymax": 713, "xmax": 677}}], [{"tid": 0, "generated": 0, "bbox": {"xmin": 278, "ymin": 512, "ymax": 734, "xmax": 634}}, {"tid": 1, "generated": 0, "bbox": {"xmin": 554, "ymin": 223, "ymax": 292, "xmax": 757}}, {"tid": 3, "generated": 0, "bbox": {"xmin": 347, "ymin": 380, "ymax": 708, "xmax": 673}}], [{"tid": 0, "generated": 0, "bbox": {"xmin": 268, "ymin": 518, "ymax": 735, "xmax": 623}}, {"tid": 1, "generated": 0, "bbox": {"xmin": 530, "ymin": 210, "ymax": 272, "xmax": 746}}, {"tid": 3, "generated": 0, "bbox": {"xmin": 342, "ymin": 386, "ymax": 704, "xmax": 668}}], [{"tid": 0, "generated": 0, "bbox": {"xmin": 258, "ymin": 525, "ymax": 736, "xmax": 613}}, {"tid": 1, "generated": 0, "bbox": {"xmin": 506, "ymin": 182, "ymax": 245, "xmax": 734}}, {"tid": 3, "generated": 0, "bbox": {"xmin": 338, "ymin": 393, "ymax": 699, "xmax": 664}}], [{"tid": 0, "generated": 0, "bbox": {"xmin": 224, "ymin": 528, "ymax": 733, "xmax": 578}}, {"tid": 1, "generated": 0, "bbox": {"xmin": 482, "ymin": 154, "ymax": 218, "xmax": 722}}, {"tid": 3, "generated": 0, "bbox": {"xmin": 334, "ymin": 400, "ymax": 695, "xmax": 660}}]], "subject/objects": [{"category": "bicycle", "tid": 0}, {"category": "bird", "tid": 1}, {"category": "person", "tid": 3}], "relation_instances": [{"end_fid": 60, "subject_tid": 1, "predicate": "fly_above", "begin_fid": 30, "object_tid": 3}, {"end_fid": 60, "subject_tid": 3, "predicate": "beneath", "begin_fid": 30, "object_tid": 1}, {"end_fid": 75, "subject_tid": 0, "predicate": "move_beneath", "begin_fid": 45, "object_tid": 1}, {"end_fid": 75, "subject_tid": 1, "predicate": "fly_above", "begin_fid": 45, "object_tid": 0}, {"end_fid": 75, "subject_tid": 0, "predicate": "move_beneath", "begin_fid": 45, "object_tid": 3}, {"end_fid": 75, "subject_tid": 3, "predicate": "sit_above", "begin_fid": 45, "object_tid": 0}, {"end_fid": 75, "subject_tid": 3, "predicate": "ride", "begin_fid": 45, "object_tid": 0}, {"end_fid": 75, "subject_tid": 1, "predicate": "fly_above", "begin_fid": 45, "object_tid": 3}, {"end_fid": 75, "subject_tid": 3, "predicate": "beneath", "begin_fid": 45, "object_tid": 1}], "height": 1080}