{"width": 1280, "frame_count": 131, "video_id": "ILSVRC2015_train_00256001", "fps": 30, "trajectories": [[{"tid": 0, "generated": 0, "bbox": {"xmin": 1, "ymin": 1, "ymax": 718, "xmax": 584}}, {"tid": 1, "generated": 0, "bbox": {"xmin": 396, "ymin": 144, "ymax": 716, "xmax": 1034}}], [{"tid": 0, "generated": 0, "bbox": {"xmin": 1, "ymin": 1, "ymax": 718, "xmax": 590}}, {"tid": 1, "generated": 0, "bbox": {"xmin": 398, "ymin": 143, "ymax": 715, "xmax": 1034}}], [{"tid": 0, "generated": 0, "bbox": {"xmin": 1, "ymin": 1, "ymax": 718, "xmax": 597}}, {"tid": 1, "generated": 0, "bbox": {"xmin": 401, "ymin": 143, "ymax": 715, "xmax": 1034}}], [{"tid": 0, "generated": 0, "bbox": {"xmin": 1, "ymin": 1, "ymax": 718, "xmax": 604}}, {"tid": 1, "generated": 0, "bbox": {"xmin": 404, "ymin": 142, "ymax": 714, "xmax": 1034}}], [{"tid": 0, "generated": 0, "bbox": {"xmin": 1, "ymin": 1, "ymax": 718, "xmax": 611}}, {"tid": 1, "generated": 0, "bbox": {"xmin": 407, "ymin": 142, "ymax": 714, "xmax": 1034}}], [{"tid": 0, "generated": 0, "bbox": {"xmin": 1, "ymin": 1, "ymax": 718, "xmax": 618}}, {"tid": 1, "generated": 0, "bbox": {"xmin": 410, "ymin": 142, "ymax": 714, "xmax": 1034}}], [{"tid": 0, "generated": 0, "bbox": {"xmin": 1, "ymin": 1, "ymax": 718, "xmax": 626}}, {"tid": 1, "generated": 0, "bbox": {"xmin": 416, "ymin": 142, "ymax": 714, "xmax": 1036}}], [{"tid": 0, "generated": 0, "bbox": {"xmin": 1, "ymin": 1, "ymax": 718, "xmax": 634}}, {"tid": 1, "generated": 0, "bbox": {"xmin": 422, "ymin": 143, "ymax": 714, "xmax": 1039}}], [{"tid": 0, "generated": 0, "bbox": {"xmin": 1, "ymin": 1, "ymax": 718, "xmax": 642}}, {"tid": 1, "generated": 0, "bbox": {"xmin": 428, "ymin": 143, "ymax": 715, "xmax": 1042}}], [{"tid": 0, "generated": 0, "bbox": {"xmin": 1, "ymin": 1, "ymax": 718, "xmax": 650}}, {"tid": 1, "generated": 0, "bbox": {"xmin": 434, "ymin": 144, "ymax": 715, "xmax": 1045}}], [{"tid": 0, "generated": 0, "bbox": {"xmin": 1, "ymin": 1, "ymax": 718, "xmax": 659}}, {"tid": 1, "generated": 0, "bbox": {"xmin": 440, "ymin": 145, "ymax": 716, "xmax": 1048}}], [{"tid": 0, "generated": 0, "bbox": {"xmin": 1, "ymin": 1, "ymax": 718, "xmax": 654}}, {"tid": 1, "generated": 0, "bbox": {"xmin": 436, "ymin": 146, "ymax": 716, "xmax": 1040}}], [{"tid": 0, "generated": 0, "bbox": {"xmin": 1, "ymin": 1, "ymax": 718, "xmax": 649}}, {"tid": 1, "generated": 0, "bbox": {"xmin": 433, "ymin": 148, "ymax": 716, "xmax": 1033}}], [{"tid": 0, "generated": 0, "bbox": {"xmin": 1, "ymin": 1, "ymax": 718, "xmax": 645}}, {"tid": 1, "generated": 0, "bbox": {"xmin": 430, "ymin": 150, "ymax": 716, "xmax": 1025}}], [{"tid": 0, "generated": 0, "bbox": {"xmin": 1, "ymin": 1, "ymax": 718, "xmax": 640}}, {"tid": 1, "generated": 0, "bbox": {"xmin": 427, "ymin": 152, "ymax": 716, "xmax": 1018}}], [{"tid": 0, "generated": 0, "bbox": {"xmin": 1, "ymin": 1, "ymax": 718, "xmax": 636}}, {"tid": 1, "generated": 0, "bbox": {"xmin": 424, "ymin": 154, "ymax": 716, "xmax": 1011}}], [{"tid": 0, "generated": 0, "bbox": {"xmin": 1, "ymin": 1, "ymax": 718, "xmax": 632}}, {"tid": 1, "generated": 0, "bbox": {"xmin": 416, "ymin": 154, "ymax": 716, "xmax": 1005}}], [{"tid": 0, "generated": 0, "bbox": {"xmin": 1, "ymin": 1, "ymax": 718, "xmax": 628}}, {"tid": 1, "generated": 0, "bbox": {"xmin": 409, "ymin": 154, "ymax": 716, "xmax": 1000}}], [{"tid": 0, "generated": 0, "bbox": {"xmin": 1, "ymin": 1, "ymax": 718, "xmax": 625}}, {"tid": 1, "generated": 0, "bbox": {"xmin": 401, "ymin": 154, "ymax": 716, "xmax": 994}}], [{"tid": 0, "generated": 0, "bbox": {"xmin": 1, "ymin": 1, "ymax": 718, "xmax": 621}}, {"tid": 1, "generated": 0, "bbox": {"xmin": 394, "ymin": 154, "ymax": 716, "xmax": 989}}], [{"tid": 0, "generated": 0, "bbox": {"xmin": 1, "ymin": 1, "ymax": 718, "xmax": 618}}, {"tid": 1, "generated": 0, "bbox": {"xmin": 387, "ymin": 154, "ymax": 716, "xmax": 984}}], [{"tid": 0, "generated": 0, "bbox": {"xmin": 1, "ymin": 1, "ymax": 718, "xmax": 616}}, {"tid": 1, "generated": 0, "bbox": {"xmin": 384, "ymin": 153, "ymax": 716, "xmax": 981}}], [{"tid": 0, "generated": 0, "bbox": {"xmin": 1, "ymin": 1, "ymax": 718, "xmax": 614}}, {"tid": 1, "generated": 0, "bbox": {"xmin": 382, "ymin": 152, "ymax": 716, "xmax": 978}}], [{"tid": 0, "generated": 0, "bbox": {"xmin": 1, "ymin": 1, "ymax": 718, "xmax": 613}}, {"tid": 1, "generated": 0, "bbox": {"xmin": 379, "ymin": 151, "ymax": 716, "xmax": 976}}], [{"tid": 0, "generated": 0, "bbox": {"xmin": 1, "ymin": 1, "ymax": 718, "xmax": 611}}, {"tid": 1, "generated": 0, "bbox": {"xmin": 377, "ymin": 151, "ymax": 716, "xmax": 973}}], [{"tid": 0, "generated": 0, "bbox": {"xmin": 1, "ymin": 1, "ymax": 718, "xmax": 610}}, {"tid": 1, "generated": 0, "bbox": {"xmin": 374, "ymin": 150, "ymax": 716, "xmax": 971}}], [{"tid": 0, "generated": 0, "bbox": {"xmin": 1, "ymin": 1, "ymax": 718, "xmax": 608}}, {"tid": 1, "generated": 0, "bbox": {"xmin": 372, "ymin": 149, "ymax": 716, "xmax": 968}}], [{"tid": 0, "generated": 0, "bbox": {"xmin": 1, "ymin": 1, "ymax": 718, "xmax": 606}}, {"tid": 1, "generated": 0, "bbox": {"xmin": 369, "ymin": 149, "ymax": 716, "xmax": 965}}], [{"tid": 0, "generated": 0, "bbox": {"xmin": 1, "ymin": 1, "ymax": 718, "xmax": 605}}, {"tid": 1, "generated": 0, "bbox": {"xmin": 367, "ymin": 148, "ymax": 716, "xmax": 963}}], [{"tid": 0, "generated": 0, "bbox": {"xmin": 1, "ymin": 1, "ymax": 718, "xmax": 603}}, {"tid": 1, "generated": 0, "bbox": {"xmin": 364, "ymin": 147, "ymax": 716, "xmax": 960}}], [], [], [], [], [], [], [], [], [], [], [], [], [], [], [], [], [], [], [], [], [], [], [], [], [], [], [], [], [], [], [], [], [], [], [], [], [], [], [], [], [], [], [], [], [], [], [], [], [], [], [], [], [], [], [], [], [], [], [], [], [{"tid": 0, "generated": 0, "bbox": {"xmin": 1, "ymin": 1, "ymax": 718, "xmax": 657}}, {"tid": 1, "generated": 0, "bbox": {"xmin": 353, "ymin": 165, "ymax": 716, "xmax": 878}}], [{"tid": 0, "generated": 0, "bbox": {"xmin": 1, "ymin": 1, "ymax": 717, "xmax": 654}}, {"tid": 1, "generated": 0, "bbox": {"xmin": 350, "ymin": 167, "ymax": 715, "xmax": 876}}], [{"tid": 0, "generated": 0, "bbox": {"xmin": 1, "ymin": 1, "ymax": 717, "xmax": 651}}, {"tid": 1, "generated": 0, "bbox": {"xmin": 347, "ymin": 169, "ymax": 715, "xmax": 874}}], [{"tid": 0, "generated": 0, "bbox": {"xmin": 1, "ymin": 1, "ymax": 716, "xmax": 648}}, {"tid": 1, "generated": 0, "bbox": {"xmin": 344, "ymin": 171, "ymax": 714, "xmax": 872}}], [{"tid": 0, "generated": 0, "bbox": {"xmin": 1, "ymin": 1, "ymax": 716, "xmax": 645}}, {"tid": 1, "generated": 0, "bbox": {"xmin": 341, "ymin": 173, "ymax": 714, "xmax": 870}}], [{"tid": 0, "generated": 0, "bbox": {"xmin": 1, "ymin": 1, "ymax": 716, "xmax": 642}}, {"tid": 1, "generated": 0, "bbox": {"xmin": 339, "ymin": 175, "ymax": 714, "xmax": 868}}], [{"tid": 0, "generated": 0, "bbox": {"xmin": 1, "ymin": 1, "ymax": 715, "xmax": 639}}, {"tid": 1, "generated": 0, "bbox": {"xmin": 336, "ymin": 177, "ymax": 713, "xmax": 866}}], [{"tid": 0, "generated": 0, "bbox": {"xmin": 1, "ymin": 1, "ymax": 715, "xmax": 636}}, {"tid": 1, "generated": 0, "bbox": {"xmin": 333, "ymin": 179, "ymax": 713, "xmax": 864}}], [{"tid": 0, "generated": 0, "bbox": {"xmin": 1, "ymin": 1, "ymax": 714, "xmax": 633}}, {"tid": 1, "generated": 0, "bbox": {"xmin": 330, "ymin": 181, "ymax": 712, "xmax": 862}}], [{"tid": 0, "generated": 0, "bbox": {"xmin": 1, "ymin": 1, "ymax": 714, "xmax": 630}}, {"tid": 1, "generated": 0, "bbox": {"xmin": 327, "ymin": 183, "ymax": 712, "xmax": 860}}], [{"tid": 0, "generated": 0, "bbox": {"xmin": 1, "ymin": 1, "ymax": 714, "xmax": 627}}, {"tid": 1, "generated": 0, "bbox": {"xmin": 325, "ymin": 186, "ymax": 712, "xmax": 858}}], [{"tid": 0, "generated": 0, "bbox": {"xmin": 1, "ymin": 1, "ymax": 713, "xmax": 626}}, {"tid": 1, "generated": 0, "bbox": {"xmin": 324, "ymin": 186, "ymax": 712, "xmax": 855}}], [{"tid": 0, "generated": 0, "bbox": {"xmin": 1, "ymin": 1, "ymax": 713, "xmax": 625}}, {"tid": 1, "generated": 0, "bbox": {"xmin": 323, "ymin": 187, "ymax": 712, "xmax": 852}}], [{"tid": 0, "generated": 0, "bbox": {"xmin": 1, "ymin": 1, "ymax": 713, "xmax": 624}}, {"tid": 1, "generated": 0, "bbox": {"xmin": 322, "ymin": 188, "ymax": 712, "xmax": 849}}], [{"tid": 0, "generated": 0, "bbox": {"xmin": 1, "ymin": 1, "ymax": 713, "xmax": 623}}, {"tid": 1, "generated": 0, "bbox": {"xmin": 321, "ymin": 188, "ymax": 712, "xmax": 846}}], [{"tid": 0, "generated": 0, "bbox": {"xmin": 1, "ymin": 1, "ymax": 713, "xmax": 622}}, {"tid": 1, "generated": 0, "bbox": {"xmin": 320, "ymin": 189, "ymax": 713, "xmax": 843}}], [{"tid": 0, "generated": 0, "bbox": {"xmin": 1, "ymin": 1, "ymax": 712, "xmax": 621}}, {"tid": 1, "generated": 0, "bbox": {"xmin": 319, "ymin": 190, "ymax": 713, "xmax": 840}}], [{"tid": 0, "generated": 0, "bbox": {"xmin": 1, "ymin": 1, "ymax": 712, "xmax": 620}}, {"tid": 1, "generated": 0, "bbox": {"xmin": 318, "ymin": 190, "ymax": 713, "xmax": 837}}], [{"tid": 0, "generated": 0, "bbox": {"xmin": 1, "ymin": 1, "ymax": 712, "xmax": 619}}, {"tid": 1, "generated": 0, "bbox": {"xmin": 317, "ymin": 191, "ymax": 713, "xmax": 834}}], [{"tid": 0, "generated": 0, "bbox": {"xmin": 1, "ymin": 1, "ymax": 712, "xmax": 618}}, {"tid": 1, "generated": 0, "bbox": {"xmin": 316, "ymin": 192, "ymax": 713, "xmax": 831}}], [{"tid": 0, "generated": 0, "bbox": {"xmin": 1, "ymin": 1, "ymax": 712, "xmax": 618}}, {"tid": 1, "generated": 0, "bbox": {"xmin": 316, "ymin": 193, "ymax": 714, "xmax": 828}}], [{"tid": 0, "generated": 0, "bbox": {"xmin": 0, "ymin": 1, "ymax": 711, "xmax": 617}}, {"tid": 1, "generated": 0, "bbox": {"xmin": 316, "ymin": 193, "ymax": 713, "xmax": 822}}], [{"tid": 0, "generated": 0, "bbox": {"xmin": 0, "ymin": 1, "ymax": 711, "xmax": 616}}, {"tid": 1, "generated": 0, "bbox": {"xmin": 316, "ymin": 193, "ymax": 713, "xmax": 816}}], [{"tid": 0, "generated": 0, "bbox": {"xmin": 0, "ymin": 1, "ymax": 711, "xmax": 616}}, {"tid": 1, "generated": 0, "bbox": {"xmin": 316, "ymin": 193, "ymax": 713, "xmax": 810}}], [{"tid": 0, "generated": 0, "bbox": {"xmin": 0, "ymin": 1, "ymax": 711, "xmax": 615}}, {"tid": 1, "generated": 0, "bbox": {"xmin": 316, "ymin": 193, "ymax": 713, "xmax": 804}}], [{"tid": 0, "generated": 0, "bbox": {"xmin": 0, "ymin": 1, "ymax": 711, "xmax": 615}}, {"tid": 1, "generated": 0, "bbox": {"xmin": 316, "ymin": 193, "ymax": 713, "xmax": 798}}], [{"tid": 0, "generated": 0, "bbox": {"xmin": 0, "ymin": 1, "ymax": 711, "xmax": 614}}, {"tid": 1, "generated": 0, "bbox": {"xmin": 316, "ymin": 193, "ymax": 713, "xmax": 792}}], [{"tid": 0, "generated": 0, "bbox": {"xmin": 0, "ymin": 1, "ymax": 711, "xmax": 613}}, {"tid": 1, "generated": 0, "bbox": {"xmin": 316, "ymin": 193, "ymax": 713, "xmax": 786}}], [{"tid": 0, "generated": 0, "bbox": {"xmin": 0, "ymin": 1, "ymax": 711, "xmax": 613}}, {"tid": 1, "generated": 0, "bbox": {"xmin": 316, "ymin": 193, "ymax": 713, "xmax": 780}}], [{"tid": 0, "generated": 0, "bbox": {"xmin": 0, "ymin": 1, "ymax": 711, "xmax": 612}}, {"tid": 1, "generated": 0, "bbox": {"xmin": 316, "ymin": 193, "ymax": 713, "xmax": 774}}]], "subject/objects": [{"category": "sheep", "tid": 0}, {"category": "sheep", "tid": 1}], "relation_instances": [{"end_fid": 30, "subject_tid": 0, "predicate": "stand_right", "begin_fid": 0, "object_tid": 1}, {"end_fid": 30, "subject_tid": 1, "predicate": "stand_left", "begin_fid": 0, "object_tid": 0}, {"end_fid": 120, "subject_tid": 0, "predicate": "stand_right", "begin_fid": 90, "object_tid": 1}, {"end_fid": 120, "subject_tid": 1, "predicate": "stand_left", "begin_fid": 90, "object_tid": 0}], "height": 720}