{"width": 1280, "frame_count": 287, "video_id": "ILSVRC2015_train_00178000", "fps": 29, "trajectories": [[], [], [], [], [], [], [], [], [], [], [], [], [], [], [], [], [], [], [], [], [], [], [], [], [], [], [], [], [], [], [], [], [], [], [], [], [], [], [], [], [], [], [], [], [], [], [], [], [], [], [], [], [], [], [], [], [], [], [], [], [], [], [], [], [], [], [], [], [], [], [], [], [], [], [], [], [], [], [], [], [], [], [], [], [], [], [], [], [], [], [], [], [], [], [], [], [], [], [], [], [], [], [], [], [], [], [], [], [], [], [], [], [], [], [], [], [], [], [], [], [], [], [], [], [], [], [], [], [], [], [], [], [], [], [], [], [], [], [], [], [], [], [], [], [], [], [], [], [], [], [], [], [], [], [], [], [], [], [], [], [], [], [], [], [], [], [], [], [], [], [], [], [], [], [], [], [], [], [], [], [], [], [], [], [], [], [], [], [], [], [], [], [], [], [], [{"tid": 0, "generated": 0, "bbox": {"xmin": 932, "ymin": 14, "ymax": 703, "xmax": 1275}}, {"tid": 1, "generated": 0, "bbox": {"xmin": 0, "ymin": 226, "ymax": 538, "xmax": 156}}], [{"tid": 0, "generated": 0, "bbox": {"xmin": 935, "ymin": 15, "ymax": 704, "xmax": 1274}}, {"tid": 1, "generated": 0, "bbox": {"xmin": 0, "ymin": 222, "ymax": 541, "xmax": 162}}], [{"tid": 0, "generated": 0, "bbox": {"xmin": 938, "ymin": 16, "ymax": 705, "xmax": 1274}}, {"tid": 1, "generated": 0, "bbox": {"xmin": 0, "ymin": 217, "ymax": 544, "xmax": 168}}], [{"tid": 0, "generated": 0, "bbox": {"xmin": 950, "ymin": 16, "ymax": 707, "xmax": 1275}}, {"tid": 1, "generated": 0, "bbox": {"xmin": 0, "ymin": 213, "ymax": 547, "xmax": 174}}], [{"tid": 0, "generated": 0, "bbox": {"xmin": 962, "ymin": 16, "ymax": 709, "xmax": 1276}}, {"tid": 1, "generated": 0, "bbox": {"xmin": 0, "ymin": 209, "ymax": 547, "xmax": 182}}], [{"tid": 0, "generated": 0, "bbox": {"xmin": 974, "ymin": 17, "ymax": 712, "xmax": 1278}}, {"tid": 1, "generated": 0, "bbox": {"xmin": 0, "ymin": 206, "ymax": 547, "xmax": 190}}], [{"tid": 0, "generated": 0, "bbox": {"xmin": 986, "ymin": 15, "ymax": 710, "xmax": 1276}}, {"tid": 1, "generated": 0, "bbox": {"xmin": 0, "ymin": 202, "ymax": 531, "xmax": 209}}], [{"tid": 0, "generated": 0, "bbox": {"xmin": 999, "ymin": 14, "ymax": 709, "xmax": 1274}}, {"tid": 1, "generated": 0, "bbox": {"xmin": 0, "ymin": 198, "ymax": 530, "xmax": 218}}], [{"tid": 0, "generated": 0, "bbox": {"xmin": 1004, "ymin": 12, "ymax": 705, "xmax": 1278}}, {"tid": 1, "generated": 0, "bbox": {"xmin": 0, "ymin": 195, "ymax": 529, "xmax": 227}}], [{"tid": 0, "generated": 0, "bbox": {"xmin": 1018, "ymin": 14, "ymax": 702, "xmax": 1276}}, {"tid": 1, "generated": 0, "bbox": {"xmin": 0, "ymin": 192, "ymax": 564, "xmax": 240}}], [{"tid": 0, "generated": 0, "bbox": {"xmin": 1032, "ymin": 16, "ymax": 696, "xmax": 1278}}, {"tid": 1, "generated": 0, "bbox": {"xmin": 0, "ymin": 190, "ymax": 600, "xmax": 254}}], [{"tid": 0, "generated": 0, "bbox": {"xmin": 1038, "ymin": 12, "ymax": 696, "xmax": 1276}}, {"tid": 1, "generated": 0, "bbox": {"xmin": 0, "ymin": 186, "ymax": 595, "xmax": 250}}], [{"tid": 0, "generated": 0, "bbox": {"xmin": 1043, "ymin": 10, "ymax": 696, "xmax": 1272}}, {"tid": 1, "generated": 0, "bbox": {"xmin": 0, "ymin": 183, "ymax": 592, "xmax": 250}}], [{"tid": 0, "generated": 0, "bbox": {"xmin": 1043, "ymin": 6, "ymax": 696, "xmax": 1275}}, {"tid": 1, "generated": 0, "bbox": {"xmin": 0, "ymin": 181, "ymax": 589, "xmax": 251}}], [{"tid": 0, "generated": 0, "bbox": {"xmin": 1043, "ymin": 3, "ymax": 696, "xmax": 1278}}, {"tid": 1, "generated": 0, "bbox": {"xmin": 0, "ymin": 179, "ymax": 586, "xmax": 251}}], [{"tid": 0, "generated": 0, "bbox": {"xmin": 1045, "ymin": 0, "ymax": 700, "xmax": 1274}}, {"tid": 1, "generated": 0, "bbox": {"xmin": 1, "ymin": 177, "ymax": 583, "xmax": 252}}], [{"tid": 0, "generated": 0, "bbox": {"xmin": 1045, "ymin": 0, "ymax": 699, "xmax": 1275}}, {"tid": 1, "generated": 0, "bbox": {"xmin": 1, "ymin": 168, "ymax": 577, "xmax": 261}}], [{"tid": 0, "generated": 0, "bbox": {"xmin": 1045, "ymin": 0, "ymax": 698, "xmax": 1276}}, {"tid": 1, "generated": 0, "bbox": {"xmin": 1, "ymin": 170, "ymax": 577, "xmax": 257}}], [{"tid": 0, "generated": 0, "bbox": {"xmin": 1045, "ymin": 0, "ymax": 698, "xmax": 1278}}, {"tid": 1, "generated": 0, "bbox": {"xmin": 1, "ymin": 170, "ymax": 579, "xmax": 257}}], [{"tid": 0, "generated": 0, "bbox": {"xmin": 1043, "ymin": 0, "ymax": 697, "xmax": 1278}}, {"tid": 1, "generated": 0, "bbox": {"xmin": 1, "ymin": 170, "ymax": 581, "xmax": 258}}], [{"tid": 0, "generated": 0, "bbox": {"xmin": 1041, "ymin": 0, "ymax": 696, "xmax": 1278}}, {"tid": 1, "generated": 0, "bbox": {"xmin": 1, "ymin": 170, "ymax": 583, "xmax": 258}}], [{"tid": 0, "generated": 0, "bbox": {"xmin": 1039, "ymin": 0, "ymax": 696, "xmax": 1278}}, {"tid": 1, "generated": 0, "bbox": {"xmin": 1, "ymin": 170, "ymax": 586, "xmax": 259}}], [{"tid": 0, "generated": 0, "bbox": {"xmin": 1037, "ymin": 0, "ymax": 695, "xmax": 1278}}, {"tid": 1, "generated": 0, "bbox": {"xmin": 1, "ymin": 170, "ymax": 585, "xmax": 259}}], [{"tid": 0, "generated": 0, "bbox": {"xmin": 1036, "ymin": 0, "ymax": 695, "xmax": 1278}}, {"tid": 1, "generated": 0, "bbox": {"xmin": 1, "ymin": 170, "ymax": 584, "xmax": 260}}], [{"tid": 0, "generated": 0, "bbox": {"xmin": 1040, "ymin": 0, "ymax": 695, "xmax": 1278}}, {"tid": 1, "generated": 0, "bbox": {"xmin": 1, "ymin": 170, "ymax": 583, "xmax": 261}}], [{"tid": 0, "generated": 0, "bbox": {"xmin": 1045, "ymin": 0, "ymax": 698, "xmax": 1276}}, {"tid": 1, "generated": 0, "bbox": {"xmin": 1, "ymin": 170, "ymax": 584, "xmax": 263}}], [{"tid": 0, "generated": 0, "bbox": {"xmin": 1045, "ymin": 0, "ymax": 696, "xmax": 1278}}, {"tid": 1, "generated": 0, "bbox": {"xmin": 1, "ymin": 167, "ymax": 583, "xmax": 259}}], [{"tid": 0, "generated": 0, "bbox": {"xmin": 1046, "ymin": 0, "ymax": 695, "xmax": 1278}}, {"tid": 1, "generated": 0, "bbox": {"xmin": 1, "ymin": 167, "ymax": 579, "xmax": 264}}], [{"tid": 0, "generated": 0, "bbox": {"xmin": 1048, "ymin": 0, "ymax": 695, "xmax": 1278}}, {"tid": 1, "generated": 0, "bbox": {"xmin": 1, "ymin": 168, "ymax": 576, "xmax": 264}}], [{"tid": 0, "generated": 0, "bbox": {"xmin": 1049, "ymin": 0, "ymax": 694, "xmax": 1277}}, {"tid": 1, "generated": 0, "bbox": {"xmin": 1, "ymin": 163, "ymax": 572, "xmax": 268}}], [{"tid": 0, "generated": 0, "bbox": {"xmin": 1050, "ymin": 0, "ymax": 693, "xmax": 1276}}, {"tid": 1, "generated": 0, "bbox": {"xmin": 1, "ymin": 156, "ymax": 570, "xmax": 265}}], [{"tid": 0, "generated": 0, "bbox": {"xmin": 1050, "ymin": 0, "ymax": 693, "xmax": 1276}}, {"tid": 1, "generated": 0, "bbox": {"xmin": 1, "ymin": 149, "ymax": 568, "xmax": 263}}], [{"tid": 0, "generated": 0, "bbox": {"xmin": 1051, "ymin": 0, "ymax": 693, "xmax": 1277}}, {"tid": 1, "generated": 0, "bbox": {"xmin": 1, "ymin": 135, "ymax": 567, "xmax": 261}}], [{"tid": 0, "generated": 0, "bbox": {"xmin": 1052, "ymin": 0, "ymax": 693, "xmax": 1278}}, {"tid": 1, "generated": 0, "bbox": {"xmin": 1, "ymin": 126, "ymax": 567, "xmax": 261}}], [{"tid": 0, "generated": 0, "bbox": {"xmin": 1053, "ymin": 0, "ymax": 694, "xmax": 1278}}, {"tid": 1, "generated": 0, "bbox": {"xmin": 2, "ymin": 118, "ymax": 567, "xmax": 262}}], [{"tid": 0, "generated": 0, "bbox": {"xmin": 1054, "ymin": 0, "ymax": 695, "xmax": 1278}}, {"tid": 1, "generated": 0, "bbox": {"xmin": 3, "ymin": 110, "ymax": 568, "xmax": 263}}], [{"tid": 0, "generated": 0, "bbox": {"xmin": 1051, "ymin": 0, "ymax": 694, "xmax": 1276}}, {"tid": 1, "generated": 0, "bbox": {"xmin": 1, "ymin": 99, "ymax": 554, "xmax": 263}}], [{"tid": 0, "generated": 0, "bbox": {"xmin": 1048, "ymin": 0, "ymax": 693, "xmax": 1274}}, {"tid": 1, "generated": 0, "bbox": {"xmin": 0, "ymin": 101, "ymax": 560, "xmax": 263}}], [{"tid": 0, "generated": 0, "bbox": {"xmin": 1052, "ymin": 0, "ymax": 691, "xmax": 1272}}, {"tid": 1, "generated": 0, "bbox": {"xmin": 0, "ymin": 92, "ymax": 558, "xmax": 259}}], [{"tid": 0, "generated": 0, "bbox": {"xmin": 1045, "ymin": 0, "ymax": 689, "xmax": 1272}}, {"tid": 1, "generated": 0, "bbox": {"xmin": 0, "ymin": 96, "ymax": 561, "xmax": 257}}], [{"tid": 0, "generated": 0, "bbox": {"xmin": 1038, "ymin": 0, "ymax": 688, "xmax": 1274}}, {"tid": 1, "generated": 0, "bbox": {"xmin": 0, "ymin": 99, "ymax": 552, "xmax": 248}}], [{"tid": 0, "generated": 0, "bbox": {"xmin": 1025, "ymin": 0, "ymax": 688, "xmax": 1276}}, {"tid": 1, "generated": 0, "bbox": {"xmin": 0, "ymin": 104, "ymax": 528, "xmax": 232}}], [{"tid": 0, "generated": 0, "bbox": {"xmin": 1009, "ymin": 0, "ymax": 686, "xmax": 1278}}, {"tid": 1, "generated": 0, "bbox": {"xmin": 0, "ymin": 110, "ymax": 481, "xmax": 220}}], [{"tid": 0, "generated": 0, "bbox": {"xmin": 990, "ymin": 0, "ymax": 689, "xmax": 1274}}, {"tid": 1, "generated": 0, "bbox": {"xmin": 0, "ymin": 115, "ymax": 458, "xmax": 215}}], [{"tid": 0, "generated": 0, "bbox": {"xmin": 984, "ymin": 0, "ymax": 689, "xmax": 1276}}, {"tid": 1, "generated": 0, "bbox": {"xmin": 0, "ymin": 120, "ymax": 455, "xmax": 197}}]], "subject/objects": [{"category": "fox", "tid": 0}, {"category": "fox", "tid": 1}], "relation_instances": [{"end_fid": 225, "subject_tid": 0, "predicate": "sit_front", "begin_fid": 195, "object_tid": 1}, {"end_fid": 225, "subject_tid": 0, "predicate": "sit_left", "begin_fid": 195, "object_tid": 1}, {"end_fid": 225, "subject_tid": 1, "predicate": "lie_right", "begin_fid": 195, "object_tid": 0}, {"end_fid": 225, "subject_tid": 1, "predicate": "lie_behind", "begin_fid": 195, "object_tid": 0}, {"end_fid": 240, "subject_tid": 0, "predicate": "sit_front", "begin_fid": 210, "object_tid": 1}, {"end_fid": 240, "subject_tid": 0, "predicate": "sit_left", "begin_fid": 210, "object_tid": 1}, {"end_fid": 240, "subject_tid": 1, "predicate": "sit_right", "begin_fid": 210, "object_tid": 0}, {"end_fid": 240, "subject_tid": 1, "predicate": "sit_behind", "begin_fid": 210, "object_tid": 0}], "height": 720}