{"width": 534, "frame_count": 90, "video_id": "ILSVRC2015_train_00234019", "fps": 30, "trajectories": [[{"tid": 0, "generated": 0, "bbox": {"xmin": 298, "ymin": 140, "ymax": 275, "xmax": 519}}, {"tid": 1, "generated": 0, "bbox": {"xmin": 143, "ymin": 160, "ymax": 269, "xmax": 309}}], [{"tid": 0, "generated": 0, "bbox": {"xmin": 294, "ymin": 142, "ymax": 274, "xmax": 515}}, {"tid": 1, "generated": 0, "bbox": {"xmin": 147, "ymin": 160, "ymax": 269, "xmax": 309}}], [{"tid": 0, "generated": 0, "bbox": {"xmin": 290, "ymin": 144, "ymax": 273, "xmax": 511}}, {"tid": 1, "generated": 0, "bbox": {"xmin": 152, "ymin": 160, "ymax": 269, "xmax": 309}}], [{"tid": 0, "generated": 0, "bbox": {"xmin": 286, "ymin": 146, "ymax": 272, "xmax": 508}}, {"tid": 1, "generated": 0, "bbox": {"xmin": 157, "ymin": 161, "ymax": 270, "xmax": 310}}], [{"tid": 0, "generated": 0, "bbox": {"xmin": 290, "ymin": 148, "ymax": 271, "xmax": 508}}, {"tid": 1, "generated": 0, "bbox": {"xmin": 163, "ymin": 157, "ymax": 269, "xmax": 311}}], [{"tid": 0, "generated": 0, "bbox": {"xmin": 294, "ymin": 151, "ymax": 270, "xmax": 508}}, {"tid": 1, "generated": 0, "bbox": {"xmin": 169, "ymin": 153, "ymax": 268, "xmax": 313}}], [{"tid": 0, "generated": 0, "bbox": {"xmin": 298, "ymin": 154, "ymax": 269, "xmax": 508}}, {"tid": 1, "generated": 0, "bbox": {"xmin": 175, "ymin": 149, "ymax": 267, "xmax": 315}}], [{"tid": 0, "generated": 0, "bbox": {"xmin": 301, "ymin": 155, "ymax": 270, "xmax": 502}}, {"tid": 1, "generated": 0, "bbox": {"xmin": 177, "ymin": 151, "ymax": 268, "xmax": 317}}], [{"tid": 0, "generated": 0, "bbox": {"xmin": 304, "ymin": 156, "ymax": 271, "xmax": 496}}, {"tid": 1, "generated": 0, "bbox": {"xmin": 179, "ymin": 153, "ymax": 269, "xmax": 319}}], [{"tid": 0, "generated": 0, "bbox": {"xmin": 307, "ymin": 158, "ymax": 273, "xmax": 491}}, {"tid": 1, "generated": 0, "bbox": {"xmin": 181, "ymin": 155, "ymax": 270, "xmax": 321}}], [{"tid": 0, "generated": 0, "bbox": {"xmin": 310, "ymin": 160, "ymax": 275, "xmax": 493}}, {"tid": 1, "generated": 0, "bbox": {"xmin": 178, "ymin": 160, "ymax": 272, "xmax": 329}}], [{"tid": 0, "generated": 0, "bbox": {"xmin": 312, "ymin": 157, "ymax": 273, "xmax": 490}}, {"tid": 1, "generated": 0, "bbox": {"xmin": 180, "ymin": 164, "ymax": 269, "xmax": 330}}], [{"tid": 0, "generated": 0, "bbox": {"xmin": 315, "ymin": 154, "ymax": 272, "xmax": 488}}, {"tid": 1, "generated": 0, "bbox": {"xmin": 183, "ymin": 168, "ymax": 267, "xmax": 332}}], [{"tid": 0, "generated": 0, "bbox": {"xmin": 318, "ymin": 152, "ymax": 272, "xmax": 488}}, {"tid": 1, "generated": 0, "bbox": {"xmin": 184, "ymin": 168, "ymax": 267, "xmax": 328}}], [{"tid": 0, "generated": 0, "bbox": {"xmin": 321, "ymin": 150, "ymax": 272, "xmax": 489}}, {"tid": 1, "generated": 0, "bbox": {"xmin": 185, "ymin": 168, "ymax": 267, "xmax": 324}}], [{"tid": 0, "generated": 0, "bbox": {"xmin": 324, "ymin": 149, "ymax": 272, "xmax": 490}}, {"tid": 1, "generated": 0, "bbox": {"xmin": 187, "ymin": 168, "ymax": 267, "xmax": 321}}], [{"tid": 0, "generated": 0, "bbox": {"xmin": 321, "ymin": 150, "ymax": 272, "xmax": 489}}, {"tid": 1, "generated": 0, "bbox": {"xmin": 187, "ymin": 166, "ymax": 267, "xmax": 318}}], [{"tid": 0, "generated": 0, "bbox": {"xmin": 318, "ymin": 152, "ymax": 272, "xmax": 488}}, {"tid": 1, "generated": 0, "bbox": {"xmin": 188, "ymin": 165, "ymax": 268, "xmax": 315}}], [{"tid": 0, "generated": 0, "bbox": {"xmin": 316, "ymin": 154, "ymax": 273, "xmax": 488}}, {"tid": 1, "generated": 0, "bbox": {"xmin": 189, "ymin": 164, "ymax": 269, "xmax": 313}}], [{"tid": 0, "generated": 0, "bbox": {"xmin": 315, "ymin": 154, "ymax": 271, "xmax": 485}}, {"tid": 1, "generated": 0, "bbox": {"xmin": 187, "ymin": 160, "ymax": 269, "xmax": 310}}], [{"tid": 0, "generated": 0, "bbox": {"xmin": 315, "ymin": 154, "ymax": 269, "xmax": 482}}, {"tid": 1, "generated": 0, "bbox": {"xmin": 186, "ymin": 157, "ymax": 269, "xmax": 307}}], [{"tid": 0, "generated": 0, "bbox": {"xmin": 312, "ymin": 155, "ymax": 275, "xmax": 473}}, {"tid": 1, "generated": 0, "bbox": {"xmin": 189, "ymin": 157, "ymax": 264, "xmax": 307}}], [{"tid": 0, "generated": 0, "bbox": {"xmin": 307, "ymin": 156, "ymax": 271, "xmax": 465}}, {"tid": 1, "generated": 0, "bbox": {"xmin": 186, "ymin": 156, "ymax": 264, "xmax": 302}}], [{"tid": 0, "generated": 0, "bbox": {"xmin": 302, "ymin": 158, "ymax": 267, "xmax": 458}}, {"tid": 1, "generated": 0, "bbox": {"xmin": 183, "ymin": 155, "ymax": 265, "xmax": 297}}], [{"tid": 0, "generated": 0, "bbox": {"xmin": 298, "ymin": 160, "ymax": 264, "xmax": 451}}, {"tid": 1, "generated": 0, "bbox": {"xmin": 180, "ymin": 155, "ymax": 266, "xmax": 293}}], [{"tid": 0, "generated": 0, "bbox": {"xmin": 296, "ymin": 160, "ymax": 264, "xmax": 445}}, {"tid": 1, "generated": 0, "bbox": {"xmin": 173, "ymin": 157, "ymax": 266, "xmax": 290}}], [{"tid": 0, "generated": 0, "bbox": {"xmin": 294, "ymin": 160, "ymax": 264, "xmax": 439}}, {"tid": 1, "generated": 0, "bbox": {"xmin": 166, "ymin": 159, "ymax": 266, "xmax": 288}}], [{"tid": 0, "generated": 0, "bbox": {"xmin": 292, "ymin": 160, "ymax": 264, "xmax": 433}}, {"tid": 1, "generated": 0, "bbox": {"xmin": 160, "ymin": 161, "ymax": 266, "xmax": 286}}], [{"tid": 0, "generated": 0, "bbox": {"xmin": 291, "ymin": 155, "ymax": 263, "xmax": 428}}, {"tid": 1, "generated": 0, "bbox": {"xmin": 156, "ymin": 162, "ymax": 265, "xmax": 283}}], [{"tid": 0, "generated": 0, "bbox": {"xmin": 290, "ymin": 150, "ymax": 262, "xmax": 423}}, {"tid": 1, "generated": 0, "bbox": {"xmin": 152, "ymin": 164, "ymax": 264, "xmax": 280}}], [], [], [], [], [], [], [], [], [], [], [], [], [], [], [], [], [], [], [], [], [], [], [], [], [], [], [], [], [], [], [{"tid": 0, "generated": 0, "bbox": {"xmin": 212, "ymin": 154, "ymax": 269, "xmax": 375}}, {"tid": 1, "generated": 0, "bbox": {"xmin": 51, "ymin": 172, "ymax": 269, "xmax": 203}}, {"tid": 2, "generated": 0, "bbox": {"xmin": 353, "ymin": 157, "ymax": 269, "xmax": 513}}], [{"tid": 0, "generated": 0, "bbox": {"xmin": 209, "ymin": 155, "ymax": 267, "xmax": 375}}, {"tid": 1, "generated": 0, "bbox": {"xmin": 47, "ymin": 175, "ymax": 267, "xmax": 201}}, {"tid": 2, "generated": 0, "bbox": {"xmin": 350, "ymin": 156, "ymax": 268, "xmax": 513}}], [{"tid": 0, "generated": 0, "bbox": {"xmin": 206, "ymin": 156, "ymax": 265, "xmax": 375}}, {"tid": 1, "generated": 0, "bbox": {"xmin": 43, "ymin": 179, "ymax": 265, "xmax": 199}}, {"tid": 2, "generated": 0, "bbox": {"xmin": 347, "ymin": 155, "ymax": 267, "xmax": 513}}], [{"tid": 0, "generated": 0, "bbox": {"xmin": 203, "ymin": 157, "ymax": 264, "xmax": 376}}, {"tid": 1, "generated": 0, "bbox": {"xmin": 40, "ymin": 183, "ymax": 264, "xmax": 198}}, {"tid": 2, "generated": 0, "bbox": {"xmin": 344, "ymin": 155, "ymax": 267, "xmax": 514}}], [{"tid": 0, "generated": 0, "bbox": {"xmin": 200, "ymin": 157, "ymax": 264, "xmax": 376}}, {"tid": 1, "generated": 0, "bbox": {"xmin": 40, "ymin": 182, "ymax": 262, "xmax": 192}}, {"tid": 2, "generated": 0, "bbox": {"xmin": 344, "ymin": 155, "ymax": 267, "xmax": 516}}], [{"tid": 0, "generated": 0, "bbox": {"xmin": 197, "ymin": 157, "ymax": 264, "xmax": 376}}, {"tid": 1, "generated": 0, "bbox": {"xmin": 41, "ymin": 181, "ymax": 261, "xmax": 186}}, {"tid": 2, "generated": 0, "bbox": {"xmin": 344, "ymin": 155, "ymax": 267, "xmax": 519}}], [{"tid": 0, "generated": 0, "bbox": {"xmin": 194, "ymin": 157, "ymax": 264, "xmax": 376}}, {"tid": 1, "generated": 0, "bbox": {"xmin": 42, "ymin": 180, "ymax": 260, "xmax": 180}}, {"tid": 2, "generated": 0, "bbox": {"xmin": 344, "ymin": 155, "ymax": 267, "xmax": 522}}], [{"tid": 0, "generated": 0, "bbox": {"xmin": 187, "ymin": 159, "ymax": 264, "xmax": 376}}, {"tid": 1, "generated": 0, "bbox": {"xmin": 43, "ymin": 179, "ymax": 261, "xmax": 177}}, {"tid": 2, "generated": 0, "bbox": {"xmin": 344, "ymin": 155, "ymax": 267, "xmax": 522}}], [{"tid": 0, "generated": 0, "bbox": {"xmin": 180, "ymin": 161, "ymax": 264, "xmax": 376}}, {"tid": 1, "generated": 0, "bbox": {"xmin": 44, "ymin": 178, "ymax": 262, "xmax": 174}}, {"tid": 2, "generated": 0, "bbox": {"xmin": 344, "ymin": 155, "ymax": 267, "xmax": 522}}], [{"tid": 0, "generated": 0, "bbox": {"xmin": 174, "ymin": 164, "ymax": 264, "xmax": 376}}, {"tid": 1, "generated": 0, "bbox": {"xmin": 46, "ymin": 178, "ymax": 264, "xmax": 172}}, {"tid": 2, "generated": 0, "bbox": {"xmin": 344, "ymin": 155, "ymax": 267, "xmax": 522}}], [{"tid": 0, "generated": 0, "bbox": {"xmin": 172, "ymin": 160, "ymax": 275, "xmax": 367}}, {"tid": 1, "generated": 0, "bbox": {"xmin": 51, "ymin": 168, "ymax": 264, "xmax": 169}}, {"tid": 2, "generated": 0, "bbox": {"xmin": 344, "ymin": 154, "ymax": 267, "xmax": 513}}], [{"tid": 0, "generated": 0, "bbox": {"xmin": 169, "ymin": 162, "ymax": 269, "xmax": 361}}, {"tid": 1, "generated": 0, "bbox": {"xmin": 54, "ymin": 168, "ymax": 264, "xmax": 170}}, {"tid": 2, "generated": 0, "bbox": {"xmin": 344, "ymin": 154, "ymax": 267, "xmax": 514}}], [{"tid": 0, "generated": 0, "bbox": {"xmin": 166, "ymin": 164, "ymax": 264, "xmax": 356}}, {"tid": 1, "generated": 0, "bbox": {"xmin": 57, "ymin": 169, "ymax": 264, "xmax": 172}}, {"tid": 2, "generated": 0, "bbox": {"xmin": 344, "ymin": 154, "ymax": 267, "xmax": 515}}], [{"tid": 0, "generated": 0, "bbox": {"xmin": 166, "ymin": 164, "ymax": 264, "xmax": 348}}, {"tid": 1, "generated": 0, "bbox": {"xmin": 60, "ymin": 170, "ymax": 265, "xmax": 173}}, {"tid": 2, "generated": 0, "bbox": {"xmin": 345, "ymin": 155, "ymax": 267, "xmax": 516}}], [{"tid": 0, "generated": 0, "bbox": {"xmin": 167, "ymin": 164, "ymax": 264, "xmax": 340}}, {"tid": 1, "generated": 0, "bbox": {"xmin": 64, "ymin": 172, "ymax": 267, "xmax": 175}}, {"tid": 2, "generated": 0, "bbox": {"xmin": 345, "ymin": 155, "ymax": 267, "xmax": 517}}], [{"tid": 0, "generated": 0, "bbox": {"xmin": 168, "ymin": 164, "ymax": 264, "xmax": 333}}, {"tid": 1, "generated": 0, "bbox": {"xmin": 68, "ymin": 174, "ymax": 269, "xmax": 177}}, {"tid": 2, "generated": 0, "bbox": {"xmin": 345, "ymin": 155, "ymax": 268, "xmax": 519}}], [{"tid": 0, "generated": 0, "bbox": {"xmin": 165, "ymin": 164, "ymax": 264, "xmax": 330}}, {"tid": 1, "generated": 0, "bbox": {"xmin": 67, "ymin": 177, "ymax": 268, "xmax": 178}}, {"tid": 2, "generated": 0, "bbox": {"xmin": 346, "ymin": 156, "ymax": 268, "xmax": 520}}], [{"tid": 0, "generated": 0, "bbox": {"xmin": 163, "ymin": 164, "ymax": 264, "xmax": 327}}, {"tid": 1, "generated": 0, "bbox": {"xmin": 66, "ymin": 180, "ymax": 267, "xmax": 179}}, {"tid": 2, "generated": 0, "bbox": {"xmin": 346, "ymin": 156, "ymax": 268, "xmax": 521}}], [{"tid": 0, "generated": 0, "bbox": {"xmin": 161, "ymin": 164, "ymax": 264, "xmax": 324}}, {"tid": 1, "generated": 0, "bbox": {"xmin": 66, "ymin": 183, "ymax": 267, "xmax": 180}}, {"tid": 2, "generated": 0, "bbox": {"xmin": 346, "ymin": 156, "ymax": 268, "xmax": 522}}], [{"tid": 0, "generated": 0, "bbox": {"xmin": 169, "ymin": 163, "ymax": 267, "xmax": 321}}, {"tid": 1, "generated": 0, "bbox": {"xmin": 63, "ymin": 180, "ymax": 266, "xmax": 180}}, {"tid": 2, "generated": 0, "bbox": {"xmin": 347, "ymin": 157, "ymax": 269, "xmax": 524}}], [{"tid": 0, "generated": 0, "bbox": {"xmin": 169, "ymin": 163, "ymax": 267, "xmax": 321}}, {"tid": 1, "generated": 0, "bbox": {"xmin": 63, "ymin": 180, "ymax": 266, "xmax": 180}}, {"tid": 2, "generated": 0, "bbox": {"xmin": 347, "ymin": 157, "ymax": 269, "xmax": 524}}], [{"tid": 0, "generated": 0, "bbox": {"xmin": 163, "ymin": 163, "ymax": 263, "xmax": 315}}, {"tid": 1, "generated": 0, "bbox": {"xmin": 75, "ymin": 183, "ymax": 267, "xmax": 189}}, {"tid": 2, "generated": 0, "bbox": {"xmin": 346, "ymin": 160, "ymax": 269, "xmax": 524}}], [{"tid": 0, "generated": 0, "bbox": {"xmin": 164, "ymin": 165, "ymax": 264, "xmax": 314}}, {"tid": 1, "generated": 0, "bbox": {"xmin": 78, "ymin": 184, "ymax": 267, "xmax": 190}}, {"tid": 2, "generated": 0, "bbox": {"xmin": 348, "ymin": 161, "ymax": 266, "xmax": 524}}], [{"tid": 0, "generated": 0, "bbox": {"xmin": 165, "ymin": 168, "ymax": 265, "xmax": 313}}, {"tid": 1, "generated": 0, "bbox": {"xmin": 81, "ymin": 185, "ymax": 267, "xmax": 191}}, {"tid": 2, "generated": 0, "bbox": {"xmin": 350, "ymin": 162, "ymax": 263, "xmax": 524}}], [{"tid": 0, "generated": 0, "bbox": {"xmin": 166, "ymin": 171, "ymax": 267, "xmax": 313}}, {"tid": 1, "generated": 0, "bbox": {"xmin": 85, "ymin": 187, "ymax": 267, "xmax": 192}}, {"tid": 2, "generated": 0, "bbox": {"xmin": 353, "ymin": 164, "ymax": 261, "xmax": 525}}], [{"tid": 0, "generated": 0, "bbox": {"xmin": 168, "ymin": 171, "ymax": 265, "xmax": 314}}, {"tid": 1, "generated": 0, "bbox": {"xmin": 90, "ymin": 185, "ymax": 266, "xmax": 194}}, {"tid": 2, "generated": 0, "bbox": {"xmin": 355, "ymin": 162, "ymax": 261, "xmax": 520}}], [{"tid": 0, "generated": 0, "bbox": {"xmin": 170, "ymin": 172, "ymax": 264, "xmax": 315}}, {"tid": 1, "generated": 0, "bbox": {"xmin": 95, "ymin": 184, "ymax": 265, "xmax": 197}}, {"tid": 2, "generated": 0, "bbox": {"xmin": 357, "ymin": 161, "ymax": 261, "xmax": 515}}], [{"tid": 0, "generated": 0, "bbox": {"xmin": 173, "ymin": 173, "ymax": 263, "xmax": 316}}, {"tid": 1, "generated": 0, "bbox": {"xmin": 100, "ymin": 182, "ymax": 265, "xmax": 200}}, {"tid": 2, "generated": 0, "bbox": {"xmin": 359, "ymin": 159, "ymax": 261, "xmax": 511}}], [{"tid": 0, "generated": 0, "bbox": {"xmin": 175, "ymin": 174, "ymax": 262, "xmax": 317}}, {"tid": 1, "generated": 0, "bbox": {"xmin": 105, "ymin": 181, "ymax": 264, "xmax": 203}}, {"tid": 2, "generated": 0, "bbox": {"xmin": 361, "ymin": 158, "ymax": 261, "xmax": 506}}], [{"tid": 0, "generated": 0, "bbox": {"xmin": 178, "ymin": 175, "ymax": 261, "xmax": 318}}, {"tid": 1, "generated": 0, "bbox": {"xmin": 111, "ymin": 180, "ymax": 264, "xmax": 206}}, {"tid": 2, "generated": 0, "bbox": {"xmin": 364, "ymin": 157, "ymax": 261, "xmax": 502}}]], "subject/objects": [{"category": "antelope", "tid": 0}, {"category": "antelope", "tid": 1}, {"category": "antelope", "tid": 2}], "relation_instances": [{"end_fid": 30, "subject_tid": 0, "predicate": "run_behind", "begin_fid": 0, "object_tid": 1}, {"end_fid": 30, "subject_tid": 0, "predicate": "chase", "begin_fid": 0, "object_tid": 1}, {"end_fid": 30, "subject_tid": 1, "predicate": "run_front", "begin_fid": 0, "object_tid": 0}, {"end_fid": 90, "subject_tid": 0, "predicate": "run_behind", "begin_fid": 60, "object_tid": 1}, {"end_fid": 90, "subject_tid": 0, "predicate": "chase", "begin_fid": 60, "object_tid": 1}, {"end_fid": 90, "subject_tid": 1, "predicate": "run_front", "begin_fid": 60, "object_tid": 0}, {"end_fid": 90, "subject_tid": 0, "predicate": "run_front", "begin_fid": 60, "object_tid": 2}, {"end_fid": 90, "subject_tid": 2, "predicate": "run_behind", "begin_fid": 60, "object_tid": 0}, {"end_fid": 90, "subject_tid": 2, "predicate": "chase", "begin_fid": 60, "object_tid": 0}, {"end_fid": 90, "subject_tid": 1, "predicate": "run_front", "begin_fid": 60, "object_tid": 2}, {"end_fid": 90, "subject_tid": 2, "predicate": "run_behind", "begin_fid": 60, "object_tid": 1}, {"end_fid": 90, "subject_tid": 2, "predicate": "chase", "begin_fid": 60, "object_tid": 1}], "height": 360}