{"width": 640, "frame_count": 193, "video_id": "ILSVRC2015_train_00301002", "fps": 24, "trajectories": [[{"tid": 0, "generated": 0, "bbox": {"xmin": 95, "ymin": 85, "ymax": 214, "xmax": 408}}, {"tid": 1, "generated": 0, "bbox": {"xmin": 256, "ymin": 113, "ymax": 137, "xmax": 296}}], [{"tid": 0, "generated": 0, "bbox": {"xmin": 110, "ymin": 94, "ymax": 227, "xmax": 447}}, {"tid": 1, "generated": 0, "bbox": {"xmin": 266, "ymin": 125, "ymax": 150, "xmax": 308}}], [{"tid": 0, "generated": 0, "bbox": {"xmin": 125, "ymin": 103, "ymax": 240, "xmax": 487}}, {"tid": 1, "generated": 0, "bbox": {"xmin": 275, "ymin": 137, "ymax": 163, "xmax": 319}}], [{"tid": 0, "generated": 0, "bbox": {"xmin": 140, "ymin": 112, "ymax": 253, "xmax": 527}}, {"tid": 1, "generated": 0, "bbox": {"xmin": 285, "ymin": 148, "ymax": 177, "xmax": 331}}], [{"tid": 0, "generated": 0, "bbox": {"xmin": 148, "ymin": 132, "ymax": 269, "xmax": 518}}, {"tid": 1, "generated": 0, "bbox": {"xmin": 294, "ymin": 160, "ymax": 190, "xmax": 342}}], [{"tid": 0, "generated": 0, "bbox": {"xmin": 139, "ymin": 140, "ymax": 278, "xmax": 505}}, {"tid": 1, "generated": 0, "bbox": {"xmin": 304, "ymin": 172, "ymax": 203, "xmax": 354}}], [{"tid": 0, "generated": 0, "bbox": {"xmin": 130, "ymin": 148, "ymax": 287, "xmax": 492}}, {"tid": 1, "generated": 0, "bbox": {"xmin": 294, "ymin": 174, "ymax": 206, "xmax": 345}}], [{"tid": 0, "generated": 0, "bbox": {"xmin": 121, "ymin": 157, "ymax": 296, "xmax": 480}}, {"tid": 1, "generated": 0, "bbox": {"xmin": 283, "ymin": 177, "ymax": 210, "xmax": 336}}], [{"tid": 0, "generated": 0, "bbox": {"xmin": 111, "ymin": 152, "ymax": 294, "xmax": 467}}, {"tid": 1, "generated": 0, "bbox": {"xmin": 273, "ymin": 179, "ymax": 213, "xmax": 326}}], [{"tid": 0, "generated": 0, "bbox": {"xmin": 101, "ymin": 148, "ymax": 292, "xmax": 454}}, {"tid": 1, "generated": 0, "bbox": {"xmin": 262, "ymin": 182, "ymax": 217, "xmax": 317}}], [{"tid": 0, "generated": 0, "bbox": {"xmin": 88, "ymin": 145, "ymax": 293, "xmax": 436}}, {"tid": 1, "generated": 0, "bbox": {"xmin": 252, "ymin": 184, "ymax": 220, "xmax": 308}}], [{"tid": 0, "generated": 0, "bbox": {"xmin": 87, "ymin": 140, "ymax": 289, "xmax": 429}}, {"tid": 1, "generated": 0, "bbox": {"xmin": 250, "ymin": 180, "ymax": 218, "xmax": 305}}], [{"tid": 0, "generated": 0, "bbox": {"xmin": 86, "ymin": 136, "ymax": 286, "xmax": 422}}, {"tid": 1, "generated": 0, "bbox": {"xmin": 247, "ymin": 177, "ymax": 216, "xmax": 303}}], [{"tid": 0, "generated": 0, "bbox": {"xmin": 85, "ymin": 132, "ymax": 283, "xmax": 415}}, {"tid": 1, "generated": 0, "bbox": {"xmin": 245, "ymin": 173, "ymax": 213, "xmax": 300}}], [{"tid": 0, "generated": 0, "bbox": {"xmin": 84, "ymin": 128, "ymax": 280, "xmax": 409}}, {"tid": 1, "generated": 0, "bbox": {"xmin": 242, "ymin": 170, "ymax": 211, "xmax": 298}}], [{"tid": 0, "generated": 0, "bbox": {"xmin": 86, "ymin": 128, "ymax": 281, "xmax": 407}}, {"tid": 1, "generated": 0, "bbox": {"xmin": 240, "ymin": 166, "ymax": 209, "xmax": 295}}], [{"tid": 0, "generated": 0, "bbox": {"xmin": 89, "ymin": 128, "ymax": 283, "xmax": 405}}, {"tid": 1, "generated": 0, "bbox": {"xmin": 237, "ymin": 166, "ymax": 209, "xmax": 292}}], [{"tid": 0, "generated": 0, "bbox": {"xmin": 91, "ymin": 128, "ymax": 284, "xmax": 403}}, {"tid": 1, "generated": 0, "bbox": {"xmin": 234, "ymin": 166, "ymax": 209, "xmax": 289}}], [{"tid": 0, "generated": 0, "bbox": {"xmin": 94, "ymin": 128, "ymax": 286, "xmax": 401}}, {"tid": 1, "generated": 0, "bbox": {"xmin": 230, "ymin": 166, "ymax": 209, "xmax": 285}}], [{"tid": 0, "generated": 0, "bbox": {"xmin": 97, "ymin": 128, "ymax": 288, "xmax": 400}}, {"tid": 1, "generated": 0, "bbox": {"xmin": 227, "ymin": 166, "ymax": 209, "xmax": 282}}], [{"tid": 0, "generated": 0, "bbox": {"xmin": 93, "ymin": 127, "ymax": 291, "xmax": 391}}, {"tid": 1, "generated": 0, "bbox": {"xmin": 224, "ymin": 166, "ymax": 209, "xmax": 279}}], [{"tid": 0, "generated": 0, "bbox": {"xmin": 90, "ymin": 127, "ymax": 294, "xmax": 383}}, {"tid": 1, "generated": 0, "bbox": {"xmin": 217, "ymin": 167, "ymax": 212, "xmax": 272}}], [{"tid": 0, "generated": 0, "bbox": {"xmin": 86, "ymin": 127, "ymax": 298, "xmax": 375}}, {"tid": 1, "generated": 0, "bbox": {"xmin": 210, "ymin": 167, "ymax": 214, "xmax": 266}}], [{"tid": 0, "generated": 0, "bbox": {"xmin": 83, "ymin": 127, "ymax": 301, "xmax": 367}}, {"tid": 1, "generated": 0, "bbox": {"xmin": 204, "ymin": 168, "ymax": 217, "xmax": 259}}], [{"tid": 0, "generated": 0, "bbox": {"xmin": 80, "ymin": 127, "ymax": 305, "xmax": 359}}, {"tid": 1, "generated": 0, "bbox": {"xmin": 197, "ymin": 168, "ymax": 219, "xmax": 253}}], [{"tid": 0, "generated": 0, "bbox": {"xmin": 78, "ymin": 129, "ymax": 310, "xmax": 355}}, {"tid": 1, "generated": 0, "bbox": {"xmin": 190, "ymin": 169, "ymax": 222, "xmax": 246}}], [{"tid": 0, "generated": 0, "bbox": {"xmin": 77, "ymin": 132, "ymax": 316, "xmax": 352}}, {"tid": 1, "generated": 0, "bbox": {"xmin": 195, "ymin": 170, "ymax": 223, "xmax": 249}}], [{"tid": 0, "generated": 0, "bbox": {"xmin": 86, "ymin": 130, "ymax": 316, "xmax": 352}}, {"tid": 1, "generated": 0, "bbox": {"xmin": 199, "ymin": 171, "ymax": 225, "xmax": 252}}], [{"tid": 0, "generated": 0, "bbox": {"xmin": 95, "ymin": 128, "ymax": 316, "xmax": 352}}, {"tid": 1, "generated": 0, "bbox": {"xmin": 204, "ymin": 173, "ymax": 226, "xmax": 254}}], [{"tid": 0, "generated": 0, "bbox": {"xmin": 105, "ymin": 127, "ymax": 316, "xmax": 353}}, {"tid": 1, "generated": 0, "bbox": {"xmin": 208, "ymin": 174, "ymax": 228, "xmax": 257}}], [], [], [], [], [], [], [], [], [], [], [], [], [], [], [], [], [], [], [], [], [], [], [], [], [], [], [], [], [], [], [{"tid": 0, "generated": 0, "bbox": {"xmin": 145, "ymin": 105, "ymax": 324, "xmax": 350}}, {"tid": 1, "generated": 0, "bbox": {"xmin": 230, "ymin": 155, "ymax": 221, "xmax": 278}}], [{"tid": 0, "generated": 0, "bbox": {"xmin": 141, "ymin": 106, "ymax": 327, "xmax": 349}}, {"tid": 1, "generated": 0, "bbox": {"xmin": 227, "ymin": 159, "ymax": 224, "xmax": 276}}], [{"tid": 0, "generated": 0, "bbox": {"xmin": 137, "ymin": 108, "ymax": 330, "xmax": 349}}, {"tid": 1, "generated": 0, "bbox": {"xmin": 224, "ymin": 163, "ymax": 227, "xmax": 274}}], [{"tid": 0, "generated": 0, "bbox": {"xmin": 133, "ymin": 109, "ymax": 333, "xmax": 348}}, {"tid": 1, "generated": 0, "bbox": {"xmin": 220, "ymin": 166, "ymax": 230, "xmax": 271}}], [{"tid": 0, "generated": 0, "bbox": {"xmin": 129, "ymin": 111, "ymax": 336, "xmax": 348}}, {"tid": 1, "generated": 0, "bbox": {"xmin": 217, "ymin": 170, "ymax": 233, "xmax": 269}}], [{"tid": 0, "generated": 0, "bbox": {"xmin": 120, "ymin": 109, "ymax": 334, "xmax": 345}}, {"tid": 1, "generated": 0, "bbox": {"xmin": 214, "ymin": 174, "ymax": 236, "xmax": 267}}], [{"tid": 0, "generated": 0, "bbox": {"xmin": 106, "ymin": 107, "ymax": 336, "xmax": 344}}, {"tid": 1, "generated": 0, "bbox": {"xmin": 212, "ymin": 174, "ymax": 236, "xmax": 266}}], [{"tid": 0, "generated": 0, "bbox": {"xmin": 92, "ymin": 105, "ymax": 338, "xmax": 344}}, {"tid": 1, "generated": 0, "bbox": {"xmin": 210, "ymin": 173, "ymax": 236, "xmax": 264}}], [{"tid": 0, "generated": 0, "bbox": {"xmin": 78, "ymin": 104, "ymax": 341, "xmax": 344}}, {"tid": 1, "generated": 0, "bbox": {"xmin": 209, "ymin": 173, "ymax": 235, "xmax": 263}}], [{"tid": 0, "generated": 0, "bbox": {"xmin": 77, "ymin": 98, "ymax": 338, "xmax": 353}}, {"tid": 1, "generated": 0, "bbox": {"xmin": 207, "ymin": 172, "ymax": 235, "xmax": 261}}], [{"tid": 0, "generated": 0, "bbox": {"xmin": 76, "ymin": 93, "ymax": 336, "xmax": 362}}, {"tid": 1, "generated": 0, "bbox": {"xmin": 205, "ymin": 172, "ymax": 235, "xmax": 260}}], [{"tid": 0, "generated": 0, "bbox": {"xmin": 76, "ymin": 88, "ymax": 334, "xmax": 372}}, {"tid": 1, "generated": 0, "bbox": {"xmin": 222, "ymin": 173, "ymax": 235, "xmax": 279}}], [{"tid": 0, "generated": 0, "bbox": {"xmin": 88, "ymin": 95, "ymax": 334, "xmax": 390}}, {"tid": 1, "generated": 0, "bbox": {"xmin": 238, "ymin": 174, "ymax": 235, "xmax": 299}}], [{"tid": 0, "generated": 0, "bbox": {"xmin": 100, "ymin": 102, "ymax": 334, "xmax": 409}}, {"tid": 1, "generated": 0, "bbox": {"xmin": 255, "ymin": 174, "ymax": 235, "xmax": 318}}], [{"tid": 0, "generated": 0, "bbox": {"xmin": 112, "ymin": 109, "ymax": 334, "xmax": 428}}, {"tid": 1, "generated": 0, "bbox": {"xmin": 271, "ymin": 175, "ymax": 235, "xmax": 338}}], [{"tid": 0, "generated": 0, "bbox": {"xmin": 136, "ymin": 116, "ymax": 344, "xmax": 480}}, {"tid": 1, "generated": 0, "bbox": {"xmin": 288, "ymin": 176, "ymax": 235, "xmax": 357}}], [{"tid": 0, "generated": 0, "bbox": {"xmin": 136, "ymin": 124, "ymax": 347, "xmax": 494}}, {"tid": 1, "generated": 0, "bbox": {"xmin": 296, "ymin": 185, "ymax": 245, "xmax": 369}}], [{"tid": 0, "generated": 0, "bbox": {"xmin": 136, "ymin": 133, "ymax": 351, "xmax": 508}}, {"tid": 1, "generated": 0, "bbox": {"xmin": 303, "ymin": 193, "ymax": 255, "xmax": 381}}], [{"tid": 0, "generated": 0, "bbox": {"xmin": 137, "ymin": 142, "ymax": 354, "xmax": 523}}, {"tid": 1, "generated": 0, "bbox": {"xmin": 311, "ymin": 202, "ymax": 264, "xmax": 393}}], [{"tid": 0, "generated": 0, "bbox": {"xmin": 137, "ymin": 151, "ymax": 358, "xmax": 537}}, {"tid": 1, "generated": 0, "bbox": {"xmin": 318, "ymin": 210, "ymax": 274, "xmax": 405}}], [{"tid": 0, "generated": 0, "bbox": {"xmin": 138, "ymin": 160, "ymax": 361, "xmax": 551}}, {"tid": 1, "generated": 0, "bbox": {"xmin": 326, "ymin": 219, "ymax": 284, "xmax": 417}}], [{"tid": 0, "generated": 0, "bbox": {"xmin": 138, "ymin": 169, "ymax": 365, "xmax": 566}}, {"tid": 1, "generated": 0, "bbox": {"xmin": 323, "ymin": 223, "ymax": 286, "xmax": 418}}], [{"tid": 0, "generated": 0, "bbox": {"xmin": 139, "ymin": 178, "ymax": 368, "xmax": 580}}, {"tid": 1, "generated": 0, "bbox": {"xmin": 321, "ymin": 227, "ymax": 287, "xmax": 419}}], [{"tid": 0, "generated": 0, "bbox": {"xmin": 139, "ymin": 187, "ymax": 372, "xmax": 594}}, {"tid": 1, "generated": 0, "bbox": {"xmin": 318, "ymin": 231, "ymax": 289, "xmax": 419}}], [{"tid": 0, "generated": 0, "bbox": {"xmin": 140, "ymin": 196, "ymax": 376, "xmax": 609}}, {"tid": 1, "generated": 0, "bbox": {"xmin": 316, "ymin": 235, "ymax": 290, "xmax": 420}}], [{"tid": 0, "generated": 0, "bbox": {"xmin": 132, "ymin": 189, "ymax": 376, "xmax": 600}}, {"tid": 1, "generated": 0, "bbox": {"xmin": 313, "ymin": 239, "ymax": 292, "xmax": 421}}], [{"tid": 0, "generated": 0, "bbox": {"xmin": 124, "ymin": 183, "ymax": 376, "xmax": 592}}, {"tid": 1, "generated": 0, "bbox": {"xmin": 305, "ymin": 237, "ymax": 290, "xmax": 412}}], [{"tid": 0, "generated": 0, "bbox": {"xmin": 116, "ymin": 177, "ymax": 377, "xmax": 584}}, {"tid": 1, "generated": 0, "bbox": {"xmin": 298, "ymin": 235, "ymax": 288, "xmax": 403}}], [{"tid": 0, "generated": 0, "bbox": {"xmin": 108, "ymin": 171, "ymax": 377, "xmax": 575}}, {"tid": 1, "generated": 0, "bbox": {"xmin": 290, "ymin": 232, "ymax": 287, "xmax": 393}}], [{"tid": 0, "generated": 0, "bbox": {"xmin": 100, "ymin": 165, "ymax": 378, "xmax": 567}}, {"tid": 1, "generated": 0, "bbox": {"xmin": 283, "ymin": 230, "ymax": 285, "xmax": 384}}]], "subject/objects": [{"category": "car", "tid": 0}, {"category": "person", "tid": 1}], "relation_instances": [{"end_fid": 30, "subject_tid": 0, "predicate": "larger", "begin_fid": 0, "object_tid": 1}, {"end_fid": 30, "subject_tid": 1, "predicate": "sit_inside", "begin_fid": 0, "object_tid": 0}, {"end_fid": 30, "subject_tid": 1, "predicate": "drive", "begin_fid": 0, "object_tid": 0}, {"end_fid": 90, "subject_tid": 0, "predicate": "larger", "begin_fid": 60, "object_tid": 1}, {"end_fid": 90, "subject_tid": 1, "predicate": "sit_inside", "begin_fid": 60, "object_tid": 0}, {"end_fid": 90, "subject_tid": 1, "predicate": "drive", "begin_fid": 60, "object_tid": 0}], "height": 480}