{"width": 1920, "frame_count": 131, "video_id": "ILSVRC2015_train_00010008", "fps": 30, "trajectories": [[{"tid": 0, "generated": 0, "bbox": {"xmin": 821, "ymin": 554, "ymax": 680, "xmax": 960}}, {"tid": 1, "generated": 0, "bbox": {"xmin": 822, "ymin": 492, "ymax": 623, "xmax": 936}}], [{"tid": 0, "generated": 0, "bbox": {"xmin": 828, "ymin": 559, "ymax": 685, "xmax": 971}}, {"tid": 1, "generated": 0, "bbox": {"xmin": 830, "ymin": 496, "ymax": 625, "xmax": 945}}], [{"tid": 0, "generated": 0, "bbox": {"xmin": 835, "ymin": 564, "ymax": 690, "xmax": 982}}, {"tid": 1, "generated": 0, "bbox": {"xmin": 838, "ymin": 500, "ymax": 627, "xmax": 953}}], [{"tid": 0, "generated": 0, "bbox": {"xmin": 842, "ymin": 570, "ymax": 695, "xmax": 993}}, {"tid": 1, "generated": 0, "bbox": {"xmin": 845, "ymin": 504, "ymax": 629, "xmax": 962}}], [{"tid": 0, "generated": 0, "bbox": {"xmin": 849, "ymin": 575, "ymax": 700, "xmax": 1004}}, {"tid": 1, "generated": 0, "bbox": {"xmin": 853, "ymin": 508, "ymax": 631, "xmax": 970}}], [{"tid": 0, "generated": 0, "bbox": {"xmin": 856, "ymin": 581, "ymax": 706, "xmax": 1016}}, {"tid": 1, "generated": 0, "bbox": {"xmin": 861, "ymin": 512, "ymax": 633, "xmax": 979}}], [{"tid": 0, "generated": 0, "bbox": {"xmin": 865, "ymin": 586, "ymax": 711, "xmax": 1027}}, {"tid": 1, "generated": 0, "bbox": {"xmin": 873, "ymin": 518, "ymax": 642, "xmax": 991}}], [{"tid": 0, "generated": 0, "bbox": {"xmin": 874, "ymin": 591, "ymax": 716, "xmax": 1038}}, {"tid": 1, "generated": 0, "bbox": {"xmin": 885, "ymin": 524, "ymax": 652, "xmax": 1004}}], [{"tid": 0, "generated": 0, "bbox": {"xmin": 883, "ymin": 597, "ymax": 722, "xmax": 1049}}, {"tid": 1, "generated": 0, "bbox": {"xmin": 897, "ymin": 531, "ymax": 661, "xmax": 1016}}], [{"tid": 0, "generated": 0, "bbox": {"xmin": 892, "ymin": 602, "ymax": 727, "xmax": 1060}}, {"tid": 1, "generated": 0, "bbox": {"xmin": 909, "ymin": 537, "ymax": 671, "xmax": 1029}}], [{"tid": 0, "generated": 0, "bbox": {"xmin": 901, "ymin": 608, "ymax": 733, "xmax": 1072}}, {"tid": 1, "generated": 0, "bbox": {"xmin": 921, "ymin": 543, "ymax": 680, "xmax": 1041}}], [{"tid": 0, "generated": 0, "bbox": {"xmin": 906, "ymin": 611, "ymax": 736, "xmax": 1078}}, {"tid": 1, "generated": 0, "bbox": {"xmin": 925, "ymin": 544, "ymax": 680, "xmax": 1048}}], [{"tid": 0, "generated": 0, "bbox": {"xmin": 911, "ymin": 615, "ymax": 740, "xmax": 1084}}, {"tid": 1, "generated": 0, "bbox": {"xmin": 928, "ymin": 545, "ymax": 680, "xmax": 1055}}], [{"tid": 0, "generated": 0, "bbox": {"xmin": 917, "ymin": 618, "ymax": 744, "xmax": 1091}}, {"tid": 1, "generated": 0, "bbox": {"xmin": 932, "ymin": 545, "ymax": 681, "xmax": 1062}}], [{"tid": 0, "generated": 0, "bbox": {"xmin": 922, "ymin": 622, "ymax": 748, "xmax": 1097}}, {"tid": 1, "generated": 0, "bbox": {"xmin": 935, "ymin": 546, "ymax": 681, "xmax": 1069}}], [{"tid": 0, "generated": 0, "bbox": {"xmin": 928, "ymin": 626, "ymax": 752, "xmax": 1104}}, {"tid": 1, "generated": 0, "bbox": {"xmin": 939, "ymin": 547, "ymax": 681, "xmax": 1076}}], [{"tid": 0, "generated": 0, "bbox": {"xmin": 929, "ymin": 622, "ymax": 746, "xmax": 1110}}, {"tid": 1, "generated": 0, "bbox": {"xmin": 939, "ymin": 547, "ymax": 681, "xmax": 1076}}], [{"tid": 0, "generated": 0, "bbox": {"xmin": 930, "ymin": 618, "ymax": 741, "xmax": 1117}}, {"tid": 1, "generated": 0, "bbox": {"xmin": 939, "ymin": 547, "ymax": 681, "xmax": 1076}}], [{"tid": 0, "generated": 0, "bbox": {"xmin": 932, "ymin": 616, "ymax": 740, "xmax": 1107}}, {"tid": 1, "generated": 0, "bbox": {"xmin": 939, "ymin": 547, "ymax": 681, "xmax": 1076}}], [{"tid": 0, "generated": 0, "bbox": {"xmin": 935, "ymin": 614, "ymax": 739, "xmax": 1097}}, {"tid": 1, "generated": 0, "bbox": {"xmin": 939, "ymin": 547, "ymax": 681, "xmax": 1076}}], [{"tid": 0, "generated": 0, "bbox": {"xmin": 938, "ymin": 613, "ymax": 738, "xmax": 1088}}, {"tid": 1, "generated": 0, "bbox": {"xmin": 939, "ymin": 547, "ymax": 681, "xmax": 1076}}], [{"tid": 0, "generated": 0, "bbox": {"xmin": 941, "ymin": 615, "ymax": 745, "xmax": 1099}}, {"tid": 1, "generated": 0, "bbox": {"xmin": 939, "ymin": 547, "ymax": 685, "xmax": 1081}}], [{"tid": 0, "generated": 0, "bbox": {"xmin": 944, "ymin": 618, "ymax": 753, "xmax": 1110}}, {"tid": 1, "generated": 0, "bbox": {"xmin": 938, "ymin": 547, "ymax": 688, "xmax": 1087}}], [{"tid": 0, "generated": 0, "bbox": {"xmin": 947, "ymin": 620, "ymax": 760, "xmax": 1121}}, {"tid": 1, "generated": 0, "bbox": {"xmin": 938, "ymin": 547, "ymax": 692, "xmax": 1092}}], [{"tid": 0, "generated": 0, "bbox": {"xmin": 950, "ymin": 623, "ymax": 768, "xmax": 1132}}, {"tid": 1, "generated": 0, "bbox": {"xmin": 937, "ymin": 547, "ymax": 695, "xmax": 1098}}], [{"tid": 0, "generated": 0, "bbox": {"xmin": 954, "ymin": 626, "ymax": 776, "xmax": 1144}}, {"tid": 1, "generated": 0, "bbox": {"xmin": 937, "ymin": 547, "ymax": 699, "xmax": 1103}}], [{"tid": 0, "generated": 0, "bbox": {"xmin": 949, "ymin": 627, "ymax": 780, "xmax": 1149}}, {"tid": 1, "generated": 0, "bbox": {"xmin": 937, "ymin": 547, "ymax": 699, "xmax": 1106}}], [{"tid": 0, "generated": 0, "bbox": {"xmin": 944, "ymin": 629, "ymax": 784, "xmax": 1154}}, {"tid": 1, "generated": 0, "bbox": {"xmin": 937, "ymin": 547, "ymax": 700, "xmax": 1110}}], [{"tid": 0, "generated": 0, "bbox": {"xmin": 955, "ymin": 631, "ymax": 790, "xmax": 1159}}, {"tid": 1, "generated": 0, "bbox": {"xmin": 937, "ymin": 547, "ymax": 700, "xmax": 1113}}], [{"tid": 0, "generated": 0, "bbox": {"xmin": 966, "ymin": 634, "ymax": 796, "xmax": 1164}}, {"tid": 1, "generated": 0, "bbox": {"xmin": 937, "ymin": 547, "ymax": 701, "xmax": 1117}}], [], [], [], [], [], [], [], [], [], [], [], [], [], [], [], [{"tid": 0, "generated": 0, "bbox": {"xmin": 933, "ymin": 648, "ymax": 920, "xmax": 1216}}, {"tid": 1, "generated": 0, "bbox": {"xmin": 899, "ymin": 479, "ymax": 865, "xmax": 1128}}], [{"tid": 0, "generated": 0, "bbox": {"xmin": 918, "ymin": 649, "ymax": 931, "xmax": 1213}}, {"tid": 1, "generated": 0, "bbox": {"xmin": 887, "ymin": 475, "ymax": 866, "xmax": 1123}}], [{"tid": 0, "generated": 0, "bbox": {"xmin": 904, "ymin": 650, "ymax": 943, "xmax": 1210}}, {"tid": 1, "generated": 0, "bbox": {"xmin": 875, "ymin": 471, "ymax": 867, "xmax": 1119}}], [{"tid": 0, "generated": 0, "bbox": {"xmin": 889, "ymin": 651, "ymax": 954, "xmax": 1207}}, {"tid": 1, "generated": 0, "bbox": {"xmin": 863, "ymin": 468, "ymax": 867, "xmax": 1114}}], [{"tid": 0, "generated": 0, "bbox": {"xmin": 875, "ymin": 652, "ymax": 966, "xmax": 1204}}, {"tid": 1, "generated": 0, "bbox": {"xmin": 851, "ymin": 464, "ymax": 868, "xmax": 1110}}], [{"tid": 0, "generated": 0, "bbox": {"xmin": 861, "ymin": 653, "ymax": 978, "xmax": 1202}}, {"tid": 1, "generated": 0, "bbox": {"xmin": 839, "ymin": 460, "ymax": 869, "xmax": 1105}}], [{"tid": 0, "generated": 0, "bbox": {"xmin": 829, "ymin": 655, "ymax": 993, "xmax": 1189}}, {"tid": 1, "generated": 0, "bbox": {"xmin": 808, "ymin": 449, "ymax": 874, "xmax": 1088}}], [{"tid": 0, "generated": 0, "bbox": {"xmin": 797, "ymin": 658, "ymax": 1009, "xmax": 1177}}, {"tid": 1, "generated": 0, "bbox": {"xmin": 777, "ymin": 438, "ymax": 880, "xmax": 1071}}], [{"tid": 0, "generated": 0, "bbox": {"xmin": 765, "ymin": 660, "ymax": 1024, "xmax": 1165}}, {"tid": 1, "generated": 0, "bbox": {"xmin": 746, "ymin": 426, "ymax": 885, "xmax": 1054}}], [{"tid": 0, "generated": 0, "bbox": {"xmin": 733, "ymin": 663, "ymax": 1040, "xmax": 1153}}, {"tid": 1, "generated": 0, "bbox": {"xmin": 715, "ymin": 415, "ymax": 891, "xmax": 1037}}], [{"tid": 0, "generated": 0, "bbox": {"xmin": 701, "ymin": 666, "ymax": 1056, "xmax": 1141}}, {"tid": 1, "generated": 0, "bbox": {"xmin": 684, "ymin": 404, "ymax": 896, "xmax": 1020}}], [{"tid": 0, "generated": 0, "bbox": {"xmin": 680, "ymin": 672, "ymax": 1060, "xmax": 1143}}, {"tid": 1, "generated": 0, "bbox": {"xmin": 666, "ymin": 398, "ymax": 918, "xmax": 1019}}], [{"tid": 0, "generated": 0, "bbox": {"xmin": 659, "ymin": 678, "ymax": 1065, "xmax": 1145}}, {"tid": 1, "generated": 0, "bbox": {"xmin": 648, "ymin": 393, "ymax": 940, "xmax": 1018}}], [{"tid": 0, "generated": 0, "bbox": {"xmin": 638, "ymin": 685, "ymax": 1070, "xmax": 1147}}, {"tid": 1, "generated": 0, "bbox": {"xmin": 629, "ymin": 387, "ymax": 963, "xmax": 1018}}], [{"tid": 0, "generated": 0, "bbox": {"xmin": 617, "ymin": 691, "ymax": 1075, "xmax": 1149}}, {"tid": 1, "generated": 0, "bbox": {"xmin": 611, "ymin": 382, "ymax": 985, "xmax": 1017}}], [{"tid": 0, "generated": 0, "bbox": {"xmin": 597, "ymin": 698, "ymax": 1079, "xmax": 1152}}, {"tid": 1, "generated": 0, "bbox": {"xmin": 593, "ymin": 376, "ymax": 1007, "xmax": 1016}}], [{"tid": 0, "generated": 0, "bbox": {"xmin": 571, "ymin": 700, "ymax": 1078, "xmax": 1167}}, {"tid": 1, "generated": 0, "bbox": {"xmin": 586, "ymin": 368, "ymax": 1019, "xmax": 1025}}], [{"tid": 0, "generated": 0, "bbox": {"xmin": 545, "ymin": 703, "ymax": 1076, "xmax": 1182}}, {"tid": 1, "generated": 0, "bbox": {"xmin": 578, "ymin": 361, "ymax": 1032, "xmax": 1034}}], [{"tid": 0, "generated": 0, "bbox": {"xmin": 520, "ymin": 706, "ymax": 1074, "xmax": 1197}}, {"tid": 1, "generated": 0, "bbox": {"xmin": 571, "ymin": 353, "ymax": 1044, "xmax": 1042}}], [{"tid": 0, "generated": 0, "bbox": {"xmin": 510, "ymin": 713, "ymax": 1077, "xmax": 1229}}, {"tid": 1, "generated": 0, "bbox": {"xmin": 563, "ymin": 346, "ymax": 1057, "xmax": 1051}}], [{"tid": 0, "generated": 0, "bbox": {"xmin": 501, "ymin": 720, "ymax": 1079, "xmax": 1261}}, {"tid": 1, "generated": 0, "bbox": {"xmin": 556, "ymin": 338, "ymax": 1069, "xmax": 1060}}], [{"tid": 0, "generated": 0, "bbox": {"xmin": 484, "ymin": 730, "ymax": 1079, "xmax": 1279}}, {"tid": 1, "generated": 0, "bbox": {"xmin": 557, "ymin": 340, "ymax": 1069, "xmax": 1077}}], [{"tid": 0, "generated": 0, "bbox": {"xmin": 467, "ymin": 740, "ymax": 1079, "xmax": 1297}}, {"tid": 1, "generated": 0, "bbox": {"xmin": 559, "ymin": 343, "ymax": 1070, "xmax": 1094}}], [{"tid": 0, "generated": 0, "bbox": {"xmin": 450, "ymin": 750, "ymax": 1079, "xmax": 1315}}, {"tid": 1, "generated": 0, "bbox": {"xmin": 560, "ymin": 345, "ymax": 1070, "xmax": 1110}}], [{"tid": 0, "generated": 0, "bbox": {"xmin": 433, "ymin": 760, "ymax": 1079, "xmax": 1333}}, {"tid": 1, "generated": 0, "bbox": {"xmin": 562, "ymin": 348, "ymax": 1071, "xmax": 1127}}], [{"tid": 0, "generated": 0, "bbox": {"xmin": 416, "ymin": 770, "ymax": 1079, "xmax": 1352}}, {"tid": 1, "generated": 0, "bbox": {"xmin": 563, "ymin": 350, "ymax": 1071, "xmax": 1144}}], [{"tid": 0, "generated": 0, "bbox": {"xmin": 430, "ymin": 782, "ymax": 1078, "xmax": 1359}}, {"tid": 1, "generated": 0, "bbox": {"xmin": 595, "ymin": 363, "ymax": 1072, "xmax": 1181}}], [{"tid": 0, "generated": 0, "bbox": {"xmin": 444, "ymin": 795, "ymax": 1076, "xmax": 1366}}, {"tid": 1, "generated": 0, "bbox": {"xmin": 627, "ymin": 376, "ymax": 1073, "xmax": 1219}}], [{"tid": 0, "generated": 0, "bbox": {"xmin": 458, "ymin": 808, "ymax": 1074, "xmax": 1373}}, {"tid": 1, "generated": 0, "bbox": {"xmin": 660, "ymin": 390, "ymax": 1073, "xmax": 1256}}], [{"tid": 0, "generated": 0, "bbox": {"xmin": 501, "ymin": 822, "ymax": 1077, "xmax": 1381}}, {"tid": 1, "generated": 0, "bbox": {"xmin": 692, "ymin": 403, "ymax": 1074, "xmax": 1294}}], [], [], [], [], [], [], [], [], [], [], [], [], [], [], [], [{"tid": 0, "generated": 0, "bbox": {"xmin": 1088, "ymin": 674, "ymax": 1056, "xmax": 1288}}, {"tid": 1, "generated": 0, "bbox": {"xmin": 1079, "ymin": 484, "ymax": 895, "xmax": 1293}}], [{"tid": 0, "generated": 0, "bbox": {"xmin": 1097, "ymin": 666, "ymax": 1033, "xmax": 1278}}, {"tid": 1, "generated": 0, "bbox": {"xmin": 1082, "ymin": 484, "ymax": 882, "xmax": 1291}}], [{"tid": 0, "generated": 0, "bbox": {"xmin": 1106, "ymin": 659, "ymax": 1011, "xmax": 1268}}, {"tid": 1, "generated": 0, "bbox": {"xmin": 1085, "ymin": 484, "ymax": 870, "xmax": 1288}}], [{"tid": 0, "generated": 0, "bbox": {"xmin": 1115, "ymin": 651, "ymax": 988, "xmax": 1259}}, {"tid": 1, "generated": 0, "bbox": {"xmin": 1089, "ymin": 484, "ymax": 857, "xmax": 1286}}], [{"tid": 0, "generated": 0, "bbox": {"xmin": 1124, "ymin": 644, "ymax": 966, "xmax": 1249}}, {"tid": 1, "generated": 0, "bbox": {"xmin": 1092, "ymin": 484, "ymax": 845, "xmax": 1283}}], [{"tid": 0, "generated": 0, "bbox": {"xmin": 1133, "ymin": 637, "ymax": 944, "xmax": 1240}}, {"tid": 1, "generated": 0, "bbox": {"xmin": 1095, "ymin": 484, "ymax": 832, "xmax": 1281}}], [{"tid": 0, "generated": 0, "bbox": {"xmin": 1128, "ymin": 628, "ymax": 926, "xmax": 1235}}, {"tid": 1, "generated": 0, "bbox": {"xmin": 1095, "ymin": 481, "ymax": 821, "xmax": 1273}}], [{"tid": 0, "generated": 0, "bbox": {"xmin": 1124, "ymin": 619, "ymax": 909, "xmax": 1231}}, {"tid": 1, "generated": 0, "bbox": {"xmin": 1094, "ymin": 478, "ymax": 811, "xmax": 1265}}], [{"tid": 0, "generated": 0, "bbox": {"xmin": 1120, "ymin": 611, "ymax": 892, "xmax": 1226}}, {"tid": 1, "generated": 0, "bbox": {"xmin": 1094, "ymin": 475, "ymax": 800, "xmax": 1256}}], [{"tid": 0, "generated": 0, "bbox": {"xmin": 1116, "ymin": 602, "ymax": 875, "xmax": 1222}}, {"tid": 1, "generated": 0, "bbox": {"xmin": 1093, "ymin": 472, "ymax": 790, "xmax": 1248}}], [{"tid": 0, "generated": 0, "bbox": {"xmin": 1112, "ymin": 594, "ymax": 858, "xmax": 1218}}, {"tid": 1, "generated": 0, "bbox": {"xmin": 1093, "ymin": 469, "ymax": 779, "xmax": 1240}}], [{"tid": 0, "generated": 0, "bbox": {"xmin": 1114, "ymin": 591, "ymax": 846, "xmax": 1214}}, {"tid": 1, "generated": 0, "bbox": {"xmin": 1095, "ymin": 467, "ymax": 768, "xmax": 1240}}], [{"tid": 0, "generated": 0, "bbox": {"xmin": 1116, "ymin": 588, "ymax": 834, "xmax": 1211}}, {"tid": 1, "generated": 0, "bbox": {"xmin": 1097, "ymin": 466, "ymax": 757, "xmax": 1240}}], [{"tid": 0, "generated": 0, "bbox": {"xmin": 1118, "ymin": 586, "ymax": 823, "xmax": 1208}}, {"tid": 1, "generated": 0, "bbox": {"xmin": 1100, "ymin": 464, "ymax": 746, "xmax": 1240}}], [{"tid": 0, "generated": 0, "bbox": {"xmin": 1120, "ymin": 583, "ymax": 811, "xmax": 1205}}, {"tid": 1, "generated": 0, "bbox": {"xmin": 1102, "ymin": 463, "ymax": 735, "xmax": 1240}}], [{"tid": 0, "generated": 0, "bbox": {"xmin": 1122, "ymin": 581, "ymax": 800, "xmax": 1202}}, {"tid": 1, "generated": 0, "bbox": {"xmin": 1104, "ymin": 461, "ymax": 724, "xmax": 1240}}], [{"tid": 0, "generated": 0, "bbox": {"xmin": 1121, "ymin": 580, "ymax": 790, "xmax": 1195}}, {"tid": 1, "generated": 0, "bbox": {"xmin": 1104, "ymin": 461, "ymax": 720, "xmax": 1236}}], [{"tid": 0, "generated": 0, "bbox": {"xmin": 1121, "ymin": 579, "ymax": 781, "xmax": 1189}}, {"tid": 1, "generated": 0, "bbox": {"xmin": 1104, "ymin": 461, "ymax": 716, "xmax": 1232}}], [{"tid": 0, "generated": 0, "bbox": {"xmin": 1120, "ymin": 579, "ymax": 772, "xmax": 1182}}, {"tid": 1, "generated": 0, "bbox": {"xmin": 1104, "ymin": 461, "ymax": 711, "xmax": 1228}}], [{"tid": 0, "generated": 0, "bbox": {"xmin": 1120, "ymin": 578, "ymax": 763, "xmax": 1176}}, {"tid": 1, "generated": 0, "bbox": {"xmin": 1104, "ymin": 461, "ymax": 707, "xmax": 1224}}], [{"tid": 0, "generated": 0, "bbox": {"xmin": 1120, "ymin": 578, "ymax": 754, "xmax": 1170}}, {"tid": 1, "generated": 0, "bbox": {"xmin": 1104, "ymin": 461, "ymax": 703, "xmax": 1220}}], [{"tid": 0, "generated": 0, "bbox": {"xmin": 1116, "ymin": 577, "ymax": 749, "xmax": 1166}}, {"tid": 1, "generated": 0, "bbox": {"xmin": 1103, "ymin": 464, "ymax": 698, "xmax": 1217}}], [{"tid": 0, "generated": 0, "bbox": {"xmin": 1112, "ymin": 576, "ymax": 745, "xmax": 1162}}, {"tid": 1, "generated": 0, "bbox": {"xmin": 1103, "ymin": 467, "ymax": 693, "xmax": 1213}}], [{"tid": 0, "generated": 0, "bbox": {"xmin": 1108, "ymin": 575, "ymax": 741, "xmax": 1159}}, {"tid": 1, "generated": 0, "bbox": {"xmin": 1102, "ymin": 470, "ymax": 689, "xmax": 1210}}], [{"tid": 0, "generated": 0, "bbox": {"xmin": 1104, "ymin": 574, "ymax": 737, "xmax": 1155}}, {"tid": 1, "generated": 0, "bbox": {"xmin": 1102, "ymin": 473, "ymax": 684, "xmax": 1206}}], [{"tid": 0, "generated": 0, "bbox": {"xmin": 1101, "ymin": 573, "ymax": 733, "xmax": 1152}}, {"tid": 1, "generated": 0, "bbox": {"xmin": 1101, "ymin": 476, "ymax": 679, "xmax": 1203}}], [{"tid": 0, "generated": 0, "bbox": {"xmin": 1101, "ymin": 572, "ymax": 729, "xmax": 1160}}, {"tid": 1, "generated": 0, "bbox": {"xmin": 1104, "ymin": 478, "ymax": 675, "xmax": 1204}}], [{"tid": 0, "generated": 0, "bbox": {"xmin": 1101, "ymin": 571, "ymax": 725, "xmax": 1168}}, {"tid": 1, "generated": 0, "bbox": {"xmin": 1108, "ymin": 481, "ymax": 671, "xmax": 1205}}], [{"tid": 0, "generated": 0, "bbox": {"xmin": 1101, "ymin": 570, "ymax": 721, "xmax": 1176}}, {"tid": 1, "generated": 0, "bbox": {"xmin": 1111, "ymin": 483, "ymax": 668, "xmax": 1205}}], [{"tid": 0, "generated": 0, "bbox": {"xmin": 1101, "ymin": 569, "ymax": 717, "xmax": 1184}}, {"tid": 1, "generated": 0, "bbox": {"xmin": 1115, "ymin": 486, "ymax": 664, "xmax": 1206}}]], "subject/objects": [{"category": "bicycle", "tid": 0}, {"category": "person", "tid": 1}], "relation_instances": [{"end_fid": 30, "subject_tid": 0, "predicate": "move_beneath", "begin_fid": 0, "object_tid": 1}, {"end_fid": 30, "subject_tid": 1, "predicate": "sit_above", "begin_fid": 0, "object_tid": 0}, {"end_fid": 30, "subject_tid": 1, "predicate": "ride", "begin_fid": 0, "object_tid": 0}, {"end_fid": 75, "subject_tid": 0, "predicate": "move_beneath", "begin_fid": 45, "object_tid": 1}, {"end_fid": 75, "subject_tid": 1, "predicate": "sit_above", "begin_fid": 45, "object_tid": 0}, {"end_fid": 75, "subject_tid": 1, "predicate": "ride", "begin_fid": 45, "object_tid": 0}, {"end_fid": 120, "subject_tid": 0, "predicate": "move_beneath", "begin_fid": 90, "object_tid": 1}, {"end_fid": 120, "subject_tid": 1, "predicate": "sit_above", "begin_fid": 90, "object_tid": 0}, {"end_fid": 120, "subject_tid": 1, "predicate": "ride", "begin_fid": 90, "object_tid": 0}], "height": 1080}