{"width": 1280, "frame_count": 59, "video_id": "ILSVRC2015_train_00073025", "fps": 24, "trajectories": [[{"tid": 0, "generated": 0, "bbox": {"xmin": 529, "ymin": 318, "ymax": 405, "xmax": 645}}, {"tid": 1, "generated": 0, "bbox": {"xmin": 730, "ymin": 314, "ymax": 405, "xmax": 844}}], [{"tid": 0, "generated": 0, "bbox": {"xmin": 526, "ymin": 318, "ymax": 405, "xmax": 642}}, {"tid": 1, "generated": 0, "bbox": {"xmin": 730, "ymin": 314, "ymax": 405, "xmax": 844}}], [{"tid": 0, "generated": 0, "bbox": {"xmin": 524, "ymin": 318, "ymax": 405, "xmax": 640}}, {"tid": 1, "generated": 0, "bbox": {"xmin": 731, "ymin": 314, "ymax": 405, "xmax": 845}}], [{"tid": 0, "generated": 0, "bbox": {"xmin": 522, "ymin": 318, "ymax": 405, "xmax": 638}}, {"tid": 1, "generated": 0, "bbox": {"xmin": 732, "ymin": 314, "ymax": 405, "xmax": 846}}], [{"tid": 0, "generated": 0, "bbox": {"xmin": 519, "ymin": 317, "ymax": 406, "xmax": 637}}, {"tid": 1, "generated": 0, "bbox": {"xmin": 733, "ymin": 314, "ymax": 406, "xmax": 849}}], [{"tid": 0, "generated": 0, "bbox": {"xmin": 517, "ymin": 317, "ymax": 407, "xmax": 637}}, {"tid": 1, "generated": 0, "bbox": {"xmin": 734, "ymin": 314, "ymax": 407, "xmax": 853}}], [{"tid": 0, "generated": 0, "bbox": {"xmin": 514, "ymin": 316, "ymax": 408, "xmax": 636}}, {"tid": 1, "generated": 0, "bbox": {"xmin": 736, "ymin": 314, "ymax": 408, "xmax": 856}}], [{"tid": 0, "generated": 0, "bbox": {"xmin": 512, "ymin": 316, "ymax": 409, "xmax": 636}}, {"tid": 1, "generated": 0, "bbox": {"xmin": 737, "ymin": 314, "ymax": 409, "xmax": 860}}], [{"tid": 0, "generated": 0, "bbox": {"xmin": 509, "ymin": 316, "ymax": 410, "xmax": 636}}, {"tid": 1, "generated": 0, "bbox": {"xmin": 739, "ymin": 315, "ymax": 410, "xmax": 863}}], [{"tid": 0, "generated": 0, "bbox": {"xmin": 507, "ymin": 315, "ymax": 411, "xmax": 635}}, {"tid": 1, "generated": 0, "bbox": {"xmin": 740, "ymin": 315, "ymax": 411, "xmax": 867}}], [{"tid": 0, "generated": 0, "bbox": {"xmin": 504, "ymin": 315, "ymax": 412, "xmax": 635}}, {"tid": 1, "generated": 0, "bbox": {"xmin": 741, "ymin": 315, "ymax": 412, "xmax": 870}}], [{"tid": 0, "generated": 0, "bbox": {"xmin": 502, "ymin": 314, "ymax": 413, "xmax": 634}}, {"tid": 1, "generated": 0, "bbox": {"xmin": 743, "ymin": 315, "ymax": 413, "xmax": 874}}], [{"tid": 0, "generated": 0, "bbox": {"xmin": 499, "ymin": 314, "ymax": 414, "xmax": 634}}, {"tid": 1, "generated": 0, "bbox": {"xmin": 744, "ymin": 315, "ymax": 414, "xmax": 877}}], [{"tid": 0, "generated": 0, "bbox": {"xmin": 497, "ymin": 314, "ymax": 416, "xmax": 634}}, {"tid": 1, "generated": 0, "bbox": {"xmin": 746, "ymin": 316, "ymax": 416, "xmax": 881}}], [{"tid": 0, "generated": 0, "bbox": {"xmin": 493, "ymin": 314, "ymax": 417, "xmax": 632}}, {"tid": 1, "generated": 0, "bbox": {"xmin": 747, "ymin": 316, "ymax": 417, "xmax": 885}}], [{"tid": 0, "generated": 0, "bbox": {"xmin": 489, "ymin": 314, "ymax": 418, "xmax": 630}}, {"tid": 1, "generated": 0, "bbox": {"xmin": 749, "ymin": 316, "ymax": 418, "xmax": 889}}], [{"tid": 0, "generated": 0, "bbox": {"xmin": 485, "ymin": 314, "ymax": 420, "xmax": 629}}, {"tid": 1, "generated": 0, "bbox": {"xmin": 750, "ymin": 316, "ymax": 420, "xmax": 893}}], [{"tid": 0, "generated": 0, "bbox": {"xmin": 482, "ymin": 314, "ymax": 421, "xmax": 627}}, {"tid": 1, "generated": 0, "bbox": {"xmin": 752, "ymin": 316, "ymax": 421, "xmax": 898}}], [{"tid": 0, "generated": 0, "bbox": {"xmin": 478, "ymin": 314, "ymax": 423, "xmax": 626}}, {"tid": 1, "generated": 0, "bbox": {"xmin": 754, "ymin": 316, "ymax": 423, "xmax": 902}}], [{"tid": 0, "generated": 0, "bbox": {"xmin": 474, "ymin": 314, "ymax": 424, "xmax": 624}}, {"tid": 1, "generated": 0, "bbox": {"xmin": 755, "ymin": 316, "ymax": 424, "xmax": 906}}], [{"tid": 0, "generated": 0, "bbox": {"xmin": 471, "ymin": 314, "ymax": 425, "xmax": 622}}, {"tid": 1, "generated": 0, "bbox": {"xmin": 757, "ymin": 316, "ymax": 425, "xmax": 911}}], [{"tid": 0, "generated": 0, "bbox": {"xmin": 467, "ymin": 314, "ymax": 427, "xmax": 621}}, {"tid": 1, "generated": 0, "bbox": {"xmin": 758, "ymin": 316, "ymax": 427, "xmax": 915}}], [{"tid": 0, "generated": 0, "bbox": {"xmin": 463, "ymin": 314, "ymax": 428, "xmax": 619}}, {"tid": 1, "generated": 0, "bbox": {"xmin": 760, "ymin": 316, "ymax": 428, "xmax": 919}}], [{"tid": 0, "generated": 0, "bbox": {"xmin": 460, "ymin": 314, "ymax": 430, "xmax": 618}}, {"tid": 1, "generated": 0, "bbox": {"xmin": 762, "ymin": 316, "ymax": 430, "xmax": 924}}], [{"tid": 0, "generated": 0, "bbox": {"xmin": 454, "ymin": 313, "ymax": 431, "xmax": 616}}, {"tid": 1, "generated": 0, "bbox": {"xmin": 764, "ymin": 314, "ymax": 432, "xmax": 931}}], [{"tid": 0, "generated": 0, "bbox": {"xmin": 448, "ymin": 312, "ymax": 433, "xmax": 614}}, {"tid": 1, "generated": 0, "bbox": {"xmin": 767, "ymin": 313, "ymax": 434, "xmax": 939}}], [{"tid": 0, "generated": 0, "bbox": {"xmin": 442, "ymin": 311, "ymax": 435, "xmax": 612}}, {"tid": 1, "generated": 0, "bbox": {"xmin": 770, "ymin": 312, "ymax": 436, "xmax": 946}}], [{"tid": 0, "generated": 0, "bbox": {"xmin": 436, "ymin": 310, "ymax": 437, "xmax": 610}}, {"tid": 1, "generated": 0, "bbox": {"xmin": 772, "ymin": 311, "ymax": 439, "xmax": 954}}], [{"tid": 0, "generated": 0, "bbox": {"xmin": 430, "ymin": 309, "ymax": 439, "xmax": 609}}, {"tid": 1, "generated": 0, "bbox": {"xmin": 775, "ymin": 310, "ymax": 441, "xmax": 962}}], [{"tid": 0, "generated": 0, "bbox": {"xmin": 424, "ymin": 308, "ymax": 441, "xmax": 607}}, {"tid": 1, "generated": 0, "bbox": {"xmin": 778, "ymin": 308, "ymax": 443, "xmax": 969}}]], "subject/objects": [{"category": "car", "tid": 0}, {"category": "car", "tid": 1}], "relation_instances": [{"end_fid": 30, "subject_tid": 0, "predicate": "move_right", "begin_fid": 0, "object_tid": 1}, {"end_fid": 30, "subject_tid": 0, "predicate": "move_with", "begin_fid": 0, "object_tid": 1}, {"end_fid": 30, "subject_tid": 1, "predicate": "move_with", "begin_fid": 0, "object_tid": 0}, {"end_fid": 30, "subject_tid": 1, "predicate": "move_left", "begin_fid": 0, "object_tid": 0}], "height": 720}