{"width": 1280, "frame_count": 50, "video_id": "ILSVRC2015_train_00073010", "fps": 24, "trajectories": [[{"tid": 0, "generated": 0, "bbox": {"xmin": 270, "ymin": 325, "ymax": 437, "xmax": 544}}, {"tid": 1, "generated": 0, "bbox": {"xmin": 485, "ymin": 305, "ymax": 576, "xmax": 1089}}], [{"tid": 0, "generated": 0, "bbox": {"xmin": 268, "ymin": 324, "ymax": 436, "xmax": 542}}, {"tid": 1, "generated": 0, "bbox": {"xmin": 484, "ymin": 304, "ymax": 575, "xmax": 1088}}], [{"tid": 0, "generated": 0, "bbox": {"xmin": 267, "ymin": 324, "ymax": 436, "xmax": 541}}, {"tid": 1, "generated": 0, "bbox": {"xmin": 483, "ymin": 304, "ymax": 575, "xmax": 1087}}], [{"tid": 0, "generated": 0, "bbox": {"xmin": 265, "ymin": 324, "ymax": 436, "xmax": 539}}, {"tid": 1, "generated": 0, "bbox": {"xmin": 482, "ymin": 304, "ymax": 575, "xmax": 1086}}], [{"tid": 0, "generated": 0, "bbox": {"xmin": 264, "ymin": 324, "ymax": 436, "xmax": 538}}, {"tid": 1, "generated": 0, "bbox": {"xmin": 481, "ymin": 304, "ymax": 575, "xmax": 1085}}], [{"tid": 0, "generated": 0, "bbox": {"xmin": 262, "ymin": 323, "ymax": 435, "xmax": 536}}, {"tid": 1, "generated": 0, "bbox": {"xmin": 481, "ymin": 304, "ymax": 574, "xmax": 1085}}], [{"tid": 0, "generated": 0, "bbox": {"xmin": 261, "ymin": 323, "ymax": 435, "xmax": 535}}, {"tid": 1, "generated": 0, "bbox": {"xmin": 480, "ymin": 304, "ymax": 574, "xmax": 1084}}], [{"tid": 0, "generated": 0, "bbox": {"xmin": 259, "ymin": 323, "ymax": 435, "xmax": 533}}, {"tid": 1, "generated": 0, "bbox": {"xmin": 479, "ymin": 304, "ymax": 574, "xmax": 1083}}], [{"tid": 0, "generated": 0, "bbox": {"xmin": 258, "ymin": 323, "ymax": 435, "xmax": 532}}, {"tid": 1, "generated": 0, "bbox": {"xmin": 478, "ymin": 304, "ymax": 574, "xmax": 1082}}], [{"tid": 0, "generated": 0, "bbox": {"xmin": 257, "ymin": 323, "ymax": 435, "xmax": 531}}, {"tid": 1, "generated": 0, "bbox": {"xmin": 478, "ymin": 304, "ymax": 574, "xmax": 1082}}], [{"tid": 0, "generated": 0, "bbox": {"xmin": 256, "ymin": 322, "ymax": 434, "xmax": 530}}, {"tid": 1, "generated": 0, "bbox": {"xmin": 478, "ymin": 304, "ymax": 574, "xmax": 1081}}], [{"tid": 0, "generated": 0, "bbox": {"xmin": 255, "ymin": 322, "ymax": 434, "xmax": 529}}, {"tid": 1, "generated": 0, "bbox": {"xmin": 478, "ymin": 304, "ymax": 574, "xmax": 1080}}], [{"tid": 0, "generated": 0, "bbox": {"xmin": 255, "ymin": 322, "ymax": 434, "xmax": 529}}, {"tid": 1, "generated": 0, "bbox": {"xmin": 478, "ymin": 304, "ymax": 574, "xmax": 1080}}], [{"tid": 0, "generated": 0, "bbox": {"xmin": 254, "ymin": 322, "ymax": 434, "xmax": 528}}, {"tid": 1, "generated": 0, "bbox": {"xmin": 478, "ymin": 304, "ymax": 574, "xmax": 1079}}], [{"tid": 0, "generated": 0, "bbox": {"xmin": 254, "ymin": 322, "ymax": 434, "xmax": 528}}, {"tid": 1, "generated": 0, "bbox": {"xmin": 478, "ymin": 304, "ymax": 574, "xmax": 1078}}], [{"tid": 0, "generated": 0, "bbox": {"xmin": 253, "ymin": 322, "ymax": 434, "xmax": 527}}, {"tid": 1, "generated": 0, "bbox": {"xmin": 478, "ymin": 304, "ymax": 574, "xmax": 1078}}], [{"tid": 0, "generated": 0, "bbox": {"xmin": 253, "ymin": 322, "ymax": 434, "xmax": 526}}, {"tid": 1, "generated": 0, "bbox": {"xmin": 478, "ymin": 304, "ymax": 574, "xmax": 1077}}], [{"tid": 0, "generated": 0, "bbox": {"xmin": 252, "ymin": 322, "ymax": 434, "xmax": 526}}, {"tid": 1, "generated": 0, "bbox": {"xmin": 478, "ymin": 304, "ymax": 574, "xmax": 1076}}], [{"tid": 0, "generated": 0, "bbox": {"xmin": 252, "ymin": 322, "ymax": 434, "xmax": 525}}, {"tid": 1, "generated": 0, "bbox": {"xmin": 478, "ymin": 304, "ymax": 574, "xmax": 1076}}], [{"tid": 0, "generated": 0, "bbox": {"xmin": 251, "ymin": 321, "ymax": 433, "xmax": 525}}, {"tid": 1, "generated": 0, "bbox": {"xmin": 478, "ymin": 304, "ymax": 574, "xmax": 1075}}], [{"tid": 0, "generated": 0, "bbox": {"xmin": 251, "ymin": 321, "ymax": 433, "xmax": 524}}, {"tid": 1, "generated": 0, "bbox": {"xmin": 478, "ymin": 304, "ymax": 574, "xmax": 1075}}], [{"tid": 0, "generated": 0, "bbox": {"xmin": 250, "ymin": 321, "ymax": 433, "xmax": 524}}, {"tid": 1, "generated": 0, "bbox": {"xmin": 478, "ymin": 304, "ymax": 574, "xmax": 1074}}], [{"tid": 0, "generated": 0, "bbox": {"xmin": 250, "ymin": 321, "ymax": 433, "xmax": 523}}, {"tid": 1, "generated": 0, "bbox": {"xmin": 478, "ymin": 304, "ymax": 574, "xmax": 1073}}], [{"tid": 0, "generated": 0, "bbox": {"xmin": 249, "ymin": 321, "ymax": 433, "xmax": 522}}, {"tid": 1, "generated": 0, "bbox": {"xmin": 478, "ymin": 304, "ymax": 574, "xmax": 1073}}], [{"tid": 0, "generated": 0, "bbox": {"xmin": 249, "ymin": 321, "ymax": 433, "xmax": 522}}, {"tid": 1, "generated": 0, "bbox": {"xmin": 478, "ymin": 304, "ymax": 574, "xmax": 1072}}], [{"tid": 0, "generated": 0, "bbox": {"xmin": 248, "ymin": 321, "ymax": 433, "xmax": 521}}, {"tid": 1, "generated": 0, "bbox": {"xmin": 478, "ymin": 304, "ymax": 574, "xmax": 1071}}], [{"tid": 0, "generated": 0, "bbox": {"xmin": 248, "ymin": 321, "ymax": 433, "xmax": 521}}, {"tid": 1, "generated": 0, "bbox": {"xmin": 478, "ymin": 304, "ymax": 574, "xmax": 1071}}], [{"tid": 0, "generated": 0, "bbox": {"xmin": 247, "ymin": 321, "ymax": 433, "xmax": 520}}, {"tid": 1, "generated": 0, "bbox": {"xmin": 478, "ymin": 304, "ymax": 574, "xmax": 1070}}], [{"tid": 0, "generated": 0, "bbox": {"xmin": 247, "ymin": 321, "ymax": 433, "xmax": 520}}, {"tid": 1, "generated": 0, "bbox": {"xmin": 478, "ymin": 304, "ymax": 574, "xmax": 1070}}], [{"tid": 0, "generated": 0, "bbox": {"xmin": 245, "ymin": 320, "ymax": 432, "xmax": 518}}, {"tid": 1, "generated": 0, "bbox": {"xmin": 478, "ymin": 303, "ymax": 573, "xmax": 1069}}], [{"tid": 0, "generated": 0, "bbox": {"xmin": 244, "ymin": 320, "ymax": 432, "xmax": 517}}, {"tid": 1, "generated": 0, "bbox": {"xmin": 478, "ymin": 302, "ymax": 572, "xmax": 1068}}], [{"tid": 0, "generated": 0, "bbox": {"xmin": 243, "ymin": 320, "ymax": 432, "xmax": 516}}, {"tid": 1, "generated": 0, "bbox": {"xmin": 479, "ymin": 301, "ymax": 571, "xmax": 1067}}], [{"tid": 0, "generated": 0, "bbox": {"xmin": 241, "ymin": 319, "ymax": 431, "xmax": 515}}, {"tid": 1, "generated": 0, "bbox": {"xmin": 479, "ymin": 301, "ymax": 571, "xmax": 1066}}], [{"tid": 0, "generated": 0, "bbox": {"xmin": 240, "ymin": 319, "ymax": 431, "xmax": 514}}, {"tid": 1, "generated": 0, "bbox": {"xmin": 479, "ymin": 300, "ymax": 570, "xmax": 1065}}], [{"tid": 0, "generated": 0, "bbox": {"xmin": 239, "ymin": 319, "ymax": 431, "xmax": 512}}, {"tid": 1, "generated": 0, "bbox": {"xmin": 480, "ymin": 299, "ymax": 569, "xmax": 1064}}], [{"tid": 0, "generated": 0, "bbox": {"xmin": 237, "ymin": 318, "ymax": 430, "xmax": 511}}, {"tid": 1, "generated": 0, "bbox": {"xmin": 480, "ymin": 298, "ymax": 569, "xmax": 1063}}], [{"tid": 0, "generated": 0, "bbox": {"xmin": 236, "ymin": 318, "ymax": 430, "xmax": 510}}, {"tid": 1, "generated": 0, "bbox": {"xmin": 480, "ymin": 298, "ymax": 568, "xmax": 1062}}], [{"tid": 0, "generated": 0, "bbox": {"xmin": 235, "ymin": 318, "ymax": 430, "xmax": 509}}, {"tid": 1, "generated": 0, "bbox": {"xmin": 481, "ymin": 297, "ymax": 567, "xmax": 1061}}], [{"tid": 0, "generated": 0, "bbox": {"xmin": 234, "ymin": 318, "ymax": 430, "xmax": 508}}, {"tid": 1, "generated": 0, "bbox": {"xmin": 481, "ymin": 296, "ymax": 567, "xmax": 1061}}], [{"tid": 0, "generated": 0, "bbox": {"xmin": 232, "ymin": 316, "ymax": 429, "xmax": 507}}, {"tid": 1, "generated": 0, "bbox": {"xmin": 481, "ymin": 295, "ymax": 566, "xmax": 1060}}], [{"tid": 0, "generated": 0, "bbox": {"xmin": 231, "ymin": 315, "ymax": 428, "xmax": 506}}, {"tid": 1, "generated": 0, "bbox": {"xmin": 482, "ymin": 295, "ymax": 565, "xmax": 1059}}], [{"tid": 0, "generated": 0, "bbox": {"xmin": 229, "ymin": 314, "ymax": 428, "xmax": 505}}, {"tid": 1, "generated": 0, "bbox": {"xmin": 482, "ymin": 294, "ymax": 564, "xmax": 1058}}], [{"tid": 0, "generated": 0, "bbox": {"xmin": 228, "ymin": 313, "ymax": 427, "xmax": 505}}, {"tid": 1, "generated": 0, "bbox": {"xmin": 482, "ymin": 293, "ymax": 564, "xmax": 1057}}], [{"tid": 0, "generated": 0, "bbox": {"xmin": 227, "ymin": 312, "ymax": 427, "xmax": 504}}, {"tid": 1, "generated": 0, "bbox": {"xmin": 483, "ymin": 292, "ymax": 563, "xmax": 1056}}], [{"tid": 0, "generated": 0, "bbox": {"xmin": 225, "ymin": 311, "ymax": 426, "xmax": 503}}, {"tid": 1, "generated": 0, "bbox": {"xmin": 483, "ymin": 292, "ymax": 562, "xmax": 1055}}]], "subject/objects": [{"category": "car", "tid": 0}, {"category": "car", "tid": 1}], "relation_instances": [{"end_fid": 30, "subject_tid": 0, "predicate": "stop_behind", "begin_fid": 0, "object_tid": 1}, {"end_fid": 30, "subject_tid": 0, "predicate": "stop_left", "begin_fid": 0, "object_tid": 1}, {"end_fid": 30, "subject_tid": 1, "predicate": "stop_front", "begin_fid": 0, "object_tid": 0}, {"end_fid": 30, "subject_tid": 1, "predicate": "stop_right", "begin_fid": 0, "object_tid": 0}, {"end_fid": 45, "subject_tid": 0, "predicate": "stop_behind", "begin_fid": 15, "object_tid": 1}, {"end_fid": 45, "subject_tid": 0, "predicate": "stop_left", "begin_fid": 15, "object_tid": 1}, {"end_fid": 45, "subject_tid": 1, "predicate": "stop_front", "begin_fid": 15, "object_tid": 0}, {"end_fid": 45, "subject_tid": 1, "predicate": "stop_right", "begin_fid": 15, "object_tid": 0}], "height": 720}