{"width": 1280, "frame_count": 100, "video_id": "ILSVRC2015_train_00240002", "fps": 24, "trajectories": [[{"tid": 0, "generated": 0, "bbox": {"xmin": 238, "ymin": 295, "ymax": 609, "xmax": 679}}, {"tid": 1, "generated": 0, "bbox": {"xmin": 293, "ymin": 169, "ymax": 512, "xmax": 548}}], [{"tid": 0, "generated": 0, "bbox": {"xmin": 236, "ymin": 293, "ymax": 608, "xmax": 677}}, {"tid": 1, "generated": 0, "bbox": {"xmin": 293, "ymin": 169, "ymax": 512, "xmax": 548}}], [{"tid": 0, "generated": 0, "bbox": {"xmin": 235, "ymin": 292, "ymax": 607, "xmax": 675}}, {"tid": 1, "generated": 0, "bbox": {"xmin": 293, "ymin": 169, "ymax": 512, "xmax": 548}}], [{"tid": 0, "generated": 0, "bbox": {"xmin": 234, "ymin": 291, "ymax": 606, "xmax": 673}}, {"tid": 1, "generated": 0, "bbox": {"xmin": 293, "ymin": 169, "ymax": 512, "xmax": 548}}], [{"tid": 0, "generated": 0, "bbox": {"xmin": 233, "ymin": 290, "ymax": 605, "xmax": 671}}, {"tid": 1, "generated": 0, "bbox": {"xmin": 293, "ymin": 169, "ymax": 512, "xmax": 548}}], [{"tid": 0, "generated": 0, "bbox": {"xmin": 231, "ymin": 288, "ymax": 605, "xmax": 669}}, {"tid": 1, "generated": 0, "bbox": {"xmin": 293, "ymin": 169, "ymax": 512, "xmax": 548}}], [{"tid": 0, "generated": 0, "bbox": {"xmin": 230, "ymin": 287, "ymax": 604, "xmax": 667}}, {"tid": 1, "generated": 0, "bbox": {"xmin": 293, "ymin": 169, "ymax": 512, "xmax": 548}}], [{"tid": 0, "generated": 0, "bbox": {"xmin": 229, "ymin": 286, "ymax": 603, "xmax": 665}}, {"tid": 1, "generated": 0, "bbox": {"xmin": 293, "ymin": 169, "ymax": 512, "xmax": 548}}], [{"tid": 0, "generated": 0, "bbox": {"xmin": 228, "ymin": 285, "ymax": 602, "xmax": 663}}, {"tid": 1, "generated": 0, "bbox": {"xmin": 293, "ymin": 169, "ymax": 512, "xmax": 548}}], [{"tid": 0, "generated": 0, "bbox": {"xmin": 227, "ymin": 284, "ymax": 602, "xmax": 661}}, {"tid": 1, "generated": 0, "bbox": {"xmin": 293, "ymin": 169, "ymax": 512, "xmax": 548}}], [{"tid": 0, "generated": 0, "bbox": {"xmin": 224, "ymin": 285, "ymax": 603, "xmax": 658}}, {"tid": 1, "generated": 0, "bbox": {"xmin": 293, "ymin": 169, "ymax": 512, "xmax": 548}}], [{"tid": 0, "generated": 0, "bbox": {"xmin": 222, "ymin": 286, "ymax": 604, "xmax": 656}}, {"tid": 1, "generated": 0, "bbox": {"xmin": 287, "ymin": 169, "ymax": 512, "xmax": 542}}], [{"tid": 0, "generated": 0, "bbox": {"xmin": 219, "ymin": 288, "ymax": 605, "xmax": 653}}, {"tid": 1, "generated": 0, "bbox": {"xmin": 281, "ymin": 169, "ymax": 512, "xmax": 536}}], [{"tid": 0, "generated": 0, "bbox": {"xmin": 217, "ymin": 289, "ymax": 606, "xmax": 651}}, {"tid": 1, "generated": 0, "bbox": {"xmin": 274, "ymin": 169, "ymax": 512, "xmax": 529}}], [{"tid": 0, "generated": 0, "bbox": {"xmin": 214, "ymin": 291, "ymax": 607, "xmax": 648}}, {"tid": 1, "generated": 0, "bbox": {"xmin": 268, "ymin": 169, "ymax": 512, "xmax": 523}}], [{"tid": 0, "generated": 0, "bbox": {"xmin": 212, "ymin": 292, "ymax": 608, "xmax": 646}}, {"tid": 1, "generated": 0, "bbox": {"xmin": 262, "ymin": 169, "ymax": 512, "xmax": 517}}], [{"tid": 0, "generated": 0, "bbox": {"xmin": 209, "ymin": 293, "ymax": 609, "xmax": 643}}, {"tid": 1, "generated": 0, "bbox": {"xmin": 262, "ymin": 169, "ymax": 512, "xmax": 517}}], [{"tid": 0, "generated": 0, "bbox": {"xmin": 207, "ymin": 295, "ymax": 610, "xmax": 641}}, {"tid": 1, "generated": 0, "bbox": {"xmin": 262, "ymin": 169, "ymax": 512, "xmax": 517}}], [{"tid": 0, "generated": 0, "bbox": {"xmin": 204, "ymin": 296, "ymax": 611, "xmax": 638}}, {"tid": 1, "generated": 0, "bbox": {"xmin": 262, "ymin": 169, "ymax": 512, "xmax": 517}}], [{"tid": 0, "generated": 0, "bbox": {"xmin": 202, "ymin": 298, "ymax": 613, "xmax": 636}}, {"tid": 1, "generated": 0, "bbox": {"xmin": 262, "ymin": 169, "ymax": 512, "xmax": 517}}], [{"tid": 0, "generated": 0, "bbox": {"xmin": 204, "ymin": 296, "ymax": 611, "xmax": 639}}, {"tid": 1, "generated": 0, "bbox": {"xmin": 262, "ymin": 169, "ymax": 512, "xmax": 517}}], [{"tid": 0, "generated": 0, "bbox": {"xmin": 207, "ymin": 294, "ymax": 609, "xmax": 642}}, {"tid": 1, "generated": 0, "bbox": {"xmin": 263, "ymin": 165, "ymax": 508, "xmax": 518}}], [{"tid": 0, "generated": 0, "bbox": {"xmin": 210, "ymin": 293, "ymax": 608, "xmax": 645}}, {"tid": 1, "generated": 0, "bbox": {"xmin": 264, "ymin": 161, "ymax": 504, "xmax": 519}}], [{"tid": 0, "generated": 0, "bbox": {"xmin": 212, "ymin": 291, "ymax": 606, "xmax": 648}}, {"tid": 1, "generated": 0, "bbox": {"xmin": 264, "ymin": 156, "ymax": 499, "xmax": 519}}], [{"tid": 0, "generated": 0, "bbox": {"xmin": 215, "ymin": 290, "ymax": 605, "xmax": 651}}, {"tid": 1, "generated": 0, "bbox": {"xmin": 265, "ymin": 152, "ymax": 495, "xmax": 520}}], [{"tid": 0, "generated": 0, "bbox": {"xmin": 218, "ymin": 288, "ymax": 603, "xmax": 654}}, {"tid": 1, "generated": 0, "bbox": {"xmin": 266, "ymin": 148, "ymax": 491, "xmax": 521}}], [{"tid": 0, "generated": 0, "bbox": {"xmin": 220, "ymin": 286, "ymax": 601, "xmax": 657}}, {"tid": 1, "generated": 0, "bbox": {"xmin": 269, "ymin": 148, "ymax": 491, "xmax": 524}}], [{"tid": 0, "generated": 0, "bbox": {"xmin": 223, "ymin": 285, "ymax": 600, "xmax": 660}}, {"tid": 1, "generated": 0, "bbox": {"xmin": 272, "ymin": 148, "ymax": 491, "xmax": 527}}], [{"tid": 0, "generated": 0, "bbox": {"xmin": 226, "ymin": 283, "ymax": 598, "xmax": 663}}, {"tid": 1, "generated": 0, "bbox": {"xmin": 276, "ymin": 148, "ymax": 491, "xmax": 531}}], [{"tid": 0, "generated": 0, "bbox": {"xmin": 229, "ymin": 282, "ymax": 597, "xmax": 666}}, {"tid": 1, "generated": 0, "bbox": {"xmin": 279, "ymin": 148, "ymax": 491, "xmax": 534}}], [], [], [], [], [], [], [], [], [], [], [], [], [], [], [], [], [], [], [], [], [], [], [], [], [], [], [], [], [], [], [{"tid": 0, "generated": 0, "bbox": {"xmin": 225, "ymin": 273, "ymax": 606, "xmax": 694}}, {"tid": 1, "generated": 0, "bbox": {"xmin": 280, "ymin": 140, "ymax": 492, "xmax": 569}}], [{"tid": 0, "generated": 0, "bbox": {"xmin": 226, "ymin": 273, "ymax": 606, "xmax": 695}}, {"tid": 1, "generated": 0, "bbox": {"xmin": 283, "ymin": 140, "ymax": 492, "xmax": 572}}], [{"tid": 0, "generated": 0, "bbox": {"xmin": 228, "ymin": 273, "ymax": 606, "xmax": 697}}, {"tid": 1, "generated": 0, "bbox": {"xmin": 286, "ymin": 140, "ymax": 492, "xmax": 575}}], [{"tid": 0, "generated": 0, "bbox": {"xmin": 229, "ymin": 273, "ymax": 606, "xmax": 698}}, {"tid": 1, "generated": 0, "bbox": {"xmin": 290, "ymin": 140, "ymax": 492, "xmax": 579}}], [{"tid": 0, "generated": 0, "bbox": {"xmin": 231, "ymin": 273, "ymax": 606, "xmax": 700}}, {"tid": 1, "generated": 0, "bbox": {"xmin": 293, "ymin": 140, "ymax": 492, "xmax": 582}}], [{"tid": 0, "generated": 0, "bbox": {"xmin": 232, "ymin": 273, "ymax": 606, "xmax": 701}}, {"tid": 1, "generated": 0, "bbox": {"xmin": 296, "ymin": 140, "ymax": 492, "xmax": 585}}], [{"tid": 0, "generated": 0, "bbox": {"xmin": 233, "ymin": 273, "ymax": 606, "xmax": 702}}, {"tid": 1, "generated": 0, "bbox": {"xmin": 296, "ymin": 140, "ymax": 492, "xmax": 585}}], [{"tid": 0, "generated": 0, "bbox": {"xmin": 235, "ymin": 273, "ymax": 606, "xmax": 704}}, {"tid": 1, "generated": 0, "bbox": {"xmin": 296, "ymin": 140, "ymax": 492, "xmax": 585}}], [{"tid": 0, "generated": 0, "bbox": {"xmin": 236, "ymin": 273, "ymax": 606, "xmax": 705}}, {"tid": 1, "generated": 0, "bbox": {"xmin": 296, "ymin": 140, "ymax": 492, "xmax": 585}}], [{"tid": 0, "generated": 0, "bbox": {"xmin": 238, "ymin": 273, "ymax": 606, "xmax": 707}}, {"tid": 1, "generated": 0, "bbox": {"xmin": 296, "ymin": 140, "ymax": 492, "xmax": 585}}], [{"tid": 0, "generated": 0, "bbox": {"xmin": 237, "ymin": 272, "ymax": 605, "xmax": 708}}, {"tid": 1, "generated": 0, "bbox": {"xmin": 296, "ymin": 140, "ymax": 492, "xmax": 585}}], [{"tid": 0, "generated": 0, "bbox": {"xmin": 237, "ymin": 272, "ymax": 605, "xmax": 709}}, {"tid": 1, "generated": 0, "bbox": {"xmin": 296, "ymin": 141, "ymax": 492, "xmax": 585}}], [{"tid": 0, "generated": 0, "bbox": {"xmin": 236, "ymin": 272, "ymax": 604, "xmax": 711}}, {"tid": 1, "generated": 0, "bbox": {"xmin": 296, "ymin": 143, "ymax": 492, "xmax": 585}}], [{"tid": 0, "generated": 0, "bbox": {"xmin": 236, "ymin": 272, "ymax": 604, "xmax": 712}}, {"tid": 1, "generated": 0, "bbox": {"xmin": 296, "ymin": 144, "ymax": 492, "xmax": 585}}], [{"tid": 0, "generated": 0, "bbox": {"xmin": 236, "ymin": 272, "ymax": 604, "xmax": 714}}, {"tid": 1, "generated": 0, "bbox": {"xmin": 296, "ymin": 146, "ymax": 492, "xmax": 585}}], [{"tid": 0, "generated": 0, "bbox": {"xmin": 235, "ymin": 271, "ymax": 603, "xmax": 712}}, {"tid": 1, "generated": 0, "bbox": {"xmin": 296, "ymin": 147, "ymax": 492, "xmax": 585}}], [{"tid": 0, "generated": 0, "bbox": {"xmin": 235, "ymin": 271, "ymax": 602, "xmax": 711}}, {"tid": 1, "generated": 0, "bbox": {"xmin": 296, "ymin": 147, "ymax": 492, "xmax": 585}}], [{"tid": 0, "generated": 0, "bbox": {"xmin": 235, "ymin": 271, "ymax": 602, "xmax": 710}}, {"tid": 1, "generated": 0, "bbox": {"xmin": 296, "ymin": 147, "ymax": 492, "xmax": 585}}], [{"tid": 0, "generated": 0, "bbox": {"xmin": 234, "ymin": 270, "ymax": 601, "xmax": 709}}, {"tid": 1, "generated": 0, "bbox": {"xmin": 296, "ymin": 147, "ymax": 492, "xmax": 585}}], [{"tid": 0, "generated": 0, "bbox": {"xmin": 234, "ymin": 270, "ymax": 600, "xmax": 708}}, {"tid": 1, "generated": 0, "bbox": {"xmin": 296, "ymin": 147, "ymax": 492, "xmax": 585}}], [{"tid": 0, "generated": 0, "bbox": {"xmin": 234, "ymin": 270, "ymax": 600, "xmax": 707}}, {"tid": 1, "generated": 0, "bbox": {"xmin": 296, "ymin": 147, "ymax": 492, "xmax": 585}}], [{"tid": 0, "generated": 0, "bbox": {"xmin": 232, "ymin": 270, "ymax": 599, "xmax": 704}}, {"tid": 1, "generated": 0, "bbox": {"xmin": 296, "ymin": 147, "ymax": 492, "xmax": 585}}], [{"tid": 0, "generated": 0, "bbox": {"xmin": 230, "ymin": 270, "ymax": 599, "xmax": 701}}, {"tid": 1, "generated": 0, "bbox": {"xmin": 296, "ymin": 147, "ymax": 492, "xmax": 585}}], [{"tid": 0, "generated": 0, "bbox": {"xmin": 228, "ymin": 270, "ymax": 598, "xmax": 699}}, {"tid": 1, "generated": 0, "bbox": {"xmin": 296, "ymin": 147, "ymax": 492, "xmax": 585}}], [{"tid": 0, "generated": 0, "bbox": {"xmin": 226, "ymin": 270, "ymax": 598, "xmax": 696}}, {"tid": 1, "generated": 0, "bbox": {"xmin": 296, "ymin": 147, "ymax": 492, "xmax": 585}}], [{"tid": 0, "generated": 0, "bbox": {"xmin": 224, "ymin": 270, "ymax": 597, "xmax": 693}}, {"tid": 1, "generated": 0, "bbox": {"xmin": 296, "ymin": 147, "ymax": 492, "xmax": 585}}], [{"tid": 0, "generated": 0, "bbox": {"xmin": 222, "ymin": 270, "ymax": 597, "xmax": 691}}, {"tid": 1, "generated": 0, "bbox": {"xmin": 296, "ymin": 147, "ymax": 492, "xmax": 582}}], [{"tid": 0, "generated": 0, "bbox": {"xmin": 221, "ymin": 270, "ymax": 597, "xmax": 686}}, {"tid": 1, "generated": 0, "bbox": {"xmin": 296, "ymin": 147, "ymax": 492, "xmax": 579}}], [{"tid": 0, "generated": 0, "bbox": {"xmin": 220, "ymin": 270, "ymax": 597, "xmax": 681}}, {"tid": 1, "generated": 0, "bbox": {"xmin": 296, "ymin": 147, "ymax": 492, "xmax": 577}}], [{"tid": 0, "generated": 0, "bbox": {"xmin": 220, "ymin": 270, "ymax": 597, "xmax": 677}}, {"tid": 1, "generated": 0, "bbox": {"xmin": 296, "ymin": 147, "ymax": 492, "xmax": 574}}]], "subject/objects": [{"category": "motorcycle", "tid": 0}, {"category": "person", "tid": 1}], "relation_instances": [{"end_fid": 30, "subject_tid": 0, "predicate": "move_beneath", "begin_fid": 0, "object_tid": 1}, {"end_fid": 30, "subject_tid": 1, "predicate": "sit_above", "begin_fid": 0, "object_tid": 0}, {"end_fid": 30, "subject_tid": 1, "predicate": "ride", "begin_fid": 0, "object_tid": 0}, {"end_fid": 90, "subject_tid": 0, "predicate": "move_beneath", "begin_fid": 60, "object_tid": 1}, {"end_fid": 90, "subject_tid": 1, "predicate": "sit_above", "begin_fid": 60, "object_tid": 0}, {"end_fid": 90, "subject_tid": 1, "predicate": "ride", "begin_fid": 60, "object_tid": 0}], "height": 720}