{"width": 480, "frame_count": 230, "video_id": "ILSVRC2015_train_00179001", "fps": 30, "trajectories": [[{"tid": 0, "generated": 0, "bbox": {"xmin": 418, "ymin": 48, "ymax": 172, "xmax": 478}}, {"tid": 1, "generated": 0, "bbox": {"xmin": 343, "ymin": 0, "ymax": 149, "xmax": 477}}], [{"tid": 0, "generated": 0, "bbox": {"xmin": 405, "ymin": 52, "ymax": 177, "xmax": 478}}, {"tid": 1, "generated": 0, "bbox": {"xmin": 327, "ymin": 0, "ymax": 176, "xmax": 478}}], [{"tid": 0, "generated": 0, "bbox": {"xmin": 380, "ymin": 56, "ymax": 186, "xmax": 478}}, {"tid": 1, "generated": 0, "bbox": {"xmin": 300, "ymin": 0, "ymax": 185, "xmax": 479}}], [{"tid": 0, "generated": 0, "bbox": {"xmin": 343, "ymin": 66, "ymax": 200, "xmax": 479}}, {"tid": 1, "generated": 0, "bbox": {"xmin": 260, "ymin": 0, "ymax": 192, "xmax": 479}}], [{"tid": 0, "generated": 0, "bbox": {"xmin": 303, "ymin": 78, "ymax": 212, "xmax": 478}}, {"tid": 1, "generated": 0, "bbox": {"xmin": 217, "ymin": 10, "ymax": 204, "xmax": 479}}], [{"tid": 0, "generated": 0, "bbox": {"xmin": 266, "ymin": 79, "ymax": 220, "xmax": 472}}, {"tid": 1, "generated": 0, "bbox": {"xmin": 186, "ymin": 15, "ymax": 208, "xmax": 475}}], [{"tid": 0, "generated": 0, "bbox": {"xmin": 244, "ymin": 82, "ymax": 228, "xmax": 452}}, {"tid": 1, "generated": 0, "bbox": {"xmin": 166, "ymin": 28, "ymax": 219, "xmax": 456}}], [{"tid": 0, "generated": 0, "bbox": {"xmin": 226, "ymin": 87, "ymax": 234, "xmax": 432}}, {"tid": 1, "generated": 0, "bbox": {"xmin": 143, "ymin": 37, "ymax": 224, "xmax": 432}}], [{"tid": 0, "generated": 0, "bbox": {"xmin": 208, "ymin": 88, "ymax": 243, "xmax": 415}}, {"tid": 1, "generated": 0, "bbox": {"xmin": 124, "ymin": 47, "ymax": 240, "xmax": 413}}], [{"tid": 0, "generated": 0, "bbox": {"xmin": 192, "ymin": 87, "ymax": 250, "xmax": 397}}, {"tid": 1, "generated": 0, "bbox": {"xmin": 107, "ymin": 51, "ymax": 250, "xmax": 397}}], [{"tid": 0, "generated": 0, "bbox": {"xmin": 175, "ymin": 91, "ymax": 265, "xmax": 378}}, {"tid": 1, "generated": 0, "bbox": {"xmin": 90, "ymin": 56, "ymax": 261, "xmax": 382}}], [{"tid": 0, "generated": 0, "bbox": {"xmin": 161, "ymin": 106, "ymax": 276, "xmax": 362}}, {"tid": 1, "generated": 0, "bbox": {"xmin": 75, "ymin": 73, "ymax": 278, "xmax": 366}}], [{"tid": 0, "generated": 0, "bbox": {"xmin": 149, "ymin": 114, "ymax": 286, "xmax": 345}}, {"tid": 1, "generated": 0, "bbox": {"xmin": 64, "ymin": 82, "ymax": 287, "xmax": 356}}], [{"tid": 0, "generated": 0, "bbox": {"xmin": 138, "ymin": 122, "ymax": 293, "xmax": 340}}, {"tid": 1, "generated": 0, "bbox": {"xmin": 55, "ymin": 92, "ymax": 296, "xmax": 348}}], [{"tid": 0, "generated": 0, "bbox": {"xmin": 138, "ymin": 131, "ymax": 302, "xmax": 336}}, {"tid": 1, "generated": 0, "bbox": {"xmin": 52, "ymin": 102, "ymax": 306, "xmax": 344}}], [{"tid": 0, "generated": 0, "bbox": {"xmin": 137, "ymin": 136, "ymax": 308, "xmax": 332}}, {"tid": 1, "generated": 0, "bbox": {"xmin": 52, "ymin": 107, "ymax": 310, "xmax": 342}}], [{"tid": 0, "generated": 0, "bbox": {"xmin": 136, "ymin": 142, "ymax": 313, "xmax": 336}}, {"tid": 1, "generated": 0, "bbox": {"xmin": 54, "ymin": 112, "ymax": 315, "xmax": 345}}], [{"tid": 0, "generated": 0, "bbox": {"xmin": 136, "ymin": 148, "ymax": 320, "xmax": 337}}, {"tid": 1, "generated": 0, "bbox": {"xmin": 53, "ymin": 118, "ymax": 321, "xmax": 344}}], [{"tid": 0, "generated": 0, "bbox": {"xmin": 135, "ymin": 154, "ymax": 327, "xmax": 334}}, {"tid": 1, "generated": 0, "bbox": {"xmin": 53, "ymin": 124, "ymax": 328, "xmax": 343}}], [{"tid": 0, "generated": 0, "bbox": {"xmin": 134, "ymin": 164, "ymax": 338, "xmax": 333}}, {"tid": 1, "generated": 0, "bbox": {"xmin": 54, "ymin": 128, "ymax": 331, "xmax": 343}}], [{"tid": 0, "generated": 0, "bbox": {"xmin": 138, "ymin": 169, "ymax": 334, "xmax": 341}}, {"tid": 1, "generated": 0, "bbox": {"xmin": 62, "ymin": 134, "ymax": 338, "xmax": 350}}], [{"tid": 0, "generated": 0, "bbox": {"xmin": 139, "ymin": 174, "ymax": 339, "xmax": 343}}, {"tid": 1, "generated": 0, "bbox": {"xmin": 61, "ymin": 137, "ymax": 341, "xmax": 349}}], [{"tid": 0, "generated": 0, "bbox": {"xmin": 141, "ymin": 179, "ymax": 344, "xmax": 345}}, {"tid": 1, "generated": 0, "bbox": {"xmin": 60, "ymin": 140, "ymax": 343, "xmax": 348}}], [{"tid": 0, "generated": 0, "bbox": {"xmin": 144, "ymin": 182, "ymax": 346, "xmax": 346}}, {"tid": 1, "generated": 0, "bbox": {"xmin": 64, "ymin": 144, "ymax": 346, "xmax": 352}}], [{"tid": 0, "generated": 0, "bbox": {"xmin": 147, "ymin": 185, "ymax": 349, "xmax": 348}}, {"tid": 1, "generated": 0, "bbox": {"xmin": 71, "ymin": 150, "ymax": 352, "xmax": 359}}], [{"tid": 0, "generated": 0, "bbox": {"xmin": 151, "ymin": 189, "ymax": 352, "xmax": 346}}, {"tid": 1, "generated": 0, "bbox": {"xmin": 78, "ymin": 156, "ymax": 358, "xmax": 366}}], [{"tid": 0, "generated": 0, "bbox": {"xmin": 160, "ymin": 191, "ymax": 355, "xmax": 358}}, {"tid": 1, "generated": 0, "bbox": {"xmin": 82, "ymin": 156, "ymax": 357, "xmax": 371}}], [{"tid": 0, "generated": 0, "bbox": {"xmin": 166, "ymin": 196, "ymax": 358, "xmax": 366}}, {"tid": 1, "generated": 0, "bbox": {"xmin": 87, "ymin": 158, "ymax": 358, "xmax": 376}}], [{"tid": 0, "generated": 0, "bbox": {"xmin": 167, "ymin": 194, "ymax": 357, "xmax": 368}}, {"tid": 1, "generated": 0, "bbox": {"xmin": 87, "ymin": 156, "ymax": 356, "xmax": 376}}], [{"tid": 0, "generated": 0, "bbox": {"xmin": 162, "ymin": 191, "ymax": 355, "xmax": 364}}, {"tid": 1, "generated": 0, "bbox": {"xmin": 87, "ymin": 151, "ymax": 353, "xmax": 375}}], [], [], [], [], [], [], [], [], [], [], [], [], [], [], [], [], [], [], [], [], [], [], [], [], [], [], [], [], [], [], [], [], [], [], [], [], [], [], [], [], [], [], [], [], [], [], [], [], [], [], [], [], [], [], [], [], [], [], [], [], [], [], [], [], [], [], [], [], [], [], [], [], [], [], [], [], [], [], [], [], [], [], [], [], [], [], [], [], [], [], [{"tid": 0, "generated": 0, "bbox": {"xmin": 40, "ymin": 170, "ymax": 332, "xmax": 228}}, {"tid": 1, "generated": 0, "bbox": {"xmin": 0, "ymin": 125, "ymax": 335, "xmax": 291}}], [{"tid": 0, "generated": 0, "bbox": {"xmin": 65, "ymin": 168, "ymax": 331, "xmax": 256}}, {"tid": 1, "generated": 0, "bbox": {"xmin": 0, "ymin": 124, "ymax": 331, "xmax": 309}}], [{"tid": 0, "generated": 0, "bbox": {"xmin": 85, "ymin": 168, "ymax": 330, "xmax": 276}}, {"tid": 1, "generated": 0, "bbox": {"xmin": 7, "ymin": 124, "ymax": 332, "xmax": 330}}], [{"tid": 0, "generated": 0, "bbox": {"xmin": 100, "ymin": 170, "ymax": 333, "xmax": 298}}, {"tid": 1, "generated": 0, "bbox": {"xmin": 23, "ymin": 123, "ymax": 330, "xmax": 352}}], [{"tid": 0, "generated": 0, "bbox": {"xmin": 108, "ymin": 167, "ymax": 330, "xmax": 302}}, {"tid": 1, "generated": 0, "bbox": {"xmin": 30, "ymin": 120, "ymax": 332, "xmax": 362}}], [{"tid": 0, "generated": 0, "bbox": {"xmin": 117, "ymin": 165, "ymax": 327, "xmax": 306}}, {"tid": 1, "generated": 0, "bbox": {"xmin": 36, "ymin": 118, "ymax": 328, "xmax": 375}}], [{"tid": 0, "generated": 0, "bbox": {"xmin": 129, "ymin": 162, "ymax": 323, "xmax": 317}}, {"tid": 1, "generated": 0, "bbox": {"xmin": 49, "ymin": 116, "ymax": 325, "xmax": 381}}], [{"tid": 0, "generated": 0, "bbox": {"xmin": 133, "ymin": 160, "ymax": 319, "xmax": 320}}, {"tid": 1, "generated": 0, "bbox": {"xmin": 55, "ymin": 114, "ymax": 324, "xmax": 386}}], [{"tid": 0, "generated": 0, "bbox": {"xmin": 138, "ymin": 158, "ymax": 317, "xmax": 325}}, {"tid": 1, "generated": 0, "bbox": {"xmin": 60, "ymin": 111, "ymax": 322, "xmax": 390}}], [{"tid": 0, "generated": 0, "bbox": {"xmin": 144, "ymin": 156, "ymax": 314, "xmax": 331}}, {"tid": 1, "generated": 0, "bbox": {"xmin": 65, "ymin": 109, "ymax": 320, "xmax": 394}}], [{"tid": 0, "generated": 0, "bbox": {"xmin": 151, "ymin": 154, "ymax": 312, "xmax": 337}}, {"tid": 1, "generated": 0, "bbox": {"xmin": 70, "ymin": 106, "ymax": 318, "xmax": 398}}], [{"tid": 0, "generated": 0, "bbox": {"xmin": 152, "ymin": 151, "ymax": 311, "xmax": 346}}, {"tid": 1, "generated": 0, "bbox": {"xmin": 76, "ymin": 104, "ymax": 316, "xmax": 402}}], [{"tid": 0, "generated": 0, "bbox": {"xmin": 160, "ymin": 150, "ymax": 306, "xmax": 354}}, {"tid": 1, "generated": 0, "bbox": {"xmin": 81, "ymin": 102, "ymax": 313, "xmax": 406}}], [{"tid": 0, "generated": 0, "bbox": {"xmin": 170, "ymin": 146, "ymax": 310, "xmax": 364}}, {"tid": 1, "generated": 0, "bbox": {"xmin": 90, "ymin": 100, "ymax": 311, "xmax": 420}}], [{"tid": 0, "generated": 0, "bbox": {"xmin": 182, "ymin": 144, "ymax": 307, "xmax": 375}}, {"tid": 1, "generated": 0, "bbox": {"xmin": 104, "ymin": 98, "ymax": 309, "xmax": 432}}], [{"tid": 0, "generated": 0, "bbox": {"xmin": 192, "ymin": 142, "ymax": 304, "xmax": 384}}, {"tid": 1, "generated": 0, "bbox": {"xmin": 114, "ymin": 94, "ymax": 306, "xmax": 440}}], [{"tid": 0, "generated": 0, "bbox": {"xmin": 197, "ymin": 140, "ymax": 301, "xmax": 392}}, {"tid": 1, "generated": 0, "bbox": {"xmin": 121, "ymin": 92, "ymax": 304, "xmax": 448}}], [{"tid": 0, "generated": 0, "bbox": {"xmin": 200, "ymin": 138, "ymax": 301, "xmax": 394}}, {"tid": 1, "generated": 0, "bbox": {"xmin": 123, "ymin": 90, "ymax": 302, "xmax": 449}}], [{"tid": 0, "generated": 0, "bbox": {"xmin": 204, "ymin": 137, "ymax": 301, "xmax": 396}}, {"tid": 1, "generated": 0, "bbox": {"xmin": 125, "ymin": 89, "ymax": 300, "xmax": 451}}], [{"tid": 0, "generated": 0, "bbox": {"xmin": 204, "ymin": 136, "ymax": 298, "xmax": 394}}, {"tid": 1, "generated": 0, "bbox": {"xmin": 126, "ymin": 89, "ymax": 301, "xmax": 452}}], [{"tid": 0, "generated": 0, "bbox": {"xmin": 204, "ymin": 135, "ymax": 296, "xmax": 393}}, {"tid": 1, "generated": 0, "bbox": {"xmin": 127, "ymin": 87, "ymax": 300, "xmax": 452}}], [{"tid": 0, "generated": 0, "bbox": {"xmin": 208, "ymin": 134, "ymax": 294, "xmax": 395}}, {"tid": 1, "generated": 0, "bbox": {"xmin": 130, "ymin": 86, "ymax": 298, "xmax": 455}}], [{"tid": 0, "generated": 0, "bbox": {"xmin": 212, "ymin": 133, "ymax": 292, "xmax": 398}}, {"tid": 1, "generated": 0, "bbox": {"xmin": 136, "ymin": 83, "ymax": 296, "xmax": 460}}], [{"tid": 0, "generated": 0, "bbox": {"xmin": 223, "ymin": 130, "ymax": 292, "xmax": 416}}, {"tid": 1, "generated": 0, "bbox": {"xmin": 142, "ymin": 82, "ymax": 294, "xmax": 470}}], [{"tid": 0, "generated": 0, "bbox": {"xmin": 238, "ymin": 128, "ymax": 292, "xmax": 431}}, {"tid": 1, "generated": 0, "bbox": {"xmin": 156, "ymin": 81, "ymax": 292, "xmax": 479}}], [{"tid": 0, "generated": 0, "bbox": {"xmin": 256, "ymin": 128, "ymax": 290, "xmax": 443}}, {"tid": 1, "generated": 0, "bbox": {"xmin": 180, "ymin": 79, "ymax": 290, "xmax": 479}}], [{"tid": 0, "generated": 0, "bbox": {"xmin": 274, "ymin": 125, "ymax": 287, "xmax": 466}}, {"tid": 1, "generated": 0, "bbox": {"xmin": 193, "ymin": 78, "ymax": 289, "xmax": 478}}], [{"tid": 0, "generated": 0, "bbox": {"xmin": 290, "ymin": 128, "ymax": 290, "xmax": 479}}, {"tid": 1, "generated": 0, "bbox": {"xmin": 207, "ymin": 78, "ymax": 288, "xmax": 478}}], [{"tid": 0, "generated": 0, "bbox": {"xmin": 303, "ymin": 125, "ymax": 288, "xmax": 479}}, {"tid": 1, "generated": 0, "bbox": {"xmin": 220, "ymin": 77, "ymax": 287, "xmax": 478}}], [{"tid": 0, "generated": 0, "bbox": {"xmin": 317, "ymin": 123, "ymax": 286, "xmax": 479}}, {"tid": 1, "generated": 0, "bbox": {"xmin": 234, "ymin": 77, "ymax": 286, "xmax": 478}}]], "subject/objects": [{"category": "antelope", "tid": 0}, {"category": "antelope", "tid": 1}], "relation_instances": [{"end_fid": 30, "subject_tid": 0, "predicate": "stand_right", "begin_fid": 0, "object_tid": 1}, {"end_fid": 30, "subject_tid": 0, "predicate": "stand_next_to", "begin_fid": 0, "object_tid": 1}, {"end_fid": 30, "subject_tid": 1, "predicate": "stand_next_to", "begin_fid": 0, "object_tid": 0}, {"end_fid": 30, "subject_tid": 1, "predicate": "stand_left", "begin_fid": 0, "object_tid": 0}, {"end_fid": 30, "subject_tid": 1, "predicate": "taller", "begin_fid": 0, "object_tid": 0}, {"end_fid": 30, "subject_tid": 1, "predicate": "larger", "begin_fid": 0, "object_tid": 0}, {"end_fid": 150, "subject_tid": 0, "predicate": "stand_right", "begin_fid": 120, "object_tid": 1}, {"end_fid": 150, "subject_tid": 0, "predicate": "stand_next_to", "begin_fid": 120, "object_tid": 1}, {"end_fid": 150, "subject_tid": 1, "predicate": "stand_next_to", "begin_fid": 120, "object_tid": 0}, {"end_fid": 150, "subject_tid": 1, "predicate": "stand_left", "begin_fid": 120, "object_tid": 0}, {"end_fid": 150, "subject_tid": 1, "predicate": "taller", "begin_fid": 120, "object_tid": 0}, {"end_fid": 150, "subject_tid": 1, "predicate": "larger", "begin_fid": 120, "object_tid": 0}], "height": 360}