{"width": 640, "frame_count": 130, "video_id": "ILSVRC2015_train_00033006", "fps": 30, "trajectories": [[{"tid": 0, "generated": 0, "bbox": {"xmin": 216, "ymin": 128, "ymax": 302, "xmax": 599}}, {"tid": 1, "generated": 0, "bbox": {"xmin": 7, "ymin": 128, "ymax": 296, "xmax": 306}}], [{"tid": 0, "generated": 0, "bbox": {"xmin": 213, "ymin": 128, "ymax": 301, "xmax": 601}}, {"tid": 1, "generated": 0, "bbox": {"xmin": 0, "ymin": 128, "ymax": 296, "xmax": 303}}], [{"tid": 0, "generated": 0, "bbox": {"xmin": 210, "ymin": 128, "ymax": 302, "xmax": 607}}, {"tid": 1, "generated": 0, "bbox": {"xmin": 0, "ymin": 128, "ymax": 296, "xmax": 298}}], [{"tid": 0, "generated": 0, "bbox": {"xmin": 214, "ymin": 128, "ymax": 301, "xmax": 601}}, {"tid": 1, "generated": 0, "bbox": {"xmin": 0, "ymin": 128, "ymax": 296, "xmax": 295}}], [{"tid": 0, "generated": 0, "bbox": {"xmin": 212, "ymin": 128, "ymax": 303, "xmax": 600}}, {"tid": 1, "generated": 0, "bbox": {"xmin": 0, "ymin": 128, "ymax": 296, "xmax": 292}}], [{"tid": 0, "generated": 0, "bbox": {"xmin": 212, "ymin": 128, "ymax": 302, "xmax": 585}}, {"tid": 1, "generated": 0, "bbox": {"xmin": 0, "ymin": 129, "ymax": 296, "xmax": 288}}], [{"tid": 0, "generated": 0, "bbox": {"xmin": 286, "ymin": 128, "ymax": 300, "xmax": 584}}, {"tid": 1, "generated": 0, "bbox": {"xmin": 0, "ymin": 129, "ymax": 296, "xmax": 284}}], [{"tid": 0, "generated": 0, "bbox": {"xmin": 311, "ymin": 132, "ymax": 303, "xmax": 580}}, {"tid": 1, "generated": 0, "bbox": {"xmin": 0, "ymin": 134, "ymax": 296, "xmax": 310}}], [{"tid": 0, "generated": 0, "bbox": {"xmin": 307, "ymin": 130, "ymax": 303, "xmax": 580}}, {"tid": 1, "generated": 0, "bbox": {"xmin": 0, "ymin": 133, "ymax": 296, "xmax": 318}}], [{"tid": 0, "generated": 0, "bbox": {"xmin": 303, "ymin": 129, "ymax": 304, "xmax": 581}}, {"tid": 1, "generated": 0, "bbox": {"xmin": 0, "ymin": 132, "ymax": 296, "xmax": 333}}], [{"tid": 0, "generated": 0, "bbox": {"xmin": 296, "ymin": 130, "ymax": 303, "xmax": 576}}, {"tid": 1, "generated": 0, "bbox": {"xmin": 0, "ymin": 130, "ymax": 296, "xmax": 342}}], [{"tid": 0, "generated": 0, "bbox": {"xmin": 292, "ymin": 128, "ymax": 303, "xmax": 576}}, {"tid": 1, "generated": 0, "bbox": {"xmin": 0, "ymin": 130, "ymax": 294, "xmax": 337}}], [{"tid": 0, "generated": 0, "bbox": {"xmin": 282, "ymin": 128, "ymax": 302, "xmax": 572}}, {"tid": 1, "generated": 0, "bbox": {"xmin": 0, "ymin": 130, "ymax": 293, "xmax": 332}}], [{"tid": 0, "generated": 0, "bbox": {"xmin": 273, "ymin": 128, "ymax": 301, "xmax": 568}}, {"tid": 1, "generated": 0, "bbox": {"xmin": 0, "ymin": 130, "ymax": 292, "xmax": 328}}], [{"tid": 0, "generated": 0, "bbox": {"xmin": 272, "ymin": 128, "ymax": 304, "xmax": 564}}, {"tid": 1, "generated": 0, "bbox": {"xmin": 0, "ymin": 129, "ymax": 292, "xmax": 324}}], [{"tid": 0, "generated": 0, "bbox": {"xmin": 263, "ymin": 128, "ymax": 303, "xmax": 560}}, {"tid": 1, "generated": 0, "bbox": {"xmin": 0, "ymin": 129, "ymax": 292, "xmax": 320}}], [{"tid": 0, "generated": 0, "bbox": {"xmin": 257, "ymin": 128, "ymax": 303, "xmax": 554}}, {"tid": 1, "generated": 0, "bbox": {"xmin": 0, "ymin": 129, "ymax": 292, "xmax": 317}}], [{"tid": 0, "generated": 0, "bbox": {"xmin": 252, "ymin": 128, "ymax": 303, "xmax": 549}}, {"tid": 1, "generated": 0, "bbox": {"xmin": 0, "ymin": 128, "ymax": 292, "xmax": 313}}], [{"tid": 0, "generated": 0, "bbox": {"xmin": 247, "ymin": 128, "ymax": 304, "xmax": 544}}, {"tid": 1, "generated": 0, "bbox": {"xmin": 0, "ymin": 128, "ymax": 292, "xmax": 310}}], [{"tid": 0, "generated": 0, "bbox": {"xmin": 240, "ymin": 128, "ymax": 304, "xmax": 542}}, {"tid": 1, "generated": 0, "bbox": {"xmin": 0, "ymin": 128, "ymax": 292, "xmax": 306}}], [{"tid": 0, "generated": 0, "bbox": {"xmin": 237, "ymin": 132, "ymax": 304, "xmax": 538}}, {"tid": 1, "generated": 0, "bbox": {"xmin": 0, "ymin": 128, "ymax": 292, "xmax": 303}}], [{"tid": 0, "generated": 0, "bbox": {"xmin": 233, "ymin": 132, "ymax": 304, "xmax": 534}}, {"tid": 1, "generated": 0, "bbox": {"xmin": 0, "ymin": 128, "ymax": 292, "xmax": 298}}], [{"tid": 0, "generated": 0, "bbox": {"xmin": 232, "ymin": 132, "ymax": 305, "xmax": 528}}, {"tid": 1, "generated": 0, "bbox": {"xmin": 0, "ymin": 128, "ymax": 294, "xmax": 294}}], [{"tid": 0, "generated": 0, "bbox": {"xmin": 229, "ymin": 132, "ymax": 306, "xmax": 521}}, {"tid": 1, "generated": 0, "bbox": {"xmin": 0, "ymin": 128, "ymax": 294, "xmax": 289}}], [{"tid": 0, "generated": 0, "bbox": {"xmin": 215, "ymin": 133, "ymax": 304, "xmax": 518}}, {"tid": 1, "generated": 0, "bbox": {"xmin": 0, "ymin": 128, "ymax": 293, "xmax": 288}}], [{"tid": 0, "generated": 0, "bbox": {"xmin": 215, "ymin": 136, "ymax": 311, "xmax": 512}}, {"tid": 1, "generated": 0, "bbox": {"xmin": 0, "ymin": 130, "ymax": 296, "xmax": 296}}], [{"tid": 0, "generated": 0, "bbox": {"xmin": 214, "ymin": 136, "ymax": 311, "xmax": 506}}, {"tid": 1, "generated": 0, "bbox": {"xmin": 0, "ymin": 128, "ymax": 294, "xmax": 308}}], [{"tid": 0, "generated": 0, "bbox": {"xmin": 213, "ymin": 136, "ymax": 311, "xmax": 502}}, {"tid": 1, "generated": 0, "bbox": {"xmin": 0, "ymin": 130, "ymax": 297, "xmax": 306}}], [{"tid": 0, "generated": 0, "bbox": {"xmin": 209, "ymin": 136, "ymax": 311, "xmax": 497}}, {"tid": 1, "generated": 0, "bbox": {"xmin": 0, "ymin": 130, "ymax": 297, "xmax": 305}}], [{"tid": 0, "generated": 0, "bbox": {"xmin": 209, "ymin": 136, "ymax": 304, "xmax": 492}}, {"tid": 1, "generated": 0, "bbox": {"xmin": 0, "ymin": 130, "ymax": 297, "xmax": 304}}], [{"tid": 0, "generated": 0, "bbox": {"xmin": 210, "ymin": 136, "ymax": 298, "xmax": 488}}, {"tid": 1, "generated": 0, "bbox": {"xmin": 0, "ymin": 132, "ymax": 300, "xmax": 305}}], [{"tid": 0, "generated": 0, "bbox": {"xmin": 211, "ymin": 136, "ymax": 298, "xmax": 484}}, {"tid": 1, "generated": 0, "bbox": {"xmin": 0, "ymin": 133, "ymax": 301, "xmax": 304}}], [{"tid": 0, "generated": 0, "bbox": {"xmin": 213, "ymin": 136, "ymax": 299, "xmax": 480}}, {"tid": 1, "generated": 0, "bbox": {"xmin": 0, "ymin": 134, "ymax": 302, "xmax": 303}}], [{"tid": 0, "generated": 0, "bbox": {"xmin": 214, "ymin": 136, "ymax": 300, "xmax": 476}}, {"tid": 1, "generated": 0, "bbox": {"xmin": 0, "ymin": 135, "ymax": 303, "xmax": 302}}], [{"tid": 0, "generated": 0, "bbox": {"xmin": 216, "ymin": 136, "ymax": 301, "xmax": 472}}, {"tid": 1, "generated": 0, "bbox": {"xmin": 0, "ymin": 136, "ymax": 304, "xmax": 300}}], [{"tid": 0, "generated": 0, "bbox": {"xmin": 218, "ymin": 136, "ymax": 302, "xmax": 468}}, {"tid": 1, "generated": 0, "bbox": {"xmin": 0, "ymin": 136, "ymax": 304, "xmax": 298}}], [{"tid": 0, "generated": 0, "bbox": {"xmin": 219, "ymin": 136, "ymax": 302, "xmax": 464}}, {"tid": 1, "generated": 0, "bbox": {"xmin": 0, "ymin": 136, "ymax": 304, "xmax": 300}}], [{"tid": 0, "generated": 0, "bbox": {"xmin": 221, "ymin": 136, "ymax": 303, "xmax": 460}}, {"tid": 1, "generated": 0, "bbox": {"xmin": 0, "ymin": 137, "ymax": 304, "xmax": 296}}], [{"tid": 0, "generated": 0, "bbox": {"xmin": 222, "ymin": 136, "ymax": 304, "xmax": 456}}, {"tid": 1, "generated": 0, "bbox": {"xmin": 0, "ymin": 138, "ymax": 304, "xmax": 289}}], [{"tid": 0, "generated": 0, "bbox": {"xmin": 224, "ymin": 136, "ymax": 305, "xmax": 452}}, {"tid": 1, "generated": 0, "bbox": {"xmin": 0, "ymin": 140, "ymax": 304, "xmax": 288}}], [{"tid": 0, "generated": 0, "bbox": {"xmin": 226, "ymin": 136, "ymax": 306, "xmax": 448}}, {"tid": 1, "generated": 0, "bbox": {"xmin": 0, "ymin": 142, "ymax": 305, "xmax": 288}}], [{"tid": 0, "generated": 0, "bbox": {"xmin": 228, "ymin": 135, "ymax": 307, "xmax": 445}}, {"tid": 1, "generated": 0, "bbox": {"xmin": 0, "ymin": 142, "ymax": 304, "xmax": 288}}], [{"tid": 0, "generated": 0, "bbox": {"xmin": 230, "ymin": 135, "ymax": 308, "xmax": 442}}, {"tid": 1, "generated": 0, "bbox": {"xmin": 0, "ymin": 143, "ymax": 304, "xmax": 289}}], [{"tid": 0, "generated": 0, "bbox": {"xmin": 232, "ymin": 135, "ymax": 310, "xmax": 440}}, {"tid": 1, "generated": 0, "bbox": {"xmin": 0, "ymin": 144, "ymax": 304, "xmax": 290}}], [{"tid": 0, "generated": 0, "bbox": {"xmin": 234, "ymin": 136, "ymax": 310, "xmax": 438}}, {"tid": 1, "generated": 0, "bbox": {"xmin": 0, "ymin": 145, "ymax": 303, "xmax": 290}}], [{"tid": 0, "generated": 0, "bbox": {"xmin": 236, "ymin": 137, "ymax": 310, "xmax": 436}}, {"tid": 1, "generated": 0, "bbox": {"xmin": 0, "ymin": 146, "ymax": 303, "xmax": 291}}], [{"tid": 0, "generated": 0, "bbox": {"xmin": 238, "ymin": 138, "ymax": 310, "xmax": 434}}, {"tid": 1, "generated": 0, "bbox": {"xmin": 0, "ymin": 146, "ymax": 303, "xmax": 292}}], [{"tid": 0, "generated": 0, "bbox": {"xmin": 240, "ymin": 140, "ymax": 311, "xmax": 433}}, {"tid": 1, "generated": 0, "bbox": {"xmin": 0, "ymin": 147, "ymax": 302, "xmax": 292}}], [{"tid": 0, "generated": 0, "bbox": {"xmin": 242, "ymin": 141, "ymax": 311, "xmax": 431}}, {"tid": 1, "generated": 0, "bbox": {"xmin": 0, "ymin": 148, "ymax": 302, "xmax": 293}}], [{"tid": 0, "generated": 0, "bbox": {"xmin": 244, "ymin": 142, "ymax": 311, "xmax": 429}}, {"tid": 1, "generated": 0, "bbox": {"xmin": 0, "ymin": 149, "ymax": 302, "xmax": 294}}], [{"tid": 0, "generated": 0, "bbox": {"xmin": 246, "ymin": 144, "ymax": 312, "xmax": 428}}, {"tid": 1, "generated": 0, "bbox": {"xmin": 0, "ymin": 150, "ymax": 302, "xmax": 295}}], [{"tid": 0, "generated": 0, "bbox": {"xmin": 248, "ymin": 144, "ymax": 313, "xmax": 421}}, {"tid": 1, "generated": 0, "bbox": {"xmin": 0, "ymin": 150, "ymax": 302, "xmax": 297}}], [{"tid": 0, "generated": 0, "bbox": {"xmin": 248, "ymin": 145, "ymax": 316, "xmax": 417}}, {"tid": 1, "generated": 0, "bbox": {"xmin": 0, "ymin": 150, "ymax": 303, "xmax": 299}}], [{"tid": 0, "generated": 0, "bbox": {"xmin": 251, "ymin": 146, "ymax": 317, "xmax": 415}}, {"tid": 1, "generated": 0, "bbox": {"xmin": 0, "ymin": 150, "ymax": 303, "xmax": 301}}], [{"tid": 0, "generated": 0, "bbox": {"xmin": 254, "ymin": 148, "ymax": 319, "xmax": 414}}, {"tid": 1, "generated": 0, "bbox": {"xmin": 0, "ymin": 150, "ymax": 304, "xmax": 304}}], [{"tid": 0, "generated": 0, "bbox": {"xmin": 255, "ymin": 149, "ymax": 316, "xmax": 413}}, {"tid": 1, "generated": 0, "bbox": {"xmin": 0, "ymin": 150, "ymax": 307, "xmax": 304}}], [{"tid": 0, "generated": 0, "bbox": {"xmin": 257, "ymin": 150, "ymax": 313, "xmax": 412}}, {"tid": 1, "generated": 0, "bbox": {"xmin": 0, "ymin": 150, "ymax": 310, "xmax": 304}}], [{"tid": 0, "generated": 0, "bbox": {"xmin": 260, "ymin": 151, "ymax": 312, "xmax": 410}}, {"tid": 1, "generated": 0, "bbox": {"xmin": 0, "ymin": 150, "ymax": 313, "xmax": 305}}], [{"tid": 0, "generated": 0, "bbox": {"xmin": 263, "ymin": 152, "ymax": 311, "xmax": 409}}, {"tid": 1, "generated": 0, "bbox": {"xmin": 0, "ymin": 150, "ymax": 316, "xmax": 305}}], [{"tid": 0, "generated": 0, "bbox": {"xmin": 266, "ymin": 153, "ymax": 310, "xmax": 408}}, {"tid": 1, "generated": 0, "bbox": {"xmin": 0, "ymin": 150, "ymax": 320, "xmax": 306}}], [{"tid": 0, "generated": 0, "bbox": {"xmin": 269, "ymin": 154, "ymax": 310, "xmax": 407}}, {"tid": 1, "generated": 0, "bbox": {"xmin": 0, "ymin": 150, "ymax": 316, "xmax": 308}}], [{"tid": 0, "generated": 0, "bbox": {"xmin": 268, "ymin": 155, "ymax": 310, "xmax": 404}}, {"tid": 1, "generated": 0, "bbox": {"xmin": 0, "ymin": 151, "ymax": 316, "xmax": 309}}], [{"tid": 0, "generated": 0, "bbox": {"xmin": 268, "ymin": 156, "ymax": 311, "xmax": 402}}, {"tid": 1, "generated": 0, "bbox": {"xmin": 0, "ymin": 152, "ymax": 320, "xmax": 308}}], [{"tid": 0, "generated": 0, "bbox": {"xmin": 267, "ymin": 157, "ymax": 312, "xmax": 400}}, {"tid": 1, "generated": 0, "bbox": {"xmin": 0, "ymin": 153, "ymax": 320, "xmax": 306}}], [{"tid": 0, "generated": 0, "bbox": {"xmin": 267, "ymin": 158, "ymax": 313, "xmax": 397}}, {"tid": 1, "generated": 0, "bbox": {"xmin": 0, "ymin": 154, "ymax": 320, "xmax": 308}}], [{"tid": 0, "generated": 0, "bbox": {"xmin": 267, "ymin": 159, "ymax": 314, "xmax": 395}}, {"tid": 1, "generated": 0, "bbox": {"xmin": 0, "ymin": 156, "ymax": 320, "xmax": 310}}], [{"tid": 0, "generated": 0, "bbox": {"xmin": 266, "ymin": 160, "ymax": 315, "xmax": 393}}, {"tid": 1, "generated": 0, "bbox": {"xmin": 0, "ymin": 157, "ymax": 323, "xmax": 307}}], [{"tid": 0, "generated": 0, "bbox": {"xmin": 266, "ymin": 161, "ymax": 316, "xmax": 390}}, {"tid": 1, "generated": 0, "bbox": {"xmin": 0, "ymin": 158, "ymax": 326, "xmax": 305}}], [{"tid": 0, "generated": 0, "bbox": {"xmin": 265, "ymin": 162, "ymax": 317, "xmax": 388}}, {"tid": 1, "generated": 0, "bbox": {"xmin": 0, "ymin": 159, "ymax": 324, "xmax": 304}}], [{"tid": 0, "generated": 0, "bbox": {"xmin": 265, "ymin": 163, "ymax": 318, "xmax": 386}}, {"tid": 1, "generated": 0, "bbox": {"xmin": 0, "ymin": 160, "ymax": 327, "xmax": 304}}], [{"tid": 0, "generated": 0, "bbox": {"xmin": 265, "ymin": 165, "ymax": 319, "xmax": 384}}, {"tid": 1, "generated": 0, "bbox": {"xmin": 0, "ymin": 161, "ymax": 325, "xmax": 304}}], [{"tid": 0, "generated": 0, "bbox": {"xmin": 264, "ymin": 166, "ymax": 319, "xmax": 380}}, {"tid": 1, "generated": 0, "bbox": {"xmin": 6, "ymin": 162, "ymax": 324, "xmax": 304}}], [{"tid": 0, "generated": 0, "bbox": {"xmin": 264, "ymin": 167, "ymax": 320, "xmax": 376}}, {"tid": 1, "generated": 0, "bbox": {"xmin": 12, "ymin": 164, "ymax": 322, "xmax": 303}}], [{"tid": 0, "generated": 0, "bbox": {"xmin": 264, "ymin": 168, "ymax": 320, "xmax": 372}}, {"tid": 1, "generated": 0, "bbox": {"xmin": 17, "ymin": 164, "ymax": 321, "xmax": 303}}], [{"tid": 0, "generated": 0, "bbox": {"xmin": 264, "ymin": 169, "ymax": 321, "xmax": 368}}, {"tid": 1, "generated": 0, "bbox": {"xmin": 24, "ymin": 164, "ymax": 321, "xmax": 300}}], [{"tid": 0, "generated": 0, "bbox": {"xmin": 264, "ymin": 170, "ymax": 321, "xmax": 364}}, {"tid": 1, "generated": 0, "bbox": {"xmin": 31, "ymin": 164, "ymax": 321, "xmax": 296}}], [{"tid": 0, "generated": 0, "bbox": {"xmin": 264, "ymin": 171, "ymax": 322, "xmax": 360}}, {"tid": 1, "generated": 0, "bbox": {"xmin": 37, "ymin": 164, "ymax": 321, "xmax": 296}}], [{"tid": 0, "generated": 0, "bbox": {"xmin": 264, "ymin": 172, "ymax": 322, "xmax": 356}}, {"tid": 1, "generated": 0, "bbox": {"xmin": 44, "ymin": 164, "ymax": 321, "xmax": 296}}], [{"tid": 0, "generated": 0, "bbox": {"xmin": 264, "ymin": 173, "ymax": 323, "xmax": 352}}, {"tid": 1, "generated": 0, "bbox": {"xmin": 50, "ymin": 165, "ymax": 321, "xmax": 296}}], [{"tid": 0, "generated": 0, "bbox": {"xmin": 264, "ymin": 174, "ymax": 323, "xmax": 348}}, {"tid": 1, "generated": 0, "bbox": {"xmin": 57, "ymin": 165, "ymax": 321, "xmax": 296}}], [{"tid": 0, "generated": 0, "bbox": {"xmin": 264, "ymin": 176, "ymax": 324, "xmax": 344}}, {"tid": 1, "generated": 0, "bbox": {"xmin": 64, "ymin": 166, "ymax": 322, "xmax": 296}}], [{"tid": 0, "generated": 0, "bbox": {"xmin": 262, "ymin": 177, "ymax": 318, "xmax": 341}}, {"tid": 1, "generated": 0, "bbox": {"xmin": 58, "ymin": 166, "ymax": 323, "xmax": 294}}], [{"tid": 0, "generated": 0, "bbox": {"xmin": 260, "ymin": 178, "ymax": 312, "xmax": 338}}, {"tid": 1, "generated": 0, "bbox": {"xmin": 52, "ymin": 166, "ymax": 324, "xmax": 293}}], [{"tid": 0, "generated": 0, "bbox": {"xmin": 258, "ymin": 180, "ymax": 307, "xmax": 335}}, {"tid": 1, "generated": 0, "bbox": {"xmin": 47, "ymin": 166, "ymax": 325, "xmax": 291}}], [{"tid": 0, "generated": 0, "bbox": {"xmin": 256, "ymin": 181, "ymax": 301, "xmax": 332}}, {"tid": 1, "generated": 0, "bbox": {"xmin": 41, "ymin": 167, "ymax": 326, "xmax": 290}}], [{"tid": 0, "generated": 0, "bbox": {"xmin": 255, "ymin": 183, "ymax": 296, "xmax": 330}}, {"tid": 1, "generated": 0, "bbox": {"xmin": 36, "ymin": 167, "ymax": 327, "xmax": 289}}], [{"tid": 0, "generated": 0, "bbox": {"xmin": 255, "ymin": 184, "ymax": 291, "xmax": 326}}, {"tid": 1, "generated": 0, "bbox": {"xmin": 30, "ymin": 167, "ymax": 328, "xmax": 287}}], [{"tid": 0, "generated": 0, "bbox": {"xmin": 255, "ymin": 185, "ymax": 286, "xmax": 322}}, {"tid": 1, "generated": 0, "bbox": {"xmin": 24, "ymin": 168, "ymax": 329, "xmax": 286}}], [{"tid": 0, "generated": 0, "bbox": {"xmin": 255, "ymin": 186, "ymax": 281, "xmax": 318}}, {"tid": 1, "generated": 0, "bbox": {"xmin": 19, "ymin": 168, "ymax": 330, "xmax": 284}}], [{"tid": 0, "generated": 0, "bbox": {"xmin": 255, "ymin": 187, "ymax": 276, "xmax": 314}}, {"tid": 1, "generated": 0, "bbox": {"xmin": 13, "ymin": 168, "ymax": 331, "xmax": 283}}]], "subject/objects": [{"category": "red_panda", "tid": 0}, {"category": "red_panda", "tid": 1}], "relation_instances": [{"end_fid": 30, "subject_tid": 0, "predicate": "walk_right", "begin_fid": 0, "object_tid": 1}, {"end_fid": 30, "subject_tid": 0, "predicate": "walk_front", "begin_fid": 0, "object_tid": 1}, {"end_fid": 30, "subject_tid": 1, "predicate": "walk_behind", "begin_fid": 0, "object_tid": 0}, {"end_fid": 30, "subject_tid": 1, "predicate": "walk_left", "begin_fid": 0, "object_tid": 0}, {"end_fid": 30, "subject_tid": 1, "predicate": "follow", "begin_fid": 0, "object_tid": 0}, {"end_fid": 45, "subject_tid": 0, "predicate": "walk_right", "begin_fid": 15, "object_tid": 1}, {"end_fid": 45, "subject_tid": 0, "predicate": "walk_front", "begin_fid": 15, "object_tid": 1}, {"end_fid": 45, "subject_tid": 1, "predicate": "walk_behind", "begin_fid": 15, "object_tid": 0}, {"end_fid": 45, "subject_tid": 1, "predicate": "walk_left", "begin_fid": 15, "object_tid": 0}, {"end_fid": 45, "subject_tid": 1, "predicate": "follow", "begin_fid": 15, "object_tid": 0}, {"end_fid": 60, "subject_tid": 0, "predicate": "walk_right", "begin_fid": 30, "object_tid": 1}, {"end_fid": 60, "subject_tid": 0, "predicate": "walk_front", "begin_fid": 30, "object_tid": 1}, {"end_fid": 60, "subject_tid": 1, "predicate": "walk_behind", "begin_fid": 30, "object_tid": 0}, {"end_fid": 60, "subject_tid": 1, "predicate": "walk_left", "begin_fid": 30, "object_tid": 0}, {"end_fid": 60, "subject_tid": 1, "predicate": "follow", "begin_fid": 30, "object_tid": 0}, {"end_fid": 75, "subject_tid": 0, "predicate": "walk_right", "begin_fid": 45, "object_tid": 1}, {"end_fid": 75, "subject_tid": 0, "predicate": "walk_front", "begin_fid": 45, "object_tid": 1}, {"end_fid": 75, "subject_tid": 1, "predicate": "walk_behind", "begin_fid": 45, "object_tid": 0}, {"end_fid": 75, "subject_tid": 1, "predicate": "walk_left", "begin_fid": 45, "object_tid": 0}, {"end_fid": 75, "subject_tid": 1, "predicate": "follow", "begin_fid": 45, "object_tid": 0}, {"end_fid": 90, "subject_tid": 0, "predicate": "walk_right", "begin_fid": 60, "object_tid": 1}, {"end_fid": 90, "subject_tid": 0, "predicate": "walk_front", "begin_fid": 60, "object_tid": 1}, {"end_fid": 90, "subject_tid": 1, "predicate": "walk_behind", "begin_fid": 60, "object_tid": 0}, {"end_fid": 90, "subject_tid": 1, "predicate": "walk_left", "begin_fid": 60, "object_tid": 0}, {"end_fid": 90, "subject_tid": 1, "predicate": "follow", "begin_fid": 60, "object_tid": 0}], "height": 358}