{"width": 1280, "frame_count": 135, "video_id": "ILSVRC2015_train_00235007", "fps": 24, "trajectories": [[{"tid": 0, "generated": 0, "bbox": {"xmin": 17, "ymin": 481, "ymax": 570, "xmax": 55}}, {"tid": 1, "generated": 0, "bbox": {"xmin": 72, "ymin": 501, "ymax": 579, "xmax": 120}}, {"tid": 2, "generated": 0, "bbox": {"xmin": 238, "ymin": 517, "ymax": 611, "xmax": 336}}, {"tid": 3, "generated": 0, "bbox": {"xmin": 760, "ymin": 622, "ymax": 696, "xmax": 844}}], [{"tid": 0, "generated": 0, "bbox": {"xmin": 17, "ymin": 481, "ymax": 570, "xmax": 55}}, {"tid": 1, "generated": 0, "bbox": {"xmin": 72, "ymin": 500, "ymax": 579, "xmax": 119}}, {"tid": 2, "generated": 0, "bbox": {"xmin": 238, "ymin": 517, "ymax": 611, "xmax": 336}}, {"tid": 3, "generated": 0, "bbox": {"xmin": 760, "ymin": 622, "ymax": 696, "xmax": 844}}], [{"tid": 0, "generated": 0, "bbox": {"xmin": 17, "ymin": 481, "ymax": 570, "xmax": 55}}, {"tid": 1, "generated": 0, "bbox": {"xmin": 72, "ymin": 500, "ymax": 579, "xmax": 119}}, {"tid": 2, "generated": 0, "bbox": {"xmin": 238, "ymin": 517, "ymax": 611, "xmax": 336}}, {"tid": 3, "generated": 0, "bbox": {"xmin": 760, "ymin": 622, "ymax": 696, "xmax": 844}}], [{"tid": 0, "generated": 0, "bbox": {"xmin": 17, "ymin": 481, "ymax": 570, "xmax": 55}}, {"tid": 1, "generated": 0, "bbox": {"xmin": 72, "ymin": 500, "ymax": 579, "xmax": 119}}, {"tid": 2, "generated": 0, "bbox": {"xmin": 238, "ymin": 517, "ymax": 611, "xmax": 336}}, {"tid": 3, "generated": 0, "bbox": {"xmin": 760, "ymin": 622, "ymax": 696, "xmax": 845}}], [{"tid": 0, "generated": 0, "bbox": {"xmin": 17, "ymin": 481, "ymax": 570, "xmax": 55}}, {"tid": 1, "generated": 0, "bbox": {"xmin": 72, "ymin": 500, "ymax": 579, "xmax": 119}}, {"tid": 2, "generated": 0, "bbox": {"xmin": 238, "ymin": 517, "ymax": 611, "xmax": 336}}, {"tid": 3, "generated": 0, "bbox": {"xmin": 760, "ymin": 622, "ymax": 696, "xmax": 845}}], [{"tid": 0, "generated": 0, "bbox": {"xmin": 17, "ymin": 481, "ymax": 570, "xmax": 55}}, {"tid": 1, "generated": 0, "bbox": {"xmin": 72, "ymin": 500, "ymax": 579, "xmax": 119}}, {"tid": 2, "generated": 0, "bbox": {"xmin": 238, "ymin": 517, "ymax": 611, "xmax": 336}}, {"tid": 3, "generated": 0, "bbox": {"xmin": 760, "ymin": 622, "ymax": 696, "xmax": 846}}], [{"tid": 0, "generated": 0, "bbox": {"xmin": 18, "ymin": 481, "ymax": 570, "xmax": 55}}, {"tid": 1, "generated": 0, "bbox": {"xmin": 72, "ymin": 500, "ymax": 579, "xmax": 118}}, {"tid": 2, "generated": 0, "bbox": {"xmin": 238, "ymin": 517, "ymax": 611, "xmax": 336}}, {"tid": 3, "generated": 0, "bbox": {"xmin": 760, "ymin": 622, "ymax": 696, "xmax": 846}}], [{"tid": 0, "generated": 0, "bbox": {"xmin": 18, "ymin": 481, "ymax": 570, "xmax": 55}}, {"tid": 1, "generated": 0, "bbox": {"xmin": 72, "ymin": 500, "ymax": 579, "xmax": 118}}, {"tid": 2, "generated": 0, "bbox": {"xmin": 238, "ymin": 517, "ymax": 611, "xmax": 336}}, {"tid": 3, "generated": 0, "bbox": {"xmin": 760, "ymin": 622, "ymax": 696, "xmax": 847}}], [{"tid": 0, "generated": 0, "bbox": {"xmin": 18, "ymin": 481, "ymax": 570, "xmax": 56}}, {"tid": 1, "generated": 0, "bbox": {"xmin": 72, "ymin": 500, "ymax": 579, "xmax": 118}}, {"tid": 2, "generated": 0, "bbox": {"xmin": 238, "ymin": 517, "ymax": 611, "xmax": 336}}, {"tid": 3, "generated": 0, "bbox": {"xmin": 760, "ymin": 622, "ymax": 696, "xmax": 847}}], [{"tid": 0, "generated": 0, "bbox": {"xmin": 18, "ymin": 481, "ymax": 570, "xmax": 56}}, {"tid": 1, "generated": 0, "bbox": {"xmin": 72, "ymin": 500, "ymax": 579, "xmax": 118}}, {"tid": 2, "generated": 0, "bbox": {"xmin": 238, "ymin": 517, "ymax": 611, "xmax": 336}}, {"tid": 3, "generated": 0, "bbox": {"xmin": 760, "ymin": 622, "ymax": 696, "xmax": 848}}], [{"tid": 0, "generated": 0, "bbox": {"xmin": 18, "ymin": 481, "ymax": 570, "xmax": 56}}, {"tid": 1, "generated": 0, "bbox": {"xmin": 72, "ymin": 500, "ymax": 579, "xmax": 118}}, {"tid": 2, "generated": 0, "bbox": {"xmin": 238, "ymin": 517, "ymax": 612, "xmax": 336}}, {"tid": 3, "generated": 0, "bbox": {"xmin": 760, "ymin": 622, "ymax": 696, "xmax": 848}}], [{"tid": 0, "generated": 0, "bbox": {"xmin": 18, "ymin": 481, "ymax": 570, "xmax": 56}}, {"tid": 1, "generated": 0, "bbox": {"xmin": 72, "ymin": 500, "ymax": 579, "xmax": 118}}, {"tid": 2, "generated": 0, "bbox": {"xmin": 238, "ymin": 517, "ymax": 612, "xmax": 336}}, {"tid": 3, "generated": 0, "bbox": {"xmin": 760, "ymin": 622, "ymax": 696, "xmax": 848}}], [{"tid": 0, "generated": 0, "bbox": {"xmin": 19, "ymin": 481, "ymax": 570, "xmax": 56}}, {"tid": 1, "generated": 0, "bbox": {"xmin": 72, "ymin": 500, "ymax": 579, "xmax": 117}}, {"tid": 2, "generated": 0, "bbox": {"xmin": 238, "ymin": 517, "ymax": 612, "xmax": 336}}, {"tid": 3, "generated": 0, "bbox": {"xmin": 760, "ymin": 622, "ymax": 696, "xmax": 849}}], [{"tid": 0, "generated": 0, "bbox": {"xmin": 19, "ymin": 481, "ymax": 570, "xmax": 56}}, {"tid": 1, "generated": 0, "bbox": {"xmin": 72, "ymin": 500, "ymax": 579, "xmax": 117}}, {"tid": 2, "generated": 0, "bbox": {"xmin": 238, "ymin": 517, "ymax": 612, "xmax": 336}}, {"tid": 3, "generated": 0, "bbox": {"xmin": 760, "ymin": 622, "ymax": 696, "xmax": 849}}], [{"tid": 0, "generated": 0, "bbox": {"xmin": 19, "ymin": 481, "ymax": 570, "xmax": 56}}, {"tid": 1, "generated": 0, "bbox": {"xmin": 72, "ymin": 500, "ymax": 579, "xmax": 117}}, {"tid": 2, "generated": 0, "bbox": {"xmin": 238, "ymin": 518, "ymax": 612, "xmax": 336}}, {"tid": 3, "generated": 0, "bbox": {"xmin": 760, "ymin": 622, "ymax": 696, "xmax": 850}}], [{"tid": 0, "generated": 0, "bbox": {"xmin": 19, "ymin": 481, "ymax": 570, "xmax": 56}}, {"tid": 1, "generated": 0, "bbox": {"xmin": 72, "ymin": 500, "ymax": 579, "xmax": 117}}, {"tid": 2, "generated": 0, "bbox": {"xmin": 238, "ymin": 518, "ymax": 612, "xmax": 336}}, {"tid": 3, "generated": 0, "bbox": {"xmin": 760, "ymin": 622, "ymax": 696, "xmax": 850}}], [{"tid": 0, "generated": 0, "bbox": {"xmin": 19, "ymin": 481, "ymax": 570, "xmax": 57}}, {"tid": 1, "generated": 0, "bbox": {"xmin": 72, "ymin": 500, "ymax": 579, "xmax": 117}}, {"tid": 2, "generated": 0, "bbox": {"xmin": 238, "ymin": 518, "ymax": 612, "xmax": 336}}, {"tid": 3, "generated": 0, "bbox": {"xmin": 760, "ymin": 622, "ymax": 696, "xmax": 851}}], [{"tid": 0, "generated": 0, "bbox": {"xmin": 19, "ymin": 481, "ymax": 570, "xmax": 57}}, {"tid": 1, "generated": 0, "bbox": {"xmin": 72, "ymin": 500, "ymax": 579, "xmax": 117}}, {"tid": 2, "generated": 0, "bbox": {"xmin": 238, "ymin": 518, "ymax": 612, "xmax": 336}}, {"tid": 3, "generated": 0, "bbox": {"xmin": 760, "ymin": 622, "ymax": 696, "xmax": 851}}], [{"tid": 0, "generated": 0, "bbox": {"xmin": 20, "ymin": 481, "ymax": 570, "xmax": 57}}, {"tid": 1, "generated": 0, "bbox": {"xmin": 72, "ymin": 500, "ymax": 579, "xmax": 116}}, {"tid": 2, "generated": 0, "bbox": {"xmin": 238, "ymin": 518, "ymax": 612, "xmax": 336}}, {"tid": 3, "generated": 0, "bbox": {"xmin": 760, "ymin": 622, "ymax": 696, "xmax": 852}}], [{"tid": 0, "generated": 0, "bbox": {"xmin": 20, "ymin": 481, "ymax": 570, "xmax": 57}}, {"tid": 1, "generated": 0, "bbox": {"xmin": 72, "ymin": 500, "ymax": 579, "xmax": 116}}, {"tid": 2, "generated": 0, "bbox": {"xmin": 238, "ymin": 518, "ymax": 612, "xmax": 336}}, {"tid": 3, "generated": 0, "bbox": {"xmin": 760, "ymin": 622, "ymax": 696, "xmax": 852}}], [{"tid": 0, "generated": 0, "bbox": {"xmin": 20, "ymin": 481, "ymax": 570, "xmax": 57}}, {"tid": 1, "generated": 0, "bbox": {"xmin": 72, "ymin": 500, "ymax": 579, "xmax": 116}}, {"tid": 2, "generated": 0, "bbox": {"xmin": 238, "ymin": 518, "ymax": 613, "xmax": 336}}, {"tid": 3, "generated": 0, "bbox": {"xmin": 760, "ymin": 622, "ymax": 696, "xmax": 853}}], [{"tid": 0, "generated": 0, "bbox": {"xmin": 20, "ymin": 481, "ymax": 570, "xmax": 57}}, {"tid": 1, "generated": 0, "bbox": {"xmin": 72, "ymin": 499, "ymax": 579, "xmax": 116}}, {"tid": 2, "generated": 0, "bbox": {"xmin": 238, "ymin": 518, "ymax": 613, "xmax": 336}}, {"tid": 3, "generated": 0, "bbox": {"xmin": 760, "ymin": 622, "ymax": 696, "xmax": 853}}], [{"tid": 0, "generated": 0, "bbox": {"xmin": 20, "ymin": 481, "ymax": 570, "xmax": 57}}, {"tid": 1, "generated": 0, "bbox": {"xmin": 72, "ymin": 499, "ymax": 579, "xmax": 116}}, {"tid": 2, "generated": 0, "bbox": {"xmin": 238, "ymin": 518, "ymax": 613, "xmax": 336}}, {"tid": 3, "generated": 0, "bbox": {"xmin": 760, "ymin": 622, "ymax": 696, "xmax": 853}}], [{"tid": 0, "generated": 0, "bbox": {"xmin": 21, "ymin": 481, "ymax": 570, "xmax": 57}}, {"tid": 1, "generated": 0, "bbox": {"xmin": 72, "ymin": 499, "ymax": 579, "xmax": 115}}, {"tid": 2, "generated": 0, "bbox": {"xmin": 238, "ymin": 518, "ymax": 613, "xmax": 336}}, {"tid": 3, "generated": 0, "bbox": {"xmin": 760, "ymin": 622, "ymax": 696, "xmax": 854}}], [{"tid": 0, "generated": 0, "bbox": {"xmin": 21, "ymin": 481, "ymax": 570, "xmax": 58}}, {"tid": 1, "generated": 0, "bbox": {"xmin": 72, "ymin": 499, "ymax": 579, "xmax": 115}}, {"tid": 2, "generated": 0, "bbox": {"xmin": 238, "ymin": 518, "ymax": 613, "xmax": 336}}, {"tid": 3, "generated": 0, "bbox": {"xmin": 760, "ymin": 622, "ymax": 696, "xmax": 854}}], [{"tid": 0, "generated": 0, "bbox": {"xmin": 21, "ymin": 481, "ymax": 570, "xmax": 58}}, {"tid": 1, "generated": 0, "bbox": {"xmin": 72, "ymin": 499, "ymax": 579, "xmax": 115}}, {"tid": 2, "generated": 0, "bbox": {"xmin": 238, "ymin": 518, "ymax": 613, "xmax": 336}}, {"tid": 3, "generated": 0, "bbox": {"xmin": 760, "ymin": 622, "ymax": 696, "xmax": 855}}], [{"tid": 0, "generated": 0, "bbox": {"xmin": 21, "ymin": 481, "ymax": 570, "xmax": 58}}, {"tid": 1, "generated": 0, "bbox": {"xmin": 72, "ymin": 499, "ymax": 579, "xmax": 115}}, {"tid": 2, "generated": 0, "bbox": {"xmin": 238, "ymin": 518, "ymax": 613, "xmax": 336}}, {"tid": 3, "generated": 0, "bbox": {"xmin": 760, "ymin": 622, "ymax": 696, "xmax": 855}}], [{"tid": 0, "generated": 0, "bbox": {"xmin": 21, "ymin": 481, "ymax": 570, "xmax": 58}}, {"tid": 1, "generated": 0, "bbox": {"xmin": 72, "ymin": 499, "ymax": 579, "xmax": 115}}, {"tid": 2, "generated": 0, "bbox": {"xmin": 238, "ymin": 519, "ymax": 613, "xmax": 336}}, {"tid": 3, "generated": 0, "bbox": {"xmin": 760, "ymin": 622, "ymax": 696, "xmax": 856}}], [{"tid": 0, "generated": 0, "bbox": {"xmin": 21, "ymin": 481, "ymax": 570, "xmax": 58}}, {"tid": 1, "generated": 0, "bbox": {"xmin": 72, "ymin": 499, "ymax": 579, "xmax": 115}}, {"tid": 2, "generated": 0, "bbox": {"xmin": 238, "ymin": 519, "ymax": 613, "xmax": 336}}, {"tid": 3, "generated": 0, "bbox": {"xmin": 760, "ymin": 622, "ymax": 696, "xmax": 856}}], [{"tid": 0, "generated": 0, "bbox": {"xmin": 22, "ymin": 481, "ymax": 570, "xmax": 58}}, {"tid": 1, "generated": 0, "bbox": {"xmin": 72, "ymin": 499, "ymax": 579, "xmax": 114}}, {"tid": 2, "generated": 0, "bbox": {"xmin": 238, "ymin": 519, "ymax": 613, "xmax": 336}}, {"tid": 3, "generated": 0, "bbox": {"xmin": 760, "ymin": 622, "ymax": 696, "xmax": 857}}], [{"tid": 0, "generated": 0, "bbox": {"xmin": 22, "ymin": 481, "ymax": 570, "xmax": 58}}, {"tid": 1, "generated": 0, "bbox": {"xmin": 72, "ymin": 499, "ymax": 579, "xmax": 114}}, {"tid": 2, "generated": 0, "bbox": {"xmin": 238, "ymin": 519, "ymax": 614, "xmax": 336}}, {"tid": 3, "generated": 0, "bbox": {"xmin": 760, "ymin": 622, "ymax": 696, "xmax": 857}}], [{"tid": 0, "generated": 0, "bbox": {"xmin": 22, "ymin": 481, "ymax": 570, "xmax": 58}}, {"tid": 1, "generated": 0, "bbox": {"xmin": 72, "ymin": 499, "ymax": 579, "xmax": 114}}, {"tid": 2, "generated": 0, "bbox": {"xmin": 238, "ymin": 519, "ymax": 614, "xmax": 336}}, {"tid": 3, "generated": 0, "bbox": {"xmin": 760, "ymin": 622, "ymax": 696, "xmax": 857}}], [{"tid": 0, "generated": 0, "bbox": {"xmin": 22, "ymin": 481, "ymax": 570, "xmax": 59}}, {"tid": 1, "generated": 0, "bbox": {"xmin": 72, "ymin": 499, "ymax": 579, "xmax": 114}}, {"tid": 2, "generated": 0, "bbox": {"xmin": 238, "ymin": 519, "ymax": 614, "xmax": 336}}, {"tid": 3, "generated": 0, "bbox": {"xmin": 760, "ymin": 622, "ymax": 696, "xmax": 858}}], [{"tid": 0, "generated": 0, "bbox": {"xmin": 22, "ymin": 481, "ymax": 570, "xmax": 59}}, {"tid": 1, "generated": 0, "bbox": {"xmin": 72, "ymin": 499, "ymax": 579, "xmax": 114}}, {"tid": 2, "generated": 0, "bbox": {"xmin": 238, "ymin": 519, "ymax": 614, "xmax": 336}}, {"tid": 3, "generated": 0, "bbox": {"xmin": 760, "ymin": 622, "ymax": 696, "xmax": 858}}], [{"tid": 0, "generated": 0, "bbox": {"xmin": 22, "ymin": 481, "ymax": 570, "xmax": 59}}, {"tid": 1, "generated": 0, "bbox": {"xmin": 72, "ymin": 499, "ymax": 579, "xmax": 114}}, {"tid": 2, "generated": 0, "bbox": {"xmin": 238, "ymin": 519, "ymax": 614, "xmax": 336}}, {"tid": 3, "generated": 0, "bbox": {"xmin": 760, "ymin": 622, "ymax": 696, "xmax": 859}}], [{"tid": 0, "generated": 0, "bbox": {"xmin": 23, "ymin": 481, "ymax": 570, "xmax": 59}}, {"tid": 1, "generated": 0, "bbox": {"xmin": 72, "ymin": 499, "ymax": 579, "xmax": 113}}, {"tid": 2, "generated": 0, "bbox": {"xmin": 238, "ymin": 519, "ymax": 614, "xmax": 336}}, {"tid": 3, "generated": 0, "bbox": {"xmin": 760, "ymin": 622, "ymax": 696, "xmax": 859}}], [{"tid": 0, "generated": 0, "bbox": {"xmin": 23, "ymin": 481, "ymax": 570, "xmax": 59}}, {"tid": 1, "generated": 0, "bbox": {"xmin": 72, "ymin": 499, "ymax": 579, "xmax": 113}}, {"tid": 2, "generated": 0, "bbox": {"xmin": 238, "ymin": 519, "ymax": 614, "xmax": 336}}, {"tid": 3, "generated": 0, "bbox": {"xmin": 760, "ymin": 622, "ymax": 696, "xmax": 860}}], [{"tid": 0, "generated": 0, "bbox": {"xmin": 23, "ymin": 481, "ymax": 570, "xmax": 59}}, {"tid": 1, "generated": 0, "bbox": {"xmin": 72, "ymin": 499, "ymax": 579, "xmax": 113}}, {"tid": 2, "generated": 0, "bbox": {"xmin": 238, "ymin": 519, "ymax": 614, "xmax": 336}}, {"tid": 3, "generated": 0, "bbox": {"xmin": 760, "ymin": 622, "ymax": 696, "xmax": 860}}], [{"tid": 0, "generated": 0, "bbox": {"xmin": 23, "ymin": 481, "ymax": 570, "xmax": 59}}, {"tid": 1, "generated": 0, "bbox": {"xmin": 72, "ymin": 499, "ymax": 579, "xmax": 113}}, {"tid": 2, "generated": 0, "bbox": {"xmin": 238, "ymin": 519, "ymax": 614, "xmax": 336}}, {"tid": 3, "generated": 0, "bbox": {"xmin": 760, "ymin": 622, "ymax": 696, "xmax": 861}}], [{"tid": 0, "generated": 0, "bbox": {"xmin": 23, "ymin": 481, "ymax": 570, "xmax": 59}}, {"tid": 1, "generated": 0, "bbox": {"xmin": 72, "ymin": 499, "ymax": 579, "xmax": 113}}, {"tid": 2, "generated": 0, "bbox": {"xmin": 238, "ymin": 519, "ymax": 614, "xmax": 336}}, {"tid": 3, "generated": 0, "bbox": {"xmin": 760, "ymin": 622, "ymax": 696, "xmax": 861}}], [{"tid": 0, "generated": 0, "bbox": {"xmin": 24, "ymin": 481, "ymax": 570, "xmax": 60}}, {"tid": 1, "generated": 0, "bbox": {"xmin": 72, "ymin": 499, "ymax": 579, "xmax": 113}}, {"tid": 2, "generated": 0, "bbox": {"xmin": 238, "ymin": 520, "ymax": 615, "xmax": 336}}, {"tid": 3, "generated": 0, "bbox": {"xmin": 760, "ymin": 622, "ymax": 696, "xmax": 862}}], [{"tid": 0, "generated": 0, "bbox": {"xmin": 24, "ymin": 481, "ymax": 570, "xmax": 59}}, {"tid": 1, "generated": 0, "bbox": {"xmin": 72, "ymin": 499, "ymax": 579, "xmax": 113}}, {"tid": 2, "generated": 0, "bbox": {"xmin": 238, "ymin": 520, "ymax": 614, "xmax": 336}}, {"tid": 3, "generated": 0, "bbox": {"xmin": 760, "ymin": 622, "ymax": 696, "xmax": 862}}], [{"tid": 0, "generated": 0, "bbox": {"xmin": 24, "ymin": 481, "ymax": 570, "xmax": 59}}, {"tid": 1, "generated": 0, "bbox": {"xmin": 72, "ymin": 499, "ymax": 579, "xmax": 113}}, {"tid": 2, "generated": 0, "bbox": {"xmin": 238, "ymin": 520, "ymax": 614, "xmax": 336}}, {"tid": 3, "generated": 0, "bbox": {"xmin": 760, "ymin": 622, "ymax": 696, "xmax": 862}}], [{"tid": 0, "generated": 0, "bbox": {"xmin": 24, "ymin": 481, "ymax": 570, "xmax": 59}}, {"tid": 1, "generated": 0, "bbox": {"xmin": 72, "ymin": 499, "ymax": 579, "xmax": 113}}, {"tid": 2, "generated": 0, "bbox": {"xmin": 238, "ymin": 520, "ymax": 614, "xmax": 336}}, {"tid": 3, "generated": 0, "bbox": {"xmin": 760, "ymin": 622, "ymax": 696, "xmax": 862}}], [{"tid": 0, "generated": 0, "bbox": {"xmin": 24, "ymin": 481, "ymax": 570, "xmax": 59}}, {"tid": 1, "generated": 0, "bbox": {"xmin": 72, "ymin": 499, "ymax": 579, "xmax": 113}}, {"tid": 2, "generated": 0, "bbox": {"xmin": 238, "ymin": 520, "ymax": 614, "xmax": 336}}, {"tid": 3, "generated": 0, "bbox": {"xmin": 761, "ymin": 622, "ymax": 696, "xmax": 863}}], [{"tid": 0, "generated": 0, "bbox": {"xmin": 24, "ymin": 481, "ymax": 570, "xmax": 59}}, {"tid": 1, "generated": 0, "bbox": {"xmin": 72, "ymin": 499, "ymax": 579, "xmax": 113}}, {"tid": 2, "generated": 0, "bbox": {"xmin": 238, "ymin": 520, "ymax": 614, "xmax": 336}}, {"tid": 3, "generated": 0, "bbox": {"xmin": 761, "ymin": 622, "ymax": 696, "xmax": 863}}, {"tid": 4, "generated": 0, "bbox": {"xmin": 903, "ymin": 666, "ymax": 718, "xmax": 950}}], [{"tid": 0, "generated": 0, "bbox": {"xmin": 24, "ymin": 481, "ymax": 570, "xmax": 59}}, {"tid": 1, "generated": 0, "bbox": {"xmin": 72, "ymin": 499, "ymax": 579, "xmax": 113}}, {"tid": 2, "generated": 0, "bbox": {"xmin": 238, "ymin": 520, "ymax": 614, "xmax": 336}}, {"tid": 3, "generated": 0, "bbox": {"xmin": 761, "ymin": 622, "ymax": 696, "xmax": 863}}, {"tid": 4, "generated": 0, "bbox": {"xmin": 903, "ymin": 666, "ymax": 718, "xmax": 951}}], [{"tid": 0, "generated": 0, "bbox": {"xmin": 24, "ymin": 481, "ymax": 570, "xmax": 59}}, {"tid": 1, "generated": 0, "bbox": {"xmin": 72, "ymin": 499, "ymax": 579, "xmax": 113}}, {"tid": 2, "generated": 0, "bbox": {"xmin": 238, "ymin": 520, "ymax": 614, "xmax": 336}}, {"tid": 3, "generated": 0, "bbox": {"xmin": 761, "ymin": 622, "ymax": 696, "xmax": 864}}, {"tid": 4, "generated": 0, "bbox": {"xmin": 903, "ymin": 666, "ymax": 718, "xmax": 951}}], [{"tid": 0, "generated": 0, "bbox": {"xmin": 24, "ymin": 481, "ymax": 570, "xmax": 59}}, {"tid": 1, "generated": 0, "bbox": {"xmin": 72, "ymin": 499, "ymax": 579, "xmax": 113}}, {"tid": 2, "generated": 0, "bbox": {"xmin": 239, "ymin": 520, "ymax": 614, "xmax": 336}}, {"tid": 3, "generated": 0, "bbox": {"xmin": 762, "ymin": 622, "ymax": 696, "xmax": 864}}, {"tid": 4, "generated": 0, "bbox": {"xmin": 903, "ymin": 666, "ymax": 718, "xmax": 951}}], [{"tid": 0, "generated": 0, "bbox": {"xmin": 24, "ymin": 481, "ymax": 570, "xmax": 59}}, {"tid": 1, "generated": 0, "bbox": {"xmin": 72, "ymin": 499, "ymax": 579, "xmax": 113}}, {"tid": 2, "generated": 0, "bbox": {"xmin": 239, "ymin": 520, "ymax": 614, "xmax": 336}}, {"tid": 3, "generated": 0, "bbox": {"xmin": 762, "ymin": 622, "ymax": 696, "xmax": 864}}, {"tid": 4, "generated": 0, "bbox": {"xmin": 903, "ymin": 666, "ymax": 718, "xmax": 952}}], [{"tid": 0, "generated": 0, "bbox": {"xmin": 24, "ymin": 481, "ymax": 570, "xmax": 59}}, {"tid": 1, "generated": 0, "bbox": {"xmin": 72, "ymin": 499, "ymax": 579, "xmax": 113}}, {"tid": 2, "generated": 0, "bbox": {"xmin": 239, "ymin": 520, "ymax": 614, "xmax": 336}}, {"tid": 3, "generated": 0, "bbox": {"xmin": 762, "ymin": 622, "ymax": 696, "xmax": 865}}, {"tid": 4, "generated": 0, "bbox": {"xmin": 903, "ymin": 666, "ymax": 718, "xmax": 952}}], [{"tid": 0, "generated": 0, "bbox": {"xmin": 24, "ymin": 481, "ymax": 570, "xmax": 59}}, {"tid": 1, "generated": 0, "bbox": {"xmin": 72, "ymin": 499, "ymax": 579, "xmax": 113}}, {"tid": 2, "generated": 0, "bbox": {"xmin": 239, "ymin": 520, "ymax": 614, "xmax": 336}}, {"tid": 3, "generated": 0, "bbox": {"xmin": 762, "ymin": 622, "ymax": 696, "xmax": 865}}, {"tid": 4, "generated": 0, "bbox": {"xmin": 903, "ymin": 666, "ymax": 718, "xmax": 953}}], [{"tid": 0, "generated": 0, "bbox": {"xmin": 24, "ymin": 481, "ymax": 570, "xmax": 59}}, {"tid": 1, "generated": 0, "bbox": {"xmin": 72, "ymin": 499, "ymax": 579, "xmax": 113}}, {"tid": 2, "generated": 0, "bbox": {"xmin": 239, "ymin": 520, "ymax": 614, "xmax": 336}}, {"tid": 3, "generated": 0, "bbox": {"xmin": 763, "ymin": 622, "ymax": 696, "xmax": 865}}, {"tid": 4, "generated": 0, "bbox": {"xmin": 903, "ymin": 666, "ymax": 718, "xmax": 953}}], [{"tid": 0, "generated": 0, "bbox": {"xmin": 24, "ymin": 481, "ymax": 570, "xmax": 59}}, {"tid": 1, "generated": 0, "bbox": {"xmin": 72, "ymin": 499, "ymax": 579, "xmax": 113}}, {"tid": 2, "generated": 0, "bbox": {"xmin": 239, "ymin": 520, "ymax": 614, "xmax": 336}}, {"tid": 3, "generated": 0, "bbox": {"xmin": 763, "ymin": 622, "ymax": 696, "xmax": 866}}, {"tid": 4, "generated": 0, "bbox": {"xmin": 903, "ymin": 666, "ymax": 718, "xmax": 953}}], [{"tid": 0, "generated": 0, "bbox": {"xmin": 24, "ymin": 481, "ymax": 570, "xmax": 59}}, {"tid": 1, "generated": 0, "bbox": {"xmin": 72, "ymin": 499, "ymax": 579, "xmax": 113}}, {"tid": 2, "generated": 0, "bbox": {"xmin": 239, "ymin": 520, "ymax": 614, "xmax": 336}}, {"tid": 3, "generated": 0, "bbox": {"xmin": 763, "ymin": 622, "ymax": 696, "xmax": 866}}, {"tid": 4, "generated": 0, "bbox": {"xmin": 903, "ymin": 666, "ymax": 718, "xmax": 954}}], [{"tid": 0, "generated": 0, "bbox": {"xmin": 24, "ymin": 481, "ymax": 570, "xmax": 59}}, {"tid": 1, "generated": 0, "bbox": {"xmin": 72, "ymin": 499, "ymax": 579, "xmax": 113}}, {"tid": 2, "generated": 0, "bbox": {"xmin": 239, "ymin": 520, "ymax": 614, "xmax": 336}}, {"tid": 3, "generated": 0, "bbox": {"xmin": 763, "ymin": 622, "ymax": 696, "xmax": 866}}, {"tid": 4, "generated": 0, "bbox": {"xmin": 903, "ymin": 666, "ymax": 718, "xmax": 954}}], [{"tid": 0, "generated": 0, "bbox": {"xmin": 24, "ymin": 481, "ymax": 570, "xmax": 59}}, {"tid": 1, "generated": 0, "bbox": {"xmin": 72, "ymin": 499, "ymax": 579, "xmax": 113}}, {"tid": 2, "generated": 0, "bbox": {"xmin": 240, "ymin": 520, "ymax": 614, "xmax": 336}}, {"tid": 3, "generated": 0, "bbox": {"xmin": 764, "ymin": 622, "ymax": 696, "xmax": 867}}, {"tid": 4, "generated": 0, "bbox": {"xmin": 903, "ymin": 666, "ymax": 718, "xmax": 954}}], [{"tid": 0, "generated": 0, "bbox": {"xmin": 24, "ymin": 481, "ymax": 570, "xmax": 59}}, {"tid": 1, "generated": 0, "bbox": {"xmin": 72, "ymin": 499, "ymax": 579, "xmax": 113}}, {"tid": 2, "generated": 0, "bbox": {"xmin": 240, "ymin": 520, "ymax": 614, "xmax": 336}}, {"tid": 3, "generated": 0, "bbox": {"xmin": 764, "ymin": 622, "ymax": 696, "xmax": 867}}, {"tid": 4, "generated": 0, "bbox": {"xmin": 903, "ymin": 666, "ymax": 718, "xmax": 955}}], [{"tid": 0, "generated": 0, "bbox": {"xmin": 24, "ymin": 481, "ymax": 570, "xmax": 59}}, {"tid": 1, "generated": 0, "bbox": {"xmin": 72, "ymin": 499, "ymax": 579, "xmax": 113}}, {"tid": 2, "generated": 0, "bbox": {"xmin": 240, "ymin": 520, "ymax": 614, "xmax": 336}}, {"tid": 3, "generated": 0, "bbox": {"xmin": 764, "ymin": 622, "ymax": 696, "xmax": 867}}, {"tid": 4, "generated": 0, "bbox": {"xmin": 903, "ymin": 666, "ymax": 718, "xmax": 955}}], [{"tid": 0, "generated": 0, "bbox": {"xmin": 24, "ymin": 481, "ymax": 570, "xmax": 59}}, {"tid": 1, "generated": 0, "bbox": {"xmin": 72, "ymin": 499, "ymax": 579, "xmax": 113}}, {"tid": 2, "generated": 0, "bbox": {"xmin": 240, "ymin": 520, "ymax": 614, "xmax": 336}}, {"tid": 3, "generated": 0, "bbox": {"xmin": 765, "ymin": 622, "ymax": 696, "xmax": 868}}, {"tid": 4, "generated": 0, "bbox": {"xmin": 903, "ymin": 666, "ymax": 718, "xmax": 955}}], [{"tid": 0, "generated": 0, "bbox": {"xmin": 24, "ymin": 481, "ymax": 570, "xmax": 59}}, {"tid": 1, "generated": 0, "bbox": {"xmin": 72, "ymin": 499, "ymax": 579, "xmax": 113}}, {"tid": 2, "generated": 0, "bbox": {"xmin": 240, "ymin": 520, "ymax": 614, "xmax": 336}}, {"tid": 3, "generated": 0, "bbox": {"xmin": 765, "ymin": 622, "ymax": 696, "xmax": 868}}, {"tid": 4, "generated": 0, "bbox": {"xmin": 903, "ymin": 666, "ymax": 718, "xmax": 956}}], [{"tid": 0, "generated": 0, "bbox": {"xmin": 24, "ymin": 481, "ymax": 570, "xmax": 59}}, {"tid": 1, "generated": 0, "bbox": {"xmin": 72, "ymin": 499, "ymax": 579, "xmax": 113}}, {"tid": 2, "generated": 0, "bbox": {"xmin": 240, "ymin": 520, "ymax": 614, "xmax": 336}}, {"tid": 3, "generated": 0, "bbox": {"xmin": 765, "ymin": 622, "ymax": 696, "xmax": 868}}, {"tid": 4, "generated": 0, "bbox": {"xmin": 903, "ymin": 666, "ymax": 718, "xmax": 956}}], [{"tid": 0, "generated": 0, "bbox": {"xmin": 24, "ymin": 481, "ymax": 570, "xmax": 59}}, {"tid": 1, "generated": 0, "bbox": {"xmin": 72, "ymin": 499, "ymax": 579, "xmax": 113}}, {"tid": 2, "generated": 0, "bbox": {"xmin": 240, "ymin": 520, "ymax": 614, "xmax": 336}}, {"tid": 3, "generated": 0, "bbox": {"xmin": 765, "ymin": 622, "ymax": 696, "xmax": 868}}, {"tid": 4, "generated": 0, "bbox": {"xmin": 903, "ymin": 666, "ymax": 718, "xmax": 957}}], [{"tid": 0, "generated": 0, "bbox": {"xmin": 24, "ymin": 481, "ymax": 570, "xmax": 59}}, {"tid": 1, "generated": 0, "bbox": {"xmin": 72, "ymin": 499, "ymax": 579, "xmax": 113}}, {"tid": 2, "generated": 0, "bbox": {"xmin": 240, "ymin": 520, "ymax": 614, "xmax": 336}}, {"tid": 3, "generated": 0, "bbox": {"xmin": 766, "ymin": 622, "ymax": 696, "xmax": 869}}, {"tid": 4, "generated": 0, "bbox": {"xmin": 903, "ymin": 666, "ymax": 718, "xmax": 957}}], [{"tid": 0, "generated": 0, "bbox": {"xmin": 24, "ymin": 481, "ymax": 570, "xmax": 59}}, {"tid": 1, "generated": 0, "bbox": {"xmin": 72, "ymin": 499, "ymax": 579, "xmax": 113}}, {"tid": 2, "generated": 0, "bbox": {"xmin": 241, "ymin": 520, "ymax": 613, "xmax": 336}}, {"tid": 3, "generated": 0, "bbox": {"xmin": 766, "ymin": 622, "ymax": 696, "xmax": 869}}, {"tid": 4, "generated": 0, "bbox": {"xmin": 903, "ymin": 666, "ymax": 718, "xmax": 957}}], [{"tid": 0, "generated": 0, "bbox": {"xmin": 24, "ymin": 481, "ymax": 570, "xmax": 59}}, {"tid": 1, "generated": 0, "bbox": {"xmin": 72, "ymin": 499, "ymax": 579, "xmax": 113}}, {"tid": 2, "generated": 0, "bbox": {"xmin": 241, "ymin": 520, "ymax": 613, "xmax": 336}}, {"tid": 3, "generated": 0, "bbox": {"xmin": 766, "ymin": 622, "ymax": 696, "xmax": 869}}, {"tid": 4, "generated": 0, "bbox": {"xmin": 903, "ymin": 666, "ymax": 718, "xmax": 958}}], [{"tid": 0, "generated": 0, "bbox": {"xmin": 24, "ymin": 481, "ymax": 570, "xmax": 59}}, {"tid": 1, "generated": 0, "bbox": {"xmin": 72, "ymin": 499, "ymax": 579, "xmax": 113}}, {"tid": 2, "generated": 0, "bbox": {"xmin": 241, "ymin": 520, "ymax": 613, "xmax": 336}}, {"tid": 3, "generated": 0, "bbox": {"xmin": 766, "ymin": 622, "ymax": 696, "xmax": 870}}, {"tid": 4, "generated": 0, "bbox": {"xmin": 903, "ymin": 666, "ymax": 718, "xmax": 958}}], [{"tid": 0, "generated": 0, "bbox": {"xmin": 24, "ymin": 481, "ymax": 570, "xmax": 59}}, {"tid": 1, "generated": 0, "bbox": {"xmin": 72, "ymin": 499, "ymax": 579, "xmax": 113}}, {"tid": 2, "generated": 0, "bbox": {"xmin": 241, "ymin": 520, "ymax": 613, "xmax": 336}}, {"tid": 3, "generated": 0, "bbox": {"xmin": 767, "ymin": 622, "ymax": 696, "xmax": 870}}, {"tid": 4, "generated": 0, "bbox": {"xmin": 903, "ymin": 666, "ymax": 718, "xmax": 958}}], [{"tid": 0, "generated": 0, "bbox": {"xmin": 24, "ymin": 481, "ymax": 570, "xmax": 59}}, {"tid": 1, "generated": 0, "bbox": {"xmin": 72, "ymin": 499, "ymax": 579, "xmax": 113}}, {"tid": 2, "generated": 0, "bbox": {"xmin": 241, "ymin": 520, "ymax": 613, "xmax": 336}}, {"tid": 3, "generated": 0, "bbox": {"xmin": 767, "ymin": 622, "ymax": 696, "xmax": 870}}, {"tid": 4, "generated": 0, "bbox": {"xmin": 903, "ymin": 666, "ymax": 718, "xmax": 959}}], [{"tid": 0, "generated": 0, "bbox": {"xmin": 24, "ymin": 481, "ymax": 570, "xmax": 59}}, {"tid": 1, "generated": 0, "bbox": {"xmin": 72, "ymin": 499, "ymax": 579, "xmax": 113}}, {"tid": 2, "generated": 0, "bbox": {"xmin": 241, "ymin": 520, "ymax": 613, "xmax": 336}}, {"tid": 3, "generated": 0, "bbox": {"xmin": 767, "ymin": 622, "ymax": 697, "xmax": 871}}, {"tid": 4, "generated": 0, "bbox": {"xmin": 903, "ymin": 666, "ymax": 718, "xmax": 959}}], [{"tid": 0, "generated": 0, "bbox": {"xmin": 24, "ymin": 481, "ymax": 570, "xmax": 59}}, {"tid": 1, "generated": 0, "bbox": {"xmin": 72, "ymin": 499, "ymax": 579, "xmax": 113}}, {"tid": 2, "generated": 0, "bbox": {"xmin": 241, "ymin": 520, "ymax": 613, "xmax": 336}}, {"tid": 3, "generated": 0, "bbox": {"xmin": 767, "ymin": 622, "ymax": 697, "xmax": 871}}, {"tid": 4, "generated": 0, "bbox": {"xmin": 903, "ymin": 666, "ymax": 718, "xmax": 959}}], [{"tid": 0, "generated": 0, "bbox": {"xmin": 24, "ymin": 481, "ymax": 570, "xmax": 59}}, {"tid": 1, "generated": 0, "bbox": {"xmin": 72, "ymin": 499, "ymax": 579, "xmax": 113}}, {"tid": 2, "generated": 0, "bbox": {"xmin": 242, "ymin": 520, "ymax": 613, "xmax": 336}}, {"tid": 3, "generated": 0, "bbox": {"xmin": 768, "ymin": 622, "ymax": 697, "xmax": 871}}, {"tid": 4, "generated": 0, "bbox": {"xmin": 903, "ymin": 666, "ymax": 718, "xmax": 960}}], [{"tid": 0, "generated": 0, "bbox": {"xmin": 24, "ymin": 481, "ymax": 570, "xmax": 59}}, {"tid": 1, "generated": 0, "bbox": {"xmin": 72, "ymin": 499, "ymax": 579, "xmax": 113}}, {"tid": 2, "generated": 0, "bbox": {"xmin": 242, "ymin": 520, "ymax": 613, "xmax": 336}}, {"tid": 3, "generated": 0, "bbox": {"xmin": 768, "ymin": 622, "ymax": 697, "xmax": 872}}, {"tid": 4, "generated": 0, "bbox": {"xmin": 903, "ymin": 666, "ymax": 718, "xmax": 960}}], [{"tid": 0, "generated": 0, "bbox": {"xmin": 24, "ymin": 481, "ymax": 570, "xmax": 59}}, {"tid": 1, "generated": 0, "bbox": {"xmin": 72, "ymin": 499, "ymax": 579, "xmax": 113}}, {"tid": 2, "generated": 0, "bbox": {"xmin": 242, "ymin": 520, "ymax": 613, "xmax": 336}}, {"tid": 3, "generated": 0, "bbox": {"xmin": 768, "ymin": 622, "ymax": 697, "xmax": 872}}, {"tid": 4, "generated": 0, "bbox": {"xmin": 903, "ymin": 666, "ymax": 718, "xmax": 961}}], [{"tid": 0, "generated": 0, "bbox": {"xmin": 24, "ymin": 481, "ymax": 570, "xmax": 59}}, {"tid": 1, "generated": 0, "bbox": {"xmin": 72, "ymin": 499, "ymax": 579, "xmax": 113}}, {"tid": 2, "generated": 0, "bbox": {"xmin": 242, "ymin": 520, "ymax": 613, "xmax": 336}}, {"tid": 3, "generated": 0, "bbox": {"xmin": 768, "ymin": 622, "ymax": 697, "xmax": 872}}, {"tid": 4, "generated": 0, "bbox": {"xmin": 903, "ymin": 666, "ymax": 718, "xmax": 961}}], [{"tid": 0, "generated": 0, "bbox": {"xmin": 24, "ymin": 481, "ymax": 570, "xmax": 59}}, {"tid": 1, "generated": 0, "bbox": {"xmin": 72, "ymin": 499, "ymax": 579, "xmax": 113}}, {"tid": 2, "generated": 0, "bbox": {"xmin": 242, "ymin": 520, "ymax": 613, "xmax": 336}}, {"tid": 3, "generated": 0, "bbox": {"xmin": 769, "ymin": 622, "ymax": 697, "xmax": 873}}, {"tid": 4, "generated": 0, "bbox": {"xmin": 903, "ymin": 666, "ymax": 718, "xmax": 961}}], [{"tid": 0, "generated": 0, "bbox": {"xmin": 24, "ymin": 481, "ymax": 570, "xmax": 59}}, {"tid": 1, "generated": 0, "bbox": {"xmin": 72, "ymin": 499, "ymax": 579, "xmax": 113}}, {"tid": 2, "generated": 0, "bbox": {"xmin": 242, "ymin": 520, "ymax": 613, "xmax": 336}}, {"tid": 3, "generated": 0, "bbox": {"xmin": 769, "ymin": 622, "ymax": 697, "xmax": 873}}, {"tid": 4, "generated": 0, "bbox": {"xmin": 903, "ymin": 666, "ymax": 718, "xmax": 962}}], [{"tid": 0, "generated": 0, "bbox": {"xmin": 24, "ymin": 481, "ymax": 570, "xmax": 59}}, {"tid": 1, "generated": 0, "bbox": {"xmin": 72, "ymin": 499, "ymax": 579, "xmax": 113}}, {"tid": 2, "generated": 0, "bbox": {"xmin": 242, "ymin": 520, "ymax": 613, "xmax": 336}}, {"tid": 3, "generated": 0, "bbox": {"xmin": 769, "ymin": 622, "ymax": 697, "xmax": 873}}, {"tid": 4, "generated": 0, "bbox": {"xmin": 903, "ymin": 666, "ymax": 718, "xmax": 962}}], [{"tid": 0, "generated": 0, "bbox": {"xmin": 24, "ymin": 481, "ymax": 570, "xmax": 59}}, {"tid": 1, "generated": 0, "bbox": {"xmin": 72, "ymin": 499, "ymax": 579, "xmax": 113}}, {"tid": 2, "generated": 0, "bbox": {"xmin": 242, "ymin": 520, "ymax": 613, "xmax": 336}}, {"tid": 3, "generated": 0, "bbox": {"xmin": 770, "ymin": 622, "ymax": 697, "xmax": 874}}, {"tid": 4, "generated": 0, "bbox": {"xmin": 903, "ymin": 666, "ymax": 718, "xmax": 962}}], [{"tid": 0, "generated": 0, "bbox": {"xmin": 24, "ymin": 481, "ymax": 570, "xmax": 59}}, {"tid": 1, "generated": 0, "bbox": {"xmin": 72, "ymin": 499, "ymax": 579, "xmax": 113}}, {"tid": 2, "generated": 0, "bbox": {"xmin": 243, "ymin": 520, "ymax": 613, "xmax": 336}}, {"tid": 3, "generated": 0, "bbox": {"xmin": 770, "ymin": 622, "ymax": 697, "xmax": 874}}, {"tid": 4, "generated": 0, "bbox": {"xmin": 903, "ymin": 666, "ymax": 718, "xmax": 963}}], [{"tid": 0, "generated": 0, "bbox": {"xmin": 24, "ymin": 481, "ymax": 570, "xmax": 59}}, {"tid": 1, "generated": 0, "bbox": {"xmin": 72, "ymin": 499, "ymax": 579, "xmax": 113}}, {"tid": 2, "generated": 0, "bbox": {"xmin": 243, "ymin": 520, "ymax": 613, "xmax": 336}}, {"tid": 3, "generated": 0, "bbox": {"xmin": 770, "ymin": 622, "ymax": 697, "xmax": 874}}, {"tid": 4, "generated": 0, "bbox": {"xmin": 903, "ymin": 666, "ymax": 718, "xmax": 963}}], [{"tid": 0, "generated": 0, "bbox": {"xmin": 24, "ymin": 481, "ymax": 570, "xmax": 59}}, {"tid": 1, "generated": 0, "bbox": {"xmin": 72, "ymin": 499, "ymax": 579, "xmax": 113}}, {"tid": 2, "generated": 0, "bbox": {"xmin": 243, "ymin": 520, "ymax": 613, "xmax": 336}}, {"tid": 3, "generated": 0, "bbox": {"xmin": 770, "ymin": 622, "ymax": 697, "xmax": 874}}, {"tid": 4, "generated": 0, "bbox": {"xmin": 903, "ymin": 666, "ymax": 718, "xmax": 963}}], [{"tid": 0, "generated": 0, "bbox": {"xmin": 24, "ymin": 481, "ymax": 570, "xmax": 59}}, {"tid": 1, "generated": 0, "bbox": {"xmin": 72, "ymin": 499, "ymax": 579, "xmax": 113}}, {"tid": 2, "generated": 0, "bbox": {"xmin": 243, "ymin": 520, "ymax": 613, "xmax": 336}}, {"tid": 3, "generated": 0, "bbox": {"xmin": 771, "ymin": 622, "ymax": 697, "xmax": 875}}, {"tid": 4, "generated": 0, "bbox": {"xmin": 903, "ymin": 666, "ymax": 718, "xmax": 964}}], [{"tid": 0, "generated": 0, "bbox": {"xmin": 24, "ymin": 481, "ymax": 570, "xmax": 59}}, {"tid": 1, "generated": 0, "bbox": {"xmin": 72, "ymin": 499, "ymax": 579, "xmax": 113}}, {"tid": 2, "generated": 0, "bbox": {"xmin": 243, "ymin": 520, "ymax": 613, "xmax": 336}}, {"tid": 3, "generated": 0, "bbox": {"xmin": 771, "ymin": 622, "ymax": 697, "xmax": 875}}, {"tid": 4, "generated": 0, "bbox": {"xmin": 903, "ymin": 666, "ymax": 718, "xmax": 964}}], [{"tid": 0, "generated": 0, "bbox": {"xmin": 24, "ymin": 481, "ymax": 570, "xmax": 59}}, {"tid": 1, "generated": 0, "bbox": {"xmin": 72, "ymin": 499, "ymax": 579, "xmax": 113}}, {"tid": 2, "generated": 0, "bbox": {"xmin": 243, "ymin": 520, "ymax": 613, "xmax": 336}}, {"tid": 3, "generated": 0, "bbox": {"xmin": 771, "ymin": 622, "ymax": 697, "xmax": 875}}, {"tid": 4, "generated": 0, "bbox": {"xmin": 903, "ymin": 666, "ymax": 718, "xmax": 965}}], [{"tid": 0, "generated": 0, "bbox": {"xmin": 24, "ymin": 481, "ymax": 570, "xmax": 59}}, {"tid": 1, "generated": 0, "bbox": {"xmin": 72, "ymin": 499, "ymax": 579, "xmax": 113}}, {"tid": 2, "generated": 0, "bbox": {"xmin": 243, "ymin": 520, "ymax": 613, "xmax": 336}}, {"tid": 3, "generated": 0, "bbox": {"xmin": 771, "ymin": 622, "ymax": 697, "xmax": 876}}, {"tid": 4, "generated": 0, "bbox": {"xmin": 903, "ymin": 666, "ymax": 718, "xmax": 965}}], [{"tid": 0, "generated": 0, "bbox": {"xmin": 24, "ymin": 481, "ymax": 570, "xmax": 59}}, {"tid": 1, "generated": 0, "bbox": {"xmin": 72, "ymin": 499, "ymax": 579, "xmax": 113}}, {"tid": 2, "generated": 0, "bbox": {"xmin": 243, "ymin": 520, "ymax": 613, "xmax": 336}}, {"tid": 3, "generated": 0, "bbox": {"xmin": 772, "ymin": 622, "ymax": 697, "xmax": 876}}, {"tid": 4, "generated": 0, "bbox": {"xmin": 903, "ymin": 666, "ymax": 718, "xmax": 965}}], [{"tid": 0, "generated": 0, "bbox": {"xmin": 24, "ymin": 481, "ymax": 570, "xmax": 58}}, {"tid": 1, "generated": 0, "bbox": {"xmin": 72, "ymin": 499, "ymax": 579, "xmax": 113}}, {"tid": 2, "generated": 0, "bbox": {"xmin": 244, "ymin": 520, "ymax": 612, "xmax": 336}}, {"tid": 3, "generated": 0, "bbox": {"xmin": 772, "ymin": 622, "ymax": 697, "xmax": 876}}, {"tid": 4, "generated": 0, "bbox": {"xmin": 903, "ymin": 666, "ymax": 718, "xmax": 966}}], [{"tid": 0, "generated": 0, "bbox": {"xmin": 24, "ymin": 481, "ymax": 570, "xmax": 58}}, {"tid": 1, "generated": 0, "bbox": {"xmin": 72, "ymin": 499, "ymax": 579, "xmax": 113}}, {"tid": 2, "generated": 0, "bbox": {"xmin": 244, "ymin": 520, "ymax": 612, "xmax": 336}}, {"tid": 3, "generated": 0, "bbox": {"xmin": 772, "ymin": 622, "ymax": 697, "xmax": 877}}, {"tid": 4, "generated": 0, "bbox": {"xmin": 903, "ymin": 666, "ymax": 718, "xmax": 966}}], [{"tid": 0, "generated": 0, "bbox": {"xmin": 24, "ymin": 481, "ymax": 570, "xmax": 58}}, {"tid": 1, "generated": 0, "bbox": {"xmin": 72, "ymin": 499, "ymax": 579, "xmax": 113}}, {"tid": 2, "generated": 0, "bbox": {"xmin": 244, "ymin": 520, "ymax": 612, "xmax": 336}}, {"tid": 3, "generated": 0, "bbox": {"xmin": 772, "ymin": 622, "ymax": 697, "xmax": 877}}, {"tid": 4, "generated": 0, "bbox": {"xmin": 903, "ymin": 666, "ymax": 718, "xmax": 966}}], [{"tid": 0, "generated": 0, "bbox": {"xmin": 24, "ymin": 481, "ymax": 570, "xmax": 58}}, {"tid": 1, "generated": 0, "bbox": {"xmin": 72, "ymin": 499, "ymax": 579, "xmax": 113}}, {"tid": 2, "generated": 0, "bbox": {"xmin": 244, "ymin": 520, "ymax": 612, "xmax": 336}}, {"tid": 3, "generated": 0, "bbox": {"xmin": 773, "ymin": 622, "ymax": 697, "xmax": 877}}, {"tid": 4, "generated": 0, "bbox": {"xmin": 903, "ymin": 666, "ymax": 718, "xmax": 967}}], [{"tid": 0, "generated": 0, "bbox": {"xmin": 24, "ymin": 481, "ymax": 570, "xmax": 58}}, {"tid": 1, "generated": 0, "bbox": {"xmin": 72, "ymin": 499, "ymax": 579, "xmax": 113}}, {"tid": 2, "generated": 0, "bbox": {"xmin": 244, "ymin": 520, "ymax": 612, "xmax": 336}}, {"tid": 3, "generated": 0, "bbox": {"xmin": 773, "ymin": 622, "ymax": 697, "xmax": 878}}, {"tid": 4, "generated": 0, "bbox": {"xmin": 903, "ymin": 666, "ymax": 718, "xmax": 967}}], [{"tid": 0, "generated": 0, "bbox": {"xmin": 24, "ymin": 481, "ymax": 570, "xmax": 58}}, {"tid": 1, "generated": 0, "bbox": {"xmin": 72, "ymin": 499, "ymax": 579, "xmax": 113}}, {"tid": 2, "generated": 0, "bbox": {"xmin": 244, "ymin": 520, "ymax": 612, "xmax": 336}}, {"tid": 3, "generated": 0, "bbox": {"xmin": 773, "ymin": 622, "ymax": 697, "xmax": 878}}, {"tid": 4, "generated": 0, "bbox": {"xmin": 903, "ymin": 666, "ymax": 718, "xmax": 968}}], [{"tid": 0, "generated": 0, "bbox": {"xmin": 24, "ymin": 481, "ymax": 570, "xmax": 58}}, {"tid": 1, "generated": 0, "bbox": {"xmin": 72, "ymin": 499, "ymax": 579, "xmax": 113}}, {"tid": 2, "generated": 0, "bbox": {"xmin": 244, "ymin": 520, "ymax": 612, "xmax": 336}}, {"tid": 3, "generated": 0, "bbox": {"xmin": 773, "ymin": 622, "ymax": 697, "xmax": 878}}, {"tid": 4, "generated": 0, "bbox": {"xmin": 903, "ymin": 666, "ymax": 718, "xmax": 968}}], [{"tid": 0, "generated": 0, "bbox": {"xmin": 24, "ymin": 481, "ymax": 570, "xmax": 58}}, {"tid": 1, "generated": 0, "bbox": {"xmin": 72, "ymin": 499, "ymax": 579, "xmax": 113}}, {"tid": 2, "generated": 0, "bbox": {"xmin": 244, "ymin": 520, "ymax": 612, "xmax": 336}}, {"tid": 3, "generated": 0, "bbox": {"xmin": 774, "ymin": 622, "ymax": 697, "xmax": 879}}, {"tid": 4, "generated": 0, "bbox": {"xmin": 903, "ymin": 666, "ymax": 718, "xmax": 968}}], [{"tid": 0, "generated": 0, "bbox": {"xmin": 24, "ymin": 481, "ymax": 570, "xmax": 58}}, {"tid": 1, "generated": 0, "bbox": {"xmin": 72, "ymin": 499, "ymax": 579, "xmax": 113}}, {"tid": 2, "generated": 0, "bbox": {"xmin": 245, "ymin": 520, "ymax": 612, "xmax": 336}}, {"tid": 3, "generated": 0, "bbox": {"xmin": 774, "ymin": 622, "ymax": 697, "xmax": 879}}, {"tid": 4, "generated": 0, "bbox": {"xmin": 903, "ymin": 666, "ymax": 718, "xmax": 969}}], [{"tid": 0, "generated": 0, "bbox": {"xmin": 24, "ymin": 481, "ymax": 570, "xmax": 58}}, {"tid": 1, "generated": 0, "bbox": {"xmin": 72, "ymin": 499, "ymax": 579, "xmax": 113}}, {"tid": 2, "generated": 0, "bbox": {"xmin": 245, "ymin": 520, "ymax": 612, "xmax": 336}}, {"tid": 3, "generated": 0, "bbox": {"xmin": 774, "ymin": 622, "ymax": 697, "xmax": 879}}, {"tid": 4, "generated": 0, "bbox": {"xmin": 903, "ymin": 666, "ymax": 718, "xmax": 969}}], [{"tid": 0, "generated": 0, "bbox": {"xmin": 24, "ymin": 481, "ymax": 570, "xmax": 58}}, {"tid": 1, "generated": 0, "bbox": {"xmin": 72, "ymin": 499, "ymax": 579, "xmax": 113}}, {"tid": 2, "generated": 0, "bbox": {"xmin": 245, "ymin": 520, "ymax": 612, "xmax": 336}}, {"tid": 3, "generated": 0, "bbox": {"xmin": 775, "ymin": 622, "ymax": 698, "xmax": 880}}, {"tid": 4, "generated": 0, "bbox": {"xmin": 903, "ymin": 666, "ymax": 718, "xmax": 969}}], [{"tid": 0, "generated": 0, "bbox": {"xmin": 24, "ymin": 481, "ymax": 570, "xmax": 58}}, {"tid": 1, "generated": 0, "bbox": {"xmin": 72, "ymin": 499, "ymax": 579, "xmax": 113}}, {"tid": 2, "generated": 0, "bbox": {"xmin": 245, "ymin": 520, "ymax": 612, "xmax": 336}}, {"tid": 3, "generated": 0, "bbox": {"xmin": 774, "ymin": 622, "ymax": 698, "xmax": 880}}, {"tid": 4, "generated": 0, "bbox": {"xmin": 903, "ymin": 666, "ymax": 718, "xmax": 970}}], [{"tid": 0, "generated": 0, "bbox": {"xmin": 24, "ymin": 481, "ymax": 570, "xmax": 58}}, {"tid": 1, "generated": 0, "bbox": {"xmin": 72, "ymin": 499, "ymax": 579, "xmax": 113}}, {"tid": 2, "generated": 0, "bbox": {"xmin": 245, "ymin": 520, "ymax": 612, "xmax": 336}}, {"tid": 3, "generated": 0, "bbox": {"xmin": 774, "ymin": 622, "ymax": 698, "xmax": 880}}, {"tid": 4, "generated": 0, "bbox": {"xmin": 903, "ymin": 666, "ymax": 718, "xmax": 970}}], [{"tid": 0, "generated": 0, "bbox": {"xmin": 24, "ymin": 481, "ymax": 570, "xmax": 58}}, {"tid": 1, "generated": 0, "bbox": {"xmin": 72, "ymin": 499, "ymax": 579, "xmax": 113}}, {"tid": 2, "generated": 0, "bbox": {"xmin": 245, "ymin": 520, "ymax": 612, "xmax": 336}}, {"tid": 3, "generated": 0, "bbox": {"xmin": 774, "ymin": 622, "ymax": 698, "xmax": 880}}, {"tid": 4, "generated": 0, "bbox": {"xmin": 903, "ymin": 666, "ymax": 718, "xmax": 970}}], [{"tid": 0, "generated": 0, "bbox": {"xmin": 24, "ymin": 481, "ymax": 570, "xmax": 58}}, {"tid": 1, "generated": 0, "bbox": {"xmin": 72, "ymin": 499, "ymax": 579, "xmax": 113}}, {"tid": 2, "generated": 0, "bbox": {"xmin": 245, "ymin": 520, "ymax": 612, "xmax": 336}}, {"tid": 3, "generated": 0, "bbox": {"xmin": 774, "ymin": 622, "ymax": 698, "xmax": 880}}, {"tid": 4, "generated": 0, "bbox": {"xmin": 903, "ymin": 666, "ymax": 718, "xmax": 971}}], [{"tid": 0, "generated": 0, "bbox": {"xmin": 24, "ymin": 481, "ymax": 570, "xmax": 58}}, {"tid": 1, "generated": 0, "bbox": {"xmin": 72, "ymin": 499, "ymax": 579, "xmax": 113}}, {"tid": 2, "generated": 0, "bbox": {"xmin": 246, "ymin": 520, "ymax": 612, "xmax": 336}}, {"tid": 3, "generated": 0, "bbox": {"xmin": 774, "ymin": 622, "ymax": 698, "xmax": 880}}, {"tid": 4, "generated": 0, "bbox": {"xmin": 903, "ymin": 666, "ymax": 718, "xmax": 971}}], [{"tid": 0, "generated": 0, "bbox": {"xmin": 24, "ymin": 481, "ymax": 570, "xmax": 58}}, {"tid": 1, "generated": 0, "bbox": {"xmin": 72, "ymin": 499, "ymax": 579, "xmax": 113}}, {"tid": 2, "generated": 0, "bbox": {"xmin": 246, "ymin": 520, "ymax": 612, "xmax": 336}}, {"tid": 3, "generated": 0, "bbox": {"xmin": 774, "ymin": 622, "ymax": 698, "xmax": 880}}, {"tid": 4, "generated": 0, "bbox": {"xmin": 903, "ymin": 666, "ymax": 718, "xmax": 972}}], [{"tid": 0, "generated": 0, "bbox": {"xmin": 24, "ymin": 481, "ymax": 570, "xmax": 58}}, {"tid": 1, "generated": 0, "bbox": {"xmin": 72, "ymin": 499, "ymax": 579, "xmax": 113}}, {"tid": 2, "generated": 0, "bbox": {"xmin": 246, "ymin": 520, "ymax": 612, "xmax": 336}}, {"tid": 3, "generated": 0, "bbox": {"xmin": 774, "ymin": 622, "ymax": 698, "xmax": 880}}, {"tid": 4, "generated": 0, "bbox": {"xmin": 903, "ymin": 666, "ymax": 718, "xmax": 972}}], [{"tid": 0, "generated": 0, "bbox": {"xmin": 24, "ymin": 481, "ymax": 570, "xmax": 58}}, {"tid": 1, "generated": 0, "bbox": {"xmin": 72, "ymin": 499, "ymax": 579, "xmax": 113}}, {"tid": 2, "generated": 0, "bbox": {"xmin": 246, "ymin": 520, "ymax": 612, "xmax": 336}}, {"tid": 3, "generated": 0, "bbox": {"xmin": 774, "ymin": 622, "ymax": 698, "xmax": 880}}, {"tid": 4, "generated": 0, "bbox": {"xmin": 903, "ymin": 666, "ymax": 718, "xmax": 972}}], [{"tid": 0, "generated": 0, "bbox": {"xmin": 24, "ymin": 481, "ymax": 570, "xmax": 58}}, {"tid": 1, "generated": 0, "bbox": {"xmin": 72, "ymin": 499, "ymax": 579, "xmax": 113}}, {"tid": 2, "generated": 0, "bbox": {"xmin": 246, "ymin": 520, "ymax": 612, "xmax": 336}}, {"tid": 3, "generated": 0, "bbox": {"xmin": 774, "ymin": 622, "ymax": 698, "xmax": 880}}, {"tid": 4, "generated": 0, "bbox": {"xmin": 903, "ymin": 666, "ymax": 718, "xmax": 973}}], [{"tid": 0, "generated": 0, "bbox": {"xmin": 24, "ymin": 481, "ymax": 570, "xmax": 58}}, {"tid": 1, "generated": 0, "bbox": {"xmin": 72, "ymin": 499, "ymax": 579, "xmax": 113}}, {"tid": 2, "generated": 0, "bbox": {"xmin": 246, "ymin": 520, "ymax": 612, "xmax": 336}}, {"tid": 3, "generated": 0, "bbox": {"xmin": 773, "ymin": 622, "ymax": 698, "xmax": 880}}, {"tid": 4, "generated": 0, "bbox": {"xmin": 903, "ymin": 666, "ymax": 718, "xmax": 973}}], [{"tid": 0, "generated": 0, "bbox": {"xmin": 24, "ymin": 481, "ymax": 570, "xmax": 58}}, {"tid": 1, "generated": 0, "bbox": {"xmin": 72, "ymin": 499, "ymax": 579, "xmax": 113}}, {"tid": 2, "generated": 0, "bbox": {"xmin": 246, "ymin": 520, "ymax": 612, "xmax": 336}}, {"tid": 3, "generated": 0, "bbox": {"xmin": 773, "ymin": 622, "ymax": 698, "xmax": 880}}, {"tid": 4, "generated": 0, "bbox": {"xmin": 903, "ymin": 666, "ymax": 718, "xmax": 973}}], [{"tid": 0, "generated": 0, "bbox": {"xmin": 24, "ymin": 481, "ymax": 570, "xmax": 58}}, {"tid": 1, "generated": 0, "bbox": {"xmin": 72, "ymin": 499, "ymax": 579, "xmax": 113}}, {"tid": 2, "generated": 0, "bbox": {"xmin": 246, "ymin": 520, "ymax": 612, "xmax": 336}}, {"tid": 3, "generated": 0, "bbox": {"xmin": 773, "ymin": 622, "ymax": 698, "xmax": 880}}, {"tid": 4, "generated": 0, "bbox": {"xmin": 903, "ymin": 666, "ymax": 718, "xmax": 974}}], [{"tid": 0, "generated": 0, "bbox": {"xmin": 24, "ymin": 481, "ymax": 570, "xmax": 58}}, {"tid": 1, "generated": 0, "bbox": {"xmin": 72, "ymin": 499, "ymax": 579, "xmax": 113}}, {"tid": 2, "generated": 0, "bbox": {"xmin": 247, "ymin": 520, "ymax": 611, "xmax": 336}}, {"tid": 3, "generated": 0, "bbox": {"xmin": 773, "ymin": 622, "ymax": 698, "xmax": 880}}, {"tid": 4, "generated": 0, "bbox": {"xmin": 903, "ymin": 666, "ymax": 718, "xmax": 974}}], [{"tid": 0, "generated": 0, "bbox": {"xmin": 24, "ymin": 481, "ymax": 570, "xmax": 58}}, {"tid": 1, "generated": 0, "bbox": {"xmin": 72, "ymin": 499, "ymax": 579, "xmax": 113}}, {"tid": 2, "generated": 0, "bbox": {"xmin": 247, "ymin": 520, "ymax": 611, "xmax": 336}}, {"tid": 3, "generated": 0, "bbox": {"xmin": 773, "ymin": 622, "ymax": 698, "xmax": 880}}, {"tid": 4, "generated": 0, "bbox": {"xmin": 903, "ymin": 666, "ymax": 718, "xmax": 974}}], [{"tid": 0, "generated": 0, "bbox": {"xmin": 24, "ymin": 481, "ymax": 570, "xmax": 58}}, {"tid": 1, "generated": 0, "bbox": {"xmin": 72, "ymin": 499, "ymax": 579, "xmax": 113}}, {"tid": 2, "generated": 0, "bbox": {"xmin": 247, "ymin": 520, "ymax": 611, "xmax": 336}}, {"tid": 3, "generated": 0, "bbox": {"xmin": 773, "ymin": 622, "ymax": 698, "xmax": 880}}, {"tid": 4, "generated": 0, "bbox": {"xmin": 903, "ymin": 666, "ymax": 718, "xmax": 975}}], [{"tid": 0, "generated": 0, "bbox": {"xmin": 24, "ymin": 481, "ymax": 570, "xmax": 58}}, {"tid": 1, "generated": 0, "bbox": {"xmin": 72, "ymin": 499, "ymax": 579, "xmax": 113}}, {"tid": 2, "generated": 0, "bbox": {"xmin": 247, "ymin": 520, "ymax": 611, "xmax": 336}}, {"tid": 3, "generated": 0, "bbox": {"xmin": 773, "ymin": 622, "ymax": 698, "xmax": 880}}, {"tid": 4, "generated": 0, "bbox": {"xmin": 903, "ymin": 666, "ymax": 718, "xmax": 975}}], [{"tid": 0, "generated": 0, "bbox": {"xmin": 24, "ymin": 481, "ymax": 570, "xmax": 58}}, {"tid": 1, "generated": 0, "bbox": {"xmin": 72, "ymin": 499, "ymax": 579, "xmax": 113}}, {"tid": 2, "generated": 0, "bbox": {"xmin": 247, "ymin": 520, "ymax": 611, "xmax": 336}}, {"tid": 3, "generated": 0, "bbox": {"xmin": 773, "ymin": 622, "ymax": 698, "xmax": 880}}, {"tid": 4, "generated": 0, "bbox": {"xmin": 903, "ymin": 666, "ymax": 718, "xmax": 976}}], [{"tid": 0, "generated": 0, "bbox": {"xmin": 24, "ymin": 481, "ymax": 570, "xmax": 58}}, {"tid": 1, "generated": 0, "bbox": {"xmin": 72, "ymin": 499, "ymax": 579, "xmax": 113}}, {"tid": 2, "generated": 0, "bbox": {"xmin": 247, "ymin": 520, "ymax": 611, "xmax": 336}}, {"tid": 3, "generated": 0, "bbox": {"xmin": 773, "ymin": 622, "ymax": 699, "xmax": 880}}, {"tid": 4, "generated": 0, "bbox": {"xmin": 903, "ymin": 666, "ymax": 718, "xmax": 976}}], [{"tid": 0, "generated": 0, "bbox": {"xmin": 24, "ymin": 481, "ymax": 570, "xmax": 58}}, {"tid": 1, "generated": 0, "bbox": {"xmin": 72, "ymin": 499, "ymax": 579, "xmax": 113}}, {"tid": 2, "generated": 0, "bbox": {"xmin": 247, "ymin": 520, "ymax": 611, "xmax": 336}}, {"tid": 3, "generated": 0, "bbox": {"xmin": 772, "ymin": 622, "ymax": 699, "xmax": 880}}, {"tid": 4, "generated": 0, "bbox": {"xmin": 903, "ymin": 666, "ymax": 718, "xmax": 976}}], [{"tid": 0, "generated": 0, "bbox": {"xmin": 24, "ymin": 481, "ymax": 570, "xmax": 58}}, {"tid": 1, "generated": 0, "bbox": {"xmin": 72, "ymin": 499, "ymax": 579, "xmax": 113}}, {"tid": 2, "generated": 0, "bbox": {"xmin": 247, "ymin": 520, "ymax": 611, "xmax": 336}}, {"tid": 3, "generated": 0, "bbox": {"xmin": 772, "ymin": 622, "ymax": 699, "xmax": 880}}, {"tid": 4, "generated": 0, "bbox": {"xmin": 903, "ymin": 666, "ymax": 718, "xmax": 977}}], [{"tid": 0, "generated": 0, "bbox": {"xmin": 24, "ymin": 481, "ymax": 570, "xmax": 58}}, {"tid": 1, "generated": 0, "bbox": {"xmin": 72, "ymin": 499, "ymax": 579, "xmax": 113}}, {"tid": 2, "generated": 0, "bbox": {"xmin": 248, "ymin": 520, "ymax": 611, "xmax": 336}}, {"tid": 3, "generated": 0, "bbox": {"xmin": 772, "ymin": 622, "ymax": 699, "xmax": 880}}, {"tid": 4, "generated": 0, "bbox": {"xmin": 903, "ymin": 666, "ymax": 718, "xmax": 977}}], [{"tid": 0, "generated": 0, "bbox": {"xmin": 24, "ymin": 481, "ymax": 570, "xmax": 58}}, {"tid": 1, "generated": 0, "bbox": {"xmin": 72, "ymin": 499, "ymax": 579, "xmax": 113}}, {"tid": 2, "generated": 0, "bbox": {"xmin": 248, "ymin": 520, "ymax": 611, "xmax": 336}}, {"tid": 3, "generated": 0, "bbox": {"xmin": 772, "ymin": 622, "ymax": 699, "xmax": 880}}, {"tid": 4, "generated": 0, "bbox": {"xmin": 903, "ymin": 666, "ymax": 718, "xmax": 977}}], [{"tid": 0, "generated": 0, "bbox": {"xmin": 24, "ymin": 481, "ymax": 570, "xmax": 58}}, {"tid": 1, "generated": 0, "bbox": {"xmin": 72, "ymin": 499, "ymax": 579, "xmax": 113}}, {"tid": 2, "generated": 0, "bbox": {"xmin": 248, "ymin": 520, "ymax": 611, "xmax": 336}}, {"tid": 3, "generated": 0, "bbox": {"xmin": 772, "ymin": 622, "ymax": 699, "xmax": 880}}, {"tid": 4, "generated": 0, "bbox": {"xmin": 903, "ymin": 666, "ymax": 718, "xmax": 978}}], [{"tid": 0, "generated": 0, "bbox": {"xmin": 24, "ymin": 481, "ymax": 570, "xmax": 58}}, {"tid": 1, "generated": 0, "bbox": {"xmin": 72, "ymin": 499, "ymax": 579, "xmax": 113}}, {"tid": 2, "generated": 0, "bbox": {"xmin": 248, "ymin": 520, "ymax": 611, "xmax": 336}}, {"tid": 3, "generated": 0, "bbox": {"xmin": 772, "ymin": 622, "ymax": 699, "xmax": 880}}, {"tid": 4, "generated": 0, "bbox": {"xmin": 903, "ymin": 666, "ymax": 718, "xmax": 978}}], [{"tid": 0, "generated": 0, "bbox": {"xmin": 24, "ymin": 481, "ymax": 570, "xmax": 58}}, {"tid": 1, "generated": 0, "bbox": {"xmin": 72, "ymin": 499, "ymax": 579, "xmax": 113}}, {"tid": 2, "generated": 0, "bbox": {"xmin": 248, "ymin": 520, "ymax": 611, "xmax": 336}}, {"tid": 3, "generated": 0, "bbox": {"xmin": 772, "ymin": 622, "ymax": 699, "xmax": 880}}, {"tid": 4, "generated": 0, "bbox": {"xmin": 903, "ymin": 666, "ymax": 718, "xmax": 978}}], [{"tid": 0, "generated": 0, "bbox": {"xmin": 24, "ymin": 481, "ymax": 570, "xmax": 58}}, {"tid": 1, "generated": 0, "bbox": {"xmin": 72, "ymin": 499, "ymax": 579, "xmax": 113}}, {"tid": 2, "generated": 0, "bbox": {"xmin": 248, "ymin": 520, "ymax": 611, "xmax": 336}}, {"tid": 3, "generated": 0, "bbox": {"xmin": 772, "ymin": 622, "ymax": 699, "xmax": 880}}, {"tid": 4, "generated": 0, "bbox": {"xmin": 903, "ymin": 666, "ymax": 718, "xmax": 979}}], [{"tid": 0, "generated": 0, "bbox": {"xmin": 24, "ymin": 481, "ymax": 570, "xmax": 58}}, {"tid": 1, "generated": 0, "bbox": {"xmin": 72, "ymin": 499, "ymax": 579, "xmax": 113}}, {"tid": 2, "generated": 0, "bbox": {"xmin": 248, "ymin": 520, "ymax": 611, "xmax": 336}}, {"tid": 3, "generated": 0, "bbox": {"xmin": 772, "ymin": 622, "ymax": 699, "xmax": 880}}, {"tid": 4, "generated": 0, "bbox": {"xmin": 903, "ymin": 666, "ymax": 718, "xmax": 979}}], [{"tid": 0, "generated": 0, "bbox": {"xmin": 24, "ymin": 481, "ymax": 570, "xmax": 58}}, {"tid": 1, "generated": 0, "bbox": {"xmin": 72, "ymin": 499, "ymax": 579, "xmax": 113}}, {"tid": 2, "generated": 0, "bbox": {"xmin": 248, "ymin": 520, "ymax": 611, "xmax": 336}}, {"tid": 3, "generated": 0, "bbox": {"xmin": 771, "ymin": 622, "ymax": 699, "xmax": 880}}, {"tid": 4, "generated": 0, "bbox": {"xmin": 903, "ymin": 666, "ymax": 718, "xmax": 980}}], [{"tid": 0, "generated": 0, "bbox": {"xmin": 24, "ymin": 481, "ymax": 570, "xmax": 58}}, {"tid": 1, "generated": 0, "bbox": {"xmin": 72, "ymin": 499, "ymax": 579, "xmax": 113}}, {"tid": 2, "generated": 0, "bbox": {"xmin": 249, "ymin": 520, "ymax": 611, "xmax": 336}}, {"tid": 3, "generated": 0, "bbox": {"xmin": 771, "ymin": 622, "ymax": 699, "xmax": 880}}, {"tid": 4, "generated": 0, "bbox": {"xmin": 903, "ymin": 666, "ymax": 718, "xmax": 980}}], [{"tid": 0, "generated": 0, "bbox": {"xmin": 24, "ymin": 481, "ymax": 570, "xmax": 58}}, {"tid": 1, "generated": 0, "bbox": {"xmin": 72, "ymin": 499, "ymax": 579, "xmax": 113}}, {"tid": 2, "generated": 0, "bbox": {"xmin": 249, "ymin": 520, "ymax": 611, "xmax": 336}}, {"tid": 3, "generated": 0, "bbox": {"xmin": 771, "ymin": 622, "ymax": 699, "xmax": 880}}, {"tid": 4, "generated": 0, "bbox": {"xmin": 903, "ymin": 666, "ymax": 718, "xmax": 980}}], [{"tid": 0, "generated": 0, "bbox": {"xmin": 24, "ymin": 481, "ymax": 570, "xmax": 58}}, {"tid": 1, "generated": 0, "bbox": {"xmin": 72, "ymin": 499, "ymax": 579, "xmax": 113}}, {"tid": 2, "generated": 0, "bbox": {"xmin": 249, "ymin": 520, "ymax": 611, "xmax": 336}}, {"tid": 3, "generated": 0, "bbox": {"xmin": 771, "ymin": 622, "ymax": 699, "xmax": 880}}, {"tid": 4, "generated": 0, "bbox": {"xmin": 903, "ymin": 666, "ymax": 718, "xmax": 981}}], [{"tid": 0, "generated": 0, "bbox": {"xmin": 24, "ymin": 481, "ymax": 570, "xmax": 58}}, {"tid": 1, "generated": 0, "bbox": {"xmin": 72, "ymin": 499, "ymax": 579, "xmax": 113}}, {"tid": 2, "generated": 0, "bbox": {"xmin": 249, "ymin": 520, "ymax": 611, "xmax": 336}}, {"tid": 3, "generated": 0, "bbox": {"xmin": 771, "ymin": 622, "ymax": 699, "xmax": 880}}, {"tid": 4, "generated": 0, "bbox": {"xmin": 903, "ymin": 666, "ymax": 718, "xmax": 981}}], [{"tid": 0, "generated": 0, "bbox": {"xmin": 24, "ymin": 481, "ymax": 570, "xmax": 58}}, {"tid": 1, "generated": 0, "bbox": {"xmin": 72, "ymin": 499, "ymax": 579, "xmax": 113}}, {"tid": 2, "generated": 0, "bbox": {"xmin": 249, "ymin": 520, "ymax": 611, "xmax": 336}}, {"tid": 3, "generated": 0, "bbox": {"xmin": 771, "ymin": 622, "ymax": 699, "xmax": 880}}, {"tid": 4, "generated": 0, "bbox": {"xmin": 903, "ymin": 666, "ymax": 718, "xmax": 981}}], [{"tid": 0, "generated": 0, "bbox": {"xmin": 24, "ymin": 481, "ymax": 570, "xmax": 58}}, {"tid": 1, "generated": 0, "bbox": {"xmin": 72, "ymin": 499, "ymax": 579, "xmax": 113}}, {"tid": 2, "generated": 0, "bbox": {"xmin": 249, "ymin": 520, "ymax": 611, "xmax": 336}}, {"tid": 3, "generated": 0, "bbox": {"xmin": 771, "ymin": 622, "ymax": 699, "xmax": 880}}, {"tid": 4, "generated": 0, "bbox": {"xmin": 903, "ymin": 666, "ymax": 718, "xmax": 982}}], [{"tid": 0, "generated": 0, "bbox": {"xmin": 24, "ymin": 481, "ymax": 570, "xmax": 58}}, {"tid": 1, "generated": 0, "bbox": {"xmin": 72, "ymin": 499, "ymax": 579, "xmax": 113}}, {"tid": 2, "generated": 0, "bbox": {"xmin": 249, "ymin": 520, "ymax": 611, "xmax": 336}}, {"tid": 3, "generated": 0, "bbox": {"xmin": 771, "ymin": 622, "ymax": 699, "xmax": 880}}, {"tid": 4, "generated": 0, "bbox": {"xmin": 903, "ymin": 666, "ymax": 718, "xmax": 982}}], [{"tid": 0, "generated": 0, "bbox": {"xmin": 24, "ymin": 481, "ymax": 570, "xmax": 58}}, {"tid": 1, "generated": 0, "bbox": {"xmin": 72, "ymin": 499, "ymax": 579, "xmax": 113}}, {"tid": 2, "generated": 0, "bbox": {"xmin": 250, "ymin": 520, "ymax": 611, "xmax": 336}}, {"tid": 3, "generated": 0, "bbox": {"xmin": 771, "ymin": 622, "ymax": 700, "xmax": 880}}, {"tid": 4, "generated": 0, "bbox": {"xmin": 903, "ymin": 666, "ymax": 718, "xmax": 983}}], [{"tid": 0, "generated": 0, "bbox": {"xmin": 24, "ymin": 481, "ymax": 570, "xmax": 58}}, {"tid": 1, "generated": 0, "bbox": {"xmin": 72, "ymin": 499, "ymax": 579, "xmax": 113}}, {"tid": 2, "generated": 0, "bbox": {"xmin": 252, "ymin": 519, "ymax": 609, "xmax": 337}}, {"tid": 3, "generated": 0, "bbox": {"xmin": 771, "ymin": 622, "ymax": 700, "xmax": 880}}, {"tid": 4, "generated": 0, "bbox": {"xmin": 906, "ymin": 670, "ymax": 716, "xmax": 986}}]], "subject/objects": [{"category": "horse", "tid": 0}, {"category": "horse", "tid": 1}, {"category": "horse", "tid": 2}, {"category": "horse", "tid": 3}, {"category": "horse", "tid": 4}], "relation_instances": [{"end_fid": 30, "subject_tid": 0, "predicate": "stand_next_to", "begin_fid": 0, "object_tid": 1}, {"end_fid": 30, "subject_tid": 0, "predicate": "stand_left", "begin_fid": 0, "object_tid": 1}, {"end_fid": 30, "subject_tid": 1, "predicate": "stand_next_to", "begin_fid": 0, "object_tid": 0}, {"end_fid": 30, "subject_tid": 1, "predicate": "stand_right", "begin_fid": 0, "object_tid": 0}, {"end_fid": 30, "subject_tid": 0, "predicate": "stand_left", "begin_fid": 0, "object_tid": 2}, {"end_fid": 30, "subject_tid": 2, "predicate": "stand_right", "begin_fid": 0, "object_tid": 0}, {"end_fid": 30, "subject_tid": 0, "predicate": "stand_left", "begin_fid": 0, "object_tid": 3}, {"end_fid": 30, "subject_tid": 3, "predicate": "walk_right", "begin_fid": 0, "object_tid": 0}, {"end_fid": 30, "subject_tid": 1, "predicate": "stand_left", "begin_fid": 0, "object_tid": 2}, {"end_fid": 30, "subject_tid": 2, "predicate": "stand_right", "begin_fid": 0, "object_tid": 1}, {"end_fid": 30, "subject_tid": 1, "predicate": "stand_left", "begin_fid": 0, "object_tid": 3}, {"end_fid": 30, "subject_tid": 3, "predicate": "walk_right", "begin_fid": 0, "object_tid": 1}, {"end_fid": 30, "subject_tid": 2, "predicate": "stand_left", "begin_fid": 0, "object_tid": 3}, {"end_fid": 30, "subject_tid": 3, "predicate": "walk_right", "begin_fid": 0, "object_tid": 2}, {"end_fid": 45, "subject_tid": 0, "predicate": "stand_left", "begin_fid": 15, "object_tid": 1}, {"end_fid": 45, "subject_tid": 1, "predicate": "stand_right", "begin_fid": 15, "object_tid": 0}, {"end_fid": 45, "subject_tid": 0, "predicate": "stand_left", "begin_fid": 15, "object_tid": 2}, {"end_fid": 45, "subject_tid": 2, "predicate": "stand_right", "begin_fid": 15, "object_tid": 0}, {"end_fid": 45, "subject_tid": 0, "predicate": "stand_left", "begin_fid": 15, "object_tid": 3}, {"end_fid": 45, "subject_tid": 3, "predicate": "walk_right", "begin_fid": 15, "object_tid": 0}, {"end_fid": 45, "subject_tid": 1, "predicate": "stand_left", "begin_fid": 15, "object_tid": 2}, {"end_fid": 45, "subject_tid": 2, "predicate": "stand_right", "begin_fid": 15, "object_tid": 1}, {"end_fid": 45, "subject_tid": 1, "predicate": "stand_left", "begin_fid": 15, "object_tid": 3}, {"end_fid": 45, "subject_tid": 3, "predicate": "walk_right", "begin_fid": 15, "object_tid": 1}, {"end_fid": 45, "subject_tid": 2, "predicate": "stand_left", "begin_fid": 15, "object_tid": 3}, {"end_fid": 45, "subject_tid": 3, "predicate": "walk_right", "begin_fid": 15, "object_tid": 2}, {"end_fid": 60, "subject_tid": 0, "predicate": "stand_left", "begin_fid": 30, "object_tid": 1}, {"end_fid": 60, "subject_tid": 1, "predicate": "stand_right", "begin_fid": 30, "object_tid": 0}, {"end_fid": 60, "subject_tid": 0, "predicate": "stand_left", "begin_fid": 30, "object_tid": 2}, {"end_fid": 60, "subject_tid": 2, "predicate": "stand_right", "begin_fid": 30, "object_tid": 0}, {"end_fid": 60, "subject_tid": 0, "predicate": "stand_left", "begin_fid": 30, "object_tid": 3}, {"end_fid": 60, "subject_tid": 3, "predicate": "walk_right", "begin_fid": 30, "object_tid": 0}, {"end_fid": 60, "subject_tid": 1, "predicate": "stand_left", "begin_fid": 30, "object_tid": 2}, {"end_fid": 60, "subject_tid": 2, "predicate": "stand_right", "begin_fid": 30, "object_tid": 1}, {"end_fid": 60, "subject_tid": 1, "predicate": "stand_left", "begin_fid": 30, "object_tid": 3}, {"end_fid": 60, "subject_tid": 3, "predicate": "walk_right", "begin_fid": 30, "object_tid": 1}, {"end_fid": 60, "subject_tid": 2, "predicate": "stand_left", "begin_fid": 30, "object_tid": 3}, {"end_fid": 60, "subject_tid": 3, "predicate": "walk_right", "begin_fid": 30, "object_tid": 2}, {"end_fid": 75, "subject_tid": 0, "predicate": "stand_left", "begin_fid": 45, "object_tid": 1}, {"end_fid": 75, "subject_tid": 1, "predicate": "stand_right", "begin_fid": 45, "object_tid": 0}, {"end_fid": 75, "subject_tid": 0, "predicate": "stand_left", "begin_fid": 45, "object_tid": 2}, {"end_fid": 75, "subject_tid": 2, "predicate": "stand_right", "begin_fid": 45, "object_tid": 0}, {"end_fid": 75, "subject_tid": 0, "predicate": "stand_left", "begin_fid": 45, "object_tid": 3}, {"end_fid": 75, "subject_tid": 3, "predicate": "stand_right", "begin_fid": 45, "object_tid": 0}, {"end_fid": 75, "subject_tid": 0, "predicate": "stand_left", "begin_fid": 45, "object_tid": 4}, {"end_fid": 75, "subject_tid": 4, "predicate": "stand_right", "begin_fid": 45, "object_tid": 0}, {"end_fid": 75, "subject_tid": 1, "predicate": "stand_left", "begin_fid": 45, "object_tid": 2}, {"end_fid": 75, "subject_tid": 2, "predicate": "stand_right", "begin_fid": 45, "object_tid": 1}, {"end_fid": 75, "subject_tid": 1, "predicate": "stand_left", "begin_fid": 45, "object_tid": 3}, {"end_fid": 75, "subject_tid": 3, "predicate": "stand_right", "begin_fid": 45, "object_tid": 1}, {"end_fid": 75, "subject_tid": 1, "predicate": "stand_left", "begin_fid": 45, "object_tid": 4}, {"end_fid": 75, "subject_tid": 4, "predicate": "stand_right", "begin_fid": 45, "object_tid": 1}, {"end_fid": 75, "subject_tid": 2, "predicate": "stand_left", "begin_fid": 45, "object_tid": 3}, {"end_fid": 75, "subject_tid": 3, "predicate": "stand_right", "begin_fid": 45, "object_tid": 2}, {"end_fid": 75, "subject_tid": 2, "predicate": "stand_left", "begin_fid": 45, "object_tid": 4}, {"end_fid": 75, "subject_tid": 4, "predicate": "stand_right", "begin_fid": 45, "object_tid": 2}, {"end_fid": 75, "subject_tid": 3, "predicate": "stand_next_to", "begin_fid": 45, "object_tid": 4}, {"end_fid": 75, "subject_tid": 3, "predicate": "stand_left", "begin_fid": 45, "object_tid": 4}, {"end_fid": 75, "subject_tid": 4, "predicate": "stand_next_to", "begin_fid": 45, "object_tid": 3}, {"end_fid": 75, "subject_tid": 4, "predicate": "stand_right", "begin_fid": 45, "object_tid": 3}, {"end_fid": 90, "subject_tid": 0, "predicate": "stand_left", "begin_fid": 60, "object_tid": 1}, {"end_fid": 90, "subject_tid": 1, "predicate": "stand_right", "begin_fid": 60, "object_tid": 0}, {"end_fid": 90, "subject_tid": 0, "predicate": "left", "begin_fid": 60, "object_tid": 2}, {"end_fid": 90, "subject_tid": 2, "predicate": "stand_right", "begin_fid": 60, "object_tid": 0}, {"end_fid": 90, "subject_tid": 0, "predicate": "stand_left", "begin_fid": 60, "object_tid": 3}, {"end_fid": 90, "subject_tid": 3, "predicate": "stand_right", "begin_fid": 60, "object_tid": 0}, {"end_fid": 90, "subject_tid": 0, "predicate": "stand_left", "begin_fid": 60, "object_tid": 4}, {"end_fid": 90, "subject_tid": 4, "predicate": "stand_right", "begin_fid": 60, "object_tid": 0}, {"end_fid": 90, "subject_tid": 1, "predicate": "stand_left", "begin_fid": 60, "object_tid": 2}, {"end_fid": 90, "subject_tid": 2, "predicate": "stand_right", "begin_fid": 60, "object_tid": 1}, {"end_fid": 90, "subject_tid": 1, "predicate": "stand_left", "begin_fid": 60, "object_tid": 3}, {"end_fid": 90, "subject_tid": 3, "predicate": "stand_right", "begin_fid": 60, "object_tid": 1}, {"end_fid": 90, "subject_tid": 1, "predicate": "stand_left", "begin_fid": 60, "object_tid": 4}, {"end_fid": 90, "subject_tid": 4, "predicate": "stand_right", "begin_fid": 60, "object_tid": 1}, {"end_fid": 90, "subject_tid": 2, "predicate": "stand_left", "begin_fid": 60, "object_tid": 3}, {"end_fid": 90, "subject_tid": 3, "predicate": "stand_right", "begin_fid": 60, "object_tid": 2}, {"end_fid": 90, "subject_tid": 2, "predicate": "stand_left", "begin_fid": 60, "object_tid": 4}, {"end_fid": 90, "subject_tid": 4, "predicate": "stand_right", "begin_fid": 60, "object_tid": 2}, {"end_fid": 90, "subject_tid": 3, "predicate": "stand_next_to", "begin_fid": 60, "object_tid": 4}, {"end_fid": 90, "subject_tid": 3, "predicate": "stand_left", "begin_fid": 60, "object_tid": 4}, {"end_fid": 90, "subject_tid": 4, "predicate": "stand_next_to", "begin_fid": 60, "object_tid": 3}, {"end_fid": 90, "subject_tid": 4, "predicate": "stand_right", "begin_fid": 60, "object_tid": 3}, {"end_fid": 105, "subject_tid": 0, "predicate": "stand_next_to", "begin_fid": 75, "object_tid": 1}, {"end_fid": 105, "subject_tid": 0, "predicate": "stand_left", "begin_fid": 75, "object_tid": 1}, {"end_fid": 105, "subject_tid": 1, "predicate": "stand_next_to", "begin_fid": 75, "object_tid": 0}, {"end_fid": 105, "subject_tid": 1, "predicate": "stand_right", "begin_fid": 75, "object_tid": 0}, {"end_fid": 105, "subject_tid": 0, "predicate": "stand_left", "begin_fid": 75, "object_tid": 2}, {"end_fid": 105, "subject_tid": 2, "predicate": "stand_right", "begin_fid": 75, "object_tid": 0}, {"end_fid": 105, "subject_tid": 0, "predicate": "stand_left", "begin_fid": 75, "object_tid": 3}, {"end_fid": 105, "subject_tid": 3, "predicate": "stand_right", "begin_fid": 75, "object_tid": 0}, {"end_fid": 105, "subject_tid": 0, "predicate": "stand_left", "begin_fid": 75, "object_tid": 4}, {"end_fid": 105, "subject_tid": 4, "predicate": "stand_right", "begin_fid": 75, "object_tid": 0}, {"end_fid": 105, "subject_tid": 1, "predicate": "stand_left", "begin_fid": 75, "object_tid": 2}, {"end_fid": 105, "subject_tid": 2, "predicate": "stand_right", "begin_fid": 75, "object_tid": 1}, {"end_fid": 105, "subject_tid": 1, "predicate": "stand_left", "begin_fid": 75, "object_tid": 3}, {"end_fid": 105, "subject_tid": 3, "predicate": "stand_right", "begin_fid": 75, "object_tid": 1}, {"end_fid": 105, "subject_tid": 1, "predicate": "stand_left", "begin_fid": 75, "object_tid": 4}, {"end_fid": 105, "subject_tid": 4, "predicate": "stand_right", "begin_fid": 75, "object_tid": 1}, {"end_fid": 105, "subject_tid": 2, "predicate": "stand_left", "begin_fid": 75, "object_tid": 3}, {"end_fid": 105, "subject_tid": 3, "predicate": "stand_right", "begin_fid": 75, "object_tid": 2}, {"end_fid": 105, "subject_tid": 2, "predicate": "stand_left", "begin_fid": 75, "object_tid": 4}, {"end_fid": 105, "subject_tid": 4, "predicate": "stand_right", "begin_fid": 75, "object_tid": 2}, {"end_fid": 105, "subject_tid": 3, "predicate": "stand_next_to", "begin_fid": 75, "object_tid": 4}, {"end_fid": 105, "subject_tid": 3, "predicate": "stand_left", "begin_fid": 75, "object_tid": 4}, {"end_fid": 105, "subject_tid": 4, "predicate": "stand_next_to", "begin_fid": 75, "object_tid": 3}, {"end_fid": 105, "subject_tid": 4, "predicate": "stand_right", "begin_fid": 75, "object_tid": 3}, {"end_fid": 120, "subject_tid": 0, "predicate": "stand_next_to", "begin_fid": 90, "object_tid": 1}, {"end_fid": 120, "subject_tid": 0, "predicate": "stand_left", "begin_fid": 90, "object_tid": 1}, {"end_fid": 120, "subject_tid": 1, "predicate": "stand_next_to", "begin_fid": 90, "object_tid": 0}, {"end_fid": 120, "subject_tid": 1, "predicate": "stand_right", "begin_fid": 90, "object_tid": 0}, {"end_fid": 120, "subject_tid": 0, "predicate": "stand_left", "begin_fid": 90, "object_tid": 2}, {"end_fid": 120, "subject_tid": 2, "predicate": "stand_right", "begin_fid": 90, "object_tid": 0}, {"end_fid": 120, "subject_tid": 0, "predicate": "stand_left", "begin_fid": 90, "object_tid": 3}, {"end_fid": 120, "subject_tid": 3, "predicate": "stand_right", "begin_fid": 90, "object_tid": 0}, {"end_fid": 120, "subject_tid": 0, "predicate": "stand_left", "begin_fid": 90, "object_tid": 4}, {"end_fid": 120, "subject_tid": 4, "predicate": "stand_right", "begin_fid": 90, "object_tid": 0}, {"end_fid": 120, "subject_tid": 1, "predicate": "stand_left", "begin_fid": 90, "object_tid": 2}, {"end_fid": 120, "subject_tid": 2, "predicate": "stand_right", "begin_fid": 90, "object_tid": 1}, {"end_fid": 120, "subject_tid": 1, "predicate": "stand_left", "begin_fid": 90, "object_tid": 3}, {"end_fid": 120, "subject_tid": 3, "predicate": "stand_right", "begin_fid": 90, "object_tid": 1}, {"end_fid": 120, "subject_tid": 1, "predicate": "stand_left", "begin_fid": 90, "object_tid": 4}, {"end_fid": 120, "subject_tid": 4, "predicate": "stand_right", "begin_fid": 90, "object_tid": 1}, {"end_fid": 120, "subject_tid": 2, "predicate": "stand_left", "begin_fid": 90, "object_tid": 3}, {"end_fid": 120, "subject_tid": 3, "predicate": "stand_right", "begin_fid": 90, "object_tid": 2}, {"end_fid": 120, "subject_tid": 2, "predicate": "stand_left", "begin_fid": 90, "object_tid": 4}, {"end_fid": 120, "subject_tid": 4, "predicate": "stand_right", "begin_fid": 90, "object_tid": 2}, {"end_fid": 120, "subject_tid": 3, "predicate": "stand_next_to", "begin_fid": 90, "object_tid": 4}, {"end_fid": 120, "subject_tid": 3, "predicate": "stand_left", "begin_fid": 90, "object_tid": 4}, {"end_fid": 120, "subject_tid": 4, "predicate": "stand_next_to", "begin_fid": 90, "object_tid": 3}, {"end_fid": 120, "subject_tid": 4, "predicate": "stand_right", "begin_fid": 90, "object_tid": 3}, {"end_fid": 135, "subject_tid": 0, "predicate": "stand_next_to", "begin_fid": 105, "object_tid": 1}, {"end_fid": 135, "subject_tid": 0, "predicate": "stand_left", "begin_fid": 105, "object_tid": 1}, {"end_fid": 135, "subject_tid": 1, "predicate": "stand_next_to", "begin_fid": 105, "object_tid": 0}, {"end_fid": 135, "subject_tid": 1, "predicate": "stand_right", "begin_fid": 105, "object_tid": 0}, {"end_fid": 135, "subject_tid": 0, "predicate": "stand_left", "begin_fid": 105, "object_tid": 2}, {"end_fid": 135, "subject_tid": 2, "predicate": "stand_right", "begin_fid": 105, "object_tid": 0}, {"end_fid": 135, "subject_tid": 0, "predicate": "stand_left", "begin_fid": 105, "object_tid": 3}, {"end_fid": 135, "subject_tid": 3, "predicate": "stand_right", "begin_fid": 105, "object_tid": 0}, {"end_fid": 135, "subject_tid": 0, "predicate": "stand_left", "begin_fid": 105, "object_tid": 4}, {"end_fid": 135, "subject_tid": 4, "predicate": "stand_right", "begin_fid": 105, "object_tid": 0}, {"end_fid": 135, "subject_tid": 1, "predicate": "stand_left", "begin_fid": 105, "object_tid": 2}, {"end_fid": 135, "subject_tid": 2, "predicate": "stand_right", "begin_fid": 105, "object_tid": 1}, {"end_fid": 135, "subject_tid": 1, "predicate": "stand_left", "begin_fid": 105, "object_tid": 3}, {"end_fid": 135, "subject_tid": 3, "predicate": "stand_right", "begin_fid": 105, "object_tid": 1}, {"end_fid": 135, "subject_tid": 1, "predicate": "stand_left", "begin_fid": 105, "object_tid": 4}, {"end_fid": 135, "subject_tid": 4, "predicate": "stand_right", "begin_fid": 105, "object_tid": 1}, {"end_fid": 135, "subject_tid": 2, "predicate": "stand_left", "begin_fid": 105, "object_tid": 3}, {"end_fid": 135, "subject_tid": 3, "predicate": "stand_right", "begin_fid": 105, "object_tid": 2}, {"end_fid": 135, "subject_tid": 2, "predicate": "stand_left", "begin_fid": 105, "object_tid": 4}, {"end_fid": 135, "subject_tid": 4, "predicate": "stand_right", "begin_fid": 105, "object_tid": 2}, {"end_fid": 135, "subject_tid": 3, "predicate": "stand_next_to", "begin_fid": 105, "object_tid": 4}, {"end_fid": 135, "subject_tid": 3, "predicate": "stand_left", "begin_fid": 105, "object_tid": 4}, {"end_fid": 135, "subject_tid": 4, "predicate": "stand_next_to", "begin_fid": 105, "object_tid": 3}, {"end_fid": 135, "subject_tid": 4, "predicate": "stand_right", "begin_fid": 105, "object_tid": 3}], "height": 720}