{"width": 1280, "frame_count": 94, "video_id": "ILSVRC2015_train_00073037", "fps": 24, "trajectories": [[{"tid": 0, "generated": 0, "bbox": {"xmin": 131, "ymin": 352, "ymax": 424, "xmax": 261}}, {"tid": 1, "generated": 0, "bbox": {"xmin": 531, "ymin": 5, "ymax": 446, "xmax": 1278}}], [{"tid": 0, "generated": 0, "bbox": {"xmin": 130, "ymin": 355, "ymax": 426, "xmax": 259}}, {"tid": 1, "generated": 0, "bbox": {"xmin": 523, "ymin": 8, "ymax": 452, "xmax": 1278}}], [{"tid": 0, "generated": 0, "bbox": {"xmin": 129, "ymin": 358, "ymax": 429, "xmax": 258}}, {"tid": 1, "generated": 0, "bbox": {"xmin": 516, "ymin": 12, "ymax": 458, "xmax": 1278}}], [{"tid": 0, "generated": 0, "bbox": {"xmin": 128, "ymin": 361, "ymax": 432, "xmax": 256}}, {"tid": 1, "generated": 0, "bbox": {"xmin": 508, "ymin": 15, "ymax": 464, "xmax": 1278}}], [{"tid": 0, "generated": 0, "bbox": {"xmin": 127, "ymin": 364, "ymax": 435, "xmax": 255}}, {"tid": 1, "generated": 0, "bbox": {"xmin": 501, "ymin": 19, "ymax": 471, "xmax": 1278}}], [{"tid": 0, "generated": 0, "bbox": {"xmin": 126, "ymin": 367, "ymax": 437, "xmax": 254}}, {"tid": 1, "generated": 0, "bbox": {"xmin": 493, "ymin": 22, "ymax": 477, "xmax": 1278}}], [{"tid": 0, "generated": 0, "bbox": {"xmin": 125, "ymin": 370, "ymax": 440, "xmax": 252}}, {"tid": 1, "generated": 0, "bbox": {"xmin": 486, "ymin": 26, "ymax": 483, "xmax": 1278}}], [{"tid": 0, "generated": 0, "bbox": {"xmin": 124, "ymin": 373, "ymax": 443, "xmax": 251}}, {"tid": 1, "generated": 0, "bbox": {"xmin": 478, "ymin": 29, "ymax": 489, "xmax": 1278}}], [{"tid": 0, "generated": 0, "bbox": {"xmin": 124, "ymin": 376, "ymax": 446, "xmax": 250}}, {"tid": 1, "generated": 0, "bbox": {"xmin": 471, "ymin": 33, "ymax": 496, "xmax": 1278}}], [{"tid": 0, "generated": 0, "bbox": {"xmin": 124, "ymin": 378, "ymax": 448, "xmax": 250}}, {"tid": 1, "generated": 0, "bbox": {"xmin": 465, "ymin": 34, "ymax": 497, "xmax": 1278}}], [{"tid": 0, "generated": 0, "bbox": {"xmin": 124, "ymin": 380, "ymax": 450, "xmax": 250}}, {"tid": 1, "generated": 0, "bbox": {"xmin": 460, "ymin": 36, "ymax": 499, "xmax": 1278}}], [{"tid": 0, "generated": 0, "bbox": {"xmin": 124, "ymin": 382, "ymax": 452, "xmax": 250}}, {"tid": 1, "generated": 0, "bbox": {"xmin": 455, "ymin": 38, "ymax": 501, "xmax": 1278}}], [{"tid": 0, "generated": 0, "bbox": {"xmin": 124, "ymin": 384, "ymax": 454, "xmax": 250}}, {"tid": 1, "generated": 0, "bbox": {"xmin": 450, "ymin": 40, "ymax": 503, "xmax": 1278}}], [{"tid": 0, "generated": 0, "bbox": {"xmin": 125, "ymin": 387, "ymax": 456, "xmax": 251}}, {"tid": 1, "generated": 0, "bbox": {"xmin": 445, "ymin": 42, "ymax": 505, "xmax": 1278}}], [{"tid": 0, "generated": 0, "bbox": {"xmin": 125, "ymin": 389, "ymax": 458, "xmax": 251}}, {"tid": 1, "generated": 0, "bbox": {"xmin": 439, "ymin": 43, "ymax": 507, "xmax": 1278}}], [{"tid": 0, "generated": 0, "bbox": {"xmin": 125, "ymin": 391, "ymax": 460, "xmax": 251}}, {"tid": 1, "generated": 0, "bbox": {"xmin": 434, "ymin": 45, "ymax": 509, "xmax": 1278}}], [{"tid": 0, "generated": 0, "bbox": {"xmin": 125, "ymin": 393, "ymax": 462, "xmax": 251}}, {"tid": 1, "generated": 0, "bbox": {"xmin": 429, "ymin": 47, "ymax": 511, "xmax": 1278}}], [{"tid": 0, "generated": 0, "bbox": {"xmin": 125, "ymin": 395, "ymax": 464, "xmax": 251}}, {"tid": 1, "generated": 0, "bbox": {"xmin": 424, "ymin": 49, "ymax": 513, "xmax": 1278}}], [{"tid": 0, "generated": 0, "bbox": {"xmin": 126, "ymin": 398, "ymax": 467, "xmax": 252}}, {"tid": 1, "generated": 0, "bbox": {"xmin": 419, "ymin": 51, "ymax": 515, "xmax": 1278}}], [{"tid": 0, "generated": 0, "bbox": {"xmin": 127, "ymin": 397, "ymax": 466, "xmax": 251}}, {"tid": 1, "generated": 0, "bbox": {"xmin": 416, "ymin": 59, "ymax": 513, "xmax": 1262}}], [{"tid": 0, "generated": 0, "bbox": {"xmin": 128, "ymin": 397, "ymax": 466, "xmax": 251}}, {"tid": 1, "generated": 0, "bbox": {"xmin": 414, "ymin": 67, "ymax": 511, "xmax": 1246}}], [{"tid": 0, "generated": 0, "bbox": {"xmin": 129, "ymin": 397, "ymax": 466, "xmax": 251}}, {"tid": 1, "generated": 0, "bbox": {"xmin": 412, "ymin": 75, "ymax": 509, "xmax": 1230}}], [{"tid": 0, "generated": 0, "bbox": {"xmin": 130, "ymin": 397, "ymax": 466, "xmax": 251}}, {"tid": 1, "generated": 0, "bbox": {"xmin": 410, "ymin": 83, "ymax": 507, "xmax": 1214}}], [{"tid": 0, "generated": 0, "bbox": {"xmin": 131, "ymin": 397, "ymax": 466, "xmax": 251}}, {"tid": 1, "generated": 0, "bbox": {"xmin": 408, "ymin": 92, "ymax": 506, "xmax": 1198}}], [{"tid": 0, "generated": 0, "bbox": {"xmin": 132, "ymin": 396, "ymax": 465, "xmax": 250}}, {"tid": 1, "generated": 0, "bbox": {"xmin": 402, "ymin": 100, "ymax": 505, "xmax": 1176}}], [{"tid": 0, "generated": 0, "bbox": {"xmin": 133, "ymin": 396, "ymax": 465, "xmax": 250}}, {"tid": 1, "generated": 0, "bbox": {"xmin": 396, "ymin": 109, "ymax": 504, "xmax": 1154}}], [{"tid": 0, "generated": 0, "bbox": {"xmin": 134, "ymin": 396, "ymax": 465, "xmax": 250}}, {"tid": 1, "generated": 0, "bbox": {"xmin": 391, "ymin": 118, "ymax": 504, "xmax": 1132}}], [{"tid": 0, "generated": 0, "bbox": {"xmin": 135, "ymin": 396, "ymax": 465, "xmax": 250}}, {"tid": 1, "generated": 0, "bbox": {"xmin": 385, "ymin": 127, "ymax": 503, "xmax": 1110}}], [{"tid": 0, "generated": 0, "bbox": {"xmin": 136, "ymin": 396, "ymax": 465, "xmax": 250}}, {"tid": 1, "generated": 0, "bbox": {"xmin": 380, "ymin": 136, "ymax": 503, "xmax": 1088}}], [{"tid": 0, "generated": 0, "bbox": {"xmin": 135, "ymin": 396, "ymax": 464, "xmax": 249}}, {"tid": 1, "generated": 0, "bbox": {"xmin": 374, "ymin": 142, "ymax": 502, "xmax": 1069}}], [{"tid": 0, "generated": 0, "bbox": {"xmin": 134, "ymin": 396, "ymax": 464, "xmax": 248}}, {"tid": 1, "generated": 0, "bbox": {"xmin": 368, "ymin": 148, "ymax": 501, "xmax": 1050}}], [{"tid": 0, "generated": 0, "bbox": {"xmin": 133, "ymin": 396, "ymax": 464, "xmax": 247}}, {"tid": 1, "generated": 0, "bbox": {"xmin": 363, "ymin": 154, "ymax": 500, "xmax": 1032}}], [{"tid": 0, "generated": 0, "bbox": {"xmin": 132, "ymin": 396, "ymax": 464, "xmax": 246}}, {"tid": 1, "generated": 0, "bbox": {"xmin": 357, "ymin": 160, "ymax": 499, "xmax": 1013}}], [{"tid": 0, "generated": 0, "bbox": {"xmin": 131, "ymin": 396, "ymax": 464, "xmax": 245}}, {"tid": 1, "generated": 0, "bbox": {"xmin": 352, "ymin": 167, "ymax": 499, "xmax": 995}}], [{"tid": 0, "generated": 0, "bbox": {"xmin": 132, "ymin": 396, "ymax": 464, "xmax": 245}}, {"tid": 1, "generated": 0, "bbox": {"xmin": 350, "ymin": 173, "ymax": 499, "xmax": 980}}], [{"tid": 0, "generated": 0, "bbox": {"xmin": 134, "ymin": 396, "ymax": 464, "xmax": 246}}, {"tid": 1, "generated": 0, "bbox": {"xmin": 348, "ymin": 179, "ymax": 499, "xmax": 965}}], [{"tid": 0, "generated": 0, "bbox": {"xmin": 136, "ymin": 397, "ymax": 464, "xmax": 246}}, {"tid": 1, "generated": 0, "bbox": {"xmin": 347, "ymin": 186, "ymax": 499, "xmax": 951}}], [{"tid": 0, "generated": 0, "bbox": {"xmin": 138, "ymin": 397, "ymax": 464, "xmax": 247}}, {"tid": 1, "generated": 0, "bbox": {"xmin": 345, "ymin": 192, "ymax": 499, "xmax": 936}}], [{"tid": 0, "generated": 0, "bbox": {"xmin": 140, "ymin": 398, "ymax": 464, "xmax": 248}}, {"tid": 1, "generated": 0, "bbox": {"xmin": 344, "ymin": 199, "ymax": 499, "xmax": 922}}], [{"tid": 0, "generated": 0, "bbox": {"xmin": 139, "ymin": 398, "ymax": 464, "xmax": 247}}, {"tid": 1, "generated": 0, "bbox": {"xmin": 339, "ymin": 202, "ymax": 498, "xmax": 909}}], [{"tid": 0, "generated": 0, "bbox": {"xmin": 138, "ymin": 398, "ymax": 464, "xmax": 247}}, {"tid": 1, "generated": 0, "bbox": {"xmin": 334, "ymin": 205, "ymax": 497, "xmax": 897}}], [{"tid": 0, "generated": 0, "bbox": {"xmin": 137, "ymin": 398, "ymax": 464, "xmax": 247}}, {"tid": 1, "generated": 0, "bbox": {"xmin": 330, "ymin": 209, "ymax": 497, "xmax": 884}}], [{"tid": 0, "generated": 0, "bbox": {"xmin": 136, "ymin": 398, "ymax": 464, "xmax": 247}}, {"tid": 1, "generated": 0, "bbox": {"xmin": 325, "ymin": 212, "ymax": 496, "xmax": 872}}], [{"tid": 0, "generated": 0, "bbox": {"xmin": 136, "ymin": 398, "ymax": 465, "xmax": 247}}, {"tid": 1, "generated": 0, "bbox": {"xmin": 321, "ymin": 216, "ymax": 496, "xmax": 860}}], [{"tid": 0, "generated": 0, "bbox": {"xmin": 136, "ymin": 398, "ymax": 464, "xmax": 247}}, {"tid": 1, "generated": 0, "bbox": {"xmin": 321, "ymin": 219, "ymax": 494, "xmax": 851}}], [{"tid": 0, "generated": 0, "bbox": {"xmin": 137, "ymin": 398, "ymax": 464, "xmax": 248}}, {"tid": 1, "generated": 0, "bbox": {"xmin": 321, "ymin": 222, "ymax": 492, "xmax": 843}}], [{"tid": 0, "generated": 0, "bbox": {"xmin": 138, "ymin": 398, "ymax": 464, "xmax": 248}}, {"tid": 1, "generated": 0, "bbox": {"xmin": 322, "ymin": 225, "ymax": 491, "xmax": 835}}], [{"tid": 0, "generated": 0, "bbox": {"xmin": 139, "ymin": 398, "ymax": 464, "xmax": 249}}, {"tid": 1, "generated": 0, "bbox": {"xmin": 322, "ymin": 228, "ymax": 489, "xmax": 827}}], [{"tid": 0, "generated": 0, "bbox": {"xmin": 140, "ymin": 398, "ymax": 464, "xmax": 250}}, {"tid": 1, "generated": 0, "bbox": {"xmin": 323, "ymin": 231, "ymax": 488, "xmax": 819}}], [{"tid": 0, "generated": 0, "bbox": {"xmin": 139, "ymin": 397, "ymax": 463, "xmax": 249}}, {"tid": 1, "generated": 0, "bbox": {"xmin": 319, "ymin": 231, "ymax": 486, "xmax": 810}}], [{"tid": 0, "generated": 0, "bbox": {"xmin": 139, "ymin": 397, "ymax": 463, "xmax": 248}}, {"tid": 1, "generated": 0, "bbox": {"xmin": 315, "ymin": 231, "ymax": 484, "xmax": 801}}], [{"tid": 0, "generated": 0, "bbox": {"xmin": 138, "ymin": 396, "ymax": 462, "xmax": 248}}, {"tid": 1, "generated": 0, "bbox": {"xmin": 312, "ymin": 231, "ymax": 483, "xmax": 793}}], [{"tid": 0, "generated": 0, "bbox": {"xmin": 138, "ymin": 396, "ymax": 462, "xmax": 247}}, {"tid": 1, "generated": 0, "bbox": {"xmin": 308, "ymin": 231, "ymax": 481, "xmax": 784}}], [{"tid": 0, "generated": 0, "bbox": {"xmin": 138, "ymin": 396, "ymax": 462, "xmax": 247}}, {"tid": 1, "generated": 0, "bbox": {"xmin": 305, "ymin": 232, "ymax": 480, "xmax": 776}}], [{"tid": 0, "generated": 0, "bbox": {"xmin": 139, "ymin": 396, "ymax": 462, "xmax": 248}}, {"tid": 1, "generated": 0, "bbox": {"xmin": 305, "ymin": 232, "ymax": 478, "xmax": 771}}], [{"tid": 0, "generated": 0, "bbox": {"xmin": 140, "ymin": 396, "ymax": 462, "xmax": 249}}, {"tid": 1, "generated": 0, "bbox": {"xmin": 305, "ymin": 232, "ymax": 476, "xmax": 767}}], [{"tid": 0, "generated": 0, "bbox": {"xmin": 142, "ymin": 396, "ymax": 462, "xmax": 251}}, {"tid": 1, "generated": 0, "bbox": {"xmin": 306, "ymin": 233, "ymax": 475, "xmax": 763}}], [{"tid": 0, "generated": 0, "bbox": {"xmin": 143, "ymin": 396, "ymax": 462, "xmax": 252}}, {"tid": 1, "generated": 0, "bbox": {"xmin": 306, "ymin": 233, "ymax": 473, "xmax": 759}}], [{"tid": 0, "generated": 0, "bbox": {"xmin": 145, "ymin": 396, "ymax": 462, "xmax": 254}}, {"tid": 1, "generated": 0, "bbox": {"xmin": 307, "ymin": 234, "ymax": 472, "xmax": 755}}], [{"tid": 0, "generated": 0, "bbox": {"xmin": 146, "ymin": 394, "ymax": 460, "xmax": 255}}, {"tid": 1, "generated": 0, "bbox": {"xmin": 305, "ymin": 234, "ymax": 471, "xmax": 749}}], [{"tid": 0, "generated": 0, "bbox": {"xmin": 147, "ymin": 392, "ymax": 458, "xmax": 256}}, {"tid": 1, "generated": 0, "bbox": {"xmin": 303, "ymin": 234, "ymax": 470, "xmax": 744}}], [{"tid": 0, "generated": 0, "bbox": {"xmin": 148, "ymin": 390, "ymax": 456, "xmax": 257}}, {"tid": 1, "generated": 0, "bbox": {"xmin": 301, "ymin": 234, "ymax": 469, "xmax": 739}}], [{"tid": 0, "generated": 0, "bbox": {"xmin": 149, "ymin": 388, "ymax": 454, "xmax": 258}}, {"tid": 1, "generated": 0, "bbox": {"xmin": 299, "ymin": 235, "ymax": 468, "xmax": 734}}], [{"tid": 0, "generated": 0, "bbox": {"xmin": 151, "ymin": 387, "ymax": 453, "xmax": 259}}, {"tid": 1, "generated": 0, "bbox": {"xmin": 297, "ymin": 235, "ymax": 467, "xmax": 729}}], [{"tid": 0, "generated": 0, "bbox": {"xmin": 149, "ymin": 386, "ymax": 452, "xmax": 256}}, {"tid": 1, "generated": 0, "bbox": {"xmin": 295, "ymin": 235, "ymax": 466, "xmax": 724}}], [{"tid": 0, "generated": 0, "bbox": {"xmin": 147, "ymin": 385, "ymax": 451, "xmax": 254}}, {"tid": 1, "generated": 0, "bbox": {"xmin": 293, "ymin": 235, "ymax": 465, "xmax": 719}}], [{"tid": 0, "generated": 0, "bbox": {"xmin": 145, "ymin": 385, "ymax": 451, "xmax": 252}}, {"tid": 1, "generated": 0, "bbox": {"xmin": 291, "ymin": 236, "ymax": 464, "xmax": 714}}], [{"tid": 0, "generated": 0, "bbox": {"xmin": 148, "ymin": 385, "ymax": 451, "xmax": 254}}, {"tid": 1, "generated": 0, "bbox": {"xmin": 293, "ymin": 237, "ymax": 462, "xmax": 711}}], [{"tid": 0, "generated": 0, "bbox": {"xmin": 152, "ymin": 385, "ymax": 451, "xmax": 257}}, {"tid": 1, "generated": 0, "bbox": {"xmin": 295, "ymin": 238, "ymax": 460, "xmax": 709}}], [{"tid": 0, "generated": 0, "bbox": {"xmin": 142, "ymin": 385, "ymax": 451, "xmax": 248}}, {"tid": 1, "generated": 0, "bbox": {"xmin": 284, "ymin": 236, "ymax": 456, "xmax": 693}}], [{"tid": 0, "generated": 0, "bbox": {"xmin": 145, "ymin": 383, "ymax": 448, "xmax": 251}}, {"tid": 1, "generated": 0, "bbox": {"xmin": 286, "ymin": 236, "ymax": 454, "xmax": 690}}], [{"tid": 0, "generated": 0, "bbox": {"xmin": 148, "ymin": 381, "ymax": 445, "xmax": 254}}, {"tid": 1, "generated": 0, "bbox": {"xmin": 288, "ymin": 236, "ymax": 452, "xmax": 687}}], [{"tid": 0, "generated": 0, "bbox": {"xmin": 152, "ymin": 380, "ymax": 442, "xmax": 257}}, {"tid": 1, "generated": 0, "bbox": {"xmin": 291, "ymin": 236, "ymax": 451, "xmax": 684}}], [{"tid": 0, "generated": 0, "bbox": {"xmin": 154, "ymin": 378, "ymax": 441, "xmax": 259}}, {"tid": 1, "generated": 0, "bbox": {"xmin": 291, "ymin": 236, "ymax": 450, "xmax": 681}}], [{"tid": 0, "generated": 0, "bbox": {"xmin": 156, "ymin": 377, "ymax": 440, "xmax": 261}}, {"tid": 1, "generated": 0, "bbox": {"xmin": 291, "ymin": 237, "ymax": 449, "xmax": 678}}], [{"tid": 0, "generated": 0, "bbox": {"xmin": 158, "ymin": 376, "ymax": 440, "xmax": 264}}, {"tid": 1, "generated": 0, "bbox": {"xmin": 291, "ymin": 238, "ymax": 448, "xmax": 675}}], [{"tid": 0, "generated": 0, "bbox": {"xmin": 156, "ymin": 373, "ymax": 438, "xmax": 262}}, {"tid": 1, "generated": 0, "bbox": {"xmin": 289, "ymin": 239, "ymax": 446, "xmax": 672}}], [{"tid": 0, "generated": 0, "bbox": {"xmin": 154, "ymin": 371, "ymax": 436, "xmax": 260}}, {"tid": 1, "generated": 0, "bbox": {"xmin": 287, "ymin": 240, "ymax": 445, "xmax": 669}}], [{"tid": 0, "generated": 0, "bbox": {"xmin": 152, "ymin": 369, "ymax": 435, "xmax": 259}}, {"tid": 1, "generated": 0, "bbox": {"xmin": 286, "ymin": 241, "ymax": 444, "xmax": 666}}], [{"tid": 0, "generated": 0, "bbox": {"xmin": 152, "ymin": 368, "ymax": 434, "xmax": 259}}, {"tid": 1, "generated": 0, "bbox": {"xmin": 285, "ymin": 241, "ymax": 444, "xmax": 662}}], [{"tid": 0, "generated": 0, "bbox": {"xmin": 153, "ymin": 367, "ymax": 433, "xmax": 260}}, {"tid": 1, "generated": 0, "bbox": {"xmin": 284, "ymin": 242, "ymax": 444, "xmax": 658}}], [{"tid": 0, "generated": 0, "bbox": {"xmin": 154, "ymin": 366, "ymax": 433, "xmax": 261}}, {"tid": 1, "generated": 0, "bbox": {"xmin": 284, "ymin": 243, "ymax": 444, "xmax": 654}}], [{"tid": 0, "generated": 0, "bbox": {"xmin": 154, "ymin": 365, "ymax": 431, "xmax": 261}}, {"tid": 1, "generated": 0, "bbox": {"xmin": 283, "ymin": 244, "ymax": 444, "xmax": 651}}], [{"tid": 0, "generated": 0, "bbox": {"xmin": 155, "ymin": 364, "ymax": 430, "xmax": 261}}, {"tid": 1, "generated": 0, "bbox": {"xmin": 283, "ymin": 245, "ymax": 444, "xmax": 647}}], [{"tid": 0, "generated": 0, "bbox": {"xmin": 156, "ymin": 364, "ymax": 429, "xmax": 262}}, {"tid": 1, "generated": 0, "bbox": {"xmin": 282, "ymin": 246, "ymax": 444, "xmax": 643}}], [{"tid": 0, "generated": 0, "bbox": {"xmin": 156, "ymin": 363, "ymax": 428, "xmax": 262}}, {"tid": 1, "generated": 0, "bbox": {"xmin": 281, "ymin": 247, "ymax": 444, "xmax": 640}}], [{"tid": 0, "generated": 0, "bbox": {"xmin": 157, "ymin": 362, "ymax": 427, "xmax": 262}}, {"tid": 1, "generated": 0, "bbox": {"xmin": 281, "ymin": 248, "ymax": 444, "xmax": 636}}], [{"tid": 0, "generated": 0, "bbox": {"xmin": 158, "ymin": 362, "ymax": 426, "xmax": 263}}, {"tid": 1, "generated": 0, "bbox": {"xmin": 280, "ymin": 249, "ymax": 444, "xmax": 632}}], [{"tid": 0, "generated": 0, "bbox": {"xmin": 154, "ymin": 362, "ymax": 426, "xmax": 261}}, {"tid": 1, "generated": 0, "bbox": {"xmin": 280, "ymin": 250, "ymax": 444, "xmax": 629}}], [{"tid": 0, "generated": 0, "bbox": {"xmin": 154, "ymin": 362, "ymax": 426, "xmax": 261}}, {"tid": 1, "generated": 0, "bbox": {"xmin": 280, "ymin": 250, "ymax": 444, "xmax": 629}}]], "subject/objects": [{"category": "car", "tid": 0}, {"category": "car", "tid": 1}], "relation_instances": [{"end_fid": 30, "subject_tid": 0, "predicate": "move_front", "begin_fid": 0, "object_tid": 1}, {"end_fid": 30, "subject_tid": 1, "predicate": "move_behind", "begin_fid": 0, "object_tid": 0}, {"end_fid": 30, "subject_tid": 1, "predicate": "faster", "begin_fid": 0, "object_tid": 0}, {"end_fid": 30, "subject_tid": 1, "predicate": "chase", "begin_fid": 0, "object_tid": 0}, {"end_fid": 45, "subject_tid": 0, "predicate": "move_front", "begin_fid": 15, "object_tid": 1}, {"end_fid": 45, "subject_tid": 1, "predicate": "move_behind", "begin_fid": 15, "object_tid": 0}, {"end_fid": 45, "subject_tid": 1, "predicate": "faster", "begin_fid": 15, "object_tid": 0}, {"end_fid": 45, "subject_tid": 1, "predicate": "chase", "begin_fid": 15, "object_tid": 0}, {"end_fid": 60, "subject_tid": 0, "predicate": "move_front", "begin_fid": 30, "object_tid": 1}, {"end_fid": 60, "subject_tid": 1, "predicate": "move_behind", "begin_fid": 30, "object_tid": 0}, {"end_fid": 60, "subject_tid": 1, "predicate": "faster", "begin_fid": 30, "object_tid": 0}, {"end_fid": 60, "subject_tid": 1, "predicate": "chase", "begin_fid": 30, "object_tid": 0}, {"end_fid": 75, "subject_tid": 0, "predicate": "move_front", "begin_fid": 45, "object_tid": 1}, {"end_fid": 75, "subject_tid": 1, "predicate": "move_behind", "begin_fid": 45, "object_tid": 0}, {"end_fid": 75, "subject_tid": 1, "predicate": "faster", "begin_fid": 45, "object_tid": 0}, {"end_fid": 75, "subject_tid": 1, "predicate": "chase", "begin_fid": 45, "object_tid": 0}, {"end_fid": 90, "subject_tid": 0, "predicate": "move_front", "begin_fid": 60, "object_tid": 1}, {"end_fid": 90, "subject_tid": 1, "predicate": "move_behind", "begin_fid": 60, "object_tid": 0}, {"end_fid": 90, "subject_tid": 1, "predicate": "faster", "begin_fid": 60, "object_tid": 0}, {"end_fid": 90, "subject_tid": 1, "predicate": "chase", "begin_fid": 60, "object_tid": 0}], "height": 720}