{"width": 1280, "frame_count": 206, "video_id": "ILSVRC2015_train_01061001", "fps": 30, "trajectories": [[{"tid": 0, "generated": 0, "bbox": {"xmin": 659, "ymin": 97, "ymax": 503, "xmax": 1278}}, {"tid": 1, "generated": 0, "bbox": {"xmin": 355, "ymin": 432, "ymax": 567, "xmax": 586}}, {"tid": 2, "generated": 0, "bbox": {"xmin": 14, "ymin": 1, "ymax": 177, "xmax": 165}}], [{"tid": 0, "generated": 0, "bbox": {"xmin": 663, "ymin": 103, "ymax": 547, "xmax": 1276}}, {"tid": 1, "generated": 0, "bbox": {"xmin": 357, "ymin": 426, "ymax": 563, "xmax": 579}}, {"tid": 2, "generated": 0, "bbox": {"xmin": 14, "ymin": 1, "ymax": 177, "xmax": 165}}], [{"tid": 0, "generated": 0, "bbox": {"xmin": 652, "ymin": 101, "ymax": 549, "xmax": 1278}}, {"tid": 1, "generated": 0, "bbox": {"xmin": 355, "ymin": 426, "ymax": 565, "xmax": 586}}, {"tid": 2, "generated": 0, "bbox": {"xmin": 14, "ymin": 1, "ymax": 177, "xmax": 165}}], [{"tid": 0, "generated": 0, "bbox": {"xmin": 657, "ymin": 115, "ymax": 545, "xmax": 1278}}, {"tid": 1, "generated": 0, "bbox": {"xmin": 355, "ymin": 426, "ymax": 563, "xmax": 584}}, {"tid": 2, "generated": 0, "bbox": {"xmin": 14, "ymin": 1, "ymax": 177, "xmax": 165}}], [{"tid": 0, "generated": 0, "bbox": {"xmin": 679, "ymin": 117, "ymax": 542, "xmax": 1278}}, {"tid": 1, "generated": 0, "bbox": {"xmin": 353, "ymin": 432, "ymax": 572, "xmax": 579}}, {"tid": 2, "generated": 0, "bbox": {"xmin": 14, "ymin": 1, "ymax": 177, "xmax": 165}}], [{"tid": 0, "generated": 0, "bbox": {"xmin": 704, "ymin": 104, "ymax": 538, "xmax": 1278}}, {"tid": 1, "generated": 0, "bbox": {"xmin": 357, "ymin": 437, "ymax": 570, "xmax": 576}}, {"tid": 2, "generated": 0, "bbox": {"xmin": 14, "ymin": 1, "ymax": 177, "xmax": 165}}], [{"tid": 0, "generated": 0, "bbox": {"xmin": 709, "ymin": 87, "ymax": 535, "xmax": 1276}}, {"tid": 1, "generated": 0, "bbox": {"xmin": 353, "ymin": 433, "ymax": 570, "xmax": 572}}, {"tid": 2, "generated": 0, "bbox": {"xmin": 14, "ymin": 1, "ymax": 177, "xmax": 165}}], [{"tid": 0, "generated": 0, "bbox": {"xmin": 702, "ymin": 67, "ymax": 483, "xmax": 1276}}, {"tid": 1, "generated": 0, "bbox": {"xmin": 344, "ymin": 433, "ymax": 574, "xmax": 568}}, {"tid": 2, "generated": 0, "bbox": {"xmin": 14, "ymin": 1, "ymax": 177, "xmax": 165}}], [{"tid": 0, "generated": 0, "bbox": {"xmin": 693, "ymin": 37, "ymax": 478, "xmax": 1278}}, {"tid": 1, "generated": 0, "bbox": {"xmin": 344, "ymin": 426, "ymax": 576, "xmax": 570}}, {"tid": 2, "generated": 0, "bbox": {"xmin": 14, "ymin": 1, "ymax": 177, "xmax": 165}}], [{"tid": 0, "generated": 0, "bbox": {"xmin": 688, "ymin": 32, "ymax": 483, "xmax": 1274}}, {"tid": 1, "generated": 0, "bbox": {"xmin": 344, "ymin": 427, "ymax": 576, "xmax": 569}}, {"tid": 2, "generated": 0, "bbox": {"xmin": 14, "ymin": 1, "ymax": 177, "xmax": 165}}], [{"tid": 0, "generated": 0, "bbox": {"xmin": 689, "ymin": 30, "ymax": 460, "xmax": 1278}}, {"tid": 1, "generated": 0, "bbox": {"xmin": 344, "ymin": 428, "ymax": 577, "xmax": 568}}, {"tid": 2, "generated": 0, "bbox": {"xmin": 14, "ymin": 1, "ymax": 177, "xmax": 165}}], [{"tid": 0, "generated": 0, "bbox": {"xmin": 688, "ymin": 24, "ymax": 467, "xmax": 1278}}, {"tid": 1, "generated": 0, "bbox": {"xmin": 344, "ymin": 435, "ymax": 577, "xmax": 567}}, {"tid": 2, "generated": 0, "bbox": {"xmin": 14, "ymin": 1, "ymax": 177, "xmax": 165}}], [{"tid": 0, "generated": 0, "bbox": {"xmin": 686, "ymin": 35, "ymax": 462, "xmax": 1278}}, {"tid": 1, "generated": 0, "bbox": {"xmin": 344, "ymin": 430, "ymax": 574, "xmax": 568}}, {"tid": 2, "generated": 0, "bbox": {"xmin": 14, "ymin": 1, "ymax": 177, "xmax": 165}}], [{"tid": 0, "generated": 0, "bbox": {"xmin": 688, "ymin": 48, "ymax": 453, "xmax": 1278}}, {"tid": 1, "generated": 0, "bbox": {"xmin": 344, "ymin": 430, "ymax": 574, "xmax": 567}}, {"tid": 2, "generated": 0, "bbox": {"xmin": 14, "ymin": 1, "ymax": 177, "xmax": 165}}], [{"tid": 0, "generated": 0, "bbox": {"xmin": 686, "ymin": 56, "ymax": 458, "xmax": 1274}}, {"tid": 1, "generated": 0, "bbox": {"xmin": 344, "ymin": 430, "ymax": 572, "xmax": 570}}, {"tid": 2, "generated": 0, "bbox": {"xmin": 14, "ymin": 1, "ymax": 177, "xmax": 165}}], [{"tid": 0, "generated": 0, "bbox": {"xmin": 641, "ymin": 81, "ymax": 538, "xmax": 1278}}, {"tid": 1, "generated": 0, "bbox": {"xmin": 344, "ymin": 430, "ymax": 572, "xmax": 569}}, {"tid": 2, "generated": 0, "bbox": {"xmin": 14, "ymin": 1, "ymax": 177, "xmax": 165}}], [{"tid": 0, "generated": 0, "bbox": {"xmin": 645, "ymin": 85, "ymax": 533, "xmax": 1276}}, {"tid": 1, "generated": 0, "bbox": {"xmin": 344, "ymin": 430, "ymax": 572, "xmax": 568}}, {"tid": 2, "generated": 0, "bbox": {"xmin": 14, "ymin": 1, "ymax": 177, "xmax": 165}}], [{"tid": 0, "generated": 0, "bbox": {"xmin": 654, "ymin": 72, "ymax": 528, "xmax": 1276}}, {"tid": 1, "generated": 0, "bbox": {"xmin": 344, "ymin": 430, "ymax": 572, "xmax": 567}}, {"tid": 2, "generated": 0, "bbox": {"xmin": 14, "ymin": 1, "ymax": 177, "xmax": 165}}], [{"tid": 0, "generated": 0, "bbox": {"xmin": 689, "ymin": 65, "ymax": 526, "xmax": 1272}}, {"tid": 1, "generated": 0, "bbox": {"xmin": 344, "ymin": 431, "ymax": 572, "xmax": 567}}, {"tid": 2, "generated": 0, "bbox": {"xmin": 14, "ymin": 1, "ymax": 177, "xmax": 165}}], [{"tid": 0, "generated": 0, "bbox": {"xmin": 686, "ymin": 51, "ymax": 526, "xmax": 1276}}, {"tid": 1, "generated": 0, "bbox": {"xmin": 345, "ymin": 432, "ymax": 572, "xmax": 567}}, {"tid": 2, "generated": 0, "bbox": {"xmin": 14, "ymin": 1, "ymax": 177, "xmax": 165}}], [{"tid": 0, "generated": 0, "bbox": {"xmin": 666, "ymin": 32, "ymax": 533, "xmax": 1271}}, {"tid": 1, "generated": 0, "bbox": {"xmin": 346, "ymin": 433, "ymax": 572, "xmax": 568}}, {"tid": 2, "generated": 0, "bbox": {"xmin": 14, "ymin": 1, "ymax": 177, "xmax": 165}}], [{"tid": 0, "generated": 0, "bbox": {"xmin": 666, "ymin": 21, "ymax": 506, "xmax": 1276}}, {"tid": 1, "generated": 0, "bbox": {"xmin": 341, "ymin": 432, "ymax": 570, "xmax": 565}}, {"tid": 2, "generated": 0, "bbox": {"xmin": 14, "ymin": 1, "ymax": 177, "xmax": 165}}], [{"tid": 0, "generated": 0, "bbox": {"xmin": 675, "ymin": 14, "ymax": 460, "xmax": 1276}}, {"tid": 1, "generated": 0, "bbox": {"xmin": 337, "ymin": 432, "ymax": 568, "xmax": 563}}, {"tid": 2, "generated": 0, "bbox": {"xmin": 14, "ymin": 1, "ymax": 177, "xmax": 165}}], [{"tid": 0, "generated": 0, "bbox": {"xmin": 673, "ymin": 0, "ymax": 456, "xmax": 1278}}, {"tid": 1, "generated": 0, "bbox": {"xmin": 337, "ymin": 435, "ymax": 568, "xmax": 563}}, {"tid": 2, "generated": 0, "bbox": {"xmin": 14, "ymin": 1, "ymax": 177, "xmax": 165}}], [{"tid": 0, "generated": 0, "bbox": {"xmin": 675, "ymin": 1, "ymax": 439, "xmax": 1278}}, {"tid": 1, "generated": 0, "bbox": {"xmin": 339, "ymin": 437, "ymax": 567, "xmax": 567}}, {"tid": 2, "generated": 0, "bbox": {"xmin": 14, "ymin": 1, "ymax": 177, "xmax": 165}}], [{"tid": 0, "generated": 0, "bbox": {"xmin": 664, "ymin": 5, "ymax": 455, "xmax": 1278}}, {"tid": 1, "generated": 0, "bbox": {"xmin": 339, "ymin": 439, "ymax": 568, "xmax": 565}}, {"tid": 2, "generated": 0, "bbox": {"xmin": 14, "ymin": 1, "ymax": 177, "xmax": 165}}], [{"tid": 0, "generated": 0, "bbox": {"xmin": 664, "ymin": 8, "ymax": 460, "xmax": 1278}}, {"tid": 1, "generated": 0, "bbox": {"xmin": 339, "ymin": 432, "ymax": 570, "xmax": 565}}, {"tid": 2, "generated": 0, "bbox": {"xmin": 14, "ymin": 1, "ymax": 177, "xmax": 165}}], [{"tid": 0, "generated": 0, "bbox": {"xmin": 670, "ymin": 23, "ymax": 456, "xmax": 1278}}, {"tid": 1, "generated": 0, "bbox": {"xmin": 343, "ymin": 430, "ymax": 568, "xmax": 568}}, {"tid": 2, "generated": 0, "bbox": {"xmin": 14, "ymin": 1, "ymax": 177, "xmax": 165}}], [{"tid": 0, "generated": 0, "bbox": {"xmin": 668, "ymin": 35, "ymax": 460, "xmax": 1278}}, {"tid": 1, "generated": 0, "bbox": {"xmin": 343, "ymin": 430, "ymax": 568, "xmax": 568}}, {"tid": 2, "generated": 0, "bbox": {"xmin": 14, "ymin": 1, "ymax": 177, "xmax": 165}}], [{"tid": 0, "generated": 0, "bbox": {"xmin": 663, "ymin": 48, "ymax": 472, "xmax": 1271}}, {"tid": 1, "generated": 0, "bbox": {"xmin": 344, "ymin": 430, "ymax": 568, "xmax": 568}}, {"tid": 2, "generated": 0, "bbox": {"xmin": 14, "ymin": 1, "ymax": 177, "xmax": 165}}], [], [], [], [], [], [], [], [], [], [], [], [], [], [], [], [{"tid": 0, "generated": 0, "bbox": {"xmin": 760, "ymin": 193, "ymax": 558, "xmax": 1278}}, {"tid": 1, "generated": 0, "bbox": {"xmin": 296, "ymin": 428, "ymax": 570, "xmax": 528}}, {"tid": 2, "generated": 0, "bbox": {"xmin": 14, "ymin": 1, "ymax": 177, "xmax": 165}}], [{"tid": 0, "generated": 0, "bbox": {"xmin": 750, "ymin": 197, "ymax": 558, "xmax": 1278}}, {"tid": 1, "generated": 0, "bbox": {"xmin": 289, "ymin": 426, "ymax": 574, "xmax": 513}}, {"tid": 2, "generated": 0, "bbox": {"xmin": 14, "ymin": 1, "ymax": 177, "xmax": 165}}], [{"tid": 0, "generated": 0, "bbox": {"xmin": 744, "ymin": 192, "ymax": 563, "xmax": 1278}}, {"tid": 1, "generated": 0, "bbox": {"xmin": 283, "ymin": 422, "ymax": 570, "xmax": 510}}, {"tid": 2, "generated": 0, "bbox": {"xmin": 14, "ymin": 1, "ymax": 177, "xmax": 165}}], [{"tid": 0, "generated": 0, "bbox": {"xmin": 732, "ymin": 192, "ymax": 560, "xmax": 1278}}, {"tid": 1, "generated": 0, "bbox": {"xmin": 277, "ymin": 419, "ymax": 567, "xmax": 508}}, {"tid": 2, "generated": 0, "bbox": {"xmin": 14, "ymin": 1, "ymax": 177, "xmax": 165}}], [{"tid": 0, "generated": 0, "bbox": {"xmin": 759, "ymin": 200, "ymax": 560, "xmax": 1278}}, {"tid": 1, "generated": 0, "bbox": {"xmin": 271, "ymin": 421, "ymax": 565, "xmax": 505}}, {"tid": 2, "generated": 0, "bbox": {"xmin": 14, "ymin": 1, "ymax": 177, "xmax": 165}}], [{"tid": 0, "generated": 0, "bbox": {"xmin": 753, "ymin": 209, "ymax": 556, "xmax": 1272}}, {"tid": 1, "generated": 0, "bbox": {"xmin": 266, "ymin": 424, "ymax": 563, "xmax": 503}}, {"tid": 2, "generated": 0, "bbox": {"xmin": 14, "ymin": 1, "ymax": 177, "xmax": 165}}], [{"tid": 0, "generated": 0, "bbox": {"xmin": 775, "ymin": 218, "ymax": 556, "xmax": 1276}}, {"tid": 1, "generated": 0, "bbox": {"xmin": 266, "ymin": 424, "ymax": 564, "xmax": 501}}, {"tid": 2, "generated": 0, "bbox": {"xmin": 14, "ymin": 1, "ymax": 177, "xmax": 165}}], [{"tid": 0, "generated": 0, "bbox": {"xmin": 810, "ymin": 227, "ymax": 558, "xmax": 1278}}, {"tid": 1, "generated": 0, "bbox": {"xmin": 266, "ymin": 424, "ymax": 565, "xmax": 499}}, {"tid": 2, "generated": 0, "bbox": {"xmin": 14, "ymin": 1, "ymax": 177, "xmax": 165}}], [{"tid": 0, "generated": 0, "bbox": {"xmin": 812, "ymin": 227, "ymax": 554, "xmax": 1274}}, {"tid": 1, "generated": 0, "bbox": {"xmin": 266, "ymin": 424, "ymax": 567, "xmax": 504}}, {"tid": 2, "generated": 0, "bbox": {"xmin": 14, "ymin": 1, "ymax": 177, "xmax": 165}}], [{"tid": 0, "generated": 0, "bbox": {"xmin": 824, "ymin": 238, "ymax": 556, "xmax": 1276}}, {"tid": 1, "generated": 0, "bbox": {"xmin": 266, "ymin": 424, "ymax": 565, "xmax": 504}}, {"tid": 2, "generated": 0, "bbox": {"xmin": 14, "ymin": 1, "ymax": 177, "xmax": 165}}], [{"tid": 0, "generated": 0, "bbox": {"xmin": 830, "ymin": 236, "ymax": 558, "xmax": 1278}}, {"tid": 1, "generated": 0, "bbox": {"xmin": 266, "ymin": 424, "ymax": 564, "xmax": 504}}, {"tid": 2, "generated": 0, "bbox": {"xmin": 14, "ymin": 1, "ymax": 177, "xmax": 165}}], [{"tid": 0, "generated": 0, "bbox": {"xmin": 835, "ymin": 243, "ymax": 558, "xmax": 1278}}, {"tid": 1, "generated": 0, "bbox": {"xmin": 266, "ymin": 424, "ymax": 563, "xmax": 504}}, {"tid": 2, "generated": 0, "bbox": {"xmin": 14, "ymin": 1, "ymax": 177, "xmax": 165}}], [{"tid": 0, "generated": 0, "bbox": {"xmin": 842, "ymin": 243, "ymax": 556, "xmax": 1278}}, {"tid": 1, "generated": 0, "bbox": {"xmin": 266, "ymin": 424, "ymax": 565, "xmax": 501}}, {"tid": 2, "generated": 0, "bbox": {"xmin": 14, "ymin": 1, "ymax": 177, "xmax": 165}}], [{"tid": 0, "generated": 0, "bbox": {"xmin": 849, "ymin": 243, "ymax": 554, "xmax": 1278}}, {"tid": 1, "generated": 0, "bbox": {"xmin": 266, "ymin": 424, "ymax": 567, "xmax": 499}}, {"tid": 2, "generated": 0, "bbox": {"xmin": 14, "ymin": 1, "ymax": 177, "xmax": 165}}], [{"tid": 0, "generated": 0, "bbox": {"xmin": 855, "ymin": 242, "ymax": 554, "xmax": 1278}}, {"tid": 1, "generated": 0, "bbox": {"xmin": 266, "ymin": 424, "ymax": 563, "xmax": 503}}, {"tid": 2, "generated": 0, "bbox": {"xmin": 14, "ymin": 1, "ymax": 177, "xmax": 165}}], [{"tid": 0, "generated": 0, "bbox": {"xmin": 862, "ymin": 241, "ymax": 554, "xmax": 1278}}, {"tid": 1, "generated": 0, "bbox": {"xmin": 266, "ymin": 424, "ymax": 561, "xmax": 501}}, {"tid": 2, "generated": 0, "bbox": {"xmin": 14, "ymin": 1, "ymax": 177, "xmax": 165}}], [{"tid": 0, "generated": 0, "bbox": {"xmin": 862, "ymin": 250, "ymax": 556, "xmax": 1276}}, {"tid": 1, "generated": 0, "bbox": {"xmin": 268, "ymin": 424, "ymax": 563, "xmax": 501}}, {"tid": 2, "generated": 0, "bbox": {"xmin": 14, "ymin": 1, "ymax": 177, "xmax": 165}}], [{"tid": 0, "generated": 0, "bbox": {"xmin": 862, "ymin": 250, "ymax": 558, "xmax": 1274}}, {"tid": 1, "generated": 0, "bbox": {"xmin": 270, "ymin": 424, "ymax": 565, "xmax": 501}}, {"tid": 2, "generated": 0, "bbox": {"xmin": 14, "ymin": 1, "ymax": 177, "xmax": 165}}], [{"tid": 0, "generated": 0, "bbox": {"xmin": 862, "ymin": 247, "ymax": 554, "xmax": 1278}}, {"tid": 1, "generated": 0, "bbox": {"xmin": 272, "ymin": 428, "ymax": 565, "xmax": 499}}, {"tid": 2, "generated": 0, "bbox": {"xmin": 14, "ymin": 1, "ymax": 177, "xmax": 165}}], [{"tid": 0, "generated": 0, "bbox": {"xmin": 862, "ymin": 243, "ymax": 558, "xmax": 1276}}, {"tid": 1, "generated": 0, "bbox": {"xmin": 272, "ymin": 428, "ymax": 564, "xmax": 502}}, {"tid": 2, "generated": 0, "bbox": {"xmin": 14, "ymin": 1, "ymax": 177, "xmax": 165}}], [{"tid": 0, "generated": 0, "bbox": {"xmin": 871, "ymin": 247, "ymax": 560, "xmax": 1276}}, {"tid": 1, "generated": 0, "bbox": {"xmin": 272, "ymin": 428, "ymax": 563, "xmax": 505}}, {"tid": 2, "generated": 0, "bbox": {"xmin": 14, "ymin": 1, "ymax": 177, "xmax": 165}}], [{"tid": 0, "generated": 0, "bbox": {"xmin": 862, "ymin": 248, "ymax": 558, "xmax": 1276}}, {"tid": 1, "generated": 0, "bbox": {"xmin": 272, "ymin": 428, "ymax": 563, "xmax": 508}}, {"tid": 2, "generated": 0, "bbox": {"xmin": 14, "ymin": 1, "ymax": 177, "xmax": 165}}], [{"tid": 0, "generated": 0, "bbox": {"xmin": 860, "ymin": 250, "ymax": 560, "xmax": 1274}}, {"tid": 1, "generated": 0, "bbox": {"xmin": 276, "ymin": 428, "ymax": 563, "xmax": 509}}, {"tid": 2, "generated": 0, "bbox": {"xmin": 14, "ymin": 1, "ymax": 177, "xmax": 165}}], [{"tid": 0, "generated": 0, "bbox": {"xmin": 862, "ymin": 241, "ymax": 563, "xmax": 1276}}, {"tid": 1, "generated": 0, "bbox": {"xmin": 280, "ymin": 428, "ymax": 563, "xmax": 510}}, {"tid": 2, "generated": 0, "bbox": {"xmin": 14, "ymin": 1, "ymax": 177, "xmax": 165}}], [{"tid": 0, "generated": 0, "bbox": {"xmin": 871, "ymin": 240, "ymax": 561, "xmax": 1278}}, {"tid": 1, "generated": 0, "bbox": {"xmin": 284, "ymin": 428, "ymax": 564, "xmax": 514}}, {"tid": 2, "generated": 0, "bbox": {"xmin": 14, "ymin": 1, "ymax": 177, "xmax": 165}}], [{"tid": 0, "generated": 0, "bbox": {"xmin": 883, "ymin": 256, "ymax": 563, "xmax": 1276}}, {"tid": 1, "generated": 0, "bbox": {"xmin": 289, "ymin": 428, "ymax": 565, "xmax": 519}}, {"tid": 2, "generated": 0, "bbox": {"xmin": 14, "ymin": 1, "ymax": 177, "xmax": 165}}], [{"tid": 0, "generated": 0, "bbox": {"xmin": 885, "ymin": 247, "ymax": 563, "xmax": 1274}}, {"tid": 1, "generated": 0, "bbox": {"xmin": 289, "ymin": 424, "ymax": 563, "xmax": 517}}, {"tid": 2, "generated": 0, "bbox": {"xmin": 14, "ymin": 1, "ymax": 177, "xmax": 165}}], [{"tid": 0, "generated": 0, "bbox": {"xmin": 886, "ymin": 248, "ymax": 565, "xmax": 1276}}, {"tid": 1, "generated": 0, "bbox": {"xmin": 289, "ymin": 423, "ymax": 561, "xmax": 517}}, {"tid": 2, "generated": 0, "bbox": {"xmin": 14, "ymin": 1, "ymax": 177, "xmax": 165}}], [{"tid": 0, "generated": 0, "bbox": {"xmin": 887, "ymin": 250, "ymax": 567, "xmax": 1278}}, {"tid": 1, "generated": 0, "bbox": {"xmin": 289, "ymin": 423, "ymax": 560, "xmax": 522}}, {"tid": 2, "generated": 0, "bbox": {"xmin": 14, "ymin": 1, "ymax": 177, "xmax": 165}}], [{"tid": 0, "generated": 0, "bbox": {"xmin": 890, "ymin": 247, "ymax": 565, "xmax": 1278}}, {"tid": 1, "generated": 0, "bbox": {"xmin": 291, "ymin": 423, "ymax": 563, "xmax": 522}}, {"tid": 2, "generated": 0, "bbox": {"xmin": 14, "ymin": 1, "ymax": 177, "xmax": 165}}], [], [], [], [], [], [], [], [], [], [], [], [], [], [], [], [], [], [], [], [], [], [], [], [], [], [], [], [], [], [], [{"tid": 0, "generated": 0, "bbox": {"xmin": 325, "ymin": 5, "ymax": 394, "xmax": 1150}}, {"tid": 1, "generated": 0, "bbox": {"xmin": 305, "ymin": 432, "ymax": 583, "xmax": 536}}, {"tid": 2, "generated": 0, "bbox": {"xmin": 14, "ymin": 1, "ymax": 177, "xmax": 165}}], [{"tid": 0, "generated": 0, "bbox": {"xmin": 320, "ymin": 5, "ymax": 389, "xmax": 1125}}, {"tid": 1, "generated": 0, "bbox": {"xmin": 306, "ymin": 434, "ymax": 584, "xmax": 538}}, {"tid": 2, "generated": 0, "bbox": {"xmin": 14, "ymin": 1, "ymax": 177, "xmax": 165}}], [{"tid": 0, "generated": 0, "bbox": {"xmin": 312, "ymin": 0, "ymax": 394, "xmax": 1112}}, {"tid": 1, "generated": 0, "bbox": {"xmin": 307, "ymin": 436, "ymax": 586, "xmax": 540}}, {"tid": 2, "generated": 0, "bbox": {"xmin": 14, "ymin": 1, "ymax": 177, "xmax": 165}}], [{"tid": 0, "generated": 0, "bbox": {"xmin": 286, "ymin": 5, "ymax": 398, "xmax": 1066}}, {"tid": 1, "generated": 0, "bbox": {"xmin": 309, "ymin": 439, "ymax": 588, "xmax": 542}}, {"tid": 2, "generated": 0, "bbox": {"xmin": 14, "ymin": 1, "ymax": 177, "xmax": 165}}], [{"tid": 0, "generated": 0, "bbox": {"xmin": 282, "ymin": 5, "ymax": 392, "xmax": 1018}}, {"tid": 1, "generated": 0, "bbox": {"xmin": 311, "ymin": 442, "ymax": 590, "xmax": 544}}, {"tid": 2, "generated": 0, "bbox": {"xmin": 14, "ymin": 1, "ymax": 177, "xmax": 165}}], [{"tid": 0, "generated": 0, "bbox": {"xmin": 279, "ymin": 7, "ymax": 396, "xmax": 993}}, {"tid": 1, "generated": 0, "bbox": {"xmin": 312, "ymin": 446, "ymax": 588, "xmax": 545}}, {"tid": 2, "generated": 0, "bbox": {"xmin": 14, "ymin": 1, "ymax": 177, "xmax": 165}}], [{"tid": 0, "generated": 0, "bbox": {"xmin": 266, "ymin": 5, "ymax": 396, "xmax": 965}}, {"tid": 1, "generated": 0, "bbox": {"xmin": 313, "ymin": 444, "ymax": 587, "xmax": 545}}, {"tid": 2, "generated": 0, "bbox": {"xmin": 14, "ymin": 1, "ymax": 177, "xmax": 165}}], [{"tid": 0, "generated": 0, "bbox": {"xmin": 243, "ymin": 5, "ymax": 392, "xmax": 942}}, {"tid": 1, "generated": 0, "bbox": {"xmin": 314, "ymin": 442, "ymax": 586, "xmax": 545}}, {"tid": 2, "generated": 0, "bbox": {"xmin": 14, "ymin": 1, "ymax": 177, "xmax": 165}}], [{"tid": 0, "generated": 0, "bbox": {"xmin": 231, "ymin": 5, "ymax": 392, "xmax": 904}}, {"tid": 1, "generated": 0, "bbox": {"xmin": 315, "ymin": 441, "ymax": 584, "xmax": 545}}, {"tid": 2, "generated": 0, "bbox": {"xmin": 14, "ymin": 1, "ymax": 177, "xmax": 165}}], [{"tid": 0, "generated": 0, "bbox": {"xmin": 215, "ymin": 5, "ymax": 391, "xmax": 865}}, {"tid": 1, "generated": 0, "bbox": {"xmin": 316, "ymin": 441, "ymax": 583, "xmax": 545}}, {"tid": 2, "generated": 0, "bbox": {"xmin": 14, "ymin": 1, "ymax": 177, "xmax": 165}}], [{"tid": 0, "generated": 0, "bbox": {"xmin": 208, "ymin": 5, "ymax": 394, "xmax": 842}}, {"tid": 1, "generated": 0, "bbox": {"xmin": 317, "ymin": 440, "ymax": 581, "xmax": 546}}, {"tid": 2, "generated": 0, "bbox": {"xmin": 14, "ymin": 1, "ymax": 177, "xmax": 165}}], [{"tid": 0, "generated": 0, "bbox": {"xmin": 206, "ymin": 5, "ymax": 391, "xmax": 812}}, {"tid": 1, "generated": 0, "bbox": {"xmin": 318, "ymin": 440, "ymax": 580, "xmax": 546}}, {"tid": 2, "generated": 0, "bbox": {"xmin": 14, "ymin": 1, "ymax": 177, "xmax": 165}}], [{"tid": 0, "generated": 0, "bbox": {"xmin": 209, "ymin": 5, "ymax": 398, "xmax": 784}}, {"tid": 1, "generated": 0, "bbox": {"xmin": 319, "ymin": 439, "ymax": 578, "xmax": 546}}, {"tid": 2, "generated": 0, "bbox": {"xmin": 14, "ymin": 1, "ymax": 177, "xmax": 165}}], [{"tid": 0, "generated": 0, "bbox": {"xmin": 199, "ymin": 5, "ymax": 389, "xmax": 784}}, {"tid": 1, "generated": 0, "bbox": {"xmin": 320, "ymin": 439, "ymax": 577, "xmax": 547}}, {"tid": 2, "generated": 0, "bbox": {"xmin": 14, "ymin": 1, "ymax": 177, "xmax": 165}}], [{"tid": 0, "generated": 0, "bbox": {"xmin": 188, "ymin": 5, "ymax": 392, "xmax": 782}}, {"tid": 1, "generated": 0, "bbox": {"xmin": 321, "ymin": 439, "ymax": 577, "xmax": 549}}, {"tid": 2, "generated": 0, "bbox": {"xmin": 14, "ymin": 1, "ymax": 177, "xmax": 165}}], [{"tid": 0, "generated": 0, "bbox": {"xmin": 179, "ymin": 5, "ymax": 396, "xmax": 778}}, {"tid": 1, "generated": 0, "bbox": {"xmin": 323, "ymin": 439, "ymax": 577, "xmax": 552}}, {"tid": 2, "generated": 0, "bbox": {"xmin": 14, "ymin": 1, "ymax": 177, "xmax": 165}}], [{"tid": 0, "generated": 0, "bbox": {"xmin": 172, "ymin": 5, "ymax": 392, "xmax": 776}}, {"tid": 1, "generated": 0, "bbox": {"xmin": 323, "ymin": 438, "ymax": 576, "xmax": 552}}, {"tid": 2, "generated": 0, "bbox": {"xmin": 14, "ymin": 1, "ymax": 177, "xmax": 165}}], [{"tid": 0, "generated": 0, "bbox": {"xmin": 154, "ymin": 5, "ymax": 387, "xmax": 775}}, {"tid": 1, "generated": 0, "bbox": {"xmin": 323, "ymin": 437, "ymax": 575, "xmax": 552}}, {"tid": 2, "generated": 0, "bbox": {"xmin": 14, "ymin": 1, "ymax": 177, "xmax": 165}}], [{"tid": 0, "generated": 0, "bbox": {"xmin": 136, "ymin": 3, "ymax": 384, "xmax": 753}}, {"tid": 1, "generated": 0, "bbox": {"xmin": 323, "ymin": 436, "ymax": 574, "xmax": 552}}, {"tid": 2, "generated": 0, "bbox": {"xmin": 14, "ymin": 1, "ymax": 177, "xmax": 165}}], [{"tid": 0, "generated": 0, "bbox": {"xmin": 135, "ymin": 3, "ymax": 380, "xmax": 721}}, {"tid": 1, "generated": 0, "bbox": {"xmin": 323, "ymin": 435, "ymax": 574, "xmax": 552}}, {"tid": 2, "generated": 0, "bbox": {"xmin": 14, "ymin": 1, "ymax": 177, "xmax": 165}}], [{"tid": 0, "generated": 0, "bbox": {"xmin": 119, "ymin": 3, "ymax": 382, "xmax": 679}}, {"tid": 1, "generated": 0, "bbox": {"xmin": 323, "ymin": 430, "ymax": 574, "xmax": 551}}, {"tid": 2, "generated": 0, "bbox": {"xmin": 14, "ymin": 1, "ymax": 177, "xmax": 165}}], [{"tid": 0, "generated": 0, "bbox": {"xmin": 119, "ymin": 3, "ymax": 384, "xmax": 616}}, {"tid": 1, "generated": 0, "bbox": {"xmin": 323, "ymin": 432, "ymax": 572, "xmax": 554}}, {"tid": 2, "generated": 0, "bbox": {"xmin": 14, "ymin": 1, "ymax": 177, "xmax": 165}}], [{"tid": 0, "generated": 0, "bbox": {"xmin": 119, "ymin": 3, "ymax": 376, "xmax": 604}}, {"tid": 1, "generated": 0, "bbox": {"xmin": 323, "ymin": 430, "ymax": 570, "xmax": 558}}, {"tid": 2, "generated": 0, "bbox": {"xmin": 14, "ymin": 1, "ymax": 177, "xmax": 165}}], [{"tid": 0, "generated": 0, "bbox": {"xmin": 120, "ymin": 3, "ymax": 378, "xmax": 593}}, {"tid": 1, "generated": 0, "bbox": {"xmin": 323, "ymin": 430, "ymax": 570, "xmax": 558}}, {"tid": 2, "generated": 0, "bbox": {"xmin": 14, "ymin": 1, "ymax": 177, "xmax": 165}}], [{"tid": 0, "generated": 0, "bbox": {"xmin": 122, "ymin": 3, "ymax": 384, "xmax": 581}}, {"tid": 1, "generated": 0, "bbox": {"xmin": 324, "ymin": 431, "ymax": 571, "xmax": 558}}, {"tid": 2, "generated": 0, "bbox": {"xmin": 14, "ymin": 1, "ymax": 177, "xmax": 165}}], [{"tid": 0, "generated": 0, "bbox": {"xmin": 124, "ymin": 5, "ymax": 380, "xmax": 565}}, {"tid": 1, "generated": 0, "bbox": {"xmin": 325, "ymin": 432, "ymax": 572, "xmax": 558}}, {"tid": 2, "generated": 0, "bbox": {"xmin": 14, "ymin": 1, "ymax": 177, "xmax": 165}}], [{"tid": 0, "generated": 0, "bbox": {"xmin": 112, "ymin": 5, "ymax": 382, "xmax": 554}}, {"tid": 1, "generated": 0, "bbox": {"xmin": 327, "ymin": 431, "ymax": 571, "xmax": 563}}, {"tid": 2, "generated": 0, "bbox": {"xmin": 14, "ymin": 1, "ymax": 177, "xmax": 165}}], [{"tid": 0, "generated": 0, "bbox": {"xmin": 99, "ymin": 5, "ymax": 384, "xmax": 545}}, {"tid": 1, "generated": 0, "bbox": {"xmin": 329, "ymin": 431, "ymax": 570, "xmax": 568}}, {"tid": 2, "generated": 0, "bbox": {"xmin": 14, "ymin": 1, "ymax": 177, "xmax": 165}}], [{"tid": 0, "generated": 0, "bbox": {"xmin": 119, "ymin": 5, "ymax": 378, "xmax": 536}}, {"tid": 1, "generated": 0, "bbox": {"xmin": 331, "ymin": 430, "ymax": 569, "xmax": 573}}, {"tid": 2, "generated": 0, "bbox": {"xmin": 14, "ymin": 1, "ymax": 177, "xmax": 165}}], [{"tid": 0, "generated": 0, "bbox": {"xmin": 119, "ymin": 5, "ymax": 381, "xmax": 530}}, {"tid": 1, "generated": 0, "bbox": {"xmin": 334, "ymin": 430, "ymax": 568, "xmax": 579}}, {"tid": 2, "generated": 0, "bbox": {"xmin": 14, "ymin": 1, "ymax": 177, "xmax": 165}}], [], [], [], [], [], [], [], [], [], [], [], [], [], [], [], [{"tid": 0, "generated": 0, "bbox": {"xmin": 5, "ymin": 5, "ymax": 419, "xmax": 453}}, {"tid": 1, "generated": 0, "bbox": {"xmin": 344, "ymin": 423, "ymax": 558, "xmax": 583}}, {"tid": 2, "generated": 0, "bbox": {"xmin": 14, "ymin": 1, "ymax": 177, "xmax": 165}}], [{"tid": 0, "generated": 0, "bbox": {"xmin": 5, "ymin": 5, "ymax": 426, "xmax": 460}}, {"tid": 1, "generated": 0, "bbox": {"xmin": 344, "ymin": 423, "ymax": 559, "xmax": 581}}, {"tid": 2, "generated": 0, "bbox": {"xmin": 14, "ymin": 1, "ymax": 177, "xmax": 165}}], [{"tid": 0, "generated": 0, "bbox": {"xmin": 5, "ymin": 5, "ymax": 428, "xmax": 442}}, {"tid": 1, "generated": 0, "bbox": {"xmin": 344, "ymin": 423, "ymax": 561, "xmax": 580}}, {"tid": 2, "generated": 0, "bbox": {"xmin": 14, "ymin": 1, "ymax": 177, "xmax": 165}}], [{"tid": 0, "generated": 0, "bbox": {"xmin": 0, "ymin": 5, "ymax": 426, "xmax": 440}}, {"tid": 1, "generated": 0, "bbox": {"xmin": 344, "ymin": 423, "ymax": 563, "xmax": 579}}, {"tid": 2, "generated": 0, "bbox": {"xmin": 14, "ymin": 1, "ymax": 177, "xmax": 165}}], [{"tid": 0, "generated": 0, "bbox": {"xmin": 1, "ymin": 5, "ymax": 426, "xmax": 444}}, {"tid": 1, "generated": 0, "bbox": {"xmin": 344, "ymin": 421, "ymax": 563, "xmax": 579}}, {"tid": 2, "generated": 0, "bbox": {"xmin": 14, "ymin": 1, "ymax": 177, "xmax": 165}}], [{"tid": 0, "generated": 0, "bbox": {"xmin": 5, "ymin": 83, "ymax": 432, "xmax": 439}}, {"tid": 1, "generated": 0, "bbox": {"xmin": 346, "ymin": 419, "ymax": 562, "xmax": 580}}, {"tid": 2, "generated": 0, "bbox": {"xmin": 14, "ymin": 1, "ymax": 177, "xmax": 165}}], [{"tid": 0, "generated": 0, "bbox": {"xmin": 5, "ymin": 92, "ymax": 428, "xmax": 371}}, {"tid": 1, "generated": 0, "bbox": {"xmin": 349, "ymin": 417, "ymax": 561, "xmax": 581}}, {"tid": 2, "generated": 0, "bbox": {"xmin": 14, "ymin": 1, "ymax": 177, "xmax": 165}}], [{"tid": 0, "generated": 0, "bbox": {"xmin": 5, "ymin": 78, "ymax": 428, "xmax": 352}}, {"tid": 1, "generated": 0, "bbox": {"xmin": 352, "ymin": 415, "ymax": 560, "xmax": 582}}, {"tid": 2, "generated": 0, "bbox": {"xmin": 14, "ymin": 1, "ymax": 177, "xmax": 165}}], [{"tid": 0, "generated": 0, "bbox": {"xmin": 3, "ymin": 49, "ymax": 430, "xmax": 332}}, {"tid": 1, "generated": 0, "bbox": {"xmin": 355, "ymin": 414, "ymax": 560, "xmax": 583}}, {"tid": 2, "generated": 0, "bbox": {"xmin": 14, "ymin": 1, "ymax": 177, "xmax": 165}}], [{"tid": 0, "generated": 0, "bbox": {"xmin": 1, "ymin": 46, "ymax": 426, "xmax": 321}}, {"tid": 1, "generated": 0, "bbox": {"xmin": 353, "ymin": 405, "ymax": 560, "xmax": 581}}, {"tid": 2, "generated": 0, "bbox": {"xmin": 14, "ymin": 1, "ymax": 177, "xmax": 165}}], [{"tid": 0, "generated": 0, "bbox": {"xmin": 5, "ymin": 40, "ymax": 417, "xmax": 309}}, {"tid": 1, "generated": 0, "bbox": {"xmin": 353, "ymin": 407, "ymax": 561, "xmax": 584}}, {"tid": 2, "generated": 0, "bbox": {"xmin": 14, "ymin": 1, "ymax": 177, "xmax": 165}}], [{"tid": 0, "generated": 0, "bbox": {"xmin": 5, "ymin": 42, "ymax": 417, "xmax": 296}}, {"tid": 1, "generated": 0, "bbox": {"xmin": 353, "ymin": 403, "ymax": 558, "xmax": 584}}, {"tid": 2, "generated": 0, "bbox": {"xmin": 14, "ymin": 1, "ymax": 177, "xmax": 165}}], [{"tid": 0, "generated": 0, "bbox": {"xmin": 0, "ymin": 42, "ymax": 417, "xmax": 291}}, {"tid": 1, "generated": 0, "bbox": {"xmin": 359, "ymin": 396, "ymax": 556, "xmax": 588}}, {"tid": 2, "generated": 0, "bbox": {"xmin": 14, "ymin": 1, "ymax": 177, "xmax": 165}}], [{"tid": 0, "generated": 0, "bbox": {"xmin": 5, "ymin": 37, "ymax": 416, "xmax": 282}}, {"tid": 1, "generated": 0, "bbox": {"xmin": 359, "ymin": 389, "ymax": 554, "xmax": 586}}, {"tid": 2, "generated": 0, "bbox": {"xmin": 14, "ymin": 1, "ymax": 177, "xmax": 165}}], [{"tid": 0, "generated": 0, "bbox": {"xmin": 5, "ymin": 49, "ymax": 426, "xmax": 289}}, {"tid": 1, "generated": 0, "bbox": {"xmin": 359, "ymin": 387, "ymax": 554, "xmax": 584}}, {"tid": 2, "generated": 0, "bbox": {"xmin": 14, "ymin": 1, "ymax": 177, "xmax": 165}}], [{"tid": 0, "generated": 0, "bbox": {"xmin": 5, "ymin": 55, "ymax": 428, "xmax": 286}}, {"tid": 1, "generated": 0, "bbox": {"xmin": 359, "ymin": 374, "ymax": 556, "xmax": 580}}, {"tid": 2, "generated": 0, "bbox": {"xmin": 14, "ymin": 1, "ymax": 177, "xmax": 165}}], [{"tid": 0, "generated": 0, "bbox": {"xmin": 5, "ymin": 53, "ymax": 433, "xmax": 298}}, {"tid": 1, "generated": 0, "bbox": {"xmin": 359, "ymin": 362, "ymax": 558, "xmax": 577}}, {"tid": 2, "generated": 0, "bbox": {"xmin": 14, "ymin": 1, "ymax": 177, "xmax": 165}}], [{"tid": 0, "generated": 0, "bbox": {"xmin": 5, "ymin": 42, "ymax": 430, "xmax": 277}}, {"tid": 1, "generated": 0, "bbox": {"xmin": 360, "ymin": 382, "ymax": 558, "xmax": 584}}, {"tid": 2, "generated": 0, "bbox": {"xmin": 14, "ymin": 1, "ymax": 177, "xmax": 165}}], [{"tid": 0, "generated": 0, "bbox": {"xmin": 5, "ymin": 28, "ymax": 433, "xmax": 263}}, {"tid": 1, "generated": 0, "bbox": {"xmin": 357, "ymin": 314, "ymax": 552, "xmax": 574}}, {"tid": 2, "generated": 0, "bbox": {"xmin": 14, "ymin": 1, "ymax": 177, "xmax": 165}}], [{"tid": 0, "generated": 0, "bbox": {"xmin": 5, "ymin": 16, "ymax": 423, "xmax": 257}}, {"tid": 1, "generated": 0, "bbox": {"xmin": 358, "ymin": 317, "ymax": 554, "xmax": 575}}, {"tid": 2, "generated": 0, "bbox": {"xmin": 14, "ymin": 1, "ymax": 177, "xmax": 165}}], [{"tid": 0, "generated": 0, "bbox": {"xmin": 5, "ymin": 14, "ymax": 359, "xmax": 257}}, {"tid": 1, "generated": 0, "bbox": {"xmin": 360, "ymin": 321, "ymax": 556, "xmax": 577}}, {"tid": 2, "generated": 0, "bbox": {"xmin": 14, "ymin": 1, "ymax": 177, "xmax": 165}}], [{"tid": 0, "generated": 0, "bbox": {"xmin": 5, "ymin": 17, "ymax": 376, "xmax": 279}}, {"tid": 1, "generated": 0, "bbox": {"xmin": 362, "ymin": 327, "ymax": 560, "xmax": 577}}, {"tid": 2, "generated": 0, "bbox": {"xmin": 14, "ymin": 1, "ymax": 177, "xmax": 165}}], [{"tid": 0, "generated": 0, "bbox": {"xmin": 5, "ymin": 30, "ymax": 289, "xmax": 296}}, {"tid": 1, "generated": 0, "bbox": {"xmin": 366, "ymin": 330, "ymax": 560, "xmax": 579}}, {"tid": 2, "generated": 0, "bbox": {"xmin": 14, "ymin": 1, "ymax": 177, "xmax": 165}}], [{"tid": 0, "generated": 0, "bbox": {"xmin": 5, "ymin": 62, "ymax": 524, "xmax": 300}}, {"tid": 1, "generated": 0, "bbox": {"xmin": 369, "ymin": 330, "ymax": 556, "xmax": 570}}, {"tid": 2, "generated": 0, "bbox": {"xmin": 14, "ymin": 1, "ymax": 177, "xmax": 165}}], [{"tid": 0, "generated": 0, "bbox": {"xmin": 0, "ymin": 94, "ymax": 586, "xmax": 291}}, {"tid": 1, "generated": 0, "bbox": {"xmin": 373, "ymin": 332, "ymax": 554, "xmax": 570}}, {"tid": 2, "generated": 0, "bbox": {"xmin": 14, "ymin": 1, "ymax": 177, "xmax": 165}}], [{"tid": 0, "generated": 0, "bbox": {"xmin": 5, "ymin": 112, "ymax": 602, "xmax": 284}}, {"tid": 1, "generated": 0, "bbox": {"xmin": 381, "ymin": 330, "ymax": 553, "xmax": 604}}, {"tid": 2, "generated": 0, "bbox": {"xmin": 14, "ymin": 1, "ymax": 177, "xmax": 165}}], [{"tid": 0, "generated": 0, "bbox": {"xmin": 5, "ymin": 136, "ymax": 599, "xmax": 298}}, {"tid": 1, "generated": 0, "bbox": {"xmin": 389, "ymin": 328, "ymax": 552, "xmax": 638}}, {"tid": 2, "generated": 0, "bbox": {"xmin": 14, "ymin": 1, "ymax": 177, "xmax": 165}}], [{"tid": 0, "generated": 0, "bbox": {"xmin": 5, "ymin": 144, "ymax": 599, "xmax": 296}}, {"tid": 1, "generated": 0, "bbox": {"xmin": 396, "ymin": 334, "ymax": 554, "xmax": 640}}, {"tid": 2, "generated": 0, "bbox": {"xmin": 14, "ymin": 1, "ymax": 177, "xmax": 165}}], [{"tid": 0, "generated": 0, "bbox": {"xmin": 5, "ymin": 138, "ymax": 602, "xmax": 298}}, {"tid": 1, "generated": 0, "bbox": {"xmin": 396, "ymin": 300, "ymax": 554, "xmax": 656}}, {"tid": 2, "generated": 0, "bbox": {"xmin": 14, "ymin": 1, "ymax": 177, "xmax": 165}}], [{"tid": 0, "generated": 0, "bbox": {"xmin": 5, "ymin": 158, "ymax": 599, "xmax": 282}}, {"tid": 1, "generated": 0, "bbox": {"xmin": 396, "ymin": 304, "ymax": 551, "xmax": 647}}, {"tid": 2, "generated": 0, "bbox": {"xmin": 14, "ymin": 1, "ymax": 177, "xmax": 165}}]], "subject/objects": [{"category": "dog", "tid": 0}, {"category": "snake", "tid": 1}, {"category": "dog", "tid": 2}], "relation_instances": [{"end_fid": 30, "subject_tid": 0, "predicate": "right", "begin_fid": 0, "object_tid": 1}, {"end_fid": 30, "subject_tid": 0, "predicate": "taller", "begin_fid": 0, "object_tid": 1}, {"end_fid": 30, "subject_tid": 0, "predicate": "larger", "begin_fid": 0, "object_tid": 1}, {"end_fid": 30, "subject_tid": 0, "predicate": "fight", "begin_fid": 0, "object_tid": 1}, {"end_fid": 30, "subject_tid": 1, "predicate": "lie_left", "begin_fid": 0, "object_tid": 0}, {"end_fid": 30, "subject_tid": 1, "predicate": "watch", "begin_fid": 0, "object_tid": 0}, {"end_fid": 75, "subject_tid": 0, "predicate": "lie_right", "begin_fid": 45, "object_tid": 1}, {"end_fid": 75, "subject_tid": 0, "predicate": "taller", "begin_fid": 45, "object_tid": 1}, {"end_fid": 75, "subject_tid": 0, "predicate": "larger", "begin_fid": 45, "object_tid": 1}, {"end_fid": 75, "subject_tid": 0, "predicate": "watch", "begin_fid": 45, "object_tid": 1}, {"end_fid": 75, "subject_tid": 1, "predicate": "lie_left", "begin_fid": 45, "object_tid": 0}, {"end_fid": 75, "subject_tid": 1, "predicate": "watch", "begin_fid": 45, "object_tid": 0}, {"end_fid": 135, "subject_tid": 0, "predicate": "walk_behind", "begin_fid": 105, "object_tid": 1}, {"end_fid": 135, "subject_tid": 0, "predicate": "taller", "begin_fid": 105, "object_tid": 1}, {"end_fid": 135, "subject_tid": 0, "predicate": "larger", "begin_fid": 105, "object_tid": 1}, {"end_fid": 135, "subject_tid": 1, "predicate": "lie_front", "begin_fid": 105, "object_tid": 0}, {"end_fid": 135, "subject_tid": 1, "predicate": "watch", "begin_fid": 105, "object_tid": 0}, {"end_fid": 180, "subject_tid": 0, "predicate": "left", "begin_fid": 150, "object_tid": 1}, {"end_fid": 180, "subject_tid": 0, "predicate": "taller", "begin_fid": 150, "object_tid": 1}, {"end_fid": 180, "subject_tid": 0, "predicate": "larger", "begin_fid": 150, "object_tid": 1}, {"end_fid": 180, "subject_tid": 0, "predicate": "fight", "begin_fid": 150, "object_tid": 1}, {"end_fid": 180, "subject_tid": 1, "predicate": "lie_right", "begin_fid": 150, "object_tid": 0}, {"end_fid": 180, "subject_tid": 1, "predicate": "fight", "begin_fid": 150, "object_tid": 0}], "height": 720}