{"width": 480, "frame_count": 1080, "video_id": "ILSVRC2015_train_00896000", "fps": 30, "trajectories": [[{"tid": 0, "generated": 0, "bbox": {"xmin": 114, "ymin": 112, "ymax": 313, "xmax": 418}}, {"tid": 1, "generated": 0, "bbox": {"xmin": 144, "ymin": 78, "ymax": 160, "xmax": 296}}], [{"tid": 0, "generated": 0, "bbox": {"xmin": 113, "ymin": 112, "ymax": 312, "xmax": 417}}, {"tid": 1, "generated": 0, "bbox": {"xmin": 137, "ymin": 78, "ymax": 158, "xmax": 296}}], [{"tid": 0, "generated": 0, "bbox": {"xmin": 112, "ymin": 112, "ymax": 311, "xmax": 416}}, {"tid": 1, "generated": 0, "bbox": {"xmin": 135, "ymin": 78, "ymax": 156, "xmax": 295}}], [{"tid": 0, "generated": 0, "bbox": {"xmin": 111, "ymin": 111, "ymax": 312, "xmax": 420}}, {"tid": 1, "generated": 0, "bbox": {"xmin": 134, "ymin": 78, "ymax": 154, "xmax": 294}}], [{"tid": 0, "generated": 0, "bbox": {"xmin": 110, "ymin": 112, "ymax": 311, "xmax": 418}}, {"tid": 1, "generated": 0, "bbox": {"xmin": 138, "ymin": 78, "ymax": 160, "xmax": 292}}], [{"tid": 0, "generated": 0, "bbox": {"xmin": 110, "ymin": 109, "ymax": 311, "xmax": 416}}, {"tid": 1, "generated": 0, "bbox": {"xmin": 142, "ymin": 78, "ymax": 156, "xmax": 292}}], [{"tid": 0, "generated": 0, "bbox": {"xmin": 110, "ymin": 107, "ymax": 310, "xmax": 416}}, {"tid": 1, "generated": 0, "bbox": {"xmin": 146, "ymin": 78, "ymax": 157, "xmax": 290}}], [{"tid": 0, "generated": 0, "bbox": {"xmin": 111, "ymin": 100, "ymax": 314, "xmax": 416}}, {"tid": 1, "generated": 0, "bbox": {"xmin": 149, "ymin": 76, "ymax": 158, "xmax": 286}}], [{"tid": 0, "generated": 0, "bbox": {"xmin": 112, "ymin": 108, "ymax": 311, "xmax": 416}}, {"tid": 1, "generated": 0, "bbox": {"xmin": 150, "ymin": 76, "ymax": 157, "xmax": 290}}], [{"tid": 0, "generated": 0, "bbox": {"xmin": 114, "ymin": 101, "ymax": 308, "xmax": 417}}, {"tid": 1, "generated": 0, "bbox": {"xmin": 150, "ymin": 76, "ymax": 153, "xmax": 288}}], [{"tid": 0, "generated": 0, "bbox": {"xmin": 116, "ymin": 108, "ymax": 308, "xmax": 416}}, {"tid": 1, "generated": 0, "bbox": {"xmin": 150, "ymin": 76, "ymax": 150, "xmax": 286}}], [{"tid": 0, "generated": 0, "bbox": {"xmin": 119, "ymin": 110, "ymax": 306, "xmax": 414}}, {"tid": 1, "generated": 0, "bbox": {"xmin": 151, "ymin": 76, "ymax": 149, "xmax": 286}}], [{"tid": 0, "generated": 0, "bbox": {"xmin": 122, "ymin": 114, "ymax": 308, "xmax": 414}}, {"tid": 1, "generated": 0, "bbox": {"xmin": 152, "ymin": 76, "ymax": 149, "xmax": 286}}], [{"tid": 0, "generated": 0, "bbox": {"xmin": 125, "ymin": 111, "ymax": 307, "xmax": 414}}, {"tid": 1, "generated": 0, "bbox": {"xmin": 152, "ymin": 76, "ymax": 148, "xmax": 284}}], [{"tid": 0, "generated": 0, "bbox": {"xmin": 126, "ymin": 111, "ymax": 308, "xmax": 419}}, {"tid": 1, "generated": 0, "bbox": {"xmin": 152, "ymin": 76, "ymax": 148, "xmax": 282}}], [{"tid": 0, "generated": 0, "bbox": {"xmin": 127, "ymin": 108, "ymax": 306, "xmax": 418}}, {"tid": 1, "generated": 0, "bbox": {"xmin": 152, "ymin": 74, "ymax": 148, "xmax": 276}}], [{"tid": 0, "generated": 0, "bbox": {"xmin": 130, "ymin": 107, "ymax": 310, "xmax": 424}}, {"tid": 1, "generated": 0, "bbox": {"xmin": 152, "ymin": 73, "ymax": 146, "xmax": 274}}], [{"tid": 0, "generated": 0, "bbox": {"xmin": 132, "ymin": 107, "ymax": 310, "xmax": 424}}, {"tid": 1, "generated": 0, "bbox": {"xmin": 152, "ymin": 71, "ymax": 146, "xmax": 273}}], [{"tid": 0, "generated": 0, "bbox": {"xmin": 131, "ymin": 106, "ymax": 305, "xmax": 421}}, {"tid": 1, "generated": 0, "bbox": {"xmin": 152, "ymin": 70, "ymax": 146, "xmax": 272}}], [{"tid": 0, "generated": 0, "bbox": {"xmin": 131, "ymin": 103, "ymax": 304, "xmax": 420}}, {"tid": 1, "generated": 0, "bbox": {"xmin": 152, "ymin": 69, "ymax": 146, "xmax": 272}}], [{"tid": 0, "generated": 0, "bbox": {"xmin": 132, "ymin": 103, "ymax": 304, "xmax": 419}}, {"tid": 1, "generated": 0, "bbox": {"xmin": 152, "ymin": 68, "ymax": 146, "xmax": 272}}], [{"tid": 0, "generated": 0, "bbox": {"xmin": 131, "ymin": 104, "ymax": 302, "xmax": 416}}, {"tid": 1, "generated": 0, "bbox": {"xmin": 152, "ymin": 66, "ymax": 146, "xmax": 272}}], [{"tid": 0, "generated": 0, "bbox": {"xmin": 130, "ymin": 105, "ymax": 301, "xmax": 413}}, {"tid": 1, "generated": 0, "bbox": {"xmin": 152, "ymin": 64, "ymax": 146, "xmax": 272}}], [{"tid": 0, "generated": 0, "bbox": {"xmin": 130, "ymin": 107, "ymax": 300, "xmax": 411}}, {"tid": 1, "generated": 0, "bbox": {"xmin": 152, "ymin": 62, "ymax": 144, "xmax": 270}}], [{"tid": 0, "generated": 0, "bbox": {"xmin": 126, "ymin": 110, "ymax": 298, "xmax": 404}}, {"tid": 1, "generated": 0, "bbox": {"xmin": 152, "ymin": 59, "ymax": 143, "xmax": 268}}], [{"tid": 0, "generated": 0, "bbox": {"xmin": 123, "ymin": 113, "ymax": 296, "xmax": 397}}, {"tid": 1, "generated": 0, "bbox": {"xmin": 152, "ymin": 64, "ymax": 141, "xmax": 270}}], [{"tid": 0, "generated": 0, "bbox": {"xmin": 120, "ymin": 116, "ymax": 294, "xmax": 391}}, {"tid": 1, "generated": 0, "bbox": {"xmin": 152, "ymin": 54, "ymax": 135, "xmax": 270}}], [{"tid": 0, "generated": 0, "bbox": {"xmin": 118, "ymin": 120, "ymax": 290, "xmax": 381}}, {"tid": 1, "generated": 0, "bbox": {"xmin": 148, "ymin": 52, "ymax": 143, "xmax": 268}}], [{"tid": 0, "generated": 0, "bbox": {"xmin": 117, "ymin": 121, "ymax": 284, "xmax": 372}}, {"tid": 1, "generated": 0, "bbox": {"xmin": 144, "ymin": 52, "ymax": 144, "xmax": 267}}], [{"tid": 0, "generated": 0, "bbox": {"xmin": 116, "ymin": 122, "ymax": 281, "xmax": 369}}, {"tid": 1, "generated": 0, "bbox": {"xmin": 141, "ymin": 50, "ymax": 141, "xmax": 262}}], [], [], [], [], [], [], [], [], [], [], [], [], [], [], [], [], [], [], [], [], [], [], [], [], [], [], [], [], [], [], [], [], [], [], [], [], [], [], [], [], [], [], [], [], [], [], [], [], [], [], [], [], [], [], [], [], [], [], [], [], [{"tid": 0, "generated": 0, "bbox": {"xmin": 168, "ymin": 111, "ymax": 210, "xmax": 300}}, {"tid": 1, "generated": 0, "bbox": {"xmin": 25, "ymin": 95, "ymax": 208, "xmax": 238}}], [{"tid": 0, "generated": 0, "bbox": {"xmin": 170, "ymin": 110, "ymax": 218, "xmax": 302}}, {"tid": 1, "generated": 0, "bbox": {"xmin": 28, "ymin": 96, "ymax": 211, "xmax": 239}}], [{"tid": 0, "generated": 0, "bbox": {"xmin": 173, "ymin": 110, "ymax": 218, "xmax": 302}}, {"tid": 1, "generated": 0, "bbox": {"xmin": 30, "ymin": 98, "ymax": 210, "xmax": 242}}], [{"tid": 0, "generated": 0, "bbox": {"xmin": 174, "ymin": 110, "ymax": 219, "xmax": 303}}, {"tid": 1, "generated": 0, "bbox": {"xmin": 32, "ymin": 98, "ymax": 212, "xmax": 242}}], [{"tid": 0, "generated": 0, "bbox": {"xmin": 173, "ymin": 109, "ymax": 220, "xmax": 308}}, {"tid": 1, "generated": 0, "bbox": {"xmin": 35, "ymin": 98, "ymax": 212, "xmax": 240}}], [{"tid": 0, "generated": 0, "bbox": {"xmin": 178, "ymin": 110, "ymax": 218, "xmax": 306}}, {"tid": 1, "generated": 0, "bbox": {"xmin": 35, "ymin": 98, "ymax": 211, "xmax": 240}}], [{"tid": 0, "generated": 0, "bbox": {"xmin": 180, "ymin": 110, "ymax": 220, "xmax": 309}}, {"tid": 1, "generated": 0, "bbox": {"xmin": 35, "ymin": 98, "ymax": 211, "xmax": 240}}], [{"tid": 0, "generated": 0, "bbox": {"xmin": 182, "ymin": 110, "ymax": 220, "xmax": 310}}, {"tid": 1, "generated": 0, "bbox": {"xmin": 41, "ymin": 97, "ymax": 214, "xmax": 239}}], [{"tid": 0, "generated": 0, "bbox": {"xmin": 178, "ymin": 109, "ymax": 222, "xmax": 312}}, {"tid": 1, "generated": 0, "bbox": {"xmin": 42, "ymin": 96, "ymax": 212, "xmax": 239}}], [{"tid": 0, "generated": 0, "bbox": {"xmin": 180, "ymin": 108, "ymax": 220, "xmax": 309}}, {"tid": 1, "generated": 0, "bbox": {"xmin": 42, "ymin": 93, "ymax": 212, "xmax": 238}}], [{"tid": 0, "generated": 0, "bbox": {"xmin": 182, "ymin": 111, "ymax": 219, "xmax": 308}}, {"tid": 1, "generated": 0, "bbox": {"xmin": 42, "ymin": 91, "ymax": 212, "xmax": 238}}], [{"tid": 0, "generated": 0, "bbox": {"xmin": 182, "ymin": 110, "ymax": 218, "xmax": 310}}, {"tid": 1, "generated": 0, "bbox": {"xmin": 42, "ymin": 89, "ymax": 212, "xmax": 238}}], [{"tid": 0, "generated": 0, "bbox": {"xmin": 181, "ymin": 108, "ymax": 218, "xmax": 308}}, {"tid": 1, "generated": 0, "bbox": {"xmin": 40, "ymin": 88, "ymax": 210, "xmax": 237}}], [{"tid": 0, "generated": 0, "bbox": {"xmin": 181, "ymin": 92, "ymax": 218, "xmax": 309}}, {"tid": 1, "generated": 0, "bbox": {"xmin": 36, "ymin": 88, "ymax": 210, "xmax": 213}}], [{"tid": 0, "generated": 0, "bbox": {"xmin": 180, "ymin": 88, "ymax": 216, "xmax": 310}}, {"tid": 1, "generated": 0, "bbox": {"xmin": 31, "ymin": 83, "ymax": 210, "xmax": 212}}], [{"tid": 0, "generated": 0, "bbox": {"xmin": 182, "ymin": 86, "ymax": 218, "xmax": 308}}, {"tid": 1, "generated": 0, "bbox": {"xmin": 20, "ymin": 83, "ymax": 211, "xmax": 211}}], [{"tid": 0, "generated": 0, "bbox": {"xmin": 185, "ymin": 88, "ymax": 218, "xmax": 310}}, {"tid": 1, "generated": 0, "bbox": {"xmin": 10, "ymin": 83, "ymax": 212, "xmax": 210}}], [{"tid": 0, "generated": 0, "bbox": {"xmin": 184, "ymin": 88, "ymax": 218, "xmax": 313}}, {"tid": 1, "generated": 0, "bbox": {"xmin": 0, "ymin": 81, "ymax": 213, "xmax": 211}}], [{"tid": 0, "generated": 0, "bbox": {"xmin": 185, "ymin": 89, "ymax": 218, "xmax": 313}}, {"tid": 1, "generated": 0, "bbox": {"xmin": 0, "ymin": 80, "ymax": 214, "xmax": 213}}], [{"tid": 0, "generated": 0, "bbox": {"xmin": 186, "ymin": 91, "ymax": 218, "xmax": 314}}, {"tid": 1, "generated": 0, "bbox": {"xmin": 0, "ymin": 80, "ymax": 215, "xmax": 215}}], [{"tid": 0, "generated": 0, "bbox": {"xmin": 189, "ymin": 92, "ymax": 220, "xmax": 315}}, {"tid": 1, "generated": 0, "bbox": {"xmin": 0, "ymin": 80, "ymax": 216, "xmax": 217}}], [{"tid": 0, "generated": 0, "bbox": {"xmin": 192, "ymin": 92, "ymax": 221, "xmax": 314}}, {"tid": 1, "generated": 0, "bbox": {"xmin": 0, "ymin": 80, "ymax": 216, "xmax": 219}}], [{"tid": 0, "generated": 0, "bbox": {"xmin": 191, "ymin": 92, "ymax": 222, "xmax": 314}}, {"tid": 1, "generated": 0, "bbox": {"xmin": 0, "ymin": 80, "ymax": 216, "xmax": 222}}], [{"tid": 0, "generated": 0, "bbox": {"xmin": 193, "ymin": 90, "ymax": 222, "xmax": 318}}, {"tid": 1, "generated": 0, "bbox": {"xmin": 0, "ymin": 79, "ymax": 217, "xmax": 221}}], [{"tid": 0, "generated": 0, "bbox": {"xmin": 194, "ymin": 86, "ymax": 220, "xmax": 321}}, {"tid": 1, "generated": 0, "bbox": {"xmin": 0, "ymin": 79, "ymax": 218, "xmax": 221}}], [{"tid": 0, "generated": 0, "bbox": {"xmin": 197, "ymin": 86, "ymax": 222, "xmax": 323}}, {"tid": 1, "generated": 0, "bbox": {"xmin": 0, "ymin": 78, "ymax": 218, "xmax": 220}}], [{"tid": 0, "generated": 0, "bbox": {"xmin": 196, "ymin": 86, "ymax": 221, "xmax": 324}}, {"tid": 1, "generated": 0, "bbox": {"xmin": 0, "ymin": 78, "ymax": 219, "xmax": 220}}], [{"tid": 0, "generated": 0, "bbox": {"xmin": 196, "ymin": 88, "ymax": 221, "xmax": 322}}, {"tid": 1, "generated": 0, "bbox": {"xmin": 0, "ymin": 80, "ymax": 220, "xmax": 218}}], [{"tid": 0, "generated": 0, "bbox": {"xmin": 195, "ymin": 88, "ymax": 221, "xmax": 323}}, {"tid": 1, "generated": 0, "bbox": {"xmin": 0, "ymin": 80, "ymax": 220, "xmax": 217}}], [{"tid": 0, "generated": 0, "bbox": {"xmin": 195, "ymin": 88, "ymax": 222, "xmax": 324}}, {"tid": 1, "generated": 0, "bbox": {"xmin": 0, "ymin": 80, "ymax": 220, "xmax": 217}}], [], [], [], [], [], [], [], [], [], [], [], [], [], [], [], [], [], [], [], [], [], [], [], [], [], [], [], [], [], [], [], [], [], [], [], [], [], [], [], [], [], [], [], [], [], [], [], [], [], [], [], [], [], [], [], [], [], [], [], [], [{"tid": 0, "generated": 0, "bbox": {"xmin": 120, "ymin": 46, "ymax": 312, "xmax": 471}}, {"tid": 1, "generated": 0, "bbox": {"xmin": 0, "ymin": 36, "ymax": 216, "xmax": 210}}], [{"tid": 0, "generated": 0, "bbox": {"xmin": 118, "ymin": 52, "ymax": 312, "xmax": 478}}, {"tid": 1, "generated": 0, "bbox": {"xmin": 0, "ymin": 34, "ymax": 215, "xmax": 216}}], [{"tid": 0, "generated": 0, "bbox": {"xmin": 126, "ymin": 51, "ymax": 306, "xmax": 478}}, {"tid": 1, "generated": 0, "bbox": {"xmin": 0, "ymin": 34, "ymax": 214, "xmax": 216}}], [{"tid": 0, "generated": 0, "bbox": {"xmin": 123, "ymin": 51, "ymax": 300, "xmax": 478}}, {"tid": 1, "generated": 0, "bbox": {"xmin": 0, "ymin": 31, "ymax": 214, "xmax": 216}}], [{"tid": 0, "generated": 0, "bbox": {"xmin": 122, "ymin": 49, "ymax": 300, "xmax": 477}}, {"tid": 1, "generated": 0, "bbox": {"xmin": 0, "ymin": 30, "ymax": 214, "xmax": 218}}], [{"tid": 0, "generated": 0, "bbox": {"xmin": 122, "ymin": 48, "ymax": 300, "xmax": 476}}, {"tid": 1, "generated": 0, "bbox": {"xmin": 0, "ymin": 30, "ymax": 212, "xmax": 217}}], [{"tid": 0, "generated": 0, "bbox": {"xmin": 122, "ymin": 46, "ymax": 300, "xmax": 478}}, {"tid": 1, "generated": 0, "bbox": {"xmin": 0, "ymin": 30, "ymax": 212, "xmax": 215}}], [{"tid": 0, "generated": 0, "bbox": {"xmin": 112, "ymin": 42, "ymax": 298, "xmax": 476}}, {"tid": 1, "generated": 0, "bbox": {"xmin": 0, "ymin": 30, "ymax": 210, "xmax": 214}}], [{"tid": 0, "generated": 0, "bbox": {"xmin": 108, "ymin": 38, "ymax": 296, "xmax": 479}}, {"tid": 1, "generated": 0, "bbox": {"xmin": 0, "ymin": 30, "ymax": 213, "xmax": 205}}], [{"tid": 0, "generated": 0, "bbox": {"xmin": 107, "ymin": 38, "ymax": 295, "xmax": 478}}, {"tid": 1, "generated": 0, "bbox": {"xmin": 0, "ymin": 29, "ymax": 212, "xmax": 204}}], [{"tid": 0, "generated": 0, "bbox": {"xmin": 110, "ymin": 37, "ymax": 293, "xmax": 476}}, {"tid": 1, "generated": 0, "bbox": {"xmin": 0, "ymin": 29, "ymax": 213, "xmax": 173}}], [{"tid": 0, "generated": 0, "bbox": {"xmin": 110, "ymin": 35, "ymax": 293, "xmax": 474}}, {"tid": 1, "generated": 0, "bbox": {"xmin": 0, "ymin": 26, "ymax": 213, "xmax": 175}}], [{"tid": 0, "generated": 0, "bbox": {"xmin": 113, "ymin": 35, "ymax": 293, "xmax": 472}}, {"tid": 1, "generated": 0, "bbox": {"xmin": 0, "ymin": 28, "ymax": 212, "xmax": 174}}], [{"tid": 0, "generated": 0, "bbox": {"xmin": 121, "ymin": 35, "ymax": 292, "xmax": 471}}, {"tid": 1, "generated": 0, "bbox": {"xmin": 0, "ymin": 29, "ymax": 212, "xmax": 174}}], [{"tid": 0, "generated": 0, "bbox": {"xmin": 125, "ymin": 35, "ymax": 292, "xmax": 470}}, {"tid": 1, "generated": 0, "bbox": {"xmin": 0, "ymin": 30, "ymax": 211, "xmax": 173}}], [{"tid": 0, "generated": 0, "bbox": {"xmin": 128, "ymin": 35, "ymax": 291, "xmax": 468}}, {"tid": 1, "generated": 0, "bbox": {"xmin": 0, "ymin": 33, "ymax": 211, "xmax": 173}}], [{"tid": 0, "generated": 0, "bbox": {"xmin": 135, "ymin": 37, "ymax": 290, "xmax": 466}}, {"tid": 1, "generated": 0, "bbox": {"xmin": 0, "ymin": 36, "ymax": 210, "xmax": 176}}], [{"tid": 0, "generated": 0, "bbox": {"xmin": 139, "ymin": 37, "ymax": 289, "xmax": 464}}, {"tid": 1, "generated": 0, "bbox": {"xmin": 0, "ymin": 39, "ymax": 214, "xmax": 175}}], [{"tid": 0, "generated": 0, "bbox": {"xmin": 138, "ymin": 40, "ymax": 288, "xmax": 464}}, {"tid": 1, "generated": 0, "bbox": {"xmin": 0, "ymin": 44, "ymax": 214, "xmax": 174}}], [{"tid": 0, "generated": 0, "bbox": {"xmin": 138, "ymin": 41, "ymax": 285, "xmax": 463}}, {"tid": 1, "generated": 0, "bbox": {"xmin": 0, "ymin": 50, "ymax": 214, "xmax": 174}}], [{"tid": 0, "generated": 0, "bbox": {"xmin": 138, "ymin": 42, "ymax": 283, "xmax": 462}}, {"tid": 1, "generated": 0, "bbox": {"xmin": 0, "ymin": 54, "ymax": 214, "xmax": 173}}], [{"tid": 0, "generated": 0, "bbox": {"xmin": 138, "ymin": 43, "ymax": 281, "xmax": 461}}, {"tid": 1, "generated": 0, "bbox": {"xmin": 0, "ymin": 59, "ymax": 214, "xmax": 172}}], [{"tid": 0, "generated": 0, "bbox": {"xmin": 135, "ymin": 43, "ymax": 280, "xmax": 460}}, {"tid": 1, "generated": 0, "bbox": {"xmin": 0, "ymin": 64, "ymax": 214, "xmax": 172}}], [{"tid": 0, "generated": 0, "bbox": {"xmin": 133, "ymin": 43, "ymax": 280, "xmax": 460}}, {"tid": 1, "generated": 0, "bbox": {"xmin": 0, "ymin": 72, "ymax": 213, "xmax": 179}}], [{"tid": 0, "generated": 0, "bbox": {"xmin": 130, "ymin": 43, "ymax": 280, "xmax": 458}}, {"tid": 1, "generated": 0, "bbox": {"xmin": 0, "ymin": 69, "ymax": 213, "xmax": 180}}], [{"tid": 0, "generated": 0, "bbox": {"xmin": 127, "ymin": 47, "ymax": 278, "xmax": 456}}, {"tid": 1, "generated": 0, "bbox": {"xmin": 0, "ymin": 73, "ymax": 213, "xmax": 181}}], [{"tid": 0, "generated": 0, "bbox": {"xmin": 124, "ymin": 53, "ymax": 278, "xmax": 454}}, {"tid": 1, "generated": 0, "bbox": {"xmin": 0, "ymin": 73, "ymax": 214, "xmax": 179}}], [{"tid": 0, "generated": 0, "bbox": {"xmin": 123, "ymin": 53, "ymax": 276, "xmax": 465}}, {"tid": 1, "generated": 0, "bbox": {"xmin": 0, "ymin": 73, "ymax": 215, "xmax": 178}}], [{"tid": 0, "generated": 0, "bbox": {"xmin": 121, "ymin": 58, "ymax": 276, "xmax": 463}}, {"tid": 1, "generated": 0, "bbox": {"xmin": 0, "ymin": 73, "ymax": 215, "xmax": 179}}], [{"tid": 0, "generated": 0, "bbox": {"xmin": 120, "ymin": 64, "ymax": 275, "xmax": 466}}, {"tid": 1, "generated": 0, "bbox": {"xmin": 0, "ymin": 73, "ymax": 216, "xmax": 180}}], [], [], [], [], [], [], [], [], [], [], [], [], [], [], [], [{"tid": 0, "generated": 0, "bbox": {"xmin": 178, "ymin": 28, "ymax": 262, "xmax": 477}}, {"tid": 1, "generated": 0, "bbox": {"xmin": 0, "ymin": 25, "ymax": 209, "xmax": 206}}], [{"tid": 0, "generated": 0, "bbox": {"xmin": 182, "ymin": 18, "ymax": 254, "xmax": 476}}, {"tid": 1, "generated": 0, "bbox": {"xmin": 10, "ymin": 14, "ymax": 208, "xmax": 206}}], [{"tid": 0, "generated": 0, "bbox": {"xmin": 184, "ymin": 10, "ymax": 248, "xmax": 479}}, {"tid": 1, "generated": 0, "bbox": {"xmin": 17, "ymin": 0, "ymax": 208, "xmax": 205}}], [{"tid": 0, "generated": 0, "bbox": {"xmin": 184, "ymin": 1, "ymax": 247, "xmax": 477}}, {"tid": 1, "generated": 0, "bbox": {"xmin": 20, "ymin": 0, "ymax": 206, "xmax": 205}}], [{"tid": 0, "generated": 0, "bbox": {"xmin": 187, "ymin": 1, "ymax": 247, "xmax": 474}}, {"tid": 1, "generated": 0, "bbox": {"xmin": 25, "ymin": 0, "ymax": 206, "xmax": 203}}], [{"tid": 0, "generated": 0, "bbox": {"xmin": 195, "ymin": 1, "ymax": 245, "xmax": 469}}, {"tid": 1, "generated": 0, "bbox": {"xmin": 30, "ymin": 0, "ymax": 206, "xmax": 202}}], [{"tid": 0, "generated": 0, "bbox": {"xmin": 189, "ymin": 1, "ymax": 244, "xmax": 463}}, {"tid": 1, "generated": 0, "bbox": {"xmin": 30, "ymin": 0, "ymax": 208, "xmax": 202}}], [{"tid": 0, "generated": 0, "bbox": {"xmin": 188, "ymin": 1, "ymax": 242, "xmax": 456}}, {"tid": 1, "generated": 0, "bbox": {"xmin": 37, "ymin": 0, "ymax": 209, "xmax": 218}}], [{"tid": 0, "generated": 0, "bbox": {"xmin": 190, "ymin": 0, "ymax": 243, "xmax": 456}}, {"tid": 1, "generated": 0, "bbox": {"xmin": 37, "ymin": 0, "ymax": 206, "xmax": 220}}], [{"tid": 0, "generated": 0, "bbox": {"xmin": 190, "ymin": 0, "ymax": 239, "xmax": 454}}, {"tid": 1, "generated": 0, "bbox": {"xmin": 37, "ymin": 0, "ymax": 209, "xmax": 220}}], [{"tid": 0, "generated": 0, "bbox": {"xmin": 159, "ymin": 0, "ymax": 237, "xmax": 444}}, {"tid": 1, "generated": 0, "bbox": {"xmin": 37, "ymin": 3, "ymax": 208, "xmax": 228}}], [{"tid": 0, "generated": 0, "bbox": {"xmin": 149, "ymin": 0, "ymax": 233, "xmax": 446}}, {"tid": 1, "generated": 0, "bbox": {"xmin": 45, "ymin": 8, "ymax": 210, "xmax": 238}}], [{"tid": 0, "generated": 0, "bbox": {"xmin": 147, "ymin": 0, "ymax": 229, "xmax": 443}}, {"tid": 1, "generated": 0, "bbox": {"xmin": 45, "ymin": 15, "ymax": 208, "xmax": 242}}], [{"tid": 0, "generated": 0, "bbox": {"xmin": 146, "ymin": 0, "ymax": 226, "xmax": 440}}, {"tid": 1, "generated": 0, "bbox": {"xmin": 45, "ymin": 15, "ymax": 212, "xmax": 241}}], [{"tid": 0, "generated": 0, "bbox": {"xmin": 145, "ymin": 0, "ymax": 208, "xmax": 396}}, {"tid": 1, "generated": 0, "bbox": {"xmin": 45, "ymin": 15, "ymax": 211, "xmax": 240}}], [{"tid": 0, "generated": 0, "bbox": {"xmin": 145, "ymin": 8, "ymax": 206, "xmax": 398}}, {"tid": 1, "generated": 0, "bbox": {"xmin": 45, "ymin": 15, "ymax": 210, "xmax": 240}}], [{"tid": 0, "generated": 0, "bbox": {"xmin": 145, "ymin": 13, "ymax": 206, "xmax": 398}}, {"tid": 1, "generated": 0, "bbox": {"xmin": 45, "ymin": 15, "ymax": 211, "xmax": 236}}], [{"tid": 0, "generated": 0, "bbox": {"xmin": 147, "ymin": 38, "ymax": 209, "xmax": 406}}, {"tid": 1, "generated": 0, "bbox": {"xmin": 45, "ymin": 65, "ymax": 212, "xmax": 238}}], [{"tid": 0, "generated": 0, "bbox": {"xmin": 146, "ymin": 48, "ymax": 209, "xmax": 405}}, {"tid": 1, "generated": 0, "bbox": {"xmin": 48, "ymin": 65, "ymax": 212, "xmax": 235}}], [{"tid": 0, "generated": 0, "bbox": {"xmin": 146, "ymin": 68, "ymax": 210, "xmax": 411}}, {"tid": 1, "generated": 0, "bbox": {"xmin": 48, "ymin": 67, "ymax": 215, "xmax": 238}}], [{"tid": 0, "generated": 0, "bbox": {"xmin": 154, "ymin": 73, "ymax": 208, "xmax": 416}}, {"tid": 1, "generated": 0, "bbox": {"xmin": 48, "ymin": 69, "ymax": 214, "xmax": 241}}], [{"tid": 0, "generated": 0, "bbox": {"xmin": 159, "ymin": 88, "ymax": 212, "xmax": 412}}, {"tid": 1, "generated": 0, "bbox": {"xmin": 50, "ymin": 73, "ymax": 210, "xmax": 240}}], [{"tid": 0, "generated": 0, "bbox": {"xmin": 171, "ymin": 88, "ymax": 218, "xmax": 411}}, {"tid": 1, "generated": 0, "bbox": {"xmin": 50, "ymin": 77, "ymax": 201, "xmax": 239}}], [{"tid": 0, "generated": 0, "bbox": {"xmin": 174, "ymin": 88, "ymax": 218, "xmax": 377}}, {"tid": 1, "generated": 0, "bbox": {"xmin": 50, "ymin": 80, "ymax": 194, "xmax": 231}}], [{"tid": 0, "generated": 0, "bbox": {"xmin": 184, "ymin": 106, "ymax": 216, "xmax": 369}}, {"tid": 1, "generated": 0, "bbox": {"xmin": 50, "ymin": 81, "ymax": 189, "xmax": 231}}], [{"tid": 0, "generated": 0, "bbox": {"xmin": 183, "ymin": 108, "ymax": 218, "xmax": 337}}, {"tid": 1, "generated": 0, "bbox": {"xmin": 50, "ymin": 79, "ymax": 192, "xmax": 232}}], [{"tid": 0, "generated": 0, "bbox": {"xmin": 182, "ymin": 110, "ymax": 220, "xmax": 334}}, {"tid": 1, "generated": 0, "bbox": {"xmin": 50, "ymin": 78, "ymax": 190, "xmax": 240}}], [{"tid": 0, "generated": 0, "bbox": {"xmin": 182, "ymin": 112, "ymax": 218, "xmax": 330}}, {"tid": 1, "generated": 0, "bbox": {"xmin": 50, "ymin": 78, "ymax": 190, "xmax": 239}}], [{"tid": 0, "generated": 0, "bbox": {"xmin": 181, "ymin": 114, "ymax": 218, "xmax": 332}}, {"tid": 1, "generated": 0, "bbox": {"xmin": 50, "ymin": 77, "ymax": 190, "xmax": 238}}], [{"tid": 0, "generated": 0, "bbox": {"xmin": 180, "ymin": 114, "ymax": 219, "xmax": 330}}, {"tid": 1, "generated": 0, "bbox": {"xmin": 50, "ymin": 76, "ymax": 186, "xmax": 237}}], [], [], [], [], [], [], [], [], [], [], [], [], [], [], [], [{"tid": 0, "generated": 0, "bbox": {"xmin": 205, "ymin": 44, "ymax": 216, "xmax": 334}}, {"tid": 1, "generated": 0, "bbox": {"xmin": 21, "ymin": 64, "ymax": 186, "xmax": 224}}], [{"tid": 0, "generated": 0, "bbox": {"xmin": 204, "ymin": 40, "ymax": 216, "xmax": 333}}, {"tid": 1, "generated": 0, "bbox": {"xmin": 21, "ymin": 64, "ymax": 185, "xmax": 227}}], [{"tid": 0, "generated": 0, "bbox": {"xmin": 203, "ymin": 36, "ymax": 216, "xmax": 332}}, {"tid": 1, "generated": 0, "bbox": {"xmin": 21, "ymin": 64, "ymax": 185, "xmax": 230}}], [{"tid": 0, "generated": 0, "bbox": {"xmin": 203, "ymin": 32, "ymax": 216, "xmax": 331}}, {"tid": 1, "generated": 0, "bbox": {"xmin": 21, "ymin": 66, "ymax": 184, "xmax": 222}}], [{"tid": 0, "generated": 0, "bbox": {"xmin": 203, "ymin": 28, "ymax": 216, "xmax": 331}}, {"tid": 1, "generated": 0, "bbox": {"xmin": 21, "ymin": 66, "ymax": 187, "xmax": 224}}], [{"tid": 0, "generated": 0, "bbox": {"xmin": 186, "ymin": 28, "ymax": 218, "xmax": 330}}, {"tid": 1, "generated": 0, "bbox": {"xmin": 18, "ymin": 67, "ymax": 188, "xmax": 225}}], [{"tid": 0, "generated": 0, "bbox": {"xmin": 182, "ymin": 28, "ymax": 218, "xmax": 329}}, {"tid": 1, "generated": 0, "bbox": {"xmin": 15, "ymin": 69, "ymax": 190, "xmax": 227}}], [{"tid": 0, "generated": 0, "bbox": {"xmin": 166, "ymin": 28, "ymax": 217, "xmax": 328}}, {"tid": 1, "generated": 0, "bbox": {"xmin": 15, "ymin": 72, "ymax": 192, "xmax": 226}}], [{"tid": 0, "generated": 0, "bbox": {"xmin": 160, "ymin": 31, "ymax": 216, "xmax": 327}}, {"tid": 1, "generated": 0, "bbox": {"xmin": 11, "ymin": 73, "ymax": 191, "xmax": 222}}], [{"tid": 0, "generated": 0, "bbox": {"xmin": 172, "ymin": 36, "ymax": 214, "xmax": 326}}, {"tid": 1, "generated": 0, "bbox": {"xmin": 8, "ymin": 74, "ymax": 193, "xmax": 220}}], [{"tid": 0, "generated": 0, "bbox": {"xmin": 171, "ymin": 40, "ymax": 205, "xmax": 328}}, {"tid": 1, "generated": 0, "bbox": {"xmin": 4, "ymin": 74, "ymax": 194, "xmax": 221}}], [{"tid": 0, "generated": 0, "bbox": {"xmin": 202, "ymin": 44, "ymax": 205, "xmax": 328}}, {"tid": 1, "generated": 0, "bbox": {"xmin": 4, "ymin": 72, "ymax": 194, "xmax": 220}}], [{"tid": 0, "generated": 0, "bbox": {"xmin": 203, "ymin": 51, "ymax": 204, "xmax": 330}}, {"tid": 1, "generated": 0, "bbox": {"xmin": 4, "ymin": 72, "ymax": 193, "xmax": 223}}], [{"tid": 0, "generated": 0, "bbox": {"xmin": 204, "ymin": 58, "ymax": 202, "xmax": 328}}, {"tid": 1, "generated": 0, "bbox": {"xmin": 4, "ymin": 72, "ymax": 196, "xmax": 222}}], [{"tid": 0, "generated": 0, "bbox": {"xmin": 203, "ymin": 62, "ymax": 201, "xmax": 327}}, {"tid": 1, "generated": 0, "bbox": {"xmin": 4, "ymin": 68, "ymax": 196, "xmax": 221}}], [{"tid": 0, "generated": 0, "bbox": {"xmin": 202, "ymin": 69, "ymax": 196, "xmax": 327}}, {"tid": 1, "generated": 0, "bbox": {"xmin": 4, "ymin": 66, "ymax": 194, "xmax": 228}}], [{"tid": 0, "generated": 0, "bbox": {"xmin": 200, "ymin": 75, "ymax": 194, "xmax": 327}}, {"tid": 1, "generated": 0, "bbox": {"xmin": 4, "ymin": 65, "ymax": 195, "xmax": 221}}], [{"tid": 0, "generated": 0, "bbox": {"xmin": 201, "ymin": 84, "ymax": 195, "xmax": 326}}, {"tid": 1, "generated": 0, "bbox": {"xmin": 4, "ymin": 65, "ymax": 194, "xmax": 211}}], [{"tid": 0, "generated": 0, "bbox": {"xmin": 200, "ymin": 94, "ymax": 195, "xmax": 325}}, {"tid": 1, "generated": 0, "bbox": {"xmin": 4, "ymin": 64, "ymax": 194, "xmax": 206}}], [{"tid": 0, "generated": 0, "bbox": {"xmin": 201, "ymin": 97, "ymax": 193, "xmax": 327}}, {"tid": 1, "generated": 0, "bbox": {"xmin": 4, "ymin": 64, "ymax": 195, "xmax": 213}}], [{"tid": 0, "generated": 0, "bbox": {"xmin": 201, "ymin": 96, "ymax": 192, "xmax": 324}}, {"tid": 1, "generated": 0, "bbox": {"xmin": 4, "ymin": 67, "ymax": 193, "xmax": 213}}], [{"tid": 0, "generated": 0, "bbox": {"xmin": 200, "ymin": 94, "ymax": 191, "xmax": 330}}, {"tid": 1, "generated": 0, "bbox": {"xmin": 4, "ymin": 67, "ymax": 192, "xmax": 216}}], [{"tid": 0, "generated": 0, "bbox": {"xmin": 200, "ymin": 86, "ymax": 191, "xmax": 334}}, {"tid": 1, "generated": 0, "bbox": {"xmin": 4, "ymin": 67, "ymax": 192, "xmax": 220}}], [{"tid": 0, "generated": 0, "bbox": {"xmin": 201, "ymin": 87, "ymax": 192, "xmax": 336}}, {"tid": 1, "generated": 0, "bbox": {"xmin": 6, "ymin": 74, "ymax": 197, "xmax": 225}}], [{"tid": 0, "generated": 0, "bbox": {"xmin": 211, "ymin": 84, "ymax": 190, "xmax": 340}}, {"tid": 1, "generated": 0, "bbox": {"xmin": 1, "ymin": 76, "ymax": 194, "xmax": 236}}], [{"tid": 0, "generated": 0, "bbox": {"xmin": 210, "ymin": 86, "ymax": 193, "xmax": 346}}, {"tid": 1, "generated": 0, "bbox": {"xmin": 0, "ymin": 79, "ymax": 194, "xmax": 242}}], [{"tid": 0, "generated": 0, "bbox": {"xmin": 210, "ymin": 86, "ymax": 193, "xmax": 345}}, {"tid": 1, "generated": 0, "bbox": {"xmin": 0, "ymin": 80, "ymax": 194, "xmax": 246}}], [{"tid": 0, "generated": 0, "bbox": {"xmin": 214, "ymin": 83, "ymax": 192, "xmax": 352}}, {"tid": 1, "generated": 0, "bbox": {"xmin": 0, "ymin": 81, "ymax": 195, "xmax": 248}}], [{"tid": 0, "generated": 0, "bbox": {"xmin": 213, "ymin": 76, "ymax": 192, "xmax": 350}}, {"tid": 1, "generated": 0, "bbox": {"xmin": 0, "ymin": 79, "ymax": 194, "xmax": 252}}], [{"tid": 0, "generated": 0, "bbox": {"xmin": 212, "ymin": 72, "ymax": 192, "xmax": 352}}, {"tid": 1, "generated": 0, "bbox": {"xmin": 0, "ymin": 72, "ymax": 194, "xmax": 252}}], [{"tid": 0, "generated": 0, "bbox": {"xmin": 207, "ymin": 72, "ymax": 191, "xmax": 352}}, {"tid": 1, "generated": 0, "bbox": {"xmin": 0, "ymin": 67, "ymax": 195, "xmax": 252}}], [{"tid": 0, "generated": 0, "bbox": {"xmin": 206, "ymin": 77, "ymax": 191, "xmax": 352}}, {"tid": 1, "generated": 0, "bbox": {"xmin": 0, "ymin": 63, "ymax": 195, "xmax": 252}}], [{"tid": 0, "generated": 0, "bbox": {"xmin": 206, "ymin": 83, "ymax": 191, "xmax": 353}}, {"tid": 1, "generated": 0, "bbox": {"xmin": 0, "ymin": 60, "ymax": 195, "xmax": 251}}], [{"tid": 0, "generated": 0, "bbox": {"xmin": 205, "ymin": 89, "ymax": 191, "xmax": 353}}, {"tid": 1, "generated": 0, "bbox": {"xmin": 0, "ymin": 56, "ymax": 195, "xmax": 250}}], [{"tid": 0, "generated": 0, "bbox": {"xmin": 205, "ymin": 95, "ymax": 191, "xmax": 354}}, {"tid": 1, "generated": 0, "bbox": {"xmin": 0, "ymin": 56, "ymax": 194, "xmax": 247}}], [{"tid": 0, "generated": 0, "bbox": {"xmin": 205, "ymin": 101, "ymax": 191, "xmax": 355}}, {"tid": 1, "generated": 0, "bbox": {"xmin": 0, "ymin": 54, "ymax": 196, "xmax": 241}}], [{"tid": 0, "generated": 0, "bbox": {"xmin": 205, "ymin": 100, "ymax": 192, "xmax": 356}}, {"tid": 1, "generated": 0, "bbox": {"xmin": 0, "ymin": 51, "ymax": 197, "xmax": 240}}], [{"tid": 0, "generated": 0, "bbox": {"xmin": 205, "ymin": 94, "ymax": 192, "xmax": 356}}, {"tid": 1, "generated": 0, "bbox": {"xmin": 0, "ymin": 47, "ymax": 197, "xmax": 240}}], [{"tid": 0, "generated": 0, "bbox": {"xmin": 205, "ymin": 92, "ymax": 193, "xmax": 356}}, {"tid": 1, "generated": 0, "bbox": {"xmin": 2, "ymin": 42, "ymax": 196, "xmax": 239}}], [{"tid": 0, "generated": 0, "bbox": {"xmin": 205, "ymin": 90, "ymax": 194, "xmax": 357}}, {"tid": 1, "generated": 0, "bbox": {"xmin": 5, "ymin": 37, "ymax": 196, "xmax": 239}}], [{"tid": 0, "generated": 0, "bbox": {"xmin": 205, "ymin": 91, "ymax": 194, "xmax": 358}}, {"tid": 1, "generated": 0, "bbox": {"xmin": 8, "ymin": 33, "ymax": 196, "xmax": 239}}], [{"tid": 0, "generated": 0, "bbox": {"xmin": 205, "ymin": 88, "ymax": 195, "xmax": 358}}, {"tid": 1, "generated": 0, "bbox": {"xmin": 10, "ymin": 28, "ymax": 196, "xmax": 239}}], [{"tid": 0, "generated": 0, "bbox": {"xmin": 205, "ymin": 91, "ymax": 196, "xmax": 359}}, {"tid": 1, "generated": 0, "bbox": {"xmin": 13, "ymin": 23, "ymax": 196, "xmax": 239}}], [{"tid": 0, "generated": 0, "bbox": {"xmin": 205, "ymin": 90, "ymax": 196, "xmax": 360}}, {"tid": 1, "generated": 0, "bbox": {"xmin": 16, "ymin": 19, "ymax": 196, "xmax": 239}}], [{"tid": 0, "generated": 0, "bbox": {"xmin": 205, "ymin": 88, "ymax": 196, "xmax": 360}}, {"tid": 1, "generated": 0, "bbox": {"xmin": 20, "ymin": 14, "ymax": 197, "xmax": 240}}], [{"tid": 0, "generated": 0, "bbox": {"xmin": 204, "ymin": 88, "ymax": 193, "xmax": 360}}, {"tid": 1, "generated": 0, "bbox": {"xmin": 22, "ymin": 10, "ymax": 195, "xmax": 243}}], [{"tid": 0, "generated": 0, "bbox": {"xmin": 204, "ymin": 88, "ymax": 194, "xmax": 364}}, {"tid": 1, "generated": 0, "bbox": {"xmin": 27, "ymin": 7, "ymax": 196, "xmax": 248}}], [{"tid": 0, "generated": 0, "bbox": {"xmin": 203, "ymin": 88, "ymax": 194, "xmax": 366}}, {"tid": 1, "generated": 0, "bbox": {"xmin": 28, "ymin": 2, "ymax": 198, "xmax": 257}}], [{"tid": 0, "generated": 0, "bbox": {"xmin": 206, "ymin": 88, "ymax": 196, "xmax": 366}}, {"tid": 1, "generated": 0, "bbox": {"xmin": 2, "ymin": 0, "ymax": 202, "xmax": 265}}], [{"tid": 0, "generated": 0, "bbox": {"xmin": 205, "ymin": 88, "ymax": 195, "xmax": 372}}, {"tid": 1, "generated": 0, "bbox": {"xmin": 40, "ymin": 0, "ymax": 201, "xmax": 265}}], [{"tid": 0, "generated": 0, "bbox": {"xmin": 205, "ymin": 88, "ymax": 194, "xmax": 377}}, {"tid": 1, "generated": 0, "bbox": {"xmin": 40, "ymin": 0, "ymax": 200, "xmax": 265}}], [{"tid": 0, "generated": 0, "bbox": {"xmin": 206, "ymin": 88, "ymax": 194, "xmax": 382}}, {"tid": 1, "generated": 0, "bbox": {"xmin": 40, "ymin": 0, "ymax": 200, "xmax": 264}}], [{"tid": 0, "generated": 0, "bbox": {"xmin": 208, "ymin": 88, "ymax": 195, "xmax": 384}}, {"tid": 1, "generated": 0, "bbox": {"xmin": 58, "ymin": 0, "ymax": 196, "xmax": 265}}], [{"tid": 0, "generated": 0, "bbox": {"xmin": 211, "ymin": 88, "ymax": 193, "xmax": 384}}, {"tid": 1, "generated": 0, "bbox": {"xmin": 58, "ymin": 0, "ymax": 195, "xmax": 270}}], [{"tid": 0, "generated": 0, "bbox": {"xmin": 215, "ymin": 88, "ymax": 192, "xmax": 384}}, {"tid": 1, "generated": 0, "bbox": {"xmin": 70, "ymin": 0, "ymax": 194, "xmax": 275}}], [{"tid": 0, "generated": 0, "bbox": {"xmin": 224, "ymin": 88, "ymax": 191, "xmax": 384}}, {"tid": 1, "generated": 0, "bbox": {"xmin": 77, "ymin": 0, "ymax": 193, "xmax": 275}}], [{"tid": 0, "generated": 0, "bbox": {"xmin": 232, "ymin": 88, "ymax": 190, "xmax": 384}}, {"tid": 1, "generated": 0, "bbox": {"xmin": 82, "ymin": 0, "ymax": 192, "xmax": 277}}], [{"tid": 0, "generated": 0, "bbox": {"xmin": 232, "ymin": 88, "ymax": 192, "xmax": 392}}, {"tid": 1, "generated": 0, "bbox": {"xmin": 85, "ymin": 2, "ymax": 193, "xmax": 276}}], [{"tid": 0, "generated": 0, "bbox": {"xmin": 238, "ymin": 88, "ymax": 193, "xmax": 382}}, {"tid": 1, "generated": 0, "bbox": {"xmin": 90, "ymin": 12, "ymax": 192, "xmax": 282}}], [{"tid": 0, "generated": 0, "bbox": {"xmin": 237, "ymin": 88, "ymax": 193, "xmax": 380}}, {"tid": 1, "generated": 0, "bbox": {"xmin": 94, "ymin": 16, "ymax": 190, "xmax": 288}}], [{"tid": 0, "generated": 0, "bbox": {"xmin": 241, "ymin": 88, "ymax": 192, "xmax": 392}}, {"tid": 1, "generated": 0, "bbox": {"xmin": 105, "ymin": 23, "ymax": 180, "xmax": 286}}], [{"tid": 0, "generated": 0, "bbox": {"xmin": 245, "ymin": 90, "ymax": 194, "xmax": 393}}, {"tid": 1, "generated": 0, "bbox": {"xmin": 116, "ymin": 29, "ymax": 172, "xmax": 291}}], [{"tid": 0, "generated": 0, "bbox": {"xmin": 239, "ymin": 86, "ymax": 190, "xmax": 390}}, {"tid": 1, "generated": 0, "bbox": {"xmin": 126, "ymin": 38, "ymax": 170, "xmax": 294}}], [{"tid": 0, "generated": 0, "bbox": {"xmin": 242, "ymin": 86, "ymax": 192, "xmax": 389}}, {"tid": 1, "generated": 0, "bbox": {"xmin": 129, "ymin": 40, "ymax": 168, "xmax": 298}}], [{"tid": 0, "generated": 0, "bbox": {"xmin": 242, "ymin": 92, "ymax": 194, "xmax": 391}}, {"tid": 1, "generated": 0, "bbox": {"xmin": 129, "ymin": 46, "ymax": 170, "xmax": 300}}], [{"tid": 0, "generated": 0, "bbox": {"xmin": 241, "ymin": 84, "ymax": 194, "xmax": 390}}, {"tid": 1, "generated": 0, "bbox": {"xmin": 129, "ymin": 55, "ymax": 169, "xmax": 304}}], [{"tid": 0, "generated": 0, "bbox": {"xmin": 247, "ymin": 84, "ymax": 197, "xmax": 389}}, {"tid": 1, "generated": 0, "bbox": {"xmin": 130, "ymin": 66, "ymax": 169, "xmax": 303}}], [{"tid": 0, "generated": 0, "bbox": {"xmin": 246, "ymin": 84, "ymax": 197, "xmax": 391}}, {"tid": 1, "generated": 0, "bbox": {"xmin": 130, "ymin": 72, "ymax": 168, "xmax": 304}}], [{"tid": 0, "generated": 0, "bbox": {"xmin": 246, "ymin": 84, "ymax": 197, "xmax": 394}}, {"tid": 1, "generated": 0, "bbox": {"xmin": 130, "ymin": 80, "ymax": 168, "xmax": 304}}], [{"tid": 0, "generated": 0, "bbox": {"xmin": 248, "ymin": 87, "ymax": 196, "xmax": 392}}, {"tid": 1, "generated": 0, "bbox": {"xmin": 137, "ymin": 79, "ymax": 170, "xmax": 304}}], [{"tid": 0, "generated": 0, "bbox": {"xmin": 247, "ymin": 87, "ymax": 198, "xmax": 389}}, {"tid": 1, "generated": 0, "bbox": {"xmin": 138, "ymin": 78, "ymax": 168, "xmax": 306}}], [{"tid": 0, "generated": 0, "bbox": {"xmin": 246, "ymin": 110, "ymax": 198, "xmax": 391}}, {"tid": 1, "generated": 0, "bbox": {"xmin": 138, "ymin": 78, "ymax": 171, "xmax": 303}}], [{"tid": 0, "generated": 0, "bbox": {"xmin": 248, "ymin": 105, "ymax": 197, "xmax": 395}}, {"tid": 1, "generated": 0, "bbox": {"xmin": 142, "ymin": 77, "ymax": 170, "xmax": 302}}], [{"tid": 0, "generated": 0, "bbox": {"xmin": 252, "ymin": 106, "ymax": 195, "xmax": 390}}, {"tid": 1, "generated": 0, "bbox": {"xmin": 146, "ymin": 77, "ymax": 174, "xmax": 302}}], [{"tid": 0, "generated": 0, "bbox": {"xmin": 208, "ymin": 106, "ymax": 196, "xmax": 389}}, {"tid": 1, "generated": 0, "bbox": {"xmin": 157, "ymin": 76, "ymax": 180, "xmax": 302}}], [{"tid": 0, "generated": 0, "bbox": {"xmin": 207, "ymin": 106, "ymax": 194, "xmax": 387}}, {"tid": 1, "generated": 0, "bbox": {"xmin": 165, "ymin": 76, "ymax": 182, "xmax": 302}}], [{"tid": 0, "generated": 0, "bbox": {"xmin": 206, "ymin": 107, "ymax": 194, "xmax": 386}}, {"tid": 1, "generated": 0, "bbox": {"xmin": 170, "ymin": 76, "ymax": 184, "xmax": 301}}], [{"tid": 0, "generated": 0, "bbox": {"xmin": 206, "ymin": 102, "ymax": 194, "xmax": 386}}, {"tid": 1, "generated": 0, "bbox": {"xmin": 176, "ymin": 76, "ymax": 186, "xmax": 300}}], [{"tid": 0, "generated": 0, "bbox": {"xmin": 206, "ymin": 107, "ymax": 193, "xmax": 388}}, {"tid": 1, "generated": 0, "bbox": {"xmin": 181, "ymin": 76, "ymax": 185, "xmax": 299}}], [{"tid": 0, "generated": 0, "bbox": {"xmin": 204, "ymin": 107, "ymax": 192, "xmax": 387}}, {"tid": 1, "generated": 0, "bbox": {"xmin": 187, "ymin": 76, "ymax": 184, "xmax": 298}}], [{"tid": 0, "generated": 0, "bbox": {"xmin": 203, "ymin": 106, "ymax": 192, "xmax": 386}}, {"tid": 1, "generated": 0, "bbox": {"xmin": 188, "ymin": 76, "ymax": 184, "xmax": 297}}], [{"tid": 0, "generated": 0, "bbox": {"xmin": 202, "ymin": 109, "ymax": 192, "xmax": 386}}, {"tid": 1, "generated": 0, "bbox": {"xmin": 189, "ymin": 77, "ymax": 185, "xmax": 296}}], [{"tid": 0, "generated": 0, "bbox": {"xmin": 198, "ymin": 106, "ymax": 192, "xmax": 386}}, {"tid": 1, "generated": 0, "bbox": {"xmin": 190, "ymin": 78, "ymax": 186, "xmax": 296}}], [{"tid": 0, "generated": 0, "bbox": {"xmin": 197, "ymin": 107, "ymax": 192, "xmax": 384}}, {"tid": 1, "generated": 0, "bbox": {"xmin": 189, "ymin": 77, "ymax": 186, "xmax": 291}}], [{"tid": 0, "generated": 0, "bbox": {"xmin": 196, "ymin": 109, "ymax": 192, "xmax": 382}}, {"tid": 1, "generated": 0, "bbox": {"xmin": 188, "ymin": 80, "ymax": 186, "xmax": 292}}], [{"tid": 0, "generated": 0, "bbox": {"xmin": 196, "ymin": 108, "ymax": 189, "xmax": 380}}, {"tid": 1, "generated": 0, "bbox": {"xmin": 186, "ymin": 79, "ymax": 187, "xmax": 291}}], [{"tid": 0, "generated": 0, "bbox": {"xmin": 195, "ymin": 106, "ymax": 188, "xmax": 378}}, {"tid": 1, "generated": 0, "bbox": {"xmin": 185, "ymin": 80, "ymax": 186, "xmax": 290}}], [{"tid": 0, "generated": 0, "bbox": {"xmin": 193, "ymin": 106, "ymax": 188, "xmax": 375}}, {"tid": 1, "generated": 0, "bbox": {"xmin": 184, "ymin": 81, "ymax": 186, "xmax": 288}}], [{"tid": 0, "generated": 0, "bbox": {"xmin": 192, "ymin": 106, "ymax": 188, "xmax": 372}}, {"tid": 1, "generated": 0, "bbox": {"xmin": 184, "ymin": 82, "ymax": 186, "xmax": 287}}], [{"tid": 0, "generated": 0, "bbox": {"xmin": 190, "ymin": 104, "ymax": 186, "xmax": 370}}, {"tid": 1, "generated": 0, "bbox": {"xmin": 179, "ymin": 82, "ymax": 187, "xmax": 288}}], [{"tid": 0, "generated": 0, "bbox": {"xmin": 188, "ymin": 103, "ymax": 185, "xmax": 368}}, {"tid": 1, "generated": 0, "bbox": {"xmin": 178, "ymin": 84, "ymax": 186, "xmax": 287}}], [{"tid": 0, "generated": 0, "bbox": {"xmin": 187, "ymin": 106, "ymax": 183, "xmax": 365}}, {"tid": 1, "generated": 0, "bbox": {"xmin": 175, "ymin": 84, "ymax": 188, "xmax": 288}}], [{"tid": 0, "generated": 0, "bbox": {"xmin": 185, "ymin": 106, "ymax": 183, "xmax": 364}}, {"tid": 1, "generated": 0, "bbox": {"xmin": 174, "ymin": 84, "ymax": 188, "xmax": 288}}], [{"tid": 0, "generated": 0, "bbox": {"xmin": 184, "ymin": 106, "ymax": 183, "xmax": 364}}, {"tid": 1, "generated": 0, "bbox": {"xmin": 174, "ymin": 84, "ymax": 188, "xmax": 288}}], [{"tid": 0, "generated": 0, "bbox": {"xmin": 183, "ymin": 106, "ymax": 183, "xmax": 363}}, {"tid": 1, "generated": 0, "bbox": {"xmin": 173, "ymin": 84, "ymax": 191, "xmax": 290}}], [{"tid": 0, "generated": 0, "bbox": {"xmin": 182, "ymin": 106, "ymax": 183, "xmax": 362}}, {"tid": 1, "generated": 0, "bbox": {"xmin": 176, "ymin": 84, "ymax": 190, "xmax": 292}}], [{"tid": 0, "generated": 0, "bbox": {"xmin": 181, "ymin": 106, "ymax": 182, "xmax": 362}}, {"tid": 1, "generated": 0, "bbox": {"xmin": 176, "ymin": 83, "ymax": 189, "xmax": 290}}], [{"tid": 0, "generated": 0, "bbox": {"xmin": 178, "ymin": 106, "ymax": 182, "xmax": 362}}, {"tid": 1, "generated": 0, "bbox": {"xmin": 175, "ymin": 82, "ymax": 191, "xmax": 289}}], [{"tid": 0, "generated": 0, "bbox": {"xmin": 178, "ymin": 106, "ymax": 185, "xmax": 362}}, {"tid": 1, "generated": 0, "bbox": {"xmin": 174, "ymin": 82, "ymax": 192, "xmax": 290}}], [{"tid": 0, "generated": 0, "bbox": {"xmin": 177, "ymin": 106, "ymax": 184, "xmax": 358}}, {"tid": 1, "generated": 0, "bbox": {"xmin": 174, "ymin": 83, "ymax": 190, "xmax": 290}}], [{"tid": 0, "generated": 0, "bbox": {"xmin": 174, "ymin": 106, "ymax": 182, "xmax": 355}}, {"tid": 1, "generated": 0, "bbox": {"xmin": 170, "ymin": 82, "ymax": 188, "xmax": 290}}], [{"tid": 0, "generated": 0, "bbox": {"xmin": 176, "ymin": 106, "ymax": 181, "xmax": 354}}, {"tid": 1, "generated": 0, "bbox": {"xmin": 166, "ymin": 85, "ymax": 185, "xmax": 291}}], [{"tid": 0, "generated": 0, "bbox": {"xmin": 174, "ymin": 105, "ymax": 178, "xmax": 353}}, {"tid": 1, "generated": 0, "bbox": {"xmin": 160, "ymin": 84, "ymax": 184, "xmax": 293}}], [{"tid": 0, "generated": 0, "bbox": {"xmin": 187, "ymin": 112, "ymax": 173, "xmax": 350}}, {"tid": 1, "generated": 0, "bbox": {"xmin": 156, "ymin": 84, "ymax": 182, "xmax": 292}}], [{"tid": 0, "generated": 0, "bbox": {"xmin": 185, "ymin": 111, "ymax": 174, "xmax": 351}}, {"tid": 1, "generated": 0, "bbox": {"xmin": 152, "ymin": 83, "ymax": 181, "xmax": 292}}], [], [], [], [], [], [], [], [], [], [], [], [], [], [], [], [], [], [], [], [], [], [], [], [], [], [], [], [], [], [], [], [], [], [], [], [], [], [], [], [], [], [], [], [], [], [], [], [], [], [], [], [], [], [], [], [], [], [], [], [], [], [], [], [], [], [], [], [], [], [], [], [], [], [], [], [], [], [], [], [], [], [], [], [], [], [], [], [], [], [], [], [], [], [], [], [], [], [], [], [], [], [], [], [], [], [{"tid": 0, "generated": 0, "bbox": {"xmin": 178, "ymin": 106, "ymax": 182, "xmax": 284}}, {"tid": 1, "generated": 0, "bbox": {"xmin": 116, "ymin": 74, "ymax": 166, "xmax": 222}}], [{"tid": 0, "generated": 0, "bbox": {"xmin": 184, "ymin": 106, "ymax": 187, "xmax": 283}}, {"tid": 1, "generated": 0, "bbox": {"xmin": 120, "ymin": 75, "ymax": 166, "xmax": 224}}], [{"tid": 0, "generated": 0, "bbox": {"xmin": 183, "ymin": 106, "ymax": 186, "xmax": 282}}, {"tid": 1, "generated": 0, "bbox": {"xmin": 120, "ymin": 75, "ymax": 166, "xmax": 228}}], [{"tid": 0, "generated": 0, "bbox": {"xmin": 182, "ymin": 106, "ymax": 186, "xmax": 282}}, {"tid": 1, "generated": 0, "bbox": {"xmin": 122, "ymin": 75, "ymax": 166, "xmax": 232}}], [{"tid": 0, "generated": 0, "bbox": {"xmin": 185, "ymin": 106, "ymax": 185, "xmax": 280}}, {"tid": 1, "generated": 0, "bbox": {"xmin": 122, "ymin": 75, "ymax": 167, "xmax": 234}}], [{"tid": 0, "generated": 0, "bbox": {"xmin": 188, "ymin": 106, "ymax": 185, "xmax": 279}}, {"tid": 1, "generated": 0, "bbox": {"xmin": 122, "ymin": 75, "ymax": 168, "xmax": 236}}], [{"tid": 0, "generated": 0, "bbox": {"xmin": 194, "ymin": 104, "ymax": 180, "xmax": 281}}, {"tid": 1, "generated": 0, "bbox": {"xmin": 122, "ymin": 76, "ymax": 168, "xmax": 236}}], [{"tid": 0, "generated": 0, "bbox": {"xmin": 196, "ymin": 104, "ymax": 180, "xmax": 280}}, {"tid": 1, "generated": 0, "bbox": {"xmin": 122, "ymin": 78, "ymax": 168, "xmax": 238}}], [{"tid": 0, "generated": 0, "bbox": {"xmin": 200, "ymin": 104, "ymax": 183, "xmax": 279}}, {"tid": 1, "generated": 0, "bbox": {"xmin": 124, "ymin": 78, "ymax": 168, "xmax": 236}}], [{"tid": 0, "generated": 0, "bbox": {"xmin": 200, "ymin": 104, "ymax": 183, "xmax": 278}}, {"tid": 1, "generated": 0, "bbox": {"xmin": 126, "ymin": 79, "ymax": 167, "xmax": 236}}], [{"tid": 0, "generated": 0, "bbox": {"xmin": 202, "ymin": 104, "ymax": 182, "xmax": 280}}, {"tid": 1, "generated": 0, "bbox": {"xmin": 126, "ymin": 79, "ymax": 169, "xmax": 235}}], [{"tid": 0, "generated": 0, "bbox": {"xmin": 202, "ymin": 104, "ymax": 182, "xmax": 280}}, {"tid": 1, "generated": 0, "bbox": {"xmin": 126, "ymin": 79, "ymax": 168, "xmax": 234}}], [{"tid": 0, "generated": 0, "bbox": {"xmin": 202, "ymin": 104, "ymax": 183, "xmax": 280}}, {"tid": 1, "generated": 0, "bbox": {"xmin": 128, "ymin": 78, "ymax": 167, "xmax": 234}}], [{"tid": 0, "generated": 0, "bbox": {"xmin": 202, "ymin": 104, "ymax": 183, "xmax": 281}}, {"tid": 1, "generated": 0, "bbox": {"xmin": 130, "ymin": 78, "ymax": 167, "xmax": 234}}], [{"tid": 0, "generated": 0, "bbox": {"xmin": 202, "ymin": 104, "ymax": 183, "xmax": 282}}, {"tid": 1, "generated": 0, "bbox": {"xmin": 135, "ymin": 78, "ymax": 168, "xmax": 239}}], [{"tid": 0, "generated": 0, "bbox": {"xmin": 202, "ymin": 104, "ymax": 182, "xmax": 281}}, {"tid": 1, "generated": 0, "bbox": {"xmin": 135, "ymin": 78, "ymax": 167, "xmax": 240}}], [{"tid": 0, "generated": 0, "bbox": {"xmin": 203, "ymin": 104, "ymax": 182, "xmax": 281}}, {"tid": 1, "generated": 0, "bbox": {"xmin": 140, "ymin": 77, "ymax": 166, "xmax": 240}}], [{"tid": 0, "generated": 0, "bbox": {"xmin": 203, "ymin": 104, "ymax": 182, "xmax": 280}}, {"tid": 1, "generated": 0, "bbox": {"xmin": 142, "ymin": 76, "ymax": 165, "xmax": 240}}], [{"tid": 0, "generated": 0, "bbox": {"xmin": 204, "ymin": 104, "ymax": 182, "xmax": 280}}, {"tid": 1, "generated": 0, "bbox": {"xmin": 144, "ymin": 76, "ymax": 164, "xmax": 240}}], [{"tid": 0, "generated": 0, "bbox": {"xmin": 205, "ymin": 104, "ymax": 182, "xmax": 280}}, {"tid": 1, "generated": 0, "bbox": {"xmin": 146, "ymin": 76, "ymax": 166, "xmax": 239}}], [{"tid": 0, "generated": 0, "bbox": {"xmin": 203, "ymin": 104, "ymax": 182, "xmax": 282}}, {"tid": 1, "generated": 0, "bbox": {"xmin": 146, "ymin": 76, "ymax": 166, "xmax": 238}}], [{"tid": 0, "generated": 0, "bbox": {"xmin": 204, "ymin": 102, "ymax": 181, "xmax": 285}}, {"tid": 1, "generated": 0, "bbox": {"xmin": 150, "ymin": 78, "ymax": 165, "xmax": 238}}], [{"tid": 0, "generated": 0, "bbox": {"xmin": 204, "ymin": 100, "ymax": 182, "xmax": 282}}, {"tid": 1, "generated": 0, "bbox": {"xmin": 150, "ymin": 77, "ymax": 167, "xmax": 237}}], [{"tid": 0, "generated": 0, "bbox": {"xmin": 204, "ymin": 98, "ymax": 184, "xmax": 281}}, {"tid": 1, "generated": 0, "bbox": {"xmin": 150, "ymin": 76, "ymax": 167, "xmax": 237}}], [{"tid": 0, "generated": 0, "bbox": {"xmin": 203, "ymin": 98, "ymax": 183, "xmax": 282}}, {"tid": 1, "generated": 0, "bbox": {"xmin": 150, "ymin": 76, "ymax": 167, "xmax": 237}}], [{"tid": 0, "generated": 0, "bbox": {"xmin": 202, "ymin": 98, "ymax": 183, "xmax": 283}}, {"tid": 1, "generated": 0, "bbox": {"xmin": 150, "ymin": 76, "ymax": 168, "xmax": 238}}], [{"tid": 0, "generated": 0, "bbox": {"xmin": 201, "ymin": 98, "ymax": 183, "xmax": 282}}, {"tid": 1, "generated": 0, "bbox": {"xmin": 150, "ymin": 76, "ymax": 167, "xmax": 239}}], [{"tid": 0, "generated": 0, "bbox": {"xmin": 200, "ymin": 98, "ymax": 183, "xmax": 281}}, {"tid": 1, "generated": 0, "bbox": {"xmin": 150, "ymin": 76, "ymax": 167, "xmax": 240}}], [{"tid": 0, "generated": 0, "bbox": {"xmin": 199, "ymin": 98, "ymax": 183, "xmax": 281}}, {"tid": 1, "generated": 0, "bbox": {"xmin": 150, "ymin": 76, "ymax": 167, "xmax": 241}}], [{"tid": 0, "generated": 0, "bbox": {"xmin": 198, "ymin": 99, "ymax": 182, "xmax": 278}}, {"tid": 1, "generated": 0, "bbox": {"xmin": 150, "ymin": 76, "ymax": 167, "xmax": 242}}], [], [], [], [], [], [], [], [], [], [], [], [], [], [], [], [], [], [], [], [], [], [], [], [], [], [], [], [], [], [], [{"tid": 0, "generated": 0, "bbox": {"xmin": 169, "ymin": 94, "ymax": 224, "xmax": 258}}, {"tid": 1, "generated": 0, "bbox": {"xmin": 148, "ymin": 80, "ymax": 164, "xmax": 243}}], [{"tid": 0, "generated": 0, "bbox": {"xmin": 169, "ymin": 132, "ymax": 228, "xmax": 256}}, {"tid": 1, "generated": 0, "bbox": {"xmin": 147, "ymin": 80, "ymax": 164, "xmax": 244}}], [{"tid": 0, "generated": 0, "bbox": {"xmin": 169, "ymin": 128, "ymax": 296, "xmax": 259}}, {"tid": 1, "generated": 0, "bbox": {"xmin": 147, "ymin": 80, "ymax": 167, "xmax": 243}}], [{"tid": 0, "generated": 0, "bbox": {"xmin": 170, "ymin": 120, "ymax": 301, "xmax": 259}}, {"tid": 1, "generated": 0, "bbox": {"xmin": 147, "ymin": 80, "ymax": 167, "xmax": 243}}], [{"tid": 0, "generated": 0, "bbox": {"xmin": 170, "ymin": 133, "ymax": 308, "xmax": 260}}, {"tid": 1, "generated": 0, "bbox": {"xmin": 147, "ymin": 80, "ymax": 168, "xmax": 244}}], [{"tid": 0, "generated": 0, "bbox": {"xmin": 169, "ymin": 141, "ymax": 306, "xmax": 262}}, {"tid": 1, "generated": 0, "bbox": {"xmin": 147, "ymin": 80, "ymax": 166, "xmax": 246}}], [{"tid": 0, "generated": 0, "bbox": {"xmin": 170, "ymin": 137, "ymax": 283, "xmax": 260}}, {"tid": 1, "generated": 0, "bbox": {"xmin": 147, "ymin": 82, "ymax": 167, "xmax": 243}}], [{"tid": 0, "generated": 0, "bbox": {"xmin": 168, "ymin": 139, "ymax": 290, "xmax": 262}}, {"tid": 1, "generated": 0, "bbox": {"xmin": 147, "ymin": 84, "ymax": 168, "xmax": 241}}], [{"tid": 0, "generated": 0, "bbox": {"xmin": 168, "ymin": 141, "ymax": 289, "xmax": 262}}, {"tid": 1, "generated": 0, "bbox": {"xmin": 147, "ymin": 86, "ymax": 170, "xmax": 239}}], [{"tid": 0, "generated": 0, "bbox": {"xmin": 170, "ymin": 143, "ymax": 307, "xmax": 262}}, {"tid": 1, "generated": 0, "bbox": {"xmin": 148, "ymin": 88, "ymax": 172, "xmax": 242}}], [{"tid": 0, "generated": 0, "bbox": {"xmin": 171, "ymin": 146, "ymax": 314, "xmax": 264}}, {"tid": 1, "generated": 0, "bbox": {"xmin": 150, "ymin": 88, "ymax": 172, "xmax": 246}}], [{"tid": 0, "generated": 0, "bbox": {"xmin": 170, "ymin": 148, "ymax": 317, "xmax": 267}}, {"tid": 1, "generated": 0, "bbox": {"xmin": 152, "ymin": 90, "ymax": 172, "xmax": 243}}], [{"tid": 0, "generated": 0, "bbox": {"xmin": 172, "ymin": 151, "ymax": 312, "xmax": 267}}, {"tid": 1, "generated": 0, "bbox": {"xmin": 154, "ymin": 93, "ymax": 176, "xmax": 250}}], [{"tid": 0, "generated": 0, "bbox": {"xmin": 172, "ymin": 150, "ymax": 318, "xmax": 271}}, {"tid": 1, "generated": 0, "bbox": {"xmin": 154, "ymin": 92, "ymax": 175, "xmax": 252}}], [{"tid": 0, "generated": 0, "bbox": {"xmin": 174, "ymin": 148, "ymax": 318, "xmax": 272}}, {"tid": 1, "generated": 0, "bbox": {"xmin": 154, "ymin": 92, "ymax": 174, "xmax": 253}}], [{"tid": 0, "generated": 0, "bbox": {"xmin": 172, "ymin": 146, "ymax": 316, "xmax": 271}}, {"tid": 1, "generated": 0, "bbox": {"xmin": 154, "ymin": 91, "ymax": 172, "xmax": 255}}], [{"tid": 0, "generated": 0, "bbox": {"xmin": 170, "ymin": 142, "ymax": 314, "xmax": 274}}, {"tid": 1, "generated": 0, "bbox": {"xmin": 156, "ymin": 90, "ymax": 170, "xmax": 258}}], [{"tid": 0, "generated": 0, "bbox": {"xmin": 174, "ymin": 139, "ymax": 315, "xmax": 275}}, {"tid": 1, "generated": 0, "bbox": {"xmin": 155, "ymin": 90, "ymax": 172, "xmax": 258}}], [{"tid": 0, "generated": 0, "bbox": {"xmin": 173, "ymin": 138, "ymax": 314, "xmax": 275}}, {"tid": 1, "generated": 0, "bbox": {"xmin": 158, "ymin": 89, "ymax": 170, "xmax": 260}}], [{"tid": 0, "generated": 0, "bbox": {"xmin": 171, "ymin": 138, "ymax": 310, "xmax": 274}}, {"tid": 1, "generated": 0, "bbox": {"xmin": 157, "ymin": 88, "ymax": 168, "xmax": 259}}], [{"tid": 0, "generated": 0, "bbox": {"xmin": 169, "ymin": 137, "ymax": 310, "xmax": 274}}, {"tid": 1, "generated": 0, "bbox": {"xmin": 156, "ymin": 86, "ymax": 168, "xmax": 258}}], [{"tid": 0, "generated": 0, "bbox": {"xmin": 167, "ymin": 136, "ymax": 308, "xmax": 274}}, {"tid": 1, "generated": 0, "bbox": {"xmin": 156, "ymin": 86, "ymax": 166, "xmax": 258}}], [{"tid": 0, "generated": 0, "bbox": {"xmin": 166, "ymin": 136, "ymax": 306, "xmax": 276}}, {"tid": 1, "generated": 0, "bbox": {"xmin": 156, "ymin": 86, "ymax": 164, "xmax": 258}}], [{"tid": 0, "generated": 0, "bbox": {"xmin": 166, "ymin": 139, "ymax": 308, "xmax": 274}}, {"tid": 1, "generated": 0, "bbox": {"xmin": 158, "ymin": 85, "ymax": 162, "xmax": 260}}], [{"tid": 0, "generated": 0, "bbox": {"xmin": 164, "ymin": 141, "ymax": 311, "xmax": 276}}, {"tid": 1, "generated": 0, "bbox": {"xmin": 157, "ymin": 84, "ymax": 161, "xmax": 258}}], [{"tid": 0, "generated": 0, "bbox": {"xmin": 164, "ymin": 142, "ymax": 310, "xmax": 276}}, {"tid": 1, "generated": 0, "bbox": {"xmin": 156, "ymin": 83, "ymax": 160, "xmax": 257}}], [{"tid": 0, "generated": 0, "bbox": {"xmin": 164, "ymin": 141, "ymax": 312, "xmax": 276}}, {"tid": 1, "generated": 0, "bbox": {"xmin": 156, "ymin": 82, "ymax": 160, "xmax": 257}}], [{"tid": 0, "generated": 0, "bbox": {"xmin": 166, "ymin": 138, "ymax": 314, "xmax": 277}}, {"tid": 1, "generated": 0, "bbox": {"xmin": 156, "ymin": 82, "ymax": 160, "xmax": 257}}], [{"tid": 0, "generated": 0, "bbox": {"xmin": 168, "ymin": 137, "ymax": 316, "xmax": 276}}, {"tid": 1, "generated": 0, "bbox": {"xmin": 156, "ymin": 82, "ymax": 159, "xmax": 255}}], [{"tid": 0, "generated": 0, "bbox": {"xmin": 170, "ymin": 134, "ymax": 317, "xmax": 277}}, {"tid": 1, "generated": 0, "bbox": {"xmin": 156, "ymin": 82, "ymax": 159, "xmax": 254}}], [], [], [], [], [], [], [], [], [], [], [], [], [], [], [], [], [], [], [], [], [], [], [], [], [], [], [], [], [], [], [], [], [], [], [], [], [], [], [], [], [], [], [], [], [], [], [], [], [], [], [], [], [], [], [], [], [], [], [], [], [], [], [], [], [], [], [], [], [], [], [], [], [], [], [], [{"tid": 0, "generated": 0, "bbox": {"xmin": 79, "ymin": 139, "ymax": 220, "xmax": 244}}, {"tid": 1, "generated": 0, "bbox": {"xmin": 180, "ymin": 87, "ymax": 174, "xmax": 289}}], [{"tid": 0, "generated": 0, "bbox": {"xmin": 71, "ymin": 156, "ymax": 222, "xmax": 244}}, {"tid": 1, "generated": 0, "bbox": {"xmin": 180, "ymin": 89, "ymax": 175, "xmax": 289}}], [{"tid": 0, "generated": 0, "bbox": {"xmin": 49, "ymin": 157, "ymax": 224, "xmax": 242}}, {"tid": 1, "generated": 0, "bbox": {"xmin": 179, "ymin": 88, "ymax": 177, "xmax": 289}}], [{"tid": 0, "generated": 0, "bbox": {"xmin": 46, "ymin": 156, "ymax": 222, "xmax": 240}}, {"tid": 1, "generated": 0, "bbox": {"xmin": 172, "ymin": 88, "ymax": 176, "xmax": 288}}], [{"tid": 0, "generated": 0, "bbox": {"xmin": 30, "ymin": 116, "ymax": 244, "xmax": 238}}, {"tid": 1, "generated": 0, "bbox": {"xmin": 182, "ymin": 88, "ymax": 173, "xmax": 289}}], [{"tid": 0, "generated": 0, "bbox": {"xmin": 23, "ymin": 113, "ymax": 266, "xmax": 258}}, {"tid": 1, "generated": 0, "bbox": {"xmin": 181, "ymin": 89, "ymax": 175, "xmax": 287}}], [{"tid": 0, "generated": 0, "bbox": {"xmin": 16, "ymin": 110, "ymax": 265, "xmax": 256}}, {"tid": 1, "generated": 0, "bbox": {"xmin": 182, "ymin": 88, "ymax": 173, "xmax": 287}}], [{"tid": 0, "generated": 0, "bbox": {"xmin": 16, "ymin": 116, "ymax": 259, "xmax": 256}}, {"tid": 1, "generated": 0, "bbox": {"xmin": 182, "ymin": 86, "ymax": 174, "xmax": 289}}], [{"tid": 0, "generated": 0, "bbox": {"xmin": 16, "ymin": 123, "ymax": 253, "xmax": 256}}, {"tid": 1, "generated": 0, "bbox": {"xmin": 182, "ymin": 86, "ymax": 174, "xmax": 289}}], [{"tid": 0, "generated": 0, "bbox": {"xmin": 16, "ymin": 125, "ymax": 252, "xmax": 256}}, {"tid": 1, "generated": 0, "bbox": {"xmin": 182, "ymin": 84, "ymax": 174, "xmax": 290}}], [{"tid": 0, "generated": 0, "bbox": {"xmin": 18, "ymin": 124, "ymax": 248, "xmax": 254}}, {"tid": 1, "generated": 0, "bbox": {"xmin": 183, "ymin": 84, "ymax": 175, "xmax": 289}}], [{"tid": 0, "generated": 0, "bbox": {"xmin": 21, "ymin": 124, "ymax": 244, "xmax": 252}}, {"tid": 1, "generated": 0, "bbox": {"xmin": 184, "ymin": 84, "ymax": 177, "xmax": 288}}], [{"tid": 0, "generated": 0, "bbox": {"xmin": 27, "ymin": 126, "ymax": 242, "xmax": 249}}, {"tid": 1, "generated": 0, "bbox": {"xmin": 183, "ymin": 82, "ymax": 178, "xmax": 290}}], [{"tid": 0, "generated": 0, "bbox": {"xmin": 40, "ymin": 126, "ymax": 240, "xmax": 249}}, {"tid": 1, "generated": 0, "bbox": {"xmin": 184, "ymin": 81, "ymax": 176, "xmax": 290}}], [{"tid": 0, "generated": 0, "bbox": {"xmin": 40, "ymin": 126, "ymax": 238, "xmax": 246}}, {"tid": 1, "generated": 0, "bbox": {"xmin": 187, "ymin": 80, "ymax": 176, "xmax": 289}}], [{"tid": 0, "generated": 0, "bbox": {"xmin": 54, "ymin": 125, "ymax": 240, "xmax": 246}}, {"tid": 1, "generated": 0, "bbox": {"xmin": 190, "ymin": 80, "ymax": 176, "xmax": 288}}], [{"tid": 0, "generated": 0, "bbox": {"xmin": 61, "ymin": 124, "ymax": 241, "xmax": 246}}, {"tid": 1, "generated": 0, "bbox": {"xmin": 194, "ymin": 80, "ymax": 176, "xmax": 288}}], [{"tid": 0, "generated": 0, "bbox": {"xmin": 69, "ymin": 124, "ymax": 242, "xmax": 246}}, {"tid": 1, "generated": 0, "bbox": {"xmin": 195, "ymin": 80, "ymax": 177, "xmax": 288}}], [{"tid": 0, "generated": 0, "bbox": {"xmin": 73, "ymin": 121, "ymax": 243, "xmax": 247}}, {"tid": 1, "generated": 0, "bbox": {"xmin": 196, "ymin": 80, "ymax": 178, "xmax": 289}}], [{"tid": 0, "generated": 0, "bbox": {"xmin": 87, "ymin": 122, "ymax": 246, "xmax": 248}}, {"tid": 1, "generated": 0, "bbox": {"xmin": 197, "ymin": 80, "ymax": 178, "xmax": 290}}], [{"tid": 0, "generated": 0, "bbox": {"xmin": 91, "ymin": 118, "ymax": 249, "xmax": 246}}, {"tid": 1, "generated": 0, "bbox": {"xmin": 196, "ymin": 79, "ymax": 178, "xmax": 290}}], [{"tid": 0, "generated": 0, "bbox": {"xmin": 106, "ymin": 117, "ymax": 250, "xmax": 245}}, {"tid": 1, "generated": 0, "bbox": {"xmin": 196, "ymin": 79, "ymax": 178, "xmax": 290}}], [{"tid": 0, "generated": 0, "bbox": {"xmin": 118, "ymin": 116, "ymax": 256, "xmax": 250}}, {"tid": 1, "generated": 0, "bbox": {"xmin": 196, "ymin": 79, "ymax": 178, "xmax": 290}}], [{"tid": 0, "generated": 0, "bbox": {"xmin": 126, "ymin": 116, "ymax": 262, "xmax": 248}}, {"tid": 1, "generated": 0, "bbox": {"xmin": 196, "ymin": 79, "ymax": 178, "xmax": 290}}], [{"tid": 0, "generated": 0, "bbox": {"xmin": 136, "ymin": 107, "ymax": 263, "xmax": 246}}, {"tid": 1, "generated": 0, "bbox": {"xmin": 198, "ymin": 78, "ymax": 177, "xmax": 290}}], [{"tid": 0, "generated": 0, "bbox": {"xmin": 141, "ymin": 108, "ymax": 260, "xmax": 252}}, {"tid": 1, "generated": 0, "bbox": {"xmin": 200, "ymin": 78, "ymax": 176, "xmax": 290}}], [{"tid": 0, "generated": 0, "bbox": {"xmin": 146, "ymin": 108, "ymax": 247, "xmax": 254}}, {"tid": 1, "generated": 0, "bbox": {"xmin": 203, "ymin": 78, "ymax": 176, "xmax": 290}}], [{"tid": 0, "generated": 0, "bbox": {"xmin": 149, "ymin": 114, "ymax": 239, "xmax": 256}}, {"tid": 1, "generated": 0, "bbox": {"xmin": 210, "ymin": 79, "ymax": 178, "xmax": 288}}], [{"tid": 0, "generated": 0, "bbox": {"xmin": 157, "ymin": 121, "ymax": 234, "xmax": 259}}, {"tid": 1, "generated": 0, "bbox": {"xmin": 201, "ymin": 78, "ymax": 176, "xmax": 287}}], [{"tid": 0, "generated": 0, "bbox": {"xmin": 162, "ymin": 122, "ymax": 222, "xmax": 263}}, {"tid": 1, "generated": 0, "bbox": {"xmin": 200, "ymin": 78, "ymax": 178, "xmax": 290}}], [], [], [], [], [], [], [], [], [], [], [], [], [], [], [], [], [], [], [], [], [], [], [], [], [], [], [], [], [], [], [], [], [], [], [], [], [], [], [], [], [], [], [], [], [], [{"tid": 0, "generated": 0, "bbox": {"xmin": 136, "ymin": 134, "ymax": 206, "xmax": 335}}, {"tid": 1, "generated": 0, "bbox": {"xmin": 164, "ymin": 90, "ymax": 181, "xmax": 286}}], [{"tid": 0, "generated": 0, "bbox": {"xmin": 135, "ymin": 130, "ymax": 205, "xmax": 335}}, {"tid": 1, "generated": 0, "bbox": {"xmin": 163, "ymin": 90, "ymax": 180, "xmax": 286}}], [{"tid": 0, "generated": 0, "bbox": {"xmin": 134, "ymin": 126, "ymax": 204, "xmax": 336}}, {"tid": 1, "generated": 0, "bbox": {"xmin": 162, "ymin": 89, "ymax": 178, "xmax": 290}}], [{"tid": 0, "generated": 0, "bbox": {"xmin": 131, "ymin": 116, "ymax": 203, "xmax": 334}}, {"tid": 1, "generated": 0, "bbox": {"xmin": 162, "ymin": 88, "ymax": 175, "xmax": 289}}], [{"tid": 0, "generated": 0, "bbox": {"xmin": 130, "ymin": 114, "ymax": 202, "xmax": 337}}, {"tid": 1, "generated": 0, "bbox": {"xmin": 162, "ymin": 88, "ymax": 172, "xmax": 288}}], [{"tid": 0, "generated": 0, "bbox": {"xmin": 128, "ymin": 107, "ymax": 204, "xmax": 336}}, {"tid": 1, "generated": 0, "bbox": {"xmin": 162, "ymin": 88, "ymax": 170, "xmax": 288}}], [{"tid": 0, "generated": 0, "bbox": {"xmin": 126, "ymin": 104, "ymax": 201, "xmax": 338}}, {"tid": 1, "generated": 0, "bbox": {"xmin": 162, "ymin": 88, "ymax": 169, "xmax": 291}}], [{"tid": 0, "generated": 0, "bbox": {"xmin": 124, "ymin": 104, "ymax": 202, "xmax": 340}}, {"tid": 1, "generated": 0, "bbox": {"xmin": 161, "ymin": 88, "ymax": 162, "xmax": 291}}], [{"tid": 0, "generated": 0, "bbox": {"xmin": 118, "ymin": 112, "ymax": 201, "xmax": 348}}, {"tid": 1, "generated": 0, "bbox": {"xmin": 160, "ymin": 87, "ymax": 160, "xmax": 292}}], [{"tid": 0, "generated": 0, "bbox": {"xmin": 117, "ymin": 118, "ymax": 204, "xmax": 350}}, {"tid": 1, "generated": 0, "bbox": {"xmin": 159, "ymin": 87, "ymax": 158, "xmax": 293}}], [{"tid": 0, "generated": 0, "bbox": {"xmin": 118, "ymin": 123, "ymax": 209, "xmax": 352}}, {"tid": 1, "generated": 0, "bbox": {"xmin": 156, "ymin": 86, "ymax": 159, "xmax": 295}}], [{"tid": 0, "generated": 0, "bbox": {"xmin": 115, "ymin": 122, "ymax": 209, "xmax": 351}}, {"tid": 1, "generated": 0, "bbox": {"xmin": 156, "ymin": 86, "ymax": 160, "xmax": 296}}], [{"tid": 0, "generated": 0, "bbox": {"xmin": 113, "ymin": 122, "ymax": 210, "xmax": 350}}, {"tid": 1, "generated": 0, "bbox": {"xmin": 156, "ymin": 86, "ymax": 161, "xmax": 297}}], [{"tid": 0, "generated": 0, "bbox": {"xmin": 111, "ymin": 119, "ymax": 214, "xmax": 342}}, {"tid": 1, "generated": 0, "bbox": {"xmin": 156, "ymin": 86, "ymax": 163, "xmax": 298}}], [{"tid": 0, "generated": 0, "bbox": {"xmin": 110, "ymin": 117, "ymax": 219, "xmax": 335}}, {"tid": 1, "generated": 0, "bbox": {"xmin": 156, "ymin": 86, "ymax": 164, "xmax": 299}}], [{"tid": 0, "generated": 0, "bbox": {"xmin": 110, "ymin": 122, "ymax": 224, "xmax": 329}}, {"tid": 1, "generated": 0, "bbox": {"xmin": 156, "ymin": 86, "ymax": 165, "xmax": 300}}], [{"tid": 0, "generated": 0, "bbox": {"xmin": 109, "ymin": 118, "ymax": 227, "xmax": 322}}, {"tid": 1, "generated": 0, "bbox": {"xmin": 156, "ymin": 86, "ymax": 167, "xmax": 301}}], [{"tid": 0, "generated": 0, "bbox": {"xmin": 108, "ymin": 122, "ymax": 241, "xmax": 314}}, {"tid": 1, "generated": 0, "bbox": {"xmin": 158, "ymin": 85, "ymax": 166, "xmax": 301}}], [{"tid": 0, "generated": 0, "bbox": {"xmin": 109, "ymin": 124, "ymax": 242, "xmax": 304}}, {"tid": 1, "generated": 0, "bbox": {"xmin": 160, "ymin": 84, "ymax": 166, "xmax": 301}}], [{"tid": 0, "generated": 0, "bbox": {"xmin": 110, "ymin": 126, "ymax": 244, "xmax": 299}}, {"tid": 1, "generated": 0, "bbox": {"xmin": 163, "ymin": 83, "ymax": 166, "xmax": 301}}], [{"tid": 0, "generated": 0, "bbox": {"xmin": 111, "ymin": 126, "ymax": 240, "xmax": 295}}, {"tid": 1, "generated": 0, "bbox": {"xmin": 165, "ymin": 82, "ymax": 166, "xmax": 301}}], [{"tid": 0, "generated": 0, "bbox": {"xmin": 112, "ymin": 131, "ymax": 239, "xmax": 302}}, {"tid": 1, "generated": 0, "bbox": {"xmin": 168, "ymin": 81, "ymax": 166, "xmax": 301}}], [{"tid": 0, "generated": 0, "bbox": {"xmin": 113, "ymin": 142, "ymax": 239, "xmax": 303}}, {"tid": 1, "generated": 0, "bbox": {"xmin": 174, "ymin": 82, "ymax": 168, "xmax": 302}}], [{"tid": 0, "generated": 0, "bbox": {"xmin": 114, "ymin": 134, "ymax": 239, "xmax": 304}}, {"tid": 1, "generated": 0, "bbox": {"xmin": 178, "ymin": 81, "ymax": 168, "xmax": 301}}], [{"tid": 0, "generated": 0, "bbox": {"xmin": 116, "ymin": 133, "ymax": 240, "xmax": 298}}, {"tid": 1, "generated": 0, "bbox": {"xmin": 182, "ymin": 80, "ymax": 165, "xmax": 301}}], [{"tid": 0, "generated": 0, "bbox": {"xmin": 115, "ymin": 131, "ymax": 238, "xmax": 297}}, {"tid": 1, "generated": 0, "bbox": {"xmin": 191, "ymin": 80, "ymax": 165, "xmax": 301}}], [{"tid": 0, "generated": 0, "bbox": {"xmin": 118, "ymin": 130, "ymax": 235, "xmax": 296}}, {"tid": 1, "generated": 0, "bbox": {"xmin": 196, "ymin": 79, "ymax": 162, "xmax": 299}}], [{"tid": 0, "generated": 0, "bbox": {"xmin": 122, "ymin": 119, "ymax": 230, "xmax": 298}}, {"tid": 1, "generated": 0, "bbox": {"xmin": 198, "ymin": 78, "ymax": 161, "xmax": 298}}], [{"tid": 0, "generated": 0, "bbox": {"xmin": 123, "ymin": 117, "ymax": 229, "xmax": 297}}, {"tid": 1, "generated": 0, "bbox": {"xmin": 197, "ymin": 78, "ymax": 161, "xmax": 298}}], [{"tid": 0, "generated": 0, "bbox": {"xmin": 124, "ymin": 115, "ymax": 228, "xmax": 296}}, {"tid": 1, "generated": 0, "bbox": {"xmin": 197, "ymin": 78, "ymax": 162, "xmax": 298}}], [], [], [], [], [], [], [], [], [], [], [], [], [], [], [], [], [], [], [], [], [], [], [], [], [], [], [], [], [], [], [], [], [], [], [], [], [], [], [], [], [], [], [], [], [], [{"tid": 0, "generated": 0, "bbox": {"xmin": 182, "ymin": 142, "ymax": 206, "xmax": 295}}, {"tid": 1, "generated": 0, "bbox": {"xmin": 154, "ymin": 100, "ymax": 171, "xmax": 293}}], [{"tid": 0, "generated": 0, "bbox": {"xmin": 181, "ymin": 139, "ymax": 206, "xmax": 290}}, {"tid": 1, "generated": 0, "bbox": {"xmin": 154, "ymin": 98, "ymax": 167, "xmax": 286}}], [{"tid": 0, "generated": 0, "bbox": {"xmin": 181, "ymin": 140, "ymax": 206, "xmax": 269}}, {"tid": 1, "generated": 0, "bbox": {"xmin": 152, "ymin": 96, "ymax": 160, "xmax": 288}}], [{"tid": 0, "generated": 0, "bbox": {"xmin": 182, "ymin": 142, "ymax": 208, "xmax": 266}}, {"tid": 1, "generated": 0, "bbox": {"xmin": 153, "ymin": 97, "ymax": 165, "xmax": 290}}], [{"tid": 0, "generated": 0, "bbox": {"xmin": 181, "ymin": 142, "ymax": 208, "xmax": 264}}, {"tid": 1, "generated": 0, "bbox": {"xmin": 152, "ymin": 94, "ymax": 161, "xmax": 292}}], [{"tid": 0, "generated": 0, "bbox": {"xmin": 179, "ymin": 141, "ymax": 206, "xmax": 266}}, {"tid": 1, "generated": 0, "bbox": {"xmin": 152, "ymin": 92, "ymax": 165, "xmax": 290}}], [{"tid": 0, "generated": 0, "bbox": {"xmin": 178, "ymin": 140, "ymax": 205, "xmax": 267}}, {"tid": 1, "generated": 0, "bbox": {"xmin": 151, "ymin": 91, "ymax": 164, "xmax": 294}}], [{"tid": 0, "generated": 0, "bbox": {"xmin": 178, "ymin": 140, "ymax": 205, "xmax": 268}}, {"tid": 1, "generated": 0, "bbox": {"xmin": 150, "ymin": 90, "ymax": 161, "xmax": 296}}], [{"tid": 0, "generated": 0, "bbox": {"xmin": 178, "ymin": 139, "ymax": 204, "xmax": 269}}, {"tid": 1, "generated": 0, "bbox": {"xmin": 154, "ymin": 90, "ymax": 172, "xmax": 298}}], [{"tid": 0, "generated": 0, "bbox": {"xmin": 178, "ymin": 139, "ymax": 204, "xmax": 270}}, {"tid": 1, "generated": 0, "bbox": {"xmin": 153, "ymin": 89, "ymax": 184, "xmax": 298}}], [{"tid": 0, "generated": 0, "bbox": {"xmin": 179, "ymin": 139, "ymax": 204, "xmax": 271}}, {"tid": 1, "generated": 0, "bbox": {"xmin": 154, "ymin": 88, "ymax": 190, "xmax": 295}}], [{"tid": 0, "generated": 0, "bbox": {"xmin": 179, "ymin": 139, "ymax": 204, "xmax": 272}}, {"tid": 1, "generated": 0, "bbox": {"xmin": 155, "ymin": 88, "ymax": 188, "xmax": 296}}], [{"tid": 0, "generated": 0, "bbox": {"xmin": 180, "ymin": 139, "ymax": 204, "xmax": 274}}, {"tid": 1, "generated": 0, "bbox": {"xmin": 156, "ymin": 88, "ymax": 187, "xmax": 297}}], [{"tid": 0, "generated": 0, "bbox": {"xmin": 179, "ymin": 136, "ymax": 204, "xmax": 272}}, {"tid": 1, "generated": 0, "bbox": {"xmin": 156, "ymin": 88, "ymax": 187, "xmax": 298}}], [{"tid": 0, "generated": 0, "bbox": {"xmin": 178, "ymin": 134, "ymax": 206, "xmax": 274}}, {"tid": 1, "generated": 0, "bbox": {"xmin": 156, "ymin": 88, "ymax": 187, "xmax": 300}}], [{"tid": 0, "generated": 0, "bbox": {"xmin": 178, "ymin": 126, "ymax": 206, "xmax": 272}}, {"tid": 1, "generated": 0, "bbox": {"xmin": 154, "ymin": 88, "ymax": 188, "xmax": 300}}], [{"tid": 0, "generated": 0, "bbox": {"xmin": 181, "ymin": 123, "ymax": 204, "xmax": 271}}, {"tid": 1, "generated": 0, "bbox": {"xmin": 160, "ymin": 87, "ymax": 189, "xmax": 302}}], [{"tid": 0, "generated": 0, "bbox": {"xmin": 177, "ymin": 120, "ymax": 206, "xmax": 271}}, {"tid": 1, "generated": 0, "bbox": {"xmin": 158, "ymin": 86, "ymax": 190, "xmax": 302}}], [{"tid": 0, "generated": 0, "bbox": {"xmin": 176, "ymin": 118, "ymax": 206, "xmax": 270}}, {"tid": 1, "generated": 0, "bbox": {"xmin": 162, "ymin": 87, "ymax": 187, "xmax": 303}}], [{"tid": 0, "generated": 0, "bbox": {"xmin": 179, "ymin": 116, "ymax": 206, "xmax": 266}}, {"tid": 1, "generated": 0, "bbox": {"xmin": 160, "ymin": 86, "ymax": 188, "xmax": 303}}], [{"tid": 0, "generated": 0, "bbox": {"xmin": 182, "ymin": 114, "ymax": 206, "xmax": 263}}, {"tid": 1, "generated": 0, "bbox": {"xmin": 159, "ymin": 86, "ymax": 190, "xmax": 304}}], [{"tid": 0, "generated": 0, "bbox": {"xmin": 181, "ymin": 114, "ymax": 205, "xmax": 264}}, {"tid": 1, "generated": 0, "bbox": {"xmin": 162, "ymin": 86, "ymax": 189, "xmax": 306}}], [{"tid": 0, "generated": 0, "bbox": {"xmin": 180, "ymin": 113, "ymax": 206, "xmax": 260}}, {"tid": 1, "generated": 0, "bbox": {"xmin": 161, "ymin": 87, "ymax": 190, "xmax": 306}}], [{"tid": 0, "generated": 0, "bbox": {"xmin": 180, "ymin": 114, "ymax": 205, "xmax": 260}}, {"tid": 1, "generated": 0, "bbox": {"xmin": 162, "ymin": 86, "ymax": 188, "xmax": 308}}], [{"tid": 0, "generated": 0, "bbox": {"xmin": 180, "ymin": 100, "ymax": 207, "xmax": 265}}, {"tid": 1, "generated": 0, "bbox": {"xmin": 162, "ymin": 86, "ymax": 189, "xmax": 306}}], [{"tid": 0, "generated": 0, "bbox": {"xmin": 180, "ymin": 96, "ymax": 205, "xmax": 258}}, {"tid": 1, "generated": 0, "bbox": {"xmin": 161, "ymin": 86, "ymax": 188, "xmax": 307}}], [{"tid": 0, "generated": 0, "bbox": {"xmin": 180, "ymin": 94, "ymax": 206, "xmax": 256}}, {"tid": 1, "generated": 0, "bbox": {"xmin": 160, "ymin": 86, "ymax": 188, "xmax": 308}}], [{"tid": 0, "generated": 0, "bbox": {"xmin": 180, "ymin": 94, "ymax": 205, "xmax": 254}}, {"tid": 1, "generated": 0, "bbox": {"xmin": 160, "ymin": 88, "ymax": 188, "xmax": 307}}], [{"tid": 0, "generated": 0, "bbox": {"xmin": 180, "ymin": 96, "ymax": 204, "xmax": 254}}, {"tid": 1, "generated": 0, "bbox": {"xmin": 159, "ymin": 87, "ymax": 190, "xmax": 307}}], [{"tid": 0, "generated": 0, "bbox": {"xmin": 179, "ymin": 99, "ymax": 206, "xmax": 253}}, {"tid": 1, "generated": 0, "bbox": {"xmin": 158, "ymin": 88, "ymax": 188, "xmax": 307}}], [], [], [], [], [], [], [], [], [], [], [], [], [], [], [], [], [], [], [], [], [], [], [], [], [], [], [], [], [], [], [], [], [], [], [], [], [], [], [], [], [], [], [], [], [], [{"tid": 0, "generated": 0, "bbox": {"xmin": 84, "ymin": 130, "ymax": 224, "xmax": 207}}, {"tid": 1, "generated": 0, "bbox": {"xmin": 70, "ymin": 130, "ymax": 204, "xmax": 252}}], [{"tid": 0, "generated": 0, "bbox": {"xmin": 86, "ymin": 130, "ymax": 223, "xmax": 210}}, {"tid": 1, "generated": 0, "bbox": {"xmin": 70, "ymin": 125, "ymax": 204, "xmax": 257}}], [{"tid": 0, "generated": 0, "bbox": {"xmin": 88, "ymin": 121, "ymax": 223, "xmax": 210}}, {"tid": 1, "generated": 0, "bbox": {"xmin": 70, "ymin": 122, "ymax": 203, "xmax": 267}}], [{"tid": 0, "generated": 0, "bbox": {"xmin": 90, "ymin": 120, "ymax": 222, "xmax": 212}}, {"tid": 1, "generated": 0, "bbox": {"xmin": 76, "ymin": 119, "ymax": 202, "xmax": 268}}], [{"tid": 0, "generated": 0, "bbox": {"xmin": 93, "ymin": 117, "ymax": 222, "xmax": 216}}, {"tid": 1, "generated": 0, "bbox": {"xmin": 78, "ymin": 116, "ymax": 200, "xmax": 271}}], [{"tid": 0, "generated": 0, "bbox": {"xmin": 96, "ymin": 114, "ymax": 221, "xmax": 216}}, {"tid": 1, "generated": 0, "bbox": {"xmin": 80, "ymin": 117, "ymax": 200, "xmax": 272}}], [{"tid": 0, "generated": 0, "bbox": {"xmin": 98, "ymin": 112, "ymax": 221, "xmax": 220}}, {"tid": 1, "generated": 0, "bbox": {"xmin": 84, "ymin": 116, "ymax": 200, "xmax": 269}}], [{"tid": 0, "generated": 0, "bbox": {"xmin": 101, "ymin": 112, "ymax": 220, "xmax": 222}}, {"tid": 1, "generated": 0, "bbox": {"xmin": 89, "ymin": 114, "ymax": 202, "xmax": 274}}], [{"tid": 0, "generated": 0, "bbox": {"xmin": 106, "ymin": 112, "ymax": 220, "xmax": 223}}, {"tid": 1, "generated": 0, "bbox": {"xmin": 94, "ymin": 115, "ymax": 202, "xmax": 278}}], [{"tid": 0, "generated": 0, "bbox": {"xmin": 108, "ymin": 109, "ymax": 219, "xmax": 224}}, {"tid": 1, "generated": 0, "bbox": {"xmin": 95, "ymin": 139, "ymax": 201, "xmax": 277}}], [{"tid": 0, "generated": 0, "bbox": {"xmin": 110, "ymin": 107, "ymax": 219, "xmax": 226}}, {"tid": 1, "generated": 0, "bbox": {"xmin": 96, "ymin": 139, "ymax": 201, "xmax": 277}}], [{"tid": 0, "generated": 0, "bbox": {"xmin": 112, "ymin": 105, "ymax": 219, "xmax": 228}}, {"tid": 1, "generated": 0, "bbox": {"xmin": 98, "ymin": 138, "ymax": 201, "xmax": 278}}], [{"tid": 0, "generated": 0, "bbox": {"xmin": 114, "ymin": 103, "ymax": 218, "xmax": 229}}, {"tid": 1, "generated": 0, "bbox": {"xmin": 100, "ymin": 140, "ymax": 201, "xmax": 280}}], [{"tid": 0, "generated": 0, "bbox": {"xmin": 116, "ymin": 101, "ymax": 218, "xmax": 231}}, {"tid": 1, "generated": 0, "bbox": {"xmin": 102, "ymin": 138, "ymax": 200, "xmax": 282}}], [{"tid": 0, "generated": 0, "bbox": {"xmin": 118, "ymin": 99, "ymax": 218, "xmax": 233}}, {"tid": 1, "generated": 0, "bbox": {"xmin": 104, "ymin": 136, "ymax": 201, "xmax": 284}}], [{"tid": 0, "generated": 0, "bbox": {"xmin": 124, "ymin": 98, "ymax": 216, "xmax": 232}}, {"tid": 1, "generated": 0, "bbox": {"xmin": 106, "ymin": 133, "ymax": 200, "xmax": 286}}], [{"tid": 0, "generated": 0, "bbox": {"xmin": 122, "ymin": 98, "ymax": 216, "xmax": 232}}, {"tid": 1, "generated": 0, "bbox": {"xmin": 108, "ymin": 132, "ymax": 202, "xmax": 282}}], [{"tid": 0, "generated": 0, "bbox": {"xmin": 124, "ymin": 102, "ymax": 216, "xmax": 232}}, {"tid": 1, "generated": 0, "bbox": {"xmin": 110, "ymin": 131, "ymax": 204, "xmax": 280}}], [{"tid": 0, "generated": 0, "bbox": {"xmin": 126, "ymin": 107, "ymax": 216, "xmax": 232}}, {"tid": 1, "generated": 0, "bbox": {"xmin": 112, "ymin": 130, "ymax": 202, "xmax": 274}}], [{"tid": 0, "generated": 0, "bbox": {"xmin": 129, "ymin": 112, "ymax": 218, "xmax": 227}}, {"tid": 1, "generated": 0, "bbox": {"xmin": 114, "ymin": 129, "ymax": 204, "xmax": 267}}], [{"tid": 0, "generated": 0, "bbox": {"xmin": 129, "ymin": 111, "ymax": 215, "xmax": 236}}, {"tid": 1, "generated": 0, "bbox": {"xmin": 114, "ymin": 128, "ymax": 203, "xmax": 257}}], [{"tid": 0, "generated": 0, "bbox": {"xmin": 129, "ymin": 110, "ymax": 214, "xmax": 239}}, {"tid": 1, "generated": 0, "bbox": {"xmin": 114, "ymin": 125, "ymax": 203, "xmax": 246}}], [{"tid": 0, "generated": 0, "bbox": {"xmin": 129, "ymin": 113, "ymax": 215, "xmax": 238}}, {"tid": 1, "generated": 0, "bbox": {"xmin": 114, "ymin": 122, "ymax": 202, "xmax": 245}}], [{"tid": 0, "generated": 0, "bbox": {"xmin": 129, "ymin": 112, "ymax": 214, "xmax": 238}}, {"tid": 1, "generated": 0, "bbox": {"xmin": 116, "ymin": 122, "ymax": 202, "xmax": 242}}], [{"tid": 0, "generated": 0, "bbox": {"xmin": 129, "ymin": 114, "ymax": 214, "xmax": 236}}, {"tid": 1, "generated": 0, "bbox": {"xmin": 116, "ymin": 114, "ymax": 204, "xmax": 240}}], [{"tid": 0, "generated": 0, "bbox": {"xmin": 131, "ymin": 114, "ymax": 213, "xmax": 238}}, {"tid": 1, "generated": 0, "bbox": {"xmin": 119, "ymin": 112, "ymax": 202, "xmax": 242}}], [{"tid": 0, "generated": 0, "bbox": {"xmin": 134, "ymin": 117, "ymax": 215, "xmax": 241}}, {"tid": 1, "generated": 0, "bbox": {"xmin": 119, "ymin": 107, "ymax": 204, "xmax": 244}}], [{"tid": 0, "generated": 0, "bbox": {"xmin": 134, "ymin": 116, "ymax": 214, "xmax": 242}}, {"tid": 1, "generated": 0, "bbox": {"xmin": 119, "ymin": 106, "ymax": 203, "xmax": 239}}], [{"tid": 0, "generated": 0, "bbox": {"xmin": 134, "ymin": 120, "ymax": 213, "xmax": 242}}, {"tid": 1, "generated": 0, "bbox": {"xmin": 120, "ymin": 106, "ymax": 203, "xmax": 234}}], [{"tid": 0, "generated": 0, "bbox": {"xmin": 134, "ymin": 124, "ymax": 213, "xmax": 242}}, {"tid": 1, "generated": 0, "bbox": {"xmin": 122, "ymin": 114, "ymax": 202, "xmax": 233}}]], "subject/objects": [{"category": "red_panda", "tid": 0}, {"category": "red_panda", "tid": 1}], "relation_instances": [{"end_fid": 30, "subject_tid": 0, "predicate": "lie_front", "begin_fid": 0, "object_tid": 1}, {"end_fid": 30, "subject_tid": 0, "predicate": "play", "begin_fid": 0, "object_tid": 1}, {"end_fid": 30, "subject_tid": 0, "predicate": "touch", "begin_fid": 0, "object_tid": 1}, {"end_fid": 30, "subject_tid": 1, "predicate": "lie_behind", "begin_fid": 0, "object_tid": 0}, {"end_fid": 30, "subject_tid": 1, "predicate": "play", "begin_fid": 0, "object_tid": 0}, {"end_fid": 30, "subject_tid": 1, "predicate": "touch", "begin_fid": 0, "object_tid": 0}, {"end_fid": 120, "subject_tid": 0, "predicate": "lie_right", "begin_fid": 90, "object_tid": 1}, {"end_fid": 120, "subject_tid": 0, "predicate": "fight", "begin_fid": 90, "object_tid": 1}, {"end_fid": 120, "subject_tid": 0, "predicate": "touch", "begin_fid": 90, "object_tid": 1}, {"end_fid": 120, "subject_tid": 1, "predicate": "lie_left", "begin_fid": 90, "object_tid": 0}, {"end_fid": 120, "subject_tid": 1, "predicate": "fight", "begin_fid": 90, "object_tid": 0}, {"end_fid": 120, "subject_tid": 1, "predicate": "touch", "begin_fid": 90, "object_tid": 0}, {"end_fid": 210, "subject_tid": 0, "predicate": "sit_right", "begin_fid": 180, "object_tid": 1}, {"end_fid": 210, "subject_tid": 0, "predicate": "fight", "begin_fid": 180, "object_tid": 1}, {"end_fid": 210, "subject_tid": 0, "predicate": "touch", "begin_fid": 180, "object_tid": 1}, {"end_fid": 210, "subject_tid": 1, "predicate": "stand_left", "begin_fid": 180, "object_tid": 0}, {"end_fid": 210, "subject_tid": 1, "predicate": "fight", "begin_fid": 180, "object_tid": 0}, {"end_fid": 210, "subject_tid": 1, "predicate": "touch", "begin_fid": 180, "object_tid": 0}, {"end_fid": 255, "subject_tid": 0, "predicate": "stand_right", "begin_fid": 225, "object_tid": 1}, {"end_fid": 255, "subject_tid": 0, "predicate": "fight", "begin_fid": 225, "object_tid": 1}, {"end_fid": 255, "subject_tid": 0, "predicate": "touch", "begin_fid": 225, "object_tid": 1}, {"end_fid": 255, "subject_tid": 1, "predicate": "stand_left", "begin_fid": 225, "object_tid": 0}, {"end_fid": 255, "subject_tid": 1, "predicate": "fight", "begin_fid": 225, "object_tid": 0}, {"end_fid": 255, "subject_tid": 1, "predicate": "touch", "begin_fid": 225, "object_tid": 0}, {"end_fid": 300, "subject_tid": 0, "predicate": "right", "begin_fid": 270, "object_tid": 1}, {"end_fid": 300, "subject_tid": 0, "predicate": "play", "begin_fid": 270, "object_tid": 1}, {"end_fid": 300, "subject_tid": 0, "predicate": "touch", "begin_fid": 270, "object_tid": 1}, {"end_fid": 300, "subject_tid": 1, "predicate": "stand_left", "begin_fid": 270, "object_tid": 0}, {"end_fid": 300, "subject_tid": 1, "predicate": "play", "begin_fid": 270, "object_tid": 0}, {"end_fid": 300, "subject_tid": 1, "predicate": "touch", "begin_fid": 270, "object_tid": 0}, {"end_fid": 315, "subject_tid": 0, "predicate": "lie_right", "begin_fid": 285, "object_tid": 1}, {"end_fid": 315, "subject_tid": 0, "predicate": "play", "begin_fid": 285, "object_tid": 1}, {"end_fid": 315, "subject_tid": 0, "predicate": "touch", "begin_fid": 285, "object_tid": 1}, {"end_fid": 315, "subject_tid": 1, "predicate": "stand_left", "begin_fid": 285, "object_tid": 0}, {"end_fid": 315, "subject_tid": 1, "predicate": "play", "begin_fid": 285, "object_tid": 0}, {"end_fid": 315, "subject_tid": 1, "predicate": "touch", "begin_fid": 285, "object_tid": 0}, {"end_fid": 330, "subject_tid": 0, "predicate": "lie_right", "begin_fid": 300, "object_tid": 1}, {"end_fid": 330, "subject_tid": 0, "predicate": "play", "begin_fid": 300, "object_tid": 1}, {"end_fid": 330, "subject_tid": 0, "predicate": "touch", "begin_fid": 300, "object_tid": 1}, {"end_fid": 330, "subject_tid": 1, "predicate": "stand_left", "begin_fid": 300, "object_tid": 0}, {"end_fid": 330, "subject_tid": 1, "predicate": "play", "begin_fid": 300, "object_tid": 0}, {"end_fid": 330, "subject_tid": 1, "predicate": "touch", "begin_fid": 300, "object_tid": 0}, {"end_fid": 360, "subject_tid": 0, "predicate": "play", "begin_fid": 330, "object_tid": 1}, {"end_fid": 360, "subject_tid": 0, "predicate": "touch", "begin_fid": 330, "object_tid": 1}, {"end_fid": 360, "subject_tid": 1, "predicate": "play", "begin_fid": 330, "object_tid": 0}, {"end_fid": 360, "subject_tid": 1, "predicate": "touch", "begin_fid": 330, "object_tid": 0}, {"end_fid": 375, "subject_tid": 0, "predicate": "lie_beneath", "begin_fid": 345, "object_tid": 1}, {"end_fid": 375, "subject_tid": 0, "predicate": "play", "begin_fid": 345, "object_tid": 1}, {"end_fid": 375, "subject_tid": 0, "predicate": "touch", "begin_fid": 345, "object_tid": 1}, {"end_fid": 375, "subject_tid": 1, "predicate": "lie_above", "begin_fid": 345, "object_tid": 0}, {"end_fid": 375, "subject_tid": 1, "predicate": "play", "begin_fid": 345, "object_tid": 0}, {"end_fid": 375, "subject_tid": 1, "predicate": "touch", "begin_fid": 345, "object_tid": 0}, {"end_fid": 510, "subject_tid": 0, "predicate": "fight", "begin_fid": 480, "object_tid": 1}, {"end_fid": 510, "subject_tid": 0, "predicate": "touch", "begin_fid": 480, "object_tid": 1}, {"end_fid": 510, "subject_tid": 1, "predicate": "fight", "begin_fid": 480, "object_tid": 0}, {"end_fid": 510, "subject_tid": 1, "predicate": "touch", "begin_fid": 480, "object_tid": 0}, {"end_fid": 570, "subject_tid": 0, "predicate": "lie_front", "begin_fid": 540, "object_tid": 1}, {"end_fid": 570, "subject_tid": 0, "predicate": "play", "begin_fid": 540, "object_tid": 1}, {"end_fid": 570, "subject_tid": 0, "predicate": "touch", "begin_fid": 540, "object_tid": 1}, {"end_fid": 570, "subject_tid": 1, "predicate": "stand_behind", "begin_fid": 540, "object_tid": 0}, {"end_fid": 570, "subject_tid": 1, "predicate": "play", "begin_fid": 540, "object_tid": 0}, {"end_fid": 570, "subject_tid": 1, "predicate": "touch", "begin_fid": 540, "object_tid": 0}, {"end_fid": 675, "subject_tid": 0, "predicate": "lie_front", "begin_fid": 645, "object_tid": 1}, {"end_fid": 675, "subject_tid": 0, "predicate": "play", "begin_fid": 645, "object_tid": 1}, {"end_fid": 675, "subject_tid": 0, "predicate": "touch", "begin_fid": 645, "object_tid": 1}, {"end_fid": 675, "subject_tid": 1, "predicate": "stand_behind", "begin_fid": 645, "object_tid": 0}, {"end_fid": 675, "subject_tid": 1, "predicate": "play", "begin_fid": 645, "object_tid": 0}, {"end_fid": 675, "subject_tid": 1, "predicate": "touch", "begin_fid": 645, "object_tid": 0}, {"end_fid": 750, "subject_tid": 0, "predicate": "lie_beneath", "begin_fid": 720, "object_tid": 1}, {"end_fid": 750, "subject_tid": 0, "predicate": "play", "begin_fid": 720, "object_tid": 1}, {"end_fid": 750, "subject_tid": 0, "predicate": "touch", "begin_fid": 720, "object_tid": 1}, {"end_fid": 750, "subject_tid": 1, "predicate": "stand_above", "begin_fid": 720, "object_tid": 0}, {"end_fid": 750, "subject_tid": 1, "predicate": "play", "begin_fid": 720, "object_tid": 0}, {"end_fid": 750, "subject_tid": 1, "predicate": "touch", "begin_fid": 720, "object_tid": 0}, {"end_fid": 825, "subject_tid": 0, "predicate": "lie_beneath", "begin_fid": 795, "object_tid": 1}, {"end_fid": 825, "subject_tid": 0, "predicate": "play", "begin_fid": 795, "object_tid": 1}, {"end_fid": 825, "subject_tid": 0, "predicate": "touch", "begin_fid": 795, "object_tid": 1}, {"end_fid": 825, "subject_tid": 1, "predicate": "stand_above", "begin_fid": 795, "object_tid": 0}, {"end_fid": 825, "subject_tid": 1, "predicate": "play", "begin_fid": 795, "object_tid": 0}, {"end_fid": 825, "subject_tid": 1, "predicate": "touch", "begin_fid": 795, "object_tid": 0}, {"end_fid": 900, "subject_tid": 0, "predicate": "play", "begin_fid": 870, "object_tid": 1}, {"end_fid": 900, "subject_tid": 0, "predicate": "touch", "begin_fid": 870, "object_tid": 1}, {"end_fid": 900, "subject_tid": 1, "predicate": "play", "begin_fid": 870, "object_tid": 0}, {"end_fid": 900, "subject_tid": 1, "predicate": "touch", "begin_fid": 870, "object_tid": 0}], "height": 360}