{"width": 1280, "frame_count": 145, "video_id": "ILSVRC2015_train_01042000", "fps": 29, "trajectories": [[], [], [], [], [], [], [], [], [], [], [], [], [], [], [], [{"tid": 0, "generated": 0, "bbox": {"xmin": 725, "ymin": 0, "ymax": 718, "xmax": 1276}}, {"tid": 1, "generated": 0, "bbox": {"xmin": 789, "ymin": 161, "ymax": 360, "xmax": 928}}], [{"tid": 0, "generated": 0, "bbox": {"xmin": 728, "ymin": 0, "ymax": 718, "xmax": 1276}}, {"tid": 1, "generated": 0, "bbox": {"xmin": 771, "ymin": 158, "ymax": 355, "xmax": 919}}], [{"tid": 0, "generated": 0, "bbox": {"xmin": 725, "ymin": 0, "ymax": 716, "xmax": 1278}}, {"tid": 1, "generated": 0, "bbox": {"xmin": 759, "ymin": 151, "ymax": 352, "xmax": 913}}], [{"tid": 0, "generated": 0, "bbox": {"xmin": 712, "ymin": 5, "ymax": 716, "xmax": 1278}}, {"tid": 1, "generated": 0, "bbox": {"xmin": 737, "ymin": 151, "ymax": 378, "xmax": 896}}], [{"tid": 0, "generated": 0, "bbox": {"xmin": 711, "ymin": 0, "ymax": 716, "xmax": 1278}}, {"tid": 1, "generated": 0, "bbox": {"xmin": 705, "ymin": 152, "ymax": 389, "xmax": 876}}], [{"tid": 0, "generated": 0, "bbox": {"xmin": 720, "ymin": 0, "ymax": 714, "xmax": 1278}}, {"tid": 1, "generated": 0, "bbox": {"xmin": 693, "ymin": 151, "ymax": 400, "xmax": 862}}], [{"tid": 0, "generated": 0, "bbox": {"xmin": 712, "ymin": 0, "ymax": 718, "xmax": 1274}}, {"tid": 1, "generated": 0, "bbox": {"xmin": 686, "ymin": 140, "ymax": 396, "xmax": 862}}], [{"tid": 0, "generated": 0, "bbox": {"xmin": 709, "ymin": 0, "ymax": 716, "xmax": 1278}}, {"tid": 1, "generated": 0, "bbox": {"xmin": 670, "ymin": 138, "ymax": 405, "xmax": 853}}], [{"tid": 0, "generated": 0, "bbox": {"xmin": 702, "ymin": 0, "ymax": 714, "xmax": 1278}}, {"tid": 1, "generated": 0, "bbox": {"xmin": 652, "ymin": 136, "ymax": 419, "xmax": 846}}], [{"tid": 0, "generated": 0, "bbox": {"xmin": 695, "ymin": 0, "ymax": 718, "xmax": 1274}}, {"tid": 1, "generated": 0, "bbox": {"xmin": 634, "ymin": 128, "ymax": 424, "xmax": 830}}], [{"tid": 0, "generated": 0, "bbox": {"xmin": 689, "ymin": 0, "ymax": 716, "xmax": 1278}}, {"tid": 1, "generated": 0, "bbox": {"xmin": 620, "ymin": 128, "ymax": 442, "xmax": 814}}], [{"tid": 0, "generated": 0, "bbox": {"xmin": 682, "ymin": 0, "ymax": 714, "xmax": 1278}}, {"tid": 1, "generated": 0, "bbox": {"xmin": 604, "ymin": 128, "ymax": 456, "xmax": 798}}], [{"tid": 0, "generated": 0, "bbox": {"xmin": 677, "ymin": 0, "ymax": 718, "xmax": 1276}}, {"tid": 1, "generated": 0, "bbox": {"xmin": 584, "ymin": 133, "ymax": 469, "xmax": 791}}], [{"tid": 0, "generated": 0, "bbox": {"xmin": 679, "ymin": 0, "ymax": 718, "xmax": 1276}}, {"tid": 1, "generated": 0, "bbox": {"xmin": 565, "ymin": 136, "ymax": 485, "xmax": 775}}], [{"tid": 0, "generated": 0, "bbox": {"xmin": 679, "ymin": 1, "ymax": 718, "xmax": 1278}}, {"tid": 1, "generated": 0, "bbox": {"xmin": 549, "ymin": 135, "ymax": 494, "xmax": 769}}], [{"tid": 0, "generated": 0, "bbox": {"xmin": 661, "ymin": 0, "ymax": 718, "xmax": 1276}}, {"tid": 1, "generated": 0, "bbox": {"xmin": 535, "ymin": 133, "ymax": 499, "xmax": 748}}], [{"tid": 0, "generated": 0, "bbox": {"xmin": 650, "ymin": 1, "ymax": 716, "xmax": 1278}}, {"tid": 1, "generated": 0, "bbox": {"xmin": 497, "ymin": 135, "ymax": 506, "xmax": 748}}], [{"tid": 0, "generated": 0, "bbox": {"xmin": 643, "ymin": 0, "ymax": 712, "xmax": 1278}}, {"tid": 1, "generated": 0, "bbox": {"xmin": 478, "ymin": 133, "ymax": 513, "xmax": 728}}], [{"tid": 0, "generated": 0, "bbox": {"xmin": 640, "ymin": 3, "ymax": 714, "xmax": 1278}}, {"tid": 1, "generated": 0, "bbox": {"xmin": 460, "ymin": 138, "ymax": 519, "xmax": 712}}], [{"tid": 0, "generated": 0, "bbox": {"xmin": 652, "ymin": 1, "ymax": 718, "xmax": 1276}}, {"tid": 1, "generated": 0, "bbox": {"xmin": 451, "ymin": 154, "ymax": 520, "xmax": 712}}], [{"tid": 0, "generated": 0, "bbox": {"xmin": 664, "ymin": 0, "ymax": 716, "xmax": 1278}}, {"tid": 1, "generated": 0, "bbox": {"xmin": 456, "ymin": 163, "ymax": 531, "xmax": 712}}], [{"tid": 0, "generated": 0, "bbox": {"xmin": 666, "ymin": 0, "ymax": 714, "xmax": 1278}}, {"tid": 1, "generated": 0, "bbox": {"xmin": 462, "ymin": 179, "ymax": 544, "xmax": 714}}], [{"tid": 0, "generated": 0, "bbox": {"xmin": 670, "ymin": 3, "ymax": 718, "xmax": 1276}}, {"tid": 1, "generated": 0, "bbox": {"xmin": 463, "ymin": 182, "ymax": 553, "xmax": 716}}], [{"tid": 0, "generated": 0, "bbox": {"xmin": 673, "ymin": 3, "ymax": 716, "xmax": 1276}}, {"tid": 1, "generated": 0, "bbox": {"xmin": 465, "ymin": 186, "ymax": 563, "xmax": 718}}], [{"tid": 0, "generated": 0, "bbox": {"xmin": 675, "ymin": 1, "ymax": 714, "xmax": 1278}}, {"tid": 1, "generated": 0, "bbox": {"xmin": 460, "ymin": 197, "ymax": 570, "xmax": 721}}], [{"tid": 0, "generated": 0, "bbox": {"xmin": 677, "ymin": 0, "ymax": 716, "xmax": 1278}}, {"tid": 1, "generated": 0, "bbox": {"xmin": 453, "ymin": 209, "ymax": 586, "xmax": 725}}], [{"tid": 0, "generated": 0, "bbox": {"xmin": 677, "ymin": 0, "ymax": 714, "xmax": 1278}}, {"tid": 1, "generated": 0, "bbox": {"xmin": 458, "ymin": 218, "ymax": 583, "xmax": 728}}], [{"tid": 0, "generated": 0, "bbox": {"xmin": 673, "ymin": 0, "ymax": 712, "xmax": 1278}}, {"tid": 1, "generated": 0, "bbox": {"xmin": 453, "ymin": 229, "ymax": 581, "xmax": 737}}], [{"tid": 0, "generated": 0, "bbox": {"xmin": 680, "ymin": 0, "ymax": 718, "xmax": 1276}}, {"tid": 1, "generated": 0, "bbox": {"xmin": 448, "ymin": 238, "ymax": 577, "xmax": 743}}], [{"tid": 0, "generated": 0, "bbox": {"xmin": 688, "ymin": 0, "ymax": 716, "xmax": 1278}}, {"tid": 1, "generated": 0, "bbox": {"xmin": 456, "ymin": 240, "ymax": 574, "xmax": 748}}], [], [], [], [], [], [], [], [], [], [], [], [], [], [], [], [], [], [], [], [], [], [], [], [], [], [], [], [], [], [], [], [], [], [], [], [], [], [], [], [], [], [], [], [], [], [], [], [], [], [], [], [], [], [], [], [], [], [], [], [], [{"tid": 0, "generated": 0, "bbox": {"xmin": 816, "ymin": 0, "ymax": 714, "xmax": 1278}}, {"tid": 1, "generated": 0, "bbox": {"xmin": 545, "ymin": 231, "ymax": 551, "xmax": 885}}], [{"tid": 0, "generated": 0, "bbox": {"xmin": 823, "ymin": 0, "ymax": 716, "xmax": 1278}}, {"tid": 1, "generated": 0, "bbox": {"xmin": 547, "ymin": 232, "ymax": 545, "xmax": 887}}], [{"tid": 0, "generated": 0, "bbox": {"xmin": 830, "ymin": 0, "ymax": 714, "xmax": 1278}}, {"tid": 1, "generated": 0, "bbox": {"xmin": 554, "ymin": 238, "ymax": 538, "xmax": 890}}], [{"tid": 0, "generated": 0, "bbox": {"xmin": 826, "ymin": 0, "ymax": 718, "xmax": 1274}}, {"tid": 1, "generated": 0, "bbox": {"xmin": 561, "ymin": 241, "ymax": 542, "xmax": 888}}], [{"tid": 0, "generated": 0, "bbox": {"xmin": 824, "ymin": 0, "ymax": 716, "xmax": 1278}}, {"tid": 1, "generated": 0, "bbox": {"xmin": 561, "ymin": 247, "ymax": 533, "xmax": 883}}], [{"tid": 0, "generated": 0, "bbox": {"xmin": 823, "ymin": 0, "ymax": 716, "xmax": 1278}}, {"tid": 1, "generated": 0, "bbox": {"xmin": 558, "ymin": 245, "ymax": 515, "xmax": 892}}], [{"tid": 0, "generated": 0, "bbox": {"xmin": 816, "ymin": 1, "ymax": 716, "xmax": 1278}}, {"tid": 1, "generated": 0, "bbox": {"xmin": 551, "ymin": 250, "ymax": 536, "xmax": 885}}], [{"tid": 0, "generated": 0, "bbox": {"xmin": 814, "ymin": 1, "ymax": 714, "xmax": 1278}}, {"tid": 1, "generated": 0, "bbox": {"xmin": 551, "ymin": 256, "ymax": 568, "xmax": 880}}], [{"tid": 0, "generated": 0, "bbox": {"xmin": 817, "ymin": 1, "ymax": 718, "xmax": 1274}}, {"tid": 1, "generated": 0, "bbox": {"xmin": 554, "ymin": 261, "ymax": 579, "xmax": 878}}], [{"tid": 0, "generated": 0, "bbox": {"xmin": 821, "ymin": 3, "ymax": 718, "xmax": 1278}}, {"tid": 1, "generated": 0, "bbox": {"xmin": 556, "ymin": 266, "ymax": 608, "xmax": 887}}], [{"tid": 0, "generated": 0, "bbox": {"xmin": 817, "ymin": 1, "ymax": 714, "xmax": 1278}}, {"tid": 1, "generated": 0, "bbox": {"xmin": 554, "ymin": 272, "ymax": 634, "xmax": 883}}], [{"tid": 0, "generated": 0, "bbox": {"xmin": 814, "ymin": 1, "ymax": 716, "xmax": 1278}}, {"tid": 1, "generated": 0, "bbox": {"xmin": 545, "ymin": 277, "ymax": 638, "xmax": 880}}], [{"tid": 0, "generated": 0, "bbox": {"xmin": 816, "ymin": 1, "ymax": 718, "xmax": 1276}}, {"tid": 1, "generated": 0, "bbox": {"xmin": 540, "ymin": 286, "ymax": 641, "xmax": 869}}], [{"tid": 0, "generated": 0, "bbox": {"xmin": 812, "ymin": 1, "ymax": 716, "xmax": 1278}}, {"tid": 1, "generated": 0, "bbox": {"xmin": 526, "ymin": 295, "ymax": 638, "xmax": 865}}], [{"tid": 0, "generated": 0, "bbox": {"xmin": 808, "ymin": 1, "ymax": 714, "xmax": 1278}}, {"tid": 1, "generated": 0, "bbox": {"xmin": 515, "ymin": 293, "ymax": 636, "xmax": 881}}], [{"tid": 0, "generated": 0, "bbox": {"xmin": 807, "ymin": 1, "ymax": 716, "xmax": 1278}}, {"tid": 1, "generated": 0, "bbox": {"xmin": 499, "ymin": 300, "ymax": 636, "xmax": 872}}], [{"tid": 0, "generated": 0, "bbox": {"xmin": 805, "ymin": 0, "ymax": 716, "xmax": 1278}}, {"tid": 1, "generated": 0, "bbox": {"xmin": 492, "ymin": 298, "ymax": 634, "xmax": 862}}], [{"tid": 0, "generated": 0, "bbox": {"xmin": 808, "ymin": 0, "ymax": 712, "xmax": 1278}}, {"tid": 1, "generated": 0, "bbox": {"xmin": 481, "ymin": 300, "ymax": 629, "xmax": 858}}], [{"tid": 0, "generated": 0, "bbox": {"xmin": 805, "ymin": 0, "ymax": 711, "xmax": 1278}}, {"tid": 1, "generated": 0, "bbox": {"xmin": 469, "ymin": 296, "ymax": 636, "xmax": 867}}], [{"tid": 0, "generated": 0, "bbox": {"xmin": 801, "ymin": 0, "ymax": 718, "xmax": 1274}}, {"tid": 1, "generated": 0, "bbox": {"xmin": 462, "ymin": 293, "ymax": 632, "xmax": 865}}], [{"tid": 0, "generated": 0, "bbox": {"xmin": 798, "ymin": 0, "ymax": 716, "xmax": 1278}}, {"tid": 1, "generated": 0, "bbox": {"xmin": 446, "ymin": 293, "ymax": 629, "xmax": 855}}], [{"tid": 0, "generated": 0, "bbox": {"xmin": 800, "ymin": 1, "ymax": 718, "xmax": 1278}}, {"tid": 1, "generated": 0, "bbox": {"xmin": 435, "ymin": 296, "ymax": 631, "xmax": 862}}], [{"tid": 0, "generated": 0, "bbox": {"xmin": 796, "ymin": 0, "ymax": 714, "xmax": 1278}}, {"tid": 1, "generated": 0, "bbox": {"xmin": 430, "ymin": 293, "ymax": 622, "xmax": 855}}], [{"tid": 0, "generated": 0, "bbox": {"xmin": 796, "ymin": 0, "ymax": 718, "xmax": 1274}}, {"tid": 1, "generated": 0, "bbox": {"xmin": 419, "ymin": 286, "ymax": 625, "xmax": 855}}], [{"tid": 0, "generated": 0, "bbox": {"xmin": 792, "ymin": 0, "ymax": 716, "xmax": 1278}}, {"tid": 1, "generated": 0, "bbox": {"xmin": 400, "ymin": 280, "ymax": 622, "xmax": 846}}], [{"tid": 0, "generated": 0, "bbox": {"xmin": 789, "ymin": 0, "ymax": 716, "xmax": 1276}}, {"tid": 1, "generated": 0, "bbox": {"xmin": 387, "ymin": 272, "ymax": 625, "xmax": 842}}], [{"tid": 0, "generated": 0, "bbox": {"xmin": 785, "ymin": 0, "ymax": 714, "xmax": 1278}}, {"tid": 1, "generated": 0, "bbox": {"xmin": 376, "ymin": 264, "ymax": 622, "xmax": 833}}], [{"tid": 0, "generated": 0, "bbox": {"xmin": 782, "ymin": 5, "ymax": 716, "xmax": 1278}}, {"tid": 1, "generated": 0, "bbox": {"xmin": 355, "ymin": 264, "ymax": 650, "xmax": 823}}], [{"tid": 0, "generated": 0, "bbox": {"xmin": 778, "ymin": 3, "ymax": 712, "xmax": 1278}}, {"tid": 1, "generated": 0, "bbox": {"xmin": 337, "ymin": 270, "ymax": 652, "xmax": 824}}], [{"tid": 0, "generated": 0, "bbox": {"xmin": 775, "ymin": 1, "ymax": 718, "xmax": 1274}}, {"tid": 1, "generated": 0, "bbox": {"xmin": 323, "ymin": 270, "ymax": 661, "xmax": 817}}]], "subject/objects": [{"category": "car", "tid": 0}, {"category": "dog", "tid": 1}], "relation_instances": [{"end_fid": 45, "subject_tid": 0, "predicate": "stop_right", "begin_fid": 15, "object_tid": 1}, {"end_fid": 45, "subject_tid": 0, "predicate": "stop_front", "begin_fid": 15, "object_tid": 1}, {"end_fid": 45, "subject_tid": 0, "predicate": "taller", "begin_fid": 15, "object_tid": 1}, {"end_fid": 45, "subject_tid": 0, "predicate": "larger", "begin_fid": 15, "object_tid": 1}, {"end_fid": 45, "subject_tid": 1, "predicate": "stand_behind", "begin_fid": 15, "object_tid": 0}, {"end_fid": 45, "subject_tid": 1, "predicate": "stand_left", "begin_fid": 15, "object_tid": 0}, {"end_fid": 135, "subject_tid": 0, "predicate": "stop_right", "begin_fid": 105, "object_tid": 1}, {"end_fid": 135, "subject_tid": 0, "predicate": "stop_front", "begin_fid": 105, "object_tid": 1}, {"end_fid": 135, "subject_tid": 0, "predicate": "taller", "begin_fid": 105, "object_tid": 1}, {"end_fid": 135, "subject_tid": 0, "predicate": "larger", "begin_fid": 105, "object_tid": 1}, {"end_fid": 135, "subject_tid": 1, "predicate": "walk_past", "begin_fid": 105, "object_tid": 0}, {"end_fid": 135, "subject_tid": 1, "predicate": "walk_behind", "begin_fid": 105, "object_tid": 0}, {"end_fid": 135, "subject_tid": 1, "predicate": "walk_left", "begin_fid": 105, "object_tid": 0}], "height": 720}