{"width": 1280, "frame_count": 348, "video_id": "ILSVRC2015_train_00026000", "fps": 29, "trajectories": [[{"tid": 0, "generated": 0, "bbox": {"xmin": 328, "ymin": 444, "ymax": 515, "xmax": 472}}, {"tid": 1, "generated": 0, "bbox": {"xmin": 560, "ymin": 227, "ymax": 560, "xmax": 1095}}], [{"tid": 0, "generated": 0, "bbox": {"xmin": 327, "ymin": 442, "ymax": 512, "xmax": 472}}, {"tid": 1, "generated": 0, "bbox": {"xmin": 560, "ymin": 226, "ymax": 560, "xmax": 1095}}], [{"tid": 0, "generated": 0, "bbox": {"xmin": 327, "ymin": 444, "ymax": 508, "xmax": 474}}, {"tid": 1, "generated": 0, "bbox": {"xmin": 561, "ymin": 225, "ymax": 560, "xmax": 1096}}], [{"tid": 0, "generated": 0, "bbox": {"xmin": 334, "ymin": 439, "ymax": 506, "xmax": 478}}, {"tid": 1, "generated": 0, "bbox": {"xmin": 567, "ymin": 222, "ymax": 554, "xmax": 1102}}], [{"tid": 0, "generated": 0, "bbox": {"xmin": 332, "ymin": 440, "ymax": 508, "xmax": 476}}, {"tid": 1, "generated": 0, "bbox": {"xmin": 565, "ymin": 225, "ymax": 558, "xmax": 1102}}], [{"tid": 0, "generated": 0, "bbox": {"xmin": 334, "ymin": 442, "ymax": 510, "xmax": 480}}, {"tid": 1, "generated": 0, "bbox": {"xmin": 568, "ymin": 224, "ymax": 558, "xmax": 1105}}], [{"tid": 0, "generated": 0, "bbox": {"xmin": 337, "ymin": 439, "ymax": 506, "xmax": 483}}, {"tid": 1, "generated": 0, "bbox": {"xmin": 572, "ymin": 224, "ymax": 558, "xmax": 1109}}], [{"tid": 0, "generated": 0, "bbox": {"xmin": 337, "ymin": 444, "ymax": 510, "xmax": 481}}, {"tid": 1, "generated": 0, "bbox": {"xmin": 567, "ymin": 224, "ymax": 558, "xmax": 1104}}], [{"tid": 0, "generated": 0, "bbox": {"xmin": 336, "ymin": 442, "ymax": 510, "xmax": 481}}, {"tid": 1, "generated": 0, "bbox": {"xmin": 568, "ymin": 225, "ymax": 560, "xmax": 1104}}], [{"tid": 0, "generated": 0, "bbox": {"xmin": 336, "ymin": 441, "ymax": 508, "xmax": 482}}, {"tid": 1, "generated": 0, "bbox": {"xmin": 568, "ymin": 224, "ymax": 560, "xmax": 1104}}], [{"tid": 0, "generated": 0, "bbox": {"xmin": 336, "ymin": 440, "ymax": 506, "xmax": 483}}, {"tid": 1, "generated": 0, "bbox": {"xmin": 568, "ymin": 224, "ymax": 560, "xmax": 1105}}], [{"tid": 0, "generated": 0, "bbox": {"xmin": 334, "ymin": 444, "ymax": 512, "xmax": 483}}, {"tid": 1, "generated": 0, "bbox": {"xmin": 570, "ymin": 229, "ymax": 565, "xmax": 1107}}], [{"tid": 0, "generated": 0, "bbox": {"xmin": 334, "ymin": 455, "ymax": 519, "xmax": 481}}, {"tid": 1, "generated": 0, "bbox": {"xmin": 570, "ymin": 236, "ymax": 568, "xmax": 1105}}], [{"tid": 0, "generated": 0, "bbox": {"xmin": 330, "ymin": 453, "ymax": 519, "xmax": 478}}, {"tid": 1, "generated": 0, "bbox": {"xmin": 568, "ymin": 236, "ymax": 567, "xmax": 1104}}], [{"tid": 0, "generated": 0, "bbox": {"xmin": 328, "ymin": 453, "ymax": 520, "xmax": 478}}, {"tid": 1, "generated": 0, "bbox": {"xmin": 565, "ymin": 240, "ymax": 570, "xmax": 1100}}], [{"tid": 0, "generated": 0, "bbox": {"xmin": 332, "ymin": 446, "ymax": 513, "xmax": 476}}, {"tid": 1, "generated": 0, "bbox": {"xmin": 565, "ymin": 232, "ymax": 563, "xmax": 1100}}], [{"tid": 0, "generated": 0, "bbox": {"xmin": 330, "ymin": 449, "ymax": 513, "xmax": 472}}, {"tid": 1, "generated": 0, "bbox": {"xmin": 561, "ymin": 232, "ymax": 565, "xmax": 1096}}], [{"tid": 0, "generated": 0, "bbox": {"xmin": 332, "ymin": 451, "ymax": 517, "xmax": 476}}, {"tid": 1, "generated": 0, "bbox": {"xmin": 563, "ymin": 234, "ymax": 565, "xmax": 1096}}], [{"tid": 0, "generated": 0, "bbox": {"xmin": 325, "ymin": 451, "ymax": 517, "xmax": 471}}, {"tid": 1, "generated": 0, "bbox": {"xmin": 562, "ymin": 236, "ymax": 566, "xmax": 1097}}], [{"tid": 0, "generated": 0, "bbox": {"xmin": 327, "ymin": 453, "ymax": 520, "xmax": 474}}, {"tid": 1, "generated": 0, "bbox": {"xmin": 561, "ymin": 238, "ymax": 568, "xmax": 1098}}], [{"tid": 0, "generated": 0, "bbox": {"xmin": 327, "ymin": 453, "ymax": 517, "xmax": 471}}, {"tid": 1, "generated": 0, "bbox": {"xmin": 560, "ymin": 236, "ymax": 568, "xmax": 1095}}], [{"tid": 0, "generated": 0, "bbox": {"xmin": 321, "ymin": 451, "ymax": 515, "xmax": 469}}, {"tid": 1, "generated": 0, "bbox": {"xmin": 556, "ymin": 234, "ymax": 565, "xmax": 1093}}], [{"tid": 0, "generated": 0, "bbox": {"xmin": 323, "ymin": 451, "ymax": 515, "xmax": 474}}, {"tid": 1, "generated": 0, "bbox": {"xmin": 558, "ymin": 234, "ymax": 568, "xmax": 1093}}], [{"tid": 0, "generated": 0, "bbox": {"xmin": 320, "ymin": 455, "ymax": 520, "xmax": 471}}, {"tid": 1, "generated": 0, "bbox": {"xmin": 554, "ymin": 238, "ymax": 568, "xmax": 1091}}], [{"tid": 0, "generated": 0, "bbox": {"xmin": 316, "ymin": 448, "ymax": 515, "xmax": 465}}, {"tid": 1, "generated": 0, "bbox": {"xmin": 551, "ymin": 232, "ymax": 563, "xmax": 1088}}], [{"tid": 0, "generated": 0, "bbox": {"xmin": 318, "ymin": 464, "ymax": 526, "xmax": 464}}, {"tid": 1, "generated": 0, "bbox": {"xmin": 549, "ymin": 243, "ymax": 574, "xmax": 1086}}], [{"tid": 0, "generated": 0, "bbox": {"xmin": 316, "ymin": 464, "ymax": 528, "xmax": 462}}, {"tid": 1, "generated": 0, "bbox": {"xmin": 551, "ymin": 247, "ymax": 577, "xmax": 1088}}], [{"tid": 0, "generated": 0, "bbox": {"xmin": 311, "ymin": 453, "ymax": 517, "xmax": 458}}, {"tid": 1, "generated": 0, "bbox": {"xmin": 545, "ymin": 236, "ymax": 565, "xmax": 1080}}], [{"tid": 0, "generated": 0, "bbox": {"xmin": 312, "ymin": 453, "ymax": 513, "xmax": 458}}, {"tid": 1, "generated": 0, "bbox": {"xmin": 545, "ymin": 231, "ymax": 561, "xmax": 1080}}], [{"tid": 0, "generated": 0, "bbox": {"xmin": 312, "ymin": 449, "ymax": 515, "xmax": 460}}, {"tid": 1, "generated": 0, "bbox": {"xmin": 543, "ymin": 231, "ymax": 563, "xmax": 1078}}], [], [], [], [], [], [], [], [], [], [], [], [], [], [], [], [], [], [], [], [], [], [], [], [], [], [], [], [], [], [], [], [], [], [], [], [], [], [], [], [], [], [], [], [], [], [], [], [], [], [], [], [], [], [], [], [], [], [], [], [], [], [], [], [], [], [], [], [], [], [], [], [], [], [], [], [{"tid": 0, "generated": 0, "bbox": {"xmin": 243, "ymin": 407, "ymax": 510, "xmax": 385}}, {"tid": 1, "generated": 0, "bbox": {"xmin": 519, "ymin": 231, "ymax": 563, "xmax": 1029}}], [{"tid": 0, "generated": 0, "bbox": {"xmin": 238, "ymin": 412, "ymax": 515, "xmax": 382}}, {"tid": 1, "generated": 0, "bbox": {"xmin": 513, "ymin": 234, "ymax": 567, "xmax": 1024}}], [{"tid": 0, "generated": 0, "bbox": {"xmin": 240, "ymin": 417, "ymax": 519, "xmax": 384}}, {"tid": 1, "generated": 0, "bbox": {"xmin": 512, "ymin": 240, "ymax": 572, "xmax": 1022}}], [{"tid": 0, "generated": 0, "bbox": {"xmin": 236, "ymin": 420, "ymax": 521, "xmax": 381}}, {"tid": 1, "generated": 0, "bbox": {"xmin": 508, "ymin": 241, "ymax": 572, "xmax": 1018}}], [{"tid": 0, "generated": 0, "bbox": {"xmin": 232, "ymin": 424, "ymax": 524, "xmax": 378}}, {"tid": 1, "generated": 0, "bbox": {"xmin": 508, "ymin": 243, "ymax": 574, "xmax": 1018}}], [{"tid": 0, "generated": 0, "bbox": {"xmin": 229, "ymin": 417, "ymax": 517, "xmax": 375}}, {"tid": 1, "generated": 0, "bbox": {"xmin": 504, "ymin": 238, "ymax": 568, "xmax": 1015}}], [{"tid": 0, "generated": 0, "bbox": {"xmin": 224, "ymin": 421, "ymax": 520, "xmax": 371}}, {"tid": 1, "generated": 0, "bbox": {"xmin": 504, "ymin": 241, "ymax": 572, "xmax": 1015}}], [{"tid": 0, "generated": 0, "bbox": {"xmin": 220, "ymin": 417, "ymax": 517, "xmax": 368}}, {"tid": 1, "generated": 0, "bbox": {"xmin": 501, "ymin": 240, "ymax": 570, "xmax": 1011}}], [{"tid": 0, "generated": 0, "bbox": {"xmin": 216, "ymin": 419, "ymax": 517, "xmax": 368}}, {"tid": 1, "generated": 0, "bbox": {"xmin": 499, "ymin": 238, "ymax": 568, "xmax": 1009}}], [{"tid": 0, "generated": 0, "bbox": {"xmin": 215, "ymin": 424, "ymax": 522, "xmax": 364}}, {"tid": 1, "generated": 0, "bbox": {"xmin": 497, "ymin": 245, "ymax": 576, "xmax": 1006}}], [{"tid": 0, "generated": 0, "bbox": {"xmin": 212, "ymin": 428, "ymax": 527, "xmax": 361}}, {"tid": 1, "generated": 0, "bbox": {"xmin": 496, "ymin": 245, "ymax": 579, "xmax": 1002}}], [{"tid": 0, "generated": 0, "bbox": {"xmin": 209, "ymin": 432, "ymax": 533, "xmax": 359}}, {"tid": 1, "generated": 0, "bbox": {"xmin": 496, "ymin": 254, "ymax": 584, "xmax": 1004}}], [{"tid": 0, "generated": 0, "bbox": {"xmin": 208, "ymin": 433, "ymax": 533, "xmax": 359}}, {"tid": 1, "generated": 0, "bbox": {"xmin": 494, "ymin": 252, "ymax": 583, "xmax": 1002}}], [{"tid": 0, "generated": 0, "bbox": {"xmin": 199, "ymin": 433, "ymax": 531, "xmax": 352}}, {"tid": 1, "generated": 0, "bbox": {"xmin": 487, "ymin": 252, "ymax": 583, "xmax": 995}}], [{"tid": 0, "generated": 0, "bbox": {"xmin": 202, "ymin": 435, "ymax": 531, "xmax": 357}}, {"tid": 1, "generated": 0, "bbox": {"xmin": 492, "ymin": 254, "ymax": 584, "xmax": 1002}}], [{"tid": 0, "generated": 0, "bbox": {"xmin": 199, "ymin": 439, "ymax": 533, "xmax": 355}}, {"tid": 1, "generated": 0, "bbox": {"xmin": 487, "ymin": 257, "ymax": 588, "xmax": 997}}], [{"tid": 0, "generated": 0, "bbox": {"xmin": 193, "ymin": 442, "ymax": 536, "xmax": 352}}, {"tid": 1, "generated": 0, "bbox": {"xmin": 481, "ymin": 257, "ymax": 588, "xmax": 990}}], [{"tid": 0, "generated": 0, "bbox": {"xmin": 197, "ymin": 444, "ymax": 535, "xmax": 359}}, {"tid": 1, "generated": 0, "bbox": {"xmin": 478, "ymin": 256, "ymax": 590, "xmax": 988}}], [{"tid": 0, "generated": 0, "bbox": {"xmin": 195, "ymin": 446, "ymax": 535, "xmax": 355}}, {"tid": 1, "generated": 0, "bbox": {"xmin": 478, "ymin": 256, "ymax": 589, "xmax": 988}}], [{"tid": 0, "generated": 0, "bbox": {"xmin": 199, "ymin": 446, "ymax": 535, "xmax": 359}}, {"tid": 1, "generated": 0, "bbox": {"xmin": 478, "ymin": 256, "ymax": 588, "xmax": 988}}], [{"tid": 0, "generated": 0, "bbox": {"xmin": 197, "ymin": 449, "ymax": 536, "xmax": 362}}, {"tid": 1, "generated": 0, "bbox": {"xmin": 476, "ymin": 259, "ymax": 590, "xmax": 986}}], [{"tid": 0, "generated": 0, "bbox": {"xmin": 202, "ymin": 456, "ymax": 540, "xmax": 368}}, {"tid": 1, "generated": 0, "bbox": {"xmin": 480, "ymin": 261, "ymax": 595, "xmax": 988}}], [{"tid": 0, "generated": 0, "bbox": {"xmin": 200, "ymin": 456, "ymax": 538, "xmax": 366}}, {"tid": 1, "generated": 0, "bbox": {"xmin": 478, "ymin": 264, "ymax": 593, "xmax": 986}}], [{"tid": 0, "generated": 0, "bbox": {"xmin": 206, "ymin": 465, "ymax": 540, "xmax": 369}}, {"tid": 1, "generated": 0, "bbox": {"xmin": 481, "ymin": 266, "ymax": 600, "xmax": 988}}], [{"tid": 0, "generated": 0, "bbox": {"xmin": 200, "ymin": 469, "ymax": 538, "xmax": 368}}, {"tid": 1, "generated": 0, "bbox": {"xmin": 476, "ymin": 268, "ymax": 600, "xmax": 984}}], [{"tid": 0, "generated": 0, "bbox": {"xmin": 218, "ymin": 462, "ymax": 531, "xmax": 371}}, {"tid": 1, "generated": 0, "bbox": {"xmin": 480, "ymin": 261, "ymax": 592, "xmax": 984}}], [{"tid": 0, "generated": 0, "bbox": {"xmin": 222, "ymin": 460, "ymax": 526, "xmax": 375}}, {"tid": 1, "generated": 0, "bbox": {"xmin": 481, "ymin": 259, "ymax": 588, "xmax": 990}}], [{"tid": 0, "generated": 0, "bbox": {"xmin": 222, "ymin": 462, "ymax": 526, "xmax": 375}}, {"tid": 1, "generated": 0, "bbox": {"xmin": 483, "ymin": 257, "ymax": 590, "xmax": 993}}], [{"tid": 0, "generated": 0, "bbox": {"xmin": 224, "ymin": 464, "ymax": 528, "xmax": 375}}, {"tid": 1, "generated": 0, "bbox": {"xmin": 483, "ymin": 259, "ymax": 590, "xmax": 995}}], [{"tid": 0, "generated": 0, "bbox": {"xmin": 232, "ymin": 469, "ymax": 531, "xmax": 375}}, {"tid": 1, "generated": 0, "bbox": {"xmin": 485, "ymin": 264, "ymax": 595, "xmax": 993}}], [], [], [], [], [], [], [], [], [], [], [], [], [], [], [], [], [], [], [], [], [], [], [], [], [], [], [], [], [], [], [], [], [], [], [], [], [], [], [], [], [], [], [], [], [], [], [], [], [], [], [], [], [], [], [], [], [], [], [], [], [{"tid": 0, "generated": 0, "bbox": {"xmin": 369, "ymin": 446, "ymax": 508, "xmax": 465}}, {"tid": 1, "generated": 0, "bbox": {"xmin": 590, "ymin": 227, "ymax": 572, "xmax": 1059}}], [{"tid": 0, "generated": 0, "bbox": {"xmin": 373, "ymin": 444, "ymax": 503, "xmax": 472}}, {"tid": 1, "generated": 0, "bbox": {"xmin": 597, "ymin": 222, "ymax": 572, "xmax": 1063}}], [{"tid": 0, "generated": 0, "bbox": {"xmin": 376, "ymin": 440, "ymax": 500, "xmax": 471}}, {"tid": 1, "generated": 0, "bbox": {"xmin": 595, "ymin": 220, "ymax": 570, "xmax": 1068}}], [{"tid": 0, "generated": 0, "bbox": {"xmin": 380, "ymin": 437, "ymax": 497, "xmax": 471}}, {"tid": 1, "generated": 0, "bbox": {"xmin": 586, "ymin": 216, "ymax": 565, "xmax": 1072}}], [{"tid": 0, "generated": 0, "bbox": {"xmin": 383, "ymin": 434, "ymax": 494, "xmax": 473}}, {"tid": 1, "generated": 0, "bbox": {"xmin": 583, "ymin": 216, "ymax": 565, "xmax": 1075}}], [{"tid": 0, "generated": 0, "bbox": {"xmin": 387, "ymin": 432, "ymax": 492, "xmax": 476}}, {"tid": 1, "generated": 0, "bbox": {"xmin": 583, "ymin": 213, "ymax": 558, "xmax": 1077}}], [{"tid": 0, "generated": 0, "bbox": {"xmin": 390, "ymin": 426, "ymax": 487, "xmax": 479}}, {"tid": 1, "generated": 0, "bbox": {"xmin": 584, "ymin": 209, "ymax": 554, "xmax": 1081}}], [{"tid": 0, "generated": 0, "bbox": {"xmin": 394, "ymin": 421, "ymax": 482, "xmax": 482}}, {"tid": 1, "generated": 0, "bbox": {"xmin": 586, "ymin": 206, "ymax": 550, "xmax": 1085}}], [{"tid": 0, "generated": 0, "bbox": {"xmin": 398, "ymin": 416, "ymax": 478, "xmax": 485}}, {"tid": 1, "generated": 0, "bbox": {"xmin": 588, "ymin": 202, "ymax": 546, "xmax": 1089}}], [{"tid": 0, "generated": 0, "bbox": {"xmin": 401, "ymin": 416, "ymax": 476, "xmax": 490}}, {"tid": 1, "generated": 0, "bbox": {"xmin": 590, "ymin": 199, "ymax": 542, "xmax": 1093}}], [{"tid": 0, "generated": 0, "bbox": {"xmin": 405, "ymin": 412, "ymax": 471, "xmax": 497}}, {"tid": 1, "generated": 0, "bbox": {"xmin": 593, "ymin": 196, "ymax": 538, "xmax": 1097}}], [{"tid": 0, "generated": 0, "bbox": {"xmin": 407, "ymin": 408, "ymax": 469, "xmax": 497}}, {"tid": 1, "generated": 0, "bbox": {"xmin": 596, "ymin": 193, "ymax": 535, "xmax": 1101}}], [{"tid": 0, "generated": 0, "bbox": {"xmin": 416, "ymin": 405, "ymax": 467, "xmax": 503}}, {"tid": 1, "generated": 0, "bbox": {"xmin": 599, "ymin": 190, "ymax": 532, "xmax": 1105}}], [{"tid": 0, "generated": 0, "bbox": {"xmin": 421, "ymin": 403, "ymax": 465, "xmax": 504}}, {"tid": 1, "generated": 0, "bbox": {"xmin": 602, "ymin": 187, "ymax": 529, "xmax": 1109}}], [{"tid": 0, "generated": 0, "bbox": {"xmin": 423, "ymin": 398, "ymax": 461, "xmax": 503}}, {"tid": 1, "generated": 0, "bbox": {"xmin": 606, "ymin": 184, "ymax": 526, "xmax": 1114}}], [{"tid": 0, "generated": 0, "bbox": {"xmin": 426, "ymin": 394, "ymax": 458, "xmax": 503}}, {"tid": 1, "generated": 0, "bbox": {"xmin": 609, "ymin": 179, "ymax": 522, "xmax": 1114}}], [{"tid": 0, "generated": 0, "bbox": {"xmin": 430, "ymin": 384, "ymax": 455, "xmax": 504}}, {"tid": 1, "generated": 0, "bbox": {"xmin": 609, "ymin": 177, "ymax": 519, "xmax": 1114}}], [{"tid": 0, "generated": 0, "bbox": {"xmin": 440, "ymin": 382, "ymax": 448, "xmax": 517}}, {"tid": 1, "generated": 0, "bbox": {"xmin": 618, "ymin": 170, "ymax": 512, "xmax": 1123}}], [{"tid": 0, "generated": 0, "bbox": {"xmin": 440, "ymin": 378, "ymax": 444, "xmax": 519}}, {"tid": 1, "generated": 0, "bbox": {"xmin": 624, "ymin": 167, "ymax": 508, "xmax": 1130}}], [{"tid": 0, "generated": 0, "bbox": {"xmin": 446, "ymin": 368, "ymax": 433, "xmax": 524}}, {"tid": 1, "generated": 0, "bbox": {"xmin": 627, "ymin": 161, "ymax": 503, "xmax": 1134}}], [{"tid": 0, "generated": 0, "bbox": {"xmin": 448, "ymin": 367, "ymax": 432, "xmax": 527}}, {"tid": 1, "generated": 0, "bbox": {"xmin": 630, "ymin": 158, "ymax": 500, "xmax": 1138}}], [{"tid": 0, "generated": 0, "bbox": {"xmin": 451, "ymin": 366, "ymax": 432, "xmax": 531}}, {"tid": 1, "generated": 0, "bbox": {"xmin": 634, "ymin": 156, "ymax": 497, "xmax": 1143}}], [{"tid": 0, "generated": 0, "bbox": {"xmin": 462, "ymin": 366, "ymax": 432, "xmax": 544}}, {"tid": 1, "generated": 0, "bbox": {"xmin": 645, "ymin": 158, "ymax": 499, "xmax": 1153}}], [{"tid": 0, "generated": 0, "bbox": {"xmin": 465, "ymin": 364, "ymax": 430, "xmax": 548}}, {"tid": 1, "generated": 0, "bbox": {"xmin": 648, "ymin": 151, "ymax": 492, "xmax": 1157}}], [{"tid": 0, "generated": 0, "bbox": {"xmin": 468, "ymin": 362, "ymax": 428, "xmax": 553}}, {"tid": 1, "generated": 0, "bbox": {"xmin": 648, "ymin": 151, "ymax": 492, "xmax": 1157}}], [{"tid": 0, "generated": 0, "bbox": {"xmin": 472, "ymin": 360, "ymax": 426, "xmax": 558}}, {"tid": 1, "generated": 0, "bbox": {"xmin": 657, "ymin": 152, "ymax": 494, "xmax": 1166}}], [{"tid": 0, "generated": 0, "bbox": {"xmin": 476, "ymin": 352, "ymax": 417, "xmax": 563}}, {"tid": 1, "generated": 0, "bbox": {"xmin": 664, "ymin": 145, "ymax": 487, "xmax": 1173}}], [{"tid": 0, "generated": 0, "bbox": {"xmin": 478, "ymin": 352, "ymax": 417, "xmax": 565}}, {"tid": 1, "generated": 0, "bbox": {"xmin": 664, "ymin": 142, "ymax": 483, "xmax": 1173}}], [{"tid": 0, "generated": 0, "bbox": {"xmin": 484, "ymin": 351, "ymax": 416, "xmax": 570}}, {"tid": 1, "generated": 0, "bbox": {"xmin": 668, "ymin": 138, "ymax": 480, "xmax": 1175}}], [{"tid": 0, "generated": 0, "bbox": {"xmin": 490, "ymin": 350, "ymax": 416, "xmax": 576}}, {"tid": 1, "generated": 0, "bbox": {"xmin": 677, "ymin": 138, "ymax": 480, "xmax": 1184}}], [], [], [], [], [], [], [], [], [], [], [], [], [], [], [], [], [], [], [], [], [], [], [], [], [], [], [], [], [], [], [], [], [], [], [], [], [], [], [], [], [], [], [], [], [], [], [], [], [], [], [], [], [], [], [], [], [], [], [], [], [], [], [], [], [], [], [], [], [], [], [], [], [], [], [], [], [], [], [], [], [], [], [], [], [], [], [], [], [], [], [{"tid": 0, "generated": 0, "bbox": {"xmin": 520, "ymin": 286, "ymax": 368, "xmax": 632}}, {"tid": 1, "generated": 0, "bbox": {"xmin": 714, "ymin": 80, "ymax": 414, "xmax": 1219}}], [{"tid": 0, "generated": 0, "bbox": {"xmin": 515, "ymin": 282, "ymax": 362, "xmax": 631}}, {"tid": 1, "generated": 0, "bbox": {"xmin": 709, "ymin": 76, "ymax": 408, "xmax": 1216}}], [{"tid": 0, "generated": 0, "bbox": {"xmin": 515, "ymin": 288, "ymax": 368, "xmax": 631}}, {"tid": 1, "generated": 0, "bbox": {"xmin": 709, "ymin": 81, "ymax": 417, "xmax": 1212}}], [{"tid": 0, "generated": 0, "bbox": {"xmin": 510, "ymin": 286, "ymax": 368, "xmax": 624}}, {"tid": 1, "generated": 0, "bbox": {"xmin": 706, "ymin": 82, "ymax": 418, "xmax": 1209}}], [{"tid": 0, "generated": 0, "bbox": {"xmin": 509, "ymin": 287, "ymax": 369, "xmax": 623}}, {"tid": 1, "generated": 0, "bbox": {"xmin": 703, "ymin": 83, "ymax": 419, "xmax": 1207}}], [{"tid": 0, "generated": 0, "bbox": {"xmin": 508, "ymin": 289, "ymax": 371, "xmax": 622}}, {"tid": 1, "generated": 0, "bbox": {"xmin": 700, "ymin": 85, "ymax": 421, "xmax": 1205}}], [{"tid": 0, "generated": 0, "bbox": {"xmin": 503, "ymin": 291, "ymax": 373, "xmax": 617}}, {"tid": 1, "generated": 0, "bbox": {"xmin": 698, "ymin": 85, "ymax": 420, "xmax": 1203}}], [{"tid": 0, "generated": 0, "bbox": {"xmin": 499, "ymin": 293, "ymax": 375, "xmax": 613}}, {"tid": 1, "generated": 0, "bbox": {"xmin": 696, "ymin": 86, "ymax": 419, "xmax": 1202}}], [{"tid": 0, "generated": 0, "bbox": {"xmin": 504, "ymin": 291, "ymax": 373, "xmax": 618}}, {"tid": 1, "generated": 0, "bbox": {"xmin": 695, "ymin": 87, "ymax": 419, "xmax": 1201}}], [{"tid": 0, "generated": 0, "bbox": {"xmin": 497, "ymin": 293, "ymax": 375, "xmax": 611}}, {"tid": 1, "generated": 0, "bbox": {"xmin": 691, "ymin": 89, "ymax": 421, "xmax": 1197}}], [{"tid": 0, "generated": 0, "bbox": {"xmin": 492, "ymin": 295, "ymax": 375, "xmax": 606}}, {"tid": 1, "generated": 0, "bbox": {"xmin": 687, "ymin": 92, "ymax": 424, "xmax": 1194}}], [{"tid": 0, "generated": 0, "bbox": {"xmin": 489, "ymin": 298, "ymax": 378, "xmax": 603}}, {"tid": 1, "generated": 0, "bbox": {"xmin": 683, "ymin": 94, "ymax": 427, "xmax": 1190}}], [{"tid": 0, "generated": 0, "bbox": {"xmin": 487, "ymin": 302, "ymax": 382, "xmax": 600}}, {"tid": 1, "generated": 0, "bbox": {"xmin": 680, "ymin": 97, "ymax": 430, "xmax": 1187}}], [{"tid": 0, "generated": 0, "bbox": {"xmin": 488, "ymin": 302, "ymax": 382, "xmax": 602}}, {"tid": 1, "generated": 0, "bbox": {"xmin": 679, "ymin": 99, "ymax": 432, "xmax": 1185}}], [{"tid": 0, "generated": 0, "bbox": {"xmin": 485, "ymin": 304, "ymax": 384, "xmax": 597}}, {"tid": 1, "generated": 0, "bbox": {"xmin": 675, "ymin": 101, "ymax": 434, "xmax": 1181}}], [{"tid": 0, "generated": 0, "bbox": {"xmin": 480, "ymin": 307, "ymax": 387, "xmax": 593}}, {"tid": 1, "generated": 0, "bbox": {"xmin": 672, "ymin": 103, "ymax": 437, "xmax": 1178}}], [{"tid": 0, "generated": 0, "bbox": {"xmin": 478, "ymin": 307, "ymax": 387, "xmax": 592}}, {"tid": 1, "generated": 0, "bbox": {"xmin": 669, "ymin": 103, "ymax": 438, "xmax": 1175}}], [{"tid": 0, "generated": 0, "bbox": {"xmin": 476, "ymin": 311, "ymax": 389, "xmax": 590}}, {"tid": 1, "generated": 0, "bbox": {"xmin": 666, "ymin": 104, "ymax": 440, "xmax": 1173}}], [{"tid": 0, "generated": 0, "bbox": {"xmin": 469, "ymin": 311, "ymax": 391, "xmax": 584}}, {"tid": 1, "generated": 0, "bbox": {"xmin": 663, "ymin": 108, "ymax": 444, "xmax": 1168}}], [{"tid": 0, "generated": 0, "bbox": {"xmin": 465, "ymin": 307, "ymax": 387, "xmax": 581}}, {"tid": 1, "generated": 0, "bbox": {"xmin": 659, "ymin": 104, "ymax": 440, "xmax": 1164}}], [{"tid": 0, "generated": 0, "bbox": {"xmin": 462, "ymin": 305, "ymax": 385, "xmax": 577}}, {"tid": 1, "generated": 0, "bbox": {"xmin": 655, "ymin": 102, "ymax": 438, "xmax": 1159}}], [{"tid": 0, "generated": 0, "bbox": {"xmin": 460, "ymin": 304, "ymax": 384, "xmax": 574}}, {"tid": 1, "generated": 0, "bbox": {"xmin": 652, "ymin": 101, "ymax": 437, "xmax": 1155}}], [{"tid": 0, "generated": 0, "bbox": {"xmin": 462, "ymin": 307, "ymax": 389, "xmax": 574}}, {"tid": 1, "generated": 0, "bbox": {"xmin": 652, "ymin": 104, "ymax": 440, "xmax": 1155}}], [{"tid": 0, "generated": 0, "bbox": {"xmin": 455, "ymin": 311, "ymax": 391, "xmax": 568}}, {"tid": 1, "generated": 0, "bbox": {"xmin": 645, "ymin": 106, "ymax": 440, "xmax": 1150}}], [{"tid": 0, "generated": 0, "bbox": {"xmin": 455, "ymin": 311, "ymax": 391, "xmax": 567}}, {"tid": 1, "generated": 0, "bbox": {"xmin": 646, "ymin": 106, "ymax": 441, "xmax": 1149}}], [{"tid": 0, "generated": 0, "bbox": {"xmin": 456, "ymin": 311, "ymax": 392, "xmax": 567}}, {"tid": 1, "generated": 0, "bbox": {"xmin": 647, "ymin": 106, "ymax": 442, "xmax": 1148}}], [{"tid": 0, "generated": 0, "bbox": {"xmin": 453, "ymin": 314, "ymax": 396, "xmax": 563}}, {"tid": 1, "generated": 0, "bbox": {"xmin": 643, "ymin": 108, "ymax": 444, "xmax": 1144}}], [{"tid": 0, "generated": 0, "bbox": {"xmin": 451, "ymin": 314, "ymax": 398, "xmax": 565}}, {"tid": 1, "generated": 0, "bbox": {"xmin": 643, "ymin": 110, "ymax": 444, "xmax": 1146}}], [{"tid": 0, "generated": 0, "bbox": {"xmin": 448, "ymin": 312, "ymax": 396, "xmax": 562}}, {"tid": 1, "generated": 0, "bbox": {"xmin": 639, "ymin": 110, "ymax": 443, "xmax": 1143}}], [{"tid": 0, "generated": 0, "bbox": {"xmin": 446, "ymin": 311, "ymax": 394, "xmax": 560}}, {"tid": 1, "generated": 0, "bbox": {"xmin": 636, "ymin": 110, "ymax": 442, "xmax": 1141}}]], "subject/objects": [{"category": "snake", "tid": 0}, {"category": "bird", "tid": 1}], "relation_instances": [{"end_fid": 30, "subject_tid": 0, "predicate": "lie_next_to", "begin_fid": 0, "object_tid": 1}, {"end_fid": 30, "subject_tid": 0, "predicate": "lie_left", "begin_fid": 0, "object_tid": 1}, {"end_fid": 30, "subject_tid": 1, "predicate": "stand_next_to", "begin_fid": 0, "object_tid": 0}, {"end_fid": 30, "subject_tid": 1, "predicate": "stand_right", "begin_fid": 0, "object_tid": 0}, {"end_fid": 30, "subject_tid": 1, "predicate": "taller", "begin_fid": 0, "object_tid": 0}, {"end_fid": 30, "subject_tid": 1, "predicate": "larger", "begin_fid": 0, "object_tid": 0}, {"end_fid": 30, "subject_tid": 1, "predicate": "watch", "begin_fid": 0, "object_tid": 0}, {"end_fid": 135, "subject_tid": 0, "predicate": "creep_next_to", "begin_fid": 105, "object_tid": 1}, {"end_fid": 135, "subject_tid": 0, "predicate": "creep_left", "begin_fid": 105, "object_tid": 1}, {"end_fid": 135, "subject_tid": 1, "predicate": "stand_next_to", "begin_fid": 105, "object_tid": 0}, {"end_fid": 135, "subject_tid": 1, "predicate": "stand_right", "begin_fid": 105, "object_tid": 0}, {"end_fid": 135, "subject_tid": 1, "predicate": "taller", "begin_fid": 105, "object_tid": 0}, {"end_fid": 135, "subject_tid": 1, "predicate": "larger", "begin_fid": 105, "object_tid": 0}, {"end_fid": 135, "subject_tid": 1, "predicate": "watch", "begin_fid": 105, "object_tid": 0}, {"end_fid": 225, "subject_tid": 0, "predicate": "lie_next_to", "begin_fid": 195, "object_tid": 1}, {"end_fid": 225, "subject_tid": 0, "predicate": "lie_left", "begin_fid": 195, "object_tid": 1}, {"end_fid": 225, "subject_tid": 1, "predicate": "walk_next_to", "begin_fid": 195, "object_tid": 0}, {"end_fid": 225, "subject_tid": 1, "predicate": "walk_right", "begin_fid": 195, "object_tid": 0}, {"end_fid": 225, "subject_tid": 1, "predicate": "taller", "begin_fid": 195, "object_tid": 0}, {"end_fid": 225, "subject_tid": 1, "predicate": "larger", "begin_fid": 195, "object_tid": 0}, {"end_fid": 225, "subject_tid": 1, "predicate": "watch", "begin_fid": 195, "object_tid": 0}, {"end_fid": 345, "subject_tid": 0, "predicate": "lie_next_to", "begin_fid": 315, "object_tid": 1}, {"end_fid": 345, "subject_tid": 0, "predicate": "lie_left", "begin_fid": 315, "object_tid": 1}, {"end_fid": 345, "subject_tid": 1, "predicate": "stand_next_to", "begin_fid": 315, "object_tid": 0}, {"end_fid": 345, "subject_tid": 1, "predicate": "stand_right", "begin_fid": 315, "object_tid": 0}, {"end_fid": 345, "subject_tid": 1, "predicate": "taller", "begin_fid": 315, "object_tid": 0}, {"end_fid": 345, "subject_tid": 1, "predicate": "larger", "begin_fid": 315, "object_tid": 0}, {"end_fid": 345, "subject_tid": 1, "predicate": "watch", "begin_fid": 315, "object_tid": 0}], "height": 720}