{"width": 1280, "frame_count": 75, "video_id": "ILSVRC2015_train_00127000", "fps": 29, "trajectories": [[{"tid": 0, "generated": 0, "bbox": {"xmin": 328, "ymin": 149, "ymax": 716, "xmax": 800}}, {"tid": 1, "generated": 0, "bbox": {"xmin": 1, "ymin": 469, "ymax": 686, "xmax": 170}}, {"tid": 2, "generated": 0, "bbox": {"xmin": 592, "ymin": 30, "ymax": 586, "xmax": 793}}], [{"tid": 0, "generated": 0, "bbox": {"xmin": 328, "ymin": 139, "ymax": 715, "xmax": 806}}, {"tid": 1, "generated": 0, "bbox": {"xmin": 1, "ymin": 469, "ymax": 686, "xmax": 170}}, {"tid": 2, "generated": 0, "bbox": {"xmin": 597, "ymin": 24, "ymax": 586, "xmax": 800}}], [{"tid": 0, "generated": 0, "bbox": {"xmin": 328, "ymin": 129, "ymax": 714, "xmax": 813}}, {"tid": 1, "generated": 0, "bbox": {"xmin": 1, "ymin": 469, "ymax": 686, "xmax": 170}}, {"tid": 2, "generated": 0, "bbox": {"xmin": 602, "ymin": 19, "ymax": 586, "xmax": 806}}], [{"tid": 0, "generated": 0, "bbox": {"xmin": 328, "ymin": 119, "ymax": 713, "xmax": 819}}, {"tid": 1, "generated": 0, "bbox": {"xmin": 1, "ymin": 469, "ymax": 686, "xmax": 170}}, {"tid": 2, "generated": 0, "bbox": {"xmin": 607, "ymin": 13, "ymax": 586, "xmax": 813}}], [{"tid": 0, "generated": 0, "bbox": {"xmin": 328, "ymin": 110, "ymax": 712, "xmax": 826}}, {"tid": 1, "generated": 0, "bbox": {"xmin": 1, "ymin": 469, "ymax": 686, "xmax": 170}}, {"tid": 2, "generated": 0, "bbox": {"xmin": 612, "ymin": 8, "ymax": 586, "xmax": 819}}], [{"tid": 0, "generated": 0, "bbox": {"xmin": 307, "ymin": 104, "ymax": 714, "xmax": 837}}, {"tid": 1, "generated": 0, "bbox": {"xmin": 1, "ymin": 469, "ymax": 686, "xmax": 170}}, {"tid": 2, "generated": 0, "bbox": {"xmin": 617, "ymin": 2, "ymax": 586, "xmax": 826}}], [{"tid": 0, "generated": 0, "bbox": {"xmin": 448, "ymin": 101, "ymax": 716, "xmax": 828}}, {"tid": 1, "generated": 0, "bbox": {"xmin": 1, "ymin": 469, "ymax": 686, "xmax": 170}}, {"tid": 2, "generated": 0, "bbox": {"xmin": 623, "ymin": 2, "ymax": 590, "xmax": 833}}], [{"tid": 0, "generated": 0, "bbox": {"xmin": 474, "ymin": 97, "ymax": 711, "xmax": 833}}, {"tid": 1, "generated": 0, "bbox": {"xmin": 1, "ymin": 469, "ymax": 686, "xmax": 170}}, {"tid": 2, "generated": 0, "bbox": {"xmin": 629, "ymin": 2, "ymax": 593, "xmax": 840}}], [{"tid": 0, "generated": 0, "bbox": {"xmin": 481, "ymin": 101, "ymax": 716, "xmax": 832}}, {"tid": 1, "generated": 0, "bbox": {"xmin": 1, "ymin": 469, "ymax": 686, "xmax": 170}}, {"tid": 2, "generated": 0, "bbox": {"xmin": 635, "ymin": 2, "ymax": 597, "xmax": 847}}], [{"tid": 0, "generated": 0, "bbox": {"xmin": 485, "ymin": 94, "ymax": 711, "xmax": 860}}, {"tid": 1, "generated": 0, "bbox": {"xmin": 1, "ymin": 469, "ymax": 686, "xmax": 170}}, {"tid": 2, "generated": 0, "bbox": {"xmin": 641, "ymin": 2, "ymax": 600, "xmax": 854}}], [{"tid": 0, "generated": 0, "bbox": {"xmin": 467, "ymin": 87, "ymax": 711, "xmax": 896}}, {"tid": 1, "generated": 0, "bbox": {"xmin": 1, "ymin": 469, "ymax": 686, "xmax": 170}}, {"tid": 2, "generated": 0, "bbox": {"xmin": 647, "ymin": 2, "ymax": 604, "xmax": 861}}], [{"tid": 0, "generated": 0, "bbox": {"xmin": 458, "ymin": 87, "ymax": 707, "xmax": 931}}, {"tid": 1, "generated": 0, "bbox": {"xmin": 1, "ymin": 469, "ymax": 686, "xmax": 170}}, {"tid": 2, "generated": 0, "bbox": {"xmin": 645, "ymin": 4, "ymax": 606, "xmax": 865}}], [{"tid": 0, "generated": 0, "bbox": {"xmin": 449, "ymin": 87, "ymax": 707, "xmax": 920}}, {"tid": 1, "generated": 0, "bbox": {"xmin": 1, "ymin": 469, "ymax": 686, "xmax": 170}}, {"tid": 2, "generated": 0, "bbox": {"xmin": 642, "ymin": 6, "ymax": 608, "xmax": 869}}], [{"tid": 0, "generated": 0, "bbox": {"xmin": 455, "ymin": 87, "ymax": 707, "xmax": 928}}, {"tid": 1, "generated": 0, "bbox": {"xmin": 1, "ymin": 469, "ymax": 686, "xmax": 170}}, {"tid": 2, "generated": 0, "bbox": {"xmin": 640, "ymin": 9, "ymax": 611, "xmax": 873}}], [{"tid": 0, "generated": 0, "bbox": {"xmin": 453, "ymin": 87, "ymax": 708, "xmax": 916}}, {"tid": 1, "generated": 0, "bbox": {"xmin": 1, "ymin": 469, "ymax": 686, "xmax": 170}}, {"tid": 2, "generated": 0, "bbox": {"xmin": 637, "ymin": 11, "ymax": 613, "xmax": 877}}], [{"tid": 0, "generated": 0, "bbox": {"xmin": 451, "ymin": 87, "ymax": 709, "xmax": 904}}, {"tid": 1, "generated": 0, "bbox": {"xmin": 1, "ymin": 469, "ymax": 686, "xmax": 170}}, {"tid": 2, "generated": 0, "bbox": {"xmin": 635, "ymin": 13, "ymax": 615, "xmax": 881}}], [{"tid": 0, "generated": 0, "bbox": {"xmin": 460, "ymin": 87, "ymax": 709, "xmax": 883}}, {"tid": 1, "generated": 0, "bbox": {"xmin": 1, "ymin": 469, "ymax": 686, "xmax": 170}}, {"tid": 2, "generated": 0, "bbox": {"xmin": 635, "ymin": 11, "ymax": 612, "xmax": 888}}], [{"tid": 0, "generated": 0, "bbox": {"xmin": 469, "ymin": 87, "ymax": 709, "xmax": 862}}, {"tid": 1, "generated": 0, "bbox": {"xmin": 1, "ymin": 462, "ymax": 659, "xmax": 176}}, {"tid": 2, "generated": 0, "bbox": {"xmin": 635, "ymin": 9, "ymax": 608, "xmax": 895}}], [{"tid": 0, "generated": 0, "bbox": {"xmin": 471, "ymin": 87, "ymax": 711, "xmax": 855}}, {"tid": 1, "generated": 0, "bbox": {"xmin": 1, "ymin": 451, "ymax": 647, "xmax": 161}}, {"tid": 2, "generated": 0, "bbox": {"xmin": 635, "ymin": 8, "ymax": 605, "xmax": 903}}], [{"tid": 0, "generated": 0, "bbox": {"xmin": 485, "ymin": 87, "ymax": 714, "xmax": 850}}, {"tid": 1, "generated": 0, "bbox": {"xmin": 5, "ymin": 440, "ymax": 634, "xmax": 208}}, {"tid": 2, "generated": 0, "bbox": {"xmin": 635, "ymin": 6, "ymax": 601, "xmax": 910}}], [{"tid": 0, "generated": 0, "bbox": {"xmin": 499, "ymin": 87, "ymax": 718, "xmax": 846}}, {"tid": 1, "generated": 0, "bbox": {"xmin": 1, "ymin": 430, "ymax": 624, "xmax": 232}}, {"tid": 2, "generated": 0, "bbox": {"xmin": 635, "ymin": 4, "ymax": 598, "xmax": 917}}], [{"tid": 0, "generated": 0, "bbox": {"xmin": 490, "ymin": 84, "ymax": 716, "xmax": 838}}, {"tid": 1, "generated": 0, "bbox": {"xmin": 1, "ymin": 419, "ymax": 615, "xmax": 261}}, {"tid": 2, "generated": 0, "bbox": {"xmin": 635, "ymin": 4, "ymax": 598, "xmax": 917}}], [{"tid": 0, "generated": 0, "bbox": {"xmin": 481, "ymin": 81, "ymax": 714, "xmax": 830}}, {"tid": 1, "generated": 0, "bbox": {"xmin": 1, "ymin": 408, "ymax": 606, "xmax": 273}}, {"tid": 2, "generated": 0, "bbox": {"xmin": 635, "ymin": 4, "ymax": 598, "xmax": 917}}], [{"tid": 0, "generated": 0, "bbox": {"xmin": 472, "ymin": 78, "ymax": 712, "xmax": 823}}, {"tid": 1, "generated": 0, "bbox": {"xmin": 1, "ymin": 407, "ymax": 599, "xmax": 268}}, {"tid": 2, "generated": 0, "bbox": {"xmin": 635, "ymin": 4, "ymax": 598, "xmax": 917}}], [{"tid": 0, "generated": 0, "bbox": {"xmin": 463, "ymin": 91, "ymax": 712, "xmax": 795}}, {"tid": 1, "generated": 0, "bbox": {"xmin": 1, "ymin": 405, "ymax": 588, "xmax": 277}}, {"tid": 2, "generated": 0, "bbox": {"xmin": 635, "ymin": 4, "ymax": 598, "xmax": 917}}], [{"tid": 0, "generated": 0, "bbox": {"xmin": 455, "ymin": 104, "ymax": 712, "xmax": 768}}, {"tid": 1, "generated": 0, "bbox": {"xmin": 1, "ymin": 403, "ymax": 577, "xmax": 286}}, {"tid": 2, "generated": 0, "bbox": {"xmin": 635, "ymin": 4, "ymax": 598, "xmax": 917}}], [{"tid": 0, "generated": 0, "bbox": {"xmin": 455, "ymin": 108, "ymax": 710, "xmax": 760}}, {"tid": 1, "generated": 0, "bbox": {"xmin": 1, "ymin": 401, "ymax": 574, "xmax": 282}}, {"tid": 2, "generated": 0, "bbox": {"xmin": 626, "ymin": 4, "ymax": 608, "xmax": 915}}], [{"tid": 0, "generated": 0, "bbox": {"xmin": 456, "ymin": 112, "ymax": 709, "xmax": 753}}, {"tid": 1, "generated": 0, "bbox": {"xmin": 0, "ymin": 396, "ymax": 579, "xmax": 293}}, {"tid": 2, "generated": 0, "bbox": {"xmin": 617, "ymin": 4, "ymax": 618, "xmax": 913}}], [{"tid": 0, "generated": 0, "bbox": {"xmin": 443, "ymin": 115, "ymax": 707, "xmax": 756}}, {"tid": 1, "generated": 0, "bbox": {"xmin": 0, "ymin": 392, "ymax": 588, "xmax": 298}}, {"tid": 2, "generated": 0, "bbox": {"xmin": 607, "ymin": 4, "ymax": 629, "xmax": 911}}], [{"tid": 0, "generated": 0, "bbox": {"xmin": 430, "ymin": 119, "ymax": 705, "xmax": 760}}, {"tid": 1, "generated": 0, "bbox": {"xmin": 10, "ymin": 389, "ymax": 581, "xmax": 304}}, {"tid": 2, "generated": 0, "bbox": {"xmin": 598, "ymin": 4, "ymax": 639, "xmax": 909}}], [{"tid": 0, "generated": 0, "bbox": {"xmin": 412, "ymin": 124, "ymax": 714, "xmax": 766}}, {"tid": 1, "generated": 0, "bbox": {"xmin": 23, "ymin": 385, "ymax": 572, "xmax": 312}}, {"tid": 2, "generated": 0, "bbox": {"xmin": 589, "ymin": 4, "ymax": 649, "xmax": 907}}], [{"tid": 0, "generated": 0, "bbox": {"xmin": 405, "ymin": 122, "ymax": 711, "xmax": 737}}, {"tid": 1, "generated": 0, "bbox": {"xmin": 35, "ymin": 382, "ymax": 568, "xmax": 314}}, {"tid": 2, "generated": 0, "bbox": {"xmin": 581, "ymin": 4, "ymax": 661, "xmax": 913}}], [{"tid": 0, "generated": 0, "bbox": {"xmin": 412, "ymin": 136, "ymax": 707, "xmax": 714}}, {"tid": 1, "generated": 0, "bbox": {"xmin": 49, "ymin": 378, "ymax": 563, "xmax": 321}}, {"tid": 2, "generated": 0, "bbox": {"xmin": 574, "ymin": 4, "ymax": 673, "xmax": 918}}], [{"tid": 0, "generated": 0, "bbox": {"xmin": 407, "ymin": 140, "ymax": 705, "xmax": 714}}, {"tid": 1, "generated": 0, "bbox": {"xmin": 62, "ymin": 375, "ymax": 558, "xmax": 312}}, {"tid": 2, "generated": 0, "bbox": {"xmin": 566, "ymin": 4, "ymax": 686, "xmax": 924}}], [{"tid": 0, "generated": 0, "bbox": {"xmin": 419, "ymin": 136, "ymax": 702, "xmax": 707}}, {"tid": 1, "generated": 0, "bbox": {"xmin": 76, "ymin": 368, "ymax": 551, "xmax": 312}}, {"tid": 2, "generated": 0, "bbox": {"xmin": 559, "ymin": 4, "ymax": 698, "xmax": 929}}], [{"tid": 0, "generated": 0, "bbox": {"xmin": 407, "ymin": 147, "ymax": 711, "xmax": 689}}, {"tid": 1, "generated": 0, "bbox": {"xmin": 90, "ymin": 362, "ymax": 542, "xmax": 323}}, {"tid": 2, "generated": 0, "bbox": {"xmin": 551, "ymin": 4, "ymax": 710, "xmax": 935}}], [{"tid": 0, "generated": 0, "bbox": {"xmin": 395, "ymin": 142, "ymax": 709, "xmax": 691}}, {"tid": 1, "generated": 0, "bbox": {"xmin": 106, "ymin": 357, "ymax": 535, "xmax": 336}}, {"tid": 2, "generated": 0, "bbox": {"xmin": 546, "ymin": 4, "ymax": 710, "xmax": 939}}], [{"tid": 0, "generated": 0, "bbox": {"xmin": 383, "ymin": 137, "ymax": 708, "xmax": 694}}, {"tid": 1, "generated": 0, "bbox": {"xmin": 113, "ymin": 348, "ymax": 529, "xmax": 346}}, {"tid": 2, "generated": 0, "bbox": {"xmin": 541, "ymin": 4, "ymax": 710, "xmax": 943}}], [{"tid": 0, "generated": 0, "bbox": {"xmin": 371, "ymin": 132, "ymax": 706, "xmax": 697}}, {"tid": 1, "generated": 0, "bbox": {"xmin": 120, "ymin": 339, "ymax": 526, "xmax": 359}}, {"tid": 2, "generated": 0, "bbox": {"xmin": 535, "ymin": 4, "ymax": 710, "xmax": 946}}], [{"tid": 0, "generated": 0, "bbox": {"xmin": 360, "ymin": 128, "ymax": 705, "xmax": 700}}, {"tid": 1, "generated": 0, "bbox": {"xmin": 136, "ymin": 333, "ymax": 518, "xmax": 370}}, {"tid": 2, "generated": 0, "bbox": {"xmin": 530, "ymin": 4, "ymax": 710, "xmax": 950}}], [{"tid": 0, "generated": 0, "bbox": {"xmin": 350, "ymin": 124, "ymax": 709, "xmax": 705}}, {"tid": 1, "generated": 0, "bbox": {"xmin": 152, "ymin": 327, "ymax": 510, "xmax": 381}}, {"tid": 2, "generated": 0, "bbox": {"xmin": 525, "ymin": 4, "ymax": 710, "xmax": 954}}], [{"tid": 0, "generated": 0, "bbox": {"xmin": 362, "ymin": 124, "ymax": 707, "xmax": 723}}, {"tid": 1, "generated": 0, "bbox": {"xmin": 168, "ymin": 321, "ymax": 502, "xmax": 392}}, {"tid": 2, "generated": 0, "bbox": {"xmin": 520, "ymin": 4, "ymax": 710, "xmax": 962}}], [{"tid": 0, "generated": 0, "bbox": {"xmin": 352, "ymin": 145, "ymax": 718, "xmax": 744}}, {"tid": 1, "generated": 0, "bbox": {"xmin": 184, "ymin": 316, "ymax": 494, "xmax": 403}}, {"tid": 2, "generated": 0, "bbox": {"xmin": 515, "ymin": 4, "ymax": 710, "xmax": 971}}], [{"tid": 0, "generated": 0, "bbox": {"xmin": 344, "ymin": 149, "ymax": 718, "xmax": 748}}, {"tid": 1, "generated": 0, "bbox": {"xmin": 188, "ymin": 304, "ymax": 490, "xmax": 412}}, {"tid": 2, "generated": 0, "bbox": {"xmin": 510, "ymin": 4, "ymax": 710, "xmax": 979}}], [{"tid": 0, "generated": 0, "bbox": {"xmin": 366, "ymin": 142, "ymax": 714, "xmax": 755}}, {"tid": 1, "generated": 0, "bbox": {"xmin": 211, "ymin": 307, "ymax": 478, "xmax": 423}}, {"tid": 2, "generated": 0, "bbox": {"xmin": 505, "ymin": 4, "ymax": 710, "xmax": 988}}], [{"tid": 0, "generated": 0, "bbox": {"xmin": 373, "ymin": 145, "ymax": 714, "xmax": 760}}, {"tid": 1, "generated": 0, "bbox": {"xmin": 236, "ymin": 296, "ymax": 465, "xmax": 442}}, {"tid": 2, "generated": 0, "bbox": {"xmin": 500, "ymin": 4, "ymax": 710, "xmax": 996}}], [{"tid": 0, "generated": 0, "bbox": {"xmin": 389, "ymin": 139, "ymax": 711, "xmax": 766}}, {"tid": 1, "generated": 0, "bbox": {"xmin": 248, "ymin": 282, "ymax": 458, "xmax": 462}}, {"tid": 2, "generated": 0, "bbox": {"xmin": 500, "ymin": 4, "ymax": 710, "xmax": 1007}}], [{"tid": 0, "generated": 0, "bbox": {"xmin": 406, "ymin": 134, "ymax": 709, "xmax": 772}}, {"tid": 1, "generated": 0, "bbox": {"xmin": 264, "ymin": 257, "ymax": 451, "xmax": 476}}, {"tid": 2, "generated": 0, "bbox": {"xmin": 500, "ymin": 4, "ymax": 710, "xmax": 1018}}], [{"tid": 0, "generated": 0, "bbox": {"xmin": 423, "ymin": 129, "ymax": 707, "xmax": 778}}, {"tid": 1, "generated": 0, "bbox": {"xmin": 272, "ymin": 254, "ymax": 444, "xmax": 476}}, {"tid": 2, "generated": 0, "bbox": {"xmin": 500, "ymin": 4, "ymax": 710, "xmax": 1029}}], [{"tid": 0, "generated": 0, "bbox": {"xmin": 458, "ymin": 149, "ymax": 705, "xmax": 789}}, {"tid": 1, "generated": 0, "bbox": {"xmin": 288, "ymin": 247, "ymax": 433, "xmax": 485}}, {"tid": 2, "generated": 0, "bbox": {"xmin": 500, "ymin": 4, "ymax": 710, "xmax": 1040}}], [{"tid": 0, "generated": 0, "bbox": {"xmin": 483, "ymin": 142, "ymax": 705, "xmax": 805}}, {"tid": 1, "generated": 0, "bbox": {"xmin": 296, "ymin": 241, "ymax": 421, "xmax": 472}}, {"tid": 2, "generated": 0, "bbox": {"xmin": 500, "ymin": 4, "ymax": 710, "xmax": 1051}}], [{"tid": 0, "generated": 0, "bbox": {"xmin": 487, "ymin": 151, "ymax": 705, "xmax": 849}}, {"tid": 1, "generated": 0, "bbox": {"xmin": 325, "ymin": 236, "ymax": 410, "xmax": 478}}, {"tid": 2, "generated": 0, "bbox": {"xmin": 500, "ymin": 4, "ymax": 710, "xmax": 1074}}], [{"tid": 0, "generated": 0, "bbox": {"xmin": 490, "ymin": 147, "ymax": 705, "xmax": 935}}, {"tid": 1, "generated": 0, "bbox": {"xmin": 319, "ymin": 232, "ymax": 404, "xmax": 486}}, {"tid": 2, "generated": 0, "bbox": {"xmin": 500, "ymin": 4, "ymax": 710, "xmax": 1097}}], [{"tid": 0, "generated": 0, "bbox": {"xmin": 494, "ymin": 160, "ymax": 707, "xmax": 954}}, {"tid": 1, "generated": 0, "bbox": {"xmin": 314, "ymin": 228, "ymax": 399, "xmax": 494}}, {"tid": 2, "generated": 0, "bbox": {"xmin": 500, "ymin": 4, "ymax": 710, "xmax": 1120}}], [{"tid": 0, "generated": 0, "bbox": {"xmin": 497, "ymin": 154, "ymax": 707, "xmax": 958}}, {"tid": 1, "generated": 0, "bbox": {"xmin": 309, "ymin": 224, "ymax": 394, "xmax": 502}}, {"tid": 2, "generated": 0, "bbox": {"xmin": 500, "ymin": 4, "ymax": 710, "xmax": 1143}}], [{"tid": 0, "generated": 0, "bbox": {"xmin": 501, "ymin": 163, "ymax": 709, "xmax": 981}}, {"tid": 1, "generated": 0, "bbox": {"xmin": 304, "ymin": 220, "ymax": 389, "xmax": 510}}, {"tid": 2, "generated": 0, "bbox": {"xmin": 500, "ymin": 4, "ymax": 710, "xmax": 1166}}], [{"tid": 0, "generated": 0, "bbox": {"xmin": 506, "ymin": 174, "ymax": 707, "xmax": 1057}}, {"tid": 1, "generated": 0, "bbox": {"xmin": 298, "ymin": 216, "ymax": 385, "xmax": 517}}, {"tid": 2, "generated": 0, "bbox": {"xmin": 506, "ymin": 4, "ymax": 710, "xmax": 1173}}], [{"tid": 0, "generated": 0, "bbox": {"xmin": 512, "ymin": 188, "ymax": 707, "xmax": 1118}}, {"tid": 1, "generated": 0, "bbox": {"xmin": 300, "ymin": 215, "ymax": 384, "xmax": 520}}, {"tid": 2, "generated": 0, "bbox": {"xmin": 512, "ymin": 4, "ymax": 710, "xmax": 1180}}], [{"tid": 0, "generated": 0, "bbox": {"xmin": 517, "ymin": 179, "ymax": 711, "xmax": 1116}}, {"tid": 1, "generated": 0, "bbox": {"xmin": 307, "ymin": 213, "ymax": 382, "xmax": 524}}, {"tid": 2, "generated": 0, "bbox": {"xmin": 519, "ymin": 4, "ymax": 710, "xmax": 1187}}], [{"tid": 0, "generated": 0, "bbox": {"xmin": 522, "ymin": 184, "ymax": 712, "xmax": 1114}}, {"tid": 1, "generated": 0, "bbox": {"xmin": 314, "ymin": 211, "ymax": 381, "xmax": 528}}, {"tid": 2, "generated": 0, "bbox": {"xmin": 525, "ymin": 4, "ymax": 710, "xmax": 1194}}]], "subject/objects": [{"category": "lion", "tid": 0}, {"category": "lion", "tid": 1}, {"category": "person", "tid": 2}], "relation_instances": [{"end_fid": 30, "subject_tid": 0, "predicate": "stand_right", "begin_fid": 0, "object_tid": 1}, {"end_fid": 30, "subject_tid": 0, "predicate": "taller", "begin_fid": 0, "object_tid": 1}, {"end_fid": 30, "subject_tid": 1, "predicate": "walk_left", "begin_fid": 0, "object_tid": 0}, {"end_fid": 30, "subject_tid": 0, "predicate": "stand_next_to", "begin_fid": 0, "object_tid": 2}, {"end_fid": 30, "subject_tid": 0, "predicate": "stand_front", "begin_fid": 0, "object_tid": 2}, {"end_fid": 30, "subject_tid": 0, "predicate": "stand_with", "begin_fid": 0, "object_tid": 2}, {"end_fid": 30, "subject_tid": 2, "predicate": "stand_behind", "begin_fid": 0, "object_tid": 0}, {"end_fid": 30, "subject_tid": 2, "predicate": "stand_with", "begin_fid": 0, "object_tid": 0}, {"end_fid": 30, "subject_tid": 2, "predicate": "stand_next_to", "begin_fid": 0, "object_tid": 0}, {"end_fid": 30, "subject_tid": 2, "predicate": "taller", "begin_fid": 0, "object_tid": 0}, {"end_fid": 30, "subject_tid": 2, "predicate": "hold", "begin_fid": 0, "object_tid": 0}, {"end_fid": 30, "subject_tid": 1, "predicate": "stand_left", "begin_fid": 0, "object_tid": 2}, {"end_fid": 30, "subject_tid": 2, "predicate": "walk_right", "begin_fid": 0, "object_tid": 1}, {"end_fid": 30, "subject_tid": 2, "predicate": "taller", "begin_fid": 0, "object_tid": 1}, {"end_fid": 60, "subject_tid": 0, "predicate": "walk_front", "begin_fid": 30, "object_tid": 1}, {"end_fid": 60, "subject_tid": 0, "predicate": "taller", "begin_fid": 30, "object_tid": 1}, {"end_fid": 60, "subject_tid": 1, "predicate": "walk_behind", "begin_fid": 30, "object_tid": 0}, {"end_fid": 60, "subject_tid": 0, "predicate": "walk_next_to", "begin_fid": 30, "object_tid": 2}, {"end_fid": 60, "subject_tid": 0, "predicate": "walk_with", "begin_fid": 30, "object_tid": 2}, {"end_fid": 60, "subject_tid": 0, "predicate": "walk_left", "begin_fid": 30, "object_tid": 2}, {"end_fid": 60, "subject_tid": 2, "predicate": "walk_right", "begin_fid": 30, "object_tid": 0}, {"end_fid": 60, "subject_tid": 2, "predicate": "walk_with", "begin_fid": 30, "object_tid": 0}, {"end_fid": 60, "subject_tid": 2, "predicate": "walk_next_to", "begin_fid": 30, "object_tid": 0}, {"end_fid": 60, "subject_tid": 2, "predicate": "hold", "begin_fid": 30, "object_tid": 0}, {"end_fid": 60, "subject_tid": 1, "predicate": "walk_behind", "begin_fid": 30, "object_tid": 2}, {"end_fid": 60, "subject_tid": 1, "predicate": "walk_left", "begin_fid": 30, "object_tid": 2}, {"end_fid": 60, "subject_tid": 2, "predicate": "walk_right", "begin_fid": 30, "object_tid": 1}, {"end_fid": 60, "subject_tid": 2, "predicate": "walk_front", "begin_fid": 30, "object_tid": 1}], "height": 720}