{"width": 480, "frame_count": 450, "video_id": "ILSVRC2015_train_00293000", "fps": 30, "trajectories": [[], [], [], [], [], [], [], [], [], [], [], [], [], [], [], [], [], [], [], [], [], [], [], [], [], [], [], [], [], [], [], [], [], [], [], [], [], [], [], [], [], [], [], [], [], [], [], [], [], [], [], [], [], [], [], [], [], [], [], [], [], [], [], [], [], [], [], [], [], [], [], [], [], [], [], [], [], [], [], [], [], [], [], [], [], [], [], [], [], [], [{"tid": 0, "generated": 0, "bbox": {"xmin": 103, "ymin": 132, "ymax": 262, "xmax": 241}}, {"tid": 1, "generated": 0, "bbox": {"xmin": 221, "ymin": 155, "ymax": 207, "xmax": 271}}], [{"tid": 0, "generated": 0, "bbox": {"xmin": 104, "ymin": 132, "ymax": 262, "xmax": 242}}, {"tid": 1, "generated": 0, "bbox": {"xmin": 221, "ymin": 155, "ymax": 208, "xmax": 272}}], [{"tid": 0, "generated": 0, "bbox": {"xmin": 104, "ymin": 132, "ymax": 262, "xmax": 242}}, {"tid": 1, "generated": 0, "bbox": {"xmin": 220, "ymin": 155, "ymax": 209, "xmax": 273}}], [{"tid": 0, "generated": 0, "bbox": {"xmin": 105, "ymin": 132, "ymax": 262, "xmax": 243}}, {"tid": 1, "generated": 0, "bbox": {"xmin": 220, "ymin": 156, "ymax": 210, "xmax": 274}}], [{"tid": 0, "generated": 0, "bbox": {"xmin": 106, "ymin": 132, "ymax": 262, "xmax": 244}}, {"tid": 1, "generated": 0, "bbox": {"xmin": 219, "ymin": 156, "ymax": 211, "xmax": 275}}], [{"tid": 0, "generated": 0, "bbox": {"xmin": 107, "ymin": 133, "ymax": 263, "xmax": 245}}, {"tid": 1, "generated": 0, "bbox": {"xmin": 219, "ymin": 157, "ymax": 213, "xmax": 276}}], [{"tid": 0, "generated": 0, "bbox": {"xmin": 106, "ymin": 132, "ymax": 262, "xmax": 244}}, {"tid": 1, "generated": 0, "bbox": {"xmin": 219, "ymin": 156, "ymax": 212, "xmax": 277}}], [{"tid": 0, "generated": 0, "bbox": {"xmin": 106, "ymin": 131, "ymax": 261, "xmax": 244}}, {"tid": 1, "generated": 0, "bbox": {"xmin": 220, "ymin": 156, "ymax": 212, "xmax": 278}}], [{"tid": 0, "generated": 0, "bbox": {"xmin": 106, "ymin": 131, "ymax": 261, "xmax": 244}}, {"tid": 1, "generated": 0, "bbox": {"xmin": 221, "ymin": 155, "ymax": 211, "xmax": 279}}], [{"tid": 0, "generated": 0, "bbox": {"xmin": 106, "ymin": 130, "ymax": 260, "xmax": 244}}, {"tid": 1, "generated": 0, "bbox": {"xmin": 221, "ymin": 155, "ymax": 211, "xmax": 280}}], [{"tid": 0, "generated": 0, "bbox": {"xmin": 106, "ymin": 130, "ymax": 260, "xmax": 244}}, {"tid": 1, "generated": 0, "bbox": {"xmin": 222, "ymin": 155, "ymax": 211, "xmax": 281}}], [{"tid": 0, "generated": 0, "bbox": {"xmin": 105, "ymin": 129, "ymax": 259, "xmax": 243}}, {"tid": 1, "generated": 0, "bbox": {"xmin": 223, "ymin": 154, "ymax": 210, "xmax": 282}}], [{"tid": 0, "generated": 0, "bbox": {"xmin": 105, "ymin": 128, "ymax": 258, "xmax": 243}}, {"tid": 1, "generated": 0, "bbox": {"xmin": 223, "ymin": 154, "ymax": 210, "xmax": 283}}], [{"tid": 0, "generated": 0, "bbox": {"xmin": 105, "ymin": 128, "ymax": 258, "xmax": 243}}, {"tid": 1, "generated": 0, "bbox": {"xmin": 224, "ymin": 153, "ymax": 209, "xmax": 284}}], [{"tid": 0, "generated": 0, "bbox": {"xmin": 105, "ymin": 127, "ymax": 257, "xmax": 243}}, {"tid": 1, "generated": 0, "bbox": {"xmin": 225, "ymin": 153, "ymax": 209, "xmax": 285}}], [{"tid": 0, "generated": 0, "bbox": {"xmin": 105, "ymin": 127, "ymax": 257, "xmax": 243}}, {"tid": 1, "generated": 0, "bbox": {"xmin": 226, "ymin": 153, "ymax": 209, "xmax": 287}}], [{"tid": 0, "generated": 0, "bbox": {"xmin": 104, "ymin": 127, "ymax": 257, "xmax": 242}}, {"tid": 1, "generated": 0, "bbox": {"xmin": 226, "ymin": 153, "ymax": 209, "xmax": 287}}], [{"tid": 0, "generated": 0, "bbox": {"xmin": 104, "ymin": 127, "ymax": 257, "xmax": 242}}, {"tid": 1, "generated": 0, "bbox": {"xmin": 226, "ymin": 153, "ymax": 210, "xmax": 288}}], [{"tid": 0, "generated": 0, "bbox": {"xmin": 103, "ymin": 127, "ymax": 257, "xmax": 241}}, {"tid": 1, "generated": 0, "bbox": {"xmin": 226, "ymin": 153, "ymax": 210, "xmax": 289}}], [{"tid": 0, "generated": 0, "bbox": {"xmin": 103, "ymin": 127, "ymax": 257, "xmax": 241}}, {"tid": 1, "generated": 0, "bbox": {"xmin": 226, "ymin": 153, "ymax": 211, "xmax": 290}}], [{"tid": 0, "generated": 0, "bbox": {"xmin": 102, "ymin": 127, "ymax": 257, "xmax": 240}}, {"tid": 1, "generated": 0, "bbox": {"xmin": 226, "ymin": 153, "ymax": 212, "xmax": 291}}], [{"tid": 0, "generated": 0, "bbox": {"xmin": 102, "ymin": 127, "ymax": 257, "xmax": 240}}, {"tid": 1, "generated": 0, "bbox": {"xmin": 226, "ymin": 153, "ymax": 212, "xmax": 291}}], [{"tid": 0, "generated": 0, "bbox": {"xmin": 101, "ymin": 127, "ymax": 257, "xmax": 239}}, {"tid": 1, "generated": 0, "bbox": {"xmin": 226, "ymin": 153, "ymax": 213, "xmax": 292}}], [{"tid": 0, "generated": 0, "bbox": {"xmin": 101, "ymin": 127, "ymax": 257, "xmax": 239}}, {"tid": 1, "generated": 0, "bbox": {"xmin": 226, "ymin": 153, "ymax": 213, "xmax": 293}}], [{"tid": 0, "generated": 0, "bbox": {"xmin": 100, "ymin": 127, "ymax": 257, "xmax": 238}}, {"tid": 1, "generated": 0, "bbox": {"xmin": 226, "ymin": 153, "ymax": 214, "xmax": 294}}], [{"tid": 0, "generated": 0, "bbox": {"xmin": 100, "ymin": 128, "ymax": 258, "xmax": 238}}, {"tid": 1, "generated": 0, "bbox": {"xmin": 226, "ymin": 153, "ymax": 215, "xmax": 295}}], [{"tid": 0, "generated": 0, "bbox": {"xmin": 99, "ymin": 128, "ymax": 258, "xmax": 237}}, {"tid": 1, "generated": 0, "bbox": {"xmin": 226, "ymin": 153, "ymax": 215, "xmax": 295}}], [{"tid": 0, "generated": 0, "bbox": {"xmin": 98, "ymin": 129, "ymax": 259, "xmax": 236}}, {"tid": 1, "generated": 0, "bbox": {"xmin": 226, "ymin": 153, "ymax": 216, "xmax": 296}}], [{"tid": 0, "generated": 0, "bbox": {"xmin": 97, "ymin": 130, "ymax": 260, "xmax": 235}}, {"tid": 1, "generated": 0, "bbox": {"xmin": 226, "ymin": 153, "ymax": 216, "xmax": 297}}], [{"tid": 0, "generated": 0, "bbox": {"xmin": 97, "ymin": 130, "ymax": 260, "xmax": 235}}, {"tid": 1, "generated": 0, "bbox": {"xmin": 226, "ymin": 153, "ymax": 217, "xmax": 297}}], [], [], [], [], [], [], [], [], [], [], [], [], [], [], [], [], [], [], [], [], [], [], [], [], [], [], [], [], [], [], [{"tid": 0, "generated": 0, "bbox": {"xmin": 90, "ymin": 129, "ymax": 259, "xmax": 228}}, {"tid": 1, "generated": 0, "bbox": {"xmin": 217, "ymin": 144, "ymax": 223, "xmax": 331}}], [{"tid": 0, "generated": 0, "bbox": {"xmin": 90, "ymin": 128, "ymax": 258, "xmax": 228}}, {"tid": 1, "generated": 0, "bbox": {"xmin": 217, "ymin": 144, "ymax": 224, "xmax": 332}}], [{"tid": 0, "generated": 0, "bbox": {"xmin": 90, "ymin": 128, "ymax": 258, "xmax": 228}}, {"tid": 1, "generated": 0, "bbox": {"xmin": 216, "ymin": 143, "ymax": 224, "xmax": 333}}], [{"tid": 0, "generated": 0, "bbox": {"xmin": 89, "ymin": 128, "ymax": 258, "xmax": 227}}, {"tid": 1, "generated": 0, "bbox": {"xmin": 216, "ymin": 143, "ymax": 224, "xmax": 334}}], [{"tid": 0, "generated": 0, "bbox": {"xmin": 89, "ymin": 128, "ymax": 258, "xmax": 227}}, {"tid": 1, "generated": 0, "bbox": {"xmin": 215, "ymin": 142, "ymax": 224, "xmax": 335}}], [{"tid": 0, "generated": 0, "bbox": {"xmin": 89, "ymin": 128, "ymax": 258, "xmax": 227}}, {"tid": 1, "generated": 0, "bbox": {"xmin": 215, "ymin": 142, "ymax": 225, "xmax": 337}}], [{"tid": 0, "generated": 0, "bbox": {"xmin": 87, "ymin": 128, "ymax": 258, "xmax": 225}}, {"tid": 1, "generated": 0, "bbox": {"xmin": 214, "ymin": 142, "ymax": 225, "xmax": 337}}], [{"tid": 0, "generated": 0, "bbox": {"xmin": 86, "ymin": 128, "ymax": 258, "xmax": 224}}, {"tid": 1, "generated": 0, "bbox": {"xmin": 214, "ymin": 142, "ymax": 225, "xmax": 338}}], [{"tid": 0, "generated": 0, "bbox": {"xmin": 84, "ymin": 128, "ymax": 258, "xmax": 222}}, {"tid": 1, "generated": 0, "bbox": {"xmin": 214, "ymin": 142, "ymax": 225, "xmax": 338}}], [{"tid": 0, "generated": 0, "bbox": {"xmin": 83, "ymin": 128, "ymax": 258, "xmax": 221}}, {"tid": 1, "generated": 0, "bbox": {"xmin": 214, "ymin": 142, "ymax": 225, "xmax": 339}}], [{"tid": 0, "generated": 0, "bbox": {"xmin": 81, "ymin": 128, "ymax": 258, "xmax": 219}}, {"tid": 1, "generated": 0, "bbox": {"xmin": 214, "ymin": 142, "ymax": 225, "xmax": 339}}], [{"tid": 0, "generated": 0, "bbox": {"xmin": 80, "ymin": 128, "ymax": 258, "xmax": 218}}, {"tid": 1, "generated": 0, "bbox": {"xmin": 214, "ymin": 142, "ymax": 225, "xmax": 340}}], [{"tid": 0, "generated": 0, "bbox": {"xmin": 78, "ymin": 128, "ymax": 258, "xmax": 216}}, {"tid": 1, "generated": 0, "bbox": {"xmin": 214, "ymin": 142, "ymax": 225, "xmax": 340}}], [{"tid": 0, "generated": 0, "bbox": {"xmin": 77, "ymin": 128, "ymax": 258, "xmax": 215}}, {"tid": 1, "generated": 0, "bbox": {"xmin": 214, "ymin": 142, "ymax": 225, "xmax": 341}}], [{"tid": 0, "generated": 0, "bbox": {"xmin": 75, "ymin": 128, "ymax": 258, "xmax": 213}}, {"tid": 1, "generated": 0, "bbox": {"xmin": 214, "ymin": 142, "ymax": 225, "xmax": 341}}], [{"tid": 0, "generated": 0, "bbox": {"xmin": 74, "ymin": 129, "ymax": 259, "xmax": 212}}, {"tid": 1, "generated": 0, "bbox": {"xmin": 214, "ymin": 143, "ymax": 226, "xmax": 342}}], [{"tid": 0, "generated": 0, "bbox": {"xmin": 73, "ymin": 128, "ymax": 259, "xmax": 211}}, {"tid": 1, "generated": 0, "bbox": {"xmin": 213, "ymin": 142, "ymax": 227, "xmax": 343}}], [{"tid": 0, "generated": 0, "bbox": {"xmin": 72, "ymin": 128, "ymax": 259, "xmax": 210}}, {"tid": 1, "generated": 0, "bbox": {"xmin": 212, "ymin": 142, "ymax": 228, "xmax": 345}}], [{"tid": 0, "generated": 0, "bbox": {"xmin": 72, "ymin": 128, "ymax": 260, "xmax": 210}}, {"tid": 1, "generated": 0, "bbox": {"xmin": 211, "ymin": 142, "ymax": 229, "xmax": 347}}], [{"tid": 0, "generated": 0, "bbox": {"xmin": 71, "ymin": 127, "ymax": 260, "xmax": 209}}, {"tid": 1, "generated": 0, "bbox": {"xmin": 210, "ymin": 142, "ymax": 230, "xmax": 349}}], [{"tid": 0, "generated": 0, "bbox": {"xmin": 71, "ymin": 127, "ymax": 261, "xmax": 209}}, {"tid": 1, "generated": 0, "bbox": {"xmin": 209, "ymin": 142, "ymax": 231, "xmax": 351}}], [{"tid": 0, "generated": 0, "bbox": {"xmin": 70, "ymin": 127, "ymax": 261, "xmax": 208}}, {"tid": 1, "generated": 0, "bbox": {"xmin": 208, "ymin": 141, "ymax": 232, "xmax": 352}}], [{"tid": 0, "generated": 0, "bbox": {"xmin": 69, "ymin": 126, "ymax": 261, "xmax": 207}}, {"tid": 1, "generated": 0, "bbox": {"xmin": 207, "ymin": 141, "ymax": 233, "xmax": 354}}], [{"tid": 0, "generated": 0, "bbox": {"xmin": 69, "ymin": 126, "ymax": 262, "xmax": 207}}, {"tid": 1, "generated": 0, "bbox": {"xmin": 206, "ymin": 141, "ymax": 234, "xmax": 356}}], [{"tid": 0, "generated": 0, "bbox": {"xmin": 68, "ymin": 126, "ymax": 262, "xmax": 206}}, {"tid": 1, "generated": 0, "bbox": {"xmin": 205, "ymin": 141, "ymax": 235, "xmax": 358}}], [{"tid": 0, "generated": 0, "bbox": {"xmin": 68, "ymin": 126, "ymax": 263, "xmax": 206}}, {"tid": 1, "generated": 0, "bbox": {"xmin": 205, "ymin": 141, "ymax": 237, "xmax": 360}}], [{"tid": 0, "generated": 0, "bbox": {"xmin": 67, "ymin": 125, "ymax": 262, "xmax": 205}}, {"tid": 1, "generated": 0, "bbox": {"xmin": 204, "ymin": 140, "ymax": 238, "xmax": 361}}], [{"tid": 0, "generated": 0, "bbox": {"xmin": 66, "ymin": 125, "ymax": 262, "xmax": 204}}, {"tid": 1, "generated": 0, "bbox": {"xmin": 203, "ymin": 139, "ymax": 239, "xmax": 363}}], [{"tid": 0, "generated": 0, "bbox": {"xmin": 65, "ymin": 125, "ymax": 262, "xmax": 203}}, {"tid": 1, "generated": 0, "bbox": {"xmin": 202, "ymin": 138, "ymax": 240, "xmax": 365}}], [{"tid": 0, "generated": 0, "bbox": {"xmin": 64, "ymin": 125, "ymax": 262, "xmax": 202}}, {"tid": 1, "generated": 0, "bbox": {"xmin": 201, "ymin": 137, "ymax": 241, "xmax": 366}}]], "subject/objects": [{"category": "bus", "tid": 0}, {"category": "bus", "tid": 1}], "relation_instances": [{"end_fid": 120, "subject_tid": 0, "predicate": "stop_left", "begin_fid": 90, "object_tid": 1}, {"end_fid": 120, "subject_tid": 1, "predicate": "move_right", "begin_fid": 90, "object_tid": 0}, {"end_fid": 120, "subject_tid": 1, "predicate": "move_past", "begin_fid": 90, "object_tid": 0}, {"end_fid": 180, "subject_tid": 0, "predicate": "stop_left", "begin_fid": 150, "object_tid": 1}, {"end_fid": 180, "subject_tid": 1, "predicate": "move_right", "begin_fid": 150, "object_tid": 0}, {"end_fid": 180, "subject_tid": 1, "predicate": "move_past", "begin_fid": 150, "object_tid": 0}], "height": 360}