{"width": 352, "frame_count": 113, "video_id": "ILSVRC2015_train_00149004", "fps": 15, "trajectories": [[{"tid": 0, "generated": 0, "bbox": {"xmin": 143, "ymin": 107, "ymax": 253, "xmax": 215}}, {"tid": 1, "generated": 0, "bbox": {"xmin": 254, "ymin": 155, "ymax": 206, "xmax": 290}}, {"tid": 2, "generated": 0, "bbox": {"xmin": 215, "ymin": 154, "ymax": 236, "xmax": 248}}], [{"tid": 0, "generated": 0, "bbox": {"xmin": 144, "ymin": 107, "ymax": 251, "xmax": 216}}, {"tid": 1, "generated": 0, "bbox": {"xmin": 254, "ymin": 155, "ymax": 206, "xmax": 291}}, {"tid": 2, "generated": 0, "bbox": {"xmin": 216, "ymin": 155, "ymax": 237, "xmax": 249}}], [{"tid": 0, "generated": 0, "bbox": {"xmin": 144, "ymin": 108, "ymax": 254, "xmax": 216}}, {"tid": 1, "generated": 0, "bbox": {"xmin": 253, "ymin": 155, "ymax": 206, "xmax": 290}}, {"tid": 2, "generated": 0, "bbox": {"xmin": 216, "ymin": 156, "ymax": 238, "xmax": 249}}], [{"tid": 0, "generated": 0, "bbox": {"xmin": 145, "ymin": 109, "ymax": 255, "xmax": 217}}, {"tid": 1, "generated": 0, "bbox": {"xmin": 255, "ymin": 157, "ymax": 211, "xmax": 292}}, {"tid": 2, "generated": 0, "bbox": {"xmin": 217, "ymin": 158, "ymax": 240, "xmax": 250}}], [{"tid": 0, "generated": 0, "bbox": {"xmin": 146, "ymin": 111, "ymax": 260, "xmax": 219}}, {"tid": 1, "generated": 0, "bbox": {"xmin": 256, "ymin": 160, "ymax": 214, "xmax": 294}}, {"tid": 2, "generated": 0, "bbox": {"xmin": 217, "ymin": 159, "ymax": 241, "xmax": 250}}], [{"tid": 0, "generated": 0, "bbox": {"xmin": 148, "ymin": 113, "ymax": 259, "xmax": 220}}, {"tid": 1, "generated": 0, "bbox": {"xmin": 257, "ymin": 161, "ymax": 214, "xmax": 294}}, {"tid": 2, "generated": 0, "bbox": {"xmin": 218, "ymin": 160, "ymax": 242, "xmax": 251}}], [{"tid": 0, "generated": 0, "bbox": {"xmin": 147, "ymin": 114, "ymax": 256, "xmax": 218}}, {"tid": 1, "generated": 0, "bbox": {"xmin": 256, "ymin": 160, "ymax": 212, "xmax": 294}}, {"tid": 2, "generated": 0, "bbox": {"xmin": 219, "ymin": 160, "ymax": 242, "xmax": 252}}], [{"tid": 0, "generated": 0, "bbox": {"xmin": 147, "ymin": 111, "ymax": 257, "xmax": 219}}, {"tid": 1, "generated": 0, "bbox": {"xmin": 256, "ymin": 158, "ymax": 211, "xmax": 294}}, {"tid": 2, "generated": 0, "bbox": {"xmin": 220, "ymin": 160, "ymax": 242, "xmax": 253}}], [{"tid": 0, "generated": 0, "bbox": {"xmin": 147, "ymin": 113, "ymax": 256, "xmax": 219}}, {"tid": 1, "generated": 0, "bbox": {"xmin": 257, "ymin": 159, "ymax": 211, "xmax": 295}}, {"tid": 2, "generated": 0, "bbox": {"xmin": 220, "ymin": 160, "ymax": 242, "xmax": 253}}], [{"tid": 0, "generated": 0, "bbox": {"xmin": 149, "ymin": 114, "ymax": 256, "xmax": 220}}, {"tid": 1, "generated": 0, "bbox": {"xmin": 260, "ymin": 158, "ymax": 212, "xmax": 298}}, {"tid": 2, "generated": 0, "bbox": {"xmin": 221, "ymin": 160, "ymax": 242, "xmax": 254}}], [{"tid": 0, "generated": 0, "bbox": {"xmin": 150, "ymin": 110, "ymax": 251, "xmax": 220}}, {"tid": 1, "generated": 0, "bbox": {"xmin": 263, "ymin": 155, "ymax": 207, "xmax": 301}}, {"tid": 2, "generated": 0, "bbox": {"xmin": 222, "ymin": 160, "ymax": 242, "xmax": 255}}], [{"tid": 0, "generated": 0, "bbox": {"xmin": 151, "ymin": 110, "ymax": 253, "xmax": 221}}, {"tid": 1, "generated": 0, "bbox": {"xmin": 263, "ymin": 155, "ymax": 209, "xmax": 302}}, {"tid": 2, "generated": 0, "bbox": {"xmin": 224, "ymin": 159, "ymax": 241, "xmax": 257}}], [{"tid": 0, "generated": 0, "bbox": {"xmin": 152, "ymin": 110, "ymax": 251, "xmax": 221}}, {"tid": 1, "generated": 0, "bbox": {"xmin": 263, "ymin": 155, "ymax": 207, "xmax": 303}}, {"tid": 2, "generated": 0, "bbox": {"xmin": 225, "ymin": 158, "ymax": 240, "xmax": 258}}], [{"tid": 0, "generated": 0, "bbox": {"xmin": 152, "ymin": 110, "ymax": 253, "xmax": 224}}, {"tid": 1, "generated": 0, "bbox": {"xmin": 264, "ymin": 155, "ymax": 206, "xmax": 304}}, {"tid": 2, "generated": 0, "bbox": {"xmin": 227, "ymin": 156, "ymax": 238, "xmax": 260}}], [{"tid": 0, "generated": 0, "bbox": {"xmin": 152, "ymin": 112, "ymax": 245, "xmax": 223}}, {"tid": 1, "generated": 0, "bbox": {"xmin": 264, "ymin": 156, "ymax": 207, "xmax": 304}}, {"tid": 2, "generated": 0, "bbox": {"xmin": 228, "ymin": 155, "ymax": 237, "xmax": 261}}], [{"tid": 0, "generated": 0, "bbox": {"xmin": 151, "ymin": 110, "ymax": 242, "xmax": 224}}, {"tid": 1, "generated": 0, "bbox": {"xmin": 264, "ymin": 154, "ymax": 205, "xmax": 304}}, {"tid": 2, "generated": 0, "bbox": {"xmin": 230, "ymin": 154, "ymax": 236, "xmax": 263}}], [{"tid": 0, "generated": 0, "bbox": {"xmin": 151, "ymin": 105, "ymax": 240, "xmax": 224}}, {"tid": 1, "generated": 0, "bbox": {"xmin": 264, "ymin": 150, "ymax": 200, "xmax": 306}}, {"tid": 2, "generated": 0, "bbox": {"xmin": 230, "ymin": 152, "ymax": 234, "xmax": 263}}], [{"tid": 0, "generated": 0, "bbox": {"xmin": 152, "ymin": 107, "ymax": 241, "xmax": 224}}, {"tid": 1, "generated": 0, "bbox": {"xmin": 265, "ymin": 151, "ymax": 200, "xmax": 306}}, {"tid": 2, "generated": 0, "bbox": {"xmin": 230, "ymin": 151, "ymax": 233, "xmax": 263}}], [{"tid": 0, "generated": 0, "bbox": {"xmin": 150, "ymin": 106, "ymax": 241, "xmax": 223}}, {"tid": 1, "generated": 0, "bbox": {"xmin": 264, "ymin": 149, "ymax": 200, "xmax": 306}}, {"tid": 2, "generated": 0, "bbox": {"xmin": 231, "ymin": 149, "ymax": 231, "xmax": 264}}], [{"tid": 0, "generated": 0, "bbox": {"xmin": 149, "ymin": 106, "ymax": 239, "xmax": 222}}, {"tid": 1, "generated": 0, "bbox": {"xmin": 264, "ymin": 149, "ymax": 199, "xmax": 305}}, {"tid": 2, "generated": 0, "bbox": {"xmin": 231, "ymin": 148, "ymax": 230, "xmax": 264}}], [{"tid": 0, "generated": 0, "bbox": {"xmin": 150, "ymin": 106, "ymax": 238, "xmax": 222}}, {"tid": 1, "generated": 0, "bbox": {"xmin": 264, "ymin": 150, "ymax": 200, "xmax": 304}}, {"tid": 2, "generated": 0, "bbox": {"xmin": 231, "ymin": 146, "ymax": 228, "xmax": 264}}], [{"tid": 0, "generated": 0, "bbox": {"xmin": 151, "ymin": 104, "ymax": 240, "xmax": 224}}, {"tid": 1, "generated": 0, "bbox": {"xmin": 264, "ymin": 149, "ymax": 199, "xmax": 305}}, {"tid": 2, "generated": 0, "bbox": {"xmin": 230, "ymin": 146, "ymax": 227, "xmax": 263}}], [{"tid": 0, "generated": 0, "bbox": {"xmin": 150, "ymin": 104, "ymax": 236, "xmax": 223}}, {"tid": 1, "generated": 0, "bbox": {"xmin": 264, "ymin": 148, "ymax": 197, "xmax": 305}}, {"tid": 2, "generated": 0, "bbox": {"xmin": 229, "ymin": 145, "ymax": 226, "xmax": 262}}], [{"tid": 0, "generated": 0, "bbox": {"xmin": 150, "ymin": 103, "ymax": 235, "xmax": 222}}, {"tid": 1, "generated": 0, "bbox": {"xmin": 264, "ymin": 147, "ymax": 196, "xmax": 304}}, {"tid": 2, "generated": 0, "bbox": {"xmin": 227, "ymin": 145, "ymax": 224, "xmax": 260}}], [{"tid": 0, "generated": 0, "bbox": {"xmin": 148, "ymin": 101, "ymax": 235, "xmax": 220}}, {"tid": 1, "generated": 0, "bbox": {"xmin": 262, "ymin": 145, "ymax": 196, "xmax": 302}}, {"tid": 2, "generated": 0, "bbox": {"xmin": 226, "ymin": 144, "ymax": 223, "xmax": 259}}], [{"tid": 0, "generated": 0, "bbox": {"xmin": 148, "ymin": 101, "ymax": 234, "xmax": 220}}, {"tid": 1, "generated": 0, "bbox": {"xmin": 261, "ymin": 145, "ymax": 196, "xmax": 302}}, {"tid": 2, "generated": 0, "bbox": {"xmin": 225, "ymin": 144, "ymax": 222, "xmax": 258}}], [{"tid": 0, "generated": 0, "bbox": {"xmin": 146, "ymin": 102, "ymax": 235, "xmax": 219}}, {"tid": 1, "generated": 0, "bbox": {"xmin": 261, "ymin": 145, "ymax": 197, "xmax": 300}}, {"tid": 2, "generated": 0, "bbox": {"xmin": 224, "ymin": 144, "ymax": 221, "xmax": 256}}], [{"tid": 0, "generated": 0, "bbox": {"xmin": 148, "ymin": 104, "ymax": 236, "xmax": 217}}, {"tid": 1, "generated": 0, "bbox": {"xmin": 260, "ymin": 146, "ymax": 198, "xmax": 299}}, {"tid": 2, "generated": 0, "bbox": {"xmin": 222, "ymin": 144, "ymax": 219, "xmax": 253}}], [{"tid": 0, "generated": 0, "bbox": {"xmin": 148, "ymin": 102, "ymax": 233, "xmax": 216}}, {"tid": 1, "generated": 0, "bbox": {"xmin": 260, "ymin": 144, "ymax": 195, "xmax": 300}}, {"tid": 2, "generated": 0, "bbox": {"xmin": 221, "ymin": 143, "ymax": 218, "xmax": 251}}], [{"tid": 0, "generated": 0, "bbox": {"xmin": 149, "ymin": 102, "ymax": 234, "xmax": 218}}, {"tid": 1, "generated": 0, "bbox": {"xmin": 259, "ymin": 145, "ymax": 196, "xmax": 300}}, {"tid": 2, "generated": 0, "bbox": {"xmin": 219, "ymin": 143, "ymax": 216, "xmax": 248}}]], "subject/objects": [{"category": "elephant", "tid": 0}, {"category": "car", "tid": 1}, {"category": "person", "tid": 2}], "relation_instances": [{"end_fid": 30, "subject_tid": 0, "predicate": "walk_behind", "begin_fid": 0, "object_tid": 1}, {"end_fid": 30, "subject_tid": 0, "predicate": "walk_left", "begin_fid": 0, "object_tid": 1}, {"end_fid": 30, "subject_tid": 0, "predicate": "taller", "begin_fid": 0, "object_tid": 1}, {"end_fid": 30, "subject_tid": 0, "predicate": "larger", "begin_fid": 0, "object_tid": 1}, {"end_fid": 30, "subject_tid": 1, "predicate": "stop_right", "begin_fid": 0, "object_tid": 0}, {"end_fid": 30, "subject_tid": 1, "predicate": "stop_front", "begin_fid": 0, "object_tid": 0}, {"end_fid": 30, "subject_tid": 0, "predicate": "walk_next_to", "begin_fid": 0, "object_tid": 2}, {"end_fid": 30, "subject_tid": 0, "predicate": "walk_with", "begin_fid": 0, "object_tid": 2}, {"end_fid": 30, "subject_tid": 0, "predicate": "walk_left", "begin_fid": 0, "object_tid": 2}, {"end_fid": 30, "subject_tid": 0, "predicate": "taller", "begin_fid": 0, "object_tid": 2}, {"end_fid": 30, "subject_tid": 0, "predicate": "larger", "begin_fid": 0, "object_tid": 2}, {"end_fid": 30, "subject_tid": 2, "predicate": "walk_right", "begin_fid": 0, "object_tid": 0}, {"end_fid": 30, "subject_tid": 2, "predicate": "walk_next_to", "begin_fid": 0, "object_tid": 0}, {"end_fid": 30, "subject_tid": 2, "predicate": "walk_with", "begin_fid": 0, "object_tid": 0}, {"end_fid": 30, "subject_tid": 1, "predicate": "stop_right", "begin_fid": 0, "object_tid": 2}, {"end_fid": 30, "subject_tid": 1, "predicate": "stop_front", "begin_fid": 0, "object_tid": 2}, {"end_fid": 30, "subject_tid": 2, "predicate": "walk_behind", "begin_fid": 0, "object_tid": 1}, {"end_fid": 30, "subject_tid": 2, "predicate": "walk_left", "begin_fid": 0, "object_tid": 1}], "height": 288}