{"width": 1920, "frame_count": 37, "video_id": "ILSVRC2015_train_00265043", "fps": 25, "trajectories": [[{"tid": 0, "generated": 0, "bbox": {"xmin": 842, "ymin": 549, "ymax": 760, "xmax": 960}}, {"tid": 1, "generated": 0, "bbox": {"xmin": 835, "ymin": 444, "ymax": 710, "xmax": 975}}], [{"tid": 0, "generated": 0, "bbox": {"xmin": 842, "ymin": 514, "ymax": 725, "xmax": 960}}, {"tid": 1, "generated": 0, "bbox": {"xmin": 836, "ymin": 415, "ymax": 679, "xmax": 973}}], [{"tid": 0, "generated": 0, "bbox": {"xmin": 842, "ymin": 479, "ymax": 690, "xmax": 960}}, {"tid": 1, "generated": 0, "bbox": {"xmin": 836, "ymin": 387, "ymax": 649, "xmax": 971}}], [{"tid": 0, "generated": 0, "bbox": {"xmin": 842, "ymin": 445, "ymax": 656, "xmax": 960}}, {"tid": 1, "generated": 0, "bbox": {"xmin": 837, "ymin": 358, "ymax": 618, "xmax": 970}}], [{"tid": 0, "generated": 0, "bbox": {"xmin": 839, "ymin": 432, "ymax": 643, "xmax": 957}}, {"tid": 1, "generated": 0, "bbox": {"xmin": 837, "ymin": 330, "ymax": 588, "xmax": 968}}], [{"tid": 0, "generated": 0, "bbox": {"xmin": 836, "ymin": 420, "ymax": 630, "xmax": 954}}, {"tid": 1, "generated": 0, "bbox": {"xmin": 838, "ymin": 301, "ymax": 557, "xmax": 966}}], [{"tid": 0, "generated": 0, "bbox": {"xmin": 834, "ymin": 408, "ymax": 618, "xmax": 952}}, {"tid": 1, "generated": 0, "bbox": {"xmin": 838, "ymin": 301, "ymax": 555, "xmax": 966}}], [{"tid": 0, "generated": 0, "bbox": {"xmin": 835, "ymin": 408, "ymax": 616, "xmax": 953}}, {"tid": 1, "generated": 0, "bbox": {"xmin": 838, "ymin": 301, "ymax": 554, "xmax": 966}}], [{"tid": 0, "generated": 0, "bbox": {"xmin": 837, "ymin": 408, "ymax": 614, "xmax": 955}}, {"tid": 1, "generated": 0, "bbox": {"xmin": 838, "ymin": 301, "ymax": 552, "xmax": 966}}], [{"tid": 0, "generated": 0, "bbox": {"xmin": 838, "ymin": 408, "ymax": 612, "xmax": 956}}, {"tid": 1, "generated": 0, "bbox": {"xmin": 838, "ymin": 301, "ymax": 551, "xmax": 966}}], [{"tid": 0, "generated": 0, "bbox": {"xmin": 840, "ymin": 408, "ymax": 610, "xmax": 958}}, {"tid": 1, "generated": 0, "bbox": {"xmin": 838, "ymin": 301, "ymax": 549, "xmax": 966}}], [{"tid": 0, "generated": 0, "bbox": {"xmin": 842, "ymin": 408, "ymax": 608, "xmax": 960}}, {"tid": 1, "generated": 0, "bbox": {"xmin": 838, "ymin": 303, "ymax": 549, "xmax": 966}}], [{"tid": 0, "generated": 0, "bbox": {"xmin": 841, "ymin": 408, "ymax": 608, "xmax": 957}}, {"tid": 1, "generated": 0, "bbox": {"xmin": 838, "ymin": 305, "ymax": 549, "xmax": 966}}], [{"tid": 0, "generated": 0, "bbox": {"xmin": 841, "ymin": 409, "ymax": 609, "xmax": 955}}, {"tid": 1, "generated": 0, "bbox": {"xmin": 838, "ymin": 307, "ymax": 549, "xmax": 966}}], [{"tid": 0, "generated": 0, "bbox": {"xmin": 840, "ymin": 409, "ymax": 609, "xmax": 952}}, {"tid": 1, "generated": 0, "bbox": {"xmin": 838, "ymin": 309, "ymax": 549, "xmax": 966}}], [{"tid": 0, "generated": 0, "bbox": {"xmin": 840, "ymin": 410, "ymax": 610, "xmax": 950}}, {"tid": 1, "generated": 0, "bbox": {"xmin": 838, "ymin": 311, "ymax": 549, "xmax": 966}}], [{"tid": 0, "generated": 0, "bbox": {"xmin": 839, "ymin": 410, "ymax": 610, "xmax": 948}}, {"tid": 1, "generated": 0, "bbox": {"xmin": 838, "ymin": 311, "ymax": 549, "xmax": 966}}], [{"tid": 0, "generated": 0, "bbox": {"xmin": 839, "ymin": 411, "ymax": 611, "xmax": 945}}, {"tid": 1, "generated": 0, "bbox": {"xmin": 838, "ymin": 311, "ymax": 549, "xmax": 966}}], [{"tid": 0, "generated": 0, "bbox": {"xmin": 838, "ymin": 411, "ymax": 611, "xmax": 943}}, {"tid": 1, "generated": 0, "bbox": {"xmin": 838, "ymin": 311, "ymax": 549, "xmax": 966}}], [{"tid": 0, "generated": 0, "bbox": {"xmin": 838, "ymin": 412, "ymax": 612, "xmax": 940}}, {"tid": 1, "generated": 0, "bbox": {"xmin": 838, "ymin": 311, "ymax": 549, "xmax": 966}}], [{"tid": 0, "generated": 0, "bbox": {"xmin": 837, "ymin": 412, "ymax": 612, "xmax": 938}}, {"tid": 1, "generated": 0, "bbox": {"xmin": 838, "ymin": 311, "ymax": 549, "xmax": 966}}], [{"tid": 0, "generated": 0, "bbox": {"xmin": 837, "ymin": 413, "ymax": 613, "xmax": 936}}, {"tid": 1, "generated": 0, "bbox": {"xmin": 838, "ymin": 315, "ymax": 549, "xmax": 966}}], [{"tid": 0, "generated": 0, "bbox": {"xmin": 835, "ymin": 415, "ymax": 615, "xmax": 934}}, {"tid": 1, "generated": 0, "bbox": {"xmin": 838, "ymin": 319, "ymax": 549, "xmax": 965}}], [{"tid": 0, "generated": 0, "bbox": {"xmin": 833, "ymin": 417, "ymax": 617, "xmax": 933}}, {"tid": 1, "generated": 0, "bbox": {"xmin": 838, "ymin": 322, "ymax": 549, "xmax": 965}}], [{"tid": 0, "generated": 0, "bbox": {"xmin": 832, "ymin": 419, "ymax": 619, "xmax": 932}}, {"tid": 1, "generated": 0, "bbox": {"xmin": 838, "ymin": 326, "ymax": 549, "xmax": 964}}], [{"tid": 0, "generated": 0, "bbox": {"xmin": 830, "ymin": 421, "ymax": 621, "xmax": 931}}, {"tid": 1, "generated": 0, "bbox": {"xmin": 838, "ymin": 330, "ymax": 549, "xmax": 964}}], [{"tid": 0, "generated": 0, "bbox": {"xmin": 829, "ymin": 424, "ymax": 624, "xmax": 930}}, {"tid": 1, "generated": 0, "bbox": {"xmin": 831, "ymin": 359, "ymax": 578, "xmax": 957}}], [{"tid": 0, "generated": 0, "bbox": {"xmin": 821, "ymin": 466, "ymax": 656, "xmax": 921}}, {"tid": 1, "generated": 0, "bbox": {"xmin": 825, "ymin": 388, "ymax": 607, "xmax": 950}}], [{"tid": 0, "generated": 0, "bbox": {"xmin": 813, "ymin": 509, "ymax": 689, "xmax": 912}}, {"tid": 1, "generated": 0, "bbox": {"xmin": 818, "ymin": 417, "ymax": 636, "xmax": 942}}], [{"tid": 0, "generated": 0, "bbox": {"xmin": 805, "ymin": 552, "ymax": 722, "xmax": 904}}, {"tid": 1, "generated": 0, "bbox": {"xmin": 812, "ymin": 446, "ymax": 665, "xmax": 935}}]], "subject/objects": [{"category": "bicycle", "tid": 0}, {"category": "person", "tid": 1}], "relation_instances": [{"end_fid": 30, "subject_tid": 0, "predicate": "move_beneath", "begin_fid": 0, "object_tid": 1}, {"end_fid": 30, "subject_tid": 1, "predicate": "sit_above", "begin_fid": 0, "object_tid": 0}, {"end_fid": 30, "subject_tid": 1, "predicate": "ride", "begin_fid": 0, "object_tid": 0}], "height": 1080}