{"width": 1280, "frame_count": 600, "video_id": "ILSVRC2015_train_00349000", "fps": 30, "trajectories": [[], [], [], [], [], [], [], [], [], [], [], [], [], [], [], [{"tid": 0, "generated": 0, "bbox": {"xmin": 229, "ymin": 71, "ymax": 718, "xmax": 675}}, {"tid": 2, "generated": 0, "bbox": {"xmin": 839, "ymin": 179, "ymax": 477, "xmax": 987}}], [{"tid": 0, "generated": 0, "bbox": {"xmin": 218, "ymin": 67, "ymax": 718, "xmax": 663}}, {"tid": 2, "generated": 0, "bbox": {"xmin": 835, "ymin": 180, "ymax": 491, "xmax": 995}}], [{"tid": 0, "generated": 0, "bbox": {"xmin": 206, "ymin": 60, "ymax": 718, "xmax": 648}}, {"tid": 2, "generated": 0, "bbox": {"xmin": 832, "ymin": 180, "ymax": 505, "xmax": 1002}}], [{"tid": 0, "generated": 0, "bbox": {"xmin": 195, "ymin": 53, "ymax": 716, "xmax": 638}}, {"tid": 2, "generated": 0, "bbox": {"xmin": 828, "ymin": 181, "ymax": 520, "xmax": 1010}}], [{"tid": 0, "generated": 0, "bbox": {"xmin": 184, "ymin": 44, "ymax": 714, "xmax": 625}}, {"tid": 2, "generated": 0, "bbox": {"xmin": 825, "ymin": 181, "ymax": 534, "xmax": 1017}}], [{"tid": 0, "generated": 0, "bbox": {"xmin": 172, "ymin": 42, "ymax": 718, "xmax": 613}}, {"tid": 2, "generated": 0, "bbox": {"xmin": 821, "ymin": 182, "ymax": 548, "xmax": 1025}}], [{"tid": 0, "generated": 0, "bbox": {"xmin": 158, "ymin": 40, "ymax": 716, "xmax": 599}}, {"tid": 2, "generated": 0, "bbox": {"xmin": 831, "ymin": 175, "ymax": 541, "xmax": 1035}}], [{"tid": 0, "generated": 0, "bbox": {"xmin": 143, "ymin": 36, "ymax": 716, "xmax": 587}}, {"tid": 2, "generated": 0, "bbox": {"xmin": 840, "ymin": 169, "ymax": 535, "xmax": 1044}}], [{"tid": 0, "generated": 0, "bbox": {"xmin": 128, "ymin": 32, "ymax": 716, "xmax": 576}}, {"tid": 2, "generated": 0, "bbox": {"xmin": 850, "ymin": 162, "ymax": 528, "xmax": 1054}}], [{"tid": 0, "generated": 0, "bbox": {"xmin": 126, "ymin": 23, "ymax": 718, "xmax": 570}}, {"tid": 2, "generated": 0, "bbox": {"xmin": 859, "ymin": 156, "ymax": 522, "xmax": 1063}}], [{"tid": 0, "generated": 0, "bbox": {"xmin": 112, "ymin": 19, "ymax": 718, "xmax": 547}}, {"tid": 2, "generated": 0, "bbox": {"xmin": 869, "ymin": 149, "ymax": 515, "xmax": 1073}}], [{"tid": 0, "generated": 0, "bbox": {"xmin": 97, "ymin": 1, "ymax": 716, "xmax": 535}}, {"tid": 2, "generated": 0, "bbox": {"xmin": 869, "ymin": 144, "ymax": 522, "xmax": 1081}}], [{"tid": 0, "generated": 0, "bbox": {"xmin": 87, "ymin": 1, "ymax": 718, "xmax": 522}}, {"tid": 2, "generated": 0, "bbox": {"xmin": 869, "ymin": 139, "ymax": 528, "xmax": 1090}}], [{"tid": 0, "generated": 0, "bbox": {"xmin": 69, "ymin": 0, "ymax": 714, "xmax": 512}}, {"tid": 2, "generated": 0, "bbox": {"xmin": 869, "ymin": 133, "ymax": 535, "xmax": 1098}}], [{"tid": 0, "generated": 0, "bbox": {"xmin": 56, "ymin": 0, "ymax": 716, "xmax": 503}}, {"tid": 2, "generated": 0, "bbox": {"xmin": 869, "ymin": 128, "ymax": 541, "xmax": 1107}}], [{"tid": 0, "generated": 0, "bbox": {"xmin": 44, "ymin": 0, "ymax": 716, "xmax": 492}}, {"tid": 2, "generated": 0, "bbox": {"xmin": 869, "ymin": 123, "ymax": 548, "xmax": 1115}}], [{"tid": 0, "generated": 0, "bbox": {"xmin": 48, "ymin": 0, "ymax": 718, "xmax": 487}}, {"tid": 2, "generated": 0, "bbox": {"xmin": 875, "ymin": 128, "ymax": 553, "xmax": 1121}}], [{"tid": 0, "generated": 0, "bbox": {"xmin": 28, "ymin": 0, "ymax": 716, "xmax": 474}}, {"tid": 2, "generated": 0, "bbox": {"xmin": 881, "ymin": 134, "ymax": 559, "xmax": 1127}}], [{"tid": 0, "generated": 0, "bbox": {"xmin": 10, "ymin": 0, "ymax": 714, "xmax": 476}}, {"tid": 2, "generated": 0, "bbox": {"xmin": 887, "ymin": 139, "ymax": 564, "xmax": 1133}}], [{"tid": 0, "generated": 0, "bbox": {"xmin": 0, "ymin": 0, "ymax": 718, "xmax": 460}}, {"tid": 2, "generated": 0, "bbox": {"xmin": 893, "ymin": 145, "ymax": 570, "xmax": 1139}}], [{"tid": 0, "generated": 0, "bbox": {"xmin": 0, "ymin": 0, "ymax": 716, "xmax": 453}}, {"tid": 2, "generated": 0, "bbox": {"xmin": 899, "ymin": 150, "ymax": 575, "xmax": 1145}}], [{"tid": 0, "generated": 0, "bbox": {"xmin": 0, "ymin": 0, "ymax": 714, "xmax": 437}}, {"tid": 2, "generated": 0, "bbox": {"xmin": 907, "ymin": 146, "ymax": 571, "xmax": 1153}}], [{"tid": 0, "generated": 0, "bbox": {"xmin": 0, "ymin": 0, "ymax": 718, "xmax": 432}}, {"tid": 2, "generated": 0, "bbox": {"xmin": 915, "ymin": 142, "ymax": 567, "xmax": 1161}}], [{"tid": 0, "generated": 0, "bbox": {"xmin": 0, "ymin": 0, "ymax": 716, "xmax": 419}}, {"tid": 2, "generated": 0, "bbox": {"xmin": 922, "ymin": 138, "ymax": 563, "xmax": 1168}}], [{"tid": 0, "generated": 0, "bbox": {"xmin": 0, "ymin": 0, "ymax": 717, "xmax": 398}}, {"tid": 2, "generated": 0, "bbox": {"xmin": 930, "ymin": 134, "ymax": 559, "xmax": 1176}}], [{"tid": 0, "generated": 0, "bbox": {"xmin": 0, "ymin": 0, "ymax": 718, "xmax": 378}}, {"tid": 2, "generated": 0, "bbox": {"xmin": 938, "ymin": 130, "ymax": 555, "xmax": 1184}}], [{"tid": 0, "generated": 0, "bbox": {"xmin": 0, "ymin": 0, "ymax": 716, "xmax": 380}}, {"tid": 2, "generated": 0, "bbox": {"xmin": 949, "ymin": 138, "ymax": 569, "xmax": 1195}}], [{"tid": 0, "generated": 0, "bbox": {"xmin": 0, "ymin": 0, "ymax": 716, "xmax": 372}}, {"tid": 2, "generated": 0, "bbox": {"xmin": 959, "ymin": 146, "ymax": 583, "xmax": 1205}}], [{"tid": 0, "generated": 0, "bbox": {"xmin": 0, "ymin": 0, "ymax": 716, "xmax": 365}}, {"tid": 2, "generated": 0, "bbox": {"xmin": 970, "ymin": 153, "ymax": 597, "xmax": 1216}}], [{"tid": 0, "generated": 0, "bbox": {"xmin": 0, "ymin": 0, "ymax": 716, "xmax": 357}}, {"tid": 2, "generated": 0, "bbox": {"xmin": 980, "ymin": 161, "ymax": 611, "xmax": 1226}}], [], [], [], [], [], [], [], [], [], [], [], [], [], [], [], [{"tid": 0, "generated": 0, "bbox": {"xmin": 0, "ymin": 0, "ymax": 583, "xmax": 318}}, {"tid": 1, "generated": 0, "bbox": {"xmin": 215, "ymin": 30, "ymax": 298, "xmax": 407}}, {"tid": 2, "generated": 0, "bbox": {"xmin": 1021, "ymin": 283, "ymax": 682, "xmax": 1267}}, {"tid": 3, "generated": 0, "bbox": {"xmin": 1124, "ymin": 655, "ymax": 718, "xmax": 1209}}], [{"tid": 0, "generated": 0, "bbox": {"xmin": 0, "ymin": 0, "ymax": 572, "xmax": 327}}, {"tid": 1, "generated": 0, "bbox": {"xmin": 222, "ymin": 23, "ymax": 298, "xmax": 414}}, {"tid": 2, "generated": 0, "bbox": {"xmin": 1021, "ymin": 290, "ymax": 682, "xmax": 1267}}, {"tid": 3, "generated": 0, "bbox": {"xmin": 1118, "ymin": 646, "ymax": 718, "xmax": 1204}}], [{"tid": 0, "generated": 0, "bbox": {"xmin": 0, "ymin": 0, "ymax": 561, "xmax": 337}}, {"tid": 1, "generated": 0, "bbox": {"xmin": 229, "ymin": 23, "ymax": 304, "xmax": 414}}, {"tid": 2, "generated": 0, "bbox": {"xmin": 1021, "ymin": 297, "ymax": 682, "xmax": 1267}}, {"tid": 3, "generated": 0, "bbox": {"xmin": 1111, "ymin": 635, "ymax": 708, "xmax": 1197}}], [{"tid": 0, "generated": 0, "bbox": {"xmin": 0, "ymin": 0, "ymax": 551, "xmax": 348}}, {"tid": 1, "generated": 0, "bbox": {"xmin": 241, "ymin": 19, "ymax": 305, "xmax": 421}}, {"tid": 2, "generated": 0, "bbox": {"xmin": 1021, "ymin": 303, "ymax": 682, "xmax": 1267}}, {"tid": 3, "generated": 0, "bbox": {"xmin": 1105, "ymin": 624, "ymax": 698, "xmax": 1191}}], [{"tid": 0, "generated": 0, "bbox": {"xmin": 0, "ymin": 0, "ymax": 542, "xmax": 359}}, {"tid": 1, "generated": 0, "bbox": {"xmin": 248, "ymin": 16, "ymax": 307, "xmax": 430}}, {"tid": 2, "generated": 0, "bbox": {"xmin": 1021, "ymin": 310, "ymax": 682, "xmax": 1267}}, {"tid": 3, "generated": 0, "bbox": {"xmin": 1098, "ymin": 612, "ymax": 688, "xmax": 1184}}], [{"tid": 0, "generated": 0, "bbox": {"xmin": 0, "ymin": 0, "ymax": 533, "xmax": 370}}, {"tid": 1, "generated": 0, "bbox": {"xmin": 257, "ymin": 14, "ymax": 309, "xmax": 433}}, {"tid": 2, "generated": 0, "bbox": {"xmin": 1021, "ymin": 317, "ymax": 682, "xmax": 1267}}, {"tid": 3, "generated": 0, "bbox": {"xmin": 1092, "ymin": 601, "ymax": 678, "xmax": 1178}}], [{"tid": 0, "generated": 0, "bbox": {"xmin": 0, "ymin": 0, "ymax": 524, "xmax": 382}}, {"tid": 1, "generated": 0, "bbox": {"xmin": 268, "ymin": 8, "ymax": 309, "xmax": 439}}, {"tid": 2, "generated": 0, "bbox": {"xmin": 1027, "ymin": 319, "ymax": 684, "xmax": 1273}}, {"tid": 3, "generated": 0, "bbox": {"xmin": 1085, "ymin": 590, "ymax": 668, "xmax": 1171}}], [{"tid": 0, "generated": 0, "bbox": {"xmin": 0, "ymin": 0, "ymax": 515, "xmax": 400}}, {"tid": 1, "generated": 0, "bbox": {"xmin": 275, "ymin": 7, "ymax": 305, "xmax": 442}}, {"tid": 2, "generated": 0, "bbox": {"xmin": 1033, "ymin": 321, "ymax": 686, "xmax": 1279}}, {"tid": 3, "generated": 0, "bbox": {"xmin": 1080, "ymin": 584, "ymax": 662, "xmax": 1166}}], [{"tid": 0, "generated": 0, "bbox": {"xmin": 0, "ymin": 0, "ymax": 509, "xmax": 408}}, {"tid": 1, "generated": 0, "bbox": {"xmin": 281, "ymin": 10, "ymax": 311, "xmax": 445}}, {"tid": 2, "generated": 0, "bbox": {"xmin": 1040, "ymin": 324, "ymax": 689, "xmax": 1279}}, {"tid": 3, "generated": 0, "bbox": {"xmin": 1075, "ymin": 579, "ymax": 657, "xmax": 1161}}], [{"tid": 0, "generated": 0, "bbox": {"xmin": 0, "ymin": 0, "ymax": 503, "xmax": 417}}, {"tid": 1, "generated": 0, "bbox": {"xmin": 288, "ymin": 14, "ymax": 318, "xmax": 449}}, {"tid": 2, "generated": 0, "bbox": {"xmin": 1046, "ymin": 326, "ymax": 691, "xmax": 1279}}, {"tid": 3, "generated": 0, "bbox": {"xmin": 1069, "ymin": 573, "ymax": 651, "xmax": 1155}}], [{"tid": 0, "generated": 0, "bbox": {"xmin": 0, "ymin": 0, "ymax": 499, "xmax": 428}}, {"tid": 1, "generated": 0, "bbox": {"xmin": 295, "ymin": 26, "ymax": 320, "xmax": 453}}, {"tid": 2, "generated": 0, "bbox": {"xmin": 1052, "ymin": 328, "ymax": 693, "xmax": 1279}}, {"tid": 3, "generated": 0, "bbox": {"xmin": 1064, "ymin": 568, "ymax": 646, "xmax": 1150}}], [{"tid": 0, "generated": 0, "bbox": {"xmin": 0, "ymin": 0, "ymax": 502, "xmax": 436}}, {"tid": 1, "generated": 0, "bbox": {"xmin": 305, "ymin": 29, "ymax": 321, "xmax": 454}}, {"tid": 2, "generated": 0, "bbox": {"xmin": 1045, "ymin": 330, "ymax": 693, "xmax": 1279}}, {"tid": 3, "generated": 0, "bbox": {"xmin": 1059, "ymin": 562, "ymax": 640, "xmax": 1145}}], [{"tid": 0, "generated": 0, "bbox": {"xmin": 0, "ymin": 0, "ymax": 506, "xmax": 444}}, {"tid": 1, "generated": 0, "bbox": {"xmin": 316, "ymin": 32, "ymax": 323, "xmax": 456}}, {"tid": 2, "generated": 0, "bbox": {"xmin": 1037, "ymin": 331, "ymax": 693, "xmax": 1279}}, {"tid": 3, "generated": 0, "bbox": {"xmin": 1047, "ymin": 550, "ymax": 628, "xmax": 1133}}], [{"tid": 0, "generated": 0, "bbox": {"xmin": 0, "ymin": 0, "ymax": 506, "xmax": 451}}, {"tid": 1, "generated": 0, "bbox": {"xmin": 320, "ymin": 33, "ymax": 330, "xmax": 469}}, {"tid": 2, "generated": 0, "bbox": {"xmin": 1030, "ymin": 333, "ymax": 693, "xmax": 1279}}, {"tid": 3, "generated": 0, "bbox": {"xmin": 1035, "ymin": 538, "ymax": 616, "xmax": 1121}}], [{"tid": 0, "generated": 0, "bbox": {"xmin": 0, "ymin": 0, "ymax": 506, "xmax": 458}}, {"tid": 1, "generated": 0, "bbox": {"xmin": 332, "ymin": 42, "ymax": 344, "xmax": 478}}, {"tid": 2, "generated": 0, "bbox": {"xmin": 1022, "ymin": 334, "ymax": 693, "xmax": 1279}}, {"tid": 3, "generated": 0, "bbox": {"xmin": 1023, "ymin": 527, "ymax": 605, "xmax": 1109}}], [{"tid": 0, "generated": 0, "bbox": {"xmin": 0, "ymin": 0, "ymax": 508, "xmax": 464}}, {"tid": 1, "generated": 0, "bbox": {"xmin": 330, "ymin": 53, "ymax": 346, "xmax": 485}}, {"tid": 2, "generated": 0, "bbox": {"xmin": 1015, "ymin": 336, "ymax": 693, "xmax": 1279}}, {"tid": 3, "generated": 0, "bbox": {"xmin": 1011, "ymin": 515, "ymax": 593, "xmax": 1097}}], [{"tid": 0, "generated": 0, "bbox": {"xmin": 0, "ymin": 0, "ymax": 517, "xmax": 464}}, {"tid": 1, "generated": 0, "bbox": {"xmin": 333, "ymin": 61, "ymax": 368, "xmax": 499}}, {"tid": 2, "generated": 0, "bbox": {"xmin": 1006, "ymin": 338, "ymax": 693, "xmax": 1279}}, {"tid": 3, "generated": 0, "bbox": {"xmin": 999, "ymin": 503, "ymax": 581, "xmax": 1085}}], [{"tid": 0, "generated": 0, "bbox": {"xmin": 0, "ymin": 0, "ymax": 524, "xmax": 461}}, {"tid": 1, "generated": 0, "bbox": {"xmin": 336, "ymin": 69, "ymax": 391, "xmax": 513}}, {"tid": 2, "generated": 0, "bbox": {"xmin": 996, "ymin": 339, "ymax": 693, "xmax": 1279}}, {"tid": 3, "generated": 0, "bbox": {"xmin": 988, "ymin": 505, "ymax": 582, "xmax": 1072}}], [{"tid": 0, "generated": 0, "bbox": {"xmin": 0, "ymin": 0, "ymax": 531, "xmax": 458}}, {"tid": 1, "generated": 0, "bbox": {"xmin": 340, "ymin": 80, "ymax": 410, "xmax": 529}}, {"tid": 2, "generated": 0, "bbox": {"xmin": 987, "ymin": 341, "ymax": 693, "xmax": 1279}}, {"tid": 3, "generated": 0, "bbox": {"xmin": 977, "ymin": 507, "ymax": 583, "xmax": 1058}}], [{"tid": 0, "generated": 0, "bbox": {"xmin": 0, "ymin": 0, "ymax": 538, "xmax": 455}}, {"tid": 1, "generated": 0, "bbox": {"xmin": 344, "ymin": 92, "ymax": 429, "xmax": 546}}, {"tid": 2, "generated": 0, "bbox": {"xmin": 977, "ymin": 342, "ymax": 693, "xmax": 1279}}, {"tid": 3, "generated": 0, "bbox": {"xmin": 965, "ymin": 509, "ymax": 583, "xmax": 1045}}], [{"tid": 0, "generated": 0, "bbox": {"xmin": 0, "ymin": 0, "ymax": 545, "xmax": 453}}, {"tid": 1, "generated": 0, "bbox": {"xmin": 348, "ymin": 104, "ymax": 448, "xmax": 563}}, {"tid": 2, "generated": 0, "bbox": {"xmin": 968, "ymin": 344, "ymax": 693, "xmax": 1279}}, {"tid": 3, "generated": 0, "bbox": {"xmin": 954, "ymin": 511, "ymax": 584, "xmax": 1031}}], [{"tid": 0, "generated": 0, "bbox": {"xmin": 0, "ymin": 1, "ymax": 556, "xmax": 442}}, {"tid": 1, "generated": 0, "bbox": {"xmin": 350, "ymin": 112, "ymax": 460, "xmax": 576}}, {"tid": 2, "generated": 0, "bbox": {"xmin": 976, "ymin": 359, "ymax": 693, "xmax": 1279}}, {"tid": 3, "generated": 0, "bbox": {"xmin": 943, "ymin": 513, "ymax": 585, "xmax": 1018}}], [{"tid": 0, "generated": 0, "bbox": {"xmin": 0, "ymin": 0, "ymax": 558, "xmax": 435}}, {"tid": 1, "generated": 0, "bbox": {"xmin": 346, "ymin": 117, "ymax": 469, "xmax": 583}}, {"tid": 2, "generated": 0, "bbox": {"xmin": 984, "ymin": 374, "ymax": 693, "xmax": 1279}}, {"tid": 3, "generated": 0, "bbox": {"xmin": 931, "ymin": 522, "ymax": 594, "xmax": 1005}}], [{"tid": 0, "generated": 0, "bbox": {"xmin": 0, "ymin": 0, "ymax": 576, "xmax": 419}}, {"tid": 1, "generated": 0, "bbox": {"xmin": 353, "ymin": 128, "ymax": 483, "xmax": 595}}, {"tid": 2, "generated": 0, "bbox": {"xmin": 992, "ymin": 389, "ymax": 693, "xmax": 1279}}, {"tid": 3, "generated": 0, "bbox": {"xmin": 919, "ymin": 532, "ymax": 604, "xmax": 992}}], [{"tid": 0, "generated": 0, "bbox": {"xmin": 0, "ymin": 0, "ymax": 591, "xmax": 409}}, {"tid": 1, "generated": 0, "bbox": {"xmin": 353, "ymin": 145, "ymax": 490, "xmax": 597}}, {"tid": 2, "generated": 0, "bbox": {"xmin": 1000, "ymin": 404, "ymax": 693, "xmax": 1279}}, {"tid": 3, "generated": 0, "bbox": {"xmin": 907, "ymin": 541, "ymax": 613, "xmax": 980}}], [{"tid": 0, "generated": 0, "bbox": {"xmin": 0, "ymin": 0, "ymax": 606, "xmax": 400}}, {"tid": 1, "generated": 0, "bbox": {"xmin": 353, "ymin": 148, "ymax": 501, "xmax": 608}}, {"tid": 2, "generated": 0, "bbox": {"xmin": 1008, "ymin": 419, "ymax": 693, "xmax": 1279}}, {"tid": 3, "generated": 0, "bbox": {"xmin": 895, "ymin": 551, "ymax": 623, "xmax": 967}}], [{"tid": 0, "generated": 0, "bbox": {"xmin": 0, "ymin": 0, "ymax": 624, "xmax": 394}}, {"tid": 1, "generated": 0, "bbox": {"xmin": 353, "ymin": 152, "ymax": 512, "xmax": 620}}, {"tid": 2, "generated": 0, "bbox": {"xmin": 1031, "ymin": 419, "ymax": 693, "xmax": 1279}}, {"tid": 3, "generated": 0, "bbox": {"xmin": 883, "ymin": 560, "ymax": 632, "xmax": 954}}], [{"tid": 0, "generated": 0, "bbox": {"xmin": 0, "ymin": 0, "ymax": 634, "xmax": 380}}, {"tid": 1, "generated": 0, "bbox": {"xmin": 350, "ymin": 154, "ymax": 531, "xmax": 622}}, {"tid": 2, "generated": 0, "bbox": {"xmin": 1054, "ymin": 419, "ymax": 693, "xmax": 1279}}, {"tid": 3, "generated": 0, "bbox": {"xmin": 872, "ymin": 565, "ymax": 637, "xmax": 943}}], [{"tid": 0, "generated": 0, "bbox": {"xmin": 0, "ymin": 0, "ymax": 632, "xmax": 377}}, {"tid": 1, "generated": 0, "bbox": {"xmin": 348, "ymin": 160, "ymax": 543, "xmax": 638}}, {"tid": 2, "generated": 0, "bbox": {"xmin": 1077, "ymin": 419, "ymax": 693, "xmax": 1279}}, {"tid": 3, "generated": 0, "bbox": {"xmin": 861, "ymin": 570, "ymax": 642, "xmax": 932}}], [{"tid": 0, "generated": 0, "bbox": {"xmin": 0, "ymin": 0, "ymax": 630, "xmax": 374}}, {"tid": 1, "generated": 0, "bbox": {"xmin": 346, "ymin": 167, "ymax": 556, "xmax": 654}}, {"tid": 2, "generated": 0, "bbox": {"xmin": 1100, "ymin": 419, "ymax": 693, "xmax": 1279}}, {"tid": 3, "generated": 0, "bbox": {"xmin": 851, "ymin": 574, "ymax": 646, "xmax": 922}}], [], [], [], [], [], [], [], [], [], [], [], [], [], [], [], [], [], [], [], [], [], [], [], [], [], [], [], [], [], [], [{"tid": 0, "generated": 0, "bbox": {"xmin": 0, "ymin": 0, "ymax": 483, "xmax": 403}}, {"tid": 1, "generated": 0, "bbox": {"xmin": 426, "ymin": 126, "ymax": 529, "xmax": 1073}}, {"tid": 2, "generated": 0, "bbox": {"xmin": 1117, "ymin": 420, "ymax": 628, "xmax": 1244}}], [{"tid": 0, "generated": 0, "bbox": {"xmin": 0, "ymin": 0, "ymax": 487, "xmax": 405}}, {"tid": 1, "generated": 0, "bbox": {"xmin": 426, "ymin": 126, "ymax": 536, "xmax": 1073}}, {"tid": 2, "generated": 0, "bbox": {"xmin": 1114, "ymin": 415, "ymax": 626, "xmax": 1242}}], [{"tid": 0, "generated": 0, "bbox": {"xmin": 0, "ymin": 0, "ymax": 492, "xmax": 408}}, {"tid": 1, "generated": 0, "bbox": {"xmin": 424, "ymin": 129, "ymax": 533, "xmax": 1080}}, {"tid": 2, "generated": 0, "bbox": {"xmin": 1112, "ymin": 409, "ymax": 623, "xmax": 1240}}], [{"tid": 0, "generated": 0, "bbox": {"xmin": 0, "ymin": 0, "ymax": 494, "xmax": 414}}, {"tid": 1, "generated": 0, "bbox": {"xmin": 424, "ymin": 133, "ymax": 538, "xmax": 1089}}, {"tid": 2, "generated": 0, "bbox": {"xmin": 1109, "ymin": 404, "ymax": 621, "xmax": 1238}}], [{"tid": 0, "generated": 0, "bbox": {"xmin": 0, "ymin": 0, "ymax": 494, "xmax": 418}}, {"tid": 1, "generated": 0, "bbox": {"xmin": 439, "ymin": 133, "ymax": 540, "xmax": 1105}}, {"tid": 2, "generated": 0, "bbox": {"xmin": 1106, "ymin": 398, "ymax": 618, "xmax": 1236}}], [{"tid": 0, "generated": 0, "bbox": {"xmin": 0, "ymin": 0, "ymax": 494, "xmax": 423}}, {"tid": 1, "generated": 0, "bbox": {"xmin": 448, "ymin": 135, "ymax": 535, "xmax": 1111}}, {"tid": 2, "generated": 0, "bbox": {"xmin": 1104, "ymin": 392, "ymax": 615, "xmax": 1234}}], [{"tid": 0, "generated": 0, "bbox": {"xmin": 0, "ymin": 0, "ymax": 494, "xmax": 430}}, {"tid": 1, "generated": 0, "bbox": {"xmin": 455, "ymin": 136, "ymax": 538, "xmax": 1121}}, {"tid": 2, "generated": 0, "bbox": {"xmin": 1101, "ymin": 387, "ymax": 613, "xmax": 1231}}], [{"tid": 0, "generated": 0, "bbox": {"xmin": 0, "ymin": 0, "ymax": 496, "xmax": 444}}, {"tid": 1, "generated": 0, "bbox": {"xmin": 526, "ymin": 140, "ymax": 540, "xmax": 1128}}, {"tid": 2, "generated": 0, "bbox": {"xmin": 1099, "ymin": 381, "ymax": 610, "xmax": 1229}}], [{"tid": 0, "generated": 0, "bbox": {"xmin": 0, "ymin": 0, "ymax": 497, "xmax": 450}}, {"tid": 1, "generated": 0, "bbox": {"xmin": 517, "ymin": 136, "ymax": 542, "xmax": 1137}}, {"tid": 2, "generated": 0, "bbox": {"xmin": 1096, "ymin": 376, "ymax": 608, "xmax": 1227}}], [{"tid": 0, "generated": 0, "bbox": {"xmin": 0, "ymin": 0, "ymax": 499, "xmax": 456}}, {"tid": 1, "generated": 0, "bbox": {"xmin": 540, "ymin": 138, "ymax": 556, "xmax": 1148}}, {"tid": 2, "generated": 0, "bbox": {"xmin": 1093, "ymin": 370, "ymax": 605, "xmax": 1225}}], [{"tid": 0, "generated": 0, "bbox": {"xmin": 0, "ymin": 0, "ymax": 504, "xmax": 460}}, {"tid": 1, "generated": 0, "bbox": {"xmin": 576, "ymin": 136, "ymax": 563, "xmax": 1153}}, {"tid": 2, "generated": 0, "bbox": {"xmin": 1091, "ymin": 364, "ymax": 602, "xmax": 1223}}], [{"tid": 0, "generated": 0, "bbox": {"xmin": 0, "ymin": 0, "ymax": 510, "xmax": 467}}, {"tid": 1, "generated": 0, "bbox": {"xmin": 600, "ymin": 128, "ymax": 560, "xmax": 1168}}, {"tid": 2, "generated": 0, "bbox": {"xmin": 1088, "ymin": 359, "ymax": 600, "xmax": 1221}}], [{"tid": 0, "generated": 0, "bbox": {"xmin": 0, "ymin": 0, "ymax": 518, "xmax": 474}}, {"tid": 1, "generated": 0, "bbox": {"xmin": 629, "ymin": 129, "ymax": 567, "xmax": 1185}}, {"tid": 2, "generated": 0, "bbox": {"xmin": 1085, "ymin": 353, "ymax": 597, "xmax": 1219}}], [{"tid": 0, "generated": 0, "bbox": {"xmin": 0, "ymin": 0, "ymax": 526, "xmax": 481}}, {"tid": 1, "generated": 0, "bbox": {"xmin": 654, "ymin": 126, "ymax": 568, "xmax": 1194}}, {"tid": 2, "generated": 0, "bbox": {"xmin": 1083, "ymin": 348, "ymax": 595, "xmax": 1216}}], [{"tid": 0, "generated": 0, "bbox": {"xmin": 0, "ymin": 0, "ymax": 531, "xmax": 488}}, {"tid": 1, "generated": 0, "bbox": {"xmin": 672, "ymin": 129, "ymax": 570, "xmax": 1205}}, {"tid": 2, "generated": 0, "bbox": {"xmin": 1080, "ymin": 342, "ymax": 592, "xmax": 1214}}], [{"tid": 0, "generated": 0, "bbox": {"xmin": 0, "ymin": 0, "ymax": 538, "xmax": 496}}, {"tid": 1, "generated": 0, "bbox": {"xmin": 691, "ymin": 133, "ymax": 565, "xmax": 1217}}, {"tid": 2, "generated": 0, "bbox": {"xmin": 1077, "ymin": 337, "ymax": 590, "xmax": 1212}}], [{"tid": 0, "generated": 0, "bbox": {"xmin": 0, "ymin": 0, "ymax": 549, "xmax": 505}}, {"tid": 1, "generated": 0, "bbox": {"xmin": 709, "ymin": 138, "ymax": 561, "xmax": 1235}}, {"tid": 2, "generated": 0, "bbox": {"xmin": 1075, "ymin": 331, "ymax": 587, "xmax": 1210}}], [{"tid": 0, "generated": 0, "bbox": {"xmin": 0, "ymin": 0, "ymax": 560, "xmax": 514}}, {"tid": 1, "generated": 0, "bbox": {"xmin": 727, "ymin": 147, "ymax": 558, "xmax": 1246}}, {"tid": 2, "generated": 0, "bbox": {"xmin": 1072, "ymin": 325, "ymax": 584, "xmax": 1208}}], [{"tid": 0, "generated": 0, "bbox": {"xmin": 0, "ymin": 0, "ymax": 572, "xmax": 524}}, {"tid": 1, "generated": 0, "bbox": {"xmin": 744, "ymin": 156, "ymax": 556, "xmax": 1264}}, {"tid": 2, "generated": 0, "bbox": {"xmin": 1069, "ymin": 320, "ymax": 582, "xmax": 1206}}], [{"tid": 0, "generated": 0, "bbox": {"xmin": 0, "ymin": 0, "ymax": 590, "xmax": 528}}, {"tid": 1, "generated": 0, "bbox": {"xmin": 762, "ymin": 167, "ymax": 547, "xmax": 1274}}, {"tid": 2, "generated": 0, "bbox": {"xmin": 1067, "ymin": 314, "ymax": 579, "xmax": 1204}}], [{"tid": 0, "generated": 0, "bbox": {"xmin": 0, "ymin": 0, "ymax": 608, "xmax": 533}}, {"tid": 1, "generated": 0, "bbox": {"xmin": 782, "ymin": 177, "ymax": 561, "xmax": 1278}}, {"tid": 2, "generated": 0, "bbox": {"xmin": 1064, "ymin": 309, "ymax": 577, "xmax": 1201}}], [{"tid": 0, "generated": 0, "bbox": {"xmin": 0, "ymin": 0, "ymax": 625, "xmax": 547}}, {"tid": 1, "generated": 0, "bbox": {"xmin": 789, "ymin": 192, "ymax": 576, "xmax": 1276}}, {"tid": 2, "generated": 0, "bbox": {"xmin": 1062, "ymin": 303, "ymax": 574, "xmax": 1199}}], [{"tid": 0, "generated": 0, "bbox": {"xmin": 0, "ymin": 0, "ymax": 643, "xmax": 561}}, {"tid": 1, "generated": 0, "bbox": {"xmin": 796, "ymin": 202, "ymax": 586, "xmax": 1278}}, {"tid": 2, "generated": 0, "bbox": {"xmin": 1059, "ymin": 297, "ymax": 571, "xmax": 1197}}], [{"tid": 0, "generated": 0, "bbox": {"xmin": 0, "ymin": 0, "ymax": 663, "xmax": 572}}, {"tid": 1, "generated": 0, "bbox": {"xmin": 805, "ymin": 211, "ymax": 593, "xmax": 1278}}, {"tid": 2, "generated": 0, "bbox": {"xmin": 1056, "ymin": 292, "ymax": 569, "xmax": 1195}}], [{"tid": 0, "generated": 0, "bbox": {"xmin": 0, "ymin": 0, "ymax": 680, "xmax": 586}}, {"tid": 1, "generated": 0, "bbox": {"xmin": 814, "ymin": 225, "ymax": 606, "xmax": 1278}}, {"tid": 2, "generated": 0, "bbox": {"xmin": 1054, "ymin": 286, "ymax": 566, "xmax": 1193}}], [{"tid": 0, "generated": 0, "bbox": {"xmin": 0, "ymin": 23, "ymax": 702, "xmax": 600}}, {"tid": 1, "generated": 0, "bbox": {"xmin": 839, "ymin": 238, "ymax": 620, "xmax": 1278}}, {"tid": 2, "generated": 0, "bbox": {"xmin": 1051, "ymin": 281, "ymax": 564, "xmax": 1191}}], [{"tid": 0, "generated": 0, "bbox": {"xmin": 0, "ymin": 48, "ymax": 718, "xmax": 611}}, {"tid": 1, "generated": 0, "bbox": {"xmin": 860, "ymin": 256, "ymax": 632, "xmax": 1278}}, {"tid": 2, "generated": 0, "bbox": {"xmin": 1048, "ymin": 275, "ymax": 561, "xmax": 1189}}], [{"tid": 0, "generated": 0, "bbox": {"xmin": 0, "ymin": 74, "ymax": 716, "xmax": 636}}, {"tid": 1, "generated": 0, "bbox": {"xmin": 884, "ymin": 274, "ymax": 654, "xmax": 1278}}, {"tid": 2, "generated": 0, "bbox": {"xmin": 1046, "ymin": 269, "ymax": 558, "xmax": 1186}}], [{"tid": 0, "generated": 0, "bbox": {"xmin": 0, "ymin": 96, "ymax": 718, "xmax": 656}}, {"tid": 1, "generated": 0, "bbox": {"xmin": 908, "ymin": 292, "ymax": 676, "xmax": 1278}}, {"tid": 2, "generated": 0, "bbox": {"xmin": 1043, "ymin": 264, "ymax": 556, "xmax": 1184}}], [{"tid": 0, "generated": 0, "bbox": {"xmin": 0, "ymin": 117, "ymax": 716, "xmax": 673}}, {"tid": 1, "generated": 0, "bbox": {"xmin": 933, "ymin": 311, "ymax": 698, "xmax": 1278}}, {"tid": 2, "generated": 0, "bbox": {"xmin": 1040, "ymin": 258, "ymax": 553, "xmax": 1182}}], [], [], [], [], [], [], [], [], [], [], [], [], [], [], [], [], [], [], [], [], [], [], [], [], [], [], [], [], [], [], [], [], [], [], [], [], [], [], [], [], [], [], [], [], [], [{"tid": 0, "generated": 0, "bbox": {"xmin": 0, "ymin": 72, "ymax": 602, "xmax": 184}}, {"tid": 1, "generated": 0, "bbox": {"xmin": 460, "ymin": 172, "ymax": 428, "xmax": 912}}, {"tid": 2, "generated": 0, "bbox": {"xmin": 862, "ymin": 139, "ymax": 518, "xmax": 1014}}, {"tid": 3, "generated": 0, "bbox": {"xmin": 680, "ymin": 379, "ymax": 425, "xmax": 727}}], [{"tid": 0, "generated": 0, "bbox": {"xmin": 0, "ymin": 67, "ymax": 599, "xmax": 193}}, {"tid": 1, "generated": 0, "bbox": {"xmin": 464, "ymin": 170, "ymax": 424, "xmax": 910}}, {"tid": 2, "generated": 0, "bbox": {"xmin": 862, "ymin": 139, "ymax": 518, "xmax": 1014}}, {"tid": 3, "generated": 0, "bbox": {"xmin": 670, "ymin": 373, "ymax": 418, "xmax": 716}}], [{"tid": 0, "generated": 0, "bbox": {"xmin": 0, "ymin": 62, "ymax": 597, "xmax": 202}}, {"tid": 1, "generated": 0, "bbox": {"xmin": 485, "ymin": 170, "ymax": 424, "xmax": 915}}, {"tid": 2, "generated": 0, "bbox": {"xmin": 862, "ymin": 139, "ymax": 518, "xmax": 1014}}, {"tid": 3, "generated": 0, "bbox": {"xmin": 659, "ymin": 366, "ymax": 412, "xmax": 705}}], [{"tid": 0, "generated": 0, "bbox": {"xmin": 0, "ymin": 56, "ymax": 590, "xmax": 209}}, {"tid": 1, "generated": 0, "bbox": {"xmin": 490, "ymin": 170, "ymax": 424, "xmax": 904}}, {"tid": 2, "generated": 0, "bbox": {"xmin": 862, "ymin": 139, "ymax": 518, "xmax": 1014}}, {"tid": 3, "generated": 0, "bbox": {"xmin": 648, "ymin": 360, "ymax": 405, "xmax": 694}}], [{"tid": 0, "generated": 0, "bbox": {"xmin": 0, "ymin": 53, "ymax": 586, "xmax": 220}}, {"tid": 1, "generated": 0, "bbox": {"xmin": 497, "ymin": 170, "ymax": 424, "xmax": 901}}, {"tid": 2, "generated": 0, "bbox": {"xmin": 862, "ymin": 139, "ymax": 518, "xmax": 1014}}, {"tid": 3, "generated": 0, "bbox": {"xmin": 637, "ymin": 353, "ymax": 398, "xmax": 683}}], [{"tid": 0, "generated": 0, "bbox": {"xmin": 0, "ymin": 49, "ymax": 581, "xmax": 227}}, {"tid": 1, "generated": 0, "bbox": {"xmin": 526, "ymin": 167, "ymax": 456, "xmax": 910}}, {"tid": 2, "generated": 0, "bbox": {"xmin": 862, "ymin": 139, "ymax": 518, "xmax": 1014}}, {"tid": 3, "generated": 0, "bbox": {"xmin": 627, "ymin": 347, "ymax": 392, "xmax": 672}}], [{"tid": 0, "generated": 0, "bbox": {"xmin": 0, "ymin": 46, "ymax": 579, "xmax": 240}}, {"tid": 1, "generated": 0, "bbox": {"xmin": 536, "ymin": 168, "ymax": 423, "xmax": 915}}, {"tid": 2, "generated": 0, "bbox": {"xmin": 862, "ymin": 139, "ymax": 547, "xmax": 1021}}, {"tid": 3, "generated": 0, "bbox": {"xmin": 616, "ymin": 340, "ymax": 385, "xmax": 661}}], [{"tid": 0, "generated": 0, "bbox": {"xmin": 0, "ymin": 45, "ymax": 584, "xmax": 246}}, {"tid": 1, "generated": 0, "bbox": {"xmin": 548, "ymin": 168, "ymax": 422, "xmax": 913}}, {"tid": 2, "generated": 0, "bbox": {"xmin": 862, "ymin": 139, "ymax": 576, "xmax": 1028}}, {"tid": 3, "generated": 0, "bbox": {"xmin": 605, "ymin": 334, "ymax": 378, "xmax": 650}}], [{"tid": 0, "generated": 0, "bbox": {"xmin": 0, "ymin": 45, "ymax": 590, "xmax": 252}}, {"tid": 1, "generated": 0, "bbox": {"xmin": 561, "ymin": 168, "ymax": 421, "xmax": 912}}, {"tid": 2, "generated": 0, "bbox": {"xmin": 862, "ymin": 139, "ymax": 606, "xmax": 1035}}, {"tid": 3, "generated": 0, "bbox": {"xmin": 595, "ymin": 327, "ymax": 372, "xmax": 639}}], [{"tid": 0, "generated": 0, "bbox": {"xmin": 0, "ymin": 44, "ymax": 596, "xmax": 258}}, {"tid": 1, "generated": 0, "bbox": {"xmin": 572, "ymin": 168, "ymax": 419, "xmax": 912}}, {"tid": 2, "generated": 0, "bbox": {"xmin": 862, "ymin": 139, "ymax": 635, "xmax": 1042}}, {"tid": 3, "generated": 0, "bbox": {"xmin": 584, "ymin": 321, "ymax": 365, "xmax": 628}}], [{"tid": 0, "generated": 0, "bbox": {"xmin": 0, "ymin": 44, "ymax": 602, "xmax": 264}}, {"tid": 1, "generated": 0, "bbox": {"xmin": 584, "ymin": 168, "ymax": 419, "xmax": 910}}, {"tid": 2, "generated": 0, "bbox": {"xmin": 862, "ymin": 139, "ymax": 664, "xmax": 1049}}, {"tid": 3, "generated": 0, "bbox": {"xmin": 583, "ymin": 320, "ymax": 364, "xmax": 627}}], [{"tid": 0, "generated": 0, "bbox": {"xmin": 0, "ymin": 43, "ymax": 608, "xmax": 271}}, {"tid": 1, "generated": 0, "bbox": {"xmin": 597, "ymin": 168, "ymax": 419, "xmax": 908}}, {"tid": 2, "generated": 0, "bbox": {"xmin": 862, "ymin": 139, "ymax": 664, "xmax": 1049}}, {"tid": 3, "generated": 0, "bbox": {"xmin": 581, "ymin": 320, "ymax": 364, "xmax": 625}}], [{"tid": 0, "generated": 0, "bbox": {"xmin": 0, "ymin": 43, "ymax": 614, "xmax": 277}}, {"tid": 1, "generated": 0, "bbox": {"xmin": 604, "ymin": 167, "ymax": 437, "xmax": 904}}, {"tid": 2, "generated": 0, "bbox": {"xmin": 862, "ymin": 139, "ymax": 664, "xmax": 1049}}, {"tid": 3, "generated": 0, "bbox": {"xmin": 580, "ymin": 319, "ymax": 363, "xmax": 624}}], [{"tid": 0, "generated": 0, "bbox": {"xmin": 0, "ymin": 42, "ymax": 620, "xmax": 283}}, {"tid": 1, "generated": 0, "bbox": {"xmin": 615, "ymin": 168, "ymax": 419, "xmax": 906}}, {"tid": 2, "generated": 0, "bbox": {"xmin": 862, "ymin": 139, "ymax": 664, "xmax": 1049}}, {"tid": 3, "generated": 0, "bbox": {"xmin": 578, "ymin": 319, "ymax": 363, "xmax": 622}}], [{"tid": 0, "generated": 0, "bbox": {"xmin": 0, "ymin": 42, "ymax": 626, "xmax": 289}}, {"tid": 1, "generated": 0, "bbox": {"xmin": 624, "ymin": 168, "ymax": 421, "xmax": 904}}, {"tid": 2, "generated": 0, "bbox": {"xmin": 862, "ymin": 139, "ymax": 664, "xmax": 1049}}, {"tid": 3, "generated": 0, "bbox": {"xmin": 577, "ymin": 318, "ymax": 362, "xmax": 621}}], [{"tid": 0, "generated": 0, "bbox": {"xmin": 0, "ymin": 42, "ymax": 632, "xmax": 296}}, {"tid": 1, "generated": 0, "bbox": {"xmin": 629, "ymin": 168, "ymax": 467, "xmax": 903}}, {"tid": 2, "generated": 0, "bbox": {"xmin": 862, "ymin": 139, "ymax": 664, "xmax": 1049}}, {"tid": 3, "generated": 0, "bbox": {"xmin": 575, "ymin": 314, "ymax": 358, "xmax": 619}}], [{"tid": 0, "generated": 0, "bbox": {"xmin": 0, "ymin": 41, "ymax": 630, "xmax": 303}}, {"tid": 1, "generated": 0, "bbox": {"xmin": 634, "ymin": 168, "ymax": 459, "xmax": 911}}, {"tid": 2, "generated": 0, "bbox": {"xmin": 840, "ymin": 141, "ymax": 671, "xmax": 1043}}, {"tid": 3, "generated": 0, "bbox": {"xmin": 574, "ymin": 310, "ymax": 354, "xmax": 618}}], [{"tid": 0, "generated": 0, "bbox": {"xmin": 0, "ymin": 40, "ymax": 628, "xmax": 311}}, {"tid": 1, "generated": 0, "bbox": {"xmin": 640, "ymin": 168, "ymax": 451, "xmax": 920}}, {"tid": 2, "generated": 0, "bbox": {"xmin": 817, "ymin": 142, "ymax": 677, "xmax": 1038}}, {"tid": 3, "generated": 0, "bbox": {"xmin": 572, "ymin": 306, "ymax": 350, "xmax": 616}}], [{"tid": 0, "generated": 0, "bbox": {"xmin": 0, "ymin": 39, "ymax": 627, "xmax": 319}}, {"tid": 1, "generated": 0, "bbox": {"xmin": 661, "ymin": 168, "ymax": 465, "xmax": 967}}, {"tid": 2, "generated": 0, "bbox": {"xmin": 795, "ymin": 144, "ymax": 684, "xmax": 1032}}, {"tid": 3, "generated": 0, "bbox": {"xmin": 571, "ymin": 302, "ymax": 346, "xmax": 615}}], [{"tid": 0, "generated": 0, "bbox": {"xmin": 0, "ymin": 38, "ymax": 625, "xmax": 326}}, {"tid": 1, "generated": 0, "bbox": {"xmin": 661, "ymin": 168, "ymax": 480, "xmax": 972}}, {"tid": 2, "generated": 0, "bbox": {"xmin": 772, "ymin": 145, "ymax": 690, "xmax": 1027}}, {"tid": 3, "generated": 0, "bbox": {"xmin": 569, "ymin": 298, "ymax": 342, "xmax": 613}}], [{"tid": 0, "generated": 0, "bbox": {"xmin": 0, "ymin": 37, "ymax": 624, "xmax": 334}}, {"tid": 1, "generated": 0, "bbox": {"xmin": 661, "ymin": 168, "ymax": 496, "xmax": 977}}, {"tid": 2, "generated": 0, "bbox": {"xmin": 750, "ymin": 147, "ymax": 697, "xmax": 1021}}, {"tid": 3, "generated": 0, "bbox": {"xmin": 571, "ymin": 295, "ymax": 339, "xmax": 615}}], [{"tid": 0, "generated": 0, "bbox": {"xmin": 0, "ymin": 36, "ymax": 622, "xmax": 342}}, {"tid": 1, "generated": 0, "bbox": {"xmin": 660, "ymin": 167, "ymax": 476, "xmax": 978}}, {"tid": 2, "generated": 0, "bbox": {"xmin": 750, "ymin": 147, "ymax": 697, "xmax": 1021}}, {"tid": 3, "generated": 0, "bbox": {"xmin": 572, "ymin": 293, "ymax": 337, "xmax": 616}}], [{"tid": 0, "generated": 0, "bbox": {"xmin": 0, "ymin": 35, "ymax": 620, "xmax": 349}}, {"tid": 1, "generated": 0, "bbox": {"xmin": 659, "ymin": 167, "ymax": 456, "xmax": 979}}, {"tid": 2, "generated": 0, "bbox": {"xmin": 750, "ymin": 147, "ymax": 697, "xmax": 1021}}, {"tid": 3, "generated": 0, "bbox": {"xmin": 574, "ymin": 290, "ymax": 334, "xmax": 618}}], [{"tid": 0, "generated": 0, "bbox": {"xmin": 0, "ymin": 34, "ymax": 619, "xmax": 357}}, {"tid": 1, "generated": 0, "bbox": {"xmin": 664, "ymin": 172, "ymax": 549, "xmax": 965}}, {"tid": 2, "generated": 0, "bbox": {"xmin": 750, "ymin": 147, "ymax": 697, "xmax": 1021}}, {"tid": 3, "generated": 0, "bbox": {"xmin": 575, "ymin": 288, "ymax": 332, "xmax": 619}}], [{"tid": 0, "generated": 0, "bbox": {"xmin": 0, "ymin": 33, "ymax": 617, "xmax": 365}}, {"tid": 1, "generated": 0, "bbox": {"xmin": 670, "ymin": 172, "ymax": 563, "xmax": 974}}, {"tid": 2, "generated": 0, "bbox": {"xmin": 750, "ymin": 147, "ymax": 697, "xmax": 1021}}, {"tid": 3, "generated": 0, "bbox": {"xmin": 577, "ymin": 285, "ymax": 329, "xmax": 621}}], [{"tid": 0, "generated": 0, "bbox": {"xmin": 0, "ymin": 33, "ymax": 616, "xmax": 373}}, {"tid": 1, "generated": 0, "bbox": {"xmin": 675, "ymin": 174, "ymax": 583, "xmax": 981}}, {"tid": 2, "generated": 0, "bbox": {"xmin": 750, "ymin": 147, "ymax": 697, "xmax": 1021}}, {"tid": 3, "generated": 0, "bbox": {"xmin": 576, "ymin": 283, "ymax": 327, "xmax": 620}}], [{"tid": 0, "generated": 0, "bbox": {"xmin": 0, "ymin": 29, "ymax": 614, "xmax": 383}}, {"tid": 1, "generated": 0, "bbox": {"xmin": 684, "ymin": 174, "ymax": 581, "xmax": 979}}, {"tid": 2, "generated": 0, "bbox": {"xmin": 747, "ymin": 152, "ymax": 697, "xmax": 994}}, {"tid": 3, "generated": 0, "bbox": {"xmin": 575, "ymin": 282, "ymax": 326, "xmax": 619}}], [{"tid": 0, "generated": 0, "bbox": {"xmin": 0, "ymin": 25, "ymax": 613, "xmax": 393}}, {"tid": 1, "generated": 0, "bbox": {"xmin": 689, "ymin": 171, "ymax": 583, "xmax": 983}}, {"tid": 2, "generated": 0, "bbox": {"xmin": 743, "ymin": 156, "ymax": 697, "xmax": 968}}, {"tid": 3, "generated": 0, "bbox": {"xmin": 574, "ymin": 280, "ymax": 324, "xmax": 618}}], [{"tid": 0, "generated": 0, "bbox": {"xmin": 0, "ymin": 22, "ymax": 612, "xmax": 404}}, {"tid": 1, "generated": 0, "bbox": {"xmin": 695, "ymin": 168, "ymax": 586, "xmax": 988}}, {"tid": 2, "generated": 0, "bbox": {"xmin": 740, "ymin": 161, "ymax": 698, "xmax": 941}}, {"tid": 3, "generated": 0, "bbox": {"xmin": 573, "ymin": 279, "ymax": 323, "xmax": 617}}], [{"tid": 0, "generated": 0, "bbox": {"xmin": 0, "ymin": 18, "ymax": 611, "xmax": 414}}, {"tid": 1, "generated": 0, "bbox": {"xmin": 696, "ymin": 170, "ymax": 588, "xmax": 1000}}, {"tid": 2, "generated": 0, "bbox": {"xmin": 736, "ymin": 165, "ymax": 698, "xmax": 915}}, {"tid": 3, "generated": 0, "bbox": {"xmin": 572, "ymin": 277, "ymax": 321, "xmax": 616}}], [], [], [], [], [], [], [], [], [], [], [], [], [], [], [], [], [], [], [], [], [], [], [], [], [], [], [], [], [], [], [{"tid": 0, "generated": 0, "bbox": {"xmin": 0, "ymin": 0, "ymax": 660, "xmax": 517}}, {"tid": 1, "generated": 0, "bbox": {"xmin": 462, "ymin": 243, "ymax": 671, "xmax": 899}}, {"tid": 2, "generated": 0, "bbox": {"xmin": 488, "ymin": 67, "ymax": 389, "xmax": 565}}], [{"tid": 0, "generated": 0, "bbox": {"xmin": 0, "ymin": 0, "ymax": 662, "xmax": 518}}, {"tid": 1, "generated": 0, "bbox": {"xmin": 444, "ymin": 248, "ymax": 683, "xmax": 900}}, {"tid": 2, "generated": 0, "bbox": {"xmin": 488, "ymin": 67, "ymax": 389, "xmax": 565}}], [{"tid": 0, "generated": 0, "bbox": {"xmin": 0, "ymin": 0, "ymax": 665, "xmax": 519}}, {"tid": 1, "generated": 0, "bbox": {"xmin": 426, "ymin": 254, "ymax": 696, "xmax": 901}}, {"tid": 2, "generated": 0, "bbox": {"xmin": 488, "ymin": 67, "ymax": 389, "xmax": 565}}], [{"tid": 0, "generated": 0, "bbox": {"xmin": 0, "ymin": 0, "ymax": 667, "xmax": 521}}, {"tid": 1, "generated": 0, "bbox": {"xmin": 413, "ymin": 257, "ymax": 699, "xmax": 898}}, {"tid": 2, "generated": 0, "bbox": {"xmin": 488, "ymin": 67, "ymax": 389, "xmax": 565}}], [{"tid": 0, "generated": 0, "bbox": {"xmin": 0, "ymin": 0, "ymax": 670, "xmax": 522}}, {"tid": 1, "generated": 0, "bbox": {"xmin": 401, "ymin": 260, "ymax": 702, "xmax": 896}}, {"tid": 2, "generated": 0, "bbox": {"xmin": 488, "ymin": 67, "ymax": 389, "xmax": 565}}], [{"tid": 0, "generated": 0, "bbox": {"xmin": 0, "ymin": 0, "ymax": 673, "xmax": 524}}, {"tid": 1, "generated": 0, "bbox": {"xmin": 389, "ymin": 263, "ymax": 706, "xmax": 894}}, {"tid": 2, "generated": 0, "bbox": {"xmin": 488, "ymin": 67, "ymax": 389, "xmax": 565}}], [{"tid": 0, "generated": 0, "bbox": {"xmin": 0, "ymin": 0, "ymax": 676, "xmax": 522}}, {"tid": 1, "generated": 0, "bbox": {"xmin": 376, "ymin": 266, "ymax": 709, "xmax": 892}}, {"tid": 2, "generated": 0, "bbox": {"xmin": 488, "ymin": 67, "ymax": 374, "xmax": 562}}], [{"tid": 0, "generated": 0, "bbox": {"xmin": 0, "ymin": 0, "ymax": 679, "xmax": 521}}, {"tid": 1, "generated": 0, "bbox": {"xmin": 364, "ymin": 269, "ymax": 712, "xmax": 890}}, {"tid": 2, "generated": 0, "bbox": {"xmin": 488, "ymin": 67, "ymax": 358, "xmax": 560}}], [{"tid": 0, "generated": 0, "bbox": {"xmin": 0, "ymin": 0, "ymax": 682, "xmax": 520}}, {"tid": 1, "generated": 0, "bbox": {"xmin": 352, "ymin": 272, "ymax": 716, "xmax": 888}}, {"tid": 2, "generated": 0, "bbox": {"xmin": 488, "ymin": 67, "ymax": 343, "xmax": 557}}], [{"tid": 0, "generated": 0, "bbox": {"xmin": 0, "ymin": 0, "ymax": 685, "xmax": 518}}, {"tid": 1, "generated": 0, "bbox": {"xmin": 354, "ymin": 276, "ymax": 715, "xmax": 898}}, {"tid": 2, "generated": 0, "bbox": {"xmin": 488, "ymin": 67, "ymax": 327, "xmax": 555}}], [{"tid": 0, "generated": 0, "bbox": {"xmin": 0, "ymin": 0, "ymax": 688, "xmax": 517}}, {"tid": 1, "generated": 0, "bbox": {"xmin": 356, "ymin": 280, "ymax": 714, "xmax": 908}}, {"tid": 2, "generated": 0, "bbox": {"xmin": 488, "ymin": 67, "ymax": 312, "xmax": 552}}], [{"tid": 0, "generated": 0, "bbox": {"xmin": 0, "ymin": 0, "ymax": 691, "xmax": 516}}, {"tid": 1, "generated": 0, "bbox": {"xmin": 358, "ymin": 284, "ymax": 713, "xmax": 918}}, {"tid": 2, "generated": 0, "bbox": {"xmin": 488, "ymin": 67, "ymax": 312, "xmax": 552}}], [{"tid": 0, "generated": 0, "bbox": {"xmin": 0, "ymin": 0, "ymax": 695, "xmax": 515}}, {"tid": 1, "generated": 0, "bbox": {"xmin": 360, "ymin": 288, "ymax": 712, "xmax": 929}}, {"tid": 2, "generated": 0, "bbox": {"xmin": 488, "ymin": 67, "ymax": 312, "xmax": 552}}], [{"tid": 0, "generated": 0, "bbox": {"xmin": 0, "ymin": 0, "ymax": 696, "xmax": 514}}, {"tid": 1, "generated": 0, "bbox": {"xmin": 368, "ymin": 292, "ymax": 712, "xmax": 939}}, {"tid": 2, "generated": 0, "bbox": {"xmin": 488, "ymin": 67, "ymax": 312, "xmax": 552}}], [{"tid": 0, "generated": 0, "bbox": {"xmin": 0, "ymin": 0, "ymax": 697, "xmax": 514}}, {"tid": 1, "generated": 0, "bbox": {"xmin": 376, "ymin": 296, "ymax": 712, "xmax": 949}}, {"tid": 2, "generated": 0, "bbox": {"xmin": 488, "ymin": 67, "ymax": 312, "xmax": 552}}], [{"tid": 0, "generated": 0, "bbox": {"xmin": 0, "ymin": 0, "ymax": 698, "xmax": 514}}, {"tid": 1, "generated": 0, "bbox": {"xmin": 384, "ymin": 300, "ymax": 712, "xmax": 959}}, {"tid": 2, "generated": 0, "bbox": {"xmin": 488, "ymin": 67, "ymax": 312, "xmax": 552}}], [{"tid": 0, "generated": 0, "bbox": {"xmin": 0, "ymin": 1, "ymax": 699, "xmax": 514}}, {"tid": 1, "generated": 0, "bbox": {"xmin": 392, "ymin": 304, "ymax": 712, "xmax": 969}}, {"tid": 2, "generated": 0, "bbox": {"xmin": 488, "ymin": 65, "ymax": 312, "xmax": 552}}], [{"tid": 0, "generated": 0, "bbox": {"xmin": 0, "ymin": 1, "ymax": 701, "xmax": 514}}, {"tid": 1, "generated": 0, "bbox": {"xmin": 400, "ymin": 308, "ymax": 712, "xmax": 979}}, {"tid": 2, "generated": 0, "bbox": {"xmin": 488, "ymin": 63, "ymax": 312, "xmax": 552}}], [{"tid": 0, "generated": 0, "bbox": {"xmin": 0, "ymin": 1, "ymax": 702, "xmax": 513}}, {"tid": 1, "generated": 0, "bbox": {"xmin": 408, "ymin": 312, "ymax": 712, "xmax": 990}}, {"tid": 2, "generated": 0, "bbox": {"xmin": 488, "ymin": 61, "ymax": 312, "xmax": 552}}], [{"tid": 0, "generated": 0, "bbox": {"xmin": 0, "ymin": 2, "ymax": 703, "xmax": 513}}, {"tid": 1, "generated": 0, "bbox": {"xmin": 416, "ymin": 311, "ymax": 712, "xmax": 996}}, {"tid": 2, "generated": 0, "bbox": {"xmin": 488, "ymin": 59, "ymax": 312, "xmax": 552}}], [{"tid": 0, "generated": 0, "bbox": {"xmin": 0, "ymin": 2, "ymax": 704, "xmax": 513}}, {"tid": 1, "generated": 0, "bbox": {"xmin": 425, "ymin": 310, "ymax": 712, "xmax": 1003}}, {"tid": 2, "generated": 0, "bbox": {"xmin": 488, "ymin": 57, "ymax": 312, "xmax": 552}}], [{"tid": 0, "generated": 0, "bbox": {"xmin": 0, "ymin": 2, "ymax": 705, "xmax": 513}}, {"tid": 1, "generated": 0, "bbox": {"xmin": 433, "ymin": 309, "ymax": 712, "xmax": 1009}}, {"tid": 2, "generated": 0, "bbox": {"xmin": 488, "ymin": 57, "ymax": 312, "xmax": 558}}], [{"tid": 0, "generated": 0, "bbox": {"xmin": 0, "ymin": 3, "ymax": 707, "xmax": 513}}, {"tid": 1, "generated": 0, "bbox": {"xmin": 442, "ymin": 309, "ymax": 712, "xmax": 1016}}, {"tid": 2, "generated": 0, "bbox": {"xmin": 488, "ymin": 57, "ymax": 312, "xmax": 563}}], [{"tid": 0, "generated": 0, "bbox": {"xmin": 0, "ymin": 5, "ymax": 707, "xmax": 514}}, {"tid": 1, "generated": 0, "bbox": {"xmin": 448, "ymin": 307, "ymax": 712, "xmax": 1023}}, {"tid": 2, "generated": 0, "bbox": {"xmin": 488, "ymin": 57, "ymax": 312, "xmax": 569}}], [{"tid": 0, "generated": 0, "bbox": {"xmin": 0, "ymin": 7, "ymax": 707, "xmax": 516}}, {"tid": 1, "generated": 0, "bbox": {"xmin": 454, "ymin": 306, "ymax": 713, "xmax": 1030}}, {"tid": 2, "generated": 0, "bbox": {"xmin": 488, "ymin": 57, "ymax": 312, "xmax": 574}}], [{"tid": 0, "generated": 0, "bbox": {"xmin": 0, "ymin": 9, "ymax": 708, "xmax": 518}}, {"tid": 1, "generated": 0, "bbox": {"xmin": 460, "ymin": 305, "ymax": 714, "xmax": 1037}}, {"tid": 2, "generated": 0, "bbox": {"xmin": 488, "ymin": 57, "ymax": 312, "xmax": 580}}], [{"tid": 0, "generated": 0, "bbox": {"xmin": 0, "ymin": 11, "ymax": 708, "xmax": 520}}, {"tid": 1, "generated": 0, "bbox": {"xmin": 466, "ymin": 304, "ymax": 714, "xmax": 1044}}, {"tid": 2, "generated": 0, "bbox": {"xmin": 487, "ymin": 55, "ymax": 310, "xmax": 579}}], [{"tid": 0, "generated": 0, "bbox": {"xmin": 0, "ymin": 13, "ymax": 709, "xmax": 522}}, {"tid": 1, "generated": 0, "bbox": {"xmin": 472, "ymin": 303, "ymax": 715, "xmax": 1051}}, {"tid": 2, "generated": 0, "bbox": {"xmin": 487, "ymin": 52, "ymax": 307, "xmax": 579}}], [{"tid": 0, "generated": 0, "bbox": {"xmin": 0, "ymin": 15, "ymax": 709, "xmax": 523}}, {"tid": 1, "generated": 0, "bbox": {"xmin": 478, "ymin": 302, "ymax": 716, "xmax": 1059}}, {"tid": 2, "generated": 0, "bbox": {"xmin": 486, "ymin": 50, "ymax": 305, "xmax": 578}}], [{"tid": 0, "generated": 0, "bbox": {"xmin": 0, "ymin": 17, "ymax": 709, "xmax": 525}}, {"tid": 1, "generated": 0, "bbox": {"xmin": 484, "ymin": 302, "ymax": 715, "xmax": 1071}}, {"tid": 2, "generated": 0, "bbox": {"xmin": 486, "ymin": 47, "ymax": 302, "xmax": 578}}], [], [], [], [], [], [], [], [], [], [], [], [], [], [], [], [], [], [], [], [], [], [], [], [], [], [], [], [], [], [], [], [], [], [], [], [], [], [], [], [], [], [], [], [], [], [], [], [], [], [], [], [], [], [], [], [], [], [], [], [], [], [], [], [], [], [], [], [], [], [], [], [], [], [], [], [{"tid": 0, "generated": 0, "bbox": {"xmin": 315, "ymin": 180, "ymax": 714, "xmax": 1220}}, {"tid": 2, "generated": 0, "bbox": {"xmin": 507, "ymin": 153, "ymax": 220, "xmax": 593}}, {"tid": 3, "generated": 0, "bbox": {"xmin": 469, "ymin": 274, "ymax": 328, "xmax": 512}}], [{"tid": 0, "generated": 0, "bbox": {"xmin": 324, "ymin": 180, "ymax": 714, "xmax": 1228}}, {"tid": 2, "generated": 0, "bbox": {"xmin": 500, "ymin": 153, "ymax": 229, "xmax": 593}}, {"tid": 3, "generated": 0, "bbox": {"xmin": 468, "ymin": 274, "ymax": 329, "xmax": 512}}], [{"tid": 0, "generated": 0, "bbox": {"xmin": 333, "ymin": 181, "ymax": 715, "xmax": 1236}}, {"tid": 2, "generated": 0, "bbox": {"xmin": 493, "ymin": 153, "ymax": 238, "xmax": 593}}, {"tid": 3, "generated": 0, "bbox": {"xmin": 467, "ymin": 274, "ymax": 329, "xmax": 512}}], [{"tid": 0, "generated": 0, "bbox": {"xmin": 342, "ymin": 181, "ymax": 715, "xmax": 1244}}, {"tid": 2, "generated": 0, "bbox": {"xmin": 485, "ymin": 153, "ymax": 246, "xmax": 593}}, {"tid": 3, "generated": 0, "bbox": {"xmin": 467, "ymin": 274, "ymax": 329, "xmax": 511}}], [{"tid": 0, "generated": 0, "bbox": {"xmin": 351, "ymin": 181, "ymax": 715, "xmax": 1252}}, {"tid": 2, "generated": 0, "bbox": {"xmin": 478, "ymin": 153, "ymax": 255, "xmax": 593}}, {"tid": 3, "generated": 0, "bbox": {"xmin": 466, "ymin": 274, "ymax": 329, "xmax": 511}}], [{"tid": 0, "generated": 0, "bbox": {"xmin": 360, "ymin": 182, "ymax": 715, "xmax": 1260}}, {"tid": 2, "generated": 0, "bbox": {"xmin": 471, "ymin": 153, "ymax": 264, "xmax": 593}}, {"tid": 3, "generated": 0, "bbox": {"xmin": 466, "ymin": 274, "ymax": 330, "xmax": 510}}], [{"tid": 0, "generated": 0, "bbox": {"xmin": 369, "ymin": 182, "ymax": 715, "xmax": 1268}}, {"tid": 2, "generated": 0, "bbox": {"xmin": 460, "ymin": 154, "ymax": 272, "xmax": 582}}, {"tid": 3, "generated": 0, "bbox": {"xmin": 465, "ymin": 274, "ymax": 330, "xmax": 510}}], [{"tid": 0, "generated": 0, "bbox": {"xmin": 378, "ymin": 183, "ymax": 716, "xmax": 1276}}, {"tid": 2, "generated": 0, "bbox": {"xmin": 450, "ymin": 156, "ymax": 280, "xmax": 572}}, {"tid": 3, "generated": 0, "bbox": {"xmin": 465, "ymin": 274, "ymax": 330, "xmax": 509}}], [{"tid": 0, "generated": 0, "bbox": {"xmin": 383, "ymin": 183, "ymax": 715, "xmax": 1276}}, {"tid": 2, "generated": 0, "bbox": {"xmin": 439, "ymin": 157, "ymax": 289, "xmax": 561}}, {"tid": 3, "generated": 0, "bbox": {"xmin": 464, "ymin": 274, "ymax": 330, "xmax": 509}}], [{"tid": 0, "generated": 0, "bbox": {"xmin": 388, "ymin": 183, "ymax": 715, "xmax": 1276}}, {"tid": 2, "generated": 0, "bbox": {"xmin": 429, "ymin": 159, "ymax": 297, "xmax": 551}}, {"tid": 3, "generated": 0, "bbox": {"xmin": 463, "ymin": 274, "ymax": 331, "xmax": 509}}], [{"tid": 0, "generated": 0, "bbox": {"xmin": 393, "ymin": 183, "ymax": 715, "xmax": 1276}}, {"tid": 2, "generated": 0, "bbox": {"xmin": 418, "ymin": 160, "ymax": 305, "xmax": 540}}, {"tid": 3, "generated": 0, "bbox": {"xmin": 463, "ymin": 274, "ymax": 331, "xmax": 508}}], [{"tid": 0, "generated": 0, "bbox": {"xmin": 398, "ymin": 184, "ymax": 715, "xmax": 1276}}, {"tid": 2, "generated": 0, "bbox": {"xmin": 410, "ymin": 160, "ymax": 343, "xmax": 532}}, {"tid": 3, "generated": 0, "bbox": {"xmin": 462, "ymin": 274, "ymax": 331, "xmax": 508}}], [{"tid": 0, "generated": 0, "bbox": {"xmin": 403, "ymin": 184, "ymax": 715, "xmax": 1276}}, {"tid": 2, "generated": 0, "bbox": {"xmin": 402, "ymin": 160, "ymax": 382, "xmax": 524}}, {"tid": 3, "generated": 0, "bbox": {"xmin": 462, "ymin": 274, "ymax": 331, "xmax": 507}}], [{"tid": 0, "generated": 0, "bbox": {"xmin": 408, "ymin": 184, "ymax": 714, "xmax": 1276}}, {"tid": 2, "generated": 0, "bbox": {"xmin": 394, "ymin": 160, "ymax": 420, "xmax": 516}}, {"tid": 3, "generated": 0, "bbox": {"xmin": 461, "ymin": 274, "ymax": 332, "xmax": 507}}], [{"tid": 0, "generated": 0, "bbox": {"xmin": 413, "ymin": 185, "ymax": 714, "xmax": 1276}}, {"tid": 2, "generated": 0, "bbox": {"xmin": 386, "ymin": 160, "ymax": 459, "xmax": 508}}, {"tid": 3, "generated": 0, "bbox": {"xmin": 461, "ymin": 274, "ymax": 332, "xmax": 506}}], [{"tid": 0, "generated": 0, "bbox": {"xmin": 418, "ymin": 185, "ymax": 714, "xmax": 1276}}, {"tid": 2, "generated": 0, "bbox": {"xmin": 378, "ymin": 160, "ymax": 497, "xmax": 500}}, {"tid": 3, "generated": 0, "bbox": {"xmin": 460, "ymin": 274, "ymax": 332, "xmax": 506}}], [{"tid": 0, "generated": 0, "bbox": {"xmin": 423, "ymin": 185, "ymax": 714, "xmax": 1276}}, {"tid": 2, "generated": 0, "bbox": {"xmin": 368, "ymin": 161, "ymax": 498, "xmax": 490}}, {"tid": 3, "generated": 0, "bbox": {"xmin": 450, "ymin": 277, "ymax": 335, "xmax": 496}}], [{"tid": 0, "generated": 0, "bbox": {"xmin": 428, "ymin": 186, "ymax": 714, "xmax": 1276}}, {"tid": 2, "generated": 0, "bbox": {"xmin": 358, "ymin": 162, "ymax": 499, "xmax": 480}}, {"tid": 3, "generated": 0, "bbox": {"xmin": 441, "ymin": 280, "ymax": 338, "xmax": 487}}], [{"tid": 0, "generated": 0, "bbox": {"xmin": 433, "ymin": 183, "ymax": 714, "xmax": 1275}}, {"tid": 2, "generated": 0, "bbox": {"xmin": 348, "ymin": 163, "ymax": 500, "xmax": 470}}, {"tid": 3, "generated": 0, "bbox": {"xmin": 431, "ymin": 282, "ymax": 340, "xmax": 477}}], [{"tid": 0, "generated": 0, "bbox": {"xmin": 439, "ymin": 180, "ymax": 714, "xmax": 1275}}, {"tid": 2, "generated": 0, "bbox": {"xmin": 338, "ymin": 164, "ymax": 501, "xmax": 460}}, {"tid": 3, "generated": 0, "bbox": {"xmin": 422, "ymin": 285, "ymax": 343, "xmax": 468}}], [{"tid": 0, "generated": 0, "bbox": {"xmin": 445, "ymin": 178, "ymax": 714, "xmax": 1275}}, {"tid": 2, "generated": 0, "bbox": {"xmin": 328, "ymin": 165, "ymax": 502, "xmax": 450}}, {"tid": 3, "generated": 0, "bbox": {"xmin": 412, "ymin": 288, "ymax": 346, "xmax": 458}}], [{"tid": 0, "generated": 0, "bbox": {"xmin": 451, "ymin": 175, "ymax": 714, "xmax": 1275}}, {"tid": 2, "generated": 0, "bbox": {"xmin": 314, "ymin": 165, "ymax": 502, "xmax": 436}}, {"tid": 3, "generated": 0, "bbox": {"xmin": 398, "ymin": 290, "ymax": 348, "xmax": 444}}], [{"tid": 0, "generated": 0, "bbox": {"xmin": 457, "ymin": 173, "ymax": 715, "xmax": 1275}}, {"tid": 2, "generated": 0, "bbox": {"xmin": 299, "ymin": 165, "ymax": 502, "xmax": 421}}, {"tid": 3, "generated": 0, "bbox": {"xmin": 385, "ymin": 293, "ymax": 349, "xmax": 431}}], [{"tid": 0, "generated": 0, "bbox": {"xmin": 463, "ymin": 170, "ymax": 715, "xmax": 1274}}, {"tid": 2, "generated": 0, "bbox": {"xmin": 285, "ymin": 165, "ymax": 502, "xmax": 407}}, {"tid": 3, "generated": 0, "bbox": {"xmin": 371, "ymin": 295, "ymax": 351, "xmax": 417}}], [{"tid": 0, "generated": 0, "bbox": {"xmin": 469, "ymin": 167, "ymax": 715, "xmax": 1274}}, {"tid": 2, "generated": 0, "bbox": {"xmin": 270, "ymin": 165, "ymax": 502, "xmax": 392}}, {"tid": 3, "generated": 0, "bbox": {"xmin": 358, "ymin": 298, "ymax": 352, "xmax": 404}}], [{"tid": 0, "generated": 0, "bbox": {"xmin": 475, "ymin": 165, "ymax": 715, "xmax": 1274}}, {"tid": 2, "generated": 0, "bbox": {"xmin": 256, "ymin": 165, "ymax": 502, "xmax": 378}}, {"tid": 3, "generated": 0, "bbox": {"xmin": 344, "ymin": 300, "ymax": 354, "xmax": 390}}], [{"tid": 0, "generated": 0, "bbox": {"xmin": 481, "ymin": 162, "ymax": 715, "xmax": 1274}}, {"tid": 2, "generated": 0, "bbox": {"xmin": 242, "ymin": 166, "ymax": 504, "xmax": 372}}, {"tid": 3, "generated": 0, "bbox": {"xmin": 337, "ymin": 302, "ymax": 356, "xmax": 384}}], [{"tid": 0, "generated": 0, "bbox": {"xmin": 487, "ymin": 160, "ymax": 716, "xmax": 1274}}, {"tid": 2, "generated": 0, "bbox": {"xmin": 228, "ymin": 166, "ymax": 506, "xmax": 366}}, {"tid": 3, "generated": 0, "bbox": {"xmin": 330, "ymin": 305, "ymax": 359, "xmax": 377}}], [{"tid": 0, "generated": 0, "bbox": {"xmin": 493, "ymin": 158, "ymax": 715, "xmax": 1274}}, {"tid": 2, "generated": 0, "bbox": {"xmin": 213, "ymin": 167, "ymax": 508, "xmax": 360}}, {"tid": 3, "generated": 0, "bbox": {"xmin": 322, "ymin": 307, "ymax": 361, "xmax": 371}}], [{"tid": 0, "generated": 0, "bbox": {"xmin": 499, "ymin": 156, "ymax": 715, "xmax": 1274}}, {"tid": 2, "generated": 0, "bbox": {"xmin": 199, "ymin": 167, "ymax": 510, "xmax": 354}}, {"tid": 3, "generated": 0, "bbox": {"xmin": 315, "ymin": 310, "ymax": 364, "xmax": 364}}], [], [], [], [], [], [], [], [], [], [], [], [], [], [], [], [], [], [], [], [], [], [], [], [], [], [], [], [], [], [], [], [], [], [], [], [], [], [], [], [], [], [], [], [], [], [{"tid": 1, "generated": 0, "bbox": {"xmin": 725, "ymin": 193, "ymax": 464, "xmax": 1125}}, {"tid": 2, "generated": 0, "bbox": {"xmin": 0, "ymin": 81, "ymax": 348, "xmax": 168}}, {"tid": 3, "generated": 0, "bbox": {"xmin": 688, "ymin": 426, "ymax": 493, "xmax": 750}}], [{"tid": 1, "generated": 0, "bbox": {"xmin": 673, "ymin": 188, "ymax": 480, "xmax": 1132}}, {"tid": 2, "generated": 0, "bbox": {"xmin": 0, "ymin": 82, "ymax": 350, "xmax": 168}}, {"tid": 3, "generated": 0, "bbox": {"xmin": 680, "ymin": 425, "ymax": 492, "xmax": 742}}], [{"tid": 1, "generated": 0, "bbox": {"xmin": 655, "ymin": 185, "ymax": 480, "xmax": 1113}}, {"tid": 2, "generated": 0, "bbox": {"xmin": 0, "ymin": 84, "ymax": 352, "xmax": 169}}, {"tid": 3, "generated": 0, "bbox": {"xmin": 671, "ymin": 423, "ymax": 490, "xmax": 733}}], [{"tid": 1, "generated": 0, "bbox": {"xmin": 638, "ymin": 183, "ymax": 481, "xmax": 1095}}, {"tid": 2, "generated": 0, "bbox": {"xmin": 0, "ymin": 85, "ymax": 354, "xmax": 169}}, {"tid": 3, "generated": 0, "bbox": {"xmin": 662, "ymin": 421, "ymax": 488, "xmax": 724}}], [{"tid": 1, "generated": 0, "bbox": {"xmin": 620, "ymin": 183, "ymax": 462, "xmax": 1073}}, {"tid": 2, "generated": 0, "bbox": {"xmin": 0, "ymin": 87, "ymax": 356, "xmax": 169}}, {"tid": 3, "generated": 0, "bbox": {"xmin": 657, "ymin": 420, "ymax": 487, "xmax": 719}}], [{"tid": 1, "generated": 0, "bbox": {"xmin": 599, "ymin": 176, "ymax": 480, "xmax": 1057}}, {"tid": 2, "generated": 0, "bbox": {"xmin": 0, "ymin": 88, "ymax": 358, "xmax": 169}}, {"tid": 3, "generated": 0, "bbox": {"xmin": 652, "ymin": 419, "ymax": 486, "xmax": 714}}], [{"tid": 1, "generated": 0, "bbox": {"xmin": 576, "ymin": 171, "ymax": 487, "xmax": 1046}}, {"tid": 2, "generated": 0, "bbox": {"xmin": 0, "ymin": 90, "ymax": 360, "xmax": 170}}, {"tid": 3, "generated": 0, "bbox": {"xmin": 648, "ymin": 419, "ymax": 486, "xmax": 710}}], [{"tid": 1, "generated": 0, "bbox": {"xmin": 554, "ymin": 167, "ymax": 494, "xmax": 1036}}, {"tid": 2, "generated": 0, "bbox": {"xmin": 0, "ymin": 91, "ymax": 362, "xmax": 170}}, {"tid": 3, "generated": 0, "bbox": {"xmin": 643, "ymin": 418, "ymax": 485, "xmax": 705}}], [{"tid": 1, "generated": 0, "bbox": {"xmin": 536, "ymin": 164, "ymax": 494, "xmax": 1024}}, {"tid": 2, "generated": 0, "bbox": {"xmin": 0, "ymin": 93, "ymax": 364, "xmax": 170}}, {"tid": 3, "generated": 0, "bbox": {"xmin": 638, "ymin": 417, "ymax": 484, "xmax": 700}}], [{"tid": 1, "generated": 0, "bbox": {"xmin": 519, "ymin": 161, "ymax": 494, "xmax": 1013}}, {"tid": 2, "generated": 0, "bbox": {"xmin": 0, "ymin": 94, "ymax": 365, "xmax": 171}}, {"tid": 3, "generated": 0, "bbox": {"xmin": 640, "ymin": 417, "ymax": 484, "xmax": 702}}], [{"tid": 1, "generated": 0, "bbox": {"xmin": 504, "ymin": 168, "ymax": 465, "xmax": 999}}, {"tid": 2, "generated": 0, "bbox": {"xmin": 0, "ymin": 96, "ymax": 367, "xmax": 171}}, {"tid": 3, "generated": 0, "bbox": {"xmin": 643, "ymin": 417, "ymax": 484, "xmax": 705}}], [{"tid": 1, "generated": 0, "bbox": {"xmin": 492, "ymin": 161, "ymax": 499, "xmax": 995}}, {"tid": 2, "generated": 0, "bbox": {"xmin": 0, "ymin": 97, "ymax": 369, "xmax": 171}}, {"tid": 3, "generated": 0, "bbox": {"xmin": 645, "ymin": 417, "ymax": 484, "xmax": 707}}], [{"tid": 1, "generated": 0, "bbox": {"xmin": 485, "ymin": 161, "ymax": 494, "xmax": 995}}, {"tid": 2, "generated": 0, "bbox": {"xmin": 0, "ymin": 99, "ymax": 371, "xmax": 171}}, {"tid": 3, "generated": 0, "bbox": {"xmin": 648, "ymin": 417, "ymax": 484, "xmax": 710}}], [{"tid": 1, "generated": 0, "bbox": {"xmin": 478, "ymin": 161, "ymax": 490, "xmax": 995}}, {"tid": 2, "generated": 0, "bbox": {"xmin": 0, "ymin": 100, "ymax": 373, "xmax": 172}}, {"tid": 3, "generated": 0, "bbox": {"xmin": 650, "ymin": 417, "ymax": 484, "xmax": 712}}], [{"tid": 1, "generated": 0, "bbox": {"xmin": 467, "ymin": 158, "ymax": 469, "xmax": 984}}, {"tid": 2, "generated": 0, "bbox": {"xmin": 0, "ymin": 102, "ymax": 375, "xmax": 172}}, {"tid": 3, "generated": 0, "bbox": {"xmin": 650, "ymin": 420, "ymax": 486, "xmax": 712}}], [{"tid": 1, "generated": 0, "bbox": {"xmin": 456, "ymin": 156, "ymax": 480, "xmax": 983}}, {"tid": 2, "generated": 0, "bbox": {"xmin": 0, "ymin": 103, "ymax": 377, "xmax": 172}}, {"tid": 3, "generated": 0, "bbox": {"xmin": 650, "ymin": 424, "ymax": 487, "xmax": 712}}], [{"tid": 1, "generated": 0, "bbox": {"xmin": 444, "ymin": 160, "ymax": 478, "xmax": 991}}, {"tid": 2, "generated": 0, "bbox": {"xmin": 0, "ymin": 105, "ymax": 379, "xmax": 173}}, {"tid": 3, "generated": 0, "bbox": {"xmin": 650, "ymin": 427, "ymax": 489, "xmax": 712}}], [{"tid": 1, "generated": 0, "bbox": {"xmin": 432, "ymin": 165, "ymax": 476, "xmax": 999}}, {"tid": 2, "generated": 0, "bbox": {"xmin": 0, "ymin": 106, "ymax": 381, "xmax": 173}}, {"tid": 3, "generated": 0, "bbox": {"xmin": 650, "ymin": 431, "ymax": 490, "xmax": 712}}], [{"tid": 1, "generated": 0, "bbox": {"xmin": 419, "ymin": 163, "ymax": 469, "xmax": 981}}, {"tid": 2, "generated": 0, "bbox": {"xmin": 0, "ymin": 108, "ymax": 383, "xmax": 173}}, {"tid": 3, "generated": 0, "bbox": {"xmin": 650, "ymin": 434, "ymax": 492, "xmax": 712}}], [{"tid": 1, "generated": 0, "bbox": {"xmin": 407, "ymin": 161, "ymax": 462, "xmax": 963}}, {"tid": 2, "generated": 0, "bbox": {"xmin": 0, "ymin": 109, "ymax": 385, "xmax": 173}}, {"tid": 3, "generated": 0, "bbox": {"xmin": 641, "ymin": 435, "ymax": 493, "xmax": 703}}], [{"tid": 1, "generated": 0, "bbox": {"xmin": 405, "ymin": 165, "ymax": 464, "xmax": 944}}, {"tid": 2, "generated": 0, "bbox": {"xmin": 0, "ymin": 111, "ymax": 387, "xmax": 174}}, {"tid": 3, "generated": 0, "bbox": {"xmin": 632, "ymin": 435, "ymax": 493, "xmax": 694}}], [{"tid": 1, "generated": 0, "bbox": {"xmin": 385, "ymin": 161, "ymax": 490, "xmax": 936}}, {"tid": 2, "generated": 0, "bbox": {"xmin": 0, "ymin": 112, "ymax": 389, "xmax": 174}}, {"tid": 3, "generated": 0, "bbox": {"xmin": 623, "ymin": 436, "ymax": 494, "xmax": 685}}], [{"tid": 1, "generated": 0, "bbox": {"xmin": 388, "ymin": 155, "ymax": 493, "xmax": 926}}, {"tid": 2, "generated": 0, "bbox": {"xmin": 0, "ymin": 113, "ymax": 391, "xmax": 174}}, {"tid": 3, "generated": 0, "bbox": {"xmin": 614, "ymin": 436, "ymax": 494, "xmax": 676}}], [{"tid": 1, "generated": 0, "bbox": {"xmin": 391, "ymin": 149, "ymax": 497, "xmax": 917}}, {"tid": 2, "generated": 0, "bbox": {"xmin": 0, "ymin": 115, "ymax": 393, "xmax": 175}}, {"tid": 3, "generated": 0, "bbox": {"xmin": 605, "ymin": 437, "ymax": 495, "xmax": 667}}], [{"tid": 1, "generated": 0, "bbox": {"xmin": 394, "ymin": 152, "ymax": 480, "xmax": 910}}, {"tid": 2, "generated": 0, "bbox": {"xmin": 0, "ymin": 116, "ymax": 395, "xmax": 175}}, {"tid": 3, "generated": 0, "bbox": {"xmin": 601, "ymin": 440, "ymax": 498, "xmax": 663}}], [{"tid": 1, "generated": 0, "bbox": {"xmin": 387, "ymin": 149, "ymax": 492, "xmax": 919}}, {"tid": 2, "generated": 0, "bbox": {"xmin": 0, "ymin": 118, "ymax": 396, "xmax": 175}}, {"tid": 3, "generated": 0, "bbox": {"xmin": 596, "ymin": 442, "ymax": 500, "xmax": 658}}], [{"tid": 1, "generated": 0, "bbox": {"xmin": 384, "ymin": 151, "ymax": 496, "xmax": 921}}, {"tid": 2, "generated": 0, "bbox": {"xmin": 0, "ymin": 119, "ymax": 398, "xmax": 175}}, {"tid": 3, "generated": 0, "bbox": {"xmin": 592, "ymin": 445, "ymax": 503, "xmax": 654}}], [{"tid": 1, "generated": 0, "bbox": {"xmin": 382, "ymin": 154, "ymax": 501, "xmax": 924}}, {"tid": 2, "generated": 0, "bbox": {"xmin": 0, "ymin": 121, "ymax": 400, "xmax": 176}}, {"tid": 3, "generated": 0, "bbox": {"xmin": 587, "ymin": 447, "ymax": 505, "xmax": 649}}], [{"tid": 1, "generated": 0, "bbox": {"xmin": 374, "ymin": 157, "ymax": 499, "xmax": 932}}, {"tid": 2, "generated": 0, "bbox": {"xmin": 0, "ymin": 122, "ymax": 402, "xmax": 176}}, {"tid": 3, "generated": 0, "bbox": {"xmin": 583, "ymin": 450, "ymax": 508, "xmax": 645}}], [{"tid": 1, "generated": 0, "bbox": {"xmin": 366, "ymin": 160, "ymax": 497, "xmax": 940}}, {"tid": 2, "generated": 0, "bbox": {"xmin": 0, "ymin": 124, "ymax": 404, "xmax": 176}}, {"tid": 3, "generated": 0, "bbox": {"xmin": 581, "ymin": 450, "ymax": 508, "xmax": 643}}]], "subject/objects": [{"category": "elephant", "tid": 0}, {"category": "elephant", "tid": 1}, {"category": "person", "tid": 2}, {"category": "ball", "tid": 3}], "relation_instances": [{"end_fid": 45, "subject_tid": 0, "predicate": "stand_left", "begin_fid": 15, "object_tid": 2}, {"end_fid": 45, "subject_tid": 0, "predicate": "taller", "begin_fid": 15, "object_tid": 2}, {"end_fid": 45, "subject_tid": 0, "predicate": "larger", "begin_fid": 15, "object_tid": 2}, {"end_fid": 45, "subject_tid": 2, "predicate": "run_right", "begin_fid": 15, "object_tid": 0}, {"end_fid": 45, "subject_tid": 2, "predicate": "run_away", "begin_fid": 15, "object_tid": 0}, {"end_fid": 90, "subject_tid": 0, "predicate": "walk_front", "begin_fid": 60, "object_tid": 1}, {"end_fid": 90, "subject_tid": 0, "predicate": "walk_with", "begin_fid": 60, "object_tid": 1}, {"end_fid": 90, "subject_tid": 0, "predicate": "taller", "begin_fid": 60, "object_tid": 1}, {"end_fid": 90, "subject_tid": 0, "predicate": "larger", "begin_fid": 60, "object_tid": 1}, {"end_fid": 90, "subject_tid": 1, "predicate": "walk_behind", "begin_fid": 60, "object_tid": 0}, {"end_fid": 90, "subject_tid": 1, "predicate": "walk_with", "begin_fid": 60, "object_tid": 0}, {"end_fid": 90, "subject_tid": 0, "predicate": "walk_left", "begin_fid": 60, "object_tid": 2}, {"end_fid": 90, "subject_tid": 0, "predicate": "taller", "begin_fid": 60, "object_tid": 2}, {"end_fid": 90, "subject_tid": 0, "predicate": "larger", "begin_fid": 60, "object_tid": 2}, {"end_fid": 90, "subject_tid": 2, "predicate": "walk_right", "begin_fid": 60, "object_tid": 0}, {"end_fid": 90, "subject_tid": 0, "predicate": "walk_left", "begin_fid": 60, "object_tid": 3}, {"end_fid": 90, "subject_tid": 0, "predicate": "larger", "begin_fid": 60, "object_tid": 3}, {"end_fid": 90, "subject_tid": 3, "predicate": "right", "begin_fid": 60, "object_tid": 0}, {"end_fid": 90, "subject_tid": 1, "predicate": "walk_toward", "begin_fid": 60, "object_tid": 2}, {"end_fid": 90, "subject_tid": 1, "predicate": "walk_left", "begin_fid": 60, "object_tid": 2}, {"end_fid": 90, "subject_tid": 2, "predicate": "walk_right", "begin_fid": 60, "object_tid": 1}, {"end_fid": 90, "subject_tid": 1, "predicate": "walk_toward", "begin_fid": 60, "object_tid": 3}, {"end_fid": 90, "subject_tid": 1, "predicate": "walk_left", "begin_fid": 60, "object_tid": 3}, {"end_fid": 90, "subject_tid": 1, "predicate": "larger", "begin_fid": 60, "object_tid": 3}, {"end_fid": 90, "subject_tid": 3, "predicate": "right", "begin_fid": 60, "object_tid": 1}, {"end_fid": 90, "subject_tid": 2, "predicate": "right", "begin_fid": 60, "object_tid": 3}, {"end_fid": 90, "subject_tid": 2, "predicate": "larger", "begin_fid": 60, "object_tid": 3}, {"end_fid": 90, "subject_tid": 2, "predicate": "play", "begin_fid": 60, "object_tid": 3}, {"end_fid": 90, "subject_tid": 3, "predicate": "left", "begin_fid": 60, "object_tid": 2}, {"end_fid": 150, "subject_tid": 0, "predicate": "left", "begin_fid": 120, "object_tid": 1}, {"end_fid": 150, "subject_tid": 0, "predicate": "taller", "begin_fid": 120, "object_tid": 1}, {"end_fid": 150, "subject_tid": 0, "predicate": "larger", "begin_fid": 120, "object_tid": 1}, {"end_fid": 150, "subject_tid": 0, "predicate": "follow", "begin_fid": 120, "object_tid": 1}, {"end_fid": 150, "subject_tid": 1, "predicate": "walk_right", "begin_fid": 120, "object_tid": 0}, {"end_fid": 225, "subject_tid": 0, "predicate": "walk_behind", "begin_fid": 195, "object_tid": 1}, {"end_fid": 225, "subject_tid": 0, "predicate": "walk_left", "begin_fid": 195, "object_tid": 1}, {"end_fid": 225, "subject_tid": 0, "predicate": "taller", "begin_fid": 195, "object_tid": 1}, {"end_fid": 225, "subject_tid": 0, "predicate": "larger", "begin_fid": 195, "object_tid": 1}, {"end_fid": 225, "subject_tid": 0, "predicate": "follow", "begin_fid": 195, "object_tid": 1}, {"end_fid": 225, "subject_tid": 1, "predicate": "walk_right", "begin_fid": 195, "object_tid": 0}, {"end_fid": 225, "subject_tid": 1, "predicate": "walk_front", "begin_fid": 195, "object_tid": 0}, {"end_fid": 225, "subject_tid": 0, "predicate": "walk_left", "begin_fid": 195, "object_tid": 2}, {"end_fid": 225, "subject_tid": 0, "predicate": "taller", "begin_fid": 195, "object_tid": 2}, {"end_fid": 225, "subject_tid": 0, "predicate": "larger", "begin_fid": 195, "object_tid": 2}, {"end_fid": 225, "subject_tid": 2, "predicate": "walk_right", "begin_fid": 195, "object_tid": 0}, {"end_fid": 225, "subject_tid": 0, "predicate": "walk_left", "begin_fid": 195, "object_tid": 3}, {"end_fid": 225, "subject_tid": 0, "predicate": "larger", "begin_fid": 195, "object_tid": 3}, {"end_fid": 225, "subject_tid": 3, "predicate": "right", "begin_fid": 195, "object_tid": 0}, {"end_fid": 225, "subject_tid": 1, "predicate": "walk_behind", "begin_fid": 195, "object_tid": 2}, {"end_fid": 225, "subject_tid": 1, "predicate": "follow", "begin_fid": 195, "object_tid": 2}, {"end_fid": 225, "subject_tid": 2, "predicate": "run_front", "begin_fid": 195, "object_tid": 1}, {"end_fid": 225, "subject_tid": 2, "predicate": "taller", "begin_fid": 195, "object_tid": 1}, {"end_fid": 225, "subject_tid": 1, "predicate": "walk_next_to", "begin_fid": 195, "object_tid": 3}, {"end_fid": 225, "subject_tid": 1, "predicate": "walk_past", "begin_fid": 195, "object_tid": 3}, {"end_fid": 225, "subject_tid": 1, "predicate": "walk_front", "begin_fid": 195, "object_tid": 3}, {"end_fid": 225, "subject_tid": 3, "predicate": "next_to", "begin_fid": 195, "object_tid": 1}, {"end_fid": 225, "subject_tid": 3, "predicate": "behind", "begin_fid": 195, "object_tid": 1}, {"end_fid": 225, "subject_tid": 2, "predicate": "run_front", "begin_fid": 195, "object_tid": 3}, {"end_fid": 225, "subject_tid": 2, "predicate": "larger", "begin_fid": 195, "object_tid": 3}, {"end_fid": 225, "subject_tid": 3, "predicate": "behind", "begin_fid": 195, "object_tid": 2}, {"end_fid": 285, "subject_tid": 0, "predicate": "stand_next_to", "begin_fid": 255, "object_tid": 1}, {"end_fid": 285, "subject_tid": 0, "predicate": "stand_left", "begin_fid": 255, "object_tid": 1}, {"end_fid": 285, "subject_tid": 0, "predicate": "taller", "begin_fid": 255, "object_tid": 1}, {"end_fid": 285, "subject_tid": 0, "predicate": "larger", "begin_fid": 255, "object_tid": 1}, {"end_fid": 285, "subject_tid": 1, "predicate": "walk_right", "begin_fid": 255, "object_tid": 0}, {"end_fid": 285, "subject_tid": 1, "predicate": "walk_next_to", "begin_fid": 255, "object_tid": 0}, {"end_fid": 285, "subject_tid": 0, "predicate": "stand_front", "begin_fid": 255, "object_tid": 2}, {"end_fid": 285, "subject_tid": 0, "predicate": "taller", "begin_fid": 255, "object_tid": 2}, {"end_fid": 285, "subject_tid": 0, "predicate": "larger", "begin_fid": 255, "object_tid": 2}, {"end_fid": 285, "subject_tid": 2, "predicate": "walk_behind", "begin_fid": 255, "object_tid": 0}, {"end_fid": 285, "subject_tid": 1, "predicate": "walk_front", "begin_fid": 255, "object_tid": 2}, {"end_fid": 285, "subject_tid": 2, "predicate": "walk_behind", "begin_fid": 255, "object_tid": 1}, {"end_fid": 285, "subject_tid": 2, "predicate": "taller", "begin_fid": 255, "object_tid": 1}, {"end_fid": 390, "subject_tid": 0, "predicate": "stand_front", "begin_fid": 360, "object_tid": 2}, {"end_fid": 390, "subject_tid": 0, "predicate": "taller", "begin_fid": 360, "object_tid": 2}, {"end_fid": 390, "subject_tid": 0, "predicate": "larger", "begin_fid": 360, "object_tid": 2}, {"end_fid": 390, "subject_tid": 2, "predicate": "run_behind", "begin_fid": 360, "object_tid": 0}, {"end_fid": 390, "subject_tid": 0, "predicate": "front", "begin_fid": 360, "object_tid": 3}, {"end_fid": 390, "subject_tid": 0, "predicate": "larger", "begin_fid": 360, "object_tid": 3}, {"end_fid": 390, "subject_tid": 3, "predicate": "behind", "begin_fid": 360, "object_tid": 0}, {"end_fid": 390, "subject_tid": 2, "predicate": "larger", "begin_fid": 360, "object_tid": 3}, {"end_fid": 390, "subject_tid": 2, "predicate": "hold", "begin_fid": 360, "object_tid": 3}, {"end_fid": 465, "subject_tid": 1, "predicate": "next_to", "begin_fid": 435, "object_tid": 3}, {"end_fid": 465, "subject_tid": 1, "predicate": "play", "begin_fid": 435, "object_tid": 3}, {"end_fid": 465, "subject_tid": 3, "predicate": "next_to", "begin_fid": 435, "object_tid": 1}], "height": 720}