{"width": 1280, "frame_count": 416, "video_id": "ILSVRC2015_train_00545000", "fps": 30, "trajectories": [[{"tid": 0, "generated": 0, "bbox": {"xmin": 426, "ymin": 135, "ymax": 481, "xmax": 983}}, {"tid": 1, "generated": 0, "bbox": {"xmin": 0, "ymin": 23, "ymax": 714, "xmax": 1274}}], [{"tid": 0, "generated": 0, "bbox": {"xmin": 421, "ymin": 139, "ymax": 481, "xmax": 983}}, {"tid": 1, "generated": 0, "bbox": {"xmin": 0, "ymin": 24, "ymax": 713, "xmax": 1274}}], [{"tid": 0, "generated": 0, "bbox": {"xmin": 416, "ymin": 143, "ymax": 481, "xmax": 983}}, {"tid": 1, "generated": 0, "bbox": {"xmin": 0, "ymin": 25, "ymax": 713, "xmax": 1275}}], [{"tid": 0, "generated": 0, "bbox": {"xmin": 411, "ymin": 147, "ymax": 481, "xmax": 983}}, {"tid": 1, "generated": 0, "bbox": {"xmin": 0, "ymin": 26, "ymax": 712, "xmax": 1275}}], [{"tid": 0, "generated": 0, "bbox": {"xmin": 406, "ymin": 151, "ymax": 481, "xmax": 983}}, {"tid": 1, "generated": 0, "bbox": {"xmin": 0, "ymin": 27, "ymax": 712, "xmax": 1276}}], [{"tid": 0, "generated": 0, "bbox": {"xmin": 401, "ymin": 155, "ymax": 481, "xmax": 983}}, {"tid": 1, "generated": 0, "bbox": {"xmin": 0, "ymin": 28, "ymax": 711, "xmax": 1276}}], [{"tid": 0, "generated": 0, "bbox": {"xmin": 396, "ymin": 159, "ymax": 481, "xmax": 983}}, {"tid": 1, "generated": 0, "bbox": {"xmin": 0, "ymin": 29, "ymax": 711, "xmax": 1277}}], [{"tid": 0, "generated": 0, "bbox": {"xmin": 391, "ymin": 163, "ymax": 481, "xmax": 983}}, {"tid": 1, "generated": 0, "bbox": {"xmin": 0, "ymin": 30, "ymax": 711, "xmax": 1278}}], [{"tid": 0, "generated": 0, "bbox": {"xmin": 386, "ymin": 157, "ymax": 481, "xmax": 980}}, {"tid": 1, "generated": 0, "bbox": {"xmin": 0, "ymin": 30, "ymax": 711, "xmax": 1278}}], [{"tid": 0, "generated": 0, "bbox": {"xmin": 381, "ymin": 151, "ymax": 482, "xmax": 978}}, {"tid": 1, "generated": 0, "bbox": {"xmin": 0, "ymin": 31, "ymax": 711, "xmax": 1278}}], [{"tid": 0, "generated": 0, "bbox": {"xmin": 376, "ymin": 145, "ymax": 483, "xmax": 976}}, {"tid": 1, "generated": 0, "bbox": {"xmin": 0, "ymin": 32, "ymax": 712, "xmax": 1278}}], [{"tid": 0, "generated": 0, "bbox": {"xmin": 371, "ymin": 131, "ymax": 480, "xmax": 966}}, {"tid": 1, "generated": 0, "bbox": {"xmin": 0, "ymin": 30, "ymax": 711, "xmax": 1278}}], [{"tid": 0, "generated": 0, "bbox": {"xmin": 367, "ymin": 118, "ymax": 478, "xmax": 956}}, {"tid": 1, "generated": 0, "bbox": {"xmin": 0, "ymin": 28, "ymax": 711, "xmax": 1278}}], [{"tid": 0, "generated": 0, "bbox": {"xmin": 363, "ymin": 104, "ymax": 476, "xmax": 946}}, {"tid": 1, "generated": 0, "bbox": {"xmin": 0, "ymin": 26, "ymax": 711, "xmax": 1278}}], [{"tid": 0, "generated": 0, "bbox": {"xmin": 359, "ymin": 91, "ymax": 474, "xmax": 936}}, {"tid": 1, "generated": 0, "bbox": {"xmin": 0, "ymin": 24, "ymax": 711, "xmax": 1278}}], [{"tid": 0, "generated": 0, "bbox": {"xmin": 355, "ymin": 78, "ymax": 472, "xmax": 926}}, {"tid": 1, "generated": 0, "bbox": {"xmin": 0, "ymin": 23, "ymax": 711, "xmax": 1278}}], [{"tid": 0, "generated": 0, "bbox": {"xmin": 350, "ymin": 75, "ymax": 471, "xmax": 922}}, {"tid": 1, "generated": 0, "bbox": {"xmin": 0, "ymin": 23, "ymax": 711, "xmax": 1278}}], [{"tid": 0, "generated": 0, "bbox": {"xmin": 346, "ymin": 72, "ymax": 471, "xmax": 919}}, {"tid": 1, "generated": 0, "bbox": {"xmin": 0, "ymin": 23, "ymax": 711, "xmax": 1278}}], [{"tid": 0, "generated": 0, "bbox": {"xmin": 342, "ymin": 87, "ymax": 469, "xmax": 918}}, {"tid": 1, "generated": 0, "bbox": {"xmin": 0, "ymin": 20, "ymax": 711, "xmax": 1278}}], [{"tid": 0, "generated": 0, "bbox": {"xmin": 339, "ymin": 103, "ymax": 468, "xmax": 917}}, {"tid": 1, "generated": 0, "bbox": {"xmin": 0, "ymin": 18, "ymax": 711, "xmax": 1278}}], [{"tid": 0, "generated": 0, "bbox": {"xmin": 336, "ymin": 119, "ymax": 467, "xmax": 917}}, {"tid": 1, "generated": 0, "bbox": {"xmin": 0, "ymin": 16, "ymax": 712, "xmax": 1278}}], [{"tid": 0, "generated": 0, "bbox": {"xmin": 334, "ymin": 134, "ymax": 467, "xmax": 927}}, {"tid": 1, "generated": 0, "bbox": {"xmin": 0, "ymin": 19, "ymax": 711, "xmax": 1278}}], [{"tid": 0, "generated": 0, "bbox": {"xmin": 333, "ymin": 149, "ymax": 468, "xmax": 938}}, {"tid": 1, "generated": 0, "bbox": {"xmin": 0, "ymin": 22, "ymax": 711, "xmax": 1278}}], [{"tid": 0, "generated": 0, "bbox": {"xmin": 332, "ymin": 165, "ymax": 469, "xmax": 949}}, {"tid": 1, "generated": 0, "bbox": {"xmin": 0, "ymin": 26, "ymax": 711, "xmax": 1278}}], [{"tid": 0, "generated": 0, "bbox": {"xmin": 332, "ymin": 166, "ymax": 471, "xmax": 944}}, {"tid": 1, "generated": 0, "bbox": {"xmin": 0, "ymin": 28, "ymax": 711, "xmax": 1278}}], [{"tid": 0, "generated": 0, "bbox": {"xmin": 332, "ymin": 167, "ymax": 474, "xmax": 940}}, {"tid": 1, "generated": 0, "bbox": {"xmin": 0, "ymin": 30, "ymax": 712, "xmax": 1278}}], [{"tid": 0, "generated": 0, "bbox": {"xmin": 331, "ymin": 159, "ymax": 475, "xmax": 936}}, {"tid": 1, "generated": 0, "bbox": {"xmin": 0, "ymin": 28, "ymax": 711, "xmax": 1278}}], [{"tid": 0, "generated": 0, "bbox": {"xmin": 330, "ymin": 151, "ymax": 476, "xmax": 933}}, {"tid": 1, "generated": 0, "bbox": {"xmin": 0, "ymin": 26, "ymax": 711, "xmax": 1278}}], [{"tid": 0, "generated": 0, "bbox": {"xmin": 330, "ymin": 146, "ymax": 479, "xmax": 926}}, {"tid": 1, "generated": 0, "bbox": {"xmin": 0, "ymin": 28, "ymax": 711, "xmax": 1278}}], [{"tid": 0, "generated": 0, "bbox": {"xmin": 330, "ymin": 142, "ymax": 483, "xmax": 919}}, {"tid": 1, "generated": 0, "bbox": {"xmin": 0, "ymin": 30, "ymax": 711, "xmax": 1278}}], [], [], [], [], [], [], [], [], [], [], [], [], [], [], [], [], [], [], [], [], [], [], [], [], [], [], [], [], [], [], [], [], [], [], [], [], [], [], [], [], [], [], [], [], [], [], [], [], [], [], [], [], [], [], [], [], [], [], [], [], [], [], [], [], [], [], [], [], [], [], [], [], [], [], [], [], [], [], [], [], [], [], [], [], [], [], [], [], [], [], [], [], [], [], [], [], [], [], [], [], [], [], [], [], [], [], [], [], [], [], [], [], [], [], [], [], [], [], [], [], [], [], [], [], [], [], [], [], [], [], [], [], [], [], [], [], [], [], [], [], [], [], [], [], [], [], [], [], [], [], [], [], [], [], [], [], [], [], [], [], [], [], [], [], [], [], [], [], [], [], [], [], [], [], [], [], [], [], [], [], [], [], [], [], [], [], [], [], [], [], [], [], [], [], [], [], [], [], [], [], [], [], [], [], [], [], [], [], [], [], [], [], [], [], [], [], [], [], [], [], [], [], [], [], [], [], [], [], [], [], [], [], [], [], [], [], [], [], [], [], [], [], [], [], [], [], [], [], [], [], [], [], [], [], [], [], [], [], [], [], [], [], [], [], [], [], [], [], [], [], [], [], [], [], [], [], [], [], [], [], [], [], [], [], [], [], [], [], [], [], [], [], [], [], [], [], [], [], [], [], [], [], [], [], [], [], [], [], [], [], [], [], [], [], [], [], [], [], [], [], [], [], [], [], [], [], [], [], [], [], [], [], [], [], [], [], [], [], [], [], [], [], [], [], [], [{"tid": 0, "generated": 0, "bbox": {"xmin": 336, "ymin": 62, "ymax": 407, "xmax": 1027}}, {"tid": 1, "generated": 0, "bbox": {"xmin": 0, "ymin": 0, "ymax": 712, "xmax": 1278}}], [{"tid": 0, "generated": 0, "bbox": {"xmin": 328, "ymin": 64, "ymax": 409, "xmax": 1018}}, {"tid": 1, "generated": 0, "bbox": {"xmin": 0, "ymin": 0, "ymax": 712, "xmax": 1278}}], [{"tid": 0, "generated": 0, "bbox": {"xmin": 320, "ymin": 66, "ymax": 411, "xmax": 1010}}, {"tid": 1, "generated": 0, "bbox": {"xmin": 0, "ymin": 0, "ymax": 712, "xmax": 1278}}], [{"tid": 0, "generated": 0, "bbox": {"xmin": 313, "ymin": 69, "ymax": 414, "xmax": 1002}}, {"tid": 1, "generated": 0, "bbox": {"xmin": 0, "ymin": 0, "ymax": 712, "xmax": 1278}}], [{"tid": 0, "generated": 0, "bbox": {"xmin": 305, "ymin": 71, "ymax": 416, "xmax": 994}}, {"tid": 1, "generated": 0, "bbox": {"xmin": 0, "ymin": 0, "ymax": 712, "xmax": 1278}}], [{"tid": 0, "generated": 0, "bbox": {"xmin": 298, "ymin": 74, "ymax": 419, "xmax": 986}}, {"tid": 1, "generated": 0, "bbox": {"xmin": 0, "ymin": 0, "ymax": 712, "xmax": 1278}}], [{"tid": 0, "generated": 0, "bbox": {"xmin": 278, "ymin": 74, "ymax": 421, "xmax": 968}}, {"tid": 1, "generated": 0, "bbox": {"xmin": 0, "ymin": 0, "ymax": 712, "xmax": 1278}}], [{"tid": 0, "generated": 0, "bbox": {"xmin": 258, "ymin": 75, "ymax": 424, "xmax": 950}}, {"tid": 1, "generated": 0, "bbox": {"xmin": 0, "ymin": 0, "ymax": 712, "xmax": 1278}}], [{"tid": 0, "generated": 0, "bbox": {"xmin": 239, "ymin": 76, "ymax": 426, "xmax": 932}}, {"tid": 1, "generated": 0, "bbox": {"xmin": 0, "ymin": 0, "ymax": 712, "xmax": 1278}}], [{"tid": 0, "generated": 0, "bbox": {"xmin": 219, "ymin": 77, "ymax": 429, "xmax": 914}}, {"tid": 1, "generated": 0, "bbox": {"xmin": 0, "ymin": 0, "ymax": 712, "xmax": 1278}}], [{"tid": 0, "generated": 0, "bbox": {"xmin": 200, "ymin": 78, "ymax": 432, "xmax": 897}}, {"tid": 1, "generated": 0, "bbox": {"xmin": 0, "ymin": 0, "ymax": 712, "xmax": 1278}}], [{"tid": 0, "generated": 0, "bbox": {"xmin": 186, "ymin": 78, "ymax": 432, "xmax": 877}}, {"tid": 1, "generated": 0, "bbox": {"xmin": 0, "ymin": 0, "ymax": 711, "xmax": 1278}}], [{"tid": 0, "generated": 0, "bbox": {"xmin": 172, "ymin": 78, "ymax": 432, "xmax": 858}}, {"tid": 1, "generated": 0, "bbox": {"xmin": 0, "ymin": 0, "ymax": 711, "xmax": 1278}}], [{"tid": 0, "generated": 0, "bbox": {"xmin": 157, "ymin": 79, "ymax": 435, "xmax": 851}}, {"tid": 1, "generated": 0, "bbox": {"xmin": 0, "ymin": 0, "ymax": 711, "xmax": 1278}}], [{"tid": 0, "generated": 0, "bbox": {"xmin": 143, "ymin": 80, "ymax": 438, "xmax": 844}}, {"tid": 1, "generated": 0, "bbox": {"xmin": 0, "ymin": 1, "ymax": 711, "xmax": 1278}}], [{"tid": 0, "generated": 0, "bbox": {"xmin": 129, "ymin": 81, "ymax": 442, "xmax": 837}}, {"tid": 1, "generated": 0, "bbox": {"xmin": 0, "ymin": 1, "ymax": 711, "xmax": 1278}}], [{"tid": 0, "generated": 0, "bbox": {"xmin": 118, "ymin": 80, "ymax": 444, "xmax": 828}}, {"tid": 1, "generated": 0, "bbox": {"xmin": 0, "ymin": 2, "ymax": 711, "xmax": 1278}}], [{"tid": 0, "generated": 0, "bbox": {"xmin": 107, "ymin": 80, "ymax": 446, "xmax": 820}}, {"tid": 1, "generated": 0, "bbox": {"xmin": 0, "ymin": 2, "ymax": 711, "xmax": 1278}}], [{"tid": 0, "generated": 0, "bbox": {"xmin": 96, "ymin": 80, "ymax": 449, "xmax": 812}}, {"tid": 1, "generated": 0, "bbox": {"xmin": 0, "ymin": 3, "ymax": 711, "xmax": 1278}}], [{"tid": 0, "generated": 0, "bbox": {"xmin": 98, "ymin": 77, "ymax": 449, "xmax": 818}}, {"tid": 1, "generated": 0, "bbox": {"xmin": 0, "ymin": 1, "ymax": 711, "xmax": 1277}}], [{"tid": 0, "generated": 0, "bbox": {"xmin": 101, "ymin": 74, "ymax": 449, "xmax": 824}}, {"tid": 1, "generated": 0, "bbox": {"xmin": 0, "ymin": 0, "ymax": 712, "xmax": 1276}}], [{"tid": 0, "generated": 0, "bbox": {"xmin": 110, "ymin": 76, "ymax": 454, "xmax": 836}}, {"tid": 1, "generated": 0, "bbox": {"xmin": 0, "ymin": 0, "ymax": 712, "xmax": 1277}}], [{"tid": 0, "generated": 0, "bbox": {"xmin": 120, "ymin": 79, "ymax": 459, "xmax": 849}}, {"tid": 1, "generated": 0, "bbox": {"xmin": 0, "ymin": 0, "ymax": 712, "xmax": 1278}}], [{"tid": 0, "generated": 0, "bbox": {"xmin": 129, "ymin": 81, "ymax": 465, "xmax": 862}}, {"tid": 1, "generated": 0, "bbox": {"xmin": 0, "ymin": 0, "ymax": 711, "xmax": 1278}}], [{"tid": 0, "generated": 0, "bbox": {"xmin": 139, "ymin": 84, "ymax": 470, "xmax": 875}}, {"tid": 1, "generated": 0, "bbox": {"xmin": 0, "ymin": 1, "ymax": 711, "xmax": 1278}}], [{"tid": 0, "generated": 0, "bbox": {"xmin": 149, "ymin": 87, "ymax": 476, "xmax": 888}}, {"tid": 1, "generated": 0, "bbox": {"xmin": 0, "ymin": 2, "ymax": 711, "xmax": 1278}}], [{"tid": 0, "generated": 0, "bbox": {"xmin": 156, "ymin": 88, "ymax": 482, "xmax": 896}}, {"tid": 1, "generated": 0, "bbox": {"xmin": 0, "ymin": 3, "ymax": 711, "xmax": 1278}}], [{"tid": 0, "generated": 0, "bbox": {"xmin": 163, "ymin": 90, "ymax": 489, "xmax": 904}}, {"tid": 1, "generated": 0, "bbox": {"xmin": 0, "ymin": 4, "ymax": 711, "xmax": 1278}}], [{"tid": 0, "generated": 0, "bbox": {"xmin": 170, "ymin": 92, "ymax": 496, "xmax": 913}}, {"tid": 1, "generated": 0, "bbox": {"xmin": 0, "ymin": 5, "ymax": 711, "xmax": 1278}}], [{"tid": 0, "generated": 0, "bbox": {"xmin": 172, "ymin": 90, "ymax": 499, "xmax": 915}}, {"tid": 1, "generated": 0, "bbox": {"xmin": 0, "ymin": 5, "ymax": 711, "xmax": 1278}}]], "subject/objects": [{"category": "dog", "tid": 0}, {"category": "car", "tid": 1}], "relation_instances": [{"end_fid": 30, "subject_tid": 0, "predicate": "stand_above", "begin_fid": 0, "object_tid": 1}, {"end_fid": 30, "subject_tid": 1, "predicate": "stop_beneath", "begin_fid": 0, "object_tid": 0}, {"end_fid": 30, "subject_tid": 1, "predicate": "taller", "begin_fid": 0, "object_tid": 0}, {"end_fid": 30, "subject_tid": 1, "predicate": "larger", "begin_fid": 0, "object_tid": 0}, {"end_fid": 405, "subject_tid": 0, "predicate": "stand_inside", "begin_fid": 375, "object_tid": 1}, {"end_fid": 405, "subject_tid": 0, "predicate": "stand_above", "begin_fid": 375, "object_tid": 1}, {"end_fid": 405, "subject_tid": 0, "predicate": "play", "begin_fid": 375, "object_tid": 1}, {"end_fid": 405, "subject_tid": 1, "predicate": "stop_beneath", "begin_fid": 375, "object_tid": 0}, {"end_fid": 405, "subject_tid": 1, "predicate": "taller", "begin_fid": 375, "object_tid": 0}, {"end_fid": 405, "subject_tid": 1, "predicate": "larger", "begin_fid": 375, "object_tid": 0}], "height": 720}