{"width": 534, "frame_count": 176, "video_id": "ILSVRC2015_train_00234022", "fps": 30, "trajectories": [[{"tid": 0, "generated": 0, "bbox": {"xmin": 83, "ymin": 249, "ymax": 321, "xmax": 146}}, {"tid": 1, "generated": 0, "bbox": {"xmin": 178, "ymin": 163, "ymax": 249, "xmax": 241}}, {"tid": 2, "generated": 0, "bbox": {"xmin": 264, "ymin": 74, "ymax": 209, "xmax": 358}}, {"tid": 3, "generated": 0, "bbox": {"xmin": 346, "ymin": 68, "ymax": 163, "xmax": 416}}], [{"tid": 0, "generated": 0, "bbox": {"xmin": 83, "ymin": 249, "ymax": 320, "xmax": 146}}, {"tid": 1, "generated": 0, "bbox": {"xmin": 178, "ymin": 164, "ymax": 248, "xmax": 241}}, {"tid": 2, "generated": 0, "bbox": {"xmin": 265, "ymin": 72, "ymax": 205, "xmax": 358}}, {"tid": 3, "generated": 0, "bbox": {"xmin": 345, "ymin": 68, "ymax": 162, "xmax": 415}}], [{"tid": 0, "generated": 0, "bbox": {"xmin": 83, "ymin": 249, "ymax": 319, "xmax": 146}}, {"tid": 1, "generated": 0, "bbox": {"xmin": 178, "ymin": 165, "ymax": 248, "xmax": 241}}, {"tid": 2, "generated": 0, "bbox": {"xmin": 266, "ymin": 70, "ymax": 202, "xmax": 359}}, {"tid": 3, "generated": 0, "bbox": {"xmin": 345, "ymin": 68, "ymax": 161, "xmax": 415}}], [{"tid": 0, "generated": 0, "bbox": {"xmin": 83, "ymin": 249, "ymax": 318, "xmax": 146}}, {"tid": 1, "generated": 0, "bbox": {"xmin": 178, "ymin": 166, "ymax": 247, "xmax": 241}}, {"tid": 2, "generated": 0, "bbox": {"xmin": 267, "ymin": 68, "ymax": 199, "xmax": 359}}, {"tid": 3, "generated": 0, "bbox": {"xmin": 344, "ymin": 68, "ymax": 161, "xmax": 415}}], [{"tid": 0, "generated": 0, "bbox": {"xmin": 83, "ymin": 250, "ymax": 317, "xmax": 146}}, {"tid": 1, "generated": 0, "bbox": {"xmin": 178, "ymin": 167, "ymax": 247, "xmax": 241}}, {"tid": 2, "generated": 0, "bbox": {"xmin": 268, "ymin": 66, "ymax": 196, "xmax": 360}}, {"tid": 3, "generated": 0, "bbox": {"xmin": 344, "ymin": 68, "ymax": 160, "xmax": 414}}], [{"tid": 0, "generated": 0, "bbox": {"xmin": 83, "ymin": 250, "ymax": 316, "xmax": 146}}, {"tid": 1, "generated": 0, "bbox": {"xmin": 178, "ymin": 168, "ymax": 246, "xmax": 241}}, {"tid": 2, "generated": 0, "bbox": {"xmin": 269, "ymin": 65, "ymax": 193, "xmax": 361}}, {"tid": 3, "generated": 0, "bbox": {"xmin": 343, "ymin": 68, "ymax": 160, "xmax": 414}}], [{"tid": 0, "generated": 0, "bbox": {"xmin": 83, "ymin": 250, "ymax": 315, "xmax": 146}}, {"tid": 1, "generated": 0, "bbox": {"xmin": 178, "ymin": 169, "ymax": 246, "xmax": 241}}, {"tid": 2, "generated": 0, "bbox": {"xmin": 270, "ymin": 63, "ymax": 190, "xmax": 361}}, {"tid": 3, "generated": 0, "bbox": {"xmin": 343, "ymin": 68, "ymax": 159, "xmax": 414}}], [{"tid": 0, "generated": 0, "bbox": {"xmin": 83, "ymin": 251, "ymax": 314, "xmax": 146}}, {"tid": 1, "generated": 0, "bbox": {"xmin": 178, "ymin": 170, "ymax": 245, "xmax": 241}}, {"tid": 2, "generated": 0, "bbox": {"xmin": 271, "ymin": 61, "ymax": 187, "xmax": 362}}, {"tid": 3, "generated": 0, "bbox": {"xmin": 342, "ymin": 68, "ymax": 158, "xmax": 413}}], [{"tid": 0, "generated": 0, "bbox": {"xmin": 83, "ymin": 251, "ymax": 313, "xmax": 146}}, {"tid": 1, "generated": 0, "bbox": {"xmin": 178, "ymin": 171, "ymax": 245, "xmax": 241}}, {"tid": 2, "generated": 0, "bbox": {"xmin": 272, "ymin": 59, "ymax": 184, "xmax": 362}}, {"tid": 3, "generated": 0, "bbox": {"xmin": 342, "ymin": 68, "ymax": 158, "xmax": 413}}], [{"tid": 0, "generated": 0, "bbox": {"xmin": 83, "ymin": 251, "ymax": 312, "xmax": 146}}, {"tid": 1, "generated": 0, "bbox": {"xmin": 178, "ymin": 172, "ymax": 244, "xmax": 241}}, {"tid": 2, "generated": 0, "bbox": {"xmin": 273, "ymin": 57, "ymax": 181, "xmax": 363}}, {"tid": 3, "generated": 0, "bbox": {"xmin": 341, "ymin": 68, "ymax": 157, "xmax": 413}}], [{"tid": 0, "generated": 0, "bbox": {"xmin": 83, "ymin": 252, "ymax": 312, "xmax": 146}}, {"tid": 1, "generated": 0, "bbox": {"xmin": 178, "ymin": 174, "ymax": 244, "xmax": 241}}, {"tid": 2, "generated": 0, "bbox": {"xmin": 275, "ymin": 56, "ymax": 178, "xmax": 364}}, {"tid": 3, "generated": 0, "bbox": {"xmin": 341, "ymin": 68, "ymax": 157, "xmax": 413}}], [{"tid": 0, "generated": 0, "bbox": {"xmin": 83, "ymin": 252, "ymax": 312, "xmax": 145}}, {"tid": 1, "generated": 0, "bbox": {"xmin": 178, "ymin": 174, "ymax": 244, "xmax": 240}}, {"tid": 2, "generated": 0, "bbox": {"xmin": 276, "ymin": 53, "ymax": 177, "xmax": 365}}, {"tid": 3, "generated": 0, "bbox": {"xmin": 341, "ymin": 68, "ymax": 157, "xmax": 413}}], [{"tid": 0, "generated": 0, "bbox": {"xmin": 83, "ymin": 252, "ymax": 312, "xmax": 144}}, {"tid": 1, "generated": 0, "bbox": {"xmin": 178, "ymin": 174, "ymax": 244, "xmax": 240}}, {"tid": 2, "generated": 0, "bbox": {"xmin": 277, "ymin": 51, "ymax": 176, "xmax": 366}}, {"tid": 3, "generated": 0, "bbox": {"xmin": 341, "ymin": 68, "ymax": 157, "xmax": 414}}], [{"tid": 0, "generated": 0, "bbox": {"xmin": 83, "ymin": 252, "ymax": 312, "xmax": 144}}, {"tid": 1, "generated": 0, "bbox": {"xmin": 178, "ymin": 174, "ymax": 244, "xmax": 239}}, {"tid": 2, "generated": 0, "bbox": {"xmin": 278, "ymin": 48, "ymax": 176, "xmax": 367}}, {"tid": 3, "generated": 0, "bbox": {"xmin": 341, "ymin": 68, "ymax": 157, "xmax": 415}}], [{"tid": 0, "generated": 0, "bbox": {"xmin": 83, "ymin": 252, "ymax": 312, "xmax": 143}}, {"tid": 1, "generated": 0, "bbox": {"xmin": 178, "ymin": 174, "ymax": 244, "xmax": 239}}, {"tid": 2, "generated": 0, "bbox": {"xmin": 279, "ymin": 46, "ymax": 175, "xmax": 368}}, {"tid": 3, "generated": 0, "bbox": {"xmin": 341, "ymin": 68, "ymax": 157, "xmax": 416}}], [{"tid": 0, "generated": 0, "bbox": {"xmin": 83, "ymin": 252, "ymax": 312, "xmax": 143}}, {"tid": 1, "generated": 0, "bbox": {"xmin": 178, "ymin": 174, "ymax": 244, "xmax": 239}}, {"tid": 2, "generated": 0, "bbox": {"xmin": 280, "ymin": 43, "ymax": 175, "xmax": 369}}, {"tid": 3, "generated": 0, "bbox": {"xmin": 341, "ymin": 68, "ymax": 157, "xmax": 417}}], [{"tid": 0, "generated": 0, "bbox": {"xmin": 83, "ymin": 252, "ymax": 312, "xmax": 142}}, {"tid": 1, "generated": 0, "bbox": {"xmin": 178, "ymin": 174, "ymax": 244, "xmax": 238}}, {"tid": 2, "generated": 0, "bbox": {"xmin": 281, "ymin": 41, "ymax": 174, "xmax": 370}}, {"tid": 3, "generated": 0, "bbox": {"xmin": 341, "ymin": 68, "ymax": 157, "xmax": 418}}], [{"tid": 0, "generated": 0, "bbox": {"xmin": 83, "ymin": 252, "ymax": 312, "xmax": 141}}, {"tid": 1, "generated": 0, "bbox": {"xmin": 178, "ymin": 174, "ymax": 244, "xmax": 238}}, {"tid": 2, "generated": 0, "bbox": {"xmin": 282, "ymin": 38, "ymax": 173, "xmax": 371}}, {"tid": 3, "generated": 0, "bbox": {"xmin": 341, "ymin": 68, "ymax": 157, "xmax": 419}}], [{"tid": 0, "generated": 0, "bbox": {"xmin": 83, "ymin": 252, "ymax": 312, "xmax": 141}}, {"tid": 1, "generated": 0, "bbox": {"xmin": 178, "ymin": 174, "ymax": 244, "xmax": 237}}, {"tid": 2, "generated": 0, "bbox": {"xmin": 283, "ymin": 36, "ymax": 173, "xmax": 372}}, {"tid": 3, "generated": 0, "bbox": {"xmin": 341, "ymin": 68, "ymax": 157, "xmax": 420}}], [{"tid": 0, "generated": 0, "bbox": {"xmin": 83, "ymin": 252, "ymax": 312, "xmax": 140}}, {"tid": 1, "generated": 0, "bbox": {"xmin": 178, "ymin": 174, "ymax": 244, "xmax": 237}}, {"tid": 2, "generated": 0, "bbox": {"xmin": 284, "ymin": 33, "ymax": 172, "xmax": 373}}, {"tid": 3, "generated": 0, "bbox": {"xmin": 341, "ymin": 68, "ymax": 157, "xmax": 421}}], [{"tid": 0, "generated": 0, "bbox": {"xmin": 83, "ymin": 252, "ymax": 312, "xmax": 140}}, {"tid": 1, "generated": 0, "bbox": {"xmin": 178, "ymin": 174, "ymax": 244, "xmax": 237}}, {"tid": 2, "generated": 0, "bbox": {"xmin": 286, "ymin": 31, "ymax": 172, "xmax": 375}}, {"tid": 3, "generated": 0, "bbox": {"xmin": 341, "ymin": 68, "ymax": 157, "xmax": 422}}], [{"tid": 0, "generated": 0, "bbox": {"xmin": 83, "ymin": 252, "ymax": 312, "xmax": 140}}, {"tid": 1, "generated": 0, "bbox": {"xmin": 178, "ymin": 174, "ymax": 244, "xmax": 236}}, {"tid": 2, "generated": 0, "bbox": {"xmin": 286, "ymin": 30, "ymax": 172, "xmax": 375}}, {"tid": 3, "generated": 0, "bbox": {"xmin": 341, "ymin": 68, "ymax": 156, "xmax": 422}}], [{"tid": 0, "generated": 0, "bbox": {"xmin": 83, "ymin": 252, "ymax": 312, "xmax": 140}}, {"tid": 1, "generated": 0, "bbox": {"xmin": 178, "ymin": 174, "ymax": 244, "xmax": 236}}, {"tid": 2, "generated": 0, "bbox": {"xmin": 287, "ymin": 30, "ymax": 172, "xmax": 375}}, {"tid": 3, "generated": 0, "bbox": {"xmin": 341, "ymin": 68, "ymax": 156, "xmax": 422}}], [{"tid": 0, "generated": 0, "bbox": {"xmin": 83, "ymin": 252, "ymax": 312, "xmax": 140}}, {"tid": 1, "generated": 0, "bbox": {"xmin": 178, "ymin": 174, "ymax": 244, "xmax": 236}}, {"tid": 2, "generated": 0, "bbox": {"xmin": 288, "ymin": 30, "ymax": 172, "xmax": 375}}, {"tid": 3, "generated": 0, "bbox": {"xmin": 342, "ymin": 68, "ymax": 156, "xmax": 422}}], [{"tid": 0, "generated": 0, "bbox": {"xmin": 84, "ymin": 252, "ymax": 312, "xmax": 140}}, {"tid": 1, "generated": 0, "bbox": {"xmin": 178, "ymin": 174, "ymax": 244, "xmax": 236}}, {"tid": 2, "generated": 0, "bbox": {"xmin": 289, "ymin": 29, "ymax": 172, "xmax": 375}}, {"tid": 3, "generated": 0, "bbox": {"xmin": 342, "ymin": 69, "ymax": 156, "xmax": 422}}], [{"tid": 0, "generated": 0, "bbox": {"xmin": 84, "ymin": 252, "ymax": 312, "xmax": 140}}, {"tid": 1, "generated": 0, "bbox": {"xmin": 178, "ymin": 174, "ymax": 244, "xmax": 235}}, {"tid": 2, "generated": 0, "bbox": {"xmin": 290, "ymin": 29, "ymax": 172, "xmax": 375}}, {"tid": 3, "generated": 0, "bbox": {"xmin": 343, "ymin": 69, "ymax": 156, "xmax": 422}}], [{"tid": 0, "generated": 0, "bbox": {"xmin": 84, "ymin": 252, "ymax": 312, "xmax": 140}}, {"tid": 1, "generated": 0, "bbox": {"xmin": 178, "ymin": 174, "ymax": 244, "xmax": 235}}, {"tid": 2, "generated": 0, "bbox": {"xmin": 291, "ymin": 29, "ymax": 172, "xmax": 375}}, {"tid": 3, "generated": 0, "bbox": {"xmin": 343, "ymin": 69, "ymax": 156, "xmax": 422}}], [{"tid": 0, "generated": 0, "bbox": {"xmin": 85, "ymin": 252, "ymax": 312, "xmax": 140}}, {"tid": 1, "generated": 0, "bbox": {"xmin": 178, "ymin": 174, "ymax": 244, "xmax": 235}}, {"tid": 2, "generated": 0, "bbox": {"xmin": 292, "ymin": 28, "ymax": 172, "xmax": 376}}, {"tid": 3, "generated": 0, "bbox": {"xmin": 344, "ymin": 70, "ymax": 156, "xmax": 422}}], [{"tid": 0, "generated": 0, "bbox": {"xmin": 85, "ymin": 252, "ymax": 312, "xmax": 140}}, {"tid": 1, "generated": 0, "bbox": {"xmin": 178, "ymin": 174, "ymax": 244, "xmax": 235}}, {"tid": 2, "generated": 0, "bbox": {"xmin": 293, "ymin": 28, "ymax": 172, "xmax": 376}}, {"tid": 3, "generated": 0, "bbox": {"xmin": 344, "ymin": 70, "ymax": 156, "xmax": 422}}], [{"tid": 0, "generated": 0, "bbox": {"xmin": 85, "ymin": 252, "ymax": 312, "xmax": 140}}, {"tid": 1, "generated": 0, "bbox": {"xmin": 178, "ymin": 174, "ymax": 244, "xmax": 234}}, {"tid": 2, "generated": 0, "bbox": {"xmin": 294, "ymin": 28, "ymax": 172, "xmax": 376}}, {"tid": 3, "generated": 0, "bbox": {"xmin": 345, "ymin": 70, "ymax": 156, "xmax": 422}}]], "subject/objects": [{"category": "antelope", "tid": 0}, {"category": "antelope", "tid": 1}, {"category": "antelope", "tid": 2}, {"category": "antelope", "tid": 3}], "relation_instances": [{"end_fid": 30, "subject_tid": 0, "predicate": "stand_behind", "begin_fid": 0, "object_tid": 1}, {"end_fid": 30, "subject_tid": 1, "predicate": "stand_front", "begin_fid": 0, "object_tid": 0}, {"end_fid": 30, "subject_tid": 0, "predicate": "stand_behind", "begin_fid": 0, "object_tid": 2}, {"end_fid": 30, "subject_tid": 2, "predicate": "stand_front", "begin_fid": 0, "object_tid": 0}, {"end_fid": 30, "subject_tid": 0, "predicate": "stand_behind", "begin_fid": 0, "object_tid": 3}, {"end_fid": 30, "subject_tid": 3, "predicate": "stand_front", "begin_fid": 0, "object_tid": 0}, {"end_fid": 30, "subject_tid": 1, "predicate": "stand_behind", "begin_fid": 0, "object_tid": 2}, {"end_fid": 30, "subject_tid": 2, "predicate": "stand_front", "begin_fid": 0, "object_tid": 1}, {"end_fid": 30, "subject_tid": 1, "predicate": "stand_behind", "begin_fid": 0, "object_tid": 3}, {"end_fid": 30, "subject_tid": 3, "predicate": "stand_front", "begin_fid": 0, "object_tid": 1}, {"end_fid": 30, "subject_tid": 2, "predicate": "stand_behind", "begin_fid": 0, "object_tid": 3}, {"end_fid": 30, "subject_tid": 3, "predicate": "stand_front", "begin_fid": 0, "object_tid": 2}], "height": 360}