{"width": 480, "frame_count": 1354, "video_id": "ILSVRC2015_train_00815001", "fps": 30, "trajectories": [[{"tid": 0, "generated": 0, "bbox": {"xmin": 228, "ymin": 46, "ymax": 97, "xmax": 372}}, {"tid": 1, "generated": 0, "bbox": {"xmin": 158, "ymin": 307, "ymax": 358, "xmax": 230}}, {"tid": 2, "generated": 0, "bbox": {"xmin": 168, "ymin": 52, "ymax": 132, "xmax": 241}}, {"tid": 3, "generated": 0, "bbox": {"xmin": 117, "ymin": 103, "ymax": 359, "xmax": 445}}], [{"tid": 0, "generated": 0, "bbox": {"xmin": 227, "ymin": 46, "ymax": 97, "xmax": 371}}, {"tid": 1, "generated": 0, "bbox": {"xmin": 157, "ymin": 307, "ymax": 358, "xmax": 229}}, {"tid": 2, "generated": 0, "bbox": {"xmin": 166, "ymin": 53, "ymax": 133, "xmax": 240}}, {"tid": 3, "generated": 0, "bbox": {"xmin": 116, "ymin": 104, "ymax": 358, "xmax": 444}}], [{"tid": 0, "generated": 0, "bbox": {"xmin": 227, "ymin": 46, "ymax": 97, "xmax": 370}}, {"tid": 1, "generated": 0, "bbox": {"xmin": 157, "ymin": 307, "ymax": 358, "xmax": 228}}, {"tid": 2, "generated": 0, "bbox": {"xmin": 165, "ymin": 54, "ymax": 134, "xmax": 239}}, {"tid": 3, "generated": 0, "bbox": {"xmin": 116, "ymin": 106, "ymax": 358, "xmax": 443}}], [{"tid": 0, "generated": 0, "bbox": {"xmin": 227, "ymin": 47, "ymax": 97, "xmax": 369}}, {"tid": 1, "generated": 0, "bbox": {"xmin": 157, "ymin": 308, "ymax": 358, "xmax": 227}}, {"tid": 2, "generated": 0, "bbox": {"xmin": 164, "ymin": 55, "ymax": 135, "xmax": 238}}, {"tid": 3, "generated": 0, "bbox": {"xmin": 116, "ymin": 107, "ymax": 358, "xmax": 442}}], [{"tid": 0, "generated": 0, "bbox": {"xmin": 227, "ymin": 47, "ymax": 97, "xmax": 368}}, {"tid": 1, "generated": 0, "bbox": {"xmin": 159, "ymin": 307, "ymax": 358, "xmax": 226}}, {"tid": 2, "generated": 0, "bbox": {"xmin": 163, "ymin": 56, "ymax": 136, "xmax": 238}}, {"tid": 3, "generated": 0, "bbox": {"xmin": 116, "ymin": 109, "ymax": 358, "xmax": 441}}], [{"tid": 0, "generated": 0, "bbox": {"xmin": 227, "ymin": 48, "ymax": 98, "xmax": 368}}, {"tid": 1, "generated": 0, "bbox": {"xmin": 161, "ymin": 307, "ymax": 358, "xmax": 226}}, {"tid": 2, "generated": 0, "bbox": {"xmin": 162, "ymin": 57, "ymax": 137, "xmax": 237}}, {"tid": 3, "generated": 0, "bbox": {"xmin": 116, "ymin": 111, "ymax": 358, "xmax": 440}}], [{"tid": 0, "generated": 0, "bbox": {"xmin": 226, "ymin": 48, "ymax": 98, "xmax": 367}}, {"tid": 1, "generated": 0, "bbox": {"xmin": 163, "ymin": 307, "ymax": 358, "xmax": 226}}, {"tid": 2, "generated": 0, "bbox": {"xmin": 160, "ymin": 58, "ymax": 138, "xmax": 236}}, {"tid": 3, "generated": 0, "bbox": {"xmin": 116, "ymin": 112, "ymax": 358, "xmax": 439}}], [{"tid": 0, "generated": 0, "bbox": {"xmin": 226, "ymin": 48, "ymax": 98, "xmax": 366}}, {"tid": 1, "generated": 0, "bbox": {"xmin": 165, "ymin": 306, "ymax": 358, "xmax": 225}}, {"tid": 2, "generated": 0, "bbox": {"xmin": 159, "ymin": 59, "ymax": 139, "xmax": 236}}, {"tid": 3, "generated": 0, "bbox": {"xmin": 116, "ymin": 114, "ymax": 358, "xmax": 438}}], [{"tid": 0, "generated": 0, "bbox": {"xmin": 226, "ymin": 49, "ymax": 98, "xmax": 365}}, {"tid": 1, "generated": 0, "bbox": {"xmin": 167, "ymin": 306, "ymax": 358, "xmax": 225}}, {"tid": 2, "generated": 0, "bbox": {"xmin": 158, "ymin": 60, "ymax": 140, "xmax": 235}}, {"tid": 3, "generated": 0, "bbox": {"xmin": 116, "ymin": 115, "ymax": 358, "xmax": 437}}], [{"tid": 0, "generated": 0, "bbox": {"xmin": 226, "ymin": 49, "ymax": 98, "xmax": 364}}, {"tid": 1, "generated": 0, "bbox": {"xmin": 169, "ymin": 306, "ymax": 358, "xmax": 225}}, {"tid": 2, "generated": 0, "bbox": {"xmin": 157, "ymin": 61, "ymax": 141, "xmax": 234}}, {"tid": 3, "generated": 0, "bbox": {"xmin": 116, "ymin": 117, "ymax": 358, "xmax": 436}}], [{"tid": 0, "generated": 0, "bbox": {"xmin": 226, "ymin": 50, "ymax": 99, "xmax": 364}}, {"tid": 1, "generated": 0, "bbox": {"xmin": 172, "ymin": 306, "ymax": 358, "xmax": 225}}, {"tid": 2, "generated": 0, "bbox": {"xmin": 156, "ymin": 62, "ymax": 143, "xmax": 234}}, {"tid": 3, "generated": 0, "bbox": {"xmin": 116, "ymin": 119, "ymax": 358, "xmax": 436}}], [{"tid": 0, "generated": 0, "bbox": {"xmin": 225, "ymin": 50, "ymax": 99, "xmax": 363}}, {"tid": 1, "generated": 0, "bbox": {"xmin": 174, "ymin": 306, "ymax": 358, "xmax": 226}}, {"tid": 2, "generated": 0, "bbox": {"xmin": 155, "ymin": 63, "ymax": 144, "xmax": 233}}, {"tid": 3, "generated": 0, "bbox": {"xmin": 116, "ymin": 121, "ymax": 358, "xmax": 435}}], [{"tid": 0, "generated": 0, "bbox": {"xmin": 225, "ymin": 50, "ymax": 100, "xmax": 363}}, {"tid": 1, "generated": 0, "bbox": {"xmin": 176, "ymin": 307, "ymax": 359, "xmax": 228}}, {"tid": 2, "generated": 0, "bbox": {"xmin": 154, "ymin": 64, "ymax": 145, "xmax": 232}}, {"tid": 3, "generated": 0, "bbox": {"xmin": 116, "ymin": 123, "ymax": 358, "xmax": 435}}], [{"tid": 0, "generated": 0, "bbox": {"xmin": 225, "ymin": 51, "ymax": 100, "xmax": 363}}, {"tid": 1, "generated": 0, "bbox": {"xmin": 176, "ymin": 306, "ymax": 358, "xmax": 227}}, {"tid": 2, "generated": 0, "bbox": {"xmin": 154, "ymin": 65, "ymax": 146, "xmax": 231}}, {"tid": 3, "generated": 0, "bbox": {"xmin": 116, "ymin": 125, "ymax": 358, "xmax": 434}}], [{"tid": 0, "generated": 0, "bbox": {"xmin": 224, "ymin": 51, "ymax": 101, "xmax": 363}}, {"tid": 1, "generated": 0, "bbox": {"xmin": 176, "ymin": 306, "ymax": 358, "xmax": 227}}, {"tid": 2, "generated": 0, "bbox": {"xmin": 153, "ymin": 66, "ymax": 147, "xmax": 231}}, {"tid": 3, "generated": 0, "bbox": {"xmin": 117, "ymin": 127, "ymax": 358, "xmax": 434}}], [{"tid": 0, "generated": 0, "bbox": {"xmin": 224, "ymin": 52, "ymax": 102, "xmax": 363}}, {"tid": 1, "generated": 0, "bbox": {"xmin": 176, "ymin": 305, "ymax": 358, "xmax": 227}}, {"tid": 2, "generated": 0, "bbox": {"xmin": 153, "ymin": 67, "ymax": 148, "xmax": 230}}, {"tid": 3, "generated": 0, "bbox": {"xmin": 117, "ymin": 130, "ymax": 358, "xmax": 433}}], [{"tid": 0, "generated": 0, "bbox": {"xmin": 224, "ymin": 52, "ymax": 102, "xmax": 362}}, {"tid": 1, "generated": 0, "bbox": {"xmin": 177, "ymin": 305, "ymax": 358, "xmax": 226}}, {"tid": 2, "generated": 0, "bbox": {"xmin": 152, "ymin": 68, "ymax": 149, "xmax": 229}}, {"tid": 3, "generated": 0, "bbox": {"xmin": 117, "ymin": 132, "ymax": 358, "xmax": 433}}], [{"tid": 0, "generated": 0, "bbox": {"xmin": 223, "ymin": 52, "ymax": 103, "xmax": 362}}, {"tid": 1, "generated": 0, "bbox": {"xmin": 177, "ymin": 305, "ymax": 358, "xmax": 226}}, {"tid": 2, "generated": 0, "bbox": {"xmin": 151, "ymin": 69, "ymax": 150, "xmax": 229}}, {"tid": 3, "generated": 0, "bbox": {"xmin": 118, "ymin": 134, "ymax": 358, "xmax": 432}}], [{"tid": 0, "generated": 0, "bbox": {"xmin": 223, "ymin": 53, "ymax": 103, "xmax": 362}}, {"tid": 1, "generated": 0, "bbox": {"xmin": 177, "ymin": 304, "ymax": 358, "xmax": 226}}, {"tid": 2, "generated": 0, "bbox": {"xmin": 151, "ymin": 70, "ymax": 151, "xmax": 228}}, {"tid": 3, "generated": 0, "bbox": {"xmin": 118, "ymin": 136, "ymax": 358, "xmax": 432}}], [{"tid": 0, "generated": 0, "bbox": {"xmin": 223, "ymin": 53, "ymax": 104, "xmax": 362}}, {"tid": 1, "generated": 0, "bbox": {"xmin": 178, "ymin": 304, "ymax": 358, "xmax": 225}}, {"tid": 2, "generated": 0, "bbox": {"xmin": 150, "ymin": 71, "ymax": 152, "xmax": 227}}, {"tid": 3, "generated": 0, "bbox": {"xmin": 118, "ymin": 138, "ymax": 358, "xmax": 431}}], [{"tid": 0, "generated": 0, "bbox": {"xmin": 223, "ymin": 54, "ymax": 105, "xmax": 362}}, {"tid": 1, "generated": 0, "bbox": {"xmin": 178, "ymin": 304, "ymax": 358, "xmax": 225}}, {"tid": 2, "generated": 0, "bbox": {"xmin": 150, "ymin": 72, "ymax": 154, "xmax": 227}}, {"tid": 3, "generated": 0, "bbox": {"xmin": 119, "ymin": 141, "ymax": 358, "xmax": 431}}], [{"tid": 0, "generated": 0, "bbox": {"xmin": 222, "ymin": 53, "ymax": 104, "xmax": 361}}, {"tid": 1, "generated": 0, "bbox": {"xmin": 178, "ymin": 303, "ymax": 358, "xmax": 225}}, {"tid": 2, "generated": 0, "bbox": {"xmin": 148, "ymin": 72, "ymax": 154, "xmax": 225}}, {"tid": 3, "generated": 0, "bbox": {"xmin": 118, "ymin": 141, "ymax": 358, "xmax": 429}}], [{"tid": 0, "generated": 0, "bbox": {"xmin": 221, "ymin": 53, "ymax": 104, "xmax": 360}}, {"tid": 1, "generated": 0, "bbox": {"xmin": 179, "ymin": 303, "ymax": 358, "xmax": 224}}, {"tid": 2, "generated": 0, "bbox": {"xmin": 147, "ymin": 73, "ymax": 155, "xmax": 224}}, {"tid": 3, "generated": 0, "bbox": {"xmin": 117, "ymin": 142, "ymax": 358, "xmax": 427}}], [{"tid": 0, "generated": 0, "bbox": {"xmin": 221, "ymin": 52, "ymax": 104, "xmax": 359}}, {"tid": 1, "generated": 0, "bbox": {"xmin": 179, "ymin": 303, "ymax": 358, "xmax": 224}}, {"tid": 2, "generated": 0, "bbox": {"xmin": 145, "ymin": 74, "ymax": 156, "xmax": 223}}, {"tid": 3, "generated": 0, "bbox": {"xmin": 116, "ymin": 143, "ymax": 358, "xmax": 425}}], [{"tid": 0, "generated": 0, "bbox": {"xmin": 220, "ymin": 52, "ymax": 104, "xmax": 358}}, {"tid": 1, "generated": 0, "bbox": {"xmin": 179, "ymin": 302, "ymax": 358, "xmax": 224}}, {"tid": 2, "generated": 0, "bbox": {"xmin": 144, "ymin": 74, "ymax": 157, "xmax": 221}}, {"tid": 3, "generated": 0, "bbox": {"xmin": 116, "ymin": 144, "ymax": 358, "xmax": 423}}], [{"tid": 0, "generated": 0, "bbox": {"xmin": 220, "ymin": 51, "ymax": 104, "xmax": 358}}, {"tid": 1, "generated": 0, "bbox": {"xmin": 180, "ymin": 302, "ymax": 358, "xmax": 223}}, {"tid": 2, "generated": 0, "bbox": {"xmin": 143, "ymin": 75, "ymax": 158, "xmax": 220}}, {"tid": 3, "generated": 0, "bbox": {"xmin": 115, "ymin": 145, "ymax": 358, "xmax": 421}}], [{"tid": 0, "generated": 0, "bbox": {"xmin": 219, "ymin": 51, "ymax": 104, "xmax": 357}}, {"tid": 1, "generated": 0, "bbox": {"xmin": 180, "ymin": 302, "ymax": 358, "xmax": 223}}, {"tid": 2, "generated": 0, "bbox": {"xmin": 141, "ymin": 76, "ymax": 158, "xmax": 219}}, {"tid": 3, "generated": 0, "bbox": {"xmin": 114, "ymin": 146, "ymax": 358, "xmax": 419}}], [{"tid": 0, "generated": 0, "bbox": {"xmin": 218, "ymin": 50, "ymax": 104, "xmax": 356}}, {"tid": 1, "generated": 0, "bbox": {"xmin": 180, "ymin": 301, "ymax": 358, "xmax": 223}}, {"tid": 2, "generated": 0, "bbox": {"xmin": 140, "ymin": 76, "ymax": 159, "xmax": 217}}, {"tid": 3, "generated": 0, "bbox": {"xmin": 114, "ymin": 147, "ymax": 358, "xmax": 417}}], [{"tid": 0, "generated": 0, "bbox": {"xmin": 218, "ymin": 50, "ymax": 104, "xmax": 355}}, {"tid": 1, "generated": 0, "bbox": {"xmin": 181, "ymin": 301, "ymax": 358, "xmax": 222}}, {"tid": 2, "generated": 0, "bbox": {"xmin": 138, "ymin": 77, "ymax": 160, "xmax": 216}}, {"tid": 3, "generated": 0, "bbox": {"xmin": 113, "ymin": 148, "ymax": 358, "xmax": 415}}], [{"tid": 0, "generated": 0, "bbox": {"xmin": 217, "ymin": 49, "ymax": 104, "xmax": 354}}, {"tid": 1, "generated": 0, "bbox": {"xmin": 181, "ymin": 300, "ymax": 358, "xmax": 222}}, {"tid": 2, "generated": 0, "bbox": {"xmin": 137, "ymin": 78, "ymax": 161, "xmax": 215}}, {"tid": 3, "generated": 0, "bbox": {"xmin": 112, "ymin": 149, "ymax": 358, "xmax": 413}}], [], [], [], [], [], [], [], [], [], [], [], [], [], [], [], [], [], [], [], [], [], [], [], [], [], [], [], [], [], [], [], [], [], [], [], [], [], [], [], [], [], [], [], [], [], [], [], [], [], [], [], [], [], [], [], [], [], [], [], [], [], [], [], [], [], [], [], [], [], [], [], [], [], [], [], [], [], [], [], [], [], [], [], [], [], [], [], [], [], [], [], [], [], [], [], [], [], [], [], [], [], [], [], [], [], [], [], [], [], [], [], [], [], [], [], [], [], [], [], [], [], [], [], [], [], [], [], [], [], [], [], [], [], [], [], [], [], [], [], [], [], [], [], [], [], [], [], [], [], [], [], [], [], [], [], [], [], [], [], [], [], [], [], [], [], [], [], [], [], [], [], [], [], [], [], [], [], [], [], [], [], [], [], [], [], [], [], [], [], [], [], [], [], [], [], [], [], [], [], [], [], [], [], [], [], [], [], [], [], [], [], [], [], [], [], [], [], [], [], [], [], [], [], [], [], [], [], [], [], [], [], [], [], [], [], [], [], [], [], [], [], [], [], [], [], [], [], [], [], [], [], [], [], [], [], [], [], [], [], [], [], [], [], [], [], [], [], [], [], [], [], [], [], [], [], [], [], [], [], [], [], [], [], [], [], [], [], [], [], [], [], [], [], [], [], [], [], [], [], [], [], [], [], [], [], [], [], [], [], [], [], [], [], [], [], [], [], [], [], [], [], [], [], [], [], [], [], [], [], [], [], [], [], [], [], [], [], [], [], [], [], [], [], [], [], [], [], [], [], [], [], [], [], [], [], [], [], [], [], [], [], [], [], [], [], [], [], [], [], [], [], [], [], [], [], [], [], [], [], [], [], [], [], [], [], [], [], [], [], [], [], [], [], [], [], [], [], [], [], [], [], [], [], [], [], [], [], [], [], [], [], [], [], [], [], [], [], [], [], [], [], [], [], [], [], [], [], [], [], [], [], [], [], [], [], [], [], [], [], [], [], [], [], [], [], [], [], [], [], [], [], [], [], [], [], [], [], [], [], [], [], [], [], [], [], [], [], [], [], [], [], [], [], [], [], [], [], [], [], [], [], [], [], [], [], [], [], [], [], [], [], [], [], [], [], [], [], [], [], [], [], [], [], [], [], [], [], [], [], [], [], [], [], [], [], [], [], [], [], [], [], [], [], [], [], [], [], [], [], [], [], [], [], [], [], [], [], [], [], [], [], [], [], [], [], [], [], [], [], [], [], [], [], [], [], [], [], [], [], [], [], [], [], [], [], [], [], [], [], [], [], [], [], [], [], [], [], [], [], [], [], [], [], [], [], [], [], [], [], [], [], [], [], [], [], [], [], [], [], [], [], [], [], [], [], [], [], [], [], [], [], [], [], [], [], [], [], [], [], [], [], [], [], [], [], [], [], [], [], [], [], [], [], [], [], [], [], [], [], [], [], [], [], [], [], [], [], [], [], [], [], [], [], [], [], [], [], [], [], [], [], [], [], [], [], [], [], [], [], [], [], [], [], [], [], [], [], [], [], [], [], [], [], [], [], [], [], [], [], [], [], [], [], [], [], [], [], [], [], [], [], [], [], [], [], [], [], [], [], [], [], [], [], [], [], [], [], [], [], [], [], [], [], [], [], [], [], [], [], [], [], [], [], [], [], [], [], [], [], [], [], [], [], [], [], [], [], [], [], [], [], [], [], [], [], [], [], [], [], [], [], [], [], [], [], [], [], [], [], [], [], [], [], [], [], [], [], [], [], [], [], [], [], [], [], [], [], [], [], [], [], [], [], [], [], [], [], [], [], [], [], [], [], [], [], [], [], [], [], [], [], [], [], [], [], [], [], [], [], [], [], [], [], [], [], [], [], [], [], [], [], [], [], [], [], [], [], [], [], [], [], [], [], [], [], [], [], [], [], [], [], [], [], [], [], [], [], [], [], [], [], [], [], [], [], [], [], [], [], [], [], [], [], [], [], [], [], [], [], [], [], [], [], [], [], [], [], [], [], [], [], [], [], [], [], [], [], [], [], [], [{"tid": 1, "generated": 0, "bbox": {"xmin": 128, "ymin": 305, "ymax": 358, "xmax": 208}}, {"tid": 2, "generated": 0, "bbox": {"xmin": 141, "ymin": 4, "ymax": 108, "xmax": 220}}, {"tid": 3, "generated": 0, "bbox": {"xmin": 56, "ymin": 78, "ymax": 358, "xmax": 478}}], [{"tid": 1, "generated": 0, "bbox": {"xmin": 130, "ymin": 305, "ymax": 358, "xmax": 208}}, {"tid": 2, "generated": 0, "bbox": {"xmin": 143, "ymin": 3, "ymax": 107, "xmax": 222}}, {"tid": 3, "generated": 0, "bbox": {"xmin": 55, "ymin": 78, "ymax": 358, "xmax": 478}}], [{"tid": 1, "generated": 0, "bbox": {"xmin": 132, "ymin": 306, "ymax": 358, "xmax": 209}}, {"tid": 2, "generated": 0, "bbox": {"xmin": 145, "ymin": 1, "ymax": 106, "xmax": 224}}, {"tid": 3, "generated": 0, "bbox": {"xmin": 54, "ymin": 78, "ymax": 358, "xmax": 478}}], [{"tid": 1, "generated": 0, "bbox": {"xmin": 135, "ymin": 307, "ymax": 358, "xmax": 210}}, {"tid": 2, "generated": 0, "bbox": {"xmin": 147, "ymin": 0, "ymax": 105, "xmax": 227}}, {"tid": 3, "generated": 0, "bbox": {"xmin": 54, "ymin": 78, "ymax": 358, "xmax": 479}}], [{"tid": 1, "generated": 0, "bbox": {"xmin": 137, "ymin": 308, "ymax": 358, "xmax": 210}}, {"tid": 2, "generated": 0, "bbox": {"xmin": 148, "ymin": 0, "ymax": 105, "xmax": 228}}, {"tid": 3, "generated": 0, "bbox": {"xmin": 53, "ymin": 78, "ymax": 358, "xmax": 479}}], [{"tid": 1, "generated": 0, "bbox": {"xmin": 140, "ymin": 309, "ymax": 358, "xmax": 211}}, {"tid": 2, "generated": 0, "bbox": {"xmin": 150, "ymin": 0, "ymax": 105, "xmax": 230}}, {"tid": 3, "generated": 0, "bbox": {"xmin": 52, "ymin": 79, "ymax": 358, "xmax": 479}}], [{"tid": 1, "generated": 0, "bbox": {"xmin": 142, "ymin": 310, "ymax": 358, "xmax": 212}}, {"tid": 2, "generated": 0, "bbox": {"xmin": 151, "ymin": 0, "ymax": 105, "xmax": 232}}, {"tid": 3, "generated": 0, "bbox": {"xmin": 51, "ymin": 79, "ymax": 358, "xmax": 479}}], [{"tid": 1, "generated": 0, "bbox": {"xmin": 144, "ymin": 311, "ymax": 358, "xmax": 212}}, {"tid": 2, "generated": 0, "bbox": {"xmin": 153, "ymin": 0, "ymax": 106, "xmax": 233}}, {"tid": 3, "generated": 0, "bbox": {"xmin": 50, "ymin": 80, "ymax": 358, "xmax": 479}}], [{"tid": 1, "generated": 0, "bbox": {"xmin": 147, "ymin": 312, "ymax": 358, "xmax": 213}}, {"tid": 2, "generated": 0, "bbox": {"xmin": 155, "ymin": 0, "ymax": 106, "xmax": 235}}, {"tid": 3, "generated": 0, "bbox": {"xmin": 50, "ymin": 81, "ymax": 358, "xmax": 479}}], [{"tid": 1, "generated": 0, "bbox": {"xmin": 149, "ymin": 313, "ymax": 358, "xmax": 214}}, {"tid": 2, "generated": 0, "bbox": {"xmin": 156, "ymin": 0, "ymax": 106, "xmax": 237}}, {"tid": 3, "generated": 0, "bbox": {"xmin": 49, "ymin": 81, "ymax": 358, "xmax": 479}}], [{"tid": 1, "generated": 0, "bbox": {"xmin": 152, "ymin": 314, "ymax": 358, "xmax": 215}}, {"tid": 2, "generated": 0, "bbox": {"xmin": 158, "ymin": 0, "ymax": 107, "xmax": 238}}, {"tid": 3, "generated": 0, "bbox": {"xmin": 48, "ymin": 82, "ymax": 358, "xmax": 479}}], [{"tid": 1, "generated": 0, "bbox": {"xmin": 152, "ymin": 313, "ymax": 358, "xmax": 215}}, {"tid": 2, "generated": 0, "bbox": {"xmin": 159, "ymin": 0, "ymax": 107, "xmax": 240}}, {"tid": 3, "generated": 0, "bbox": {"xmin": 47, "ymin": 82, "ymax": 358, "xmax": 479}}], [{"tid": 1, "generated": 0, "bbox": {"xmin": 153, "ymin": 312, "ymax": 358, "xmax": 216}}, {"tid": 2, "generated": 0, "bbox": {"xmin": 161, "ymin": 0, "ymax": 107, "xmax": 242}}, {"tid": 3, "generated": 0, "bbox": {"xmin": 46, "ymin": 83, "ymax": 358, "xmax": 479}}], [{"tid": 1, "generated": 0, "bbox": {"xmin": 154, "ymin": 311, "ymax": 358, "xmax": 217}}, {"tid": 2, "generated": 0, "bbox": {"xmin": 163, "ymin": 0, "ymax": 108, "xmax": 244}}, {"tid": 3, "generated": 0, "bbox": {"xmin": 46, "ymin": 84, "ymax": 358, "xmax": 479}}], [{"tid": 1, "generated": 0, "bbox": {"xmin": 155, "ymin": 310, "ymax": 358, "xmax": 217}}, {"tid": 2, "generated": 0, "bbox": {"xmin": 164, "ymin": 0, "ymax": 108, "xmax": 246}}, {"tid": 3, "generated": 0, "bbox": {"xmin": 47, "ymin": 85, "ymax": 358, "xmax": 479}}], [{"tid": 1, "generated": 0, "bbox": {"xmin": 156, "ymin": 310, "ymax": 358, "xmax": 218}}, {"tid": 2, "generated": 0, "bbox": {"xmin": 166, "ymin": 0, "ymax": 108, "xmax": 248}}, {"tid": 3, "generated": 0, "bbox": {"xmin": 49, "ymin": 87, "ymax": 358, "xmax": 479}}], [{"tid": 1, "generated": 0, "bbox": {"xmin": 156, "ymin": 309, "ymax": 358, "xmax": 219}}, {"tid": 2, "generated": 0, "bbox": {"xmin": 168, "ymin": 0, "ymax": 109, "xmax": 250}}, {"tid": 3, "generated": 0, "bbox": {"xmin": 51, "ymin": 88, "ymax": 358, "xmax": 479}}], [{"tid": 1, "generated": 0, "bbox": {"xmin": 157, "ymin": 308, "ymax": 358, "xmax": 219}}, {"tid": 2, "generated": 0, "bbox": {"xmin": 170, "ymin": 1, "ymax": 109, "xmax": 252}}, {"tid": 3, "generated": 0, "bbox": {"xmin": 53, "ymin": 90, "ymax": 358, "xmax": 479}}], [{"tid": 1, "generated": 0, "bbox": {"xmin": 158, "ymin": 307, "ymax": 358, "xmax": 220}}, {"tid": 2, "generated": 0, "bbox": {"xmin": 172, "ymin": 1, "ymax": 110, "xmax": 255}}, {"tid": 3, "generated": 0, "bbox": {"xmin": 55, "ymin": 92, "ymax": 358, "xmax": 479}}], [{"tid": 1, "generated": 0, "bbox": {"xmin": 159, "ymin": 306, "ymax": 358, "xmax": 221}}, {"tid": 2, "generated": 0, "bbox": {"xmin": 174, "ymin": 1, "ymax": 110, "xmax": 257}}, {"tid": 3, "generated": 0, "bbox": {"xmin": 57, "ymin": 93, "ymax": 358, "xmax": 479}}], [{"tid": 1, "generated": 0, "bbox": {"xmin": 160, "ymin": 306, "ymax": 359, "xmax": 222}}, {"tid": 2, "generated": 0, "bbox": {"xmin": 176, "ymin": 2, "ymax": 110, "xmax": 259}}, {"tid": 3, "generated": 0, "bbox": {"xmin": 59, "ymin": 95, "ymax": 358, "xmax": 479}}], [{"tid": 1, "generated": 0, "bbox": {"xmin": 160, "ymin": 306, "ymax": 359, "xmax": 222}}, {"tid": 2, "generated": 0, "bbox": {"xmin": 178, "ymin": 2, "ymax": 111, "xmax": 261}}, {"tid": 3, "generated": 0, "bbox": {"xmin": 61, "ymin": 96, "ymax": 358, "xmax": 479}}], [{"tid": 1, "generated": 0, "bbox": {"xmin": 160, "ymin": 306, "ymax": 359, "xmax": 222}}, {"tid": 2, "generated": 0, "bbox": {"xmin": 180, "ymin": 2, "ymax": 111, "xmax": 263}}, {"tid": 3, "generated": 0, "bbox": {"xmin": 63, "ymin": 98, "ymax": 358, "xmax": 479}}], [{"tid": 1, "generated": 0, "bbox": {"xmin": 160, "ymin": 306, "ymax": 359, "xmax": 223}}, {"tid": 2, "generated": 0, "bbox": {"xmin": 182, "ymin": 3, "ymax": 112, "xmax": 266}}, {"tid": 3, "generated": 0, "bbox": {"xmin": 65, "ymin": 100, "ymax": 359, "xmax": 479}}], [{"tid": 1, "generated": 0, "bbox": {"xmin": 161, "ymin": 307, "ymax": 359, "xmax": 223}}, {"tid": 2, "generated": 0, "bbox": {"xmin": 182, "ymin": 3, "ymax": 112, "xmax": 266}}, {"tid": 3, "generated": 0, "bbox": {"xmin": 65, "ymin": 100, "ymax": 359, "xmax": 479}}], [{"tid": 1, "generated": 0, "bbox": {"xmin": 161, "ymin": 307, "ymax": 359, "xmax": 224}}, {"tid": 2, "generated": 0, "bbox": {"xmin": 183, "ymin": 4, "ymax": 113, "xmax": 267}}, {"tid": 3, "generated": 0, "bbox": {"xmin": 65, "ymin": 101, "ymax": 359, "xmax": 479}}], [{"tid": 1, "generated": 0, "bbox": {"xmin": 161, "ymin": 307, "ymax": 359, "xmax": 224}}, {"tid": 2, "generated": 0, "bbox": {"xmin": 184, "ymin": 4, "ymax": 113, "xmax": 268}}, {"tid": 3, "generated": 0, "bbox": {"xmin": 66, "ymin": 102, "ymax": 359, "xmax": 479}}], [{"tid": 1, "generated": 0, "bbox": {"xmin": 162, "ymin": 308, "ymax": 359, "xmax": 224}}, {"tid": 2, "generated": 0, "bbox": {"xmin": 185, "ymin": 5, "ymax": 114, "xmax": 269}}, {"tid": 3, "generated": 0, "bbox": {"xmin": 66, "ymin": 103, "ymax": 359, "xmax": 479}}], [{"tid": 1, "generated": 0, "bbox": {"xmin": 162, "ymin": 308, "ymax": 359, "xmax": 225}}, {"tid": 2, "generated": 0, "bbox": {"xmin": 186, "ymin": 5, "ymax": 114, "xmax": 270}}, {"tid": 3, "generated": 0, "bbox": {"xmin": 67, "ymin": 104, "ymax": 359, "xmax": 479}}], [{"tid": 1, "generated": 0, "bbox": {"xmin": 162, "ymin": 308, "ymax": 359, "xmax": 225}}, {"tid": 2, "generated": 0, "bbox": {"xmin": 186, "ymin": 6, "ymax": 115, "xmax": 271}}, {"tid": 3, "generated": 0, "bbox": {"xmin": 67, "ymin": 104, "ymax": 359, "xmax": 479}}], [], [], [], [], [], [], [], [], [], [], [], [], [], [], [], [], [], [], [], [], [], [], [], [], [], [], [], [], [], [], [{"tid": 2, "generated": 0, "bbox": {"xmin": 189, "ymin": 16, "ymax": 126, "xmax": 273}}, {"tid": 3, "generated": 0, "bbox": {"xmin": 66, "ymin": 121, "ymax": 358, "xmax": 478}}], [{"tid": 2, "generated": 0, "bbox": {"xmin": 189, "ymin": 16, "ymax": 126, "xmax": 273}}, {"tid": 3, "generated": 0, "bbox": {"xmin": 66, "ymin": 121, "ymax": 358, "xmax": 478}}], [{"tid": 2, "generated": 0, "bbox": {"xmin": 189, "ymin": 16, "ymax": 126, "xmax": 273}}, {"tid": 3, "generated": 0, "bbox": {"xmin": 66, "ymin": 120, "ymax": 358, "xmax": 478}}], [{"tid": 2, "generated": 0, "bbox": {"xmin": 190, "ymin": 16, "ymax": 126, "xmax": 274}}, {"tid": 3, "generated": 0, "bbox": {"xmin": 66, "ymin": 120, "ymax": 358, "xmax": 478}}], [{"tid": 2, "generated": 0, "bbox": {"xmin": 190, "ymin": 15, "ymax": 125, "xmax": 274}}, {"tid": 3, "generated": 0, "bbox": {"xmin": 66, "ymin": 119, "ymax": 358, "xmax": 478}}], [{"tid": 2, "generated": 0, "bbox": {"xmin": 190, "ymin": 15, "ymax": 125, "xmax": 274}}, {"tid": 3, "generated": 0, "bbox": {"xmin": 66, "ymin": 119, "ymax": 358, "xmax": 478}}], [{"tid": 2, "generated": 0, "bbox": {"xmin": 191, "ymin": 15, "ymax": 125, "xmax": 275}}, {"tid": 3, "generated": 0, "bbox": {"xmin": 66, "ymin": 119, "ymax": 358, "xmax": 478}}], [{"tid": 2, "generated": 0, "bbox": {"xmin": 191, "ymin": 15, "ymax": 125, "xmax": 275}}, {"tid": 3, "generated": 0, "bbox": {"xmin": 67, "ymin": 118, "ymax": 358, "xmax": 478}}], [{"tid": 2, "generated": 0, "bbox": {"xmin": 192, "ymin": 15, "ymax": 125, "xmax": 276}}, {"tid": 3, "generated": 0, "bbox": {"xmin": 67, "ymin": 118, "ymax": 358, "xmax": 478}}], [{"tid": 2, "generated": 0, "bbox": {"xmin": 192, "ymin": 14, "ymax": 124, "xmax": 276}}, {"tid": 3, "generated": 0, "bbox": {"xmin": 67, "ymin": 118, "ymax": 358, "xmax": 478}}], [{"tid": 2, "generated": 0, "bbox": {"xmin": 192, "ymin": 14, "ymax": 124, "xmax": 276}}, {"tid": 3, "generated": 0, "bbox": {"xmin": 68, "ymin": 117, "ymax": 358, "xmax": 478}}], [{"tid": 2, "generated": 0, "bbox": {"xmin": 193, "ymin": 14, "ymax": 124, "xmax": 277}}, {"tid": 3, "generated": 0, "bbox": {"xmin": 68, "ymin": 117, "ymax": 358, "xmax": 478}}], [{"tid": 2, "generated": 0, "bbox": {"xmin": 193, "ymin": 14, "ymax": 124, "xmax": 277}}, {"tid": 3, "generated": 0, "bbox": {"xmin": 68, "ymin": 117, "ymax": 358, "xmax": 478}}], [{"tid": 2, "generated": 0, "bbox": {"xmin": 194, "ymin": 14, "ymax": 124, "xmax": 278}}, {"tid": 3, "generated": 0, "bbox": {"xmin": 69, "ymin": 117, "ymax": 359, "xmax": 478}}], [{"tid": 2, "generated": 0, "bbox": {"xmin": 193, "ymin": 13, "ymax": 123, "xmax": 277}}, {"tid": 3, "generated": 0, "bbox": {"xmin": 68, "ymin": 116, "ymax": 359, "xmax": 478}}], [{"tid": 2, "generated": 0, "bbox": {"xmin": 193, "ymin": 13, "ymax": 123, "xmax": 277}}, {"tid": 3, "generated": 0, "bbox": {"xmin": 68, "ymin": 116, "ymax": 359, "xmax": 478}}], [{"tid": 2, "generated": 0, "bbox": {"xmin": 192, "ymin": 13, "ymax": 122, "xmax": 277}}, {"tid": 3, "generated": 0, "bbox": {"xmin": 67, "ymin": 116, "ymax": 359, "xmax": 478}}], [{"tid": 2, "generated": 0, "bbox": {"xmin": 192, "ymin": 12, "ymax": 122, "xmax": 276}}, {"tid": 3, "generated": 0, "bbox": {"xmin": 67, "ymin": 115, "ymax": 359, "xmax": 478}}], [{"tid": 2, "generated": 0, "bbox": {"xmin": 192, "ymin": 12, "ymax": 122, "xmax": 276}}, {"tid": 3, "generated": 0, "bbox": {"xmin": 66, "ymin": 115, "ymax": 359, "xmax": 478}}], [{"tid": 2, "generated": 0, "bbox": {"xmin": 191, "ymin": 12, "ymax": 121, "xmax": 276}}, {"tid": 3, "generated": 0, "bbox": {"xmin": 66, "ymin": 115, "ymax": 359, "xmax": 478}}], [{"tid": 2, "generated": 0, "bbox": {"xmin": 191, "ymin": 11, "ymax": 121, "xmax": 275}}, {"tid": 3, "generated": 0, "bbox": {"xmin": 65, "ymin": 114, "ymax": 359, "xmax": 478}}], [{"tid": 2, "generated": 0, "bbox": {"xmin": 190, "ymin": 11, "ymax": 120, "xmax": 275}}, {"tid": 3, "generated": 0, "bbox": {"xmin": 65, "ymin": 114, "ymax": 359, "xmax": 478}}], [{"tid": 2, "generated": 0, "bbox": {"xmin": 190, "ymin": 11, "ymax": 120, "xmax": 275}}, {"tid": 3, "generated": 0, "bbox": {"xmin": 64, "ymin": 114, "ymax": 359, "xmax": 478}}], [{"tid": 2, "generated": 0, "bbox": {"xmin": 190, "ymin": 11, "ymax": 120, "xmax": 275}}, {"tid": 3, "generated": 0, "bbox": {"xmin": 64, "ymin": 114, "ymax": 359, "xmax": 478}}], [{"tid": 2, "generated": 0, "bbox": {"xmin": 190, "ymin": 11, "ymax": 120, "xmax": 275}}, {"tid": 3, "generated": 0, "bbox": {"xmin": 63, "ymin": 114, "ymax": 358, "xmax": 478}}], [{"tid": 2, "generated": 0, "bbox": {"xmin": 190, "ymin": 11, "ymax": 120, "xmax": 275}}, {"tid": 3, "generated": 0, "bbox": {"xmin": 63, "ymin": 114, "ymax": 358, "xmax": 478}}], [{"tid": 2, "generated": 0, "bbox": {"xmin": 190, "ymin": 11, "ymax": 120, "xmax": 275}}, {"tid": 3, "generated": 0, "bbox": {"xmin": 63, "ymin": 114, "ymax": 358, "xmax": 478}}], [{"tid": 2, "generated": 0, "bbox": {"xmin": 190, "ymin": 11, "ymax": 120, "xmax": 275}}, {"tid": 3, "generated": 0, "bbox": {"xmin": 63, "ymin": 114, "ymax": 358, "xmax": 478}}], [{"tid": 2, "generated": 0, "bbox": {"xmin": 191, "ymin": 11, "ymax": 120, "xmax": 275}}, {"tid": 3, "generated": 0, "bbox": {"xmin": 63, "ymin": 115, "ymax": 358, "xmax": 478}}], [{"tid": 2, "generated": 0, "bbox": {"xmin": 191, "ymin": 11, "ymax": 120, "xmax": 275}}, {"tid": 3, "generated": 0, "bbox": {"xmin": 62, "ymin": 115, "ymax": 358, "xmax": 478}}]], "subject/objects": [{"category": "domestic_cat", "tid": 0}, {"category": "domestic_cat", "tid": 1}, {"category": "squirrel", "tid": 2}, {"category": "dog", "tid": 3}], "relation_instances": [{"end_fid": 30, "subject_tid": 0, "predicate": "stand_behind", "begin_fid": 0, "object_tid": 1}, {"end_fid": 30, "subject_tid": 1, "predicate": "stand_front", "begin_fid": 0, "object_tid": 0}, {"end_fid": 30, "subject_tid": 0, "predicate": "stand_right", "begin_fid": 0, "object_tid": 2}, {"end_fid": 30, "subject_tid": 0, "predicate": "stand_behind", "begin_fid": 0, "object_tid": 2}, {"end_fid": 30, "subject_tid": 2, "predicate": "sit_front", "begin_fid": 0, "object_tid": 0}, {"end_fid": 30, "subject_tid": 2, "predicate": "sit_left", "begin_fid": 0, "object_tid": 0}, {"end_fid": 30, "subject_tid": 0, "predicate": "stand_behind", "begin_fid": 0, "object_tid": 3}, {"end_fid": 30, "subject_tid": 3, "predicate": "stand_front", "begin_fid": 0, "object_tid": 0}, {"end_fid": 30, "subject_tid": 1, "predicate": "stand_front", "begin_fid": 0, "object_tid": 2}, {"end_fid": 30, "subject_tid": 2, "predicate": "sit_behind", "begin_fid": 0, "object_tid": 1}, {"end_fid": 30, "subject_tid": 1, "predicate": "stand_beneath", "begin_fid": 0, "object_tid": 3}, {"end_fid": 30, "subject_tid": 3, "predicate": "stand_above", "begin_fid": 0, "object_tid": 1}, {"end_fid": 30, "subject_tid": 2, "predicate": "sit_behind", "begin_fid": 0, "object_tid": 3}, {"end_fid": 30, "subject_tid": 3, "predicate": "stand_front", "begin_fid": 0, "object_tid": 2}, {"end_fid": 960, "subject_tid": 1, "predicate": "stand_front", "begin_fid": 930, "object_tid": 2}, {"end_fid": 960, "subject_tid": 2, "predicate": "sit_behind", "begin_fid": 930, "object_tid": 1}, {"end_fid": 960, "subject_tid": 1, "predicate": "stand_beneath", "begin_fid": 930, "object_tid": 3}, {"end_fid": 960, "subject_tid": 3, "predicate": "stand_above", "begin_fid": 930, "object_tid": 1}, {"end_fid": 960, "subject_tid": 2, "predicate": "sit_behind", "begin_fid": 930, "object_tid": 3}, {"end_fid": 960, "subject_tid": 3, "predicate": "stand_front", "begin_fid": 930, "object_tid": 2}, {"end_fid": 1020, "subject_tid": 2, "predicate": "sit_behind", "begin_fid": 990, "object_tid": 3}, {"end_fid": 1020, "subject_tid": 3, "predicate": "stand_front", "begin_fid": 990, "object_tid": 2}], "height": 360}