{"width": 1280, "frame_count": 108, "video_id": "ILSVRC2015_train_00073026", "fps": 24, "trajectories": [[{"tid": 0, "generated": 0, "bbox": {"xmin": 117, "ymin": 334, "ymax": 394, "xmax": 213}}, {"tid": 1, "generated": 0, "bbox": {"xmin": 286, "ymin": 211, "ymax": 428, "xmax": 686}}], [{"tid": 0, "generated": 0, "bbox": {"xmin": 117, "ymin": 334, "ymax": 394, "xmax": 213}}, {"tid": 1, "generated": 0, "bbox": {"xmin": 286, "ymin": 211, "ymax": 428, "xmax": 686}}], [{"tid": 0, "generated": 0, "bbox": {"xmin": 117, "ymin": 334, "ymax": 394, "xmax": 213}}, {"tid": 1, "generated": 0, "bbox": {"xmin": 286, "ymin": 211, "ymax": 428, "xmax": 686}}], [{"tid": 0, "generated": 0, "bbox": {"xmin": 117, "ymin": 334, "ymax": 394, "xmax": 213}}, {"tid": 1, "generated": 0, "bbox": {"xmin": 286, "ymin": 211, "ymax": 428, "xmax": 686}}], [{"tid": 0, "generated": 0, "bbox": {"xmin": 117, "ymin": 334, "ymax": 394, "xmax": 213}}, {"tid": 1, "generated": 0, "bbox": {"xmin": 286, "ymin": 211, "ymax": 428, "xmax": 686}}], [{"tid": 0, "generated": 0, "bbox": {"xmin": 117, "ymin": 334, "ymax": 394, "xmax": 213}}, {"tid": 1, "generated": 0, "bbox": {"xmin": 286, "ymin": 211, "ymax": 428, "xmax": 686}}], [{"tid": 0, "generated": 0, "bbox": {"xmin": 118, "ymin": 334, "ymax": 393, "xmax": 214}}, {"tid": 1, "generated": 0, "bbox": {"xmin": 288, "ymin": 211, "ymax": 428, "xmax": 689}}], [{"tid": 0, "generated": 0, "bbox": {"xmin": 120, "ymin": 334, "ymax": 393, "xmax": 216}}, {"tid": 1, "generated": 0, "bbox": {"xmin": 290, "ymin": 211, "ymax": 428, "xmax": 693}}], [{"tid": 0, "generated": 0, "bbox": {"xmin": 121, "ymin": 334, "ymax": 393, "xmax": 217}}, {"tid": 1, "generated": 0, "bbox": {"xmin": 292, "ymin": 212, "ymax": 428, "xmax": 696}}], [{"tid": 0, "generated": 0, "bbox": {"xmin": 123, "ymin": 334, "ymax": 392, "xmax": 219}}, {"tid": 1, "generated": 0, "bbox": {"xmin": 294, "ymin": 212, "ymax": 428, "xmax": 700}}], [{"tid": 0, "generated": 0, "bbox": {"xmin": 125, "ymin": 334, "ymax": 392, "xmax": 221}}, {"tid": 1, "generated": 0, "bbox": {"xmin": 296, "ymin": 213, "ymax": 429, "xmax": 703}}], [{"tid": 0, "generated": 0, "bbox": {"xmin": 126, "ymin": 334, "ymax": 392, "xmax": 222}}, {"tid": 1, "generated": 0, "bbox": {"xmin": 298, "ymin": 213, "ymax": 429, "xmax": 707}}], [{"tid": 0, "generated": 0, "bbox": {"xmin": 128, "ymin": 334, "ymax": 391, "xmax": 224}}, {"tid": 1, "generated": 0, "bbox": {"xmin": 300, "ymin": 213, "ymax": 429, "xmax": 710}}], [{"tid": 0, "generated": 0, "bbox": {"xmin": 129, "ymin": 334, "ymax": 391, "xmax": 225}}, {"tid": 1, "generated": 0, "bbox": {"xmin": 302, "ymin": 214, "ymax": 429, "xmax": 714}}], [{"tid": 0, "generated": 0, "bbox": {"xmin": 131, "ymin": 334, "ymax": 391, "xmax": 227}}, {"tid": 1, "generated": 0, "bbox": {"xmin": 304, "ymin": 214, "ymax": 429, "xmax": 717}}], [{"tid": 0, "generated": 0, "bbox": {"xmin": 133, "ymin": 334, "ymax": 391, "xmax": 229}}, {"tid": 1, "generated": 0, "bbox": {"xmin": 307, "ymin": 215, "ymax": 430, "xmax": 721}}], [{"tid": 0, "generated": 0, "bbox": {"xmin": 133, "ymin": 334, "ymax": 391, "xmax": 229}}, {"tid": 1, "generated": 0, "bbox": {"xmin": 308, "ymin": 213, "ymax": 430, "xmax": 725}}], [{"tid": 0, "generated": 0, "bbox": {"xmin": 133, "ymin": 335, "ymax": 392, "xmax": 229}}, {"tid": 1, "generated": 0, "bbox": {"xmin": 309, "ymin": 212, "ymax": 431, "xmax": 730}}], [{"tid": 0, "generated": 0, "bbox": {"xmin": 133, "ymin": 336, "ymax": 392, "xmax": 229}}, {"tid": 1, "generated": 0, "bbox": {"xmin": 311, "ymin": 210, "ymax": 431, "xmax": 734}}], [{"tid": 0, "generated": 0, "bbox": {"xmin": 133, "ymin": 336, "ymax": 393, "xmax": 229}}, {"tid": 1, "generated": 0, "bbox": {"xmin": 312, "ymin": 209, "ymax": 432, "xmax": 739}}], [{"tid": 0, "generated": 0, "bbox": {"xmin": 133, "ymin": 337, "ymax": 393, "xmax": 229}}, {"tid": 1, "generated": 0, "bbox": {"xmin": 314, "ymin": 207, "ymax": 432, "xmax": 743}}], [{"tid": 0, "generated": 0, "bbox": {"xmin": 133, "ymin": 338, "ymax": 394, "xmax": 229}}, {"tid": 1, "generated": 0, "bbox": {"xmin": 315, "ymin": 206, "ymax": 433, "xmax": 748}}], [{"tid": 0, "generated": 0, "bbox": {"xmin": 133, "ymin": 338, "ymax": 394, "xmax": 229}}, {"tid": 1, "generated": 0, "bbox": {"xmin": 316, "ymin": 204, "ymax": 433, "xmax": 752}}], [{"tid": 0, "generated": 0, "bbox": {"xmin": 133, "ymin": 339, "ymax": 395, "xmax": 229}}, {"tid": 1, "generated": 0, "bbox": {"xmin": 318, "ymin": 203, "ymax": 434, "xmax": 757}}], [{"tid": 0, "generated": 0, "bbox": {"xmin": 133, "ymin": 340, "ymax": 395, "xmax": 229}}, {"tid": 1, "generated": 0, "bbox": {"xmin": 319, "ymin": 201, "ymax": 434, "xmax": 761}}], [{"tid": 0, "generated": 0, "bbox": {"xmin": 133, "ymin": 341, "ymax": 396, "xmax": 229}}, {"tid": 1, "generated": 0, "bbox": {"xmin": 321, "ymin": 200, "ymax": 435, "xmax": 766}}], [{"tid": 0, "generated": 0, "bbox": {"xmin": 130, "ymin": 341, "ymax": 396, "xmax": 226}}, {"tid": 1, "generated": 0, "bbox": {"xmin": 320, "ymin": 199, "ymax": 435, "xmax": 770}}], [{"tid": 0, "generated": 0, "bbox": {"xmin": 128, "ymin": 341, "ymax": 397, "xmax": 224}}, {"tid": 1, "generated": 0, "bbox": {"xmin": 320, "ymin": 198, "ymax": 435, "xmax": 775}}], [{"tid": 0, "generated": 0, "bbox": {"xmin": 126, "ymin": 341, "ymax": 398, "xmax": 222}}, {"tid": 1, "generated": 0, "bbox": {"xmin": 319, "ymin": 197, "ymax": 435, "xmax": 780}}], [{"tid": 0, "generated": 0, "bbox": {"xmin": 124, "ymin": 341, "ymax": 398, "xmax": 220}}, {"tid": 1, "generated": 0, "bbox": {"xmin": 319, "ymin": 196, "ymax": 435, "xmax": 785}}]], "subject/objects": [{"category": "car", "tid": 0}, {"category": "car", "tid": 1}], "relation_instances": [{"end_fid": 30, "subject_tid": 0, "predicate": "move_behind", "begin_fid": 0, "object_tid": 1}, {"end_fid": 30, "subject_tid": 0, "predicate": "move_left", "begin_fid": 0, "object_tid": 1}, {"end_fid": 30, "subject_tid": 1, "predicate": "move_right", "begin_fid": 0, "object_tid": 0}, {"end_fid": 30, "subject_tid": 1, "predicate": "move_front", "begin_fid": 0, "object_tid": 0}, {"end_fid": 30, "subject_tid": 1, "predicate": "follow", "begin_fid": 0, "object_tid": 0}], "height": 720}