{"width": 1280, "frame_count": 125, "video_id": "ILSVRC2015_train_00272011", "fps": 25, "trajectories": [[{"tid": 0, "generated": 0, "bbox": {"xmin": 579, "ymin": 417, "ymax": 716, "xmax": 737}}, {"tid": 1, "generated": 0, "bbox": {"xmin": 769, "ymin": 328, "ymax": 584, "xmax": 974}}, {"tid": 3, "generated": 0, "bbox": {"xmin": 534, "ymin": 115, "ymax": 641, "xmax": 822}}, {"tid": 4, "generated": 0, "bbox": {"xmin": 840, "ymin": 157, "ymax": 563, "xmax": 1115}}], [{"tid": 0, "generated": 0, "bbox": {"xmin": 579, "ymin": 415, "ymax": 716, "xmax": 737}}, {"tid": 1, "generated": 0, "bbox": {"xmin": 763, "ymin": 328, "ymax": 584, "xmax": 968}}, {"tid": 3, "generated": 0, "bbox": {"xmin": 534, "ymin": 115, "ymax": 641, "xmax": 822}}, {"tid": 4, "generated": 0, "bbox": {"xmin": 835, "ymin": 156, "ymax": 562, "xmax": 1110}}], [{"tid": 0, "generated": 0, "bbox": {"xmin": 579, "ymin": 413, "ymax": 716, "xmax": 737}}, {"tid": 1, "generated": 0, "bbox": {"xmin": 758, "ymin": 329, "ymax": 585, "xmax": 963}}, {"tid": 3, "generated": 0, "bbox": {"xmin": 534, "ymin": 115, "ymax": 641, "xmax": 822}}, {"tid": 4, "generated": 0, "bbox": {"xmin": 829, "ymin": 155, "ymax": 561, "xmax": 1104}}], [{"tid": 0, "generated": 0, "bbox": {"xmin": 579, "ymin": 411, "ymax": 716, "xmax": 737}}, {"tid": 1, "generated": 0, "bbox": {"xmin": 753, "ymin": 330, "ymax": 586, "xmax": 958}}, {"tid": 3, "generated": 0, "bbox": {"xmin": 534, "ymin": 115, "ymax": 641, "xmax": 822}}, {"tid": 4, "generated": 0, "bbox": {"xmin": 824, "ymin": 155, "ymax": 561, "xmax": 1099}}], [{"tid": 0, "generated": 0, "bbox": {"xmin": 579, "ymin": 409, "ymax": 716, "xmax": 737}}, {"tid": 1, "generated": 0, "bbox": {"xmin": 747, "ymin": 330, "ymax": 586, "xmax": 952}}, {"tid": 3, "generated": 0, "bbox": {"xmin": 534, "ymin": 115, "ymax": 641, "xmax": 822}}, {"tid": 4, "generated": 0, "bbox": {"xmin": 818, "ymin": 154, "ymax": 560, "xmax": 1093}}], [{"tid": 0, "generated": 0, "bbox": {"xmin": 579, "ymin": 408, "ymax": 716, "xmax": 737}}, {"tid": 1, "generated": 0, "bbox": {"xmin": 741, "ymin": 330, "ymax": 586, "xmax": 946}}, {"tid": 3, "generated": 0, "bbox": {"xmin": 534, "ymin": 115, "ymax": 641, "xmax": 822}}, {"tid": 4, "generated": 0, "bbox": {"xmin": 813, "ymin": 153, "ymax": 559, "xmax": 1088}}], [{"tid": 0, "generated": 0, "bbox": {"xmin": 579, "ymin": 406, "ymax": 716, "xmax": 737}}, {"tid": 1, "generated": 0, "bbox": {"xmin": 736, "ymin": 330, "ymax": 586, "xmax": 940}}, {"tid": 3, "generated": 0, "bbox": {"xmin": 533, "ymin": 112, "ymax": 641, "xmax": 822}}, {"tid": 4, "generated": 0, "bbox": {"xmin": 807, "ymin": 149, "ymax": 555, "xmax": 1082}}], [{"tid": 0, "generated": 0, "bbox": {"xmin": 579, "ymin": 404, "ymax": 716, "xmax": 737}}, {"tid": 1, "generated": 0, "bbox": {"xmin": 734, "ymin": 326, "ymax": 582, "xmax": 933}}, {"tid": 3, "generated": 0, "bbox": {"xmin": 531, "ymin": 109, "ymax": 641, "xmax": 822}}, {"tid": 4, "generated": 0, "bbox": {"xmin": 801, "ymin": 146, "ymax": 552, "xmax": 1076}}], [{"tid": 0, "generated": 0, "bbox": {"xmin": 579, "ymin": 402, "ymax": 716, "xmax": 737}}, {"tid": 1, "generated": 0, "bbox": {"xmin": 732, "ymin": 322, "ymax": 578, "xmax": 926}}, {"tid": 3, "generated": 0, "bbox": {"xmin": 530, "ymin": 106, "ymax": 641, "xmax": 822}}, {"tid": 4, "generated": 0, "bbox": {"xmin": 794, "ymin": 142, "ymax": 548, "xmax": 1069}}], [{"tid": 0, "generated": 0, "bbox": {"xmin": 579, "ymin": 401, "ymax": 716, "xmax": 737}}, {"tid": 1, "generated": 0, "bbox": {"xmin": 730, "ymin": 318, "ymax": 574, "xmax": 919}}, {"tid": 3, "generated": 0, "bbox": {"xmin": 528, "ymin": 103, "ymax": 641, "xmax": 822}}, {"tid": 4, "generated": 0, "bbox": {"xmin": 788, "ymin": 139, "ymax": 545, "xmax": 1063}}], [{"tid": 0, "generated": 0, "bbox": {"xmin": 579, "ymin": 401, "ymax": 716, "xmax": 737}}, {"tid": 1, "generated": 0, "bbox": {"xmin": 730, "ymin": 319, "ymax": 576, "xmax": 911}}, {"tid": 3, "generated": 0, "bbox": {"xmin": 527, "ymin": 100, "ymax": 641, "xmax": 822}}, {"tid": 4, "generated": 0, "bbox": {"xmin": 782, "ymin": 135, "ymax": 541, "xmax": 1057}}], [{"tid": 0, "generated": 0, "bbox": {"xmin": 579, "ymin": 401, "ymax": 716, "xmax": 737}}, {"tid": 1, "generated": 0, "bbox": {"xmin": 731, "ymin": 321, "ymax": 578, "xmax": 904}}, {"tid": 3, "generated": 0, "bbox": {"xmin": 525, "ymin": 96, "ymax": 637, "xmax": 820}}, {"tid": 4, "generated": 0, "bbox": {"xmin": 778, "ymin": 135, "ymax": 541, "xmax": 1053}}], [{"tid": 0, "generated": 0, "bbox": {"xmin": 579, "ymin": 402, "ymax": 716, "xmax": 737}}, {"tid": 1, "generated": 0, "bbox": {"xmin": 732, "ymin": 323, "ymax": 581, "xmax": 897}}, {"tid": 3, "generated": 0, "bbox": {"xmin": 523, "ymin": 92, "ymax": 633, "xmax": 818}}, {"tid": 4, "generated": 0, "bbox": {"xmin": 774, "ymin": 135, "ymax": 541, "xmax": 1049}}], [{"tid": 0, "generated": 0, "bbox": {"xmin": 579, "ymin": 402, "ymax": 716, "xmax": 737}}, {"tid": 1, "generated": 0, "bbox": {"xmin": 738, "ymin": 326, "ymax": 571, "xmax": 890}}, {"tid": 3, "generated": 0, "bbox": {"xmin": 521, "ymin": 87, "ymax": 628, "xmax": 816}}, {"tid": 4, "generated": 0, "bbox": {"xmin": 769, "ymin": 135, "ymax": 541, "xmax": 1044}}], [{"tid": 0, "generated": 0, "bbox": {"xmin": 579, "ymin": 402, "ymax": 716, "xmax": 737}}, {"tid": 1, "generated": 0, "bbox": {"xmin": 744, "ymin": 330, "ymax": 561, "xmax": 884}}, {"tid": 3, "generated": 0, "bbox": {"xmin": 519, "ymin": 83, "ymax": 624, "xmax": 814}}, {"tid": 4, "generated": 0, "bbox": {"xmin": 765, "ymin": 135, "ymax": 541, "xmax": 1040}}], [{"tid": 0, "generated": 0, "bbox": {"xmin": 579, "ymin": 403, "ymax": 716, "xmax": 737}}, {"tid": 1, "generated": 0, "bbox": {"xmin": 750, "ymin": 334, "ymax": 551, "xmax": 878}}, {"tid": 3, "generated": 0, "bbox": {"xmin": 517, "ymin": 79, "ymax": 620, "xmax": 812}}, {"tid": 4, "generated": 0, "bbox": {"xmin": 761, "ymin": 135, "ymax": 541, "xmax": 1036}}], [{"tid": 0, "generated": 0, "bbox": {"xmin": 579, "ymin": 403, "ymax": 716, "xmax": 737}}, {"tid": 1, "generated": 0, "bbox": {"xmin": 748, "ymin": 338, "ymax": 551, "xmax": 872}}, {"tid": 3, "generated": 0, "bbox": {"xmin": 517, "ymin": 73, "ymax": 620, "xmax": 812}}, {"tid": 4, "generated": 0, "bbox": {"xmin": 755, "ymin": 132, "ymax": 538, "xmax": 1030}}], [{"tid": 0, "generated": 0, "bbox": {"xmin": 579, "ymin": 404, "ymax": 716, "xmax": 737}}, {"tid": 1, "generated": 0, "bbox": {"xmin": 747, "ymin": 343, "ymax": 552, "xmax": 866}}, {"tid": 3, "generated": 0, "bbox": {"xmin": 516, "ymin": 67, "ymax": 620, "xmax": 812}}, {"tid": 4, "generated": 0, "bbox": {"xmin": 750, "ymin": 129, "ymax": 535, "xmax": 1025}}], [{"tid": 0, "generated": 0, "bbox": {"xmin": 579, "ymin": 404, "ymax": 716, "xmax": 737}}, {"tid": 1, "generated": 0, "bbox": {"xmin": 745, "ymin": 347, "ymax": 553, "xmax": 860}}, {"tid": 3, "generated": 0, "bbox": {"xmin": 516, "ymin": 61, "ymax": 620, "xmax": 812}}, {"tid": 4, "generated": 0, "bbox": {"xmin": 744, "ymin": 127, "ymax": 533, "xmax": 1019}}], [{"tid": 0, "generated": 0, "bbox": {"xmin": 579, "ymin": 404, "ymax": 716, "xmax": 737}}, {"tid": 1, "generated": 0, "bbox": {"xmin": 744, "ymin": 352, "ymax": 554, "xmax": 855}}, {"tid": 3, "generated": 0, "bbox": {"xmin": 515, "ymin": 55, "ymax": 620, "xmax": 812}}, {"tid": 4, "generated": 0, "bbox": {"xmin": 739, "ymin": 124, "ymax": 530, "xmax": 1014}}], [{"tid": 0, "generated": 0, "bbox": {"xmin": 579, "ymin": 405, "ymax": 716, "xmax": 737}}, {"tid": 1, "generated": 0, "bbox": {"xmin": 746, "ymin": 353, "ymax": 539, "xmax": 853}}, {"tid": 3, "generated": 0, "bbox": {"xmin": 515, "ymin": 49, "ymax": 620, "xmax": 812}}, {"tid": 4, "generated": 0, "bbox": {"xmin": 733, "ymin": 121, "ymax": 527, "xmax": 1008}}], [{"tid": 0, "generated": 0, "bbox": {"xmin": 579, "ymin": 405, "ymax": 716, "xmax": 737}}, {"tid": 1, "generated": 0, "bbox": {"xmin": 748, "ymin": 355, "ymax": 525, "xmax": 851}}, {"tid": 3, "generated": 0, "bbox": {"xmin": 515, "ymin": 49, "ymax": 620, "xmax": 812}}, {"tid": 4, "generated": 0, "bbox": {"xmin": 733, "ymin": 121, "ymax": 513, "xmax": 996}}], [{"tid": 0, "generated": 0, "bbox": {"xmin": 579, "ymin": 405, "ymax": 716, "xmax": 737}}, {"tid": 1, "generated": 0, "bbox": {"xmin": 750, "ymin": 356, "ymax": 511, "xmax": 849}}, {"tid": 3, "generated": 0, "bbox": {"xmin": 515, "ymin": 49, "ymax": 620, "xmax": 812}}, {"tid": 4, "generated": 0, "bbox": {"xmin": 733, "ymin": 121, "ymax": 498, "xmax": 984}}], [{"tid": 0, "generated": 0, "bbox": {"xmin": 579, "ymin": 406, "ymax": 716, "xmax": 737}}, {"tid": 1, "generated": 0, "bbox": {"xmin": 752, "ymin": 358, "ymax": 497, "xmax": 847}}, {"tid": 3, "generated": 0, "bbox": {"xmin": 515, "ymin": 49, "ymax": 620, "xmax": 812}}, {"tid": 4, "generated": 0, "bbox": {"xmin": 733, "ymin": 121, "ymax": 484, "xmax": 972}}], [{"tid": 0, "generated": 0, "bbox": {"xmin": 579, "ymin": 406, "ymax": 716, "xmax": 737}}, {"tid": 1, "generated": 0, "bbox": {"xmin": 755, "ymin": 360, "ymax": 483, "xmax": 846}}, {"tid": 3, "generated": 0, "bbox": {"xmin": 515, "ymin": 49, "ymax": 620, "xmax": 812}}, {"tid": 4, "generated": 0, "bbox": {"xmin": 733, "ymin": 121, "ymax": 469, "xmax": 960}}], [{"tid": 0, "generated": 0, "bbox": {"xmin": 579, "ymin": 407, "ymax": 716, "xmax": 737}}, {"tid": 1, "generated": 0, "bbox": {"xmin": 755, "ymin": 360, "ymax": 476, "xmax": 840}}, {"tid": 3, "generated": 0, "bbox": {"xmin": 515, "ymin": 49, "ymax": 620, "xmax": 812}}, {"tid": 4, "generated": 0, "bbox": {"xmin": 733, "ymin": 121, "ymax": 455, "xmax": 948}}], [{"tid": 0, "generated": 0, "bbox": {"xmin": 579, "ymin": 407, "ymax": 716, "xmax": 737}}, {"tid": 1, "generated": 0, "bbox": {"xmin": 755, "ymin": 360, "ymax": 469, "xmax": 835}}, {"tid": 3, "generated": 0, "bbox": {"xmin": 515, "ymin": 49, "ymax": 620, "xmax": 812}}, {"tid": 4, "generated": 0, "bbox": {"xmin": 733, "ymin": 121, "ymax": 451, "xmax": 943}}], [{"tid": 0, "generated": 0, "bbox": {"xmin": 579, "ymin": 407, "ymax": 716, "xmax": 737}}, {"tid": 1, "generated": 0, "bbox": {"xmin": 755, "ymin": 360, "ymax": 462, "xmax": 830}}, {"tid": 3, "generated": 0, "bbox": {"xmin": 515, "ymin": 49, "ymax": 620, "xmax": 812}}, {"tid": 4, "generated": 0, "bbox": {"xmin": 733, "ymin": 121, "ymax": 448, "xmax": 938}}], [{"tid": 0, "generated": 0, "bbox": {"xmin": 579, "ymin": 408, "ymax": 716, "xmax": 737}}, {"tid": 1, "generated": 0, "bbox": {"xmin": 755, "ymin": 360, "ymax": 457, "xmax": 826}}, {"tid": 3, "generated": 0, "bbox": {"xmin": 515, "ymin": 49, "ymax": 620, "xmax": 812}}, {"tid": 4, "generated": 0, "bbox": {"xmin": 733, "ymin": 121, "ymax": 444, "xmax": 933}}], [{"tid": 0, "generated": 0, "bbox": {"xmin": 579, "ymin": 408, "ymax": 716, "xmax": 737}}, {"tid": 1, "generated": 0, "bbox": {"xmin": 755, "ymin": 360, "ymax": 452, "xmax": 823}}, {"tid": 3, "generated": 0, "bbox": {"xmin": 515, "ymin": 49, "ymax": 620, "xmax": 812}}, {"tid": 4, "generated": 0, "bbox": {"xmin": 733, "ymin": 121, "ymax": 441, "xmax": 928}}], [], [], [], [], [], [], [], [], [], [], [], [], [], [], [], [], [], [], [], [], [], [], [], [], [], [], [], [], [], [], [{"tid": 0, "generated": 0, "bbox": {"xmin": 580, "ymin": 467, "ymax": 716, "xmax": 744}}, {"tid": 1, "generated": 0, "bbox": {"xmin": 758, "ymin": 430, "ymax": 493, "xmax": 801}}, {"tid": 2, "generated": 0, "bbox": {"xmin": 1030, "ymin": 121, "ymax": 408, "xmax": 1249}}, {"tid": 3, "generated": 0, "bbox": {"xmin": 516, "ymin": 36, "ymax": 628, "xmax": 882}}, {"tid": 4, "generated": 0, "bbox": {"xmin": 750, "ymin": 143, "ymax": 413, "xmax": 842}}, {"tid": 5, "generated": 0, "bbox": {"xmin": 1084, "ymin": 5, "ymax": 305, "xmax": 1277}}], [{"tid": 0, "generated": 0, "bbox": {"xmin": 581, "ymin": 469, "ymax": 717, "xmax": 746}}, {"tid": 1, "generated": 0, "bbox": {"xmin": 759, "ymin": 432, "ymax": 495, "xmax": 802}}, {"tid": 2, "generated": 0, "bbox": {"xmin": 1028, "ymin": 123, "ymax": 410, "xmax": 1244}}, {"tid": 3, "generated": 0, "bbox": {"xmin": 516, "ymin": 36, "ymax": 628, "xmax": 885}}, {"tid": 4, "generated": 0, "bbox": {"xmin": 750, "ymin": 143, "ymax": 413, "xmax": 842}}, {"tid": 5, "generated": 0, "bbox": {"xmin": 1080, "ymin": 5, "ymax": 312, "xmax": 1277}}], [{"tid": 0, "generated": 0, "bbox": {"xmin": 581, "ymin": 471, "ymax": 717, "xmax": 748}}, {"tid": 1, "generated": 0, "bbox": {"xmin": 760, "ymin": 434, "ymax": 497, "xmax": 802}}, {"tid": 2, "generated": 0, "bbox": {"xmin": 1026, "ymin": 124, "ymax": 411, "xmax": 1239}}, {"tid": 3, "generated": 0, "bbox": {"xmin": 516, "ymin": 36, "ymax": 628, "xmax": 889}}, {"tid": 4, "generated": 0, "bbox": {"xmin": 750, "ymin": 143, "ymax": 413, "xmax": 842}}, {"tid": 5, "generated": 0, "bbox": {"xmin": 1074, "ymin": 5, "ymax": 321, "xmax": 1277}}], [{"tid": 0, "generated": 0, "bbox": {"xmin": 582, "ymin": 473, "ymax": 717, "xmax": 750}}, {"tid": 1, "generated": 0, "bbox": {"xmin": 761, "ymin": 437, "ymax": 500, "xmax": 803}}, {"tid": 2, "generated": 0, "bbox": {"xmin": 1024, "ymin": 126, "ymax": 413, "xmax": 1234}}, {"tid": 3, "generated": 0, "bbox": {"xmin": 516, "ymin": 36, "ymax": 628, "xmax": 892}}, {"tid": 4, "generated": 0, "bbox": {"xmin": 750, "ymin": 143, "ymax": 413, "xmax": 842}}, {"tid": 5, "generated": 0, "bbox": {"xmin": 1068, "ymin": 5, "ymax": 330, "xmax": 1277}}], [{"tid": 0, "generated": 0, "bbox": {"xmin": 583, "ymin": 475, "ymax": 717, "xmax": 752}}, {"tid": 1, "generated": 0, "bbox": {"xmin": 761, "ymin": 439, "ymax": 502, "xmax": 804}}, {"tid": 2, "generated": 0, "bbox": {"xmin": 1022, "ymin": 128, "ymax": 415, "xmax": 1229}}, {"tid": 3, "generated": 0, "bbox": {"xmin": 516, "ymin": 36, "ymax": 628, "xmax": 896}}, {"tid": 4, "generated": 0, "bbox": {"xmin": 750, "ymin": 143, "ymax": 413, "xmax": 842}}, {"tid": 5, "generated": 0, "bbox": {"xmin": 1061, "ymin": 5, "ymax": 340, "xmax": 1277}}], [{"tid": 0, "generated": 0, "bbox": {"xmin": 584, "ymin": 477, "ymax": 717, "xmax": 754}}, {"tid": 1, "generated": 0, "bbox": {"xmin": 762, "ymin": 441, "ymax": 505, "xmax": 805}}, {"tid": 2, "generated": 0, "bbox": {"xmin": 1020, "ymin": 129, "ymax": 416, "xmax": 1223}}, {"tid": 3, "generated": 0, "bbox": {"xmin": 516, "ymin": 36, "ymax": 628, "xmax": 899}}, {"tid": 4, "generated": 0, "bbox": {"xmin": 750, "ymin": 143, "ymax": 413, "xmax": 842}}, {"tid": 5, "generated": 0, "bbox": {"xmin": 1055, "ymin": 5, "ymax": 349, "xmax": 1277}}], [{"tid": 0, "generated": 0, "bbox": {"xmin": 585, "ymin": 479, "ymax": 717, "xmax": 756}}, {"tid": 1, "generated": 0, "bbox": {"xmin": 763, "ymin": 444, "ymax": 507, "xmax": 805}}, {"tid": 2, "generated": 0, "bbox": {"xmin": 1018, "ymin": 131, "ymax": 418, "xmax": 1218}}, {"tid": 3, "generated": 0, "bbox": {"xmin": 523, "ymin": 36, "ymax": 628, "xmax": 906}}, {"tid": 4, "generated": 0, "bbox": {"xmin": 754, "ymin": 149, "ymax": 419, "xmax": 846}}, {"tid": 5, "generated": 0, "bbox": {"xmin": 1049, "ymin": 5, "ymax": 358, "xmax": 1277}}], [{"tid": 0, "generated": 0, "bbox": {"xmin": 586, "ymin": 481, "ymax": 717, "xmax": 758}}, {"tid": 1, "generated": 0, "bbox": {"xmin": 764, "ymin": 446, "ymax": 510, "xmax": 806}}, {"tid": 2, "generated": 0, "bbox": {"xmin": 1016, "ymin": 132, "ymax": 419, "xmax": 1213}}, {"tid": 3, "generated": 0, "bbox": {"xmin": 530, "ymin": 36, "ymax": 628, "xmax": 913}}, {"tid": 4, "generated": 0, "bbox": {"xmin": 758, "ymin": 155, "ymax": 425, "xmax": 850}}, {"tid": 5, "generated": 0, "bbox": {"xmin": 1045, "ymin": 5, "ymax": 366, "xmax": 1277}}], [{"tid": 0, "generated": 0, "bbox": {"xmin": 587, "ymin": 483, "ymax": 717, "xmax": 760}}, {"tid": 1, "generated": 0, "bbox": {"xmin": 765, "ymin": 448, "ymax": 512, "xmax": 807}}, {"tid": 2, "generated": 0, "bbox": {"xmin": 1014, "ymin": 134, "ymax": 421, "xmax": 1208}}, {"tid": 3, "generated": 0, "bbox": {"xmin": 537, "ymin": 36, "ymax": 628, "xmax": 920}}, {"tid": 4, "generated": 0, "bbox": {"xmin": 763, "ymin": 162, "ymax": 432, "xmax": 855}}, {"tid": 5, "generated": 0, "bbox": {"xmin": 1041, "ymin": 5, "ymax": 374, "xmax": 1277}}], [{"tid": 0, "generated": 0, "bbox": {"xmin": 588, "ymin": 485, "ymax": 718, "xmax": 762}}, {"tid": 1, "generated": 0, "bbox": {"xmin": 766, "ymin": 451, "ymax": 515, "xmax": 808}}, {"tid": 2, "generated": 0, "bbox": {"xmin": 1013, "ymin": 136, "ymax": 423, "xmax": 1203}}, {"tid": 3, "generated": 0, "bbox": {"xmin": 544, "ymin": 36, "ymax": 628, "xmax": 927}}, {"tid": 4, "generated": 0, "bbox": {"xmin": 767, "ymin": 168, "ymax": 438, "xmax": 859}}, {"tid": 5, "generated": 0, "bbox": {"xmin": 1038, "ymin": 5, "ymax": 382, "xmax": 1277}}], [{"tid": 0, "generated": 0, "bbox": {"xmin": 590, "ymin": 486, "ymax": 718, "xmax": 765}}, {"tid": 1, "generated": 0, "bbox": {"xmin": 768, "ymin": 453, "ymax": 517, "xmax": 810}}, {"tid": 2, "generated": 0, "bbox": {"xmin": 1011, "ymin": 136, "ymax": 423, "xmax": 1200}}, {"tid": 3, "generated": 0, "bbox": {"xmin": 551, "ymin": 36, "ymax": 628, "xmax": 934}}, {"tid": 4, "generated": 0, "bbox": {"xmin": 771, "ymin": 174, "ymax": 444, "xmax": 863}}, {"tid": 5, "generated": 0, "bbox": {"xmin": 1034, "ymin": 5, "ymax": 390, "xmax": 1277}}], [{"tid": 0, "generated": 0, "bbox": {"xmin": 592, "ymin": 488, "ymax": 718, "xmax": 768}}, {"tid": 1, "generated": 0, "bbox": {"xmin": 770, "ymin": 455, "ymax": 519, "xmax": 812}}, {"tid": 2, "generated": 0, "bbox": {"xmin": 1009, "ymin": 137, "ymax": 423, "xmax": 1198}}, {"tid": 3, "generated": 0, "bbox": {"xmin": 551, "ymin": 36, "ymax": 628, "xmax": 934}}, {"tid": 4, "generated": 0, "bbox": {"xmin": 773, "ymin": 177, "ymax": 444, "xmax": 863}}, {"tid": 5, "generated": 0, "bbox": {"xmin": 1030, "ymin": 5, "ymax": 398, "xmax": 1277}}], [{"tid": 0, "generated": 0, "bbox": {"xmin": 595, "ymin": 490, "ymax": 718, "xmax": 771}}, {"tid": 1, "generated": 0, "bbox": {"xmin": 772, "ymin": 458, "ymax": 522, "xmax": 814}}, {"tid": 2, "generated": 0, "bbox": {"xmin": 1008, "ymin": 138, "ymax": 424, "xmax": 1196}}, {"tid": 3, "generated": 0, "bbox": {"xmin": 551, "ymin": 36, "ymax": 628, "xmax": 934}}, {"tid": 4, "generated": 0, "bbox": {"xmin": 776, "ymin": 180, "ymax": 444, "xmax": 863}}, {"tid": 5, "generated": 0, "bbox": {"xmin": 1027, "ymin": 5, "ymax": 398, "xmax": 1277}}], [{"tid": 0, "generated": 0, "bbox": {"xmin": 598, "ymin": 493, "ymax": 718, "xmax": 774}}, {"tid": 1, "generated": 0, "bbox": {"xmin": 775, "ymin": 460, "ymax": 524, "xmax": 817}}, {"tid": 2, "generated": 0, "bbox": {"xmin": 1006, "ymin": 139, "ymax": 426, "xmax": 1195}}, {"tid": 3, "generated": 0, "bbox": {"xmin": 551, "ymin": 36, "ymax": 628, "xmax": 934}}, {"tid": 4, "generated": 0, "bbox": {"xmin": 778, "ymin": 182, "ymax": 444, "xmax": 863}}, {"tid": 5, "generated": 0, "bbox": {"xmin": 1024, "ymin": 5, "ymax": 398, "xmax": 1277}}], [{"tid": 0, "generated": 0, "bbox": {"xmin": 602, "ymin": 496, "ymax": 718, "xmax": 778}}, {"tid": 1, "generated": 0, "bbox": {"xmin": 777, "ymin": 463, "ymax": 526, "xmax": 819}}, {"tid": 2, "generated": 0, "bbox": {"xmin": 1004, "ymin": 140, "ymax": 429, "xmax": 1194}}, {"tid": 3, "generated": 0, "bbox": {"xmin": 551, "ymin": 36, "ymax": 628, "xmax": 934}}, {"tid": 4, "generated": 0, "bbox": {"xmin": 781, "ymin": 185, "ymax": 444, "xmax": 863}}, {"tid": 5, "generated": 0, "bbox": {"xmin": 1020, "ymin": 5, "ymax": 398, "xmax": 1277}}], [{"tid": 0, "generated": 0, "bbox": {"xmin": 606, "ymin": 500, "ymax": 718, "xmax": 782}}, {"tid": 1, "generated": 0, "bbox": {"xmin": 779, "ymin": 465, "ymax": 529, "xmax": 821}}, {"tid": 2, "generated": 0, "bbox": {"xmin": 1002, "ymin": 142, "ymax": 432, "xmax": 1193}}, {"tid": 3, "generated": 0, "bbox": {"xmin": 551, "ymin": 36, "ymax": 628, "xmax": 934}}, {"tid": 4, "generated": 0, "bbox": {"xmin": 783, "ymin": 188, "ymax": 444, "xmax": 863}}, {"tid": 5, "generated": 0, "bbox": {"xmin": 1017, "ymin": 5, "ymax": 398, "xmax": 1277}}], [{"tid": 0, "generated": 0, "bbox": {"xmin": 610, "ymin": 503, "ymax": 718, "xmax": 785}}, {"tid": 1, "generated": 0, "bbox": {"xmin": 781, "ymin": 468, "ymax": 531, "xmax": 823}}, {"tid": 2, "generated": 0, "bbox": {"xmin": 1000, "ymin": 143, "ymax": 434, "xmax": 1193}}, {"tid": 3, "generated": 0, "bbox": {"xmin": 551, "ymin": 36, "ymax": 628, "xmax": 937}}, {"tid": 4, "generated": 0, "bbox": {"xmin": 783, "ymin": 188, "ymax": 444, "xmax": 863}}, {"tid": 5, "generated": 0, "bbox": {"xmin": 1014, "ymin": 5, "ymax": 398, "xmax": 1277}}], [{"tid": 0, "generated": 0, "bbox": {"xmin": 614, "ymin": 507, "ymax": 718, "xmax": 789}}, {"tid": 1, "generated": 0, "bbox": {"xmin": 784, "ymin": 470, "ymax": 534, "xmax": 826}}, {"tid": 2, "generated": 0, "bbox": {"xmin": 998, "ymin": 145, "ymax": 437, "xmax": 1192}}, {"tid": 3, "generated": 0, "bbox": {"xmin": 551, "ymin": 36, "ymax": 628, "xmax": 940}}, {"tid": 4, "generated": 0, "bbox": {"xmin": 783, "ymin": 188, "ymax": 444, "xmax": 863}}, {"tid": 5, "generated": 0, "bbox": {"xmin": 1014, "ymin": 5, "ymax": 398, "xmax": 1274}}], [{"tid": 0, "generated": 0, "bbox": {"xmin": 618, "ymin": 510, "ymax": 718, "xmax": 793}}, {"tid": 1, "generated": 0, "bbox": {"xmin": 786, "ymin": 472, "ymax": 536, "xmax": 828}}, {"tid": 2, "generated": 0, "bbox": {"xmin": 996, "ymin": 146, "ymax": 440, "xmax": 1191}}, {"tid": 3, "generated": 0, "bbox": {"xmin": 551, "ymin": 36, "ymax": 628, "xmax": 944}}, {"tid": 4, "generated": 0, "bbox": {"xmin": 783, "ymin": 188, "ymax": 444, "xmax": 863}}, {"tid": 5, "generated": 0, "bbox": {"xmin": 1014, "ymin": 5, "ymax": 398, "xmax": 1271}}], [{"tid": 0, "generated": 0, "bbox": {"xmin": 622, "ymin": 513, "ymax": 718, "xmax": 796}}, {"tid": 1, "generated": 0, "bbox": {"xmin": 788, "ymin": 475, "ymax": 538, "xmax": 830}}, {"tid": 2, "generated": 0, "bbox": {"xmin": 994, "ymin": 147, "ymax": 442, "xmax": 1191}}, {"tid": 3, "generated": 0, "bbox": {"xmin": 551, "ymin": 36, "ymax": 628, "xmax": 947}}, {"tid": 4, "generated": 0, "bbox": {"xmin": 783, "ymin": 188, "ymax": 444, "xmax": 863}}, {"tid": 5, "generated": 0, "bbox": {"xmin": 1014, "ymin": 5, "ymax": 398, "xmax": 1268}}], [{"tid": 0, "generated": 0, "bbox": {"xmin": 626, "ymin": 517, "ymax": 718, "xmax": 800}}, {"tid": 1, "generated": 0, "bbox": {"xmin": 791, "ymin": 477, "ymax": 541, "xmax": 833}}, {"tid": 2, "generated": 0, "bbox": {"xmin": 992, "ymin": 149, "ymax": 445, "xmax": 1190}}, {"tid": 3, "generated": 0, "bbox": {"xmin": 551, "ymin": 36, "ymax": 628, "xmax": 950}}, {"tid": 4, "generated": 0, "bbox": {"xmin": 783, "ymin": 188, "ymax": 444, "xmax": 863}}, {"tid": 5, "generated": 0, "bbox": {"xmin": 1014, "ymin": 5, "ymax": 398, "xmax": 1265}}], [{"tid": 0, "generated": 0, "bbox": {"xmin": 630, "ymin": 520, "ymax": 718, "xmax": 804}}, {"tid": 1, "generated": 0, "bbox": {"xmin": 793, "ymin": 480, "ymax": 543, "xmax": 835}}, {"tid": 2, "generated": 0, "bbox": {"xmin": 990, "ymin": 150, "ymax": 448, "xmax": 1189}}, {"tid": 3, "generated": 0, "bbox": {"xmin": 556, "ymin": 41, "ymax": 633, "xmax": 955}}, {"tid": 4, "generated": 0, "bbox": {"xmin": 786, "ymin": 189, "ymax": 445, "xmax": 866}}, {"tid": 5, "generated": 0, "bbox": {"xmin": 1014, "ymin": 5, "ymax": 398, "xmax": 1262}}], [{"tid": 0, "generated": 0, "bbox": {"xmin": 634, "ymin": 524, "ymax": 718, "xmax": 808}}, {"tid": 1, "generated": 0, "bbox": {"xmin": 795, "ymin": 482, "ymax": 546, "xmax": 837}}, {"tid": 2, "generated": 0, "bbox": {"xmin": 988, "ymin": 152, "ymax": 451, "xmax": 1189}}, {"tid": 3, "generated": 0, "bbox": {"xmin": 561, "ymin": 47, "ymax": 639, "xmax": 960}}, {"tid": 4, "generated": 0, "bbox": {"xmin": 790, "ymin": 191, "ymax": 447, "xmax": 870}}, {"tid": 5, "generated": 0, "bbox": {"xmin": 1012, "ymin": 4, "ymax": 395, "xmax": 1260}}], [{"tid": 0, "generated": 0, "bbox": {"xmin": 634, "ymin": 526, "ymax": 718, "xmax": 809}}, {"tid": 1, "generated": 0, "bbox": {"xmin": 797, "ymin": 485, "ymax": 548, "xmax": 839}}, {"tid": 2, "generated": 0, "bbox": {"xmin": 985, "ymin": 148, "ymax": 452, "xmax": 1186}}, {"tid": 3, "generated": 0, "bbox": {"xmin": 565, "ymin": 52, "ymax": 644, "xmax": 964}}, {"tid": 4, "generated": 0, "bbox": {"xmin": 793, "ymin": 192, "ymax": 448, "xmax": 873}}, {"tid": 5, "generated": 0, "bbox": {"xmin": 1010, "ymin": 3, "ymax": 391, "xmax": 1258}}], [{"tid": 0, "generated": 0, "bbox": {"xmin": 634, "ymin": 528, "ymax": 718, "xmax": 811}}, {"tid": 1, "generated": 0, "bbox": {"xmin": 800, "ymin": 487, "ymax": 550, "xmax": 842}}, {"tid": 2, "generated": 0, "bbox": {"xmin": 982, "ymin": 144, "ymax": 453, "xmax": 1183}}, {"tid": 3, "generated": 0, "bbox": {"xmin": 570, "ymin": 58, "ymax": 650, "xmax": 969}}, {"tid": 4, "generated": 0, "bbox": {"xmin": 797, "ymin": 194, "ymax": 450, "xmax": 877}}, {"tid": 5, "generated": 0, "bbox": {"xmin": 1007, "ymin": 3, "ymax": 388, "xmax": 1255}}], [{"tid": 0, "generated": 0, "bbox": {"xmin": 634, "ymin": 530, "ymax": 718, "xmax": 812}}, {"tid": 1, "generated": 0, "bbox": {"xmin": 802, "ymin": 490, "ymax": 553, "xmax": 844}}, {"tid": 2, "generated": 0, "bbox": {"xmin": 979, "ymin": 140, "ymax": 454, "xmax": 1180}}, {"tid": 3, "generated": 0, "bbox": {"xmin": 575, "ymin": 63, "ymax": 655, "xmax": 974}}, {"tid": 4, "generated": 0, "bbox": {"xmin": 800, "ymin": 195, "ymax": 451, "xmax": 880}}, {"tid": 5, "generated": 0, "bbox": {"xmin": 1005, "ymin": 2, "ymax": 384, "xmax": 1253}}], [{"tid": 0, "generated": 0, "bbox": {"xmin": 634, "ymin": 532, "ymax": 718, "xmax": 814}}, {"tid": 1, "generated": 0, "bbox": {"xmin": 804, "ymin": 492, "ymax": 555, "xmax": 846}}, {"tid": 2, "generated": 0, "bbox": {"xmin": 977, "ymin": 136, "ymax": 455, "xmax": 1178}}, {"tid": 3, "generated": 0, "bbox": {"xmin": 575, "ymin": 63, "ymax": 655, "xmax": 974}}, {"tid": 4, "generated": 0, "bbox": {"xmin": 804, "ymin": 197, "ymax": 423, "xmax": 882}}, {"tid": 5, "generated": 0, "bbox": {"xmin": 1003, "ymin": 1, "ymax": 381, "xmax": 1251}}], [{"tid": 0, "generated": 0, "bbox": {"xmin": 635, "ymin": 534, "ymax": 718, "xmax": 816}}, {"tid": 1, "generated": 0, "bbox": {"xmin": 807, "ymin": 494, "ymax": 558, "xmax": 849}}, {"tid": 2, "generated": 0, "bbox": {"xmin": 974, "ymin": 132, "ymax": 456, "xmax": 1175}}, {"tid": 3, "generated": 0, "bbox": {"xmin": 575, "ymin": 63, "ymax": 655, "xmax": 974}}, {"tid": 4, "generated": 0, "bbox": {"xmin": 808, "ymin": 199, "ymax": 395, "xmax": 884}}, {"tid": 5, "generated": 0, "bbox": {"xmin": 997, "ymin": 1, "ymax": 381, "xmax": 1249}}], [{"tid": 0, "generated": 0, "bbox": {"xmin": 635, "ymin": 536, "ymax": 718, "xmax": 817}}, {"tid": 1, "generated": 0, "bbox": {"xmin": 809, "ymin": 497, "ymax": 560, "xmax": 851}}, {"tid": 2, "generated": 0, "bbox": {"xmin": 971, "ymin": 128, "ymax": 457, "xmax": 1172}}, {"tid": 3, "generated": 0, "bbox": {"xmin": 575, "ymin": 63, "ymax": 655, "xmax": 974}}, {"tid": 4, "generated": 0, "bbox": {"xmin": 811, "ymin": 202, "ymax": 367, "xmax": 886}}, {"tid": 5, "generated": 0, "bbox": {"xmin": 991, "ymin": 1, "ymax": 381, "xmax": 1247}}], [{"tid": 0, "generated": 0, "bbox": {"xmin": 635, "ymin": 538, "ymax": 718, "xmax": 819}}, {"tid": 1, "generated": 0, "bbox": {"xmin": 811, "ymin": 499, "ymax": 562, "xmax": 853}}, {"tid": 2, "generated": 0, "bbox": {"xmin": 969, "ymin": 124, "ymax": 458, "xmax": 1170}}, {"tid": 3, "generated": 0, "bbox": {"xmin": 575, "ymin": 63, "ymax": 655, "xmax": 974}}, {"tid": 4, "generated": 0, "bbox": {"xmin": 815, "ymin": 204, "ymax": 339, "xmax": 888}}, {"tid": 5, "generated": 0, "bbox": {"xmin": 985, "ymin": 1, "ymax": 381, "xmax": 1245}}]], "subject/objects": [{"category": "bicycle", "tid": 0}, {"category": "bicycle", "tid": 1}, {"category": "bicycle", "tid": 2}, {"category": "person", "tid": 3}, {"category": "person", "tid": 4}, {"category": "person", "tid": 5}], "relation_instances": [{"end_fid": 30, "subject_tid": 0, "predicate": "move_next_to", "begin_fid": 0, "object_tid": 1}, {"end_fid": 30, "subject_tid": 0, "predicate": "move_front", "begin_fid": 0, "object_tid": 1}, {"end_fid": 30, "subject_tid": 1, "predicate": "move_next_to", "begin_fid": 0, "object_tid": 0}, {"end_fid": 30, "subject_tid": 1, "predicate": "move_behind", "begin_fid": 0, "object_tid": 0}, {"end_fid": 30, "subject_tid": 0, "predicate": "move_beneath", "begin_fid": 0, "object_tid": 3}, {"end_fid": 30, "subject_tid": 3, "predicate": "sit_above", "begin_fid": 0, "object_tid": 0}, {"end_fid": 30, "subject_tid": 3, "predicate": "ride", "begin_fid": 0, "object_tid": 0}, {"end_fid": 30, "subject_tid": 0, "predicate": "move_next_to", "begin_fid": 0, "object_tid": 4}, {"end_fid": 30, "subject_tid": 0, "predicate": "move_front", "begin_fid": 0, "object_tid": 4}, {"end_fid": 30, "subject_tid": 4, "predicate": "next_to", "begin_fid": 0, "object_tid": 0}, {"end_fid": 30, "subject_tid": 4, "predicate": "behind", "begin_fid": 0, "object_tid": 0}, {"end_fid": 30, "subject_tid": 1, "predicate": "move_next_to", "begin_fid": 0, "object_tid": 3}, {"end_fid": 30, "subject_tid": 1, "predicate": "move_behind", "begin_fid": 0, "object_tid": 3}, {"end_fid": 30, "subject_tid": 3, "predicate": "next_to", "begin_fid": 0, "object_tid": 1}, {"end_fid": 30, "subject_tid": 3, "predicate": "front", "begin_fid": 0, "object_tid": 1}, {"end_fid": 30, "subject_tid": 1, "predicate": "move_beneath", "begin_fid": 0, "object_tid": 4}, {"end_fid": 30, "subject_tid": 4, "predicate": "sit_above", "begin_fid": 0, "object_tid": 1}, {"end_fid": 30, "subject_tid": 4, "predicate": "ride", "begin_fid": 0, "object_tid": 1}, {"end_fid": 30, "subject_tid": 3, "predicate": "next_to", "begin_fid": 0, "object_tid": 4}, {"end_fid": 30, "subject_tid": 3, "predicate": "front", "begin_fid": 0, "object_tid": 4}, {"end_fid": 30, "subject_tid": 4, "predicate": "next_to", "begin_fid": 0, "object_tid": 3}, {"end_fid": 30, "subject_tid": 4, "predicate": "behind", "begin_fid": 0, "object_tid": 3}, {"end_fid": 30, "subject_tid": 4, "predicate": "follow", "begin_fid": 0, "object_tid": 3}, {"end_fid": 90, "subject_tid": 0, "predicate": "move_next_to", "begin_fid": 60, "object_tid": 1}, {"end_fid": 90, "subject_tid": 0, "predicate": "move_front", "begin_fid": 60, "object_tid": 1}, {"end_fid": 90, "subject_tid": 1, "predicate": "move_next_to", "begin_fid": 60, "object_tid": 0}, {"end_fid": 90, "subject_tid": 1, "predicate": "move_behind", "begin_fid": 60, "object_tid": 0}, {"end_fid": 90, "subject_tid": 0, "predicate": "move_front", "begin_fid": 60, "object_tid": 2}, {"end_fid": 90, "subject_tid": 2, "predicate": "move_behind", "begin_fid": 60, "object_tid": 0}, {"end_fid": 90, "subject_tid": 0, "predicate": "move_beneath", "begin_fid": 60, "object_tid": 3}, {"end_fid": 90, "subject_tid": 3, "predicate": "sit_above", "begin_fid": 60, "object_tid": 0}, {"end_fid": 90, "subject_tid": 3, "predicate": "ride", "begin_fid": 60, "object_tid": 0}, {"end_fid": 90, "subject_tid": 0, "predicate": "move_next_to", "begin_fid": 60, "object_tid": 4}, {"end_fid": 90, "subject_tid": 0, "predicate": "move_front", "begin_fid": 60, "object_tid": 4}, {"end_fid": 90, "subject_tid": 4, "predicate": "next_to", "begin_fid": 60, "object_tid": 0}, {"end_fid": 90, "subject_tid": 4, "predicate": "behind", "begin_fid": 60, "object_tid": 0}, {"end_fid": 90, "subject_tid": 0, "predicate": "move_front", "begin_fid": 60, "object_tid": 5}, {"end_fid": 90, "subject_tid": 5, "predicate": "behind", "begin_fid": 60, "object_tid": 0}, {"end_fid": 90, "subject_tid": 1, "predicate": "move_front", "begin_fid": 60, "object_tid": 2}, {"end_fid": 90, "subject_tid": 2, "predicate": "move_behind", "begin_fid": 60, "object_tid": 1}, {"end_fid": 90, "subject_tid": 1, "predicate": "move_next_to", "begin_fid": 60, "object_tid": 3}, {"end_fid": 90, "subject_tid": 1, "predicate": "move_behind", "begin_fid": 60, "object_tid": 3}, {"end_fid": 90, "subject_tid": 3, "predicate": "next_to", "begin_fid": 60, "object_tid": 1}, {"end_fid": 90, "subject_tid": 3, "predicate": "front", "begin_fid": 60, "object_tid": 1}, {"end_fid": 90, "subject_tid": 1, "predicate": "move_beneath", "begin_fid": 60, "object_tid": 4}, {"end_fid": 90, "subject_tid": 4, "predicate": "sit_above", "begin_fid": 60, "object_tid": 1}, {"end_fid": 90, "subject_tid": 4, "predicate": "ride", "begin_fid": 60, "object_tid": 1}, {"end_fid": 90, "subject_tid": 1, "predicate": "move_front", "begin_fid": 60, "object_tid": 5}, {"end_fid": 90, "subject_tid": 5, "predicate": "behind", "begin_fid": 60, "object_tid": 1}, {"end_fid": 90, "subject_tid": 2, "predicate": "move_behind", "begin_fid": 60, "object_tid": 3}, {"end_fid": 90, "subject_tid": 3, "predicate": "front", "begin_fid": 60, "object_tid": 2}, {"end_fid": 90, "subject_tid": 2, "predicate": "move_behind", "begin_fid": 60, "object_tid": 4}, {"end_fid": 90, "subject_tid": 4, "predicate": "front", "begin_fid": 60, "object_tid": 2}, {"end_fid": 90, "subject_tid": 2, "predicate": "move_beneath", "begin_fid": 60, "object_tid": 5}, {"end_fid": 90, "subject_tid": 5, "predicate": "sit_above", "begin_fid": 60, "object_tid": 2}, {"end_fid": 90, "subject_tid": 5, "predicate": "ride", "begin_fid": 60, "object_tid": 2}, {"end_fid": 90, "subject_tid": 3, "predicate": "next_to", "begin_fid": 60, "object_tid": 4}, {"end_fid": 90, "subject_tid": 3, "predicate": "front", "begin_fid": 60, "object_tid": 4}, {"end_fid": 90, "subject_tid": 4, "predicate": "next_to", "begin_fid": 60, "object_tid": 3}, {"end_fid": 90, "subject_tid": 4, "predicate": "behind", "begin_fid": 60, "object_tid": 3}, {"end_fid": 90, "subject_tid": 3, "predicate": "front", "begin_fid": 60, "object_tid": 5}, {"end_fid": 90, "subject_tid": 5, "predicate": "behind", "begin_fid": 60, "object_tid": 3}, {"end_fid": 90, "subject_tid": 4, "predicate": "front", "begin_fid": 60, "object_tid": 5}, {"end_fid": 90, "subject_tid": 5, "predicate": "behind", "begin_fid": 60, "object_tid": 4}], "height": 720}