{"width": 320, "frame_count": 195, "video_id": "ILSVRC2015_train_00078000", "fps": 15, "trajectories": [[{"tid": 0, "generated": 0, "bbox": {"xmin": 90, "ymin": 31, "ymax": 132, "xmax": 144}}, {"tid": 1, "generated": 0, "bbox": {"xmin": 187, "ymin": 72, "ymax": 138, "xmax": 268}}, {"tid": 2, "generated": 0, "bbox": {"xmin": 154, "ymin": 116, "ymax": 128, "xmax": 179}}], [{"tid": 0, "generated": 0, "bbox": {"xmin": 80, "ymin": 58, "ymax": 130, "xmax": 146}}, {"tid": 1, "generated": 0, "bbox": {"xmin": 188, "ymin": 60, "ymax": 136, "xmax": 276}}, {"tid": 2, "generated": 0, "bbox": {"xmin": 156, "ymin": 112, "ymax": 128, "xmax": 179}}], [{"tid": 0, "generated": 0, "bbox": {"xmin": 68, "ymin": 68, "ymax": 128, "xmax": 154}}, {"tid": 1, "generated": 0, "bbox": {"xmin": 192, "ymin": 60, "ymax": 136, "xmax": 280}}, {"tid": 2, "generated": 0, "bbox": {"xmin": 158, "ymin": 112, "ymax": 127, "xmax": 180}}], [{"tid": 0, "generated": 0, "bbox": {"xmin": 64, "ymin": 71, "ymax": 128, "xmax": 160}}, {"tid": 1, "generated": 0, "bbox": {"xmin": 190, "ymin": 60, "ymax": 136, "xmax": 276}}, {"tid": 2, "generated": 0, "bbox": {"xmin": 160, "ymin": 112, "ymax": 127, "xmax": 182}}], [{"tid": 0, "generated": 0, "bbox": {"xmin": 60, "ymin": 68, "ymax": 124, "xmax": 162}}, {"tid": 1, "generated": 0, "bbox": {"xmin": 192, "ymin": 71, "ymax": 132, "xmax": 276}}, {"tid": 2, "generated": 0, "bbox": {"xmin": 164, "ymin": 108, "ymax": 123, "xmax": 184}}], [{"tid": 0, "generated": 0, "bbox": {"xmin": 58, "ymin": 68, "ymax": 128, "xmax": 164}}, {"tid": 1, "generated": 0, "bbox": {"xmin": 190, "ymin": 64, "ymax": 132, "xmax": 276}}, {"tid": 2, "generated": 0, "bbox": {"xmin": 167, "ymin": 110, "ymax": 124, "xmax": 188}}], [{"tid": 0, "generated": 0, "bbox": {"xmin": 72, "ymin": 60, "ymax": 128, "xmax": 163}}, {"tid": 1, "generated": 0, "bbox": {"xmin": 180, "ymin": 59, "ymax": 132, "xmax": 270}}, {"tid": 2, "generated": 0, "bbox": {"xmin": 167, "ymin": 111, "ymax": 124, "xmax": 187}}], [{"tid": 0, "generated": 0, "bbox": {"xmin": 71, "ymin": 59, "ymax": 128, "xmax": 160}}, {"tid": 1, "generated": 0, "bbox": {"xmin": 184, "ymin": 63, "ymax": 132, "xmax": 275}}, {"tid": 2, "generated": 0, "bbox": {"xmin": 166, "ymin": 110, "ymax": 124, "xmax": 184}}], [{"tid": 0, "generated": 0, "bbox": {"xmin": 72, "ymin": 60, "ymax": 132, "xmax": 159}}, {"tid": 1, "generated": 0, "bbox": {"xmin": 192, "ymin": 63, "ymax": 136, "xmax": 266}}, {"tid": 2, "generated": 0, "bbox": {"xmin": 170, "ymin": 111, "ymax": 128, "xmax": 191}}], [{"tid": 0, "generated": 0, "bbox": {"xmin": 55, "ymin": 58, "ymax": 132, "xmax": 156}}, {"tid": 1, "generated": 0, "bbox": {"xmin": 196, "ymin": 72, "ymax": 136, "xmax": 267}}, {"tid": 2, "generated": 0, "bbox": {"xmin": 168, "ymin": 107, "ymax": 128, "xmax": 190}}], [{"tid": 0, "generated": 0, "bbox": {"xmin": 40, "ymin": 68, "ymax": 135, "xmax": 156}}, {"tid": 1, "generated": 0, "bbox": {"xmin": 199, "ymin": 64, "ymax": 138, "xmax": 268}}, {"tid": 2, "generated": 0, "bbox": {"xmin": 166, "ymin": 100, "ymax": 128, "xmax": 191}}], [{"tid": 0, "generated": 0, "bbox": {"xmin": 52, "ymin": 76, "ymax": 138, "xmax": 156}}, {"tid": 1, "generated": 0, "bbox": {"xmin": 198, "ymin": 68, "ymax": 140, "xmax": 267}}, {"tid": 2, "generated": 0, "bbox": {"xmin": 156, "ymin": 98, "ymax": 132, "xmax": 188}}], [{"tid": 0, "generated": 0, "bbox": {"xmin": 36, "ymin": 68, "ymax": 143, "xmax": 154}}, {"tid": 1, "generated": 0, "bbox": {"xmin": 198, "ymin": 79, "ymax": 144, "xmax": 280}}, {"tid": 2, "generated": 0, "bbox": {"xmin": 148, "ymin": 108, "ymax": 132, "xmax": 184}}], [{"tid": 0, "generated": 0, "bbox": {"xmin": 28, "ymin": 66, "ymax": 144, "xmax": 148}}, {"tid": 1, "generated": 0, "bbox": {"xmin": 195, "ymin": 78, "ymax": 144, "xmax": 264}}, {"tid": 2, "generated": 0, "bbox": {"xmin": 150, "ymin": 123, "ymax": 135, "xmax": 184}}], [{"tid": 0, "generated": 0, "bbox": {"xmin": 28, "ymin": 67, "ymax": 148, "xmax": 136}}, {"tid": 1, "generated": 0, "bbox": {"xmin": 191, "ymin": 74, "ymax": 148, "xmax": 268}}, {"tid": 2, "generated": 0, "bbox": {"xmin": 151, "ymin": 127, "ymax": 138, "xmax": 183}}], [{"tid": 0, "generated": 0, "bbox": {"xmin": 7, "ymin": 63, "ymax": 152, "xmax": 128}}, {"tid": 1, "generated": 0, "bbox": {"xmin": 183, "ymin": 68, "ymax": 151, "xmax": 272}}, {"tid": 2, "generated": 0, "bbox": {"xmin": 154, "ymin": 126, "ymax": 140, "xmax": 183}}], [{"tid": 0, "generated": 0, "bbox": {"xmin": 0, "ymin": 68, "ymax": 156, "xmax": 127}}, {"tid": 1, "generated": 0, "bbox": {"xmin": 174, "ymin": 76, "ymax": 144, "xmax": 296}}, {"tid": 2, "generated": 0, "bbox": {"xmin": 156, "ymin": 123, "ymax": 140, "xmax": 184}}], [{"tid": 0, "generated": 0, "bbox": {"xmin": 0, "ymin": 71, "ymax": 159, "xmax": 126}}, {"tid": 1, "generated": 0, "bbox": {"xmin": 180, "ymin": 76, "ymax": 147, "xmax": 302}}, {"tid": 2, "generated": 0, "bbox": {"xmin": 156, "ymin": 124, "ymax": 143, "xmax": 186}}], [{"tid": 0, "generated": 0, "bbox": {"xmin": 0, "ymin": 75, "ymax": 159, "xmax": 134}}, {"tid": 1, "generated": 0, "bbox": {"xmin": 182, "ymin": 60, "ymax": 148, "xmax": 304}}, {"tid": 2, "generated": 0, "bbox": {"xmin": 156, "ymin": 124, "ymax": 143, "xmax": 188}}], [{"tid": 0, "generated": 0, "bbox": {"xmin": 0, "ymin": 80, "ymax": 163, "xmax": 135}}, {"tid": 1, "generated": 0, "bbox": {"xmin": 192, "ymin": 64, "ymax": 151, "xmax": 316}}, {"tid": 2, "generated": 0, "bbox": {"xmin": 155, "ymin": 124, "ymax": 144, "xmax": 188}}], [{"tid": 0, "generated": 0, "bbox": {"xmin": 0, "ymin": 84, "ymax": 160, "xmax": 147}}, {"tid": 1, "generated": 0, "bbox": {"xmin": 192, "ymin": 68, "ymax": 148, "xmax": 312}}, {"tid": 2, "generated": 0, "bbox": {"xmin": 154, "ymin": 124, "ymax": 142, "xmax": 188}}], [{"tid": 0, "generated": 0, "bbox": {"xmin": 4, "ymin": 64, "ymax": 156, "xmax": 156}}, {"tid": 1, "generated": 0, "bbox": {"xmin": 192, "ymin": 52, "ymax": 144, "xmax": 312}}, {"tid": 2, "generated": 0, "bbox": {"xmin": 156, "ymin": 120, "ymax": 138, "xmax": 188}}], [{"tid": 0, "generated": 0, "bbox": {"xmin": 7, "ymin": 72, "ymax": 156, "xmax": 159}}, {"tid": 1, "generated": 0, "bbox": {"xmin": 191, "ymin": 48, "ymax": 144, "xmax": 316}}, {"tid": 2, "generated": 0, "bbox": {"xmin": 163, "ymin": 120, "ymax": 139, "xmax": 194}}], [{"tid": 0, "generated": 0, "bbox": {"xmin": 0, "ymin": 66, "ymax": 155, "xmax": 156}}, {"tid": 1, "generated": 0, "bbox": {"xmin": 186, "ymin": 52, "ymax": 143, "xmax": 315}}, {"tid": 2, "generated": 0, "bbox": {"xmin": 168, "ymin": 118, "ymax": 138, "xmax": 196}}], [{"tid": 0, "generated": 0, "bbox": {"xmin": 0, "ymin": 60, "ymax": 155, "xmax": 156}}, {"tid": 1, "generated": 0, "bbox": {"xmin": 188, "ymin": 44, "ymax": 142, "xmax": 316}}, {"tid": 2, "generated": 0, "bbox": {"xmin": 172, "ymin": 116, "ymax": 136, "xmax": 200}}], [{"tid": 0, "generated": 0, "bbox": {"xmin": 0, "ymin": 52, "ymax": 155, "xmax": 152}}, {"tid": 1, "generated": 0, "bbox": {"xmin": 184, "ymin": 40, "ymax": 136, "xmax": 308}}, {"tid": 2, "generated": 0, "bbox": {"xmin": 174, "ymin": 116, "ymax": 136, "xmax": 200}}], [{"tid": 0, "generated": 0, "bbox": {"xmin": 8, "ymin": 56, "ymax": 154, "xmax": 159}}, {"tid": 1, "generated": 0, "bbox": {"xmin": 184, "ymin": 55, "ymax": 120, "xmax": 316}}, {"tid": 2, "generated": 0, "bbox": {"xmin": 178, "ymin": 119, "ymax": 136, "xmax": 204}}], [{"tid": 0, "generated": 0, "bbox": {"xmin": 26, "ymin": 66, "ymax": 154, "xmax": 160}}, {"tid": 1, "generated": 0, "bbox": {"xmin": 175, "ymin": 50, "ymax": 120, "xmax": 290}}, {"tid": 2, "generated": 0, "bbox": {"xmin": 176, "ymin": 120, "ymax": 136, "xmax": 204}}], [{"tid": 0, "generated": 0, "bbox": {"xmin": 20, "ymin": 55, "ymax": 168, "xmax": 160}}, {"tid": 1, "generated": 0, "bbox": {"xmin": 167, "ymin": 47, "ymax": 122, "xmax": 296}}, {"tid": 2, "generated": 0, "bbox": {"xmin": 172, "ymin": 120, "ymax": 138, "xmax": 202}}], [{"tid": 0, "generated": 0, "bbox": {"xmin": 0, "ymin": 62, "ymax": 170, "xmax": 160}}, {"tid": 1, "generated": 0, "bbox": {"xmin": 155, "ymin": 43, "ymax": 122, "xmax": 276}}, {"tid": 2, "generated": 0, "bbox": {"xmin": 172, "ymin": 122, "ymax": 140, "xmax": 202}}], [], [], [], [], [], [], [], [], [], [], [], [], [], [], [], [], [], [], [], [], [], [], [], [], [], [], [], [], [], [], [], [], [], [], [], [], [], [], [], [], [], [], [], [], [], [], [], [], [], [], [], [], [], [], [], [], [], [], [], [], [{"tid": 0, "generated": 0, "bbox": {"xmin": 32, "ymin": 40, "ymax": 150, "xmax": 172}}, {"tid": 1, "generated": 0, "bbox": {"xmin": 256, "ymin": 36, "ymax": 128, "xmax": 318}}], [{"tid": 0, "generated": 0, "bbox": {"xmin": 15, "ymin": 30, "ymax": 151, "xmax": 168}}, {"tid": 1, "generated": 0, "bbox": {"xmin": 266, "ymin": 36, "ymax": 128, "xmax": 319}}], [{"tid": 0, "generated": 0, "bbox": {"xmin": 4, "ymin": 64, "ymax": 148, "xmax": 166}}, {"tid": 1, "generated": 0, "bbox": {"xmin": 263, "ymin": 38, "ymax": 128, "xmax": 319}}], [{"tid": 0, "generated": 0, "bbox": {"xmin": 24, "ymin": 75, "ymax": 152, "xmax": 166}}, {"tid": 1, "generated": 0, "bbox": {"xmin": 260, "ymin": 40, "ymax": 130, "xmax": 319}}], [{"tid": 0, "generated": 0, "bbox": {"xmin": 4, "ymin": 71, "ymax": 150, "xmax": 167}}, {"tid": 1, "generated": 0, "bbox": {"xmin": 252, "ymin": 42, "ymax": 128, "xmax": 319}}], [{"tid": 0, "generated": 0, "bbox": {"xmin": 7, "ymin": 44, "ymax": 148, "xmax": 167}}, {"tid": 1, "generated": 0, "bbox": {"xmin": 247, "ymin": 48, "ymax": 127, "xmax": 319}}], [{"tid": 0, "generated": 0, "bbox": {"xmin": 6, "ymin": 60, "ymax": 163, "xmax": 162}}, {"tid": 1, "generated": 0, "bbox": {"xmin": 239, "ymin": 52, "ymax": 127, "xmax": 319}}], [{"tid": 0, "generated": 0, "bbox": {"xmin": 0, "ymin": 62, "ymax": 163, "xmax": 146}}, {"tid": 1, "generated": 0, "bbox": {"xmin": 236, "ymin": 48, "ymax": 127, "xmax": 319}}], [{"tid": 0, "generated": 0, "bbox": {"xmin": 7, "ymin": 68, "ymax": 164, "xmax": 144}}, {"tid": 1, "generated": 0, "bbox": {"xmin": 232, "ymin": 52, "ymax": 131, "xmax": 319}}], [{"tid": 0, "generated": 0, "bbox": {"xmin": 0, "ymin": 64, "ymax": 164, "xmax": 140}}, {"tid": 1, "generated": 0, "bbox": {"xmin": 231, "ymin": 54, "ymax": 128, "xmax": 318}}], [{"tid": 0, "generated": 0, "bbox": {"xmin": 0, "ymin": 60, "ymax": 167, "xmax": 140}}, {"tid": 1, "generated": 0, "bbox": {"xmin": 228, "ymin": 58, "ymax": 131, "xmax": 319}}], [{"tid": 0, "generated": 0, "bbox": {"xmin": 0, "ymin": 71, "ymax": 168, "xmax": 140}}, {"tid": 1, "generated": 0, "bbox": {"xmin": 228, "ymin": 60, "ymax": 132, "xmax": 319}}], [{"tid": 0, "generated": 0, "bbox": {"xmin": 0, "ymin": 83, "ymax": 168, "xmax": 140}}, {"tid": 1, "generated": 0, "bbox": {"xmin": 228, "ymin": 63, "ymax": 135, "xmax": 319}}], [{"tid": 0, "generated": 0, "bbox": {"xmin": 2, "ymin": 84, "ymax": 166, "xmax": 144}}, {"tid": 1, "generated": 0, "bbox": {"xmin": 228, "ymin": 51, "ymax": 136, "xmax": 319}}], [{"tid": 0, "generated": 0, "bbox": {"xmin": 0, "ymin": 80, "ymax": 168, "xmax": 148}}, {"tid": 1, "generated": 0, "bbox": {"xmin": 232, "ymin": 63, "ymax": 136, "xmax": 319}}], [{"tid": 0, "generated": 0, "bbox": {"xmin": 0, "ymin": 74, "ymax": 168, "xmax": 150}}, {"tid": 1, "generated": 0, "bbox": {"xmin": 234, "ymin": 63, "ymax": 140, "xmax": 319}}], [{"tid": 0, "generated": 0, "bbox": {"xmin": 0, "ymin": 63, "ymax": 158, "xmax": 152}}, {"tid": 1, "generated": 0, "bbox": {"xmin": 236, "ymin": 62, "ymax": 139, "xmax": 319}}], [{"tid": 0, "generated": 0, "bbox": {"xmin": 0, "ymin": 66, "ymax": 160, "xmax": 150}}, {"tid": 1, "generated": 0, "bbox": {"xmin": 240, "ymin": 58, "ymax": 144, "xmax": 319}}], [{"tid": 0, "generated": 0, "bbox": {"xmin": 0, "ymin": 64, "ymax": 160, "xmax": 138}}, {"tid": 1, "generated": 0, "bbox": {"xmin": 244, "ymin": 64, "ymax": 160, "xmax": 319}}], [{"tid": 0, "generated": 0, "bbox": {"xmin": 0, "ymin": 67, "ymax": 163, "xmax": 126}}, {"tid": 1, "generated": 0, "bbox": {"xmin": 252, "ymin": 67, "ymax": 179, "xmax": 319}}], [{"tid": 0, "generated": 0, "bbox": {"xmin": 0, "ymin": 63, "ymax": 167, "xmax": 114}}, {"tid": 1, "generated": 0, "bbox": {"xmin": 252, "ymin": 68, "ymax": 159, "xmax": 319}}], [{"tid": 0, "generated": 0, "bbox": {"xmin": 0, "ymin": 62, "ymax": 168, "xmax": 108}}, {"tid": 1, "generated": 0, "bbox": {"xmin": 250, "ymin": 76, "ymax": 184, "xmax": 318}}], [{"tid": 0, "generated": 0, "bbox": {"xmin": 0, "ymin": 60, "ymax": 164, "xmax": 100}}, {"tid": 1, "generated": 0, "bbox": {"xmin": 244, "ymin": 75, "ymax": 208, "xmax": 319}}], [{"tid": 0, "generated": 0, "bbox": {"xmin": 0, "ymin": 60, "ymax": 159, "xmax": 100}}, {"tid": 1, "generated": 0, "bbox": {"xmin": 231, "ymin": 84, "ymax": 212, "xmax": 319}}], [{"tid": 0, "generated": 0, "bbox": {"xmin": 0, "ymin": 55, "ymax": 150, "xmax": 103}}, {"tid": 1, "generated": 0, "bbox": {"xmin": 224, "ymin": 86, "ymax": 216, "xmax": 318}}], [{"tid": 0, "generated": 0, "bbox": {"xmin": 0, "ymin": 50, "ymax": 148, "xmax": 104}}, {"tid": 1, "generated": 0, "bbox": {"xmin": 212, "ymin": 88, "ymax": 224, "xmax": 318}}], [{"tid": 0, "generated": 0, "bbox": {"xmin": 0, "ymin": 47, "ymax": 148, "xmax": 104}}, {"tid": 1, "generated": 0, "bbox": {"xmin": 194, "ymin": 88, "ymax": 236, "xmax": 319}}], [{"tid": 0, "generated": 0, "bbox": {"xmin": 0, "ymin": 46, "ymax": 147, "xmax": 107}}, {"tid": 1, "generated": 0, "bbox": {"xmin": 172, "ymin": 87, "ymax": 232, "xmax": 318}}], [{"tid": 0, "generated": 0, "bbox": {"xmin": 0, "ymin": 44, "ymax": 146, "xmax": 100}}, {"tid": 1, "generated": 0, "bbox": {"xmin": 152, "ymin": 87, "ymax": 232, "xmax": 319}}], [{"tid": 0, "generated": 0, "bbox": {"xmin": 0, "ymin": 39, "ymax": 144, "xmax": 88}}, {"tid": 1, "generated": 0, "bbox": {"xmin": 140, "ymin": 87, "ymax": 239, "xmax": 319}}]], "subject/objects": [{"category": "dog", "tid": 0}, {"category": "dog", "tid": 1}, {"category": "snake", "tid": 2}], "relation_instances": [{"end_fid": 30, "subject_tid": 0, "predicate": "stand_left", "begin_fid": 0, "object_tid": 1}, {"end_fid": 30, "subject_tid": 1, "predicate": "stand_right", "begin_fid": 0, "object_tid": 0}, {"end_fid": 30, "subject_tid": 0, "predicate": "run_next_to", "begin_fid": 0, "object_tid": 2}, {"end_fid": 30, "subject_tid": 0, "predicate": "run_left", "begin_fid": 0, "object_tid": 2}, {"end_fid": 30, "subject_tid": 0, "predicate": "watch", "begin_fid": 0, "object_tid": 2}, {"end_fid": 30, "subject_tid": 0, "predicate": "fight", "begin_fid": 0, "object_tid": 2}, {"end_fid": 30, "subject_tid": 2, "predicate": "lie_next_to", "begin_fid": 0, "object_tid": 0}, {"end_fid": 30, "subject_tid": 2, "predicate": "lie_right", "begin_fid": 0, "object_tid": 0}, {"end_fid": 30, "subject_tid": 2, "predicate": "fight", "begin_fid": 0, "object_tid": 0}, {"end_fid": 30, "subject_tid": 1, "predicate": "run_right", "begin_fid": 0, "object_tid": 2}, {"end_fid": 30, "subject_tid": 1, "predicate": "run_next_to", "begin_fid": 0, "object_tid": 2}, {"end_fid": 30, "subject_tid": 1, "predicate": "watch", "begin_fid": 0, "object_tid": 2}, {"end_fid": 30, "subject_tid": 1, "predicate": "fight", "begin_fid": 0, "object_tid": 2}, {"end_fid": 30, "subject_tid": 2, "predicate": "lie_next_to", "begin_fid": 0, "object_tid": 1}, {"end_fid": 30, "subject_tid": 2, "predicate": "lie_left", "begin_fid": 0, "object_tid": 1}, {"end_fid": 30, "subject_tid": 2, "predicate": "fight", "begin_fid": 0, "object_tid": 1}, {"end_fid": 120, "subject_tid": 0, "predicate": "walk_left", "begin_fid": 90, "object_tid": 1}, {"end_fid": 120, "subject_tid": 1, "predicate": "walk_right", "begin_fid": 90, "object_tid": 0}], "height": 240}