{"width": 1280, "frame_count": 725, "video_id": "ILSVRC2015_train_00997000", "fps": 29, "trajectories": [[], [], [], [], [], [], [], [], [], [], [], [], [], [], [], [], [], [], [], [], [], [], [], [], [], [], [], [], [], [], [], [], [], [], [], [], [], [], [], [], [], [], [], [], [], [], [], [], [], [], [], [], [], [], [], [], [], [], [], [], [], [], [], [], [], [], [], [], [], [], [], [], [], [], [], [], [], [], [], [], [], [], [], [], [], [], [], [], [], [], [], [], [], [], [], [], [], [], [], [], [], [], [], [], [], [], [], [], [], [], [], [], [], [], [], [], [], [], [], [], [], [], [], [], [], [], [], [], [], [], [], [], [], [], [], [], [], [], [], [], [], [], [], [], [], [], [], [], [], [], [], [], [], [], [], [], [], [], [], [], [], [], [], [], [], [], [], [], [], [], [], [], [], [], [], [], [], [], [], [], [], [], [], [], [], [], [], [], [], [], [], [], [], [], [], [], [], [], [], [], [], [], [], [], [], [], [], [], [], [], [], [], [], [], [], [], [], [], [], [], [], [], [], [], [], [], [], [], [], [], [], [], [], [], [], [], [], [], [], [], [], [], [], [], [], [], [], [], [], [], [], [], [], [], [], [], [], [], [], [], [], [], [], [], [], [], [], [], [], [], [{"tid": 0, "generated": 0, "bbox": {"xmin": 526, "ymin": 388, "ymax": 618, "xmax": 856}}, {"tid": 1, "generated": 0, "bbox": {"xmin": 3, "ymin": 435, "ymax": 719, "xmax": 171}}], [{"tid": 0, "generated": 0, "bbox": {"xmin": 526, "ymin": 387, "ymax": 617, "xmax": 856}}, {"tid": 1, "generated": 0, "bbox": {"xmin": 3, "ymin": 405, "ymax": 719, "xmax": 185}}], [{"tid": 0, "generated": 0, "bbox": {"xmin": 526, "ymin": 387, "ymax": 617, "xmax": 856}}, {"tid": 1, "generated": 0, "bbox": {"xmin": 3, "ymin": 375, "ymax": 719, "xmax": 198}}], [{"tid": 0, "generated": 0, "bbox": {"xmin": 526, "ymin": 387, "ymax": 617, "xmax": 856}}, {"tid": 1, "generated": 0, "bbox": {"xmin": 3, "ymin": 345, "ymax": 719, "xmax": 212}}], [{"tid": 0, "generated": 0, "bbox": {"xmin": 526, "ymin": 387, "ymax": 617, "xmax": 856}}, {"tid": 1, "generated": 0, "bbox": {"xmin": 3, "ymin": 315, "ymax": 719, "xmax": 225}}], [{"tid": 0, "generated": 0, "bbox": {"xmin": 526, "ymin": 387, "ymax": 617, "xmax": 856}}, {"tid": 1, "generated": 0, "bbox": {"xmin": 3, "ymin": 321, "ymax": 719, "xmax": 233}}], [{"tid": 0, "generated": 0, "bbox": {"xmin": 526, "ymin": 387, "ymax": 616, "xmax": 856}}, {"tid": 1, "generated": 0, "bbox": {"xmin": 3, "ymin": 326, "ymax": 719, "xmax": 241}}], [{"tid": 0, "generated": 0, "bbox": {"xmin": 526, "ymin": 387, "ymax": 616, "xmax": 856}}, {"tid": 1, "generated": 0, "bbox": {"xmin": 3, "ymin": 332, "ymax": 719, "xmax": 248}}], [{"tid": 0, "generated": 0, "bbox": {"xmin": 526, "ymin": 387, "ymax": 616, "xmax": 856}}, {"tid": 1, "generated": 0, "bbox": {"xmin": 3, "ymin": 337, "ymax": 719, "xmax": 256}}], [{"tid": 0, "generated": 0, "bbox": {"xmin": 526, "ymin": 387, "ymax": 616, "xmax": 856}}, {"tid": 1, "generated": 0, "bbox": {"xmin": 3, "ymin": 343, "ymax": 719, "xmax": 264}}], [{"tid": 0, "generated": 0, "bbox": {"xmin": 526, "ymin": 387, "ymax": 616, "xmax": 856}}, {"tid": 1, "generated": 0, "bbox": {"xmin": 3, "ymin": 346, "ymax": 719, "xmax": 277}}], [{"tid": 0, "generated": 0, "bbox": {"xmin": 526, "ymin": 387, "ymax": 616, "xmax": 855}}, {"tid": 1, "generated": 0, "bbox": {"xmin": 3, "ymin": 349, "ymax": 719, "xmax": 290}}], [{"tid": 0, "generated": 0, "bbox": {"xmin": 526, "ymin": 387, "ymax": 616, "xmax": 855}}, {"tid": 1, "generated": 0, "bbox": {"xmin": 3, "ymin": 352, "ymax": 719, "xmax": 304}}], [{"tid": 0, "generated": 0, "bbox": {"xmin": 526, "ymin": 387, "ymax": 616, "xmax": 855}}, {"tid": 1, "generated": 0, "bbox": {"xmin": 3, "ymin": 355, "ymax": 719, "xmax": 317}}], [{"tid": 0, "generated": 0, "bbox": {"xmin": 526, "ymin": 387, "ymax": 616, "xmax": 855}}, {"tid": 1, "generated": 0, "bbox": {"xmin": 3, "ymin": 358, "ymax": 719, "xmax": 330}}], [{"tid": 0, "generated": 0, "bbox": {"xmin": 526, "ymin": 387, "ymax": 616, "xmax": 855}}, {"tid": 1, "generated": 0, "bbox": {"xmin": 3, "ymin": 364, "ymax": 719, "xmax": 337}}], [{"tid": 0, "generated": 0, "bbox": {"xmin": 526, "ymin": 387, "ymax": 616, "xmax": 855}}, {"tid": 1, "generated": 0, "bbox": {"xmin": 3, "ymin": 369, "ymax": 719, "xmax": 344}}], [{"tid": 0, "generated": 0, "bbox": {"xmin": 526, "ymin": 387, "ymax": 616, "xmax": 854}}, {"tid": 1, "generated": 0, "bbox": {"xmin": 3, "ymin": 375, "ymax": 719, "xmax": 351}}], [{"tid": 0, "generated": 0, "bbox": {"xmin": 526, "ymin": 387, "ymax": 616, "xmax": 854}}, {"tid": 1, "generated": 0, "bbox": {"xmin": 3, "ymin": 380, "ymax": 719, "xmax": 358}}], [{"tid": 0, "generated": 0, "bbox": {"xmin": 526, "ymin": 387, "ymax": 616, "xmax": 854}}, {"tid": 1, "generated": 0, "bbox": {"xmin": 3, "ymin": 386, "ymax": 719, "xmax": 365}}], [{"tid": 0, "generated": 0, "bbox": {"xmin": 526, "ymin": 387, "ymax": 617, "xmax": 854}}, {"tid": 1, "generated": 0, "bbox": {"xmin": 3, "ymin": 388, "ymax": 719, "xmax": 368}}], [{"tid": 0, "generated": 0, "bbox": {"xmin": 526, "ymin": 387, "ymax": 617, "xmax": 854}}, {"tid": 1, "generated": 0, "bbox": {"xmin": 3, "ymin": 389, "ymax": 719, "xmax": 371}}], [{"tid": 0, "generated": 0, "bbox": {"xmin": 526, "ymin": 387, "ymax": 617, "xmax": 854}}, {"tid": 1, "generated": 0, "bbox": {"xmin": 3, "ymin": 391, "ymax": 719, "xmax": 373}}], [{"tid": 0, "generated": 0, "bbox": {"xmin": 526, "ymin": 387, "ymax": 617, "xmax": 854}}, {"tid": 1, "generated": 0, "bbox": {"xmin": 3, "ymin": 392, "ymax": 719, "xmax": 376}}], [{"tid": 0, "generated": 0, "bbox": {"xmin": 526, "ymin": 387, "ymax": 617, "xmax": 853}}, {"tid": 1, "generated": 0, "bbox": {"xmin": 3, "ymin": 394, "ymax": 719, "xmax": 379}}], [{"tid": 0, "generated": 0, "bbox": {"xmin": 526, "ymin": 387, "ymax": 617, "xmax": 853}}, {"tid": 1, "generated": 0, "bbox": {"xmin": 3, "ymin": 392, "ymax": 719, "xmax": 381}}], [{"tid": 0, "generated": 0, "bbox": {"xmin": 526, "ymin": 387, "ymax": 617, "xmax": 853}}, {"tid": 1, "generated": 0, "bbox": {"xmin": 3, "ymin": 389, "ymax": 719, "xmax": 384}}], [{"tid": 0, "generated": 0, "bbox": {"xmin": 526, "ymin": 387, "ymax": 617, "xmax": 853}}, {"tid": 1, "generated": 0, "bbox": {"xmin": 3, "ymin": 387, "ymax": 719, "xmax": 386}}], [{"tid": 0, "generated": 0, "bbox": {"xmin": 526, "ymin": 387, "ymax": 617, "xmax": 853}}, {"tid": 1, "generated": 0, "bbox": {"xmin": 3, "ymin": 384, "ymax": 719, "xmax": 389}}], [{"tid": 0, "generated": 0, "bbox": {"xmin": 526, "ymin": 387, "ymax": 617, "xmax": 853}}, {"tid": 1, "generated": 0, "bbox": {"xmin": 3, "ymin": 382, "ymax": 719, "xmax": 391}}], [], [], [], [], [], [], [], [], [], [], [], [], [], [], [], [], [], [], [], [], [], [], [], [], [], [], [], [], [], [], [], [], [], [], [], [], [], [], [], [], [], [], [], [], [], [], [], [], [], [], [], [], [], [], [], [], [], [], [], [], [], [], [], [], [], [], [], [], [], [], [], [], [], [], [], [{"tid": 0, "generated": 0, "bbox": {"xmin": 531, "ymin": 384, "ymax": 616, "xmax": 849}}, {"tid": 1, "generated": 0, "bbox": {"xmin": 3, "ymin": 417, "ymax": 719, "xmax": 500}}], [{"tid": 0, "generated": 0, "bbox": {"xmin": 531, "ymin": 384, "ymax": 616, "xmax": 850}}, {"tid": 1, "generated": 0, "bbox": {"xmin": 3, "ymin": 416, "ymax": 719, "xmax": 498}}], [{"tid": 0, "generated": 0, "bbox": {"xmin": 531, "ymin": 384, "ymax": 616, "xmax": 852}}, {"tid": 1, "generated": 0, "bbox": {"xmin": 3, "ymin": 416, "ymax": 719, "xmax": 495}}], [{"tid": 0, "generated": 0, "bbox": {"xmin": 532, "ymin": 384, "ymax": 617, "xmax": 854}}, {"tid": 1, "generated": 0, "bbox": {"xmin": 3, "ymin": 415, "ymax": 719, "xmax": 493}}], [{"tid": 0, "generated": 0, "bbox": {"xmin": 532, "ymin": 384, "ymax": 617, "xmax": 856}}, {"tid": 1, "generated": 0, "bbox": {"xmin": 3, "ymin": 415, "ymax": 719, "xmax": 491}}], [{"tid": 0, "generated": 0, "bbox": {"xmin": 533, "ymin": 384, "ymax": 618, "xmax": 858}}, {"tid": 1, "generated": 0, "bbox": {"xmin": 3, "ymin": 415, "ymax": 719, "xmax": 490}}], [{"tid": 0, "generated": 0, "bbox": {"xmin": 533, "ymin": 384, "ymax": 618, "xmax": 856}}, {"tid": 1, "generated": 0, "bbox": {"xmin": 3, "ymin": 414, "ymax": 719, "xmax": 489}}], [{"tid": 0, "generated": 0, "bbox": {"xmin": 533, "ymin": 384, "ymax": 619, "xmax": 855}}, {"tid": 1, "generated": 0, "bbox": {"xmin": 3, "ymin": 414, "ymax": 719, "xmax": 488}}], [{"tid": 0, "generated": 0, "bbox": {"xmin": 533, "ymin": 384, "ymax": 620, "xmax": 853}}, {"tid": 1, "generated": 0, "bbox": {"xmin": 3, "ymin": 413, "ymax": 719, "xmax": 487}}], [{"tid": 0, "generated": 0, "bbox": {"xmin": 533, "ymin": 384, "ymax": 621, "xmax": 852}}, {"tid": 1, "generated": 0, "bbox": {"xmin": 3, "ymin": 413, "ymax": 719, "xmax": 486}}], [{"tid": 0, "generated": 0, "bbox": {"xmin": 533, "ymin": 385, "ymax": 622, "xmax": 851}}, {"tid": 1, "generated": 0, "bbox": {"xmin": 3, "ymin": 413, "ymax": 719, "xmax": 486}}], [{"tid": 0, "generated": 0, "bbox": {"xmin": 533, "ymin": 385, "ymax": 623, "xmax": 852}}, {"tid": 1, "generated": 0, "bbox": {"xmin": 3, "ymin": 413, "ymax": 719, "xmax": 486}}], [{"tid": 0, "generated": 0, "bbox": {"xmin": 533, "ymin": 386, "ymax": 625, "xmax": 854}}, {"tid": 1, "generated": 0, "bbox": {"xmin": 3, "ymin": 413, "ymax": 719, "xmax": 486}}], [{"tid": 0, "generated": 0, "bbox": {"xmin": 534, "ymin": 387, "ymax": 627, "xmax": 856}}, {"tid": 1, "generated": 0, "bbox": {"xmin": 3, "ymin": 413, "ymax": 719, "xmax": 486}}], [{"tid": 0, "generated": 0, "bbox": {"xmin": 534, "ymin": 388, "ymax": 629, "xmax": 858}}, {"tid": 1, "generated": 0, "bbox": {"xmin": 3, "ymin": 413, "ymax": 719, "xmax": 486}}], [{"tid": 0, "generated": 0, "bbox": {"xmin": 535, "ymin": 389, "ymax": 631, "xmax": 860}}, {"tid": 1, "generated": 0, "bbox": {"xmin": 3, "ymin": 413, "ymax": 719, "xmax": 486}}], [{"tid": 0, "generated": 0, "bbox": {"xmin": 535, "ymin": 389, "ymax": 630, "xmax": 859}}, {"tid": 1, "generated": 0, "bbox": {"xmin": 3, "ymin": 413, "ymax": 719, "xmax": 486}}], [{"tid": 0, "generated": 0, "bbox": {"xmin": 535, "ymin": 389, "ymax": 630, "xmax": 859}}, {"tid": 1, "generated": 0, "bbox": {"xmin": 3, "ymin": 413, "ymax": 719, "xmax": 486}}], [{"tid": 0, "generated": 0, "bbox": {"xmin": 535, "ymin": 389, "ymax": 629, "xmax": 858}}, {"tid": 1, "generated": 0, "bbox": {"xmin": 3, "ymin": 413, "ymax": 719, "xmax": 486}}], [{"tid": 0, "generated": 0, "bbox": {"xmin": 535, "ymin": 389, "ymax": 629, "xmax": 858}}, {"tid": 1, "generated": 0, "bbox": {"xmin": 3, "ymin": 413, "ymax": 719, "xmax": 486}}], [{"tid": 0, "generated": 0, "bbox": {"xmin": 535, "ymin": 389, "ymax": 629, "xmax": 858}}, {"tid": 1, "generated": 0, "bbox": {"xmin": 3, "ymin": 413, "ymax": 719, "xmax": 486}}], [{"tid": 0, "generated": 0, "bbox": {"xmin": 535, "ymin": 389, "ymax": 629, "xmax": 858}}, {"tid": 1, "generated": 0, "bbox": {"xmin": 3, "ymin": 413, "ymax": 719, "xmax": 486}}], [{"tid": 0, "generated": 0, "bbox": {"xmin": 535, "ymin": 389, "ymax": 629, "xmax": 858}}, {"tid": 1, "generated": 0, "bbox": {"xmin": 3, "ymin": 413, "ymax": 719, "xmax": 486}}], [{"tid": 0, "generated": 0, "bbox": {"xmin": 535, "ymin": 389, "ymax": 629, "xmax": 858}}, {"tid": 1, "generated": 0, "bbox": {"xmin": 3, "ymin": 413, "ymax": 719, "xmax": 486}}], [{"tid": 0, "generated": 0, "bbox": {"xmin": 535, "ymin": 389, "ymax": 629, "xmax": 858}}, {"tid": 1, "generated": 0, "bbox": {"xmin": 3, "ymin": 413, "ymax": 719, "xmax": 486}}], [{"tid": 0, "generated": 0, "bbox": {"xmin": 535, "ymin": 389, "ymax": 629, "xmax": 858}}, {"tid": 1, "generated": 0, "bbox": {"xmin": 3, "ymin": 413, "ymax": 719, "xmax": 486}}], [{"tid": 0, "generated": 0, "bbox": {"xmin": 535, "ymin": 389, "ymax": 628, "xmax": 857}}, {"tid": 1, "generated": 0, "bbox": {"xmin": 3, "ymin": 413, "ymax": 719, "xmax": 486}}], [{"tid": 0, "generated": 0, "bbox": {"xmin": 535, "ymin": 389, "ymax": 628, "xmax": 857}}, {"tid": 1, "generated": 0, "bbox": {"xmin": 3, "ymin": 413, "ymax": 719, "xmax": 486}}], [{"tid": 0, "generated": 0, "bbox": {"xmin": 535, "ymin": 389, "ymax": 628, "xmax": 856}}, {"tid": 1, "generated": 0, "bbox": {"xmin": 3, "ymin": 413, "ymax": 719, "xmax": 486}}], [{"tid": 0, "generated": 0, "bbox": {"xmin": 535, "ymin": 389, "ymax": 628, "xmax": 856}}, {"tid": 1, "generated": 0, "bbox": {"xmin": 3, "ymin": 413, "ymax": 719, "xmax": 486}}], [], [], [], [], [], [], [], [], [], [], [], [], [], [], [], [], [], [], [], [], [], [], [], [], [], [], [], [], [], [], [], [], [], [], [], [], [], [], [], [], [], [], [], [], [], [], [], [], [], [], [], [], [], [], [], [], [], [], [], [], [], [], [], [], [], [], [], [], [], [], [], [], [], [], [], [], [], [], [], [], [], [], [], [], [], [], [], [], [], [], [], [], [], [], [], [], [], [], [], [], [], [], [], [], [], [{"tid": 0, "generated": 0, "bbox": {"xmin": 533, "ymin": 394, "ymax": 613, "xmax": 862}}, {"tid": 1, "generated": 0, "bbox": {"xmin": 3, "ymin": 402, "ymax": 719, "xmax": 516}}], [{"tid": 0, "generated": 0, "bbox": {"xmin": 532, "ymin": 394, "ymax": 613, "xmax": 861}}, {"tid": 1, "generated": 0, "bbox": {"xmin": 3, "ymin": 402, "ymax": 719, "xmax": 516}}], [{"tid": 0, "generated": 0, "bbox": {"xmin": 532, "ymin": 394, "ymax": 613, "xmax": 861}}, {"tid": 1, "generated": 0, "bbox": {"xmin": 3, "ymin": 402, "ymax": 719, "xmax": 516}}], [{"tid": 0, "generated": 0, "bbox": {"xmin": 532, "ymin": 394, "ymax": 613, "xmax": 860}}, {"tid": 1, "generated": 0, "bbox": {"xmin": 3, "ymin": 402, "ymax": 719, "xmax": 516}}], [{"tid": 0, "generated": 0, "bbox": {"xmin": 532, "ymin": 394, "ymax": 614, "xmax": 860}}, {"tid": 1, "generated": 0, "bbox": {"xmin": 3, "ymin": 402, "ymax": 719, "xmax": 516}}], [{"tid": 0, "generated": 0, "bbox": {"xmin": 532, "ymin": 394, "ymax": 614, "xmax": 860}}, {"tid": 1, "generated": 0, "bbox": {"xmin": 3, "ymin": 404, "ymax": 719, "xmax": 516}}], [{"tid": 0, "generated": 0, "bbox": {"xmin": 531, "ymin": 394, "ymax": 614, "xmax": 859}}, {"tid": 1, "generated": 0, "bbox": {"xmin": 3, "ymin": 406, "ymax": 719, "xmax": 517}}], [{"tid": 0, "generated": 0, "bbox": {"xmin": 531, "ymin": 394, "ymax": 615, "xmax": 859}}, {"tid": 1, "generated": 0, "bbox": {"xmin": 3, "ymin": 407, "ymax": 719, "xmax": 517}}], [{"tid": 0, "generated": 0, "bbox": {"xmin": 531, "ymin": 394, "ymax": 615, "xmax": 858}}, {"tid": 1, "generated": 0, "bbox": {"xmin": 3, "ymin": 409, "ymax": 719, "xmax": 518}}], [{"tid": 0, "generated": 0, "bbox": {"xmin": 531, "ymin": 394, "ymax": 615, "xmax": 858}}, {"tid": 1, "generated": 0, "bbox": {"xmin": 3, "ymin": 411, "ymax": 719, "xmax": 518}}], [{"tid": 0, "generated": 0, "bbox": {"xmin": 531, "ymin": 394, "ymax": 616, "xmax": 858}}, {"tid": 1, "generated": 0, "bbox": {"xmin": 3, "ymin": 411, "ymax": 719, "xmax": 518}}], [{"tid": 0, "generated": 0, "bbox": {"xmin": 530, "ymin": 394, "ymax": 615, "xmax": 857}}, {"tid": 1, "generated": 0, "bbox": {"xmin": 3, "ymin": 411, "ymax": 719, "xmax": 518}}], [{"tid": 0, "generated": 0, "bbox": {"xmin": 530, "ymin": 394, "ymax": 615, "xmax": 857}}, {"tid": 1, "generated": 0, "bbox": {"xmin": 3, "ymin": 411, "ymax": 719, "xmax": 518}}], [{"tid": 0, "generated": 0, "bbox": {"xmin": 530, "ymin": 394, "ymax": 615, "xmax": 857}}, {"tid": 1, "generated": 0, "bbox": {"xmin": 3, "ymin": 411, "ymax": 719, "xmax": 518}}], [{"tid": 0, "generated": 0, "bbox": {"xmin": 529, "ymin": 394, "ymax": 614, "xmax": 856}}, {"tid": 1, "generated": 0, "bbox": {"xmin": 3, "ymin": 411, "ymax": 719, "xmax": 518}}], [{"tid": 0, "generated": 0, "bbox": {"xmin": 529, "ymin": 394, "ymax": 614, "xmax": 856}}, {"tid": 1, "generated": 0, "bbox": {"xmin": 3, "ymin": 411, "ymax": 719, "xmax": 518}}], [{"tid": 0, "generated": 0, "bbox": {"xmin": 529, "ymin": 394, "ymax": 614, "xmax": 856}}, {"tid": 1, "generated": 0, "bbox": {"xmin": 3, "ymin": 411, "ymax": 719, "xmax": 518}}], [{"tid": 0, "generated": 0, "bbox": {"xmin": 528, "ymin": 394, "ymax": 613, "xmax": 855}}, {"tid": 1, "generated": 0, "bbox": {"xmin": 3, "ymin": 411, "ymax": 719, "xmax": 518}}], [{"tid": 0, "generated": 0, "bbox": {"xmin": 528, "ymin": 394, "ymax": 613, "xmax": 855}}, {"tid": 1, "generated": 0, "bbox": {"xmin": 3, "ymin": 411, "ymax": 719, "xmax": 518}}], [{"tid": 0, "generated": 0, "bbox": {"xmin": 528, "ymin": 394, "ymax": 613, "xmax": 855}}, {"tid": 1, "generated": 0, "bbox": {"xmin": 3, "ymin": 411, "ymax": 719, "xmax": 518}}], [{"tid": 0, "generated": 0, "bbox": {"xmin": 528, "ymin": 394, "ymax": 613, "xmax": 855}}, {"tid": 1, "generated": 0, "bbox": {"xmin": 3, "ymin": 412, "ymax": 719, "xmax": 517}}], [{"tid": 0, "generated": 0, "bbox": {"xmin": 528, "ymin": 394, "ymax": 613, "xmax": 856}}, {"tid": 1, "generated": 0, "bbox": {"xmin": 3, "ymin": 413, "ymax": 719, "xmax": 516}}], [{"tid": 0, "generated": 0, "bbox": {"xmin": 529, "ymin": 394, "ymax": 614, "xmax": 857}}, {"tid": 1, "generated": 0, "bbox": {"xmin": 3, "ymin": 414, "ymax": 719, "xmax": 516}}], [{"tid": 0, "generated": 0, "bbox": {"xmin": 529, "ymin": 394, "ymax": 614, "xmax": 858}}, {"tid": 1, "generated": 0, "bbox": {"xmin": 3, "ymin": 415, "ymax": 719, "xmax": 515}}], [{"tid": 0, "generated": 0, "bbox": {"xmin": 530, "ymin": 394, "ymax": 615, "xmax": 859}}, {"tid": 1, "generated": 0, "bbox": {"xmin": 3, "ymin": 416, "ymax": 719, "xmax": 514}}], [{"tid": 0, "generated": 0, "bbox": {"xmin": 531, "ymin": 394, "ymax": 616, "xmax": 860}}, {"tid": 1, "generated": 0, "bbox": {"xmin": 3, "ymin": 416, "ymax": 719, "xmax": 514}}], [{"tid": 0, "generated": 0, "bbox": {"xmin": 528, "ymin": 394, "ymax": 615, "xmax": 860}}, {"tid": 1, "generated": 0, "bbox": {"xmin": 3, "ymin": 416, "ymax": 719, "xmax": 514}}], [{"tid": 0, "generated": 0, "bbox": {"xmin": 525, "ymin": 394, "ymax": 614, "xmax": 860}}, {"tid": 1, "generated": 0, "bbox": {"xmin": 3, "ymin": 416, "ymax": 719, "xmax": 514}}], [{"tid": 0, "generated": 0, "bbox": {"xmin": 522, "ymin": 394, "ymax": 614, "xmax": 861}}, {"tid": 1, "generated": 0, "bbox": {"xmin": 3, "ymin": 416, "ymax": 719, "xmax": 514}}], [{"tid": 0, "generated": 0, "bbox": {"xmin": 519, "ymin": 394, "ymax": 613, "xmax": 861}}, {"tid": 1, "generated": 0, "bbox": {"xmin": 3, "ymin": 416, "ymax": 719, "xmax": 514}}], [], [], [], [], [], [], [], [], [], [], [], [], [], [], [], [], [], [], [], [], [], [], [], [], [], [], [], [], [], [], [], [], [], [], [], [], [], [], [], [], [], [], [], [], [], [], [], [], [], [], [], [], [], [], [], [], [], [], [], [], [], [], [], [], [], [], [], [], [], [], [], [], [], [], [], [], [], [], [], [], [], [], [], [], [], [], [], [], [], [], [], [], [], [], [], [], [], [], [], [], [], [], [], [], [], [], [], [], [], [], [], [], [], [], [], [], [], [], [], [], [], [], [], [], [], [], [], [], [], [], [], [], [], [], [], [], [], [], [], [], [], [], [], [], [], [], [], [], [], [], [{"tid": 0, "generated": 0, "bbox": {"xmin": 551, "ymin": 394, "ymax": 616, "xmax": 858}}, {"tid": 1, "generated": 0, "bbox": {"xmin": 1, "ymin": 432, "ymax": 719, "xmax": 541}}], [{"tid": 0, "generated": 0, "bbox": {"xmin": 551, "ymin": 394, "ymax": 616, "xmax": 857}}, {"tid": 1, "generated": 0, "bbox": {"xmin": 1, "ymin": 432, "ymax": 719, "xmax": 541}}], [{"tid": 0, "generated": 0, "bbox": {"xmin": 551, "ymin": 394, "ymax": 617, "xmax": 857}}, {"tid": 1, "generated": 0, "bbox": {"xmin": 1, "ymin": 432, "ymax": 719, "xmax": 541}}], [{"tid": 0, "generated": 0, "bbox": {"xmin": 552, "ymin": 394, "ymax": 618, "xmax": 857}}, {"tid": 1, "generated": 0, "bbox": {"xmin": 1, "ymin": 432, "ymax": 719, "xmax": 541}}], [{"tid": 0, "generated": 0, "bbox": {"xmin": 552, "ymin": 394, "ymax": 619, "xmax": 857}}, {"tid": 1, "generated": 0, "bbox": {"xmin": 1, "ymin": 432, "ymax": 719, "xmax": 541}}], [{"tid": 0, "generated": 0, "bbox": {"xmin": 553, "ymin": 394, "ymax": 619, "xmax": 857}}, {"tid": 1, "generated": 0, "bbox": {"xmin": 1, "ymin": 432, "ymax": 719, "xmax": 541}}], [{"tid": 0, "generated": 0, "bbox": {"xmin": 553, "ymin": 394, "ymax": 620, "xmax": 857}}, {"tid": 1, "generated": 0, "bbox": {"xmin": 1, "ymin": 432, "ymax": 719, "xmax": 541}}], [{"tid": 0, "generated": 0, "bbox": {"xmin": 554, "ymin": 394, "ymax": 621, "xmax": 857}}, {"tid": 1, "generated": 0, "bbox": {"xmin": 1, "ymin": 432, "ymax": 719, "xmax": 541}}], [{"tid": 0, "generated": 0, "bbox": {"xmin": 554, "ymin": 394, "ymax": 622, "xmax": 857}}, {"tid": 1, "generated": 0, "bbox": {"xmin": 1, "ymin": 432, "ymax": 719, "xmax": 541}}], [{"tid": 0, "generated": 0, "bbox": {"xmin": 555, "ymin": 394, "ymax": 622, "xmax": 857}}, {"tid": 1, "generated": 0, "bbox": {"xmin": 1, "ymin": 432, "ymax": 719, "xmax": 541}}], [{"tid": 0, "generated": 0, "bbox": {"xmin": 555, "ymin": 394, "ymax": 623, "xmax": 857}}, {"tid": 1, "generated": 0, "bbox": {"xmin": 1, "ymin": 431, "ymax": 719, "xmax": 541}}], [{"tid": 0, "generated": 0, "bbox": {"xmin": 555, "ymin": 394, "ymax": 624, "xmax": 856}}, {"tid": 1, "generated": 0, "bbox": {"xmin": 1, "ymin": 430, "ymax": 719, "xmax": 541}}], [{"tid": 0, "generated": 0, "bbox": {"xmin": 556, "ymin": 394, "ymax": 625, "xmax": 856}}, {"tid": 1, "generated": 0, "bbox": {"xmin": 1, "ymin": 428, "ymax": 719, "xmax": 541}}], [{"tid": 0, "generated": 0, "bbox": {"xmin": 556, "ymin": 394, "ymax": 625, "xmax": 856}}, {"tid": 1, "generated": 0, "bbox": {"xmin": 1, "ymin": 427, "ymax": 719, "xmax": 541}}], [{"tid": 0, "generated": 0, "bbox": {"xmin": 557, "ymin": 394, "ymax": 626, "xmax": 856}}, {"tid": 1, "generated": 0, "bbox": {"xmin": 1, "ymin": 426, "ymax": 719, "xmax": 541}}], [{"tid": 0, "generated": 0, "bbox": {"xmin": 557, "ymin": 394, "ymax": 627, "xmax": 856}}, {"tid": 1, "generated": 0, "bbox": {"xmin": 1, "ymin": 424, "ymax": 719, "xmax": 541}}], [{"tid": 0, "generated": 0, "bbox": {"xmin": 558, "ymin": 394, "ymax": 628, "xmax": 856}}, {"tid": 1, "generated": 0, "bbox": {"xmin": 1, "ymin": 422, "ymax": 719, "xmax": 541}}], [{"tid": 0, "generated": 0, "bbox": {"xmin": 558, "ymin": 394, "ymax": 628, "xmax": 856}}, {"tid": 1, "generated": 0, "bbox": {"xmin": 1, "ymin": 421, "ymax": 719, "xmax": 542}}], [{"tid": 0, "generated": 0, "bbox": {"xmin": 559, "ymin": 394, "ymax": 629, "xmax": 856}}, {"tid": 1, "generated": 0, "bbox": {"xmin": 1, "ymin": 419, "ymax": 719, "xmax": 542}}], [{"tid": 0, "generated": 0, "bbox": {"xmin": 559, "ymin": 394, "ymax": 630, "xmax": 856}}, {"tid": 1, "generated": 0, "bbox": {"xmin": 1, "ymin": 417, "ymax": 719, "xmax": 542}}], [{"tid": 0, "generated": 0, "bbox": {"xmin": 560, "ymin": 394, "ymax": 631, "xmax": 856}}, {"tid": 1, "generated": 0, "bbox": {"xmin": 1, "ymin": 412, "ymax": 719, "xmax": 540}}], [{"tid": 0, "generated": 0, "bbox": {"xmin": 560, "ymin": 394, "ymax": 630, "xmax": 855}}, {"tid": 1, "generated": 0, "bbox": {"xmin": 1, "ymin": 407, "ymax": 719, "xmax": 538}}], [{"tid": 0, "generated": 0, "bbox": {"xmin": 560, "ymin": 394, "ymax": 630, "xmax": 855}}, {"tid": 1, "generated": 0, "bbox": {"xmin": 1, "ymin": 403, "ymax": 719, "xmax": 535}}], [{"tid": 0, "generated": 0, "bbox": {"xmin": 560, "ymin": 394, "ymax": 630, "xmax": 855}}, {"tid": 1, "generated": 0, "bbox": {"xmin": 1, "ymin": 398, "ymax": 719, "xmax": 533}}], [{"tid": 0, "generated": 0, "bbox": {"xmin": 560, "ymin": 394, "ymax": 629, "xmax": 855}}, {"tid": 1, "generated": 0, "bbox": {"xmin": 1, "ymin": 393, "ymax": 719, "xmax": 531}}], [{"tid": 0, "generated": 0, "bbox": {"xmin": 560, "ymin": 394, "ymax": 629, "xmax": 854}}, {"tid": 1, "generated": 0, "bbox": {"xmin": 1, "ymin": 391, "ymax": 719, "xmax": 527}}], [{"tid": 0, "generated": 0, "bbox": {"xmin": 560, "ymin": 394, "ymax": 629, "xmax": 854}}, {"tid": 1, "generated": 0, "bbox": {"xmin": 1, "ymin": 389, "ymax": 719, "xmax": 523}}], [{"tid": 0, "generated": 0, "bbox": {"xmin": 560, "ymin": 394, "ymax": 629, "xmax": 854}}, {"tid": 1, "generated": 0, "bbox": {"xmin": 1, "ymin": 388, "ymax": 719, "xmax": 518}}], [{"tid": 0, "generated": 0, "bbox": {"xmin": 560, "ymin": 394, "ymax": 628, "xmax": 854}}, {"tid": 1, "generated": 0, "bbox": {"xmin": 1, "ymin": 386, "ymax": 719, "xmax": 514}}], [{"tid": 0, "generated": 0, "bbox": {"xmin": 560, "ymin": 394, "ymax": 628, "xmax": 854}}, {"tid": 1, "generated": 0, "bbox": {"xmin": 1, "ymin": 384, "ymax": 719, "xmax": 510}}]], "subject/objects": [{"category": "turtle", "tid": 0}, {"category": "person", "tid": 1}], "relation_instances": [{"end_fid": 300, "subject_tid": 0, "predicate": "lie_front", "begin_fid": 270, "object_tid": 1}, {"end_fid": 300, "subject_tid": 1, "predicate": "creep_behind", "begin_fid": 270, "object_tid": 0}, {"end_fid": 300, "subject_tid": 1, "predicate": "creep_toward", "begin_fid": 270, "object_tid": 0}, {"end_fid": 300, "subject_tid": 1, "predicate": "watch", "begin_fid": 270, "object_tid": 0}, {"end_fid": 405, "subject_tid": 0, "predicate": "lie_front", "begin_fid": 375, "object_tid": 1}, {"end_fid": 405, "subject_tid": 1, "predicate": "lie_behind", "begin_fid": 375, "object_tid": 0}, {"end_fid": 405, "subject_tid": 1, "predicate": "watch", "begin_fid": 375, "object_tid": 0}, {"end_fid": 540, "subject_tid": 0, "predicate": "lie_front", "begin_fid": 510, "object_tid": 1}, {"end_fid": 540, "subject_tid": 1, "predicate": "lie_behind", "begin_fid": 510, "object_tid": 0}, {"end_fid": 540, "subject_tid": 1, "predicate": "watch", "begin_fid": 510, "object_tid": 0}, {"end_fid": 540, "subject_tid": 1, "predicate": "touch", "begin_fid": 510, "object_tid": 0}, {"end_fid": 720, "subject_tid": 0, "predicate": "lie_front", "begin_fid": 690, "object_tid": 1}, {"end_fid": 720, "subject_tid": 1, "predicate": "lie_behind", "begin_fid": 690, "object_tid": 0}, {"end_fid": 720, "subject_tid": 1, "predicate": "watch", "begin_fid": 690, "object_tid": 0}, {"end_fid": 720, "subject_tid": 1, "predicate": "touch", "begin_fid": 690, "object_tid": 0}], "height": 720}