{"width": 1280, "frame_count": 190, "video_id": "ILSVRC2015_train_00181004", "fps": 30, "trajectories": [[{"tid": 0, "generated": 0, "bbox": {"xmin": 602, "ymin": 446, "ymax": 519, "xmax": 652}}, {"tid": 2, "generated": 0, "bbox": {"xmin": 605, "ymin": 432, "ymax": 516, "xmax": 656}}], [{"tid": 0, "generated": 0, "bbox": {"xmin": 602, "ymin": 446, "ymax": 519, "xmax": 652}}, {"tid": 2, "generated": 0, "bbox": {"xmin": 605, "ymin": 432, "ymax": 516, "xmax": 656}}], [{"tid": 0, "generated": 0, "bbox": {"xmin": 603, "ymin": 446, "ymax": 519, "xmax": 653}}, {"tid": 2, "generated": 0, "bbox": {"xmin": 605, "ymin": 432, "ymax": 516, "xmax": 656}}], [{"tid": 0, "generated": 0, "bbox": {"xmin": 604, "ymin": 446, "ymax": 519, "xmax": 654}}, {"tid": 2, "generated": 0, "bbox": {"xmin": 605, "ymin": 432, "ymax": 516, "xmax": 656}}], [{"tid": 0, "generated": 0, "bbox": {"xmin": 605, "ymin": 446, "ymax": 519, "xmax": 654}}, {"tid": 2, "generated": 0, "bbox": {"xmin": 605, "ymin": 432, "ymax": 516, "xmax": 656}}], [{"tid": 0, "generated": 0, "bbox": {"xmin": 606, "ymin": 446, "ymax": 519, "xmax": 655}}, {"tid": 2, "generated": 0, "bbox": {"xmin": 605, "ymin": 432, "ymax": 516, "xmax": 656}}], [{"tid": 0, "generated": 0, "bbox": {"xmin": 607, "ymin": 446, "ymax": 519, "xmax": 656}}, {"tid": 2, "generated": 0, "bbox": {"xmin": 606, "ymin": 431, "ymax": 516, "xmax": 657}}], [{"tid": 0, "generated": 0, "bbox": {"xmin": 608, "ymin": 446, "ymax": 519, "xmax": 656}}, {"tid": 2, "generated": 0, "bbox": {"xmin": 607, "ymin": 430, "ymax": 515, "xmax": 658}}], [{"tid": 0, "generated": 0, "bbox": {"xmin": 609, "ymin": 446, "ymax": 519, "xmax": 657}}, {"tid": 2, "generated": 0, "bbox": {"xmin": 609, "ymin": 430, "ymax": 515, "xmax": 659}}], [{"tid": 0, "generated": 0, "bbox": {"xmin": 610, "ymin": 446, "ymax": 519, "xmax": 658}}, {"tid": 2, "generated": 0, "bbox": {"xmin": 610, "ymin": 429, "ymax": 514, "xmax": 660}}], [{"tid": 0, "generated": 0, "bbox": {"xmin": 611, "ymin": 446, "ymax": 520, "xmax": 659}}, {"tid": 2, "generated": 0, "bbox": {"xmin": 611, "ymin": 428, "ymax": 514, "xmax": 661}}], [{"tid": 0, "generated": 0, "bbox": {"xmin": 612, "ymin": 446, "ymax": 520, "xmax": 660}}, {"tid": 2, "generated": 0, "bbox": {"xmin": 612, "ymin": 429, "ymax": 515, "xmax": 662}}], [{"tid": 0, "generated": 0, "bbox": {"xmin": 614, "ymin": 447, "ymax": 520, "xmax": 661}}, {"tid": 2, "generated": 0, "bbox": {"xmin": 614, "ymin": 429, "ymax": 515, "xmax": 664}}], [{"tid": 0, "generated": 0, "bbox": {"xmin": 615, "ymin": 447, "ymax": 520, "xmax": 663}}, {"tid": 2, "generated": 0, "bbox": {"xmin": 615, "ymin": 430, "ymax": 516, "xmax": 665}}], [{"tid": 0, "generated": 0, "bbox": {"xmin": 617, "ymin": 448, "ymax": 520, "xmax": 664}}, {"tid": 2, "generated": 0, "bbox": {"xmin": 617, "ymin": 430, "ymax": 516, "xmax": 667}}], [{"tid": 0, "generated": 0, "bbox": {"xmin": 619, "ymin": 448, "ymax": 520, "xmax": 666}}, {"tid": 2, "generated": 0, "bbox": {"xmin": 618, "ymin": 431, "ymax": 517, "xmax": 668}}], [{"tid": 0, "generated": 0, "bbox": {"xmin": 620, "ymin": 449, "ymax": 520, "xmax": 667}}, {"tid": 2, "generated": 0, "bbox": {"xmin": 619, "ymin": 431, "ymax": 517, "xmax": 669}}], [{"tid": 0, "generated": 0, "bbox": {"xmin": 622, "ymin": 449, "ymax": 520, "xmax": 668}}, {"tid": 2, "generated": 0, "bbox": {"xmin": 621, "ymin": 431, "ymax": 517, "xmax": 671}}], [{"tid": 0, "generated": 0, "bbox": {"xmin": 623, "ymin": 450, "ymax": 520, "xmax": 670}}, {"tid": 2, "generated": 0, "bbox": {"xmin": 622, "ymin": 431, "ymax": 517, "xmax": 672}}], [{"tid": 0, "generated": 0, "bbox": {"xmin": 625, "ymin": 450, "ymax": 520, "xmax": 671}}, {"tid": 2, "generated": 0, "bbox": {"xmin": 624, "ymin": 431, "ymax": 517, "xmax": 674}}], [{"tid": 0, "generated": 0, "bbox": {"xmin": 627, "ymin": 451, "ymax": 520, "xmax": 673}}, {"tid": 2, "generated": 0, "bbox": {"xmin": 625, "ymin": 431, "ymax": 517, "xmax": 675}}], [{"tid": 0, "generated": 0, "bbox": {"xmin": 627, "ymin": 451, "ymax": 520, "xmax": 673}}, {"tid": 2, "generated": 0, "bbox": {"xmin": 625, "ymin": 431, "ymax": 517, "xmax": 675}}], [{"tid": 0, "generated": 0, "bbox": {"xmin": 628, "ymin": 451, "ymax": 520, "xmax": 673}}, {"tid": 2, "generated": 0, "bbox": {"xmin": 626, "ymin": 431, "ymax": 517, "xmax": 676}}], [{"tid": 0, "generated": 0, "bbox": {"xmin": 629, "ymin": 451, "ymax": 520, "xmax": 673}}, {"tid": 2, "generated": 0, "bbox": {"xmin": 626, "ymin": 431, "ymax": 517, "xmax": 676}}], [{"tid": 0, "generated": 0, "bbox": {"xmin": 629, "ymin": 451, "ymax": 520, "xmax": 673}}, {"tid": 2, "generated": 0, "bbox": {"xmin": 627, "ymin": 431, "ymax": 517, "xmax": 677}}], [{"tid": 0, "generated": 0, "bbox": {"xmin": 630, "ymin": 451, "ymax": 520, "xmax": 673}}, {"tid": 2, "generated": 0, "bbox": {"xmin": 627, "ymin": 431, "ymax": 517, "xmax": 677}}], [{"tid": 0, "generated": 0, "bbox": {"xmin": 631, "ymin": 451, "ymax": 520, "xmax": 673}}, {"tid": 2, "generated": 0, "bbox": {"xmin": 625, "ymin": 432, "ymax": 518, "xmax": 675}}], [{"tid": 0, "generated": 0, "bbox": {"xmin": 628, "ymin": 451, "ymax": 520, "xmax": 670}}, {"tid": 2, "generated": 0, "bbox": {"xmin": 624, "ymin": 433, "ymax": 519, "xmax": 674}}], [{"tid": 0, "generated": 0, "bbox": {"xmin": 626, "ymin": 452, "ymax": 521, "xmax": 668}}, {"tid": 2, "generated": 0, "bbox": {"xmin": 622, "ymin": 434, "ymax": 520, "xmax": 672}}], [{"tid": 0, "generated": 0, "bbox": {"xmin": 624, "ymin": 452, "ymax": 521, "xmax": 666}}, {"tid": 2, "generated": 0, "bbox": {"xmin": 621, "ymin": 435, "ymax": 521, "xmax": 671}}], [], [], [], [], [], [], [], [], [], [], [], [], [], [], [], [], [], [], [], [], [], [], [], [], [], [], [], [], [], [], [], [], [], [], [], [], [], [], [], [], [], [], [], [], [], [{"tid": 1, "generated": 0, "bbox": {"xmin": 599, "ymin": 458, "ymax": 536, "xmax": 670}}, {"tid": 2, "generated": 0, "bbox": {"xmin": 604, "ymin": 435, "ymax": 527, "xmax": 671}}], [{"tid": 1, "generated": 0, "bbox": {"xmin": 583, "ymin": 462, "ymax": 533, "xmax": 659}}, {"tid": 2, "generated": 0, "bbox": {"xmin": 592, "ymin": 434, "ymax": 526, "xmax": 659}}], [{"tid": 1, "generated": 0, "bbox": {"xmin": 570, "ymin": 465, "ymax": 536, "xmax": 647}}, {"tid": 2, "generated": 0, "bbox": {"xmin": 581, "ymin": 432, "ymax": 524, "xmax": 648}}], [{"tid": 1, "generated": 0, "bbox": {"xmin": 552, "ymin": 458, "ymax": 536, "xmax": 629}}, {"tid": 2, "generated": 0, "bbox": {"xmin": 569, "ymin": 431, "ymax": 523, "xmax": 636}}], [{"tid": 1, "generated": 0, "bbox": {"xmin": 545, "ymin": 456, "ymax": 538, "xmax": 622}}, {"tid": 2, "generated": 0, "bbox": {"xmin": 558, "ymin": 429, "ymax": 521, "xmax": 625}}], [{"tid": 1, "generated": 0, "bbox": {"xmin": 529, "ymin": 449, "ymax": 535, "xmax": 606}}, {"tid": 2, "generated": 0, "bbox": {"xmin": 546, "ymin": 428, "ymax": 520, "xmax": 613}}], [{"tid": 1, "generated": 0, "bbox": {"xmin": 519, "ymin": 451, "ymax": 536, "xmax": 599}}, {"tid": 2, "generated": 0, "bbox": {"xmin": 534, "ymin": 422, "ymax": 521, "xmax": 604}}], [{"tid": 1, "generated": 0, "bbox": {"xmin": 504, "ymin": 451, "ymax": 536, "xmax": 584}}, {"tid": 2, "generated": 0, "bbox": {"xmin": 522, "ymin": 416, "ymax": 522, "xmax": 596}}], [{"tid": 1, "generated": 0, "bbox": {"xmin": 499, "ymin": 444, "ymax": 533, "xmax": 577}}, {"tid": 2, "generated": 0, "bbox": {"xmin": 510, "ymin": 410, "ymax": 522, "xmax": 587}}], [{"tid": 1, "generated": 0, "bbox": {"xmin": 488, "ymin": 440, "ymax": 531, "xmax": 570}}, {"tid": 2, "generated": 0, "bbox": {"xmin": 498, "ymin": 404, "ymax": 523, "xmax": 579}}], [{"tid": 1, "generated": 0, "bbox": {"xmin": 483, "ymin": 439, "ymax": 531, "xmax": 565}}, {"tid": 2, "generated": 0, "bbox": {"xmin": 486, "ymin": 398, "ymax": 524, "xmax": 570}}], [{"tid": 1, "generated": 0, "bbox": {"xmin": 472, "ymin": 433, "ymax": 526, "xmax": 561}}, {"tid": 2, "generated": 0, "bbox": {"xmin": 476, "ymin": 392, "ymax": 518, "xmax": 560}}], [{"tid": 1, "generated": 0, "bbox": {"xmin": 462, "ymin": 426, "ymax": 526, "xmax": 551}}, {"tid": 2, "generated": 0, "bbox": {"xmin": 465, "ymin": 387, "ymax": 513, "xmax": 549}}], [{"tid": 1, "generated": 0, "bbox": {"xmin": 449, "ymin": 419, "ymax": 517, "xmax": 538}}, {"tid": 2, "generated": 0, "bbox": {"xmin": 455, "ymin": 381, "ymax": 507, "xmax": 539}}], [{"tid": 1, "generated": 0, "bbox": {"xmin": 440, "ymin": 411, "ymax": 512, "xmax": 530}}, {"tid": 2, "generated": 0, "bbox": {"xmin": 444, "ymin": 376, "ymax": 502, "xmax": 528}}], [{"tid": 1, "generated": 0, "bbox": {"xmin": 432, "ymin": 404, "ymax": 507, "xmax": 523}}, {"tid": 2, "generated": 0, "bbox": {"xmin": 434, "ymin": 370, "ymax": 496, "xmax": 518}}], [{"tid": 1, "generated": 0, "bbox": {"xmin": 424, "ymin": 396, "ymax": 502, "xmax": 515}}, {"tid": 2, "generated": 0, "bbox": {"xmin": 429, "ymin": 363, "ymax": 489, "xmax": 513}}], [{"tid": 1, "generated": 0, "bbox": {"xmin": 416, "ymin": 389, "ymax": 497, "xmax": 508}}, {"tid": 2, "generated": 0, "bbox": {"xmin": 425, "ymin": 355, "ymax": 481, "xmax": 509}}], [{"tid": 1, "generated": 0, "bbox": {"xmin": 413, "ymin": 380, "ymax": 491, "xmax": 506}}, {"tid": 2, "generated": 0, "bbox": {"xmin": 420, "ymin": 348, "ymax": 474, "xmax": 504}}], [{"tid": 1, "generated": 0, "bbox": {"xmin": 410, "ymin": 372, "ymax": 485, "xmax": 504}}, {"tid": 2, "generated": 0, "bbox": {"xmin": 416, "ymin": 340, "ymax": 466, "xmax": 500}}], [{"tid": 1, "generated": 0, "bbox": {"xmin": 407, "ymin": 364, "ymax": 479, "xmax": 502}}, {"tid": 2, "generated": 0, "bbox": {"xmin": 411, "ymin": 333, "ymax": 459, "xmax": 495}}], [{"tid": 1, "generated": 0, "bbox": {"xmin": 404, "ymin": 355, "ymax": 473, "xmax": 500}}, {"tid": 2, "generated": 0, "bbox": {"xmin": 408, "ymin": 327, "ymax": 456, "xmax": 495}}], [{"tid": 1, "generated": 0, "bbox": {"xmin": 401, "ymin": 347, "ymax": 467, "xmax": 498}}, {"tid": 2, "generated": 0, "bbox": {"xmin": 405, "ymin": 321, "ymax": 453, "xmax": 495}}], [{"tid": 1, "generated": 0, "bbox": {"xmin": 398, "ymin": 339, "ymax": 462, "xmax": 497}}, {"tid": 2, "generated": 0, "bbox": {"xmin": 402, "ymin": 315, "ymax": 451, "xmax": 495}}], [{"tid": 1, "generated": 0, "bbox": {"xmin": 397, "ymin": 340, "ymax": 463, "xmax": 496}}, {"tid": 2, "generated": 0, "bbox": {"xmin": 399, "ymin": 309, "ymax": 448, "xmax": 495}}], [{"tid": 1, "generated": 0, "bbox": {"xmin": 396, "ymin": 341, "ymax": 465, "xmax": 496}}, {"tid": 2, "generated": 0, "bbox": {"xmin": 396, "ymin": 303, "ymax": 445, "xmax": 495}}], [{"tid": 1, "generated": 0, "bbox": {"xmin": 389, "ymin": 336, "ymax": 461, "xmax": 490}}, {"tid": 2, "generated": 0, "bbox": {"xmin": 390, "ymin": 299, "ymax": 441, "xmax": 489}}], [{"tid": 1, "generated": 0, "bbox": {"xmin": 382, "ymin": 332, "ymax": 457, "xmax": 484}}, {"tid": 2, "generated": 0, "bbox": {"xmin": 384, "ymin": 294, "ymax": 436, "xmax": 483}}], [{"tid": 1, "generated": 0, "bbox": {"xmin": 375, "ymin": 327, "ymax": 453, "xmax": 478}}, {"tid": 2, "generated": 0, "bbox": {"xmin": 377, "ymin": 290, "ymax": 432, "xmax": 476}}], [{"tid": 1, "generated": 0, "bbox": {"xmin": 368, "ymin": 323, "ymax": 450, "xmax": 472}}, {"tid": 2, "generated": 0, "bbox": {"xmin": 371, "ymin": 285, "ymax": 427, "xmax": 470}}], [], [], [], [], [], [], [], [], [], [], [], [], [], [], [], [], [], [], [], [], [], [], [], [], [], [], [], [], [], [], [], [], [], [], [], [], [], [], [], [], [], [], [], [], [], [{"tid": 1, "generated": 0, "bbox": {"xmin": 355, "ymin": 218, "ymax": 346, "xmax": 437}}, {"tid": 2, "generated": 0, "bbox": {"xmin": 376, "ymin": 203, "ymax": 353, "xmax": 454}}], [{"tid": 1, "generated": 0, "bbox": {"xmin": 360, "ymin": 222, "ymax": 348, "xmax": 442}}, {"tid": 2, "generated": 0, "bbox": {"xmin": 381, "ymin": 204, "ymax": 354, "xmax": 459}}], [{"tid": 1, "generated": 0, "bbox": {"xmin": 369, "ymin": 227, "ymax": 353, "xmax": 451}}, {"tid": 2, "generated": 0, "bbox": {"xmin": 386, "ymin": 206, "ymax": 356, "xmax": 464}}], [{"tid": 1, "generated": 0, "bbox": {"xmin": 378, "ymin": 229, "ymax": 357, "xmax": 460}}, {"tid": 2, "generated": 0, "bbox": {"xmin": 391, "ymin": 207, "ymax": 357, "xmax": 469}}], [{"tid": 1, "generated": 0, "bbox": {"xmin": 392, "ymin": 234, "ymax": 360, "xmax": 469}}, {"tid": 2, "generated": 0, "bbox": {"xmin": 396, "ymin": 209, "ymax": 359, "xmax": 474}}], [{"tid": 1, "generated": 0, "bbox": {"xmin": 398, "ymin": 248, "ymax": 362, "xmax": 476}}, {"tid": 2, "generated": 0, "bbox": {"xmin": 401, "ymin": 210, "ymax": 360, "xmax": 479}}], [{"tid": 1, "generated": 0, "bbox": {"xmin": 410, "ymin": 259, "ymax": 373, "xmax": 488}}, {"tid": 2, "generated": 0, "bbox": {"xmin": 410, "ymin": 221, "ymax": 369, "xmax": 488}}], [{"tid": 1, "generated": 0, "bbox": {"xmin": 416, "ymin": 266, "ymax": 380, "xmax": 492}}, {"tid": 2, "generated": 0, "bbox": {"xmin": 418, "ymin": 233, "ymax": 378, "xmax": 498}}], [{"tid": 1, "generated": 0, "bbox": {"xmin": 426, "ymin": 280, "ymax": 394, "xmax": 504}}, {"tid": 2, "generated": 0, "bbox": {"xmin": 427, "ymin": 244, "ymax": 388, "xmax": 507}}], [{"tid": 1, "generated": 0, "bbox": {"xmin": 435, "ymin": 289, "ymax": 403, "xmax": 510}}, {"tid": 2, "generated": 0, "bbox": {"xmin": 435, "ymin": 256, "ymax": 397, "xmax": 517}}], [{"tid": 1, "generated": 0, "bbox": {"xmin": 444, "ymin": 293, "ymax": 407, "xmax": 519}}, {"tid": 2, "generated": 0, "bbox": {"xmin": 444, "ymin": 267, "ymax": 406, "xmax": 526}}], [{"tid": 1, "generated": 0, "bbox": {"xmin": 451, "ymin": 302, "ymax": 410, "xmax": 526}}, {"tid": 2, "generated": 0, "bbox": {"xmin": 453, "ymin": 277, "ymax": 414, "xmax": 533}}], [{"tid": 1, "generated": 0, "bbox": {"xmin": 460, "ymin": 312, "ymax": 419, "xmax": 533}}, {"tid": 2, "generated": 0, "bbox": {"xmin": 462, "ymin": 286, "ymax": 422, "xmax": 541}}], [{"tid": 1, "generated": 0, "bbox": {"xmin": 467, "ymin": 325, "ymax": 433, "xmax": 536}}, {"tid": 2, "generated": 0, "bbox": {"xmin": 472, "ymin": 296, "ymax": 431, "xmax": 548}}], [{"tid": 1, "generated": 0, "bbox": {"xmin": 476, "ymin": 339, "ymax": 440, "xmax": 544}}, {"tid": 2, "generated": 0, "bbox": {"xmin": 481, "ymin": 305, "ymax": 439, "xmax": 556}}], [{"tid": 1, "generated": 0, "bbox": {"xmin": 488, "ymin": 348, "ymax": 451, "xmax": 556}}, {"tid": 2, "generated": 0, "bbox": {"xmin": 490, "ymin": 315, "ymax": 447, "xmax": 563}}], [{"tid": 1, "generated": 0, "bbox": {"xmin": 499, "ymin": 355, "ymax": 458, "xmax": 567}}, {"tid": 2, "generated": 0, "bbox": {"xmin": 499, "ymin": 323, "ymax": 454, "xmax": 571}}], [{"tid": 1, "generated": 0, "bbox": {"xmin": 508, "ymin": 366, "ymax": 465, "xmax": 577}}, {"tid": 2, "generated": 0, "bbox": {"xmin": 508, "ymin": 332, "ymax": 462, "xmax": 579}}], [{"tid": 1, "generated": 0, "bbox": {"xmin": 520, "ymin": 375, "ymax": 474, "xmax": 588}}, {"tid": 2, "generated": 0, "bbox": {"xmin": 516, "ymin": 340, "ymax": 469, "xmax": 587}}], [{"tid": 1, "generated": 0, "bbox": {"xmin": 528, "ymin": 385, "ymax": 481, "xmax": 595}}, {"tid": 2, "generated": 0, "bbox": {"xmin": 525, "ymin": 349, "ymax": 477, "xmax": 595}}], [{"tid": 1, "generated": 0, "bbox": {"xmin": 538, "ymin": 391, "ymax": 488, "xmax": 600}}, {"tid": 2, "generated": 0, "bbox": {"xmin": 534, "ymin": 357, "ymax": 484, "xmax": 603}}], [{"tid": 1, "generated": 0, "bbox": {"xmin": 549, "ymin": 396, "ymax": 492, "xmax": 609}}, {"tid": 2, "generated": 0, "bbox": {"xmin": 544, "ymin": 365, "ymax": 490, "xmax": 612}}], [{"tid": 1, "generated": 0, "bbox": {"xmin": 556, "ymin": 401, "ymax": 499, "xmax": 616}}, {"tid": 2, "generated": 0, "bbox": {"xmin": 554, "ymin": 373, "ymax": 496, "xmax": 622}}], [{"tid": 1, "generated": 0, "bbox": {"xmin": 565, "ymin": 412, "ymax": 506, "xmax": 627}}, {"tid": 2, "generated": 0, "bbox": {"xmin": 563, "ymin": 382, "ymax": 503, "xmax": 631}}], [{"tid": 1, "generated": 0, "bbox": {"xmin": 574, "ymin": 416, "ymax": 510, "xmax": 634}}, {"tid": 2, "generated": 0, "bbox": {"xmin": 573, "ymin": 390, "ymax": 509, "xmax": 641}}], [{"tid": 1, "generated": 0, "bbox": {"xmin": 579, "ymin": 424, "ymax": 515, "xmax": 640}}, {"tid": 2, "generated": 0, "bbox": {"xmin": 583, "ymin": 398, "ymax": 515, "xmax": 650}}], [{"tid": 1, "generated": 0, "bbox": {"xmin": 588, "ymin": 426, "ymax": 515, "xmax": 650}}, {"tid": 2, "generated": 0, "bbox": {"xmin": 590, "ymin": 400, "ymax": 516, "xmax": 655}}], [{"tid": 1, "generated": 0, "bbox": {"xmin": 595, "ymin": 426, "ymax": 515, "xmax": 656}}, {"tid": 2, "generated": 0, "bbox": {"xmin": 597, "ymin": 402, "ymax": 518, "xmax": 660}}], [{"tid": 1, "generated": 0, "bbox": {"xmin": 604, "ymin": 426, "ymax": 515, "xmax": 666}}, {"tid": 2, "generated": 0, "bbox": {"xmin": 603, "ymin": 403, "ymax": 519, "xmax": 665}}], [{"tid": 1, "generated": 0, "bbox": {"xmin": 609, "ymin": 432, "ymax": 517, "xmax": 664}}, {"tid": 2, "generated": 0, "bbox": {"xmin": 610, "ymin": 405, "ymax": 521, "xmax": 670}}]], "subject/objects": [{"category": "motorcycle", "tid": 0}, {"category": "motorcycle", "tid": 1}, {"category": "person", "tid": 2}], "relation_instances": [{"end_fid": 30, "subject_tid": 0, "predicate": "move_beneath", "begin_fid": 0, "object_tid": 2}, {"end_fid": 30, "subject_tid": 2, "predicate": "sit_above", "begin_fid": 0, "object_tid": 0}, {"end_fid": 30, "subject_tid": 2, "predicate": "ride", "begin_fid": 0, "object_tid": 0}, {"end_fid": 105, "subject_tid": 1, "predicate": "move_beneath", "begin_fid": 75, "object_tid": 2}, {"end_fid": 105, "subject_tid": 2, "predicate": "sit_above", "begin_fid": 75, "object_tid": 1}, {"end_fid": 105, "subject_tid": 2, "predicate": "ride", "begin_fid": 75, "object_tid": 1}, {"end_fid": 180, "subject_tid": 1, "predicate": "move_beneath", "begin_fid": 150, "object_tid": 2}, {"end_fid": 180, "subject_tid": 2, "predicate": "sit_above", "begin_fid": 150, "object_tid": 1}, {"end_fid": 180, "subject_tid": 2, "predicate": "ride", "begin_fid": 150, "object_tid": 1}], "height": 720}