{"width": 1280, "frame_count": 810, "video_id": "ILSVRC2015_train_00837002", "fps": 30, "trajectories": [[], [], [], [], [], [], [], [], [], [], [], [], [], [], [], [], [], [], [], [], [], [], [], [], [], [], [], [], [], [], [], [], [], [], [], [], [], [], [], [], [], [], [], [], [], [], [], [], [], [], [], [], [], [], [], [], [], [], [], [], [], [], [], [], [], [], [], [], [], [], [], [], [], [], [], [], [], [], [], [], [], [], [], [], [], [], [], [], [], [], [], [], [], [], [], [], [], [], [], [], [], [], [], [], [], [], [], [], [], [], [], [], [], [], [], [], [], [], [], [], [], [], [], [], [], [], [], [], [], [], [], [], [], [], [], [], [], [], [], [], [], [], [], [], [], [], [], [], [], [], [], [], [], [], [], [], [], [], [], [], [], [], [], [], [], [{"tid": 0, "generated": 0, "bbox": {"xmin": 760, "ymin": 414, "ymax": 448, "xmax": 794}}, {"tid": 2, "generated": 0, "bbox": {"xmin": 0, "ymin": 304, "ymax": 719, "xmax": 190}}], [{"tid": 0, "generated": 0, "bbox": {"xmin": 759, "ymin": 414, "ymax": 448, "xmax": 792}}, {"tid": 2, "generated": 0, "bbox": {"xmin": 0, "ymin": 304, "ymax": 719, "xmax": 190}}], [{"tid": 0, "generated": 0, "bbox": {"xmin": 757, "ymin": 412, "ymax": 448, "xmax": 792}}, {"tid": 2, "generated": 0, "bbox": {"xmin": 0, "ymin": 304, "ymax": 719, "xmax": 189}}], [{"tid": 0, "generated": 0, "bbox": {"xmin": 755, "ymin": 412, "ymax": 448, "xmax": 791}}, {"tid": 2, "generated": 0, "bbox": {"xmin": 0, "ymin": 304, "ymax": 719, "xmax": 189}}], [{"tid": 0, "generated": 0, "bbox": {"xmin": 753, "ymin": 412, "ymax": 448, "xmax": 789}}, {"tid": 2, "generated": 0, "bbox": {"xmin": 0, "ymin": 304, "ymax": 719, "xmax": 188}}], [{"tid": 0, "generated": 0, "bbox": {"xmin": 753, "ymin": 412, "ymax": 448, "xmax": 789}}, {"tid": 2, "generated": 0, "bbox": {"xmin": 0, "ymin": 304, "ymax": 719, "xmax": 188}}], [{"tid": 0, "generated": 0, "bbox": {"xmin": 750, "ymin": 412, "ymax": 448, "xmax": 787}}, {"tid": 2, "generated": 0, "bbox": {"xmin": 0, "ymin": 304, "ymax": 719, "xmax": 185}}], [{"tid": 0, "generated": 0, "bbox": {"xmin": 748, "ymin": 412, "ymax": 449, "xmax": 787}}, {"tid": 2, "generated": 0, "bbox": {"xmin": 0, "ymin": 304, "ymax": 719, "xmax": 182}}], [{"tid": 0, "generated": 0, "bbox": {"xmin": 746, "ymin": 412, "ymax": 451, "xmax": 787}}, {"tid": 2, "generated": 0, "bbox": {"xmin": 0, "ymin": 304, "ymax": 719, "xmax": 178}}], [{"tid": 0, "generated": 0, "bbox": {"xmin": 744, "ymin": 412, "ymax": 451, "xmax": 787}}, {"tid": 2, "generated": 0, "bbox": {"xmin": 0, "ymin": 304, "ymax": 719, "xmax": 175}}], [{"tid": 0, "generated": 0, "bbox": {"xmin": 743, "ymin": 412, "ymax": 453, "xmax": 787}}, {"tid": 2, "generated": 0, "bbox": {"xmin": 0, "ymin": 304, "ymax": 719, "xmax": 172}}], [{"tid": 0, "generated": 0, "bbox": {"xmin": 739, "ymin": 412, "ymax": 455, "xmax": 787}}, {"tid": 2, "generated": 0, "bbox": {"xmin": 0, "ymin": 313, "ymax": 719, "xmax": 172}}], [{"tid": 0, "generated": 0, "bbox": {"xmin": 737, "ymin": 412, "ymax": 455, "xmax": 787}}, {"tid": 2, "generated": 0, "bbox": {"xmin": 0, "ymin": 322, "ymax": 719, "xmax": 172}}], [{"tid": 0, "generated": 0, "bbox": {"xmin": 736, "ymin": 412, "ymax": 456, "xmax": 787}}, {"tid": 2, "generated": 0, "bbox": {"xmin": 0, "ymin": 330, "ymax": 719, "xmax": 172}}], [{"tid": 0, "generated": 0, "bbox": {"xmin": 734, "ymin": 412, "ymax": 458, "xmax": 787}}, {"tid": 2, "generated": 0, "bbox": {"xmin": 0, "ymin": 339, "ymax": 719, "xmax": 172}}], [{"tid": 0, "generated": 0, "bbox": {"xmin": 732, "ymin": 412, "ymax": 460, "xmax": 787}}, {"tid": 2, "generated": 0, "bbox": {"xmin": 0, "ymin": 348, "ymax": 719, "xmax": 172}}], [{"tid": 0, "generated": 0, "bbox": {"xmin": 728, "ymin": 412, "ymax": 460, "xmax": 785}}, {"tid": 2, "generated": 0, "bbox": {"xmin": 0, "ymin": 348, "ymax": 719, "xmax": 172}}], [{"tid": 0, "generated": 0, "bbox": {"xmin": 727, "ymin": 414, "ymax": 462, "xmax": 785}}, {"tid": 2, "generated": 0, "bbox": {"xmin": 0, "ymin": 348, "ymax": 719, "xmax": 172}}], [{"tid": 0, "generated": 0, "bbox": {"xmin": 725, "ymin": 416, "ymax": 464, "xmax": 784}}, {"tid": 2, "generated": 0, "bbox": {"xmin": 0, "ymin": 348, "ymax": 719, "xmax": 172}}], [{"tid": 0, "generated": 0, "bbox": {"xmin": 721, "ymin": 417, "ymax": 464, "xmax": 784}}, {"tid": 2, "generated": 0, "bbox": {"xmin": 0, "ymin": 348, "ymax": 719, "xmax": 172}}], [{"tid": 0, "generated": 0, "bbox": {"xmin": 720, "ymin": 414, "ymax": 467, "xmax": 780}}, {"tid": 2, "generated": 0, "bbox": {"xmin": 0, "ymin": 348, "ymax": 719, "xmax": 172}}], [{"tid": 0, "generated": 0, "bbox": {"xmin": 716, "ymin": 416, "ymax": 467, "xmax": 778}}, {"tid": 2, "generated": 0, "bbox": {"xmin": 0, "ymin": 344, "ymax": 719, "xmax": 172}}], [{"tid": 0, "generated": 0, "bbox": {"xmin": 714, "ymin": 417, "ymax": 469, "xmax": 778}}, {"tid": 2, "generated": 0, "bbox": {"xmin": 0, "ymin": 340, "ymax": 719, "xmax": 172}}], [{"tid": 0, "generated": 0, "bbox": {"xmin": 712, "ymin": 421, "ymax": 469, "xmax": 778}}, {"tid": 2, "generated": 0, "bbox": {"xmin": 0, "ymin": 336, "ymax": 719, "xmax": 172}}], [{"tid": 0, "generated": 0, "bbox": {"xmin": 711, "ymin": 423, "ymax": 471, "xmax": 778}}, {"tid": 2, "generated": 0, "bbox": {"xmin": 0, "ymin": 332, "ymax": 719, "xmax": 172}}], [{"tid": 0, "generated": 0, "bbox": {"xmin": 709, "ymin": 426, "ymax": 472, "xmax": 778}}, {"tid": 2, "generated": 0, "bbox": {"xmin": 0, "ymin": 328, "ymax": 719, "xmax": 172}}], [{"tid": 0, "generated": 0, "bbox": {"xmin": 707, "ymin": 426, "ymax": 472, "xmax": 775}}, {"tid": 2, "generated": 0, "bbox": {"xmin": 0, "ymin": 328, "ymax": 719, "xmax": 172}}], [{"tid": 0, "generated": 0, "bbox": {"xmin": 705, "ymin": 428, "ymax": 472, "xmax": 771}}, {"tid": 2, "generated": 0, "bbox": {"xmin": 0, "ymin": 328, "ymax": 719, "xmax": 172}}], [{"tid": 0, "generated": 0, "bbox": {"xmin": 704, "ymin": 430, "ymax": 474, "xmax": 769}}, {"tid": 2, "generated": 0, "bbox": {"xmin": 0, "ymin": 328, "ymax": 719, "xmax": 172}}], [{"tid": 0, "generated": 0, "bbox": {"xmin": 702, "ymin": 432, "ymax": 474, "xmax": 766}}, {"tid": 2, "generated": 0, "bbox": {"xmin": 0, "ymin": 328, "ymax": 719, "xmax": 172}}]], "subject/objects": [{"category": "whale", "tid": 0}, {"category": "person", "tid": 2}], "relation_instances": [{"end_fid": 195, "subject_tid": 0, "predicate": "jump_behind", "begin_fid": 165, "object_tid": 2}, {"end_fid": 195, "subject_tid": 2, "predicate": "stand_front", "begin_fid": 165, "object_tid": 0}, {"end_fid": 195, "subject_tid": 2, "predicate": "watch", "begin_fid": 165, "object_tid": 0}], "height": 720}