{"width": 1920, "frame_count": 105, "video_id": "ILSVRC2015_train_00040009", "fps": 25, "trajectories": [[{"tid": 0, "generated": 0, "bbox": {"xmin": 1125, "ymin": 498, "ymax": 738, "xmax": 1301}}, {"tid": 2, "generated": 0, "bbox": {"xmin": 1159, "ymin": 500, "ymax": 714, "xmax": 1297}}], [{"tid": 0, "generated": 0, "bbox": {"xmin": 1136, "ymin": 511, "ymax": 748, "xmax": 1310}}, {"tid": 2, "generated": 0, "bbox": {"xmin": 1167, "ymin": 507, "ymax": 721, "xmax": 1305}}], [{"tid": 0, "generated": 0, "bbox": {"xmin": 1148, "ymin": 524, "ymax": 758, "xmax": 1319}}, {"tid": 2, "generated": 0, "bbox": {"xmin": 1175, "ymin": 514, "ymax": 728, "xmax": 1313}}], [{"tid": 0, "generated": 0, "bbox": {"xmin": 1160, "ymin": 538, "ymax": 768, "xmax": 1328}}, {"tid": 2, "generated": 0, "bbox": {"xmin": 1183, "ymin": 521, "ymax": 735, "xmax": 1321}}], [{"tid": 0, "generated": 0, "bbox": {"xmin": 1162, "ymin": 537, "ymax": 765, "xmax": 1336}}, {"tid": 2, "generated": 0, "bbox": {"xmin": 1191, "ymin": 528, "ymax": 742, "xmax": 1329}}], [{"tid": 0, "generated": 0, "bbox": {"xmin": 1165, "ymin": 536, "ymax": 762, "xmax": 1344}}, {"tid": 2, "generated": 0, "bbox": {"xmin": 1199, "ymin": 535, "ymax": 749, "xmax": 1337}}], [{"tid": 0, "generated": 0, "bbox": {"xmin": 1160, "ymin": 522, "ymax": 746, "xmax": 1338}}, {"tid": 2, "generated": 0, "bbox": {"xmin": 1182, "ymin": 520, "ymax": 734, "xmax": 1320}}], [{"tid": 0, "generated": 0, "bbox": {"xmin": 1146, "ymin": 506, "ymax": 720, "xmax": 1325}}, {"tid": 2, "generated": 0, "bbox": {"xmin": 1166, "ymin": 505, "ymax": 719, "xmax": 1304}}], [{"tid": 0, "generated": 0, "bbox": {"xmin": 1130, "ymin": 494, "ymax": 716, "xmax": 1309}}, {"tid": 2, "generated": 0, "bbox": {"xmin": 1149, "ymin": 489, "ymax": 703, "xmax": 1287}}], [{"tid": 0, "generated": 0, "bbox": {"xmin": 1114, "ymin": 482, "ymax": 712, "xmax": 1293}}, {"tid": 2, "generated": 0, "bbox": {"xmin": 1133, "ymin": 474, "ymax": 688, "xmax": 1271}}], [{"tid": 0, "generated": 0, "bbox": {"xmin": 1082, "ymin": 464, "ymax": 690, "xmax": 1264}}, {"tid": 2, "generated": 0, "bbox": {"xmin": 1116, "ymin": 459, "ymax": 673, "xmax": 1254}}], [{"tid": 0, "generated": 0, "bbox": {"xmin": 1047, "ymin": 446, "ymax": 670, "xmax": 1230}}, {"tid": 2, "generated": 0, "bbox": {"xmin": 1091, "ymin": 456, "ymax": 670, "xmax": 1229}}], [{"tid": 0, "generated": 0, "bbox": {"xmin": 1013, "ymin": 429, "ymax": 650, "xmax": 1197}}, {"tid": 2, "generated": 0, "bbox": {"xmin": 1065, "ymin": 454, "ymax": 668, "xmax": 1203}}], [{"tid": 0, "generated": 0, "bbox": {"xmin": 970, "ymin": 437, "ymax": 661, "xmax": 1165}}, {"tid": 2, "generated": 0, "bbox": {"xmin": 1040, "ymin": 451, "ymax": 665, "xmax": 1178}}], [{"tid": 0, "generated": 0, "bbox": {"xmin": 963, "ymin": 439, "ymax": 666, "xmax": 1149}}, {"tid": 2, "generated": 0, "bbox": {"xmin": 1014, "ymin": 449, "ymax": 663, "xmax": 1152}}], [{"tid": 0, "generated": 0, "bbox": {"xmin": 957, "ymin": 442, "ymax": 672, "xmax": 1133}}, {"tid": 2, "generated": 0, "bbox": {"xmin": 989, "ymin": 446, "ymax": 660, "xmax": 1127}}], [{"tid": 0, "generated": 0, "bbox": {"xmin": 975, "ymin": 475, "ymax": 702, "xmax": 1165}}, {"tid": 2, "generated": 0, "bbox": {"xmin": 1021, "ymin": 461, "ymax": 675, "xmax": 1159}}], [{"tid": 0, "generated": 0, "bbox": {"xmin": 994, "ymin": 509, "ymax": 733, "xmax": 1197}}, {"tid": 2, "generated": 0, "bbox": {"xmin": 1053, "ymin": 477, "ymax": 691, "xmax": 1191}}], [{"tid": 0, "generated": 0, "bbox": {"xmin": 1066, "ymin": 525, "ymax": 749, "xmax": 1256}}, {"tid": 2, "generated": 0, "bbox": {"xmin": 1084, "ymin": 492, "ymax": 706, "xmax": 1222}}], [{"tid": 0, "generated": 0, "bbox": {"xmin": 1085, "ymin": 523, "ymax": 754, "xmax": 1274}}, {"tid": 2, "generated": 0, "bbox": {"xmin": 1116, "ymin": 508, "ymax": 722, "xmax": 1254}}], [{"tid": 0, "generated": 0, "bbox": {"xmin": 1104, "ymin": 522, "ymax": 760, "xmax": 1293}}, {"tid": 2, "generated": 0, "bbox": {"xmin": 1148, "ymin": 523, "ymax": 737, "xmax": 1286}}], [{"tid": 0, "generated": 0, "bbox": {"xmin": 1130, "ymin": 533, "ymax": 765, "xmax": 1312}}, {"tid": 2, "generated": 0, "bbox": {"xmin": 1188, "ymin": 543, "ymax": 757, "xmax": 1326}}], [{"tid": 0, "generated": 0, "bbox": {"xmin": 1165, "ymin": 570, "ymax": 805, "xmax": 1358}}, {"tid": 2, "generated": 0, "bbox": {"xmin": 1228, "ymin": 563, "ymax": 777, "xmax": 1366}}], [{"tid": 0, "generated": 0, "bbox": {"xmin": 1200, "ymin": 608, "ymax": 845, "xmax": 1405}}, {"tid": 2, "generated": 0, "bbox": {"xmin": 1269, "ymin": 583, "ymax": 797, "xmax": 1407}}], [{"tid": 0, "generated": 0, "bbox": {"xmin": 1261, "ymin": 621, "ymax": 853, "xmax": 1453}}, {"tid": 2, "generated": 0, "bbox": {"xmin": 1309, "ymin": 603, "ymax": 817, "xmax": 1447}}], [{"tid": 0, "generated": 0, "bbox": {"xmin": 1298, "ymin": 621, "ymax": 861, "xmax": 1493}}, {"tid": 2, "generated": 0, "bbox": {"xmin": 1349, "ymin": 623, "ymax": 837, "xmax": 1487}}], [{"tid": 0, "generated": 0, "bbox": {"xmin": 1306, "ymin": 618, "ymax": 861, "xmax": 1496}}, {"tid": 2, "generated": 0, "bbox": {"xmin": 1354, "ymin": 598, "ymax": 812, "xmax": 1492}}], [{"tid": 0, "generated": 0, "bbox": {"xmin": 1333, "ymin": 602, "ymax": 845, "xmax": 1514}}, {"tid": 2, "generated": 0, "bbox": {"xmin": 1360, "ymin": 574, "ymax": 788, "xmax": 1498}}], [{"tid": 0, "generated": 0, "bbox": {"xmin": 1335, "ymin": 563, "ymax": 810, "xmax": 1517}}, {"tid": 2, "generated": 0, "bbox": {"xmin": 1365, "ymin": 549, "ymax": 763, "xmax": 1503}}], [{"tid": 0, "generated": 0, "bbox": {"xmin": 1338, "ymin": 525, "ymax": 776, "xmax": 1520}}, {"tid": 2, "generated": 0, "bbox": {"xmin": 1371, "ymin": 525, "ymax": 739, "xmax": 1509}}], [{"tid": 0, "generated": 0, "bbox": {"xmin": 1328, "ymin": 498, "ymax": 744, "xmax": 1509}}, {"tid": 2, "generated": 0, "bbox": {"xmin": 1376, "ymin": 500, "ymax": 714, "xmax": 1514}}], [{"tid": 0, "generated": 0, "bbox": {"xmin": 1326, "ymin": 489, "ymax": 732, "xmax": 1505}}, {"tid": 2, "generated": 0, "bbox": {"xmin": 1367, "ymin": 479, "ymax": 693, "xmax": 1505}}], [{"tid": 0, "generated": 0, "bbox": {"xmin": 1325, "ymin": 480, "ymax": 720, "xmax": 1501}}, {"tid": 2, "generated": 0, "bbox": {"xmin": 1358, "ymin": 458, "ymax": 672, "xmax": 1496}}], [{"tid": 0, "generated": 0, "bbox": {"xmin": 1309, "ymin": 448, "ymax": 690, "xmax": 1490}}, {"tid": 2, "generated": 0, "bbox": {"xmin": 1350, "ymin": 436, "ymax": 650, "xmax": 1488}}], [{"tid": 0, "generated": 0, "bbox": {"xmin": 1294, "ymin": 421, "ymax": 662, "xmax": 1475}}, {"tid": 2, "generated": 0, "bbox": {"xmin": 1341, "ymin": 415, "ymax": 629, "xmax": 1479}}], [{"tid": 0, "generated": 0, "bbox": {"xmin": 1280, "ymin": 394, "ymax": 634, "xmax": 1461}}, {"tid": 2, "generated": 0, "bbox": {"xmin": 1332, "ymin": 394, "ymax": 608, "xmax": 1470}}], [{"tid": 0, "generated": 0, "bbox": {"xmin": 1277, "ymin": 346, "ymax": 589, "xmax": 1456}}, {"tid": 2, "generated": 0, "bbox": {"xmin": 1322, "ymin": 371, "ymax": 585, "xmax": 1460}}], [{"tid": 0, "generated": 0, "bbox": {"xmin": 1258, "ymin": 309, "ymax": 552, "xmax": 1442}}, {"tid": 2, "generated": 0, "bbox": {"xmin": 1312, "ymin": 349, "ymax": 563, "xmax": 1450}}], [{"tid": 0, "generated": 0, "bbox": {"xmin": 1261, "ymin": 304, "ymax": 557, "xmax": 1448}}, {"tid": 2, "generated": 0, "bbox": {"xmin": 1301, "ymin": 326, "ymax": 540, "xmax": 1439}}], [{"tid": 0, "generated": 0, "bbox": {"xmin": 1246, "ymin": 294, "ymax": 542, "xmax": 1434}}, {"tid": 2, "generated": 0, "bbox": {"xmin": 1291, "ymin": 304, "ymax": 518, "xmax": 1429}}], [{"tid": 0, "generated": 0, "bbox": {"xmin": 1231, "ymin": 284, "ymax": 528, "xmax": 1421}}, {"tid": 2, "generated": 0, "bbox": {"xmin": 1281, "ymin": 281, "ymax": 495, "xmax": 1419}}], [{"tid": 0, "generated": 0, "bbox": {"xmin": 1216, "ymin": 274, "ymax": 514, "xmax": 1408}}, {"tid": 2, "generated": 0, "bbox": {"xmin": 1264, "ymin": 275, "ymax": 489, "xmax": 1402}}], [{"tid": 0, "generated": 0, "bbox": {"xmin": 1194, "ymin": 267, "ymax": 505, "xmax": 1384}}, {"tid": 2, "generated": 0, "bbox": {"xmin": 1248, "ymin": 269, "ymax": 483, "xmax": 1386}}], [{"tid": 0, "generated": 0, "bbox": {"xmin": 1173, "ymin": 261, "ymax": 496, "xmax": 1360}}, {"tid": 2, "generated": 0, "bbox": {"xmin": 1231, "ymin": 263, "ymax": 477, "xmax": 1369}}], [{"tid": 0, "generated": 0, "bbox": {"xmin": 1165, "ymin": 261, "ymax": 496, "xmax": 1360}}, {"tid": 2, "generated": 0, "bbox": {"xmin": 1215, "ymin": 257, "ymax": 471, "xmax": 1353}}], [{"tid": 0, "generated": 0, "bbox": {"xmin": 1149, "ymin": 264, "ymax": 485, "xmax": 1341}}, {"tid": 2, "generated": 0, "bbox": {"xmin": 1198, "ymin": 251, "ymax": 465, "xmax": 1336}}], [{"tid": 0, "generated": 0, "bbox": {"xmin": 1114, "ymin": 258, "ymax": 489, "xmax": 1317}}, {"tid": 2, "generated": 0, "bbox": {"xmin": 1176, "ymin": 253, "ymax": 467, "xmax": 1314}}], [{"tid": 0, "generated": 0, "bbox": {"xmin": 1080, "ymin": 253, "ymax": 493, "xmax": 1293}}, {"tid": 2, "generated": 0, "bbox": {"xmin": 1154, "ymin": 256, "ymax": 470, "xmax": 1292}}], [{"tid": 0, "generated": 0, "bbox": {"xmin": 1056, "ymin": 267, "ymax": 502, "xmax": 1267}}, {"tid": 2, "generated": 0, "bbox": {"xmin": 1132, "ymin": 258, "ymax": 472, "xmax": 1270}}], [{"tid": 0, "generated": 0, "bbox": {"xmin": 1032, "ymin": 282, "ymax": 512, "xmax": 1242}}, {"tid": 2, "generated": 0, "bbox": {"xmin": 1110, "ymin": 261, "ymax": 475, "xmax": 1248}}], [{"tid": 0, "generated": 0, "bbox": {"xmin": 1024, "ymin": 284, "ymax": 513, "xmax": 1232}}, {"tid": 2, "generated": 0, "bbox": {"xmin": 1088, "ymin": 263, "ymax": 477, "xmax": 1226}}], [{"tid": 0, "generated": 0, "bbox": {"xmin": 1017, "ymin": 286, "ymax": 515, "xmax": 1222}}, {"tid": 2, "generated": 0, "bbox": {"xmin": 1094, "ymin": 259, "ymax": 473, "xmax": 1232}}], [{"tid": 0, "generated": 0, "bbox": {"xmin": 1010, "ymin": 288, "ymax": 517, "xmax": 1213}}, {"tid": 2, "generated": 0, "bbox": {"xmin": 1099, "ymin": 255, "ymax": 469, "xmax": 1237}}], [{"tid": 0, "generated": 0, "bbox": {"xmin": 1021, "ymin": 290, "ymax": 512, "xmax": 1226}}, {"tid": 2, "generated": 0, "bbox": {"xmin": 1105, "ymin": 252, "ymax": 466, "xmax": 1243}}], [{"tid": 0, "generated": 0, "bbox": {"xmin": 1035, "ymin": 281, "ymax": 508, "xmax": 1243}}, {"tid": 2, "generated": 0, "bbox": {"xmin": 1110, "ymin": 248, "ymax": 462, "xmax": 1248}}], [{"tid": 0, "generated": 0, "bbox": {"xmin": 1050, "ymin": 272, "ymax": 504, "xmax": 1261}}, {"tid": 2, "generated": 0, "bbox": {"xmin": 1116, "ymin": 244, "ymax": 458, "xmax": 1254}}], [{"tid": 0, "generated": 0, "bbox": {"xmin": 1058, "ymin": 269, "ymax": 501, "xmax": 1265}}, {"tid": 2, "generated": 0, "bbox": {"xmin": 1124, "ymin": 259, "ymax": 473, "xmax": 1262}}], [{"tid": 0, "generated": 0, "bbox": {"xmin": 1066, "ymin": 266, "ymax": 498, "xmax": 1269}}, {"tid": 2, "generated": 0, "bbox": {"xmin": 1131, "ymin": 274, "ymax": 488, "xmax": 1269}}], [{"tid": 0, "generated": 0, "bbox": {"xmin": 1077, "ymin": 266, "ymax": 498, "xmax": 1288}}, {"tid": 2, "generated": 0, "bbox": {"xmin": 1139, "ymin": 288, "ymax": 502, "xmax": 1277}}], [{"tid": 0, "generated": 0, "bbox": {"xmin": 1084, "ymin": 292, "ymax": 523, "xmax": 1292}}, {"tid": 2, "generated": 0, "bbox": {"xmin": 1146, "ymin": 303, "ymax": 517, "xmax": 1284}}], [{"tid": 0, "generated": 0, "bbox": {"xmin": 1091, "ymin": 318, "ymax": 548, "xmax": 1296}}, {"tid": 2, "generated": 0, "bbox": {"xmin": 1154, "ymin": 318, "ymax": 532, "xmax": 1292}}, {"tid": 3, "generated": 0, "bbox": {"xmin": 0, "ymin": 127, "ymax": 515, "xmax": 137}}], [{"tid": 0, "generated": 0, "bbox": {"xmin": 1098, "ymin": 344, "ymax": 573, "xmax": 1301}}, {"tid": 2, "generated": 0, "bbox": {"xmin": 1161, "ymin": 314, "ymax": 528, "xmax": 1299}}, {"tid": 3, "generated": 0, "bbox": {"xmin": 0, "ymin": 125, "ymax": 515, "xmax": 154}}], [{"tid": 0, "generated": 0, "bbox": {"xmin": 1106, "ymin": 346, "ymax": 570, "xmax": 1310}}, {"tid": 2, "generated": 0, "bbox": {"xmin": 1168, "ymin": 310, "ymax": 524, "xmax": 1306}}, {"tid": 3, "generated": 0, "bbox": {"xmin": 6, "ymin": 122, "ymax": 514, "xmax": 170}}], [{"tid": 0, "generated": 0, "bbox": {"xmin": 1114, "ymin": 349, "ymax": 568, "xmax": 1320}}, {"tid": 2, "generated": 0, "bbox": {"xmin": 1176, "ymin": 306, "ymax": 520, "xmax": 1314}}, {"tid": 3, "generated": 0, "bbox": {"xmin": 12, "ymin": 120, "ymax": 514, "xmax": 187}}], [{"tid": 0, "generated": 0, "bbox": {"xmin": 1130, "ymin": 336, "ymax": 562, "xmax": 1338}}, {"tid": 2, "generated": 0, "bbox": {"xmin": 1183, "ymin": 302, "ymax": 516, "xmax": 1321}}, {"tid": 3, "generated": 0, "bbox": {"xmin": 19, "ymin": 118, "ymax": 513, "xmax": 204}}], [{"tid": 0, "generated": 0, "bbox": {"xmin": 1133, "ymin": 309, "ymax": 530, "xmax": 1333}}, {"tid": 2, "generated": 0, "bbox": {"xmin": 1190, "ymin": 298, "ymax": 512, "xmax": 1328}}, {"tid": 3, "generated": 0, "bbox": {"xmin": 31, "ymin": 105, "ymax": 484, "xmax": 221}}], [{"tid": 0, "generated": 0, "bbox": {"xmin": 1126, "ymin": 295, "ymax": 519, "xmax": 1327}}, {"tid": 2, "generated": 0, "bbox": {"xmin": 1186, "ymin": 293, "ymax": 507, "xmax": 1324}}, {"tid": 3, "generated": 0, "bbox": {"xmin": 43, "ymin": 92, "ymax": 454, "xmax": 238}}], [{"tid": 0, "generated": 0, "bbox": {"xmin": 1120, "ymin": 282, "ymax": 509, "xmax": 1322}}, {"tid": 2, "generated": 0, "bbox": {"xmin": 1182, "ymin": 287, "ymax": 501, "xmax": 1320}}, {"tid": 3, "generated": 0, "bbox": {"xmin": 54, "ymin": 78, "ymax": 425, "xmax": 255}}], [{"tid": 0, "generated": 0, "bbox": {"xmin": 1120, "ymin": 274, "ymax": 512, "xmax": 1309}}, {"tid": 2, "generated": 0, "bbox": {"xmin": 1177, "ymin": 282, "ymax": 496, "xmax": 1315}}, {"tid": 3, "generated": 0, "bbox": {"xmin": 66, "ymin": 65, "ymax": 395, "xmax": 272}}], [{"tid": 0, "generated": 0, "bbox": {"xmin": 1118, "ymin": 277, "ymax": 514, "xmax": 1310}}, {"tid": 2, "generated": 0, "bbox": {"xmin": 1173, "ymin": 276, "ymax": 490, "xmax": 1311}}, {"tid": 3, "generated": 0, "bbox": {"xmin": 78, "ymin": 52, "ymax": 366, "xmax": 289}}], [{"tid": 0, "generated": 0, "bbox": {"xmin": 1117, "ymin": 280, "ymax": 517, "xmax": 1312}}, {"tid": 2, "generated": 0, "bbox": {"xmin": 1169, "ymin": 271, "ymax": 485, "xmax": 1307}}, {"tid": 3, "generated": 0, "bbox": {"xmin": 87, "ymin": 87, "ymax": 401, "xmax": 298}}], [{"tid": 0, "generated": 0, "bbox": {"xmin": 1106, "ymin": 298, "ymax": 554, "xmax": 1296}}, {"tid": 2, "generated": 0, "bbox": {"xmin": 1161, "ymin": 310, "ymax": 524, "xmax": 1299}}, {"tid": 3, "generated": 0, "bbox": {"xmin": 95, "ymin": 122, "ymax": 436, "xmax": 306}}], [{"tid": 0, "generated": 0, "bbox": {"xmin": 1093, "ymin": 371, "ymax": 621, "xmax": 1286}}, {"tid": 2, "generated": 0, "bbox": {"xmin": 1153, "ymin": 348, "ymax": 562, "xmax": 1291}}, {"tid": 3, "generated": 0, "bbox": {"xmin": 104, "ymin": 158, "ymax": 472, "xmax": 315}}], [{"tid": 0, "generated": 0, "bbox": {"xmin": 1080, "ymin": 445, "ymax": 688, "xmax": 1277}}, {"tid": 2, "generated": 0, "bbox": {"xmin": 1145, "ymin": 387, "ymax": 601, "xmax": 1283}}, {"tid": 3, "generated": 0, "bbox": {"xmin": 112, "ymin": 193, "ymax": 507, "xmax": 323}}], [{"tid": 0, "generated": 0, "bbox": {"xmin": 1080, "ymin": 437, "ymax": 688, "xmax": 1266}}, {"tid": 2, "generated": 0, "bbox": {"xmin": 1137, "ymin": 425, "ymax": 639, "xmax": 1275}}, {"tid": 3, "generated": 0, "bbox": {"xmin": 121, "ymin": 228, "ymax": 542, "xmax": 332}}], [{"tid": 0, "generated": 0, "bbox": {"xmin": 1077, "ymin": 469, "ymax": 717, "xmax": 1272}}, {"tid": 1, "generated": 0, "bbox": {"xmin": 82, "ymin": 309, "ymax": 709, "xmax": 341}}, {"tid": 2, "generated": 0, "bbox": {"xmin": 1129, "ymin": 464, "ymax": 678, "xmax": 1267}}, {"tid": 3, "generated": 0, "bbox": {"xmin": 169, "ymin": 238, "ymax": 552, "xmax": 380}}], [{"tid": 0, "generated": 0, "bbox": {"xmin": 1133, "ymin": 520, "ymax": 752, "xmax": 1322}}, {"tid": 1, "generated": 0, "bbox": {"xmin": 154, "ymin": 354, "ymax": 760, "xmax": 432}}, {"tid": 2, "generated": 0, "bbox": {"xmin": 1159, "ymin": 468, "ymax": 682, "xmax": 1297}}, {"tid": 3, "generated": 0, "bbox": {"xmin": 218, "ymin": 248, "ymax": 562, "xmax": 429}}], [{"tid": 0, "generated": 0, "bbox": {"xmin": 1176, "ymin": 528, "ymax": 762, "xmax": 1373}}, {"tid": 1, "generated": 0, "bbox": {"xmin": 226, "ymin": 357, "ymax": 754, "xmax": 477}}, {"tid": 2, "generated": 0, "bbox": {"xmin": 1188, "ymin": 472, "ymax": 686, "xmax": 1326}}, {"tid": 3, "generated": 0, "bbox": {"xmin": 266, "ymin": 259, "ymax": 573, "xmax": 477}}], [{"tid": 0, "generated": 0, "bbox": {"xmin": 1202, "ymin": 505, "ymax": 741, "xmax": 1389}}, {"tid": 1, "generated": 0, "bbox": {"xmin": 274, "ymin": 333, "ymax": 733, "xmax": 522}}, {"tid": 2, "generated": 0, "bbox": {"xmin": 1218, "ymin": 475, "ymax": 689, "xmax": 1356}}, {"tid": 3, "generated": 0, "bbox": {"xmin": 315, "ymin": 269, "ymax": 583, "xmax": 526}}], [{"tid": 0, "generated": 0, "bbox": {"xmin": 1229, "ymin": 482, "ymax": 720, "xmax": 1405}}, {"tid": 1, "generated": 0, "bbox": {"xmin": 314, "ymin": 293, "ymax": 709, "xmax": 557}}, {"tid": 2, "generated": 0, "bbox": {"xmin": 1247, "ymin": 479, "ymax": 693, "xmax": 1385}}, {"tid": 3, "generated": 0, "bbox": {"xmin": 363, "ymin": 279, "ymax": 593, "xmax": 574}}], [{"tid": 0, "generated": 0, "bbox": {"xmin": 1226, "ymin": 485, "ymax": 728, "xmax": 1416}}, {"tid": 1, "generated": 0, "bbox": {"xmin": 314, "ymin": 293, "ymax": 706, "xmax": 554}}, {"tid": 2, "generated": 0, "bbox": {"xmin": 1277, "ymin": 483, "ymax": 697, "xmax": 1415}}, {"tid": 3, "generated": 0, "bbox": {"xmin": 385, "ymin": 294, "ymax": 608, "xmax": 596}}], [{"tid": 0, "generated": 0, "bbox": {"xmin": 1233, "ymin": 502, "ymax": 745, "xmax": 1423}}, {"tid": 1, "generated": 0, "bbox": {"xmin": 338, "ymin": 310, "ymax": 724, "xmax": 582}}, {"tid": 2, "generated": 0, "bbox": {"xmin": 1284, "ymin": 497, "ymax": 711, "xmax": 1422}}, {"tid": 3, "generated": 0, "bbox": {"xmin": 406, "ymin": 309, "ymax": 623, "xmax": 617}}], [{"tid": 0, "generated": 0, "bbox": {"xmin": 1240, "ymin": 520, "ymax": 763, "xmax": 1430}}, {"tid": 1, "generated": 0, "bbox": {"xmin": 362, "ymin": 327, "ymax": 742, "xmax": 611}}, {"tid": 2, "generated": 0, "bbox": {"xmin": 1291, "ymin": 510, "ymax": 724, "xmax": 1429}}, {"tid": 3, "generated": 0, "bbox": {"xmin": 428, "ymin": 323, "ymax": 637, "xmax": 639}}], [{"tid": 0, "generated": 0, "bbox": {"xmin": 1248, "ymin": 538, "ymax": 781, "xmax": 1437}}, {"tid": 1, "generated": 0, "bbox": {"xmin": 386, "ymin": 344, "ymax": 760, "xmax": 640}}, {"tid": 2, "generated": 0, "bbox": {"xmin": 1298, "ymin": 524, "ymax": 738, "xmax": 1436}}, {"tid": 3, "generated": 0, "bbox": {"xmin": 449, "ymin": 338, "ymax": 652, "xmax": 660}}], [{"tid": 0, "generated": 0, "bbox": {"xmin": 1253, "ymin": 543, "ymax": 787, "xmax": 1442}}, {"tid": 1, "generated": 0, "bbox": {"xmin": 410, "ymin": 354, "ymax": 774, "xmax": 658}}, {"tid": 2, "generated": 0, "bbox": {"xmin": 1305, "ymin": 537, "ymax": 751, "xmax": 1443}}, {"tid": 3, "generated": 0, "bbox": {"xmin": 471, "ymin": 353, "ymax": 667, "xmax": 682}}], [{"tid": 0, "generated": 0, "bbox": {"xmin": 1258, "ymin": 549, "ymax": 794, "xmax": 1448}}, {"tid": 1, "generated": 0, "bbox": {"xmin": 434, "ymin": 365, "ymax": 789, "xmax": 677}}, {"tid": 2, "generated": 0, "bbox": {"xmin": 1312, "ymin": 551, "ymax": 765, "xmax": 1450}}, {"tid": 3, "generated": 0, "bbox": {"xmin": 484, "ymin": 334, "ymax": 648, "xmax": 695}}], [{"tid": 0, "generated": 0, "bbox": {"xmin": 1253, "ymin": 554, "ymax": 792, "xmax": 1442}}, {"tid": 1, "generated": 0, "bbox": {"xmin": 434, "ymin": 360, "ymax": 789, "xmax": 682}}, {"tid": 2, "generated": 0, "bbox": {"xmin": 1304, "ymin": 524, "ymax": 738, "xmax": 1442}}, {"tid": 3, "generated": 0, "bbox": {"xmin": 497, "ymin": 316, "ymax": 630, "xmax": 708}}], [{"tid": 0, "generated": 0, "bbox": {"xmin": 1261, "ymin": 530, "ymax": 773, "xmax": 1440}}, {"tid": 1, "generated": 0, "bbox": {"xmin": 453, "ymin": 354, "ymax": 768, "xmax": 698}}, {"tid": 2, "generated": 0, "bbox": {"xmin": 1296, "ymin": 496, "ymax": 710, "xmax": 1434}}, {"tid": 3, "generated": 0, "bbox": {"xmin": 509, "ymin": 297, "ymax": 611, "xmax": 720}}], [{"tid": 0, "generated": 0, "bbox": {"xmin": 1257, "ymin": 482, "ymax": 733, "xmax": 1436}}, {"tid": 1, "generated": 0, "bbox": {"xmin": 463, "ymin": 311, "ymax": 726, "xmax": 711}}, {"tid": 2, "generated": 0, "bbox": {"xmin": 1288, "ymin": 469, "ymax": 683, "xmax": 1426}}, {"tid": 3, "generated": 0, "bbox": {"xmin": 522, "ymin": 279, "ymax": 593, "xmax": 733}}], [{"tid": 0, "generated": 0, "bbox": {"xmin": 1253, "ymin": 434, "ymax": 693, "xmax": 1432}}, {"tid": 1, "generated": 0, "bbox": {"xmin": 474, "ymin": 269, "ymax": 685, "xmax": 725}}, {"tid": 2, "generated": 0, "bbox": {"xmin": 1280, "ymin": 441, "ymax": 655, "xmax": 1418}}, {"tid": 3, "generated": 0, "bbox": {"xmin": 535, "ymin": 260, "ymax": 574, "xmax": 746}}], [{"tid": 0, "generated": 0, "bbox": {"xmin": 1230, "ymin": 420, "ymax": 674, "xmax": 1413}}, {"tid": 1, "generated": 0, "bbox": {"xmin": 464, "ymin": 250, "ymax": 670, "xmax": 717}}, {"tid": 2, "generated": 0, "bbox": {"xmin": 1272, "ymin": 414, "ymax": 628, "xmax": 1410}}, {"tid": 3, "generated": 0, "bbox": {"xmin": 520, "ymin": 249, "ymax": 563, "xmax": 731}}], [{"tid": 0, "generated": 0, "bbox": {"xmin": 1208, "ymin": 406, "ymax": 655, "xmax": 1394}}, {"tid": 1, "generated": 0, "bbox": {"xmin": 454, "ymin": 231, "ymax": 656, "xmax": 709}}, {"tid": 2, "generated": 0, "bbox": {"xmin": 1242, "ymin": 411, "ymax": 625, "xmax": 1380}}, {"tid": 3, "generated": 0, "bbox": {"xmin": 505, "ymin": 239, "ymax": 553, "xmax": 716}}], [{"tid": 0, "generated": 0, "bbox": {"xmin": 1186, "ymin": 392, "ymax": 637, "xmax": 1376}}, {"tid": 1, "generated": 0, "bbox": {"xmin": 445, "ymin": 213, "ymax": 642, "xmax": 701}}, {"tid": 2, "generated": 0, "bbox": {"xmin": 1211, "ymin": 407, "ymax": 621, "xmax": 1349}}, {"tid": 3, "generated": 0, "bbox": {"xmin": 489, "ymin": 228, "ymax": 542, "xmax": 700}}], [{"tid": 0, "generated": 0, "bbox": {"xmin": 1136, "ymin": 384, "ymax": 626, "xmax": 1328}}, {"tid": 1, "generated": 0, "bbox": {"xmin": 421, "ymin": 210, "ymax": 642, "xmax": 669}}, {"tid": 2, "generated": 0, "bbox": {"xmin": 1181, "ymin": 404, "ymax": 618, "xmax": 1319}}, {"tid": 3, "generated": 0, "bbox": {"xmin": 474, "ymin": 218, "ymax": 532, "xmax": 685}}], [{"tid": 0, "generated": 0, "bbox": {"xmin": 1104, "ymin": 392, "ymax": 630, "xmax": 1294}}, {"tid": 1, "generated": 0, "bbox": {"xmin": 398, "ymin": 210, "ymax": 651, "xmax": 649}}, {"tid": 2, "generated": 0, "bbox": {"xmin": 1150, "ymin": 400, "ymax": 614, "xmax": 1288}}, {"tid": 3, "generated": 0, "bbox": {"xmin": 459, "ymin": 207, "ymax": 521, "xmax": 670}}], [{"tid": 0, "generated": 0, "bbox": {"xmin": 1072, "ymin": 400, "ymax": 634, "xmax": 1261}}, {"tid": 1, "generated": 0, "bbox": {"xmin": 376, "ymin": 210, "ymax": 661, "xmax": 629}}, {"tid": 2, "generated": 0, "bbox": {"xmin": 1120, "ymin": 397, "ymax": 611, "xmax": 1258}}, {"tid": 3, "generated": 0, "bbox": {"xmin": 443, "ymin": 199, "ymax": 505, "xmax": 659}}], [{"tid": 0, "generated": 0, "bbox": {"xmin": 1044, "ymin": 390, "ymax": 627, "xmax": 1233}}, {"tid": 1, "generated": 0, "bbox": {"xmin": 361, "ymin": 198, "ymax": 654, "xmax": 615}}, {"tid": 2, "generated": 0, "bbox": {"xmin": 1093, "ymin": 381, "ymax": 595, "xmax": 1231}}, {"tid": 3, "generated": 0, "bbox": {"xmin": 427, "ymin": 191, "ymax": 489, "xmax": 648}}], [{"tid": 0, "generated": 0, "bbox": {"xmin": 1016, "ymin": 381, "ymax": 621, "xmax": 1205}}, {"tid": 1, "generated": 0, "bbox": {"xmin": 346, "ymin": 186, "ymax": 648, "xmax": 602}}, {"tid": 2, "generated": 0, "bbox": {"xmin": 1066, "ymin": 366, "ymax": 580, "xmax": 1204}}, {"tid": 3, "generated": 0, "bbox": {"xmin": 410, "ymin": 184, "ymax": 473, "xmax": 636}}], [{"tid": 0, "generated": 0, "bbox": {"xmin": 1013, "ymin": 381, "ymax": 624, "xmax": 1208}}, {"tid": 1, "generated": 0, "bbox": {"xmin": 344, "ymin": 184, "ymax": 650, "xmax": 608}}, {"tid": 2, "generated": 0, "bbox": {"xmin": 1038, "ymin": 350, "ymax": 564, "xmax": 1176}}, {"tid": 3, "generated": 0, "bbox": {"xmin": 394, "ymin": 176, "ymax": 457, "xmax": 625}}], [{"tid": 0, "generated": 0, "bbox": {"xmin": 974, "ymin": 358, "ymax": 599, "xmax": 1169}}, {"tid": 1, "generated": 0, "bbox": {"xmin": 321, "ymin": 164, "ymax": 626, "xmax": 590}}, {"tid": 2, "generated": 0, "bbox": {"xmin": 1011, "ymin": 335, "ymax": 549, "xmax": 1149}}, {"tid": 3, "generated": 0, "bbox": {"xmin": 378, "ymin": 168, "ymax": 441, "xmax": 614}}], [{"tid": 0, "generated": 0, "bbox": {"xmin": 935, "ymin": 335, "ymax": 574, "xmax": 1131}}, {"tid": 1, "generated": 0, "bbox": {"xmin": 299, "ymin": 144, "ymax": 602, "xmax": 572}}, {"tid": 2, "generated": 0, "bbox": {"xmin": 984, "ymin": 319, "ymax": 533, "xmax": 1122}}, {"tid": 3, "generated": 0, "bbox": {"xmin": 372, "ymin": 165, "ymax": 438, "xmax": 608}}], [{"tid": 0, "generated": 0, "bbox": {"xmin": 896, "ymin": 312, "ymax": 549, "xmax": 1093}}, {"tid": 1, "generated": 0, "bbox": {"xmin": 277, "ymin": 125, "ymax": 578, "xmax": 554}}, {"tid": 2, "generated": 0, "bbox": {"xmin": 971, "ymin": 320, "ymax": 534, "xmax": 1109}}, {"tid": 3, "generated": 0, "bbox": {"xmin": 366, "ymin": 162, "ymax": 435, "xmax": 602}}], [{"tid": 0, "generated": 0, "bbox": {"xmin": 884, "ymin": 321, "ymax": 557, "xmax": 1082}}, {"tid": 1, "generated": 0, "bbox": {"xmin": 281, "ymin": 141, "ymax": 595, "xmax": 559}}, {"tid": 2, "generated": 0, "bbox": {"xmin": 959, "ymin": 321, "ymax": 535, "xmax": 1097}}, {"tid": 3, "generated": 0, "bbox": {"xmin": 360, "ymin": 160, "ymax": 433, "xmax": 596}}], [{"tid": 0, "generated": 0, "bbox": {"xmin": 872, "ymin": 330, "ymax": 565, "xmax": 1072}}, {"tid": 1, "generated": 0, "bbox": {"xmin": 285, "ymin": 157, "ymax": 613, "xmax": 565}}, {"tid": 2, "generated": 0, "bbox": {"xmin": 946, "ymin": 322, "ymax": 536, "xmax": 1084}}, {"tid": 3, "generated": 0, "bbox": {"xmin": 354, "ymin": 157, "ymax": 430, "xmax": 590}}], [{"tid": 0, "generated": 0, "bbox": {"xmin": 877, "ymin": 322, "ymax": 560, "xmax": 1074}}, {"tid": 1, "generated": 0, "bbox": {"xmin": 280, "ymin": 144, "ymax": 594, "xmax": 560}}, {"tid": 2, "generated": 0, "bbox": {"xmin": 933, "ymin": 323, "ymax": 537, "xmax": 1071}}, {"tid": 3, "generated": 0, "bbox": {"xmin": 348, "ymin": 154, "ymax": 427, "xmax": 584}}]], "subject/objects": [{"category": "motorcycle", "tid": 0}, {"category": "motorcycle", "tid": 1}, {"category": "person", "tid": 2}, {"category": "person", "tid": 3}], "relation_instances": [{"end_fid": 30, "subject_tid": 0, "predicate": "move_beneath", "begin_fid": 0, "object_tid": 2}, {"end_fid": 30, "subject_tid": 2, "predicate": "sit_above", "begin_fid": 0, "object_tid": 0}, {"end_fid": 30, "subject_tid": 2, "predicate": "ride", "begin_fid": 0, "object_tid": 0}, {"end_fid": 45, "subject_tid": 0, "predicate": "move_beneath", "begin_fid": 15, "object_tid": 2}, {"end_fid": 45, "subject_tid": 2, "predicate": "sit_above", "begin_fid": 15, "object_tid": 0}, {"end_fid": 45, "subject_tid": 2, "predicate": "ride", "begin_fid": 15, "object_tid": 0}, {"end_fid": 60, "subject_tid": 0, "predicate": "move_beneath", "begin_fid": 30, "object_tid": 2}, {"end_fid": 60, "subject_tid": 2, "predicate": "sit_above", "begin_fid": 30, "object_tid": 0}, {"end_fid": 60, "subject_tid": 2, "predicate": "ride", "begin_fid": 30, "object_tid": 0}, {"end_fid": 75, "subject_tid": 0, "predicate": "move_beneath", "begin_fid": 45, "object_tid": 2}, {"end_fid": 75, "subject_tid": 2, "predicate": "sit_above", "begin_fid": 45, "object_tid": 0}, {"end_fid": 75, "subject_tid": 2, "predicate": "ride", "begin_fid": 45, "object_tid": 0}, {"end_fid": 90, "subject_tid": 0, "predicate": "move_beneath", "begin_fid": 60, "object_tid": 2}, {"end_fid": 90, "subject_tid": 2, "predicate": "sit_above", "begin_fid": 60, "object_tid": 0}, {"end_fid": 90, "subject_tid": 2, "predicate": "ride", "begin_fid": 60, "object_tid": 0}, {"end_fid": 90, "subject_tid": 0, "predicate": "move_right", "begin_fid": 60, "object_tid": 3}, {"end_fid": 90, "subject_tid": 3, "predicate": "left", "begin_fid": 60, "object_tid": 0}, {"end_fid": 90, "subject_tid": 2, "predicate": "right", "begin_fid": 60, "object_tid": 3}, {"end_fid": 90, "subject_tid": 3, "predicate": "left", "begin_fid": 60, "object_tid": 2}, {"end_fid": 105, "subject_tid": 0, "predicate": "move_right", "begin_fid": 75, "object_tid": 1}, {"end_fid": 105, "subject_tid": 0, "predicate": "move_with", "begin_fid": 75, "object_tid": 1}, {"end_fid": 105, "subject_tid": 1, "predicate": "move_with", "begin_fid": 75, "object_tid": 0}, {"end_fid": 105, "subject_tid": 1, "predicate": "move_left", "begin_fid": 75, "object_tid": 0}, {"end_fid": 105, "subject_tid": 0, "predicate": "move_beneath", "begin_fid": 75, "object_tid": 2}, {"end_fid": 105, "subject_tid": 2, "predicate": "sit_above", "begin_fid": 75, "object_tid": 0}, {"end_fid": 105, "subject_tid": 2, "predicate": "ride", "begin_fid": 75, "object_tid": 0}, {"end_fid": 105, "subject_tid": 0, "predicate": "move_right", "begin_fid": 75, "object_tid": 3}, {"end_fid": 105, "subject_tid": 3, "predicate": "left", "begin_fid": 75, "object_tid": 0}, {"end_fid": 105, "subject_tid": 1, "predicate": "move_left", "begin_fid": 75, "object_tid": 2}, {"end_fid": 105, "subject_tid": 2, "predicate": "right", "begin_fid": 75, "object_tid": 1}, {"end_fid": 105, "subject_tid": 1, "predicate": "move_beneath", "begin_fid": 75, "object_tid": 3}, {"end_fid": 105, "subject_tid": 3, "predicate": "sit_above", "begin_fid": 75, "object_tid": 1}, {"end_fid": 105, "subject_tid": 3, "predicate": "ride", "begin_fid": 75, "object_tid": 1}, {"end_fid": 105, "subject_tid": 2, "predicate": "right", "begin_fid": 75, "object_tid": 3}, {"end_fid": 105, "subject_tid": 3, "predicate": "left", "begin_fid": 75, "object_tid": 2}], "height": 1080}