{"width": 640, "frame_count": 141, "video_id": "ILSVRC2015_train_00885000", "fps": 25, "trajectories": [[{"tid": 0, "generated": 0, "bbox": {"xmin": 216, "ymin": 198, "ymax": 346, "xmax": 510}}, {"tid": 2, "generated": 0, "bbox": {"xmin": 168, "ymin": 110, "ymax": 135, "xmax": 205}}, {"tid": 8, "generated": 0, "bbox": {"xmin": 402, "ymin": 93, "ymax": 142, "xmax": 466}}, {"tid": 9, "generated": 0, "bbox": {"xmin": 239, "ymin": 37, "ymax": 213, "xmax": 339}}], [{"tid": 0, "generated": 0, "bbox": {"xmin": 216, "ymin": 198, "ymax": 346, "xmax": 510}}, {"tid": 2, "generated": 0, "bbox": {"xmin": 165, "ymin": 110, "ymax": 135, "xmax": 205}}, {"tid": 8, "generated": 0, "bbox": {"xmin": 403, "ymin": 93, "ymax": 141, "xmax": 466}}, {"tid": 9, "generated": 0, "bbox": {"xmin": 239, "ymin": 37, "ymax": 213, "xmax": 339}}], [{"tid": 0, "generated": 0, "bbox": {"xmin": 216, "ymin": 198, "ymax": 347, "xmax": 510}}, {"tid": 2, "generated": 0, "bbox": {"xmin": 163, "ymin": 110, "ymax": 135, "xmax": 205}}, {"tid": 8, "generated": 0, "bbox": {"xmin": 404, "ymin": 93, "ymax": 141, "xmax": 467}}, {"tid": 9, "generated": 0, "bbox": {"xmin": 239, "ymin": 37, "ymax": 213, "xmax": 339}}], [{"tid": 0, "generated": 0, "bbox": {"xmin": 216, "ymin": 199, "ymax": 347, "xmax": 510}}, {"tid": 2, "generated": 0, "bbox": {"xmin": 160, "ymin": 110, "ymax": 136, "xmax": 205}}, {"tid": 8, "generated": 0, "bbox": {"xmin": 405, "ymin": 94, "ymax": 141, "xmax": 467}}, {"tid": 9, "generated": 0, "bbox": {"xmin": 239, "ymin": 37, "ymax": 213, "xmax": 339}}], [{"tid": 0, "generated": 0, "bbox": {"xmin": 216, "ymin": 199, "ymax": 348, "xmax": 510}}, {"tid": 2, "generated": 0, "bbox": {"xmin": 158, "ymin": 111, "ymax": 136, "xmax": 205}}, {"tid": 8, "generated": 0, "bbox": {"xmin": 406, "ymin": 94, "ymax": 141, "xmax": 468}}, {"tid": 9, "generated": 0, "bbox": {"xmin": 239, "ymin": 37, "ymax": 213, "xmax": 339}}], [{"tid": 0, "generated": 0, "bbox": {"xmin": 217, "ymin": 200, "ymax": 349, "xmax": 511}}, {"tid": 2, "generated": 0, "bbox": {"xmin": 155, "ymin": 111, "ymax": 136, "xmax": 205}}, {"tid": 8, "generated": 0, "bbox": {"xmin": 407, "ymin": 94, "ymax": 141, "xmax": 468}}, {"tid": 9, "generated": 0, "bbox": {"xmin": 239, "ymin": 37, "ymax": 213, "xmax": 339}}], [{"tid": 0, "generated": 0, "bbox": {"xmin": 217, "ymin": 200, "ymax": 349, "xmax": 511}}, {"tid": 2, "generated": 0, "bbox": {"xmin": 153, "ymin": 111, "ymax": 137, "xmax": 205}}, {"tid": 8, "generated": 0, "bbox": {"xmin": 408, "ymin": 95, "ymax": 141, "xmax": 469}}, {"tid": 9, "generated": 0, "bbox": {"xmin": 239, "ymin": 37, "ymax": 213, "xmax": 339}}], [{"tid": 0, "generated": 0, "bbox": {"xmin": 217, "ymin": 200, "ymax": 350, "xmax": 511}}, {"tid": 2, "generated": 0, "bbox": {"xmin": 150, "ymin": 111, "ymax": 137, "xmax": 205}}, {"tid": 8, "generated": 0, "bbox": {"xmin": 408, "ymin": 96, "ymax": 144, "xmax": 465}}, {"tid": 9, "generated": 0, "bbox": {"xmin": 239, "ymin": 37, "ymax": 213, "xmax": 339}}], [{"tid": 0, "generated": 0, "bbox": {"xmin": 217, "ymin": 201, "ymax": 350, "xmax": 511}}, {"tid": 2, "generated": 0, "bbox": {"xmin": 148, "ymin": 112, "ymax": 138, "xmax": 205}}, {"tid": 8, "generated": 0, "bbox": {"xmin": 408, "ymin": 95, "ymax": 144, "xmax": 466}}, {"tid": 9, "generated": 0, "bbox": {"xmin": 239, "ymin": 37, "ymax": 213, "xmax": 339}}], [{"tid": 0, "generated": 0, "bbox": {"xmin": 217, "ymin": 201, "ymax": 351, "xmax": 511}}, {"tid": 2, "generated": 0, "bbox": {"xmin": 146, "ymin": 112, "ymax": 140, "xmax": 204}}, {"tid": 8, "generated": 0, "bbox": {"xmin": 408, "ymin": 95, "ymax": 145, "xmax": 470}}, {"tid": 9, "generated": 0, "bbox": {"xmin": 239, "ymin": 37, "ymax": 213, "xmax": 339}}], [{"tid": 0, "generated": 0, "bbox": {"xmin": 218, "ymin": 202, "ymax": 352, "xmax": 512}}, {"tid": 2, "generated": 0, "bbox": {"xmin": 144, "ymin": 113, "ymax": 142, "xmax": 204}}, {"tid": 8, "generated": 0, "bbox": {"xmin": 408, "ymin": 95, "ymax": 142, "xmax": 470}}, {"tid": 9, "generated": 0, "bbox": {"xmin": 239, "ymin": 37, "ymax": 213, "xmax": 339}}], [{"tid": 0, "generated": 0, "bbox": {"xmin": 217, "ymin": 202, "ymax": 352, "xmax": 512}}, {"tid": 2, "generated": 0, "bbox": {"xmin": 140, "ymin": 112, "ymax": 142, "xmax": 203}}, {"tid": 8, "generated": 0, "bbox": {"xmin": 408, "ymin": 96, "ymax": 144, "xmax": 469}}, {"tid": 9, "generated": 0, "bbox": {"xmin": 239, "ymin": 38, "ymax": 213, "xmax": 339}}], [{"tid": 0, "generated": 0, "bbox": {"xmin": 217, "ymin": 202, "ymax": 352, "xmax": 512}}, {"tid": 2, "generated": 0, "bbox": {"xmin": 136, "ymin": 112, "ymax": 142, "xmax": 202}}, {"tid": 8, "generated": 0, "bbox": {"xmin": 412, "ymin": 97, "ymax": 145, "xmax": 469}}, {"tid": 9, "generated": 0, "bbox": {"xmin": 239, "ymin": 40, "ymax": 213, "xmax": 339}}], [{"tid": 0, "generated": 0, "bbox": {"xmin": 217, "ymin": 202, "ymax": 352, "xmax": 512}}, {"tid": 2, "generated": 0, "bbox": {"xmin": 132, "ymin": 112, "ymax": 142, "xmax": 201}}, {"tid": 8, "generated": 0, "bbox": {"xmin": 410, "ymin": 97, "ymax": 144, "xmax": 470}}, {"tid": 9, "generated": 0, "bbox": {"xmin": 238, "ymin": 41, "ymax": 213, "xmax": 339}}], [{"tid": 0, "generated": 0, "bbox": {"xmin": 217, "ymin": 202, "ymax": 352, "xmax": 512}}, {"tid": 2, "generated": 0, "bbox": {"xmin": 128, "ymin": 112, "ymax": 142, "xmax": 200}}, {"tid": 8, "generated": 0, "bbox": {"xmin": 410, "ymin": 97, "ymax": 148, "xmax": 464}}, {"tid": 9, "generated": 0, "bbox": {"xmin": 238, "ymin": 43, "ymax": 213, "xmax": 339}}], [{"tid": 0, "generated": 0, "bbox": {"xmin": 217, "ymin": 202, "ymax": 352, "xmax": 512}}, {"tid": 2, "generated": 0, "bbox": {"xmin": 125, "ymin": 112, "ymax": 142, "xmax": 200}}, {"tid": 8, "generated": 0, "bbox": {"xmin": 410, "ymin": 97, "ymax": 146, "xmax": 472}}, {"tid": 9, "generated": 0, "bbox": {"xmin": 238, "ymin": 44, "ymax": 213, "xmax": 339}}], [{"tid": 0, "generated": 0, "bbox": {"xmin": 217, "ymin": 202, "ymax": 352, "xmax": 512}}, {"tid": 2, "generated": 0, "bbox": {"xmin": 121, "ymin": 112, "ymax": 142, "xmax": 197}}, {"tid": 8, "generated": 0, "bbox": {"xmin": 410, "ymin": 97, "ymax": 146, "xmax": 472}}, {"tid": 9, "generated": 0, "bbox": {"xmin": 238, "ymin": 44, "ymax": 213, "xmax": 339}}], [{"tid": 0, "generated": 0, "bbox": {"xmin": 217, "ymin": 202, "ymax": 352, "xmax": 512}}, {"tid": 2, "generated": 0, "bbox": {"xmin": 117, "ymin": 112, "ymax": 142, "xmax": 194}}, {"tid": 8, "generated": 0, "bbox": {"xmin": 411, "ymin": 98, "ymax": 147, "xmax": 472}}, {"tid": 9, "generated": 0, "bbox": {"xmin": 238, "ymin": 44, "ymax": 213, "xmax": 339}}], [{"tid": 0, "generated": 0, "bbox": {"xmin": 217, "ymin": 203, "ymax": 352, "xmax": 512}}, {"tid": 2, "generated": 0, "bbox": {"xmin": 113, "ymin": 112, "ymax": 143, "xmax": 191}}, {"tid": 8, "generated": 0, "bbox": {"xmin": 412, "ymin": 99, "ymax": 147, "xmax": 472}}, {"tid": 9, "generated": 0, "bbox": {"xmin": 238, "ymin": 44, "ymax": 213, "xmax": 339}}], [{"tid": 0, "generated": 0, "bbox": {"xmin": 217, "ymin": 203, "ymax": 352, "xmax": 512}}, {"tid": 2, "generated": 0, "bbox": {"xmin": 109, "ymin": 112, "ymax": 143, "xmax": 188}}, {"tid": 8, "generated": 0, "bbox": {"xmin": 412, "ymin": 99, "ymax": 148, "xmax": 472}}, {"tid": 9, "generated": 0, "bbox": {"xmin": 238, "ymin": 44, "ymax": 213, "xmax": 339}}], [{"tid": 0, "generated": 0, "bbox": {"xmin": 217, "ymin": 203, "ymax": 352, "xmax": 512}}, {"tid": 2, "generated": 0, "bbox": {"xmin": 105, "ymin": 112, "ymax": 144, "xmax": 185}}, {"tid": 8, "generated": 0, "bbox": {"xmin": 413, "ymin": 100, "ymax": 148, "xmax": 472}}, {"tid": 9, "generated": 0, "bbox": {"xmin": 238, "ymin": 44, "ymax": 213, "xmax": 339}}], [{"tid": 0, "generated": 0, "bbox": {"xmin": 217, "ymin": 203, "ymax": 352, "xmax": 512}}, {"tid": 2, "generated": 0, "bbox": {"xmin": 101, "ymin": 112, "ymax": 144, "xmax": 188}}, {"tid": 8, "generated": 0, "bbox": {"xmin": 414, "ymin": 101, "ymax": 149, "xmax": 472}}, {"tid": 9, "generated": 0, "bbox": {"xmin": 238, "ymin": 44, "ymax": 213, "xmax": 339}}], [{"tid": 0, "generated": 0, "bbox": {"xmin": 217, "ymin": 203, "ymax": 352, "xmax": 512}}, {"tid": 2, "generated": 0, "bbox": {"xmin": 96, "ymin": 111, "ymax": 144, "xmax": 184}}, {"tid": 8, "generated": 0, "bbox": {"xmin": 412, "ymin": 97, "ymax": 146, "xmax": 472}}, {"tid": 9, "generated": 0, "bbox": {"xmin": 238, "ymin": 44, "ymax": 213, "xmax": 339}}], [{"tid": 0, "generated": 0, "bbox": {"xmin": 217, "ymin": 203, "ymax": 352, "xmax": 512}}, {"tid": 2, "generated": 0, "bbox": {"xmin": 91, "ymin": 111, "ymax": 144, "xmax": 181}}, {"tid": 8, "generated": 0, "bbox": {"xmin": 413, "ymin": 101, "ymax": 149, "xmax": 472}}, {"tid": 9, "generated": 0, "bbox": {"xmin": 238, "ymin": 44, "ymax": 213, "xmax": 339}}], [{"tid": 0, "generated": 0, "bbox": {"xmin": 217, "ymin": 203, "ymax": 352, "xmax": 512}}, {"tid": 2, "generated": 0, "bbox": {"xmin": 86, "ymin": 111, "ymax": 144, "xmax": 178}}, {"tid": 8, "generated": 0, "bbox": {"xmin": 412, "ymin": 99, "ymax": 147, "xmax": 471}}, {"tid": 9, "generated": 0, "bbox": {"xmin": 238, "ymin": 44, "ymax": 213, "xmax": 339}}], [{"tid": 0, "generated": 0, "bbox": {"xmin": 217, "ymin": 203, "ymax": 352, "xmax": 512}}, {"tid": 2, "generated": 0, "bbox": {"xmin": 81, "ymin": 111, "ymax": 144, "xmax": 174}}, {"tid": 8, "generated": 0, "bbox": {"xmin": 412, "ymin": 97, "ymax": 146, "xmax": 470}}, {"tid": 9, "generated": 0, "bbox": {"xmin": 238, "ymin": 44, "ymax": 213, "xmax": 339}}], [{"tid": 0, "generated": 0, "bbox": {"xmin": 217, "ymin": 204, "ymax": 352, "xmax": 512}}, {"tid": 2, "generated": 0, "bbox": {"xmin": 76, "ymin": 111, "ymax": 145, "xmax": 171}}, {"tid": 8, "generated": 0, "bbox": {"xmin": 412, "ymin": 97, "ymax": 148, "xmax": 470}}, {"tid": 9, "generated": 0, "bbox": {"xmin": 238, "ymin": 44, "ymax": 213, "xmax": 339}}], [{"tid": 0, "generated": 0, "bbox": {"xmin": 217, "ymin": 204, "ymax": 352, "xmax": 512}}, {"tid": 2, "generated": 0, "bbox": {"xmin": 71, "ymin": 111, "ymax": 145, "xmax": 168}}, {"tid": 8, "generated": 0, "bbox": {"xmin": 413, "ymin": 98, "ymax": 149, "xmax": 471}}, {"tid": 9, "generated": 0, "bbox": {"xmin": 238, "ymin": 44, "ymax": 213, "xmax": 339}}], [{"tid": 0, "generated": 0, "bbox": {"xmin": 217, "ymin": 204, "ymax": 352, "xmax": 512}}, {"tid": 2, "generated": 0, "bbox": {"xmin": 66, "ymin": 111, "ymax": 145, "xmax": 164}}, {"tid": 8, "generated": 0, "bbox": {"xmin": 413, "ymin": 98, "ymax": 148, "xmax": 471}}, {"tid": 9, "generated": 0, "bbox": {"xmin": 238, "ymin": 44, "ymax": 213, "xmax": 339}}], [{"tid": 0, "generated": 0, "bbox": {"xmin": 217, "ymin": 204, "ymax": 352, "xmax": 512}}, {"tid": 2, "generated": 0, "bbox": {"xmin": 61, "ymin": 111, "ymax": 145, "xmax": 161}}, {"tid": 8, "generated": 0, "bbox": {"xmin": 413, "ymin": 98, "ymax": 148, "xmax": 471}}, {"tid": 9, "generated": 0, "bbox": {"xmin": 238, "ymin": 44, "ymax": 213, "xmax": 339}}], [{"tid": 0, "generated": 0, "bbox": {"xmin": 217, "ymin": 204, "ymax": 353, "xmax": 512}}, {"tid": 3, "generated": 0, "bbox": {"xmin": 160, "ymin": 113, "ymax": 145, "xmax": 208}}, {"tid": 8, "generated": 0, "bbox": {"xmin": 413, "ymin": 98, "ymax": 148, "xmax": 471}}, {"tid": 9, "generated": 0, "bbox": {"xmin": 238, "ymin": 44, "ymax": 213, "xmax": 339}}], [{"tid": 0, "generated": 0, "bbox": {"xmin": 217, "ymin": 204, "ymax": 353, "xmax": 512}}, {"tid": 3, "generated": 0, "bbox": {"xmin": 160, "ymin": 112, "ymax": 144, "xmax": 208}}, {"tid": 8, "generated": 0, "bbox": {"xmin": 413, "ymin": 98, "ymax": 148, "xmax": 471}}, {"tid": 9, "generated": 0, "bbox": {"xmin": 238, "ymin": 44, "ymax": 213, "xmax": 339}}], [{"tid": 0, "generated": 0, "bbox": {"xmin": 217, "ymin": 204, "ymax": 353, "xmax": 512}}, {"tid": 3, "generated": 0, "bbox": {"xmin": 154, "ymin": 117, "ymax": 144, "xmax": 206}}, {"tid": 8, "generated": 0, "bbox": {"xmin": 413, "ymin": 98, "ymax": 148, "xmax": 471}}, {"tid": 9, "generated": 0, "bbox": {"xmin": 238, "ymin": 44, "ymax": 213, "xmax": 339}}], [{"tid": 0, "generated": 0, "bbox": {"xmin": 217, "ymin": 204, "ymax": 353, "xmax": 512}}, {"tid": 3, "generated": 0, "bbox": {"xmin": 149, "ymin": 117, "ymax": 144, "xmax": 205}}, {"tid": 8, "generated": 0, "bbox": {"xmin": 413, "ymin": 98, "ymax": 148, "xmax": 471}}, {"tid": 9, "generated": 0, "bbox": {"xmin": 238, "ymin": 44, "ymax": 213, "xmax": 339}}], [{"tid": 0, "generated": 0, "bbox": {"xmin": 217, "ymin": 205, "ymax": 353, "xmax": 512}}, {"tid": 3, "generated": 0, "bbox": {"xmin": 145, "ymin": 117, "ymax": 144, "xmax": 204}}, {"tid": 8, "generated": 0, "bbox": {"xmin": 413, "ymin": 99, "ymax": 148, "xmax": 471}}, {"tid": 9, "generated": 0, "bbox": {"xmin": 238, "ymin": 44, "ymax": 213, "xmax": 339}}], [{"tid": 0, "generated": 0, "bbox": {"xmin": 217, "ymin": 205, "ymax": 353, "xmax": 512}}, {"tid": 3, "generated": 0, "bbox": {"xmin": 141, "ymin": 117, "ymax": 144, "xmax": 204}}, {"tid": 8, "generated": 0, "bbox": {"xmin": 413, "ymin": 99, "ymax": 148, "xmax": 471}}, {"tid": 9, "generated": 0, "bbox": {"xmin": 238, "ymin": 44, "ymax": 213, "xmax": 339}}], [{"tid": 0, "generated": 0, "bbox": {"xmin": 217, "ymin": 205, "ymax": 353, "xmax": 512}}, {"tid": 3, "generated": 0, "bbox": {"xmin": 136, "ymin": 118, "ymax": 144, "xmax": 203}}, {"tid": 8, "generated": 0, "bbox": {"xmin": 413, "ymin": 99, "ymax": 148, "xmax": 471}}, {"tid": 9, "generated": 0, "bbox": {"xmin": 238, "ymin": 44, "ymax": 213, "xmax": 339}}], [{"tid": 0, "generated": 0, "bbox": {"xmin": 217, "ymin": 205, "ymax": 353, "xmax": 512}}, {"tid": 3, "generated": 0, "bbox": {"xmin": 132, "ymin": 118, "ymax": 144, "xmax": 203}}, {"tid": 8, "generated": 0, "bbox": {"xmin": 413, "ymin": 99, "ymax": 148, "xmax": 471}}, {"tid": 9, "generated": 0, "bbox": {"xmin": 238, "ymin": 44, "ymax": 213, "xmax": 339}}], [{"tid": 0, "generated": 0, "bbox": {"xmin": 217, "ymin": 205, "ymax": 353, "xmax": 512}}, {"tid": 3, "generated": 0, "bbox": {"xmin": 128, "ymin": 118, "ymax": 144, "xmax": 202}}, {"tid": 8, "generated": 0, "bbox": {"xmin": 413, "ymin": 99, "ymax": 148, "xmax": 471}}, {"tid": 9, "generated": 0, "bbox": {"xmin": 238, "ymin": 44, "ymax": 213, "xmax": 339}}], [{"tid": 0, "generated": 0, "bbox": {"xmin": 217, "ymin": 205, "ymax": 353, "xmax": 512}}, {"tid": 3, "generated": 0, "bbox": {"xmin": 124, "ymin": 119, "ymax": 145, "xmax": 202}}, {"tid": 8, "generated": 0, "bbox": {"xmin": 413, "ymin": 99, "ymax": 148, "xmax": 471}}, {"tid": 9, "generated": 0, "bbox": {"xmin": 238, "ymin": 44, "ymax": 213, "xmax": 339}}], [{"tid": 0, "generated": 0, "bbox": {"xmin": 217, "ymin": 205, "ymax": 353, "xmax": 512}}, {"tid": 3, "generated": 0, "bbox": {"xmin": 120, "ymin": 120, "ymax": 146, "xmax": 202}}, {"tid": 8, "generated": 0, "bbox": {"xmin": 414, "ymin": 100, "ymax": 148, "xmax": 472}}, {"tid": 9, "generated": 0, "bbox": {"xmin": 238, "ymin": 44, "ymax": 213, "xmax": 339}}], [{"tid": 0, "generated": 0, "bbox": {"xmin": 217, "ymin": 205, "ymax": 353, "xmax": 512}}, {"tid": 3, "generated": 0, "bbox": {"xmin": 122, "ymin": 119, "ymax": 144, "xmax": 200}}, {"tid": 8, "generated": 0, "bbox": {"xmin": 414, "ymin": 100, "ymax": 148, "xmax": 472}}, {"tid": 9, "generated": 0, "bbox": {"xmin": 238, "ymin": 44, "ymax": 213, "xmax": 339}}], [{"tid": 0, "generated": 0, "bbox": {"xmin": 217, "ymin": 206, "ymax": 353, "xmax": 512}}, {"tid": 3, "generated": 0, "bbox": {"xmin": 117, "ymin": 119, "ymax": 144, "xmax": 199}}, {"tid": 8, "generated": 0, "bbox": {"xmin": 414, "ymin": 100, "ymax": 148, "xmax": 472}}, {"tid": 9, "generated": 0, "bbox": {"xmin": 238, "ymin": 44, "ymax": 213, "xmax": 339}}], [{"tid": 0, "generated": 0, "bbox": {"xmin": 217, "ymin": 206, "ymax": 353, "xmax": 512}}, {"tid": 3, "generated": 0, "bbox": {"xmin": 113, "ymin": 119, "ymax": 144, "xmax": 198}}, {"tid": 8, "generated": 0, "bbox": {"xmin": 414, "ymin": 100, "ymax": 148, "xmax": 472}}, {"tid": 9, "generated": 0, "bbox": {"xmin": 238, "ymin": 44, "ymax": 213, "xmax": 339}}], [{"tid": 0, "generated": 0, "bbox": {"xmin": 217, "ymin": 206, "ymax": 353, "xmax": 512}}, {"tid": 3, "generated": 0, "bbox": {"xmin": 108, "ymin": 119, "ymax": 144, "xmax": 197}}, {"tid": 8, "generated": 0, "bbox": {"xmin": 414, "ymin": 100, "ymax": 148, "xmax": 472}}, {"tid": 9, "generated": 0, "bbox": {"xmin": 238, "ymin": 44, "ymax": 213, "xmax": 339}}], [{"tid": 0, "generated": 0, "bbox": {"xmin": 217, "ymin": 206, "ymax": 353, "xmax": 512}}, {"tid": 3, "generated": 0, "bbox": {"xmin": 104, "ymin": 120, "ymax": 145, "xmax": 197}}, {"tid": 8, "generated": 0, "bbox": {"xmin": 414, "ymin": 100, "ymax": 148, "xmax": 472}}, {"tid": 9, "generated": 0, "bbox": {"xmin": 238, "ymin": 44, "ymax": 213, "xmax": 339}}], [{"tid": 0, "generated": 0, "bbox": {"xmin": 217, "ymin": 206, "ymax": 353, "xmax": 512}}, {"tid": 3, "generated": 0, "bbox": {"xmin": 100, "ymin": 120, "ymax": 144, "xmax": 194}}, {"tid": 8, "generated": 0, "bbox": {"xmin": 415, "ymin": 101, "ymax": 148, "xmax": 473}}, {"tid": 9, "generated": 0, "bbox": {"xmin": 238, "ymin": 44, "ymax": 213, "xmax": 339}}], [{"tid": 0, "generated": 0, "bbox": {"xmin": 217, "ymin": 206, "ymax": 353, "xmax": 512}}, {"tid": 3, "generated": 0, "bbox": {"xmin": 96, "ymin": 120, "ymax": 148, "xmax": 183}}, {"tid": 8, "generated": 0, "bbox": {"xmin": 415, "ymin": 101, "ymax": 149, "xmax": 470}}, {"tid": 9, "generated": 0, "bbox": {"xmin": 238, "ymin": 44, "ymax": 213, "xmax": 339}}], [{"tid": 0, "generated": 0, "bbox": {"xmin": 217, "ymin": 206, "ymax": 353, "xmax": 512}}, {"tid": 3, "generated": 0, "bbox": {"xmin": 94, "ymin": 118, "ymax": 144, "xmax": 184}}, {"tid": 8, "generated": 0, "bbox": {"xmin": 416, "ymin": 102, "ymax": 151, "xmax": 468}}, {"tid": 9, "generated": 0, "bbox": {"xmin": 238, "ymin": 44, "ymax": 213, "xmax": 339}}], [{"tid": 0, "generated": 0, "bbox": {"xmin": 217, "ymin": 206, "ymax": 353, "xmax": 512}}, {"tid": 3, "generated": 0, "bbox": {"xmin": 88, "ymin": 118, "ymax": 144, "xmax": 176}}, {"tid": 8, "generated": 0, "bbox": {"xmin": 416, "ymin": 102, "ymax": 150, "xmax": 472}}, {"tid": 9, "generated": 0, "bbox": {"xmin": 238, "ymin": 44, "ymax": 213, "xmax": 339}}], [{"tid": 0, "generated": 0, "bbox": {"xmin": 217, "ymin": 207, "ymax": 354, "xmax": 512}}, {"tid": 3, "generated": 0, "bbox": {"xmin": 82, "ymin": 118, "ymax": 145, "xmax": 172}}, {"tid": 8, "generated": 0, "bbox": {"xmin": 416, "ymin": 102, "ymax": 150, "xmax": 472}}, {"tid": 9, "generated": 0, "bbox": {"xmin": 238, "ymin": 44, "ymax": 213, "xmax": 339}}], [{"tid": 0, "generated": 0, "bbox": {"xmin": 217, "ymin": 206, "ymax": 354, "xmax": 512}}, {"tid": 3, "generated": 0, "bbox": {"xmin": 79, "ymin": 118, "ymax": 144, "xmax": 168}}, {"tid": 8, "generated": 0, "bbox": {"xmin": 416, "ymin": 102, "ymax": 150, "xmax": 472}}, {"tid": 9, "generated": 0, "bbox": {"xmin": 238, "ymin": 44, "ymax": 213, "xmax": 339}}], [{"tid": 0, "generated": 0, "bbox": {"xmin": 217, "ymin": 206, "ymax": 354, "xmax": 512}}, {"tid": 3, "generated": 0, "bbox": {"xmin": 73, "ymin": 118, "ymax": 144, "xmax": 167}}, {"tid": 8, "generated": 0, "bbox": {"xmin": 416, "ymin": 102, "ymax": 150, "xmax": 472}}, {"tid": 9, "generated": 0, "bbox": {"xmin": 238, "ymin": 44, "ymax": 213, "xmax": 339}}], [{"tid": 0, "generated": 0, "bbox": {"xmin": 217, "ymin": 206, "ymax": 354, "xmax": 512}}, {"tid": 3, "generated": 0, "bbox": {"xmin": 71, "ymin": 118, "ymax": 144, "xmax": 164}}, {"tid": 8, "generated": 0, "bbox": {"xmin": 416, "ymin": 102, "ymax": 150, "xmax": 472}}, {"tid": 9, "generated": 0, "bbox": {"xmin": 238, "ymin": 44, "ymax": 213, "xmax": 339}}], [{"tid": 0, "generated": 0, "bbox": {"xmin": 217, "ymin": 206, "ymax": 354, "xmax": 512}}, {"tid": 3, "generated": 0, "bbox": {"xmin": 66, "ymin": 118, "ymax": 143, "xmax": 157}}, {"tid": 8, "generated": 0, "bbox": {"xmin": 416, "ymin": 102, "ymax": 150, "xmax": 472}}, {"tid": 9, "generated": 0, "bbox": {"xmin": 238, "ymin": 44, "ymax": 213, "xmax": 339}}], [{"tid": 0, "generated": 0, "bbox": {"xmin": 217, "ymin": 206, "ymax": 354, "xmax": 512}}, {"tid": 3, "generated": 0, "bbox": {"xmin": 64, "ymin": 119, "ymax": 144, "xmax": 153}}, {"tid": 8, "generated": 0, "bbox": {"xmin": 416, "ymin": 102, "ymax": 150, "xmax": 472}}, {"tid": 9, "generated": 0, "bbox": {"xmin": 238, "ymin": 44, "ymax": 213, "xmax": 339}}], [{"tid": 0, "generated": 0, "bbox": {"xmin": 217, "ymin": 206, "ymax": 354, "xmax": 512}}, {"tid": 3, "generated": 0, "bbox": {"xmin": 60, "ymin": 119, "ymax": 144, "xmax": 150}}, {"tid": 8, "generated": 0, "bbox": {"xmin": 416, "ymin": 102, "ymax": 150, "xmax": 472}}, {"tid": 9, "generated": 0, "bbox": {"xmin": 238, "ymin": 45, "ymax": 214, "xmax": 339}}], [{"tid": 0, "generated": 0, "bbox": {"xmin": 217, "ymin": 206, "ymax": 354, "xmax": 512}}, {"tid": 3, "generated": 0, "bbox": {"xmin": 56, "ymin": 119, "ymax": 144, "xmax": 147}}, {"tid": 8, "generated": 0, "bbox": {"xmin": 416, "ymin": 102, "ymax": 150, "xmax": 472}}, {"tid": 9, "generated": 0, "bbox": {"xmin": 239, "ymin": 45, "ymax": 214, "xmax": 340}}], [{"tid": 0, "generated": 0, "bbox": {"xmin": 217, "ymin": 206, "ymax": 354, "xmax": 512}}, {"tid": 3, "generated": 0, "bbox": {"xmin": 53, "ymin": 120, "ymax": 145, "xmax": 144}}, {"tid": 8, "generated": 0, "bbox": {"xmin": 416, "ymin": 103, "ymax": 151, "xmax": 472}}, {"tid": 9, "generated": 0, "bbox": {"xmin": 239, "ymin": 46, "ymax": 215, "xmax": 340}}], [{"tid": 0, "generated": 0, "bbox": {"xmin": 217, "ymin": 206, "ymax": 354, "xmax": 512}}, {"tid": 3, "generated": 0, "bbox": {"xmin": 48, "ymin": 120, "ymax": 148, "xmax": 141}}, {"tid": 8, "generated": 0, "bbox": {"xmin": 416, "ymin": 103, "ymax": 151, "xmax": 472}}, {"tid": 9, "generated": 0, "bbox": {"xmin": 240, "ymin": 46, "ymax": 215, "xmax": 341}}], [{"tid": 0, "generated": 0, "bbox": {"xmin": 217, "ymin": 206, "ymax": 355, "xmax": 512}}, {"tid": 4, "generated": 0, "bbox": {"xmin": 136, "ymin": 120, "ymax": 145, "xmax": 168}}, {"tid": 5, "generated": 0, "bbox": {"xmin": 226, "ymin": 130, "ymax": 146, "xmax": 242}}, {"tid": 8, "generated": 0, "bbox": {"xmin": 416, "ymin": 103, "ymax": 151, "xmax": 472}}, {"tid": 9, "generated": 0, "bbox": {"xmin": 240, "ymin": 47, "ymax": 216, "xmax": 341}}], [{"tid": 0, "generated": 0, "bbox": {"xmin": 217, "ymin": 206, "ymax": 355, "xmax": 512}}, {"tid": 4, "generated": 0, "bbox": {"xmin": 132, "ymin": 120, "ymax": 146, "xmax": 164}}, {"tid": 5, "generated": 0, "bbox": {"xmin": 224, "ymin": 129, "ymax": 145, "xmax": 243}}, {"tid": 8, "generated": 0, "bbox": {"xmin": 416, "ymin": 103, "ymax": 151, "xmax": 472}}, {"tid": 9, "generated": 0, "bbox": {"xmin": 240, "ymin": 47, "ymax": 216, "xmax": 341}}], [{"tid": 0, "generated": 0, "bbox": {"xmin": 217, "ymin": 206, "ymax": 355, "xmax": 512}}, {"tid": 4, "generated": 0, "bbox": {"xmin": 128, "ymin": 120, "ymax": 146, "xmax": 161}}, {"tid": 5, "generated": 0, "bbox": {"xmin": 222, "ymin": 128, "ymax": 144, "xmax": 244}}, {"tid": 8, "generated": 0, "bbox": {"xmin": 416, "ymin": 103, "ymax": 151, "xmax": 472}}, {"tid": 9, "generated": 0, "bbox": {"xmin": 240, "ymin": 47, "ymax": 216, "xmax": 341}}], [{"tid": 0, "generated": 0, "bbox": {"xmin": 217, "ymin": 206, "ymax": 355, "xmax": 512}}, {"tid": 4, "generated": 0, "bbox": {"xmin": 125, "ymin": 120, "ymax": 146, "xmax": 159}}, {"tid": 5, "generated": 0, "bbox": {"xmin": 218, "ymin": 128, "ymax": 144, "xmax": 245}}, {"tid": 8, "generated": 0, "bbox": {"xmin": 416, "ymin": 103, "ymax": 151, "xmax": 472}}, {"tid": 9, "generated": 0, "bbox": {"xmin": 240, "ymin": 47, "ymax": 216, "xmax": 341}}], [{"tid": 0, "generated": 0, "bbox": {"xmin": 217, "ymin": 206, "ymax": 355, "xmax": 512}}, {"tid": 4, "generated": 0, "bbox": {"xmin": 121, "ymin": 119, "ymax": 145, "xmax": 155}}, {"tid": 5, "generated": 0, "bbox": {"xmin": 217, "ymin": 128, "ymax": 145, "xmax": 244}}, {"tid": 8, "generated": 0, "bbox": {"xmin": 416, "ymin": 103, "ymax": 151, "xmax": 472}}, {"tid": 9, "generated": 0, "bbox": {"xmin": 240, "ymin": 47, "ymax": 216, "xmax": 341}}], [{"tid": 0, "generated": 0, "bbox": {"xmin": 217, "ymin": 206, "ymax": 355, "xmax": 512}}, {"tid": 4, "generated": 0, "bbox": {"xmin": 117, "ymin": 119, "ymax": 145, "xmax": 152}}, {"tid": 5, "generated": 0, "bbox": {"xmin": 218, "ymin": 128, "ymax": 145, "xmax": 245}}, {"tid": 8, "generated": 0, "bbox": {"xmin": 416, "ymin": 103, "ymax": 151, "xmax": 472}}, {"tid": 9, "generated": 0, "bbox": {"xmin": 240, "ymin": 47, "ymax": 216, "xmax": 341}}], [{"tid": 0, "generated": 0, "bbox": {"xmin": 217, "ymin": 206, "ymax": 355, "xmax": 512}}, {"tid": 4, "generated": 0, "bbox": {"xmin": 113, "ymin": 119, "ymax": 145, "xmax": 149}}, {"tid": 5, "generated": 0, "bbox": {"xmin": 217, "ymin": 128, "ymax": 144, "xmax": 244}}, {"tid": 8, "generated": 0, "bbox": {"xmin": 416, "ymin": 103, "ymax": 151, "xmax": 472}}, {"tid": 9, "generated": 0, "bbox": {"xmin": 240, "ymin": 47, "ymax": 216, "xmax": 341}}], [{"tid": 0, "generated": 0, "bbox": {"xmin": 217, "ymin": 206, "ymax": 355, "xmax": 512}}, {"tid": 4, "generated": 0, "bbox": {"xmin": 109, "ymin": 119, "ymax": 145, "xmax": 146}}, {"tid": 5, "generated": 0, "bbox": {"xmin": 218, "ymin": 128, "ymax": 148, "xmax": 246}}, {"tid": 8, "generated": 0, "bbox": {"xmin": 417, "ymin": 104, "ymax": 152, "xmax": 472}}, {"tid": 9, "generated": 0, "bbox": {"xmin": 240, "ymin": 47, "ymax": 216, "xmax": 341}}], [{"tid": 0, "generated": 0, "bbox": {"xmin": 217, "ymin": 206, "ymax": 355, "xmax": 512}}, {"tid": 4, "generated": 0, "bbox": {"xmin": 106, "ymin": 119, "ymax": 145, "xmax": 143}}, {"tid": 5, "generated": 0, "bbox": {"xmin": 216, "ymin": 127, "ymax": 144, "xmax": 241}}, {"tid": 8, "generated": 0, "bbox": {"xmin": 416, "ymin": 103, "ymax": 151, "xmax": 472}}, {"tid": 9, "generated": 0, "bbox": {"xmin": 240, "ymin": 47, "ymax": 216, "xmax": 341}}], [{"tid": 0, "generated": 0, "bbox": {"xmin": 217, "ymin": 206, "ymax": 355, "xmax": 512}}, {"tid": 4, "generated": 0, "bbox": {"xmin": 104, "ymin": 119, "ymax": 148, "xmax": 136}}, {"tid": 5, "generated": 0, "bbox": {"xmin": 214, "ymin": 126, "ymax": 144, "xmax": 240}}, {"tid": 8, "generated": 0, "bbox": {"xmin": 416, "ymin": 102, "ymax": 151, "xmax": 472}}, {"tid": 9, "generated": 0, "bbox": {"xmin": 240, "ymin": 47, "ymax": 216, "xmax": 341}}], [{"tid": 0, "generated": 0, "bbox": {"xmin": 217, "ymin": 206, "ymax": 356, "xmax": 512}}, {"tid": 4, "generated": 0, "bbox": {"xmin": 100, "ymin": 119, "ymax": 149, "xmax": 138}}, {"tid": 5, "generated": 0, "bbox": {"xmin": 214, "ymin": 125, "ymax": 144, "xmax": 240}}, {"tid": 8, "generated": 0, "bbox": {"xmin": 416, "ymin": 102, "ymax": 151, "xmax": 472}}, {"tid": 9, "generated": 0, "bbox": {"xmin": 240, "ymin": 47, "ymax": 216, "xmax": 341}}], [{"tid": 0, "generated": 0, "bbox": {"xmin": 217, "ymin": 206, "ymax": 355, "xmax": 512}}, {"tid": 4, "generated": 0, "bbox": {"xmin": 95, "ymin": 119, "ymax": 148, "xmax": 134}}, {"tid": 5, "generated": 0, "bbox": {"xmin": 208, "ymin": 124, "ymax": 144, "xmax": 245}}, {"tid": 8, "generated": 0, "bbox": {"xmin": 416, "ymin": 101, "ymax": 150, "xmax": 472}}, {"tid": 9, "generated": 0, "bbox": {"xmin": 240, "ymin": 47, "ymax": 217, "xmax": 341}}], [{"tid": 0, "generated": 0, "bbox": {"xmin": 217, "ymin": 206, "ymax": 355, "xmax": 512}}, {"tid": 4, "generated": 0, "bbox": {"xmin": 91, "ymin": 119, "ymax": 148, "xmax": 131}}, {"tid": 5, "generated": 0, "bbox": {"xmin": 205, "ymin": 126, "ymax": 145, "xmax": 240}}, {"tid": 8, "generated": 0, "bbox": {"xmin": 416, "ymin": 101, "ymax": 150, "xmax": 472}}, {"tid": 9, "generated": 0, "bbox": {"xmin": 240, "ymin": 47, "ymax": 218, "xmax": 341}}], [{"tid": 0, "generated": 0, "bbox": {"xmin": 217, "ymin": 206, "ymax": 355, "xmax": 512}}, {"tid": 4, "generated": 0, "bbox": {"xmin": 87, "ymin": 119, "ymax": 148, "xmax": 127}}, {"tid": 5, "generated": 0, "bbox": {"xmin": 196, "ymin": 124, "ymax": 144, "xmax": 232}}, {"tid": 8, "generated": 0, "bbox": {"xmin": 416, "ymin": 100, "ymax": 150, "xmax": 472}}, {"tid": 9, "generated": 0, "bbox": {"xmin": 240, "ymin": 47, "ymax": 220, "xmax": 341}}], [{"tid": 0, "generated": 0, "bbox": {"xmin": 217, "ymin": 206, "ymax": 355, "xmax": 512}}, {"tid": 4, "generated": 0, "bbox": {"xmin": 82, "ymin": 119, "ymax": 147, "xmax": 124}}, {"tid": 5, "generated": 0, "bbox": {"xmin": 192, "ymin": 128, "ymax": 146, "xmax": 224}}, {"tid": 8, "generated": 0, "bbox": {"xmin": 416, "ymin": 100, "ymax": 150, "xmax": 472}}, {"tid": 9, "generated": 0, "bbox": {"xmin": 240, "ymin": 47, "ymax": 221, "xmax": 341}}], [{"tid": 0, "generated": 0, "bbox": {"xmin": 217, "ymin": 206, "ymax": 355, "xmax": 512}}, {"tid": 4, "generated": 0, "bbox": {"xmin": 78, "ymin": 119, "ymax": 147, "xmax": 121}}, {"tid": 5, "generated": 0, "bbox": {"xmin": 188, "ymin": 128, "ymax": 146, "xmax": 218}}, {"tid": 8, "generated": 0, "bbox": {"xmin": 416, "ymin": 99, "ymax": 149, "xmax": 472}}, {"tid": 9, "generated": 0, "bbox": {"xmin": 240, "ymin": 47, "ymax": 222, "xmax": 341}}], [{"tid": 0, "generated": 0, "bbox": {"xmin": 217, "ymin": 206, "ymax": 354, "xmax": 512}}, {"tid": 4, "generated": 0, "bbox": {"xmin": 74, "ymin": 119, "ymax": 147, "xmax": 117}}, {"tid": 5, "generated": 0, "bbox": {"xmin": 184, "ymin": 127, "ymax": 146, "xmax": 220}}, {"tid": 8, "generated": 0, "bbox": {"xmin": 416, "ymin": 99, "ymax": 149, "xmax": 472}}, {"tid": 9, "generated": 0, "bbox": {"xmin": 240, "ymin": 47, "ymax": 222, "xmax": 341}}], [{"tid": 0, "generated": 0, "bbox": {"xmin": 217, "ymin": 206, "ymax": 354, "xmax": 512}}, {"tid": 4, "generated": 0, "bbox": {"xmin": 69, "ymin": 119, "ymax": 146, "xmax": 114}}, {"tid": 5, "generated": 0, "bbox": {"xmin": 184, "ymin": 127, "ymax": 144, "xmax": 216}}, {"tid": 8, "generated": 0, "bbox": {"xmin": 416, "ymin": 98, "ymax": 149, "xmax": 472}}, {"tid": 9, "generated": 0, "bbox": {"xmin": 240, "ymin": 47, "ymax": 222, "xmax": 341}}], [{"tid": 0, "generated": 0, "bbox": {"xmin": 217, "ymin": 206, "ymax": 354, "xmax": 512}}, {"tid": 4, "generated": 0, "bbox": {"xmin": 65, "ymin": 119, "ymax": 146, "xmax": 110}}, {"tid": 5, "generated": 0, "bbox": {"xmin": 180, "ymin": 126, "ymax": 145, "xmax": 216}}, {"tid": 8, "generated": 0, "bbox": {"xmin": 416, "ymin": 98, "ymax": 149, "xmax": 472}}, {"tid": 9, "generated": 0, "bbox": {"xmin": 240, "ymin": 47, "ymax": 222, "xmax": 341}}], [{"tid": 0, "generated": 0, "bbox": {"xmin": 217, "ymin": 206, "ymax": 354, "xmax": 512}}, {"tid": 4, "generated": 0, "bbox": {"xmin": 61, "ymin": 119, "ymax": 146, "xmax": 107}}, {"tid": 5, "generated": 0, "bbox": {"xmin": 178, "ymin": 128, "ymax": 145, "xmax": 213}}, {"tid": 8, "generated": 0, "bbox": {"xmin": 415, "ymin": 98, "ymax": 148, "xmax": 472}}, {"tid": 9, "generated": 0, "bbox": {"xmin": 240, "ymin": 47, "ymax": 222, "xmax": 341}}], [{"tid": 0, "generated": 0, "bbox": {"xmin": 217, "ymin": 207, "ymax": 354, "xmax": 512}}, {"tid": 4, "generated": 0, "bbox": {"xmin": 57, "ymin": 119, "ymax": 146, "xmax": 104}}, {"tid": 5, "generated": 0, "bbox": {"xmin": 175, "ymin": 128, "ymax": 146, "xmax": 215}}, {"tid": 8, "generated": 0, "bbox": {"xmin": 415, "ymin": 98, "ymax": 147, "xmax": 472}}, {"tid": 9, "generated": 0, "bbox": {"xmin": 240, "ymin": 47, "ymax": 222, "xmax": 341}}], [{"tid": 0, "generated": 0, "bbox": {"xmin": 217, "ymin": 206, "ymax": 353, "xmax": 511}}, {"tid": 4, "generated": 0, "bbox": {"xmin": 49, "ymin": 117, "ymax": 146, "xmax": 97}}, {"tid": 5, "generated": 0, "bbox": {"xmin": 170, "ymin": 129, "ymax": 146, "xmax": 208}}, {"tid": 8, "generated": 0, "bbox": {"xmin": 415, "ymin": 98, "ymax": 146, "xmax": 472}}, {"tid": 9, "generated": 0, "bbox": {"xmin": 240, "ymin": 47, "ymax": 221, "xmax": 341}}], [{"tid": 0, "generated": 0, "bbox": {"xmin": 217, "ymin": 206, "ymax": 353, "xmax": 511}}, {"tid": 4, "generated": 0, "bbox": {"xmin": 41, "ymin": 116, "ymax": 150, "xmax": 90}}, {"tid": 5, "generated": 0, "bbox": {"xmin": 166, "ymin": 128, "ymax": 145, "xmax": 201}}, {"tid": 8, "generated": 0, "bbox": {"xmin": 415, "ymin": 98, "ymax": 146, "xmax": 472}}, {"tid": 9, "generated": 0, "bbox": {"xmin": 240, "ymin": 47, "ymax": 220, "xmax": 341}}], [{"tid": 0, "generated": 0, "bbox": {"xmin": 217, "ymin": 206, "ymax": 353, "xmax": 511}}, {"tid": 4, "generated": 0, "bbox": {"xmin": 37, "ymin": 114, "ymax": 149, "xmax": 93}}, {"tid": 5, "generated": 0, "bbox": {"xmin": 167, "ymin": 128, "ymax": 145, "xmax": 200}}, {"tid": 8, "generated": 0, "bbox": {"xmin": 415, "ymin": 98, "ymax": 145, "xmax": 472}}, {"tid": 9, "generated": 0, "bbox": {"xmin": 240, "ymin": 47, "ymax": 218, "xmax": 341}}], [{"tid": 0, "generated": 0, "bbox": {"xmin": 217, "ymin": 206, "ymax": 353, "xmax": 511}}, {"tid": 4, "generated": 0, "bbox": {"xmin": 32, "ymin": 112, "ymax": 146, "xmax": 88}}, {"tid": 5, "generated": 0, "bbox": {"xmin": 162, "ymin": 128, "ymax": 144, "xmax": 200}}, {"tid": 8, "generated": 0, "bbox": {"xmin": 415, "ymin": 98, "ymax": 144, "xmax": 472}}, {"tid": 9, "generated": 0, "bbox": {"xmin": 240, "ymin": 47, "ymax": 217, "xmax": 341}}], [{"tid": 0, "generated": 0, "bbox": {"xmin": 217, "ymin": 206, "ymax": 353, "xmax": 511}}, {"tid": 4, "generated": 0, "bbox": {"xmin": 25, "ymin": 112, "ymax": 148, "xmax": 84}}, {"tid": 5, "generated": 0, "bbox": {"xmin": 160, "ymin": 122, "ymax": 145, "xmax": 200}}, {"tid": 8, "generated": 0, "bbox": {"xmin": 415, "ymin": 98, "ymax": 144, "xmax": 472}}, {"tid": 9, "generated": 0, "bbox": {"xmin": 240, "ymin": 47, "ymax": 216, "xmax": 341}}], [{"tid": 0, "generated": 0, "bbox": {"xmin": 217, "ymin": 206, "ymax": 353, "xmax": 511}}, {"tid": 4, "generated": 0, "bbox": {"xmin": 21, "ymin": 111, "ymax": 144, "xmax": 80}}, {"tid": 5, "generated": 0, "bbox": {"xmin": 156, "ymin": 122, "ymax": 144, "xmax": 204}}, {"tid": 8, "generated": 0, "bbox": {"xmin": 415, "ymin": 98, "ymax": 144, "xmax": 472}}, {"tid": 9, "generated": 0, "bbox": {"xmin": 240, "ymin": 47, "ymax": 216, "xmax": 341}}], [{"tid": 0, "generated": 0, "bbox": {"xmin": 217, "ymin": 205, "ymax": 352, "xmax": 511}}, {"tid": 4, "generated": 0, "bbox": {"xmin": 12, "ymin": 110, "ymax": 145, "xmax": 76}}, {"tid": 5, "generated": 0, "bbox": {"xmin": 152, "ymin": 122, "ymax": 144, "xmax": 201}}, {"tid": 8, "generated": 0, "bbox": {"xmin": 415, "ymin": 98, "ymax": 145, "xmax": 472}}, {"tid": 9, "generated": 0, "bbox": {"xmin": 240, "ymin": 47, "ymax": 216, "xmax": 341}}], [{"tid": 0, "generated": 0, "bbox": {"xmin": 217, "ymin": 205, "ymax": 352, "xmax": 511}}, {"tid": 4, "generated": 0, "bbox": {"xmin": 8, "ymin": 109, "ymax": 144, "xmax": 77}}, {"tid": 5, "generated": 0, "bbox": {"xmin": 152, "ymin": 122, "ymax": 144, "xmax": 200}}, {"tid": 8, "generated": 0, "bbox": {"xmin": 415, "ymin": 98, "ymax": 146, "xmax": 472}}, {"tid": 9, "generated": 0, "bbox": {"xmin": 240, "ymin": 47, "ymax": 216, "xmax": 341}}], [{"tid": 0, "generated": 0, "bbox": {"xmin": 217, "ymin": 205, "ymax": 352, "xmax": 511}}, {"tid": 4, "generated": 0, "bbox": {"xmin": 4, "ymin": 109, "ymax": 145, "xmax": 73}}, {"tid": 5, "generated": 0, "bbox": {"xmin": 148, "ymin": 120, "ymax": 144, "xmax": 200}}, {"tid": 8, "generated": 0, "bbox": {"xmin": 415, "ymin": 98, "ymax": 147, "xmax": 472}}, {"tid": 9, "generated": 0, "bbox": {"xmin": 240, "ymin": 47, "ymax": 216, "xmax": 341}}]], "subject/objects": [{"category": "dog", "tid": 0}, {"category": "car", "tid": 2}, {"category": "car", "tid": 3}, {"category": "car", "tid": 4}, {"category": "car", "tid": 5}, {"category": "car", "tid": 8}, {"category": "person", "tid": 9}], "relation_instances": [{"end_fid": 30, "subject_tid": 0, "predicate": "lie_right", "begin_fid": 0, "object_tid": 2}, {"end_fid": 30, "subject_tid": 0, "predicate": "lie_front", "begin_fid": 0, "object_tid": 2}, {"end_fid": 30, "subject_tid": 2, "predicate": "move_behind", "begin_fid": 0, "object_tid": 0}, {"end_fid": 30, "subject_tid": 2, "predicate": "move_left", "begin_fid": 0, "object_tid": 0}, {"end_fid": 30, "subject_tid": 0, "predicate": "lie_front", "begin_fid": 0, "object_tid": 8}, {"end_fid": 30, "subject_tid": 8, "predicate": "move_away", "begin_fid": 0, "object_tid": 0}, {"end_fid": 30, "subject_tid": 8, "predicate": "move_behind", "begin_fid": 0, "object_tid": 0}, {"end_fid": 30, "subject_tid": 0, "predicate": "lie_next_to", "begin_fid": 0, "object_tid": 9}, {"end_fid": 30, "subject_tid": 0, "predicate": "lie_front", "begin_fid": 0, "object_tid": 9}, {"end_fid": 30, "subject_tid": 9, "predicate": "sit_next_to", "begin_fid": 0, "object_tid": 0}, {"end_fid": 30, "subject_tid": 9, "predicate": "sit_behind", "begin_fid": 0, "object_tid": 0}, {"end_fid": 30, "subject_tid": 9, "predicate": "watch", "begin_fid": 0, "object_tid": 0}, {"end_fid": 30, "subject_tid": 2, "predicate": "move_left", "begin_fid": 0, "object_tid": 8}, {"end_fid": 30, "subject_tid": 8, "predicate": "move_right", "begin_fid": 0, "object_tid": 2}, {"end_fid": 30, "subject_tid": 2, "predicate": "move_behind", "begin_fid": 0, "object_tid": 9}, {"end_fid": 30, "subject_tid": 2, "predicate": "move_left", "begin_fid": 0, "object_tid": 9}, {"end_fid": 30, "subject_tid": 9, "predicate": "sit_front", "begin_fid": 0, "object_tid": 2}, {"end_fid": 30, "subject_tid": 9, "predicate": "sit_right", "begin_fid": 0, "object_tid": 2}, {"end_fid": 30, "subject_tid": 8, "predicate": "move_right", "begin_fid": 0, "object_tid": 9}, {"end_fid": 30, "subject_tid": 8, "predicate": "move_behind", "begin_fid": 0, "object_tid": 9}, {"end_fid": 30, "subject_tid": 8, "predicate": "move_away", "begin_fid": 0, "object_tid": 9}, {"end_fid": 30, "subject_tid": 9, "predicate": "sit_front", "begin_fid": 0, "object_tid": 8}, {"end_fid": 30, "subject_tid": 9, "predicate": "sit_left", "begin_fid": 0, "object_tid": 8}, {"end_fid": 45, "subject_tid": 0, "predicate": "lie_front", "begin_fid": 15, "object_tid": 8}, {"end_fid": 45, "subject_tid": 8, "predicate": "move_away", "begin_fid": 15, "object_tid": 0}, {"end_fid": 45, "subject_tid": 8, "predicate": "move_behind", "begin_fid": 15, "object_tid": 0}, {"end_fid": 45, "subject_tid": 0, "predicate": "lie_next_to", "begin_fid": 15, "object_tid": 9}, {"end_fid": 45, "subject_tid": 0, "predicate": "lie_front", "begin_fid": 15, "object_tid": 9}, {"end_fid": 45, "subject_tid": 9, "predicate": "sit_next_to", "begin_fid": 15, "object_tid": 0}, {"end_fid": 45, "subject_tid": 9, "predicate": "sit_behind", "begin_fid": 15, "object_tid": 0}, {"end_fid": 45, "subject_tid": 9, "predicate": "watch", "begin_fid": 15, "object_tid": 0}, {"end_fid": 45, "subject_tid": 8, "predicate": "move_front", "begin_fid": 15, "object_tid": 9}, {"end_fid": 45, "subject_tid": 8, "predicate": "move_away", "begin_fid": 15, "object_tid": 9}, {"end_fid": 45, "subject_tid": 8, "predicate": "move_left", "begin_fid": 15, "object_tid": 9}, {"end_fid": 45, "subject_tid": 9, "predicate": "sit_behind", "begin_fid": 15, "object_tid": 8}, {"end_fid": 45, "subject_tid": 9, "predicate": "sit_right", "begin_fid": 15, "object_tid": 8}, {"end_fid": 60, "subject_tid": 0, "predicate": "lie_right", "begin_fid": 30, "object_tid": 3}, {"end_fid": 60, "subject_tid": 0, "predicate": "lie_front", "begin_fid": 30, "object_tid": 3}, {"end_fid": 60, "subject_tid": 3, "predicate": "move_behind", "begin_fid": 30, "object_tid": 0}, {"end_fid": 60, "subject_tid": 3, "predicate": "move_left", "begin_fid": 30, "object_tid": 0}, {"end_fid": 60, "subject_tid": 0, "predicate": "lie_front", "begin_fid": 30, "object_tid": 8}, {"end_fid": 60, "subject_tid": 8, "predicate": "move_away", "begin_fid": 30, "object_tid": 0}, {"end_fid": 60, "subject_tid": 8, "predicate": "move_behind", "begin_fid": 30, "object_tid": 0}, {"end_fid": 60, "subject_tid": 0, "predicate": "lie_next_to", "begin_fid": 30, "object_tid": 9}, {"end_fid": 60, "subject_tid": 0, "predicate": "lie_front", "begin_fid": 30, "object_tid": 9}, {"end_fid": 60, "subject_tid": 9, "predicate": "sit_next_to", "begin_fid": 30, "object_tid": 0}, {"end_fid": 60, "subject_tid": 9, "predicate": "sit_behind", "begin_fid": 30, "object_tid": 0}, {"end_fid": 60, "subject_tid": 9, "predicate": "watch", "begin_fid": 30, "object_tid": 0}, {"end_fid": 60, "subject_tid": 3, "predicate": "move_left", "begin_fid": 30, "object_tid": 8}, {"end_fid": 60, "subject_tid": 8, "predicate": "move_right", "begin_fid": 30, "object_tid": 3}, {"end_fid": 60, "subject_tid": 3, "predicate": "move_behind", "begin_fid": 30, "object_tid": 9}, {"end_fid": 60, "subject_tid": 3, "predicate": "move_left", "begin_fid": 30, "object_tid": 9}, {"end_fid": 60, "subject_tid": 9, "predicate": "sit_front", "begin_fid": 30, "object_tid": 3}, {"end_fid": 60, "subject_tid": 9, "predicate": "sit_right", "begin_fid": 30, "object_tid": 3}, {"end_fid": 60, "subject_tid": 8, "predicate": "move_right", "begin_fid": 30, "object_tid": 9}, {"end_fid": 60, "subject_tid": 8, "predicate": "move_behind", "begin_fid": 30, "object_tid": 9}, {"end_fid": 60, "subject_tid": 8, "predicate": "move_away", "begin_fid": 30, "object_tid": 9}, {"end_fid": 60, "subject_tid": 9, "predicate": "sit_front", "begin_fid": 30, "object_tid": 8}, {"end_fid": 60, "subject_tid": 9, "predicate": "sit_left", "begin_fid": 30, "object_tid": 8}, {"end_fid": 75, "subject_tid": 0, "predicate": "lie_front", "begin_fid": 45, "object_tid": 8}, {"end_fid": 75, "subject_tid": 8, "predicate": "move_away", "begin_fid": 45, "object_tid": 0}, {"end_fid": 75, "subject_tid": 8, "predicate": "move_behind", "begin_fid": 45, "object_tid": 0}, {"end_fid": 75, "subject_tid": 0, "predicate": "lie_next_to", "begin_fid": 45, "object_tid": 9}, {"end_fid": 75, "subject_tid": 0, "predicate": "lie_front", "begin_fid": 45, "object_tid": 9}, {"end_fid": 75, "subject_tid": 9, "predicate": "sit_next_to", "begin_fid": 45, "object_tid": 0}, {"end_fid": 75, "subject_tid": 9, "predicate": "sit_behind", "begin_fid": 45, "object_tid": 0}, {"end_fid": 75, "subject_tid": 9, "predicate": "watch", "begin_fid": 45, "object_tid": 0}, {"end_fid": 75, "subject_tid": 8, "predicate": "move_right", "begin_fid": 45, "object_tid": 9}, {"end_fid": 75, "subject_tid": 8, "predicate": "move_behind", "begin_fid": 45, "object_tid": 9}, {"end_fid": 75, "subject_tid": 8, "predicate": "move_away", "begin_fid": 45, "object_tid": 9}, {"end_fid": 75, "subject_tid": 9, "predicate": "sit_front", "begin_fid": 45, "object_tid": 8}, {"end_fid": 75, "subject_tid": 9, "predicate": "sit_left", "begin_fid": 45, "object_tid": 8}, {"end_fid": 90, "subject_tid": 0, "predicate": "lie_right", "begin_fid": 60, "object_tid": 4}, {"end_fid": 90, "subject_tid": 0, "predicate": "lie_front", "begin_fid": 60, "object_tid": 4}, {"end_fid": 90, "subject_tid": 4, "predicate": "move_behind", "begin_fid": 60, "object_tid": 0}, {"end_fid": 90, "subject_tid": 4, "predicate": "move_left", "begin_fid": 60, "object_tid": 0}, {"end_fid": 90, "subject_tid": 0, "predicate": "lie_right", "begin_fid": 60, "object_tid": 5}, {"end_fid": 90, "subject_tid": 0, "predicate": "lie_front", "begin_fid": 60, "object_tid": 5}, {"end_fid": 90, "subject_tid": 5, "predicate": "move_behind", "begin_fid": 60, "object_tid": 0}, {"end_fid": 90, "subject_tid": 5, "predicate": "move_left", "begin_fid": 60, "object_tid": 0}, {"end_fid": 90, "subject_tid": 0, "predicate": "lie_front", "begin_fid": 60, "object_tid": 8}, {"end_fid": 90, "subject_tid": 8, "predicate": "move_away", "begin_fid": 60, "object_tid": 0}, {"end_fid": 90, "subject_tid": 8, "predicate": "move_behind", "begin_fid": 60, "object_tid": 0}, {"end_fid": 90, "subject_tid": 0, "predicate": "lie_next_to", "begin_fid": 60, "object_tid": 9}, {"end_fid": 90, "subject_tid": 0, "predicate": "lie_front", "begin_fid": 60, "object_tid": 9}, {"end_fid": 90, "subject_tid": 9, "predicate": "sit_next_to", "begin_fid": 60, "object_tid": 0}, {"end_fid": 90, "subject_tid": 9, "predicate": "sit_behind", "begin_fid": 60, "object_tid": 0}, {"end_fid": 90, "subject_tid": 9, "predicate": "watch", "begin_fid": 60, "object_tid": 0}, {"end_fid": 90, "subject_tid": 4, "predicate": "move_front", "begin_fid": 60, "object_tid": 5}, {"end_fid": 90, "subject_tid": 4, "predicate": "move_left", "begin_fid": 60, "object_tid": 5}, {"end_fid": 90, "subject_tid": 5, "predicate": "move_behind", "begin_fid": 60, "object_tid": 4}, {"end_fid": 90, "subject_tid": 5, "predicate": "move_right", "begin_fid": 60, "object_tid": 4}, {"end_fid": 90, "subject_tid": 5, "predicate": "follow", "begin_fid": 60, "object_tid": 4}, {"end_fid": 90, "subject_tid": 4, "predicate": "move_left", "begin_fid": 60, "object_tid": 8}, {"end_fid": 90, "subject_tid": 8, "predicate": "move_right", "begin_fid": 60, "object_tid": 4}, {"end_fid": 90, "subject_tid": 4, "predicate": "move_behind", "begin_fid": 60, "object_tid": 9}, {"end_fid": 90, "subject_tid": 4, "predicate": "move_left", "begin_fid": 60, "object_tid": 9}, {"end_fid": 90, "subject_tid": 9, "predicate": "sit_front", "begin_fid": 60, "object_tid": 4}, {"end_fid": 90, "subject_tid": 9, "predicate": "sit_right", "begin_fid": 60, "object_tid": 4}, {"end_fid": 90, "subject_tid": 5, "predicate": "move_left", "begin_fid": 60, "object_tid": 8}, {"end_fid": 90, "subject_tid": 8, "predicate": "move_right", "begin_fid": 60, "object_tid": 5}, {"end_fid": 90, "subject_tid": 5, "predicate": "move_behind", "begin_fid": 60, "object_tid": 9}, {"end_fid": 90, "subject_tid": 5, "predicate": "move_left", "begin_fid": 60, "object_tid": 9}, {"end_fid": 90, "subject_tid": 9, "predicate": "sit_front", "begin_fid": 60, "object_tid": 5}, {"end_fid": 90, "subject_tid": 9, "predicate": "sit_right", "begin_fid": 60, "object_tid": 5}, {"end_fid": 90, "subject_tid": 8, "predicate": "move_right", "begin_fid": 60, "object_tid": 9}, {"end_fid": 90, "subject_tid": 8, "predicate": "move_behind", "begin_fid": 60, "object_tid": 9}, {"end_fid": 90, "subject_tid": 8, "predicate": "move_away", "begin_fid": 60, "object_tid": 9}, {"end_fid": 90, "subject_tid": 9, "predicate": "sit_front", "begin_fid": 60, "object_tid": 8}, {"end_fid": 90, "subject_tid": 9, "predicate": "sit_left", "begin_fid": 60, "object_tid": 8}], "height": 360}