{"width": 1280, "frame_count": 58, "video_id": "ILSVRC2015_train_00962007", "fps": 29, "trajectories": [[{"tid": 0, "generated": 0, "bbox": {"xmin": 341, "ymin": 241, "ymax": 481, "xmax": 862}}, {"tid": 1, "generated": 0, "bbox": {"xmin": 1223, "ymin": 417, "ymax": 455, "xmax": 1274}}, {"tid": 2, "generated": 0, "bbox": {"xmin": 0, "ymin": 0, "ymax": 469, "xmax": 469}}], [{"tid": 0, "generated": 0, "bbox": {"xmin": 346, "ymin": 241, "ymax": 476, "xmax": 865}}, {"tid": 1, "generated": 0, "bbox": {"xmin": 1216, "ymin": 414, "ymax": 449, "xmax": 1278}}, {"tid": 2, "generated": 0, "bbox": {"xmin": 0, "ymin": 0, "ymax": 467, "xmax": 472}}], [{"tid": 0, "generated": 0, "bbox": {"xmin": 349, "ymin": 241, "ymax": 476, "xmax": 868}}, {"tid": 1, "generated": 0, "bbox": {"xmin": 1219, "ymin": 417, "ymax": 453, "xmax": 1274}}, {"tid": 2, "generated": 0, "bbox": {"xmin": 0, "ymin": 0, "ymax": 465, "xmax": 476}}], [{"tid": 0, "generated": 0, "bbox": {"xmin": 352, "ymin": 241, "ymax": 476, "xmax": 872}}, {"tid": 1, "generated": 0, "bbox": {"xmin": 1198, "ymin": 412, "ymax": 453, "xmax": 1276}}, {"tid": 2, "generated": 0, "bbox": {"xmin": 0, "ymin": 0, "ymax": 465, "xmax": 479}}], [{"tid": 0, "generated": 0, "bbox": {"xmin": 355, "ymin": 241, "ymax": 476, "xmax": 876}}, {"tid": 1, "generated": 0, "bbox": {"xmin": 1184, "ymin": 412, "ymax": 453, "xmax": 1272}}, {"tid": 2, "generated": 0, "bbox": {"xmin": 0, "ymin": 0, "ymax": 465, "xmax": 482}}], [{"tid": 0, "generated": 0, "bbox": {"xmin": 358, "ymin": 241, "ymax": 476, "xmax": 880}}, {"tid": 1, "generated": 0, "bbox": {"xmin": 1171, "ymin": 408, "ymax": 449, "xmax": 1278}}, {"tid": 2, "generated": 0, "bbox": {"xmin": 0, "ymin": 0, "ymax": 465, "xmax": 486}}], [{"tid": 0, "generated": 0, "bbox": {"xmin": 362, "ymin": 242, "ymax": 476, "xmax": 883}}, {"tid": 1, "generated": 0, "bbox": {"xmin": 1166, "ymin": 366, "ymax": 451, "xmax": 1276}}, {"tid": 2, "generated": 0, "bbox": {"xmin": 0, "ymin": 0, "ymax": 466, "xmax": 489}}], [{"tid": 0, "generated": 0, "bbox": {"xmin": 365, "ymin": 242, "ymax": 476, "xmax": 887}}, {"tid": 1, "generated": 0, "bbox": {"xmin": 1153, "ymin": 364, "ymax": 451, "xmax": 1276}}, {"tid": 2, "generated": 0, "bbox": {"xmin": 0, "ymin": 0, "ymax": 466, "xmax": 492}}], [{"tid": 0, "generated": 0, "bbox": {"xmin": 368, "ymin": 242, "ymax": 476, "xmax": 891}}, {"tid": 1, "generated": 0, "bbox": {"xmin": 1146, "ymin": 366, "ymax": 451, "xmax": 1276}}, {"tid": 2, "generated": 0, "bbox": {"xmin": 0, "ymin": 0, "ymax": 466, "xmax": 496}}], [{"tid": 0, "generated": 0, "bbox": {"xmin": 371, "ymin": 242, "ymax": 476, "xmax": 895}}, {"tid": 1, "generated": 0, "bbox": {"xmin": 1139, "ymin": 362, "ymax": 460, "xmax": 1272}}, {"tid": 2, "generated": 0, "bbox": {"xmin": 0, "ymin": 0, "ymax": 466, "xmax": 499}}], [{"tid": 0, "generated": 0, "bbox": {"xmin": 375, "ymin": 243, "ymax": 476, "xmax": 899}}, {"tid": 1, "generated": 0, "bbox": {"xmin": 1132, "ymin": 366, "ymax": 458, "xmax": 1274}}, {"tid": 2, "generated": 0, "bbox": {"xmin": 0, "ymin": 0, "ymax": 467, "xmax": 503}}], [{"tid": 0, "generated": 0, "bbox": {"xmin": 378, "ymin": 242, "ymax": 475, "xmax": 903}}, {"tid": 1, "generated": 0, "bbox": {"xmin": 1125, "ymin": 362, "ymax": 455, "xmax": 1274}}, {"tid": 2, "generated": 0, "bbox": {"xmin": 0, "ymin": 0, "ymax": 466, "xmax": 506}}], [{"tid": 0, "generated": 0, "bbox": {"xmin": 382, "ymin": 242, "ymax": 475, "xmax": 907}}, {"tid": 1, "generated": 0, "bbox": {"xmin": 1121, "ymin": 362, "ymax": 455, "xmax": 1271}}, {"tid": 2, "generated": 0, "bbox": {"xmin": 0, "ymin": 0, "ymax": 466, "xmax": 510}}], [{"tid": 0, "generated": 0, "bbox": {"xmin": 386, "ymin": 241, "ymax": 475, "xmax": 911}}, {"tid": 1, "generated": 0, "bbox": {"xmin": 1111, "ymin": 362, "ymax": 456, "xmax": 1276}}, {"tid": 2, "generated": 0, "bbox": {"xmin": 0, "ymin": 0, "ymax": 466, "xmax": 514}}], [{"tid": 0, "generated": 0, "bbox": {"xmin": 389, "ymin": 241, "ymax": 475, "xmax": 915}}, {"tid": 1, "generated": 0, "bbox": {"xmin": 1107, "ymin": 364, "ymax": 456, "xmax": 1278}}, {"tid": 2, "generated": 0, "bbox": {"xmin": 0, "ymin": 0, "ymax": 466, "xmax": 517}}], [{"tid": 0, "generated": 0, "bbox": {"xmin": 393, "ymin": 240, "ymax": 475, "xmax": 919}}, {"tid": 1, "generated": 0, "bbox": {"xmin": 1098, "ymin": 364, "ymax": 455, "xmax": 1276}}, {"tid": 2, "generated": 0, "bbox": {"xmin": 0, "ymin": 0, "ymax": 466, "xmax": 521}}], [{"tid": 0, "generated": 0, "bbox": {"xmin": 397, "ymin": 240, "ymax": 474, "xmax": 923}}, {"tid": 1, "generated": 0, "bbox": {"xmin": 1089, "ymin": 364, "ymax": 455, "xmax": 1275}}, {"tid": 2, "generated": 0, "bbox": {"xmin": 0, "ymin": 0, "ymax": 465, "xmax": 525}}], [{"tid": 0, "generated": 0, "bbox": {"xmin": 400, "ymin": 239, "ymax": 474, "xmax": 927}}, {"tid": 1, "generated": 0, "bbox": {"xmin": 1080, "ymin": 364, "ymax": 455, "xmax": 1274}}, {"tid": 2, "generated": 0, "bbox": {"xmin": 0, "ymin": 0, "ymax": 465, "xmax": 528}}], [{"tid": 0, "generated": 0, "bbox": {"xmin": 404, "ymin": 239, "ymax": 474, "xmax": 931}}, {"tid": 1, "generated": 0, "bbox": {"xmin": 1072, "ymin": 362, "ymax": 455, "xmax": 1274}}, {"tid": 2, "generated": 0, "bbox": {"xmin": 0, "ymin": 0, "ymax": 465, "xmax": 532}}], [{"tid": 0, "generated": 0, "bbox": {"xmin": 408, "ymin": 238, "ymax": 474, "xmax": 935}}, {"tid": 1, "generated": 0, "bbox": {"xmin": 1063, "ymin": 366, "ymax": 456, "xmax": 1272}}, {"tid": 2, "generated": 0, "bbox": {"xmin": 0, "ymin": 0, "ymax": 465, "xmax": 536}}], [{"tid": 0, "generated": 0, "bbox": {"xmin": 412, "ymin": 238, "ymax": 474, "xmax": 940}}, {"tid": 1, "generated": 0, "bbox": {"xmin": 1056, "ymin": 364, "ymax": 456, "xmax": 1276}}, {"tid": 2, "generated": 0, "bbox": {"xmin": 0, "ymin": 0, "ymax": 465, "xmax": 540}}], [{"tid": 0, "generated": 0, "bbox": {"xmin": 417, "ymin": 237, "ymax": 474, "xmax": 945}}, {"tid": 1, "generated": 0, "bbox": {"xmin": 1043, "ymin": 368, "ymax": 455, "xmax": 1274}}, {"tid": 2, "generated": 0, "bbox": {"xmin": 0, "ymin": 0, "ymax": 464, "xmax": 533}}], [{"tid": 0, "generated": 0, "bbox": {"xmin": 422, "ymin": 237, "ymax": 474, "xmax": 950}}, {"tid": 1, "generated": 0, "bbox": {"xmin": 1031, "ymin": 369, "ymax": 453, "xmax": 1272}}, {"tid": 2, "generated": 0, "bbox": {"xmin": 0, "ymin": 0, "ymax": 464, "xmax": 526}}], [{"tid": 0, "generated": 0, "bbox": {"xmin": 427, "ymin": 237, "ymax": 474, "xmax": 955}}, {"tid": 1, "generated": 0, "bbox": {"xmin": 1023, "ymin": 367, "ymax": 453, "xmax": 1271}}, {"tid": 2, "generated": 0, "bbox": {"xmin": 0, "ymin": 0, "ymax": 464, "xmax": 520}}], [{"tid": 0, "generated": 0, "bbox": {"xmin": 433, "ymin": 237, "ymax": 474, "xmax": 961}}, {"tid": 1, "generated": 0, "bbox": {"xmin": 1016, "ymin": 366, "ymax": 453, "xmax": 1271}}, {"tid": 2, "generated": 0, "bbox": {"xmin": 0, "ymin": 0, "ymax": 463, "xmax": 513}}], [{"tid": 0, "generated": 0, "bbox": {"xmin": 438, "ymin": 237, "ymax": 474, "xmax": 966}}, {"tid": 1, "generated": 0, "bbox": {"xmin": 1009, "ymin": 366, "ymax": 453, "xmax": 1271}}, {"tid": 2, "generated": 0, "bbox": {"xmin": 0, "ymin": 0, "ymax": 463, "xmax": 507}}], [{"tid": 0, "generated": 0, "bbox": {"xmin": 443, "ymin": 236, "ymax": 474, "xmax": 971}}, {"tid": 1, "generated": 0, "bbox": {"xmin": 1002, "ymin": 367, "ymax": 454, "xmax": 1271}}, {"tid": 2, "generated": 0, "bbox": {"xmin": 0, "ymin": 0, "ymax": 463, "xmax": 500}}], [{"tid": 0, "generated": 0, "bbox": {"xmin": 449, "ymin": 236, "ymax": 474, "xmax": 977}}, {"tid": 1, "generated": 0, "bbox": {"xmin": 995, "ymin": 368, "ymax": 455, "xmax": 1271}}, {"tid": 2, "generated": 0, "bbox": {"xmin": 0, "ymin": 0, "ymax": 462, "xmax": 493}}], [{"tid": 0, "generated": 0, "bbox": {"xmin": 454, "ymin": 236, "ymax": 474, "xmax": 982}}, {"tid": 1, "generated": 0, "bbox": {"xmin": 988, "ymin": 369, "ymax": 456, "xmax": 1271}}, {"tid": 2, "generated": 0, "bbox": {"xmin": 0, "ymin": 0, "ymax": 462, "xmax": 487}}], [{"tid": 0, "generated": 0, "bbox": {"xmin": 459, "ymin": 236, "ymax": 474, "xmax": 987}}, {"tid": 1, "generated": 0, "bbox": {"xmin": 981, "ymin": 368, "ymax": 458, "xmax": 1271}}, {"tid": 2, "generated": 0, "bbox": {"xmin": 0, "ymin": 0, "ymax": 462, "xmax": 480}}], [{"tid": 0, "generated": 0, "bbox": {"xmin": 465, "ymin": 236, "ymax": 474, "xmax": 993}}, {"tid": 1, "generated": 0, "bbox": {"xmin": 974, "ymin": 366, "ymax": 458, "xmax": 1271}}, {"tid": 2, "generated": 0, "bbox": {"xmin": 0, "ymin": 0, "ymax": 462, "xmax": 474}}], [{"tid": 0, "generated": 0, "bbox": {"xmin": 471, "ymin": 236, "ymax": 474, "xmax": 1000}}, {"tid": 1, "generated": 0, "bbox": {"xmin": 976, "ymin": 366, "ymax": 457, "xmax": 1266}}, {"tid": 2, "generated": 0, "bbox": {"xmin": 0, "ymin": 34, "ymax": 460, "xmax": 465}}], [{"tid": 0, "generated": 0, "bbox": {"xmin": 477, "ymin": 236, "ymax": 474, "xmax": 1008}}, {"tid": 1, "generated": 0, "bbox": {"xmin": 978, "ymin": 367, "ymax": 457, "xmax": 1261}}, {"tid": 2, "generated": 0, "bbox": {"xmin": 0, "ymin": 68, "ymax": 459, "xmax": 456}}], [{"tid": 0, "generated": 0, "bbox": {"xmin": 483, "ymin": 236, "ymax": 474, "xmax": 1016}}, {"tid": 1, "generated": 0, "bbox": {"xmin": 980, "ymin": 367, "ymax": 456, "xmax": 1257}}, {"tid": 2, "generated": 0, "bbox": {"xmin": 0, "ymin": 103, "ymax": 457, "xmax": 447}}], [{"tid": 0, "generated": 0, "bbox": {"xmin": 489, "ymin": 236, "ymax": 474, "xmax": 1024}}, {"tid": 1, "generated": 0, "bbox": {"xmin": 982, "ymin": 368, "ymax": 456, "xmax": 1252}}, {"tid": 2, "generated": 0, "bbox": {"xmin": 0, "ymin": 137, "ymax": 456, "xmax": 439}}], [{"tid": 0, "generated": 0, "bbox": {"xmin": 495, "ymin": 236, "ymax": 475, "xmax": 1032}}, {"tid": 1, "generated": 0, "bbox": {"xmin": 984, "ymin": 369, "ymax": 456, "xmax": 1248}}, {"tid": 2, "generated": 0, "bbox": {"xmin": 0, "ymin": 172, "ymax": 455, "xmax": 430}}], [{"tid": 0, "generated": 0, "bbox": {"xmin": 501, "ymin": 236, "ymax": 475, "xmax": 1040}}, {"tid": 1, "generated": 0, "bbox": {"xmin": 987, "ymin": 370, "ymax": 457, "xmax": 1242}}, {"tid": 2, "generated": 0, "bbox": {"xmin": 0, "ymin": 206, "ymax": 453, "xmax": 421}}], [{"tid": 0, "generated": 0, "bbox": {"xmin": 507, "ymin": 236, "ymax": 475, "xmax": 1048}}, {"tid": 1, "generated": 0, "bbox": {"xmin": 990, "ymin": 371, "ymax": 458, "xmax": 1237}}, {"tid": 2, "generated": 0, "bbox": {"xmin": 0, "ymin": 240, "ymax": 452, "xmax": 413}}], [{"tid": 0, "generated": 0, "bbox": {"xmin": 513, "ymin": 236, "ymax": 475, "xmax": 1056}}, {"tid": 1, "generated": 0, "bbox": {"xmin": 993, "ymin": 369, "ymax": 459, "xmax": 1233}}, {"tid": 2, "generated": 0, "bbox": {"xmin": 0, "ymin": 275, "ymax": 450, "xmax": 404}}], [{"tid": 0, "generated": 0, "bbox": {"xmin": 519, "ymin": 236, "ymax": 475, "xmax": 1064}}, {"tid": 1, "generated": 0, "bbox": {"xmin": 997, "ymin": 368, "ymax": 460, "xmax": 1230}}, {"tid": 2, "generated": 0, "bbox": {"xmin": 0, "ymin": 309, "ymax": 449, "xmax": 395}}], [{"tid": 0, "generated": 0, "bbox": {"xmin": 526, "ymin": 236, "ymax": 476, "xmax": 1072}}, {"tid": 1, "generated": 0, "bbox": {"xmin": 1000, "ymin": 369, "ymax": 462, "xmax": 1228}}, {"tid": 2, "generated": 0, "bbox": {"xmin": 0, "ymin": 344, "ymax": 448, "xmax": 387}}], [{"tid": 0, "generated": 0, "bbox": {"xmin": 536, "ymin": 234, "ymax": 476, "xmax": 1078}}, {"tid": 1, "generated": 0, "bbox": {"xmin": 1006, "ymin": 368, "ymax": 462, "xmax": 1223}}, {"tid": 2, "generated": 0, "bbox": {"xmin": 0, "ymin": 344, "ymax": 447, "xmax": 378}}], [{"tid": 0, "generated": 0, "bbox": {"xmin": 547, "ymin": 233, "ymax": 476, "xmax": 1085}}, {"tid": 1, "generated": 0, "bbox": {"xmin": 1011, "ymin": 370, "ymax": 461, "xmax": 1219}}, {"tid": 2, "generated": 0, "bbox": {"xmin": 0, "ymin": 344, "ymax": 447, "xmax": 369}}], [{"tid": 0, "generated": 0, "bbox": {"xmin": 557, "ymin": 232, "ymax": 476, "xmax": 1092}}, {"tid": 1, "generated": 0, "bbox": {"xmin": 1016, "ymin": 372, "ymax": 461, "xmax": 1215}}, {"tid": 2, "generated": 0, "bbox": {"xmin": 0, "ymin": 344, "ymax": 447, "xmax": 360}}], [{"tid": 0, "generated": 0, "bbox": {"xmin": 568, "ymin": 231, "ymax": 476, "xmax": 1099}}, {"tid": 1, "generated": 0, "bbox": {"xmin": 1022, "ymin": 374, "ymax": 460, "xmax": 1211}}, {"tid": 2, "generated": 0, "bbox": {"xmin": 0, "ymin": 344, "ymax": 447, "xmax": 352}}]], "subject/objects": [{"category": "watercraft", "tid": 0}, {"category": "watercraft", "tid": 1}, {"category": "watercraft", "tid": 2}], "relation_instances": [{"end_fid": 30, "subject_tid": 0, "predicate": "move_right", "begin_fid": 0, "object_tid": 1}, {"end_fid": 30, "subject_tid": 0, "predicate": "move_past", "begin_fid": 0, "object_tid": 1}, {"end_fid": 30, "subject_tid": 0, "predicate": "taller", "begin_fid": 0, "object_tid": 1}, {"end_fid": 30, "subject_tid": 0, "predicate": "larger", "begin_fid": 0, "object_tid": 1}, {"end_fid": 30, "subject_tid": 0, "predicate": "faster", "begin_fid": 0, "object_tid": 1}, {"end_fid": 30, "subject_tid": 1, "predicate": "move_left", "begin_fid": 0, "object_tid": 0}, {"end_fid": 30, "subject_tid": 0, "predicate": "move_right", "begin_fid": 0, "object_tid": 2}, {"end_fid": 30, "subject_tid": 0, "predicate": "move_past", "begin_fid": 0, "object_tid": 2}, {"end_fid": 30, "subject_tid": 2, "predicate": "stop_left", "begin_fid": 0, "object_tid": 0}, {"end_fid": 30, "subject_tid": 1, "predicate": "move_front", "begin_fid": 0, "object_tid": 2}, {"end_fid": 30, "subject_tid": 1, "predicate": "move_away", "begin_fid": 0, "object_tid": 2}, {"end_fid": 30, "subject_tid": 2, "predicate": "stop_behind", "begin_fid": 0, "object_tid": 1}, {"end_fid": 45, "subject_tid": 0, "predicate": "move_right", "begin_fid": 15, "object_tid": 1}, {"end_fid": 45, "subject_tid": 0, "predicate": "move_past", "begin_fid": 15, "object_tid": 1}, {"end_fid": 45, "subject_tid": 0, "predicate": "taller", "begin_fid": 15, "object_tid": 1}, {"end_fid": 45, "subject_tid": 0, "predicate": "larger", "begin_fid": 15, "object_tid": 1}, {"end_fid": 45, "subject_tid": 0, "predicate": "faster", "begin_fid": 15, "object_tid": 1}, {"end_fid": 45, "subject_tid": 1, "predicate": "move_left", "begin_fid": 15, "object_tid": 0}, {"end_fid": 45, "subject_tid": 0, "predicate": "move_right", "begin_fid": 15, "object_tid": 2}, {"end_fid": 45, "subject_tid": 0, "predicate": "move_past", "begin_fid": 15, "object_tid": 2}, {"end_fid": 45, "subject_tid": 0, "predicate": "move_front", "begin_fid": 15, "object_tid": 2}, {"end_fid": 45, "subject_tid": 0, "predicate": "move_away", "begin_fid": 15, "object_tid": 2}, {"end_fid": 45, "subject_tid": 2, "predicate": "stop_behind", "begin_fid": 15, "object_tid": 0}, {"end_fid": 45, "subject_tid": 2, "predicate": "stop_left", "begin_fid": 15, "object_tid": 0}, {"end_fid": 45, "subject_tid": 1, "predicate": "move_front", "begin_fid": 15, "object_tid": 2}, {"end_fid": 45, "subject_tid": 1, "predicate": "move_away", "begin_fid": 15, "object_tid": 2}, {"end_fid": 45, "subject_tid": 2, "predicate": "stop_behind", "begin_fid": 15, "object_tid": 1}], "height": 720}