{"width": 640, "frame_count": 572, "video_id": "ILSVRC2015_train_00177007", "fps": 30, "trajectories": [[{"tid": 0, "generated": 0, "bbox": {"xmin": 241, "ymin": 177, "ymax": 294, "xmax": 369}}, {"tid": 1, "generated": 0, "bbox": {"xmin": 275, "ymin": 130, "ymax": 248, "xmax": 329}}], [{"tid": 0, "generated": 0, "bbox": {"xmin": 238, "ymin": 177, "ymax": 292, "xmax": 365}}, {"tid": 1, "generated": 0, "bbox": {"xmin": 272, "ymin": 131, "ymax": 249, "xmax": 326}}], [{"tid": 0, "generated": 0, "bbox": {"xmin": 236, "ymin": 178, "ymax": 291, "xmax": 361}}, {"tid": 1, "generated": 0, "bbox": {"xmin": 269, "ymin": 132, "ymax": 250, "xmax": 323}}], [{"tid": 0, "generated": 0, "bbox": {"xmin": 234, "ymin": 179, "ymax": 290, "xmax": 357}}, {"tid": 1, "generated": 0, "bbox": {"xmin": 265, "ymin": 133, "ymax": 251, "xmax": 319}}], [{"tid": 0, "generated": 0, "bbox": {"xmin": 232, "ymin": 180, "ymax": 289, "xmax": 353}}, {"tid": 1, "generated": 0, "bbox": {"xmin": 262, "ymin": 134, "ymax": 252, "xmax": 316}}], [{"tid": 0, "generated": 0, "bbox": {"xmin": 230, "ymin": 181, "ymax": 288, "xmax": 349}}, {"tid": 1, "generated": 0, "bbox": {"xmin": 259, "ymin": 135, "ymax": 253, "xmax": 313}}], [{"tid": 0, "generated": 0, "bbox": {"xmin": 228, "ymin": 182, "ymax": 287, "xmax": 345}}, {"tid": 1, "generated": 0, "bbox": {"xmin": 257, "ymin": 137, "ymax": 251, "xmax": 311}}], [{"tid": 0, "generated": 0, "bbox": {"xmin": 226, "ymin": 183, "ymax": 286, "xmax": 341}}, {"tid": 1, "generated": 0, "bbox": {"xmin": 255, "ymin": 139, "ymax": 250, "xmax": 310}}], [{"tid": 0, "generated": 0, "bbox": {"xmin": 224, "ymin": 184, "ymax": 285, "xmax": 337}}, {"tid": 1, "generated": 0, "bbox": {"xmin": 253, "ymin": 142, "ymax": 248, "xmax": 308}}], [{"tid": 0, "generated": 0, "bbox": {"xmin": 223, "ymin": 184, "ymax": 284, "xmax": 335}}, {"tid": 1, "generated": 0, "bbox": {"xmin": 251, "ymin": 144, "ymax": 247, "xmax": 307}}], [{"tid": 0, "generated": 0, "bbox": {"xmin": 222, "ymin": 185, "ymax": 284, "xmax": 333}}, {"tid": 1, "generated": 0, "bbox": {"xmin": 249, "ymin": 146, "ymax": 245, "xmax": 305}}], [{"tid": 0, "generated": 0, "bbox": {"xmin": 221, "ymin": 185, "ymax": 283, "xmax": 331}}, {"tid": 1, "generated": 0, "bbox": {"xmin": 248, "ymin": 147, "ymax": 246, "xmax": 302}}], [{"tid": 0, "generated": 0, "bbox": {"xmin": 220, "ymin": 186, "ymax": 283, "xmax": 329}}, {"tid": 1, "generated": 0, "bbox": {"xmin": 247, "ymin": 147, "ymax": 246, "xmax": 299}}], [{"tid": 0, "generated": 0, "bbox": {"xmin": 219, "ymin": 186, "ymax": 282, "xmax": 327}}, {"tid": 1, "generated": 0, "bbox": {"xmin": 247, "ymin": 148, "ymax": 247, "xmax": 295}}], [{"tid": 0, "generated": 0, "bbox": {"xmin": 218, "ymin": 187, "ymax": 282, "xmax": 325}}, {"tid": 1, "generated": 0, "bbox": {"xmin": 246, "ymin": 148, "ymax": 247, "xmax": 292}}], [{"tid": 0, "generated": 0, "bbox": {"xmin": 217, "ymin": 187, "ymax": 281, "xmax": 323}}, {"tid": 1, "generated": 0, "bbox": {"xmin": 245, "ymin": 149, "ymax": 248, "xmax": 289}}], [{"tid": 0, "generated": 0, "bbox": {"xmin": 216, "ymin": 188, "ymax": 281, "xmax": 321}}, {"tid": 1, "generated": 0, "bbox": {"xmin": 245, "ymin": 149, "ymax": 248, "xmax": 287}}], [{"tid": 0, "generated": 0, "bbox": {"xmin": 215, "ymin": 188, "ymax": 280, "xmax": 319}}, {"tid": 1, "generated": 0, "bbox": {"xmin": 245, "ymin": 149, "ymax": 248, "xmax": 285}}], [{"tid": 0, "generated": 0, "bbox": {"xmin": 215, "ymin": 189, "ymax": 280, "xmax": 317}}, {"tid": 1, "generated": 0, "bbox": {"xmin": 245, "ymin": 149, "ymax": 248, "xmax": 282}}], [{"tid": 0, "generated": 0, "bbox": {"xmin": 212, "ymin": 189, "ymax": 280, "xmax": 314}}, {"tid": 1, "generated": 0, "bbox": {"xmin": 245, "ymin": 149, "ymax": 248, "xmax": 280}}], [{"tid": 0, "generated": 0, "bbox": {"xmin": 209, "ymin": 189, "ymax": 281, "xmax": 312}}, {"tid": 1, "generated": 0, "bbox": {"xmin": 245, "ymin": 149, "ymax": 248, "xmax": 278}}], [{"tid": 0, "generated": 0, "bbox": {"xmin": 206, "ymin": 190, "ymax": 281, "xmax": 310}}, {"tid": 1, "generated": 0, "bbox": {"xmin": 242, "ymin": 149, "ymax": 248, "xmax": 275}}], [{"tid": 0, "generated": 0, "bbox": {"xmin": 203, "ymin": 190, "ymax": 282, "xmax": 308}}, {"tid": 1, "generated": 0, "bbox": {"xmin": 239, "ymin": 149, "ymax": 248, "xmax": 272}}], [{"tid": 0, "generated": 0, "bbox": {"xmin": 200, "ymin": 191, "ymax": 283, "xmax": 306}}, {"tid": 1, "generated": 0, "bbox": {"xmin": 236, "ymin": 149, "ymax": 248, "xmax": 269}}], [{"tid": 0, "generated": 0, "bbox": {"xmin": 197, "ymin": 191, "ymax": 283, "xmax": 304}}, {"tid": 1, "generated": 0, "bbox": {"xmin": 233, "ymin": 149, "ymax": 248, "xmax": 266}}], [{"tid": 0, "generated": 0, "bbox": {"xmin": 194, "ymin": 191, "ymax": 284, "xmax": 302}}, {"tid": 1, "generated": 0, "bbox": {"xmin": 230, "ymin": 149, "ymax": 248, "xmax": 263}}], [{"tid": 0, "generated": 0, "bbox": {"xmin": 191, "ymin": 192, "ymax": 284, "xmax": 300}}, {"tid": 1, "generated": 0, "bbox": {"xmin": 228, "ymin": 150, "ymax": 249, "xmax": 261}}], [{"tid": 0, "generated": 0, "bbox": {"xmin": 188, "ymin": 192, "ymax": 285, "xmax": 298}}, {"tid": 1, "generated": 0, "bbox": {"xmin": 226, "ymin": 150, "ymax": 249, "xmax": 259}}], [{"tid": 0, "generated": 0, "bbox": {"xmin": 185, "ymin": 193, "ymax": 286, "xmax": 296}}, {"tid": 1, "generated": 0, "bbox": {"xmin": 224, "ymin": 151, "ymax": 250, "xmax": 257}}], [{"tid": 0, "generated": 0, "bbox": {"xmin": 183, "ymin": 193, "ymax": 286, "xmax": 295}}, {"tid": 1, "generated": 0, "bbox": {"xmin": 222, "ymin": 151, "ymax": 250, "xmax": 255}}], [], [], [], [], [], [], [], [], [], [], [], [], [], [], [], [], [], [], [], [], [], [], [], [], [], [], [], [], [], [], [], [], [], [], [], [], [], [], [], [], [], [], [], [], [], [], [], [], [], [], [], [], [], [], [], [], [], [], [], [], [], [], [], [], [], [], [], [], [], [], [], [], [], [], [], [], [], [], [], [], [], [], [], [], [], [], [], [], [], [], [], [], [], [], [], [], [], [], [], [], [], [], [], [], [], [], [], [], [], [], [], [], [], [], [], [], [], [], [], [], [{"tid": 0, "generated": 0, "bbox": {"xmin": 162, "ymin": 192, "ymax": 332, "xmax": 429}}, {"tid": 1, "generated": 0, "bbox": {"xmin": 246, "ymin": 134, "ymax": 276, "xmax": 300}}], [{"tid": 0, "generated": 0, "bbox": {"xmin": 163, "ymin": 192, "ymax": 331, "xmax": 428}}, {"tid": 1, "generated": 0, "bbox": {"xmin": 246, "ymin": 134, "ymax": 276, "xmax": 300}}], [{"tid": 0, "generated": 0, "bbox": {"xmin": 163, "ymin": 191, "ymax": 331, "xmax": 427}}, {"tid": 1, "generated": 0, "bbox": {"xmin": 246, "ymin": 134, "ymax": 276, "xmax": 300}}], [{"tid": 0, "generated": 0, "bbox": {"xmin": 164, "ymin": 191, "ymax": 330, "xmax": 426}}, {"tid": 1, "generated": 0, "bbox": {"xmin": 246, "ymin": 134, "ymax": 276, "xmax": 300}}], [{"tid": 0, "generated": 0, "bbox": {"xmin": 165, "ymin": 191, "ymax": 330, "xmax": 425}}, {"tid": 1, "generated": 0, "bbox": {"xmin": 246, "ymin": 134, "ymax": 276, "xmax": 300}}], [{"tid": 0, "generated": 0, "bbox": {"xmin": 165, "ymin": 190, "ymax": 329, "xmax": 424}}, {"tid": 1, "generated": 0, "bbox": {"xmin": 246, "ymin": 134, "ymax": 276, "xmax": 300}}], [{"tid": 0, "generated": 0, "bbox": {"xmin": 166, "ymin": 190, "ymax": 329, "xmax": 423}}, {"tid": 1, "generated": 0, "bbox": {"xmin": 245, "ymin": 133, "ymax": 275, "xmax": 299}}], [{"tid": 0, "generated": 0, "bbox": {"xmin": 167, "ymin": 190, "ymax": 328, "xmax": 422}}, {"tid": 1, "generated": 0, "bbox": {"xmin": 244, "ymin": 133, "ymax": 275, "xmax": 298}}], [{"tid": 0, "generated": 0, "bbox": {"xmin": 168, "ymin": 190, "ymax": 328, "xmax": 421}}, {"tid": 1, "generated": 0, "bbox": {"xmin": 242, "ymin": 132, "ymax": 274, "xmax": 296}}], [{"tid": 0, "generated": 0, "bbox": {"xmin": 166, "ymin": 189, "ymax": 327, "xmax": 417}}, {"tid": 1, "generated": 0, "bbox": {"xmin": 241, "ymin": 132, "ymax": 274, "xmax": 295}}], [{"tid": 0, "generated": 0, "bbox": {"xmin": 164, "ymin": 188, "ymax": 326, "xmax": 413}}, {"tid": 1, "generated": 0, "bbox": {"xmin": 240, "ymin": 131, "ymax": 273, "xmax": 294}}], [{"tid": 0, "generated": 0, "bbox": {"xmin": 162, "ymin": 188, "ymax": 325, "xmax": 409}}, {"tid": 1, "generated": 0, "bbox": {"xmin": 238, "ymin": 131, "ymax": 273, "xmax": 292}}], [{"tid": 0, "generated": 0, "bbox": {"xmin": 160, "ymin": 187, "ymax": 325, "xmax": 405}}, {"tid": 1, "generated": 0, "bbox": {"xmin": 235, "ymin": 131, "ymax": 273, "xmax": 289}}], [{"tid": 0, "generated": 0, "bbox": {"xmin": 159, "ymin": 187, "ymax": 324, "xmax": 402}}, {"tid": 1, "generated": 0, "bbox": {"xmin": 233, "ymin": 131, "ymax": 273, "xmax": 287}}], [{"tid": 0, "generated": 0, "bbox": {"xmin": 157, "ymin": 186, "ymax": 323, "xmax": 398}}, {"tid": 1, "generated": 0, "bbox": {"xmin": 230, "ymin": 131, "ymax": 273, "xmax": 284}}], [{"tid": 0, "generated": 0, "bbox": {"xmin": 155, "ymin": 185, "ymax": 323, "xmax": 394}}, {"tid": 1, "generated": 0, "bbox": {"xmin": 228, "ymin": 131, "ymax": 273, "xmax": 282}}], [{"tid": 0, "generated": 0, "bbox": {"xmin": 153, "ymin": 185, "ymax": 322, "xmax": 390}}, {"tid": 1, "generated": 0, "bbox": {"xmin": 224, "ymin": 131, "ymax": 273, "xmax": 278}}], [{"tid": 0, "generated": 0, "bbox": {"xmin": 151, "ymin": 184, "ymax": 321, "xmax": 386}}, {"tid": 1, "generated": 0, "bbox": {"xmin": 219, "ymin": 131, "ymax": 273, "xmax": 273}}], [{"tid": 0, "generated": 0, "bbox": {"xmin": 150, "ymin": 184, "ymax": 321, "xmax": 383}}, {"tid": 1, "generated": 0, "bbox": {"xmin": 215, "ymin": 130, "ymax": 272, "xmax": 269}}], [{"tid": 0, "generated": 0, "bbox": {"xmin": 148, "ymin": 184, "ymax": 320, "xmax": 378}}, {"tid": 1, "generated": 0, "bbox": {"xmin": 210, "ymin": 130, "ymax": 272, "xmax": 264}}], [{"tid": 0, "generated": 0, "bbox": {"xmin": 147, "ymin": 185, "ymax": 320, "xmax": 373}}, {"tid": 1, "generated": 0, "bbox": {"xmin": 206, "ymin": 130, "ymax": 272, "xmax": 260}}], [{"tid": 0, "generated": 0, "bbox": {"xmin": 146, "ymin": 186, "ymax": 320, "xmax": 368}}, {"tid": 1, "generated": 0, "bbox": {"xmin": 202, "ymin": 131, "ymax": 271, "xmax": 256}}], [{"tid": 0, "generated": 0, "bbox": {"xmin": 144, "ymin": 186, "ymax": 320, "xmax": 364}}, {"tid": 1, "generated": 0, "bbox": {"xmin": 197, "ymin": 132, "ymax": 270, "xmax": 251}}], [{"tid": 0, "generated": 0, "bbox": {"xmin": 143, "ymin": 187, "ymax": 320, "xmax": 359}}, {"tid": 1, "generated": 0, "bbox": {"xmin": 193, "ymin": 132, "ymax": 270, "xmax": 247}}], [{"tid": 0, "generated": 0, "bbox": {"xmin": 142, "ymin": 188, "ymax": 320, "xmax": 354}}, {"tid": 1, "generated": 0, "bbox": {"xmin": 188, "ymin": 133, "ymax": 269, "xmax": 242}}], [{"tid": 0, "generated": 0, "bbox": {"xmin": 140, "ymin": 188, "ymax": 320, "xmax": 350}}, {"tid": 1, "generated": 0, "bbox": {"xmin": 184, "ymin": 134, "ymax": 268, "xmax": 238}}], [{"tid": 0, "generated": 0, "bbox": {"xmin": 139, "ymin": 189, "ymax": 320, "xmax": 345}}, {"tid": 1, "generated": 0, "bbox": {"xmin": 185, "ymin": 135, "ymax": 268, "xmax": 239}}], [{"tid": 0, "generated": 0, "bbox": {"xmin": 138, "ymin": 190, "ymax": 320, "xmax": 340}}, {"tid": 1, "generated": 0, "bbox": {"xmin": 185, "ymin": 136, "ymax": 268, "xmax": 239}}], [{"tid": 0, "generated": 0, "bbox": {"xmin": 137, "ymin": 191, "ymax": 320, "xmax": 336}}, {"tid": 1, "generated": 0, "bbox": {"xmin": 186, "ymin": 138, "ymax": 268, "xmax": 240}}], [{"tid": 0, "generated": 0, "bbox": {"xmin": 142, "ymin": 190, "ymax": 319, "xmax": 339}}, {"tid": 1, "generated": 0, "bbox": {"xmin": 186, "ymin": 139, "ymax": 268, "xmax": 240}}], [], [], [], [], [], [], [], [], [], [], [], [], [], [], [], [], [], [], [], [], [], [], [], [], [], [], [], [], [], [], [], [], [], [], [], [], [], [], [], [], [], [], [], [], [], [], [], [], [], [], [], [], [], [], [], [], [], [], [], [], [], [], [], [], [], [], [], [], [], [], [], [], [], [], [], [], [], [], [], [], [], [], [], [], [], [], [], [], [], [], [], [], [], [], [], [], [], [], [], [], [], [], [], [], [], [], [], [], [], [], [], [], [], [], [], [], [], [], [], [], [{"tid": 0, "generated": 0, "bbox": {"xmin": 216, "ymin": 176, "ymax": 283, "xmax": 372}}, {"tid": 1, "generated": 0, "bbox": {"xmin": 288, "ymin": 137, "ymax": 259, "xmax": 334}}], [{"tid": 0, "generated": 0, "bbox": {"xmin": 220, "ymin": 176, "ymax": 282, "xmax": 377}}, {"tid": 1, "generated": 0, "bbox": {"xmin": 292, "ymin": 136, "ymax": 258, "xmax": 338}}], [{"tid": 0, "generated": 0, "bbox": {"xmin": 224, "ymin": 175, "ymax": 282, "xmax": 383}}, {"tid": 1, "generated": 0, "bbox": {"xmin": 297, "ymin": 135, "ymax": 257, "xmax": 343}}], [{"tid": 0, "generated": 0, "bbox": {"xmin": 228, "ymin": 175, "ymax": 281, "xmax": 388}}, {"tid": 1, "generated": 0, "bbox": {"xmin": 301, "ymin": 133, "ymax": 255, "xmax": 347}}], [{"tid": 0, "generated": 0, "bbox": {"xmin": 232, "ymin": 175, "ymax": 281, "xmax": 394}}, {"tid": 1, "generated": 0, "bbox": {"xmin": 306, "ymin": 132, "ymax": 254, "xmax": 352}}], [{"tid": 0, "generated": 0, "bbox": {"xmin": 236, "ymin": 174, "ymax": 280, "xmax": 399}}, {"tid": 1, "generated": 0, "bbox": {"xmin": 310, "ymin": 131, "ymax": 253, "xmax": 356}}], [{"tid": 0, "generated": 0, "bbox": {"xmin": 240, "ymin": 174, "ymax": 280, "xmax": 405}}, {"tid": 1, "generated": 0, "bbox": {"xmin": 315, "ymin": 133, "ymax": 251, "xmax": 361}}], [{"tid": 0, "generated": 0, "bbox": {"xmin": 244, "ymin": 174, "ymax": 279, "xmax": 410}}, {"tid": 1, "generated": 0, "bbox": {"xmin": 320, "ymin": 134, "ymax": 249, "xmax": 366}}], [{"tid": 0, "generated": 0, "bbox": {"xmin": 248, "ymin": 174, "ymax": 279, "xmax": 416}}, {"tid": 1, "generated": 0, "bbox": {"xmin": 324, "ymin": 136, "ymax": 248, "xmax": 370}}], [{"tid": 0, "generated": 0, "bbox": {"xmin": 252, "ymin": 173, "ymax": 278, "xmax": 421}}, {"tid": 1, "generated": 0, "bbox": {"xmin": 329, "ymin": 137, "ymax": 246, "xmax": 375}}], [{"tid": 0, "generated": 0, "bbox": {"xmin": 257, "ymin": 172, "ymax": 278, "xmax": 427}}, {"tid": 1, "generated": 0, "bbox": {"xmin": 334, "ymin": 139, "ymax": 244, "xmax": 380}}], [{"tid": 0, "generated": 0, "bbox": {"xmin": 262, "ymin": 172, "ymax": 278, "xmax": 432}}, {"tid": 1, "generated": 0, "bbox": {"xmin": 339, "ymin": 138, "ymax": 243, "xmax": 385}}], [{"tid": 0, "generated": 0, "bbox": {"xmin": 267, "ymin": 171, "ymax": 277, "xmax": 438}}, {"tid": 1, "generated": 0, "bbox": {"xmin": 345, "ymin": 138, "ymax": 243, "xmax": 391}}], [{"tid": 0, "generated": 0, "bbox": {"xmin": 272, "ymin": 171, "ymax": 277, "xmax": 444}}, {"tid": 1, "generated": 0, "bbox": {"xmin": 350, "ymin": 137, "ymax": 242, "xmax": 396}}], [{"tid": 0, "generated": 0, "bbox": {"xmin": 276, "ymin": 170, "ymax": 277, "xmax": 449}}, {"tid": 1, "generated": 0, "bbox": {"xmin": 356, "ymin": 137, "ymax": 242, "xmax": 402}}], [{"tid": 0, "generated": 0, "bbox": {"xmin": 281, "ymin": 169, "ymax": 276, "xmax": 455}}, {"tid": 1, "generated": 0, "bbox": {"xmin": 361, "ymin": 136, "ymax": 241, "xmax": 407}}], [{"tid": 0, "generated": 0, "bbox": {"xmin": 286, "ymin": 169, "ymax": 276, "xmax": 460}}, {"tid": 1, "generated": 0, "bbox": {"xmin": 366, "ymin": 136, "ymax": 241, "xmax": 412}}], [{"tid": 0, "generated": 0, "bbox": {"xmin": 291, "ymin": 168, "ymax": 276, "xmax": 466}}, {"tid": 1, "generated": 0, "bbox": {"xmin": 371, "ymin": 136, "ymax": 241, "xmax": 417}}], [{"tid": 0, "generated": 0, "bbox": {"xmin": 296, "ymin": 168, "ymax": 276, "xmax": 472}}, {"tid": 1, "generated": 0, "bbox": {"xmin": 375, "ymin": 136, "ymax": 241, "xmax": 421}}], [{"tid": 0, "generated": 0, "bbox": {"xmin": 300, "ymin": 168, "ymax": 275, "xmax": 475}}, {"tid": 1, "generated": 0, "bbox": {"xmin": 380, "ymin": 136, "ymax": 241, "xmax": 426}}], [{"tid": 0, "generated": 0, "bbox": {"xmin": 305, "ymin": 168, "ymax": 275, "xmax": 479}}, {"tid": 1, "generated": 0, "bbox": {"xmin": 385, "ymin": 136, "ymax": 241, "xmax": 431}}], [{"tid": 0, "generated": 0, "bbox": {"xmin": 309, "ymin": 168, "ymax": 274, "xmax": 483}}, {"tid": 1, "generated": 0, "bbox": {"xmin": 390, "ymin": 135, "ymax": 240, "xmax": 436}}], [{"tid": 0, "generated": 0, "bbox": {"xmin": 314, "ymin": 168, "ymax": 274, "xmax": 486}}, {"tid": 1, "generated": 0, "bbox": {"xmin": 396, "ymin": 134, "ymax": 239, "xmax": 442}}], [{"tid": 0, "generated": 0, "bbox": {"xmin": 319, "ymin": 168, "ymax": 274, "xmax": 490}}, {"tid": 1, "generated": 0, "bbox": {"xmin": 401, "ymin": 133, "ymax": 238, "xmax": 447}}], [{"tid": 0, "generated": 0, "bbox": {"xmin": 323, "ymin": 168, "ymax": 273, "xmax": 494}}, {"tid": 1, "generated": 0, "bbox": {"xmin": 407, "ymin": 132, "ymax": 237, "xmax": 453}}], [{"tid": 0, "generated": 0, "bbox": {"xmin": 328, "ymin": 168, "ymax": 273, "xmax": 497}}, {"tid": 1, "generated": 0, "bbox": {"xmin": 412, "ymin": 131, "ymax": 236, "xmax": 458}}], [{"tid": 0, "generated": 0, "bbox": {"xmin": 332, "ymin": 168, "ymax": 272, "xmax": 501}}, {"tid": 1, "generated": 0, "bbox": {"xmin": 412, "ymin": 131, "ymax": 236, "xmax": 458}}], [{"tid": 0, "generated": 0, "bbox": {"xmin": 337, "ymin": 168, "ymax": 272, "xmax": 505}}, {"tid": 1, "generated": 0, "bbox": {"xmin": 412, "ymin": 131, "ymax": 236, "xmax": 458}}], [{"tid": 0, "generated": 0, "bbox": {"xmin": 342, "ymin": 169, "ymax": 272, "xmax": 509}}, {"tid": 1, "generated": 0, "bbox": {"xmin": 412, "ymin": 131, "ymax": 236, "xmax": 458}}], [{"tid": 0, "generated": 0, "bbox": {"xmin": 341, "ymin": 169, "ymax": 271, "xmax": 507}}, {"tid": 1, "generated": 0, "bbox": {"xmin": 412, "ymin": 131, "ymax": 236, "xmax": 458}}], [], [], [], [], [], [], [], [], [], [], [], [], [], [], [], [], [], [], [], [], [], [], [], [], [], [], [], [], [], [], [], [], [], [], [], [], [], [], [], [], [], [], [], [], [], [], [], [], [], [], [], [], [], [], [], [], [], [], [], [], [], [], [], [], [], [], [], [], [], [], [], [], [], [], [], [], [], [], [], [], [], [], [], [], [], [], [], [], [], [], [{"tid": 0, "generated": 0, "bbox": {"xmin": 178, "ymin": 169, "ymax": 306, "xmax": 349}}, {"tid": 1, "generated": 0, "bbox": {"xmin": 236, "ymin": 121, "ymax": 242, "xmax": 282}}], [{"tid": 0, "generated": 0, "bbox": {"xmin": 172, "ymin": 170, "ymax": 307, "xmax": 345}}, {"tid": 1, "generated": 0, "bbox": {"xmin": 232, "ymin": 121, "ymax": 242, "xmax": 278}}], [{"tid": 0, "generated": 0, "bbox": {"xmin": 167, "ymin": 170, "ymax": 308, "xmax": 340}}, {"tid": 1, "generated": 0, "bbox": {"xmin": 229, "ymin": 122, "ymax": 243, "xmax": 275}}], [{"tid": 0, "generated": 0, "bbox": {"xmin": 161, "ymin": 171, "ymax": 310, "xmax": 336}}, {"tid": 1, "generated": 0, "bbox": {"xmin": 225, "ymin": 122, "ymax": 243, "xmax": 271}}], [{"tid": 0, "generated": 0, "bbox": {"xmin": 155, "ymin": 172, "ymax": 311, "xmax": 331}}, {"tid": 1, "generated": 0, "bbox": {"xmin": 222, "ymin": 123, "ymax": 244, "xmax": 268}}], [{"tid": 0, "generated": 0, "bbox": {"xmin": 150, "ymin": 172, "ymax": 312, "xmax": 326}}, {"tid": 1, "generated": 0, "bbox": {"xmin": 218, "ymin": 123, "ymax": 244, "xmax": 264}}], [{"tid": 0, "generated": 0, "bbox": {"xmin": 144, "ymin": 173, "ymax": 313, "xmax": 322}}, {"tid": 1, "generated": 0, "bbox": {"xmin": 214, "ymin": 123, "ymax": 244, "xmax": 260}}], [{"tid": 0, "generated": 0, "bbox": {"xmin": 138, "ymin": 174, "ymax": 314, "xmax": 317}}, {"tid": 1, "generated": 0, "bbox": {"xmin": 210, "ymin": 124, "ymax": 245, "xmax": 256}}], [{"tid": 0, "generated": 0, "bbox": {"xmin": 133, "ymin": 175, "ymax": 316, "xmax": 313}}, {"tid": 1, "generated": 0, "bbox": {"xmin": 206, "ymin": 124, "ymax": 245, "xmax": 252}}], [{"tid": 0, "generated": 0, "bbox": {"xmin": 136, "ymin": 175, "ymax": 316, "xmax": 317}}, {"tid": 1, "generated": 0, "bbox": {"xmin": 202, "ymin": 125, "ymax": 246, "xmax": 248}}], [{"tid": 0, "generated": 0, "bbox": {"xmin": 140, "ymin": 176, "ymax": 317, "xmax": 322}}, {"tid": 1, "generated": 0, "bbox": {"xmin": 198, "ymin": 125, "ymax": 246, "xmax": 244}}], [{"tid": 0, "generated": 0, "bbox": {"xmin": 144, "ymin": 176, "ymax": 317, "xmax": 326}}, {"tid": 1, "generated": 0, "bbox": {"xmin": 202, "ymin": 124, "ymax": 249, "xmax": 248}}], [{"tid": 0, "generated": 0, "bbox": {"xmin": 148, "ymin": 177, "ymax": 318, "xmax": 331}}, {"tid": 1, "generated": 0, "bbox": {"xmin": 205, "ymin": 124, "ymax": 252, "xmax": 251}}], [{"tid": 0, "generated": 0, "bbox": {"xmin": 152, "ymin": 177, "ymax": 318, "xmax": 335}}, {"tid": 1, "generated": 0, "bbox": {"xmin": 209, "ymin": 123, "ymax": 254, "xmax": 255}}], [{"tid": 0, "generated": 0, "bbox": {"xmin": 156, "ymin": 178, "ymax": 319, "xmax": 340}}, {"tid": 1, "generated": 0, "bbox": {"xmin": 212, "ymin": 123, "ymax": 257, "xmax": 258}}], [{"tid": 0, "generated": 0, "bbox": {"xmin": 160, "ymin": 178, "ymax": 319, "xmax": 344}}, {"tid": 1, "generated": 0, "bbox": {"xmin": 216, "ymin": 122, "ymax": 260, "xmax": 262}}], [{"tid": 0, "generated": 0, "bbox": {"xmin": 164, "ymin": 179, "ymax": 320, "xmax": 349}}, {"tid": 1, "generated": 0, "bbox": {"xmin": 221, "ymin": 122, "ymax": 260, "xmax": 267}}], [{"tid": 0, "generated": 0, "bbox": {"xmin": 168, "ymin": 179, "ymax": 320, "xmax": 353}}, {"tid": 1, "generated": 0, "bbox": {"xmin": 227, "ymin": 122, "ymax": 260, "xmax": 273}}], [{"tid": 0, "generated": 0, "bbox": {"xmin": 172, "ymin": 180, "ymax": 321, "xmax": 358}}, {"tid": 1, "generated": 0, "bbox": {"xmin": 232, "ymin": 123, "ymax": 261, "xmax": 278}}], [{"tid": 0, "generated": 0, "bbox": {"xmin": 176, "ymin": 179, "ymax": 321, "xmax": 363}}, {"tid": 1, "generated": 0, "bbox": {"xmin": 238, "ymin": 123, "ymax": 261, "xmax": 284}}], [{"tid": 0, "generated": 0, "bbox": {"xmin": 180, "ymin": 179, "ymax": 322, "xmax": 369}}, {"tid": 1, "generated": 0, "bbox": {"xmin": 243, "ymin": 123, "ymax": 261, "xmax": 289}}], [{"tid": 0, "generated": 0, "bbox": {"xmin": 184, "ymin": 179, "ymax": 322, "xmax": 375}}, {"tid": 1, "generated": 0, "bbox": {"xmin": 251, "ymin": 123, "ymax": 261, "xmax": 297}}], [{"tid": 0, "generated": 0, "bbox": {"xmin": 188, "ymin": 178, "ymax": 323, "xmax": 381}}, {"tid": 1, "generated": 0, "bbox": {"xmin": 258, "ymin": 123, "ymax": 261, "xmax": 304}}], [{"tid": 0, "generated": 0, "bbox": {"xmin": 193, "ymin": 178, "ymax": 324, "xmax": 387}}, {"tid": 1, "generated": 0, "bbox": {"xmin": 266, "ymin": 123, "ymax": 261, "xmax": 312}}], [{"tid": 0, "generated": 0, "bbox": {"xmin": 197, "ymin": 178, "ymax": 324, "xmax": 392}}, {"tid": 1, "generated": 0, "bbox": {"xmin": 273, "ymin": 123, "ymax": 261, "xmax": 319}}], [{"tid": 0, "generated": 0, "bbox": {"xmin": 201, "ymin": 177, "ymax": 325, "xmax": 398}}, {"tid": 1, "generated": 0, "bbox": {"xmin": 281, "ymin": 123, "ymax": 261, "xmax": 327}}], [{"tid": 0, "generated": 0, "bbox": {"xmin": 205, "ymin": 177, "ymax": 325, "xmax": 404}}, {"tid": 1, "generated": 0, "bbox": {"xmin": 286, "ymin": 123, "ymax": 261, "xmax": 332}}], [{"tid": 0, "generated": 0, "bbox": {"xmin": 209, "ymin": 177, "ymax": 326, "xmax": 410}}, {"tid": 1, "generated": 0, "bbox": {"xmin": 290, "ymin": 123, "ymax": 261, "xmax": 336}}], [{"tid": 0, "generated": 0, "bbox": {"xmin": 214, "ymin": 177, "ymax": 327, "xmax": 416}}, {"tid": 1, "generated": 0, "bbox": {"xmin": 295, "ymin": 123, "ymax": 261, "xmax": 341}}], [{"tid": 0, "generated": 0, "bbox": {"xmin": 217, "ymin": 176, "ymax": 327, "xmax": 420}}, {"tid": 1, "generated": 0, "bbox": {"xmin": 299, "ymin": 123, "ymax": 261, "xmax": 345}}], [], [], [], [], [], [], [], [], [], [], [], [], [], [], [], [], [], [], [], [], [], [], [], [], [], [], [], [], [], [], [], [], [], [], [], [], [], [], [], [], [], [], [], [], [], [], [], [], [], [], [], [], [], [], [], [], [], [], [], [], [], [], [], [], [], [], [], [], [], [], [], [], [], [], [], [], [], [], [], [], [], [], [], [], [], [], [], [], [], [], [{"tid": 0, "generated": 0, "bbox": {"xmin": 287, "ymin": 165, "ymax": 326, "xmax": 537}}, {"tid": 1, "generated": 0, "bbox": {"xmin": 417, "ymin": 110, "ymax": 267, "xmax": 491}}], [{"tid": 0, "generated": 0, "bbox": {"xmin": 283, "ymin": 164, "ymax": 325, "xmax": 531}}, {"tid": 1, "generated": 0, "bbox": {"xmin": 408, "ymin": 108, "ymax": 265, "xmax": 482}}], [{"tid": 0, "generated": 0, "bbox": {"xmin": 279, "ymin": 164, "ymax": 325, "xmax": 524}}, {"tid": 1, "generated": 0, "bbox": {"xmin": 400, "ymin": 106, "ymax": 263, "xmax": 474}}], [{"tid": 0, "generated": 0, "bbox": {"xmin": 275, "ymin": 163, "ymax": 324, "xmax": 518}}, {"tid": 1, "generated": 0, "bbox": {"xmin": 391, "ymin": 104, "ymax": 261, "xmax": 465}}], [{"tid": 0, "generated": 0, "bbox": {"xmin": 270, "ymin": 162, "ymax": 323, "xmax": 511}}, {"tid": 1, "generated": 0, "bbox": {"xmin": 383, "ymin": 102, "ymax": 259, "xmax": 457}}], [{"tid": 0, "generated": 0, "bbox": {"xmin": 266, "ymin": 162, "ymax": 323, "xmax": 504}}, {"tid": 1, "generated": 0, "bbox": {"xmin": 374, "ymin": 100, "ymax": 257, "xmax": 448}}], [{"tid": 0, "generated": 0, "bbox": {"xmin": 262, "ymin": 161, "ymax": 322, "xmax": 498}}, {"tid": 1, "generated": 0, "bbox": {"xmin": 369, "ymin": 102, "ymax": 257, "xmax": 443}}], [{"tid": 0, "generated": 0, "bbox": {"xmin": 258, "ymin": 160, "ymax": 321, "xmax": 491}}, {"tid": 1, "generated": 0, "bbox": {"xmin": 365, "ymin": 104, "ymax": 257, "xmax": 439}}], [{"tid": 0, "generated": 0, "bbox": {"xmin": 254, "ymin": 160, "ymax": 321, "xmax": 485}}, {"tid": 1, "generated": 0, "bbox": {"xmin": 360, "ymin": 106, "ymax": 257, "xmax": 434}}], [{"tid": 0, "generated": 0, "bbox": {"xmin": 256, "ymin": 159, "ymax": 320, "xmax": 485}}, {"tid": 1, "generated": 0, "bbox": {"xmin": 356, "ymin": 108, "ymax": 257, "xmax": 430}}], [{"tid": 0, "generated": 0, "bbox": {"xmin": 259, "ymin": 159, "ymax": 320, "xmax": 486}}, {"tid": 1, "generated": 0, "bbox": {"xmin": 351, "ymin": 110, "ymax": 257, "xmax": 425}}], [{"tid": 0, "generated": 0, "bbox": {"xmin": 261, "ymin": 159, "ymax": 320, "xmax": 487}}, {"tid": 1, "generated": 0, "bbox": {"xmin": 353, "ymin": 108, "ymax": 255, "xmax": 427}}], [{"tid": 0, "generated": 0, "bbox": {"xmin": 264, "ymin": 159, "ymax": 320, "xmax": 488}}, {"tid": 1, "generated": 0, "bbox": {"xmin": 354, "ymin": 106, "ymax": 253, "xmax": 428}}], [{"tid": 0, "generated": 0, "bbox": {"xmin": 266, "ymin": 159, "ymax": 320, "xmax": 489}}, {"tid": 1, "generated": 0, "bbox": {"xmin": 356, "ymin": 105, "ymax": 252, "xmax": 430}}], [{"tid": 0, "generated": 0, "bbox": {"xmin": 269, "ymin": 159, "ymax": 320, "xmax": 489}}, {"tid": 1, "generated": 0, "bbox": {"xmin": 357, "ymin": 103, "ymax": 250, "xmax": 431}}], [{"tid": 0, "generated": 0, "bbox": {"xmin": 271, "ymin": 159, "ymax": 320, "xmax": 490}}, {"tid": 1, "generated": 0, "bbox": {"xmin": 359, "ymin": 101, "ymax": 248, "xmax": 433}}], [{"tid": 0, "generated": 0, "bbox": {"xmin": 274, "ymin": 159, "ymax": 320, "xmax": 491}}, {"tid": 1, "generated": 0, "bbox": {"xmin": 363, "ymin": 102, "ymax": 249, "xmax": 437}}], [{"tid": 0, "generated": 0, "bbox": {"xmin": 276, "ymin": 159, "ymax": 320, "xmax": 492}}, {"tid": 1, "generated": 0, "bbox": {"xmin": 366, "ymin": 102, "ymax": 249, "xmax": 440}}], [{"tid": 0, "generated": 0, "bbox": {"xmin": 279, "ymin": 159, "ymax": 320, "xmax": 493}}, {"tid": 1, "generated": 0, "bbox": {"xmin": 370, "ymin": 103, "ymax": 250, "xmax": 444}}], [{"tid": 0, "generated": 0, "bbox": {"xmin": 283, "ymin": 159, "ymax": 319, "xmax": 494}}, {"tid": 1, "generated": 0, "bbox": {"xmin": 373, "ymin": 103, "ymax": 250, "xmax": 447}}], [{"tid": 0, "generated": 0, "bbox": {"xmin": 288, "ymin": 159, "ymax": 318, "xmax": 496}}, {"tid": 1, "generated": 0, "bbox": {"xmin": 377, "ymin": 104, "ymax": 251, "xmax": 451}}], [{"tid": 0, "generated": 0, "bbox": {"xmin": 293, "ymin": 159, "ymax": 317, "xmax": 497}}, {"tid": 1, "generated": 0, "bbox": {"xmin": 381, "ymin": 104, "ymax": 251, "xmax": 455}}], [{"tid": 0, "generated": 0, "bbox": {"xmin": 298, "ymin": 159, "ymax": 316, "xmax": 499}}, {"tid": 1, "generated": 0, "bbox": {"xmin": 386, "ymin": 104, "ymax": 251, "xmax": 460}}], [{"tid": 0, "generated": 0, "bbox": {"xmin": 303, "ymin": 159, "ymax": 315, "xmax": 501}}, {"tid": 1, "generated": 0, "bbox": {"xmin": 390, "ymin": 104, "ymax": 251, "xmax": 464}}], [{"tid": 0, "generated": 0, "bbox": {"xmin": 307, "ymin": 159, "ymax": 314, "xmax": 502}}, {"tid": 1, "generated": 0, "bbox": {"xmin": 395, "ymin": 104, "ymax": 251, "xmax": 469}}], [{"tid": 0, "generated": 0, "bbox": {"xmin": 312, "ymin": 159, "ymax": 313, "xmax": 504}}, {"tid": 1, "generated": 0, "bbox": {"xmin": 399, "ymin": 104, "ymax": 251, "xmax": 473}}], [{"tid": 0, "generated": 0, "bbox": {"xmin": 317, "ymin": 159, "ymax": 312, "xmax": 505}}, {"tid": 1, "generated": 0, "bbox": {"xmin": 401, "ymin": 104, "ymax": 251, "xmax": 475}}], [{"tid": 0, "generated": 0, "bbox": {"xmin": 322, "ymin": 159, "ymax": 311, "xmax": 507}}, {"tid": 1, "generated": 0, "bbox": {"xmin": 402, "ymin": 104, "ymax": 251, "xmax": 476}}], [{"tid": 0, "generated": 0, "bbox": {"xmin": 327, "ymin": 160, "ymax": 310, "xmax": 509}}, {"tid": 1, "generated": 0, "bbox": {"xmin": 404, "ymin": 105, "ymax": 252, "xmax": 478}}], [{"tid": 0, "generated": 0, "bbox": {"xmin": 327, "ymin": 160, "ymax": 308, "xmax": 507}}, {"tid": 1, "generated": 0, "bbox": {"xmin": 405, "ymin": 105, "ymax": 252, "xmax": 479}}]], "subject/objects": [{"category": "horse", "tid": 0}, {"category": "person", "tid": 1}], "relation_instances": [{"end_fid": 30, "subject_tid": 0, "predicate": "walk_beneath", "begin_fid": 0, "object_tid": 1}, {"end_fid": 30, "subject_tid": 1, "predicate": "above", "begin_fid": 0, "object_tid": 0}, {"end_fid": 30, "subject_tid": 1, "predicate": "ride", "begin_fid": 0, "object_tid": 0}, {"end_fid": 180, "subject_tid": 0, "predicate": "walk_beneath", "begin_fid": 150, "object_tid": 1}, {"end_fid": 180, "subject_tid": 1, "predicate": "above", "begin_fid": 150, "object_tid": 0}, {"end_fid": 180, "subject_tid": 1, "predicate": "ride", "begin_fid": 150, "object_tid": 0}, {"end_fid": 330, "subject_tid": 0, "predicate": "walk_beneath", "begin_fid": 300, "object_tid": 1}, {"end_fid": 330, "subject_tid": 1, "predicate": "above", "begin_fid": 300, "object_tid": 0}, {"end_fid": 330, "subject_tid": 1, "predicate": "ride", "begin_fid": 300, "object_tid": 0}, {"end_fid": 450, "subject_tid": 0, "predicate": "walk_beneath", "begin_fid": 420, "object_tid": 1}, {"end_fid": 450, "subject_tid": 1, "predicate": "above", "begin_fid": 420, "object_tid": 0}, {"end_fid": 450, "subject_tid": 1, "predicate": "ride", "begin_fid": 420, "object_tid": 0}, {"end_fid": 570, "subject_tid": 0, "predicate": "walk_beneath", "begin_fid": 540, "object_tid": 1}, {"end_fid": 570, "subject_tid": 1, "predicate": "above", "begin_fid": 540, "object_tid": 0}, {"end_fid": 570, "subject_tid": 1, "predicate": "ride", "begin_fid": 540, "object_tid": 0}], "height": 424}