{"width": 1280, "frame_count": 730, "video_id": "ILSVRC2015_train_00093002", "fps": 25, "trajectories": [[{"tid": 0, "generated": 0, "bbox": {"xmin": 384, "ymin": 296, "ymax": 718, "xmax": 881}}, {"tid": 1, "generated": 0, "bbox": {"xmin": 55, "ymin": 104, "ymax": 716, "xmax": 439}}], [{"tid": 0, "generated": 0, "bbox": {"xmin": 376, "ymin": 289, "ymax": 716, "xmax": 872}}, {"tid": 1, "generated": 0, "bbox": {"xmin": 42, "ymin": 110, "ymax": 718, "xmax": 430}}], [{"tid": 0, "generated": 0, "bbox": {"xmin": 369, "ymin": 279, "ymax": 718, "xmax": 862}}, {"tid": 1, "generated": 0, "bbox": {"xmin": 28, "ymin": 97, "ymax": 716, "xmax": 433}}], [{"tid": 0, "generated": 0, "bbox": {"xmin": 356, "ymin": 257, "ymax": 717, "xmax": 854}}, {"tid": 1, "generated": 0, "bbox": {"xmin": 24, "ymin": 78, "ymax": 716, "xmax": 426}}], [{"tid": 0, "generated": 0, "bbox": {"xmin": 343, "ymin": 236, "ymax": 716, "xmax": 846}}, {"tid": 1, "generated": 0, "bbox": {"xmin": 12, "ymin": 57, "ymax": 717, "xmax": 421}}], [{"tid": 0, "generated": 0, "bbox": {"xmin": 337, "ymin": 215, "ymax": 707, "xmax": 846}}, {"tid": 1, "generated": 0, "bbox": {"xmin": 0, "ymin": 37, "ymax": 718, "xmax": 416}}], [{"tid": 0, "generated": 0, "bbox": {"xmin": 332, "ymin": 199, "ymax": 688, "xmax": 839}}, {"tid": 1, "generated": 0, "bbox": {"xmin": 0, "ymin": 19, "ymax": 718, "xmax": 410}}], [{"tid": 0, "generated": 0, "bbox": {"xmin": 328, "ymin": 183, "ymax": 670, "xmax": 833}}, {"tid": 1, "generated": 0, "bbox": {"xmin": 0, "ymin": 0, "ymax": 716, "xmax": 412}}], [{"tid": 0, "generated": 0, "bbox": {"xmin": 324, "ymin": 159, "ymax": 654, "xmax": 826}}, {"tid": 1, "generated": 0, "bbox": {"xmin": 0, "ymin": 0, "ymax": 718, "xmax": 407}}], [{"tid": 0, "generated": 0, "bbox": {"xmin": 321, "ymin": 136, "ymax": 638, "xmax": 819}}, {"tid": 1, "generated": 0, "bbox": {"xmin": 0, "ymin": 0, "ymax": 717, "xmax": 405}}], [{"tid": 0, "generated": 0, "bbox": {"xmin": 318, "ymin": 113, "ymax": 622, "xmax": 812}}, {"tid": 1, "generated": 0, "bbox": {"xmin": 0, "ymin": 0, "ymax": 716, "xmax": 403}}], [{"tid": 0, "generated": 0, "bbox": {"xmin": 309, "ymin": 103, "ymax": 599, "xmax": 807}}, {"tid": 1, "generated": 0, "bbox": {"xmin": 0, "ymin": 0, "ymax": 704, "xmax": 398}}], [{"tid": 0, "generated": 0, "bbox": {"xmin": 300, "ymin": 76, "ymax": 590, "xmax": 808}}, {"tid": 1, "generated": 0, "bbox": {"xmin": 0, "ymin": 0, "ymax": 693, "xmax": 393}}], [{"tid": 0, "generated": 0, "bbox": {"xmin": 279, "ymin": 56, "ymax": 577, "xmax": 805}}, {"tid": 1, "generated": 0, "bbox": {"xmin": 0, "ymin": 0, "ymax": 682, "xmax": 389}}], [{"tid": 0, "generated": 0, "bbox": {"xmin": 282, "ymin": 44, "ymax": 567, "xmax": 801}}, {"tid": 1, "generated": 0, "bbox": {"xmin": 0, "ymin": 0, "ymax": 671, "xmax": 384}}], [{"tid": 0, "generated": 0, "bbox": {"xmin": 266, "ymin": 30, "ymax": 560, "xmax": 792}}, {"tid": 1, "generated": 0, "bbox": {"xmin": 0, "ymin": 0, "ymax": 660, "xmax": 380}}], [{"tid": 0, "generated": 0, "bbox": {"xmin": 261, "ymin": 26, "ymax": 560, "xmax": 784}}, {"tid": 1, "generated": 0, "bbox": {"xmin": 0, "ymin": 0, "ymax": 649, "xmax": 375}}], [{"tid": 0, "generated": 0, "bbox": {"xmin": 256, "ymin": 23, "ymax": 561, "xmax": 776}}, {"tid": 1, "generated": 0, "bbox": {"xmin": 0, "ymin": 0, "ymax": 638, "xmax": 371}}], [{"tid": 0, "generated": 0, "bbox": {"xmin": 250, "ymin": 19, "ymax": 563, "xmax": 776}}, {"tid": 1, "generated": 0, "bbox": {"xmin": 0, "ymin": 0, "ymax": 634, "xmax": 366}}], [{"tid": 0, "generated": 0, "bbox": {"xmin": 245, "ymin": 8, "ymax": 563, "xmax": 771}}, {"tid": 1, "generated": 0, "bbox": {"xmin": 0, "ymin": 0, "ymax": 634, "xmax": 360}}], [{"tid": 0, "generated": 0, "bbox": {"xmin": 240, "ymin": 14, "ymax": 570, "xmax": 760}}, {"tid": 1, "generated": 0, "bbox": {"xmin": 0, "ymin": 0, "ymax": 648, "xmax": 357}}], [{"tid": 0, "generated": 0, "bbox": {"xmin": 236, "ymin": 8, "ymax": 584, "xmax": 753}}, {"tid": 1, "generated": 0, "bbox": {"xmin": 0, "ymin": 0, "ymax": 656, "xmax": 349}}], [{"tid": 0, "generated": 0, "bbox": {"xmin": 232, "ymin": 28, "ymax": 597, "xmax": 752}}, {"tid": 1, "generated": 0, "bbox": {"xmin": 0, "ymin": 0, "ymax": 664, "xmax": 341}}], [{"tid": 0, "generated": 0, "bbox": {"xmin": 229, "ymin": 24, "ymax": 611, "xmax": 737}}, {"tid": 1, "generated": 0, "bbox": {"xmin": 0, "ymin": 0, "ymax": 673, "xmax": 334}}], [{"tid": 0, "generated": 0, "bbox": {"xmin": 225, "ymin": 35, "ymax": 629, "xmax": 737}}, {"tid": 1, "generated": 0, "bbox": {"xmin": 0, "ymin": 3, "ymax": 695, "xmax": 327}}], [{"tid": 0, "generated": 0, "bbox": {"xmin": 224, "ymin": 46, "ymax": 640, "xmax": 730}}, {"tid": 1, "generated": 0, "bbox": {"xmin": 0, "ymin": 7, "ymax": 718, "xmax": 320}}], [{"tid": 0, "generated": 0, "bbox": {"xmin": 216, "ymin": 81, "ymax": 663, "xmax": 730}}, {"tid": 1, "generated": 0, "bbox": {"xmin": 0, "ymin": 0, "ymax": 716, "xmax": 320}}], [{"tid": 0, "generated": 0, "bbox": {"xmin": 215, "ymin": 87, "ymax": 675, "xmax": 725}}, {"tid": 1, "generated": 0, "bbox": {"xmin": 0, "ymin": 0, "ymax": 716, "xmax": 309}}], [{"tid": 0, "generated": 0, "bbox": {"xmin": 215, "ymin": 99, "ymax": 698, "xmax": 721}}, {"tid": 1, "generated": 0, "bbox": {"xmin": 0, "ymin": 0, "ymax": 716, "xmax": 302}}], [{"tid": 0, "generated": 0, "bbox": {"xmin": 215, "ymin": 103, "ymax": 707, "xmax": 720}}, {"tid": 1, "generated": 0, "bbox": {"xmin": 1, "ymin": 14, "ymax": 718, "xmax": 295}}], [], [], [], [], [], [], [], [], [], [], [], [], [], [], [], [], [], [], [], [], [], [], [], [], [], [], [], [], [], [], [], [], [], [], [], [], [], [], [], [], [], [], [], [], [], [], [], [], [], [], [], [], [], [], [], [], [], [], [], [], [], [], [], [], [], [], [], [], [], [], [], [], [], [], [], [], [], [], [], [], [], [], [], [], [], [], [], [], [], [], [], [], [], [], [], [], [], [], [], [], [], [], [], [], [], [], [], [], [], [], [], [], [], [], [], [], [], [], [], [], [], [], [], [], [], [], [], [], [], [], [], [], [], [], [], [], [], [], [], [], [], [], [], [], [], [], [], [], [], [], [{"tid": 0, "generated": 0, "bbox": {"xmin": 30, "ymin": 192, "ymax": 549, "xmax": 661}}, {"tid": 1, "generated": 0, "bbox": {"xmin": 138, "ymin": 24, "ymax": 592, "xmax": 490}}], [{"tid": 0, "generated": 0, "bbox": {"xmin": 39, "ymin": 199, "ymax": 574, "xmax": 666}}, {"tid": 1, "generated": 0, "bbox": {"xmin": 142, "ymin": 35, "ymax": 590, "xmax": 492}}], [{"tid": 0, "generated": 0, "bbox": {"xmin": 40, "ymin": 195, "ymax": 572, "xmax": 668}}, {"tid": 1, "generated": 0, "bbox": {"xmin": 145, "ymin": 35, "ymax": 588, "xmax": 496}}], [{"tid": 0, "generated": 0, "bbox": {"xmin": 42, "ymin": 199, "ymax": 570, "xmax": 670}}, {"tid": 1, "generated": 0, "bbox": {"xmin": 151, "ymin": 35, "ymax": 586, "xmax": 501}}], [{"tid": 0, "generated": 0, "bbox": {"xmin": 44, "ymin": 197, "ymax": 567, "xmax": 682}}, {"tid": 1, "generated": 0, "bbox": {"xmin": 156, "ymin": 32, "ymax": 586, "xmax": 506}}], [{"tid": 0, "generated": 0, "bbox": {"xmin": 46, "ymin": 197, "ymax": 563, "xmax": 691}}, {"tid": 1, "generated": 0, "bbox": {"xmin": 161, "ymin": 33, "ymax": 586, "xmax": 512}}], [{"tid": 0, "generated": 0, "bbox": {"xmin": 48, "ymin": 197, "ymax": 561, "xmax": 689}}, {"tid": 1, "generated": 0, "bbox": {"xmin": 167, "ymin": 32, "ymax": 588, "xmax": 517}}], [{"tid": 0, "generated": 0, "bbox": {"xmin": 49, "ymin": 197, "ymax": 560, "xmax": 686}}, {"tid": 1, "generated": 0, "bbox": {"xmin": 172, "ymin": 26, "ymax": 588, "xmax": 524}}], [{"tid": 0, "generated": 0, "bbox": {"xmin": 51, "ymin": 197, "ymax": 558, "xmax": 684}}, {"tid": 1, "generated": 0, "bbox": {"xmin": 177, "ymin": 26, "ymax": 590, "xmax": 531}}], [{"tid": 0, "generated": 0, "bbox": {"xmin": 55, "ymin": 199, "ymax": 554, "xmax": 686}}, {"tid": 1, "generated": 0, "bbox": {"xmin": 183, "ymin": 19, "ymax": 592, "xmax": 538}}], [{"tid": 0, "generated": 0, "bbox": {"xmin": 58, "ymin": 199, "ymax": 552, "xmax": 691}}, {"tid": 1, "generated": 0, "bbox": {"xmin": 188, "ymin": 16, "ymax": 592, "xmax": 549}}], [{"tid": 0, "generated": 0, "bbox": {"xmin": 58, "ymin": 197, "ymax": 570, "xmax": 689}}, {"tid": 1, "generated": 0, "bbox": {"xmin": 190, "ymin": 16, "ymax": 599, "xmax": 547}}], [{"tid": 0, "generated": 0, "bbox": {"xmin": 58, "ymin": 195, "ymax": 572, "xmax": 689}}, {"tid": 1, "generated": 0, "bbox": {"xmin": 193, "ymin": 16, "ymax": 595, "xmax": 551}}], [{"tid": 0, "generated": 0, "bbox": {"xmin": 58, "ymin": 195, "ymax": 568, "xmax": 704}}, {"tid": 1, "generated": 0, "bbox": {"xmin": 196, "ymin": 13, "ymax": 594, "xmax": 551}}], [{"tid": 0, "generated": 0, "bbox": {"xmin": 64, "ymin": 199, "ymax": 570, "xmax": 709}}, {"tid": 1, "generated": 0, "bbox": {"xmin": 199, "ymin": 10, "ymax": 593, "xmax": 552}}], [{"tid": 0, "generated": 0, "bbox": {"xmin": 63, "ymin": 199, "ymax": 566, "xmax": 708}}, {"tid": 1, "generated": 0, "bbox": {"xmin": 200, "ymin": 16, "ymax": 592, "xmax": 551}}], [{"tid": 0, "generated": 0, "bbox": {"xmin": 62, "ymin": 200, "ymax": 563, "xmax": 707}}, {"tid": 1, "generated": 0, "bbox": {"xmin": 202, "ymin": 16, "ymax": 592, "xmax": 551}}], [{"tid": 0, "generated": 0, "bbox": {"xmin": 60, "ymin": 199, "ymax": 560, "xmax": 704}}, {"tid": 1, "generated": 0, "bbox": {"xmin": 206, "ymin": 21, "ymax": 592, "xmax": 552}}], [{"tid": 0, "generated": 0, "bbox": {"xmin": 60, "ymin": 197, "ymax": 556, "xmax": 704}}, {"tid": 1, "generated": 0, "bbox": {"xmin": 209, "ymin": 19, "ymax": 590, "xmax": 556}}], [{"tid": 0, "generated": 0, "bbox": {"xmin": 60, "ymin": 197, "ymax": 552, "xmax": 704}}, {"tid": 1, "generated": 0, "bbox": {"xmin": 213, "ymin": 21, "ymax": 590, "xmax": 560}}], [{"tid": 0, "generated": 0, "bbox": {"xmin": 60, "ymin": 195, "ymax": 551, "xmax": 707}}, {"tid": 1, "generated": 0, "bbox": {"xmin": 216, "ymin": 16, "ymax": 588, "xmax": 567}}], [{"tid": 0, "generated": 0, "bbox": {"xmin": 62, "ymin": 197, "ymax": 549, "xmax": 704}}, {"tid": 1, "generated": 0, "bbox": {"xmin": 216, "ymin": 14, "ymax": 588, "xmax": 567}}], [{"tid": 0, "generated": 0, "bbox": {"xmin": 69, "ymin": 193, "ymax": 544, "xmax": 700}}, {"tid": 1, "generated": 0, "bbox": {"xmin": 216, "ymin": 17, "ymax": 588, "xmax": 567}}], [{"tid": 0, "generated": 0, "bbox": {"xmin": 71, "ymin": 202, "ymax": 542, "xmax": 698}}, {"tid": 1, "generated": 0, "bbox": {"xmin": 216, "ymin": 17, "ymax": 586, "xmax": 567}}], [{"tid": 0, "generated": 0, "bbox": {"xmin": 72, "ymin": 189, "ymax": 540, "xmax": 697}}, {"tid": 1, "generated": 0, "bbox": {"xmin": 216, "ymin": 19, "ymax": 584, "xmax": 567}}], [{"tid": 0, "generated": 0, "bbox": {"xmin": 74, "ymin": 177, "ymax": 538, "xmax": 696}}, {"tid": 1, "generated": 0, "bbox": {"xmin": 216, "ymin": 17, "ymax": 584, "xmax": 567}}], [{"tid": 0, "generated": 0, "bbox": {"xmin": 76, "ymin": 197, "ymax": 536, "xmax": 696}}, {"tid": 1, "generated": 0, "bbox": {"xmin": 216, "ymin": 17, "ymax": 586, "xmax": 568}}], [{"tid": 0, "generated": 0, "bbox": {"xmin": 78, "ymin": 156, "ymax": 535, "xmax": 695}}, {"tid": 1, "generated": 0, "bbox": {"xmin": 216, "ymin": 21, "ymax": 586, "xmax": 570}}], [{"tid": 0, "generated": 0, "bbox": {"xmin": 80, "ymin": 145, "ymax": 533, "xmax": 696}}, {"tid": 1, "generated": 0, "bbox": {"xmin": 216, "ymin": 24, "ymax": 588, "xmax": 572}}], [{"tid": 0, "generated": 0, "bbox": {"xmin": 83, "ymin": 140, "ymax": 533, "xmax": 698}}, {"tid": 1, "generated": 0, "bbox": {"xmin": 216, "ymin": 21, "ymax": 588, "xmax": 574}}], [], [], [], [], [], [], [], [], [], [], [], [], [], [], [], [], [], [], [], [], [], [], [], [], [], [], [], [], [], [], [], [], [], [], [], [], [], [], [], [], [], [], [], [], [], [], [], [], [], [], [], [], [], [], [], [], [], [], [], [], [{"tid": 0, "generated": 0, "bbox": {"xmin": 115, "ymin": 154, "ymax": 551, "xmax": 728}}, {"tid": 1, "generated": 0, "bbox": {"xmin": 152, "ymin": 200, "ymax": 615, "xmax": 616}}], [{"tid": 0, "generated": 0, "bbox": {"xmin": 117, "ymin": 154, "ymax": 551, "xmax": 728}}, {"tid": 1, "generated": 0, "bbox": {"xmin": 152, "ymin": 209, "ymax": 609, "xmax": 620}}], [{"tid": 0, "generated": 0, "bbox": {"xmin": 120, "ymin": 156, "ymax": 551, "xmax": 728}}, {"tid": 1, "generated": 0, "bbox": {"xmin": 152, "ymin": 208, "ymax": 608, "xmax": 618}}], [{"tid": 0, "generated": 0, "bbox": {"xmin": 119, "ymin": 156, "ymax": 551, "xmax": 728}}, {"tid": 1, "generated": 0, "bbox": {"xmin": 152, "ymin": 216, "ymax": 606, "xmax": 616}}], [{"tid": 0, "generated": 0, "bbox": {"xmin": 117, "ymin": 158, "ymax": 551, "xmax": 728}}, {"tid": 1, "generated": 0, "bbox": {"xmin": 152, "ymin": 215, "ymax": 606, "xmax": 615}}], [{"tid": 0, "generated": 0, "bbox": {"xmin": 115, "ymin": 158, "ymax": 551, "xmax": 728}}, {"tid": 1, "generated": 0, "bbox": {"xmin": 152, "ymin": 218, "ymax": 604, "xmax": 613}}], [{"tid": 0, "generated": 0, "bbox": {"xmin": 115, "ymin": 160, "ymax": 551, "xmax": 728}}, {"tid": 1, "generated": 0, "bbox": {"xmin": 152, "ymin": 220, "ymax": 604, "xmax": 611}}], [{"tid": 0, "generated": 0, "bbox": {"xmin": 113, "ymin": 160, "ymax": 551, "xmax": 728}}, {"tid": 1, "generated": 0, "bbox": {"xmin": 152, "ymin": 225, "ymax": 602, "xmax": 609}}], [{"tid": 0, "generated": 0, "bbox": {"xmin": 112, "ymin": 161, "ymax": 551, "xmax": 728}}, {"tid": 1, "generated": 0, "bbox": {"xmin": 152, "ymin": 225, "ymax": 602, "xmax": 608}}], [{"tid": 0, "generated": 0, "bbox": {"xmin": 110, "ymin": 161, "ymax": 551, "xmax": 728}}, {"tid": 1, "generated": 0, "bbox": {"xmin": 152, "ymin": 225, "ymax": 600, "xmax": 615}}], [{"tid": 0, "generated": 0, "bbox": {"xmin": 110, "ymin": 163, "ymax": 551, "xmax": 728}}, {"tid": 1, "generated": 0, "bbox": {"xmin": 152, "ymin": 229, "ymax": 600, "xmax": 616}}], [{"tid": 0, "generated": 0, "bbox": {"xmin": 112, "ymin": 161, "ymax": 549, "xmax": 730}}, {"tid": 1, "generated": 0, "bbox": {"xmin": 152, "ymin": 229, "ymax": 599, "xmax": 624}}], [{"tid": 0, "generated": 0, "bbox": {"xmin": 113, "ymin": 161, "ymax": 549, "xmax": 732}}, {"tid": 1, "generated": 0, "bbox": {"xmin": 152, "ymin": 229, "ymax": 599, "xmax": 624}}], [{"tid": 0, "generated": 0, "bbox": {"xmin": 115, "ymin": 160, "ymax": 549, "xmax": 734}}, {"tid": 1, "generated": 0, "bbox": {"xmin": 152, "ymin": 229, "ymax": 599, "xmax": 622}}], [{"tid": 0, "generated": 0, "bbox": {"xmin": 117, "ymin": 160, "ymax": 549, "xmax": 736}}, {"tid": 1, "generated": 0, "bbox": {"xmin": 152, "ymin": 229, "ymax": 599, "xmax": 618}}], [{"tid": 0, "generated": 0, "bbox": {"xmin": 119, "ymin": 158, "ymax": 549, "xmax": 737}}, {"tid": 1, "generated": 0, "bbox": {"xmin": 152, "ymin": 229, "ymax": 599, "xmax": 616}}], [{"tid": 0, "generated": 0, "bbox": {"xmin": 120, "ymin": 158, "ymax": 545, "xmax": 730}}, {"tid": 1, "generated": 0, "bbox": {"xmin": 152, "ymin": 229, "ymax": 599, "xmax": 622}}], [{"tid": 0, "generated": 0, "bbox": {"xmin": 122, "ymin": 158, "ymax": 545, "xmax": 730}}, {"tid": 1, "generated": 0, "bbox": {"xmin": 152, "ymin": 229, "ymax": 599, "xmax": 611}}], [{"tid": 0, "generated": 0, "bbox": {"xmin": 124, "ymin": 156, "ymax": 544, "xmax": 736}}, {"tid": 1, "generated": 0, "bbox": {"xmin": 152, "ymin": 229, "ymax": 600, "xmax": 616}}], [{"tid": 0, "generated": 0, "bbox": {"xmin": 126, "ymin": 156, "ymax": 547, "xmax": 746}}, {"tid": 1, "generated": 0, "bbox": {"xmin": 152, "ymin": 229, "ymax": 602, "xmax": 629}}], [{"tid": 0, "generated": 0, "bbox": {"xmin": 129, "ymin": 156, "ymax": 545, "xmax": 741}}, {"tid": 1, "generated": 0, "bbox": {"xmin": 152, "ymin": 229, "ymax": 606, "xmax": 627}}], [{"tid": 0, "generated": 0, "bbox": {"xmin": 131, "ymin": 154, "ymax": 544, "xmax": 743}}, {"tid": 1, "generated": 0, "bbox": {"xmin": 154, "ymin": 229, "ymax": 604, "xmax": 627}}], [{"tid": 0, "generated": 0, "bbox": {"xmin": 133, "ymin": 154, "ymax": 544, "xmax": 746}}, {"tid": 1, "generated": 0, "bbox": {"xmin": 158, "ymin": 229, "ymax": 602, "xmax": 629}}], [{"tid": 0, "generated": 0, "bbox": {"xmin": 135, "ymin": 152, "ymax": 544, "xmax": 750}}, {"tid": 1, "generated": 0, "bbox": {"xmin": 160, "ymin": 229, "ymax": 602, "xmax": 631}}], [{"tid": 0, "generated": 0, "bbox": {"xmin": 136, "ymin": 152, "ymax": 544, "xmax": 752}}, {"tid": 1, "generated": 0, "bbox": {"xmin": 163, "ymin": 229, "ymax": 600, "xmax": 631}}], [{"tid": 0, "generated": 0, "bbox": {"xmin": 138, "ymin": 152, "ymax": 544, "xmax": 755}}, {"tid": 1, "generated": 0, "bbox": {"xmin": 167, "ymin": 229, "ymax": 600, "xmax": 632}}], [{"tid": 0, "generated": 0, "bbox": {"xmin": 140, "ymin": 151, "ymax": 544, "xmax": 759}}, {"tid": 1, "generated": 0, "bbox": {"xmin": 168, "ymin": 229, "ymax": 599, "xmax": 634}}], [{"tid": 0, "generated": 0, "bbox": {"xmin": 142, "ymin": 151, "ymax": 544, "xmax": 760}}, {"tid": 1, "generated": 0, "bbox": {"xmin": 172, "ymin": 229, "ymax": 597, "xmax": 634}}], [{"tid": 0, "generated": 0, "bbox": {"xmin": 144, "ymin": 149, "ymax": 544, "xmax": 764}}, {"tid": 1, "generated": 0, "bbox": {"xmin": 174, "ymin": 229, "ymax": 597, "xmax": 636}}], [{"tid": 0, "generated": 0, "bbox": {"xmin": 145, "ymin": 149, "ymax": 544, "xmax": 768}}, {"tid": 1, "generated": 0, "bbox": {"xmin": 177, "ymin": 229, "ymax": 595, "xmax": 638}}], [], [], [], [], [], [], [], [], [], [], [], [], [], [], [], [], [], [], [], [], [], [], [], [], [], [], [], [], [], [], [], [], [], [], [], [], [], [], [], [], [], [], [], [], [], [], [], [], [], [], [], [], [], [], [], [], [], [], [], [], [], [], [], [], [], [], [], [], [], [], [], [], [], [], [], [], [], [], [], [], [], [], [], [], [], [], [], [], [], [], [{"tid": 0, "generated": 0, "bbox": {"xmin": 190, "ymin": 44, "ymax": 384, "xmax": 839}}, {"tid": 1, "generated": 0, "bbox": {"xmin": 0, "ymin": 200, "ymax": 519, "xmax": 211}}], [{"tid": 0, "generated": 0, "bbox": {"xmin": 177, "ymin": 23, "ymax": 373, "xmax": 849}}, {"tid": 1, "generated": 0, "bbox": {"xmin": 0, "ymin": 195, "ymax": 519, "xmax": 218}}], [{"tid": 0, "generated": 0, "bbox": {"xmin": 183, "ymin": 19, "ymax": 364, "xmax": 865}}, {"tid": 1, "generated": 0, "bbox": {"xmin": 0, "ymin": 192, "ymax": 501, "xmax": 208}}], [{"tid": 0, "generated": 0, "bbox": {"xmin": 181, "ymin": 16, "ymax": 357, "xmax": 880}}, {"tid": 1, "generated": 0, "bbox": {"xmin": 0, "ymin": 186, "ymax": 506, "xmax": 220}}], [{"tid": 0, "generated": 0, "bbox": {"xmin": 186, "ymin": 12, "ymax": 350, "xmax": 887}}, {"tid": 1, "generated": 0, "bbox": {"xmin": 0, "ymin": 183, "ymax": 494, "xmax": 227}}], [{"tid": 0, "generated": 0, "bbox": {"xmin": 193, "ymin": 8, "ymax": 359, "xmax": 883}}, {"tid": 1, "generated": 0, "bbox": {"xmin": 0, "ymin": 188, "ymax": 508, "xmax": 241}}], [{"tid": 0, "generated": 0, "bbox": {"xmin": 200, "ymin": 7, "ymax": 352, "xmax": 883}}, {"tid": 1, "generated": 0, "bbox": {"xmin": 0, "ymin": 192, "ymax": 488, "xmax": 254}}], [{"tid": 0, "generated": 0, "bbox": {"xmin": 213, "ymin": 5, "ymax": 346, "xmax": 896}}, {"tid": 1, "generated": 0, "bbox": {"xmin": 0, "ymin": 195, "ymax": 499, "xmax": 261}}], [{"tid": 0, "generated": 0, "bbox": {"xmin": 216, "ymin": 3, "ymax": 339, "xmax": 908}}, {"tid": 1, "generated": 0, "bbox": {"xmin": 0, "ymin": 192, "ymax": 512, "xmax": 279}}], [{"tid": 0, "generated": 0, "bbox": {"xmin": 236, "ymin": 1, "ymax": 336, "xmax": 919}}, {"tid": 1, "generated": 0, "bbox": {"xmin": 0, "ymin": 193, "ymax": 522, "xmax": 298}}], [{"tid": 0, "generated": 0, "bbox": {"xmin": 241, "ymin": 0, "ymax": 328, "xmax": 931}}, {"tid": 1, "generated": 0, "bbox": {"xmin": 0, "ymin": 204, "ymax": 536, "xmax": 318}}], [{"tid": 0, "generated": 0, "bbox": {"xmin": 250, "ymin": 0, "ymax": 309, "xmax": 944}}, {"tid": 1, "generated": 0, "bbox": {"xmin": 0, "ymin": 200, "ymax": 492, "xmax": 328}}], [{"tid": 0, "generated": 0, "bbox": {"xmin": 261, "ymin": 0, "ymax": 309, "xmax": 960}}, {"tid": 1, "generated": 0, "bbox": {"xmin": 0, "ymin": 197, "ymax": 488, "xmax": 353}}], [{"tid": 0, "generated": 0, "bbox": {"xmin": 272, "ymin": 0, "ymax": 316, "xmax": 977}}, {"tid": 1, "generated": 0, "bbox": {"xmin": 0, "ymin": 192, "ymax": 487, "xmax": 384}}], [{"tid": 0, "generated": 0, "bbox": {"xmin": 280, "ymin": 0, "ymax": 302, "xmax": 976}}, {"tid": 1, "generated": 0, "bbox": {"xmin": 0, "ymin": 190, "ymax": 517, "xmax": 385}}], [{"tid": 0, "generated": 0, "bbox": {"xmin": 291, "ymin": 0, "ymax": 296, "xmax": 977}}, {"tid": 1, "generated": 0, "bbox": {"xmin": 0, "ymin": 188, "ymax": 476, "xmax": 396}}], [{"tid": 0, "generated": 0, "bbox": {"xmin": 302, "ymin": 0, "ymax": 293, "xmax": 979}}, {"tid": 1, "generated": 0, "bbox": {"xmin": 0, "ymin": 186, "ymax": 485, "xmax": 407}}], [{"tid": 0, "generated": 0, "bbox": {"xmin": 314, "ymin": 0, "ymax": 284, "xmax": 981}}, {"tid": 1, "generated": 0, "bbox": {"xmin": 0, "ymin": 184, "ymax": 481, "xmax": 419}}], [{"tid": 0, "generated": 0, "bbox": {"xmin": 324, "ymin": 0, "ymax": 284, "xmax": 984}}, {"tid": 1, "generated": 0, "bbox": {"xmin": 0, "ymin": 183, "ymax": 481, "xmax": 432}}], [{"tid": 0, "generated": 0, "bbox": {"xmin": 334, "ymin": 0, "ymax": 284, "xmax": 988}}, {"tid": 1, "generated": 0, "bbox": {"xmin": 0, "ymin": 181, "ymax": 472, "xmax": 442}}], [{"tid": 0, "generated": 0, "bbox": {"xmin": 344, "ymin": 0, "ymax": 272, "xmax": 990}}, {"tid": 1, "generated": 0, "bbox": {"xmin": 0, "ymin": 179, "ymax": 474, "xmax": 460}}], [{"tid": 0, "generated": 0, "bbox": {"xmin": 357, "ymin": 0, "ymax": 268, "xmax": 992}}, {"tid": 1, "generated": 0, "bbox": {"xmin": 0, "ymin": 181, "ymax": 472, "xmax": 472}}], [{"tid": 0, "generated": 0, "bbox": {"xmin": 371, "ymin": 0, "ymax": 263, "xmax": 1009}}, {"tid": 1, "generated": 0, "bbox": {"xmin": 0, "ymin": 183, "ymax": 465, "xmax": 494}}], [{"tid": 0, "generated": 0, "bbox": {"xmin": 376, "ymin": 0, "ymax": 261, "xmax": 1018}}, {"tid": 1, "generated": 0, "bbox": {"xmin": 0, "ymin": 184, "ymax": 467, "xmax": 501}}], [{"tid": 0, "generated": 0, "bbox": {"xmin": 378, "ymin": 0, "ymax": 257, "xmax": 1031}}, {"tid": 1, "generated": 0, "bbox": {"xmin": 0, "ymin": 186, "ymax": 465, "xmax": 503}}], [{"tid": 0, "generated": 0, "bbox": {"xmin": 398, "ymin": 0, "ymax": 240, "xmax": 1040}}, {"tid": 1, "generated": 0, "bbox": {"xmin": 0, "ymin": 188, "ymax": 476, "xmax": 524}}], [{"tid": 0, "generated": 0, "bbox": {"xmin": 400, "ymin": 0, "ymax": 238, "xmax": 1048}}, {"tid": 1, "generated": 0, "bbox": {"xmin": 48, "ymin": 200, "ymax": 481, "xmax": 536}}], [{"tid": 0, "generated": 0, "bbox": {"xmin": 396, "ymin": 0, "ymax": 227, "xmax": 1050}}, {"tid": 1, "generated": 0, "bbox": {"xmin": 35, "ymin": 199, "ymax": 478, "xmax": 536}}], [{"tid": 0, "generated": 0, "bbox": {"xmin": 396, "ymin": 0, "ymax": 224, "xmax": 1041}}, {"tid": 1, "generated": 0, "bbox": {"xmin": 23, "ymin": 197, "ymax": 478, "xmax": 519}}], [{"tid": 0, "generated": 0, "bbox": {"xmin": 385, "ymin": 0, "ymax": 222, "xmax": 1036}}, {"tid": 1, "generated": 0, "bbox": {"xmin": 10, "ymin": 197, "ymax": 476, "xmax": 501}}]], "subject/objects": [{"category": "giant_panda", "tid": 0}, {"category": "giant_panda", "tid": 1}], "relation_instances": [{"end_fid": 30, "subject_tid": 0, "predicate": "sit_right", "begin_fid": 0, "object_tid": 1}, {"end_fid": 30, "subject_tid": 0, "predicate": "sit_behind", "begin_fid": 0, "object_tid": 1}, {"end_fid": 30, "subject_tid": 0, "predicate": "play", "begin_fid": 0, "object_tid": 1}, {"end_fid": 30, "subject_tid": 1, "predicate": "sit_front", "begin_fid": 0, "object_tid": 0}, {"end_fid": 30, "subject_tid": 1, "predicate": "sit_left", "begin_fid": 0, "object_tid": 0}, {"end_fid": 30, "subject_tid": 1, "predicate": "play", "begin_fid": 0, "object_tid": 0}, {"end_fid": 210, "subject_tid": 0, "predicate": "lie_behind", "begin_fid": 180, "object_tid": 1}, {"end_fid": 210, "subject_tid": 0, "predicate": "play", "begin_fid": 180, "object_tid": 1}, {"end_fid": 210, "subject_tid": 1, "predicate": "sit_front", "begin_fid": 180, "object_tid": 0}, {"end_fid": 210, "subject_tid": 1, "predicate": "play", "begin_fid": 180, "object_tid": 0}, {"end_fid": 300, "subject_tid": 0, "predicate": "lie_behind", "begin_fid": 270, "object_tid": 1}, {"end_fid": 300, "subject_tid": 0, "predicate": "play", "begin_fid": 270, "object_tid": 1}, {"end_fid": 300, "subject_tid": 1, "predicate": "sit_front", "begin_fid": 270, "object_tid": 0}, {"end_fid": 300, "subject_tid": 1, "predicate": "play", "begin_fid": 270, "object_tid": 0}, {"end_fid": 300, "subject_tid": 1, "predicate": "touch", "begin_fid": 270, "object_tid": 0}, {"end_fid": 420, "subject_tid": 0, "predicate": "lie_right", "begin_fid": 390, "object_tid": 1}, {"end_fid": 420, "subject_tid": 0, "predicate": "lie_behind", "begin_fid": 390, "object_tid": 1}, {"end_fid": 420, "subject_tid": 0, "predicate": "play", "begin_fid": 390, "object_tid": 1}, {"end_fid": 420, "subject_tid": 1, "predicate": "lie_front", "begin_fid": 390, "object_tid": 0}, {"end_fid": 420, "subject_tid": 1, "predicate": "lie_left", "begin_fid": 390, "object_tid": 0}, {"end_fid": 420, "subject_tid": 1, "predicate": "play", "begin_fid": 390, "object_tid": 0}], "height": 720}