{"width": 1280, "frame_count": 124, "video_id": "ILSVRC2015_train_00290019", "fps": 30, "trajectories": [[{"tid": 0, "generated": 0, "bbox": {"xmin": 590, "ymin": 176, "ymax": 421, "xmax": 711}}, {"tid": 1, "generated": 0, "bbox": {"xmin": 584, "ymin": 305, "ymax": 638, "xmax": 860}}, {"tid": 2, "generated": 0, "bbox": {"xmin": 319, "ymin": 31, "ymax": 670, "xmax": 902}}], [{"tid": 0, "generated": 0, "bbox": {"xmin": 591, "ymin": 174, "ymax": 418, "xmax": 711}}, {"tid": 1, "generated": 0, "bbox": {"xmin": 586, "ymin": 304, "ymax": 637, "xmax": 861}}, {"tid": 2, "generated": 0, "bbox": {"xmin": 319, "ymin": 31, "ymax": 670, "xmax": 902}}], [{"tid": 0, "generated": 0, "bbox": {"xmin": 593, "ymin": 173, "ymax": 416, "xmax": 712}}, {"tid": 1, "generated": 0, "bbox": {"xmin": 589, "ymin": 303, "ymax": 636, "xmax": 862}}, {"tid": 2, "generated": 0, "bbox": {"xmin": 319, "ymin": 31, "ymax": 670, "xmax": 902}}], [{"tid": 0, "generated": 0, "bbox": {"xmin": 594, "ymin": 172, "ymax": 414, "xmax": 713}}, {"tid": 1, "generated": 0, "bbox": {"xmin": 592, "ymin": 302, "ymax": 635, "xmax": 863}}, {"tid": 2, "generated": 0, "bbox": {"xmin": 319, "ymin": 31, "ymax": 670, "xmax": 902}}], [{"tid": 0, "generated": 0, "bbox": {"xmin": 596, "ymin": 171, "ymax": 412, "xmax": 714}}, {"tid": 1, "generated": 0, "bbox": {"xmin": 595, "ymin": 301, "ymax": 634, "xmax": 864}}, {"tid": 2, "generated": 0, "bbox": {"xmin": 319, "ymin": 31, "ymax": 670, "xmax": 902}}], [{"tid": 0, "generated": 0, "bbox": {"xmin": 597, "ymin": 169, "ymax": 409, "xmax": 715}}, {"tid": 1, "generated": 0, "bbox": {"xmin": 597, "ymin": 301, "ymax": 634, "xmax": 866}}, {"tid": 2, "generated": 0, "bbox": {"xmin": 319, "ymin": 31, "ymax": 670, "xmax": 902}}], [{"tid": 0, "generated": 0, "bbox": {"xmin": 599, "ymin": 168, "ymax": 407, "xmax": 716}}, {"tid": 1, "generated": 0, "bbox": {"xmin": 600, "ymin": 300, "ymax": 633, "xmax": 867}}, {"tid": 2, "generated": 0, "bbox": {"xmin": 319, "ymin": 31, "ymax": 670, "xmax": 902}}], [{"tid": 0, "generated": 0, "bbox": {"xmin": 600, "ymin": 167, "ymax": 405, "xmax": 716}}, {"tid": 1, "generated": 0, "bbox": {"xmin": 603, "ymin": 299, "ymax": 632, "xmax": 868}}, {"tid": 2, "generated": 0, "bbox": {"xmin": 319, "ymin": 31, "ymax": 670, "xmax": 902}}], [{"tid": 0, "generated": 0, "bbox": {"xmin": 602, "ymin": 166, "ymax": 403, "xmax": 717}}, {"tid": 1, "generated": 0, "bbox": {"xmin": 606, "ymin": 298, "ymax": 631, "xmax": 869}}, {"tid": 2, "generated": 0, "bbox": {"xmin": 319, "ymin": 31, "ymax": 670, "xmax": 902}}], [{"tid": 0, "generated": 0, "bbox": {"xmin": 603, "ymin": 164, "ymax": 400, "xmax": 718}}, {"tid": 1, "generated": 0, "bbox": {"xmin": 609, "ymin": 298, "ymax": 631, "xmax": 871}}, {"tid": 2, "generated": 0, "bbox": {"xmin": 319, "ymin": 31, "ymax": 670, "xmax": 902}}], [{"tid": 0, "generated": 0, "bbox": {"xmin": 605, "ymin": 163, "ymax": 398, "xmax": 719}}, {"tid": 1, "generated": 0, "bbox": {"xmin": 606, "ymin": 299, "ymax": 634, "xmax": 871}}, {"tid": 2, "generated": 0, "bbox": {"xmin": 319, "ymin": 31, "ymax": 670, "xmax": 902}}], [{"tid": 0, "generated": 0, "bbox": {"xmin": 606, "ymin": 162, "ymax": 396, "xmax": 720}}, {"tid": 1, "generated": 0, "bbox": {"xmin": 604, "ymin": 300, "ymax": 637, "xmax": 871}}, {"tid": 2, "generated": 0, "bbox": {"xmin": 319, "ymin": 31, "ymax": 670, "xmax": 902}}], [{"tid": 0, "generated": 0, "bbox": {"xmin": 608, "ymin": 161, "ymax": 394, "xmax": 721}}, {"tid": 1, "generated": 0, "bbox": {"xmin": 602, "ymin": 301, "ymax": 641, "xmax": 871}}, {"tid": 2, "generated": 0, "bbox": {"xmin": 319, "ymin": 31, "ymax": 670, "xmax": 902}}], [{"tid": 0, "generated": 0, "bbox": {"xmin": 608, "ymin": 166, "ymax": 398, "xmax": 722}}, {"tid": 1, "generated": 0, "bbox": {"xmin": 600, "ymin": 302, "ymax": 644, "xmax": 871}}, {"tid": 2, "generated": 0, "bbox": {"xmin": 319, "ymin": 31, "ymax": 670, "xmax": 902}}], [{"tid": 0, "generated": 0, "bbox": {"xmin": 609, "ymin": 171, "ymax": 403, "xmax": 723}}, {"tid": 1, "generated": 0, "bbox": {"xmin": 598, "ymin": 303, "ymax": 647, "xmax": 871}}, {"tid": 2, "generated": 0, "bbox": {"xmin": 319, "ymin": 31, "ymax": 670, "xmax": 902}}], [{"tid": 0, "generated": 0, "bbox": {"xmin": 609, "ymin": 176, "ymax": 407, "xmax": 724}}, {"tid": 1, "generated": 0, "bbox": {"xmin": 596, "ymin": 304, "ymax": 651, "xmax": 871}}, {"tid": 2, "generated": 0, "bbox": {"xmin": 319, "ymin": 31, "ymax": 670, "xmax": 902}}], [{"tid": 0, "generated": 0, "bbox": {"xmin": 610, "ymin": 181, "ymax": 412, "xmax": 725}}, {"tid": 1, "generated": 0, "bbox": {"xmin": 594, "ymin": 305, "ymax": 654, "xmax": 871}}, {"tid": 2, "generated": 0, "bbox": {"xmin": 321, "ymin": 34, "ymax": 673, "xmax": 904}}], [{"tid": 0, "generated": 0, "bbox": {"xmin": 610, "ymin": 186, "ymax": 416, "xmax": 726}}, {"tid": 1, "generated": 0, "bbox": {"xmin": 592, "ymin": 306, "ymax": 657, "xmax": 871}}, {"tid": 2, "generated": 0, "bbox": {"xmin": 324, "ymin": 37, "ymax": 676, "xmax": 907}}], [{"tid": 0, "generated": 0, "bbox": {"xmin": 611, "ymin": 192, "ymax": 421, "xmax": 728}}, {"tid": 1, "generated": 0, "bbox": {"xmin": 590, "ymin": 307, "ymax": 661, "xmax": 871}}, {"tid": 2, "generated": 0, "bbox": {"xmin": 326, "ymin": 40, "ymax": 679, "xmax": 909}}], [{"tid": 0, "generated": 0, "bbox": {"xmin": 612, "ymin": 192, "ymax": 421, "xmax": 732}}, {"tid": 1, "generated": 0, "bbox": {"xmin": 591, "ymin": 307, "ymax": 661, "xmax": 872}}, {"tid": 2, "generated": 0, "bbox": {"xmin": 329, "ymin": 43, "ymax": 682, "xmax": 912}}], [{"tid": 0, "generated": 0, "bbox": {"xmin": 614, "ymin": 192, "ymax": 422, "xmax": 736}}, {"tid": 1, "generated": 0, "bbox": {"xmin": 593, "ymin": 307, "ymax": 661, "xmax": 874}}, {"tid": 2, "generated": 0, "bbox": {"xmin": 331, "ymin": 46, "ymax": 685, "xmax": 914}}], [{"tid": 0, "generated": 0, "bbox": {"xmin": 616, "ymin": 193, "ymax": 423, "xmax": 741}}, {"tid": 1, "generated": 0, "bbox": {"xmin": 595, "ymin": 307, "ymax": 661, "xmax": 876}}, {"tid": 2, "generated": 0, "bbox": {"xmin": 333, "ymin": 49, "ymax": 688, "xmax": 916}}], [{"tid": 0, "generated": 0, "bbox": {"xmin": 616, "ymin": 194, "ymax": 423, "xmax": 741}}, {"tid": 1, "generated": 0, "bbox": {"xmin": 596, "ymin": 308, "ymax": 662, "xmax": 877}}, {"tid": 2, "generated": 0, "bbox": {"xmin": 335, "ymin": 52, "ymax": 691, "xmax": 918}}], [{"tid": 0, "generated": 0, "bbox": {"xmin": 616, "ymin": 195, "ymax": 424, "xmax": 741}}, {"tid": 1, "generated": 0, "bbox": {"xmin": 597, "ymin": 310, "ymax": 663, "xmax": 878}}, {"tid": 2, "generated": 0, "bbox": {"xmin": 336, "ymin": 55, "ymax": 694, "xmax": 919}}], [{"tid": 0, "generated": 0, "bbox": {"xmin": 616, "ymin": 196, "ymax": 425, "xmax": 741}}, {"tid": 1, "generated": 0, "bbox": {"xmin": 598, "ymin": 311, "ymax": 664, "xmax": 879}}, {"tid": 2, "generated": 0, "bbox": {"xmin": 338, "ymin": 58, "ymax": 697, "xmax": 921}}], [{"tid": 0, "generated": 0, "bbox": {"xmin": 616, "ymin": 197, "ymax": 426, "xmax": 741}}, {"tid": 1, "generated": 0, "bbox": {"xmin": 599, "ymin": 313, "ymax": 665, "xmax": 880}}, {"tid": 2, "generated": 0, "bbox": {"xmin": 340, "ymin": 61, "ymax": 700, "xmax": 923}}], [{"tid": 0, "generated": 0, "bbox": {"xmin": 616, "ymin": 198, "ymax": 426, "xmax": 741}}, {"tid": 1, "generated": 0, "bbox": {"xmin": 600, "ymin": 314, "ymax": 666, "xmax": 881}}, {"tid": 2, "generated": 0, "bbox": {"xmin": 342, "ymin": 63, "ymax": 698, "xmax": 923}}], [{"tid": 0, "generated": 0, "bbox": {"xmin": 616, "ymin": 199, "ymax": 427, "xmax": 741}}, {"tid": 1, "generated": 0, "bbox": {"xmin": 602, "ymin": 316, "ymax": 668, "xmax": 883}}, {"tid": 2, "generated": 0, "bbox": {"xmin": 344, "ymin": 65, "ymax": 697, "xmax": 924}}], [{"tid": 0, "generated": 0, "bbox": {"xmin": 616, "ymin": 200, "ymax": 428, "xmax": 741}}, {"tid": 1, "generated": 0, "bbox": {"xmin": 608, "ymin": 317, "ymax": 667, "xmax": 884}}, {"tid": 2, "generated": 0, "bbox": {"xmin": 347, "ymin": 67, "ymax": 695, "xmax": 924}}], [{"tid": 0, "generated": 0, "bbox": {"xmin": 616, "ymin": 201, "ymax": 429, "xmax": 741}}, {"tid": 1, "generated": 0, "bbox": {"xmin": 614, "ymin": 319, "ymax": 666, "xmax": 886}}, {"tid": 2, "generated": 0, "bbox": {"xmin": 349, "ymin": 69, "ymax": 694, "xmax": 925}}], [], [], [], [], [], [], [], [], [], [], [], [], [], [], [], [], [], [], [], [], [], [], [], [], [], [], [], [], [], [], [{"tid": 0, "generated": 0, "bbox": {"xmin": 613, "ymin": 160, "ymax": 350, "xmax": 739}}, {"tid": 1, "generated": 0, "bbox": {"xmin": 597, "ymin": 304, "ymax": 629, "xmax": 881}}, {"tid": 2, "generated": 0, "bbox": {"xmin": 341, "ymin": 34, "ymax": 655, "xmax": 915}}], [{"tid": 0, "generated": 0, "bbox": {"xmin": 613, "ymin": 160, "ymax": 345, "xmax": 739}}, {"tid": 1, "generated": 0, "bbox": {"xmin": 597, "ymin": 305, "ymax": 629, "xmax": 881}}, {"tid": 2, "generated": 0, "bbox": {"xmin": 341, "ymin": 34, "ymax": 655, "xmax": 915}}], [{"tid": 0, "generated": 0, "bbox": {"xmin": 613, "ymin": 160, "ymax": 341, "xmax": 739}}, {"tid": 1, "generated": 0, "bbox": {"xmin": 597, "ymin": 306, "ymax": 629, "xmax": 881}}, {"tid": 2, "generated": 0, "bbox": {"xmin": 341, "ymin": 34, "ymax": 655, "xmax": 915}}], [{"tid": 0, "generated": 0, "bbox": {"xmin": 613, "ymin": 160, "ymax": 337, "xmax": 739}}, {"tid": 1, "generated": 0, "bbox": {"xmin": 597, "ymin": 308, "ymax": 629, "xmax": 881}}, {"tid": 2, "generated": 0, "bbox": {"xmin": 341, "ymin": 34, "ymax": 655, "xmax": 915}}], [{"tid": 0, "generated": 0, "bbox": {"xmin": 613, "ymin": 160, "ymax": 337, "xmax": 739}}, {"tid": 1, "generated": 0, "bbox": {"xmin": 597, "ymin": 309, "ymax": 629, "xmax": 881}}, {"tid": 2, "generated": 0, "bbox": {"xmin": 341, "ymin": 34, "ymax": 655, "xmax": 915}}], [{"tid": 0, "generated": 0, "bbox": {"xmin": 614, "ymin": 160, "ymax": 337, "xmax": 740}}, {"tid": 1, "generated": 0, "bbox": {"xmin": 597, "ymin": 310, "ymax": 629, "xmax": 881}}, {"tid": 2, "generated": 0, "bbox": {"xmin": 341, "ymin": 34, "ymax": 655, "xmax": 915}}], [{"tid": 0, "generated": 0, "bbox": {"xmin": 615, "ymin": 160, "ymax": 337, "xmax": 740}}, {"tid": 1, "generated": 0, "bbox": {"xmin": 597, "ymin": 312, "ymax": 629, "xmax": 881}}, {"tid": 2, "generated": 0, "bbox": {"xmin": 341, "ymin": 35, "ymax": 656, "xmax": 915}}], [{"tid": 0, "generated": 0, "bbox": {"xmin": 615, "ymin": 160, "ymax": 337, "xmax": 741}}, {"tid": 1, "generated": 0, "bbox": {"xmin": 597, "ymin": 313, "ymax": 629, "xmax": 881}}, {"tid": 2, "generated": 0, "bbox": {"xmin": 341, "ymin": 36, "ymax": 657, "xmax": 915}}], [{"tid": 0, "generated": 0, "bbox": {"xmin": 616, "ymin": 160, "ymax": 337, "xmax": 742}}, {"tid": 1, "generated": 0, "bbox": {"xmin": 597, "ymin": 314, "ymax": 629, "xmax": 881}}, {"tid": 2, "generated": 0, "bbox": {"xmin": 341, "ymin": 37, "ymax": 658, "xmax": 915}}], [{"tid": 0, "generated": 0, "bbox": {"xmin": 617, "ymin": 160, "ymax": 337, "xmax": 742}}, {"tid": 1, "generated": 0, "bbox": {"xmin": 597, "ymin": 316, "ymax": 629, "xmax": 881}}, {"tid": 2, "generated": 0, "bbox": {"xmin": 341, "ymin": 38, "ymax": 659, "xmax": 915}}], [{"tid": 0, "generated": 0, "bbox": {"xmin": 618, "ymin": 160, "ymax": 337, "xmax": 743}}, {"tid": 1, "generated": 0, "bbox": {"xmin": 597, "ymin": 315, "ymax": 629, "xmax": 881}}, {"tid": 2, "generated": 0, "bbox": {"xmin": 341, "ymin": 39, "ymax": 660, "xmax": 915}}], [{"tid": 0, "generated": 0, "bbox": {"xmin": 618, "ymin": 160, "ymax": 337, "xmax": 743}}, {"tid": 1, "generated": 0, "bbox": {"xmin": 597, "ymin": 315, "ymax": 629, "xmax": 881}}, {"tid": 2, "generated": 0, "bbox": {"xmin": 341, "ymin": 39, "ymax": 660, "xmax": 915}}], [{"tid": 0, "generated": 0, "bbox": {"xmin": 619, "ymin": 160, "ymax": 337, "xmax": 744}}, {"tid": 1, "generated": 0, "bbox": {"xmin": 597, "ymin": 315, "ymax": 629, "xmax": 882}}, {"tid": 2, "generated": 0, "bbox": {"xmin": 341, "ymin": 39, "ymax": 660, "xmax": 915}}], [{"tid": 0, "generated": 0, "bbox": {"xmin": 620, "ymin": 160, "ymax": 337, "xmax": 745}}, {"tid": 1, "generated": 0, "bbox": {"xmin": 597, "ymin": 315, "ymax": 629, "xmax": 882}}, {"tid": 2, "generated": 0, "bbox": {"xmin": 341, "ymin": 39, "ymax": 660, "xmax": 915}}], [{"tid": 0, "generated": 0, "bbox": {"xmin": 621, "ymin": 160, "ymax": 337, "xmax": 745}}, {"tid": 1, "generated": 0, "bbox": {"xmin": 597, "ymin": 315, "ymax": 629, "xmax": 883}}, {"tid": 2, "generated": 0, "bbox": {"xmin": 341, "ymin": 39, "ymax": 660, "xmax": 915}}], [{"tid": 0, "generated": 0, "bbox": {"xmin": 621, "ymin": 160, "ymax": 337, "xmax": 746}}, {"tid": 1, "generated": 0, "bbox": {"xmin": 597, "ymin": 315, "ymax": 629, "xmax": 883}}, {"tid": 2, "generated": 0, "bbox": {"xmin": 341, "ymin": 39, "ymax": 660, "xmax": 915}}], [{"tid": 0, "generated": 0, "bbox": {"xmin": 622, "ymin": 160, "ymax": 337, "xmax": 746}}, {"tid": 1, "generated": 0, "bbox": {"xmin": 597, "ymin": 315, "ymax": 629, "xmax": 883}}, {"tid": 2, "generated": 0, "bbox": {"xmin": 346, "ymin": 39, "ymax": 660, "xmax": 915}}], [{"tid": 0, "generated": 0, "bbox": {"xmin": 623, "ymin": 160, "ymax": 337, "xmax": 747}}, {"tid": 1, "generated": 0, "bbox": {"xmin": 597, "ymin": 315, "ymax": 629, "xmax": 884}}, {"tid": 2, "generated": 0, "bbox": {"xmin": 350, "ymin": 39, "ymax": 660, "xmax": 915}}], [{"tid": 0, "generated": 0, "bbox": {"xmin": 624, "ymin": 160, "ymax": 337, "xmax": 748}}, {"tid": 1, "generated": 0, "bbox": {"xmin": 597, "ymin": 315, "ymax": 629, "xmax": 884}}, {"tid": 2, "generated": 0, "bbox": {"xmin": 355, "ymin": 39, "ymax": 660, "xmax": 915}}], [{"tid": 0, "generated": 0, "bbox": {"xmin": 624, "ymin": 160, "ymax": 337, "xmax": 746}}, {"tid": 1, "generated": 0, "bbox": {"xmin": 597, "ymin": 315, "ymax": 629, "xmax": 885}}, {"tid": 2, "generated": 0, "bbox": {"xmin": 359, "ymin": 39, "ymax": 660, "xmax": 915}}], [{"tid": 0, "generated": 0, "bbox": {"xmin": 624, "ymin": 160, "ymax": 337, "xmax": 745}}, {"tid": 1, "generated": 0, "bbox": {"xmin": 597, "ymin": 314, "ymax": 629, "xmax": 885}}, {"tid": 2, "generated": 0, "bbox": {"xmin": 364, "ymin": 39, "ymax": 660, "xmax": 915}}], [{"tid": 0, "generated": 0, "bbox": {"xmin": 624, "ymin": 160, "ymax": 337, "xmax": 743}}, {"tid": 1, "generated": 0, "bbox": {"xmin": 597, "ymin": 314, "ymax": 629, "xmax": 885}}, {"tid": 2, "generated": 0, "bbox": {"xmin": 364, "ymin": 39, "ymax": 660, "xmax": 915}}], [{"tid": 0, "generated": 0, "bbox": {"xmin": 624, "ymin": 160, "ymax": 337, "xmax": 742}}, {"tid": 1, "generated": 0, "bbox": {"xmin": 597, "ymin": 314, "ymax": 629, "xmax": 886}}, {"tid": 2, "generated": 0, "bbox": {"xmin": 364, "ymin": 39, "ymax": 660, "xmax": 915}}], [{"tid": 0, "generated": 0, "bbox": {"xmin": 624, "ymin": 160, "ymax": 337, "xmax": 740}}, {"tid": 1, "generated": 0, "bbox": {"xmin": 597, "ymin": 314, "ymax": 629, "xmax": 886}}, {"tid": 2, "generated": 0, "bbox": {"xmin": 364, "ymin": 39, "ymax": 660, "xmax": 915}}], [{"tid": 0, "generated": 0, "bbox": {"xmin": 624, "ymin": 160, "ymax": 337, "xmax": 739}}, {"tid": 1, "generated": 0, "bbox": {"xmin": 597, "ymin": 314, "ymax": 629, "xmax": 887}}, {"tid": 2, "generated": 0, "bbox": {"xmin": 364, "ymin": 39, "ymax": 660, "xmax": 915}}], [{"tid": 0, "generated": 0, "bbox": {"xmin": 626, "ymin": 159, "ymax": 336, "xmax": 740}}, {"tid": 1, "generated": 0, "bbox": {"xmin": 597, "ymin": 314, "ymax": 629, "xmax": 887}}, {"tid": 2, "generated": 0, "bbox": {"xmin": 364, "ymin": 39, "ymax": 660, "xmax": 915}}], [{"tid": 0, "generated": 0, "bbox": {"xmin": 628, "ymin": 159, "ymax": 335, "xmax": 742}}, {"tid": 1, "generated": 0, "bbox": {"xmin": 597, "ymin": 314, "ymax": 629, "xmax": 887}}, {"tid": 2, "generated": 0, "bbox": {"xmin": 364, "ymin": 39, "ymax": 660, "xmax": 915}}], [{"tid": 0, "generated": 0, "bbox": {"xmin": 630, "ymin": 158, "ymax": 334, "xmax": 744}}, {"tid": 1, "generated": 0, "bbox": {"xmin": 597, "ymin": 314, "ymax": 629, "xmax": 888}}, {"tid": 2, "generated": 0, "bbox": {"xmin": 364, "ymin": 39, "ymax": 660, "xmax": 915}}], [{"tid": 0, "generated": 0, "bbox": {"xmin": 632, "ymin": 158, "ymax": 334, "xmax": 746}}, {"tid": 1, "generated": 0, "bbox": {"xmin": 597, "ymin": 314, "ymax": 629, "xmax": 888}}, {"tid": 2, "generated": 0, "bbox": {"xmin": 364, "ymin": 39, "ymax": 660, "xmax": 915}}], [{"tid": 0, "generated": 0, "bbox": {"xmin": 630, "ymin": 158, "ymax": 334, "xmax": 745}}, {"tid": 1, "generated": 0, "bbox": {"xmin": 597, "ymin": 314, "ymax": 629, "xmax": 889}}, {"tid": 2, "generated": 0, "bbox": {"xmin": 364, "ymin": 39, "ymax": 660, "xmax": 915}}]], "subject/objects": [{"category": "dog", "tid": 0}, {"category": "dog", "tid": 1}, {"category": "person", "tid": 2}], "relation_instances": [{"end_fid": 30, "subject_tid": 0, "predicate": "stand_behind", "begin_fid": 0, "object_tid": 1}, {"end_fid": 30, "subject_tid": 1, "predicate": "stand_front", "begin_fid": 0, "object_tid": 0}, {"end_fid": 30, "subject_tid": 0, "predicate": "stand_behind", "begin_fid": 0, "object_tid": 2}, {"end_fid": 30, "subject_tid": 2, "predicate": "sit_front", "begin_fid": 0, "object_tid": 0}, {"end_fid": 30, "subject_tid": 2, "predicate": "taller", "begin_fid": 0, "object_tid": 0}, {"end_fid": 30, "subject_tid": 2, "predicate": "larger", "begin_fid": 0, "object_tid": 0}, {"end_fid": 30, "subject_tid": 2, "predicate": "touch", "begin_fid": 0, "object_tid": 0}, {"end_fid": 30, "subject_tid": 2, "predicate": "hold", "begin_fid": 0, "object_tid": 0}, {"end_fid": 30, "subject_tid": 1, "predicate": "stand_right", "begin_fid": 0, "object_tid": 2}, {"end_fid": 30, "subject_tid": 2, "predicate": "sit_left", "begin_fid": 0, "object_tid": 1}, {"end_fid": 30, "subject_tid": 2, "predicate": "taller", "begin_fid": 0, "object_tid": 1}, {"end_fid": 30, "subject_tid": 2, "predicate": "larger", "begin_fid": 0, "object_tid": 1}, {"end_fid": 30, "subject_tid": 2, "predicate": "touch", "begin_fid": 0, "object_tid": 1}, {"end_fid": 30, "subject_tid": 2, "predicate": "hold", "begin_fid": 0, "object_tid": 1}, {"end_fid": 90, "subject_tid": 0, "predicate": "stand_behind", "begin_fid": 60, "object_tid": 1}, {"end_fid": 90, "subject_tid": 1, "predicate": "stand_front", "begin_fid": 60, "object_tid": 0}, {"end_fid": 90, "subject_tid": 0, "predicate": "stand_behind", "begin_fid": 60, "object_tid": 2}, {"end_fid": 90, "subject_tid": 2, "predicate": "sit_front", "begin_fid": 60, "object_tid": 0}, {"end_fid": 90, "subject_tid": 2, "predicate": "taller", "begin_fid": 60, "object_tid": 0}, {"end_fid": 90, "subject_tid": 2, "predicate": "larger", "begin_fid": 60, "object_tid": 0}, {"end_fid": 90, "subject_tid": 2, "predicate": "touch", "begin_fid": 60, "object_tid": 0}, {"end_fid": 90, "subject_tid": 2, "predicate": "hold", "begin_fid": 60, "object_tid": 0}, {"end_fid": 90, "subject_tid": 1, "predicate": "stand_right", "begin_fid": 60, "object_tid": 2}, {"end_fid": 90, "subject_tid": 2, "predicate": "sit_left", "begin_fid": 60, "object_tid": 1}, {"end_fid": 90, "subject_tid": 2, "predicate": "taller", "begin_fid": 60, "object_tid": 1}, {"end_fid": 90, "subject_tid": 2, "predicate": "larger", "begin_fid": 60, "object_tid": 1}, {"end_fid": 90, "subject_tid": 2, "predicate": "touch", "begin_fid": 60, "object_tid": 1}, {"end_fid": 90, "subject_tid": 2, "predicate": "hold", "begin_fid": 60, "object_tid": 1}], "height": 720}