{"width": 1280, "frame_count": 48, "video_id": "ILSVRC2015_train_00181011", "fps": 30, "trajectories": [[{"tid": 0, "generated": 0, "bbox": {"xmin": 531, "ymin": 465, "ymax": 584, "xmax": 625}}, {"tid": 1, "generated": 0, "bbox": {"xmin": 528, "ymin": 398, "ymax": 467, "xmax": 608}}], [{"tid": 0, "generated": 0, "bbox": {"xmin": 525, "ymin": 463, "ymax": 583, "xmax": 621}}, {"tid": 1, "generated": 0, "bbox": {"xmin": 524, "ymin": 398, "ymax": 467, "xmax": 604}}], [{"tid": 0, "generated": 0, "bbox": {"xmin": 520, "ymin": 461, "ymax": 582, "xmax": 617}}, {"tid": 1, "generated": 0, "bbox": {"xmin": 520, "ymin": 397, "ymax": 467, "xmax": 600}}], [{"tid": 0, "generated": 0, "bbox": {"xmin": 515, "ymin": 460, "ymax": 581, "xmax": 613}}, {"tid": 1, "generated": 0, "bbox": {"xmin": 516, "ymin": 397, "ymax": 466, "xmax": 596}}], [{"tid": 0, "generated": 0, "bbox": {"xmin": 509, "ymin": 459, "ymax": 581, "xmax": 608}}, {"tid": 1, "generated": 0, "bbox": {"xmin": 512, "ymin": 396, "ymax": 466, "xmax": 592}}], [{"tid": 0, "generated": 0, "bbox": {"xmin": 503, "ymin": 458, "ymax": 581, "xmax": 604}}, {"tid": 1, "generated": 0, "bbox": {"xmin": 508, "ymin": 396, "ymax": 466, "xmax": 588}}], [{"tid": 0, "generated": 0, "bbox": {"xmin": 497, "ymin": 458, "ymax": 581, "xmax": 600}}, {"tid": 1, "generated": 0, "bbox": {"xmin": 502, "ymin": 402, "ymax": 473, "xmax": 582}}], [{"tid": 0, "generated": 0, "bbox": {"xmin": 492, "ymin": 460, "ymax": 584, "xmax": 595}}, {"tid": 1, "generated": 0, "bbox": {"xmin": 496, "ymin": 408, "ymax": 479, "xmax": 576}}], [{"tid": 0, "generated": 0, "bbox": {"xmin": 490, "ymin": 480, "ymax": 604, "xmax": 595}}, {"tid": 1, "generated": 0, "bbox": {"xmin": 490, "ymin": 413, "ymax": 486, "xmax": 570}}], [{"tid": 0, "generated": 0, "bbox": {"xmin": 481, "ymin": 480, "ymax": 606, "xmax": 588}}, {"tid": 1, "generated": 0, "bbox": {"xmin": 484, "ymin": 419, "ymax": 492, "xmax": 564}}], [{"tid": 0, "generated": 0, "bbox": {"xmin": 481, "ymin": 494, "ymax": 622, "xmax": 588}}, {"tid": 1, "generated": 0, "bbox": {"xmin": 478, "ymin": 425, "ymax": 499, "xmax": 558}}], [{"tid": 0, "generated": 0, "bbox": {"xmin": 480, "ymin": 498, "ymax": 627, "xmax": 588}}, {"tid": 1, "generated": 0, "bbox": {"xmin": 479, "ymin": 425, "ymax": 499, "xmax": 561}}], [{"tid": 0, "generated": 0, "bbox": {"xmin": 479, "ymin": 502, "ymax": 632, "xmax": 588}}, {"tid": 1, "generated": 0, "bbox": {"xmin": 480, "ymin": 426, "ymax": 500, "xmax": 565}}], [{"tid": 0, "generated": 0, "bbox": {"xmin": 478, "ymin": 506, "ymax": 638, "xmax": 588}}, {"tid": 1, "generated": 0, "bbox": {"xmin": 481, "ymin": 426, "ymax": 500, "xmax": 568}}], [{"tid": 0, "generated": 0, "bbox": {"xmin": 481, "ymin": 500, "ymax": 633, "xmax": 591}}, {"tid": 1, "generated": 0, "bbox": {"xmin": 482, "ymin": 427, "ymax": 501, "xmax": 572}}], [{"tid": 0, "generated": 0, "bbox": {"xmin": 485, "ymin": 494, "ymax": 629, "xmax": 595}}, {"tid": 1, "generated": 0, "bbox": {"xmin": 483, "ymin": 427, "ymax": 501, "xmax": 575}}], [{"tid": 0, "generated": 0, "bbox": {"xmin": 486, "ymin": 500, "ymax": 636, "xmax": 597}}, {"tid": 1, "generated": 0, "bbox": {"xmin": 487, "ymin": 431, "ymax": 504, "xmax": 579}}], [{"tid": 0, "generated": 0, "bbox": {"xmin": 488, "ymin": 506, "ymax": 643, "xmax": 600}}, {"tid": 1, "generated": 0, "bbox": {"xmin": 491, "ymin": 434, "ymax": 507, "xmax": 583}}], [{"tid": 0, "generated": 0, "bbox": {"xmin": 493, "ymin": 511, "ymax": 650, "xmax": 606}}, {"tid": 1, "generated": 0, "bbox": {"xmin": 494, "ymin": 438, "ymax": 509, "xmax": 586}}], [{"tid": 0, "generated": 0, "bbox": {"xmin": 499, "ymin": 517, "ymax": 657, "xmax": 613}}, {"tid": 1, "generated": 0, "bbox": {"xmin": 498, "ymin": 441, "ymax": 512, "xmax": 590}}], [{"tid": 0, "generated": 0, "bbox": {"xmin": 507, "ymin": 515, "ymax": 656, "xmax": 623}}, {"tid": 1, "generated": 0, "bbox": {"xmin": 502, "ymin": 445, "ymax": 515, "xmax": 594}}], [{"tid": 0, "generated": 0, "bbox": {"xmin": 515, "ymin": 513, "ymax": 656, "xmax": 634}}, {"tid": 1, "generated": 0, "bbox": {"xmin": 510, "ymin": 445, "ymax": 516, "xmax": 602}}], [{"tid": 0, "generated": 0, "bbox": {"xmin": 522, "ymin": 513, "ymax": 657, "xmax": 643}}, {"tid": 1, "generated": 0, "bbox": {"xmin": 519, "ymin": 446, "ymax": 517, "xmax": 611}}], [{"tid": 0, "generated": 0, "bbox": {"xmin": 529, "ymin": 513, "ymax": 658, "xmax": 652}}, {"tid": 1, "generated": 0, "bbox": {"xmin": 527, "ymin": 446, "ymax": 519, "xmax": 619}}], [{"tid": 0, "generated": 0, "bbox": {"xmin": 536, "ymin": 513, "ymax": 659, "xmax": 661}}, {"tid": 1, "generated": 0, "bbox": {"xmin": 536, "ymin": 447, "ymax": 520, "xmax": 628}}], [{"tid": 0, "generated": 0, "bbox": {"xmin": 540, "ymin": 513, "ymax": 661, "xmax": 666}}, {"tid": 1, "generated": 0, "bbox": {"xmin": 544, "ymin": 447, "ymax": 521, "xmax": 636}}], [{"tid": 0, "generated": 0, "bbox": {"xmin": 541, "ymin": 505, "ymax": 655, "xmax": 669}}, {"tid": 1, "generated": 0, "bbox": {"xmin": 544, "ymin": 443, "ymax": 517, "xmax": 639}}], [{"tid": 0, "generated": 0, "bbox": {"xmin": 542, "ymin": 497, "ymax": 649, "xmax": 673}}, {"tid": 1, "generated": 0, "bbox": {"xmin": 543, "ymin": 438, "ymax": 512, "xmax": 641}}], [{"tid": 0, "generated": 0, "bbox": {"xmin": 544, "ymin": 490, "ymax": 643, "xmax": 677}}, {"tid": 1, "generated": 0, "bbox": {"xmin": 543, "ymin": 434, "ymax": 508, "xmax": 644}}], [{"tid": 0, "generated": 0, "bbox": {"xmin": 544, "ymin": 494, "ymax": 650, "xmax": 680}}, {"tid": 1, "generated": 0, "bbox": {"xmin": 542, "ymin": 429, "ymax": 503, "xmax": 646}}], [{"tid": 0, "generated": 0, "bbox": {"xmin": 545, "ymin": 493, "ymax": 649, "xmax": 683}}, {"tid": 1, "generated": 0, "bbox": {"xmin": 542, "ymin": 425, "ymax": 499, "xmax": 649}}], [{"tid": 0, "generated": 0, "bbox": {"xmin": 547, "ymin": 492, "ymax": 648, "xmax": 686}}, {"tid": 1, "generated": 0, "bbox": {"xmin": 539, "ymin": 422, "ymax": 499, "xmax": 650}}], [{"tid": 0, "generated": 0, "bbox": {"xmin": 544, "ymin": 491, "ymax": 647, "xmax": 686}}, {"tid": 1, "generated": 0, "bbox": {"xmin": 536, "ymin": 420, "ymax": 499, "xmax": 650}}], [{"tid": 0, "generated": 0, "bbox": {"xmin": 542, "ymin": 490, "ymax": 647, "xmax": 686}}, {"tid": 1, "generated": 0, "bbox": {"xmin": 532, "ymin": 417, "ymax": 499, "xmax": 651}}], [{"tid": 0, "generated": 0, "bbox": {"xmin": 540, "ymin": 490, "ymax": 647, "xmax": 686}}, {"tid": 1, "generated": 0, "bbox": {"xmin": 529, "ymin": 415, "ymax": 499, "xmax": 651}}], [{"tid": 0, "generated": 0, "bbox": {"xmin": 520, "ymin": 487, "ymax": 644, "xmax": 678}}, {"tid": 1, "generated": 0, "bbox": {"xmin": 526, "ymin": 412, "ymax": 499, "xmax": 652}}], [{"tid": 0, "generated": 0, "bbox": {"xmin": 500, "ymin": 484, "ymax": 642, "xmax": 670}}, {"tid": 1, "generated": 0, "bbox": {"xmin": 516, "ymin": 411, "ymax": 498, "xmax": 642}}], [{"tid": 0, "generated": 0, "bbox": {"xmin": 481, "ymin": 481, "ymax": 640, "xmax": 663}}, {"tid": 1, "generated": 0, "bbox": {"xmin": 506, "ymin": 409, "ymax": 496, "xmax": 632}}], [{"tid": 0, "generated": 0, "bbox": {"xmin": 486, "ymin": 479, "ymax": 640, "xmax": 655}}, {"tid": 1, "generated": 0, "bbox": {"xmin": 497, "ymin": 408, "ymax": 495, "xmax": 623}}], [{"tid": 0, "generated": 0, "bbox": {"xmin": 492, "ymin": 478, "ymax": 640, "xmax": 648}}, {"tid": 1, "generated": 0, "bbox": {"xmin": 487, "ymin": 406, "ymax": 493, "xmax": 613}}], [{"tid": 0, "generated": 0, "bbox": {"xmin": 455, "ymin": 480, "ymax": 652, "xmax": 641}}, {"tid": 1, "generated": 0, "bbox": {"xmin": 477, "ymin": 405, "ymax": 492, "xmax": 603}}], [{"tid": 0, "generated": 0, "bbox": {"xmin": 483, "ymin": 485, "ymax": 647, "xmax": 641}}, {"tid": 1, "generated": 0, "bbox": {"xmin": 479, "ymin": 407, "ymax": 494, "xmax": 605}}], [{"tid": 0, "generated": 0, "bbox": {"xmin": 483, "ymin": 485, "ymax": 647, "xmax": 640}}, {"tid": 1, "generated": 0, "bbox": {"xmin": 481, "ymin": 409, "ymax": 496, "xmax": 607}}], [{"tid": 0, "generated": 0, "bbox": {"xmin": 485, "ymin": 485, "ymax": 647, "xmax": 643}}, {"tid": 1, "generated": 0, "bbox": {"xmin": 482, "ymin": 412, "ymax": 499, "xmax": 608}}], [{"tid": 0, "generated": 0, "bbox": {"xmin": 486, "ymin": 491, "ymax": 653, "xmax": 644}}, {"tid": 1, "generated": 0, "bbox": {"xmin": 484, "ymin": 414, "ymax": 501, "xmax": 610}}]], "subject/objects": [{"category": "motorcycle", "tid": 0}, {"category": "person", "tid": 1}], "relation_instances": [{"end_fid": 30, "subject_tid": 0, "predicate": "move_beneath", "begin_fid": 0, "object_tid": 1}, {"end_fid": 30, "subject_tid": 1, "predicate": "sit_above", "begin_fid": 0, "object_tid": 0}, {"end_fid": 30, "subject_tid": 1, "predicate": "ride", "begin_fid": 0, "object_tid": 0}, {"end_fid": 45, "subject_tid": 0, "predicate": "move_beneath", "begin_fid": 15, "object_tid": 1}, {"end_fid": 45, "subject_tid": 1, "predicate": "sit_above", "begin_fid": 15, "object_tid": 0}, {"end_fid": 45, "subject_tid": 1, "predicate": "ride", "begin_fid": 15, "object_tid": 0}], "height": 720}