{"width": 1280, "frame_count": 130, "video_id": "ILSVRC2015_train_00729002", "fps": 30, "trajectories": [[{"tid": 0, "generated": 0, "bbox": {"xmin": 215, "ymin": 195, "ymax": 496, "xmax": 652}}, {"tid": 1, "generated": 0, "bbox": {"xmin": 677, "ymin": 206, "ymax": 515, "xmax": 832}}], [{"tid": 0, "generated": 0, "bbox": {"xmin": 208, "ymin": 194, "ymax": 496, "xmax": 646}}, {"tid": 1, "generated": 0, "bbox": {"xmin": 669, "ymin": 206, "ymax": 515, "xmax": 824}}], [{"tid": 0, "generated": 0, "bbox": {"xmin": 201, "ymin": 193, "ymax": 496, "xmax": 640}}, {"tid": 1, "generated": 0, "bbox": {"xmin": 662, "ymin": 206, "ymax": 515, "xmax": 817}}], [{"tid": 0, "generated": 0, "bbox": {"xmin": 194, "ymin": 192, "ymax": 496, "xmax": 635}}, {"tid": 1, "generated": 0, "bbox": {"xmin": 655, "ymin": 206, "ymax": 516, "xmax": 810}}], [{"tid": 0, "generated": 0, "bbox": {"xmin": 187, "ymin": 191, "ymax": 496, "xmax": 629}}, {"tid": 1, "generated": 0, "bbox": {"xmin": 647, "ymin": 207, "ymax": 516, "xmax": 802}}], [{"tid": 0, "generated": 0, "bbox": {"xmin": 181, "ymin": 190, "ymax": 496, "xmax": 624}}, {"tid": 1, "generated": 0, "bbox": {"xmin": 640, "ymin": 207, "ymax": 517, "xmax": 795}}], [{"tid": 0, "generated": 0, "bbox": {"xmin": 176, "ymin": 191, "ymax": 496, "xmax": 618}}, {"tid": 1, "generated": 0, "bbox": {"xmin": 633, "ymin": 207, "ymax": 517, "xmax": 788}}], [{"tid": 0, "generated": 0, "bbox": {"xmin": 172, "ymin": 193, "ymax": 497, "xmax": 613}}, {"tid": 1, "generated": 0, "bbox": {"xmin": 625, "ymin": 208, "ymax": 517, "xmax": 780}}], [{"tid": 0, "generated": 0, "bbox": {"xmin": 168, "ymin": 195, "ymax": 497, "xmax": 607}}, {"tid": 1, "generated": 0, "bbox": {"xmin": 618, "ymin": 208, "ymax": 518, "xmax": 773}}], [{"tid": 0, "generated": 0, "bbox": {"xmin": 164, "ymin": 197, "ymax": 498, "xmax": 602}}, {"tid": 1, "generated": 0, "bbox": {"xmin": 611, "ymin": 208, "ymax": 518, "xmax": 766}}], [{"tid": 0, "generated": 0, "bbox": {"xmin": 160, "ymin": 199, "ymax": 499, "xmax": 597}}, {"tid": 1, "generated": 0, "bbox": {"xmin": 604, "ymin": 209, "ymax": 519, "xmax": 759}}], [{"tid": 0, "generated": 0, "bbox": {"xmin": 161, "ymin": 200, "ymax": 500, "xmax": 595}}, {"tid": 1, "generated": 0, "bbox": {"xmin": 596, "ymin": 210, "ymax": 521, "xmax": 750}}], [{"tid": 0, "generated": 0, "bbox": {"xmin": 163, "ymin": 202, "ymax": 501, "xmax": 593}}, {"tid": 1, "generated": 0, "bbox": {"xmin": 588, "ymin": 211, "ymax": 523, "xmax": 742}}], [{"tid": 0, "generated": 0, "bbox": {"xmin": 165, "ymin": 204, "ymax": 503, "xmax": 592}}, {"tid": 1, "generated": 0, "bbox": {"xmin": 580, "ymin": 213, "ymax": 525, "xmax": 734}}], [{"tid": 0, "generated": 0, "bbox": {"xmin": 158, "ymin": 206, "ymax": 505, "xmax": 591}}, {"tid": 1, "generated": 0, "bbox": {"xmin": 572, "ymin": 214, "ymax": 527, "xmax": 726}}], [{"tid": 0, "generated": 0, "bbox": {"xmin": 152, "ymin": 208, "ymax": 508, "xmax": 590}}, {"tid": 1, "generated": 0, "bbox": {"xmin": 565, "ymin": 216, "ymax": 529, "xmax": 718}}], [{"tid": 0, "generated": 0, "bbox": {"xmin": 148, "ymin": 209, "ymax": 509, "xmax": 586}}, {"tid": 1, "generated": 0, "bbox": {"xmin": 557, "ymin": 219, "ymax": 531, "xmax": 710}}], [{"tid": 0, "generated": 0, "bbox": {"xmin": 145, "ymin": 211, "ymax": 511, "xmax": 582}}, {"tid": 1, "generated": 0, "bbox": {"xmin": 549, "ymin": 222, "ymax": 533, "xmax": 702}}], [{"tid": 0, "generated": 0, "bbox": {"xmin": 141, "ymin": 212, "ymax": 513, "xmax": 579}}, {"tid": 1, "generated": 0, "bbox": {"xmin": 541, "ymin": 225, "ymax": 535, "xmax": 695}}], [{"tid": 0, "generated": 0, "bbox": {"xmin": 138, "ymin": 214, "ymax": 515, "xmax": 575}}, {"tid": 1, "generated": 0, "bbox": {"xmin": 533, "ymin": 228, "ymax": 537, "xmax": 687}}], [{"tid": 0, "generated": 0, "bbox": {"xmin": 135, "ymin": 216, "ymax": 517, "xmax": 572}}, {"tid": 1, "generated": 0, "bbox": {"xmin": 526, "ymin": 231, "ymax": 540, "xmax": 680}}], [{"tid": 0, "generated": 0, "bbox": {"xmin": 129, "ymin": 220, "ymax": 521, "xmax": 566}}, {"tid": 1, "generated": 0, "bbox": {"xmin": 518, "ymin": 234, "ymax": 543, "xmax": 672}}], [{"tid": 0, "generated": 0, "bbox": {"xmin": 123, "ymin": 224, "ymax": 525, "xmax": 560}}, {"tid": 1, "generated": 0, "bbox": {"xmin": 511, "ymin": 238, "ymax": 547, "xmax": 665}}], [{"tid": 0, "generated": 0, "bbox": {"xmin": 117, "ymin": 229, "ymax": 529, "xmax": 554}}, {"tid": 1, "generated": 0, "bbox": {"xmin": 503, "ymin": 242, "ymax": 551, "xmax": 657}}], [{"tid": 0, "generated": 0, "bbox": {"xmin": 115, "ymin": 233, "ymax": 533, "xmax": 552}}, {"tid": 1, "generated": 0, "bbox": {"xmin": 496, "ymin": 246, "ymax": 555, "xmax": 650}}], [{"tid": 0, "generated": 0, "bbox": {"xmin": 113, "ymin": 238, "ymax": 538, "xmax": 551}}, {"tid": 1, "generated": 0, "bbox": {"xmin": 488, "ymin": 250, "ymax": 559, "xmax": 643}}], [{"tid": 0, "generated": 0, "bbox": {"xmin": 107, "ymin": 242, "ymax": 542, "xmax": 545}}, {"tid": 1, "generated": 0, "bbox": {"xmin": 481, "ymin": 254, "ymax": 563, "xmax": 635}}], [{"tid": 0, "generated": 0, "bbox": {"xmin": 101, "ymin": 246, "ymax": 546, "xmax": 539}}, {"tid": 1, "generated": 0, "bbox": {"xmin": 473, "ymin": 258, "ymax": 567, "xmax": 628}}], [{"tid": 0, "generated": 0, "bbox": {"xmin": 96, "ymin": 250, "ymax": 551, "xmax": 533}}, {"tid": 1, "generated": 0, "bbox": {"xmin": 466, "ymin": 262, "ymax": 571, "xmax": 620}}], [{"tid": 0, "generated": 0, "bbox": {"xmin": 90, "ymin": 254, "ymax": 555, "xmax": 527}}, {"tid": 1, "generated": 0, "bbox": {"xmin": 458, "ymin": 266, "ymax": 575, "xmax": 613}}], [{"tid": 0, "generated": 0, "bbox": {"xmin": 85, "ymin": 259, "ymax": 560, "xmax": 522}}, {"tid": 1, "generated": 0, "bbox": {"xmin": 451, "ymin": 270, "ymax": 579, "xmax": 606}}, {"tid": 2, "generated": 0, "bbox": {"xmin": 1221, "ymin": 312, "ymax": 588, "xmax": 1276}}], [{"tid": 0, "generated": 0, "bbox": {"xmin": 80, "ymin": 263, "ymax": 564, "xmax": 519}}, {"tid": 1, "generated": 0, "bbox": {"xmin": 444, "ymin": 275, "ymax": 583, "xmax": 599}}, {"tid": 2, "generated": 0, "bbox": {"xmin": 1214, "ymin": 316, "ymax": 591, "xmax": 1276}}], [{"tid": 0, "generated": 0, "bbox": {"xmin": 76, "ymin": 268, "ymax": 568, "xmax": 517}}, {"tid": 1, "generated": 0, "bbox": {"xmin": 438, "ymin": 280, "ymax": 587, "xmax": 592}}, {"tid": 2, "generated": 0, "bbox": {"xmin": 1207, "ymin": 320, "ymax": 594, "xmax": 1277}}], [{"tid": 0, "generated": 0, "bbox": {"xmin": 72, "ymin": 273, "ymax": 573, "xmax": 515}}, {"tid": 1, "generated": 0, "bbox": {"xmin": 431, "ymin": 285, "ymax": 591, "xmax": 585}}, {"tid": 2, "generated": 0, "bbox": {"xmin": 1201, "ymin": 325, "ymax": 597, "xmax": 1278}}], [{"tid": 0, "generated": 0, "bbox": {"xmin": 67, "ymin": 278, "ymax": 577, "xmax": 512}}, {"tid": 1, "generated": 0, "bbox": {"xmin": 425, "ymin": 290, "ymax": 595, "xmax": 578}}, {"tid": 2, "generated": 0, "bbox": {"xmin": 1195, "ymin": 330, "ymax": 602, "xmax": 1273}}], [{"tid": 0, "generated": 0, "bbox": {"xmin": 63, "ymin": 283, "ymax": 582, "xmax": 510}}, {"tid": 1, "generated": 0, "bbox": {"xmin": 419, "ymin": 296, "ymax": 600, "xmax": 572}}, {"tid": 2, "generated": 0, "bbox": {"xmin": 1189, "ymin": 336, "ymax": 608, "xmax": 1269}}], [{"tid": 0, "generated": 0, "bbox": {"xmin": 59, "ymin": 287, "ymax": 586, "xmax": 508}}, {"tid": 1, "generated": 0, "bbox": {"xmin": 413, "ymin": 299, "ymax": 604, "xmax": 566}}, {"tid": 2, "generated": 0, "bbox": {"xmin": 1183, "ymin": 340, "ymax": 612, "xmax": 1264}}], [{"tid": 0, "generated": 0, "bbox": {"xmin": 54, "ymin": 292, "ymax": 590, "xmax": 505}}, {"tid": 1, "generated": 0, "bbox": {"xmin": 407, "ymin": 302, "ymax": 608, "xmax": 560}}, {"tid": 2, "generated": 0, "bbox": {"xmin": 1177, "ymin": 345, "ymax": 617, "xmax": 1259}}], [{"tid": 0, "generated": 0, "bbox": {"xmin": 50, "ymin": 297, "ymax": 595, "xmax": 503}}, {"tid": 1, "generated": 0, "bbox": {"xmin": 401, "ymin": 305, "ymax": 613, "xmax": 555}}, {"tid": 2, "generated": 0, "bbox": {"xmin": 1171, "ymin": 350, "ymax": 622, "xmax": 1254}}], [{"tid": 0, "generated": 0, "bbox": {"xmin": 46, "ymin": 302, "ymax": 599, "xmax": 501}}, {"tid": 1, "generated": 0, "bbox": {"xmin": 395, "ymin": 308, "ymax": 617, "xmax": 549}}, {"tid": 2, "generated": 0, "bbox": {"xmin": 1165, "ymin": 355, "ymax": 627, "xmax": 1249}}], [{"tid": 0, "generated": 0, "bbox": {"xmin": 42, "ymin": 307, "ymax": 604, "xmax": 499}}, {"tid": 1, "generated": 0, "bbox": {"xmin": 389, "ymin": 312, "ymax": 622, "xmax": 544}}, {"tid": 2, "generated": 0, "bbox": {"xmin": 1159, "ymin": 360, "ymax": 632, "xmax": 1244}}], [{"tid": 0, "generated": 0, "bbox": {"xmin": 41, "ymin": 310, "ymax": 607, "xmax": 499}}, {"tid": 1, "generated": 0, "bbox": {"xmin": 385, "ymin": 317, "ymax": 624, "xmax": 539}}, {"tid": 2, "generated": 0, "bbox": {"xmin": 1155, "ymin": 362, "ymax": 634, "xmax": 1240}}], [{"tid": 0, "generated": 0, "bbox": {"xmin": 40, "ymin": 314, "ymax": 610, "xmax": 499}}, {"tid": 1, "generated": 0, "bbox": {"xmin": 381, "ymin": 322, "ymax": 626, "xmax": 535}}, {"tid": 2, "generated": 0, "bbox": {"xmin": 1151, "ymin": 365, "ymax": 637, "xmax": 1236}}], [{"tid": 0, "generated": 0, "bbox": {"xmin": 39, "ymin": 318, "ymax": 613, "xmax": 499}}, {"tid": 1, "generated": 0, "bbox": {"xmin": 377, "ymin": 327, "ymax": 628, "xmax": 530}}, {"tid": 2, "generated": 0, "bbox": {"xmin": 1147, "ymin": 367, "ymax": 639, "xmax": 1232}}], [{"tid": 0, "generated": 0, "bbox": {"xmin": 38, "ymin": 321, "ymax": 616, "xmax": 494}}, {"tid": 1, "generated": 0, "bbox": {"xmin": 373, "ymin": 332, "ymax": 630, "xmax": 526}}, {"tid": 2, "generated": 0, "bbox": {"xmin": 1143, "ymin": 370, "ymax": 642, "xmax": 1228}}], [{"tid": 0, "generated": 0, "bbox": {"xmin": 37, "ymin": 325, "ymax": 620, "xmax": 490}}, {"tid": 1, "generated": 0, "bbox": {"xmin": 369, "ymin": 337, "ymax": 632, "xmax": 522}}, {"tid": 2, "generated": 0, "bbox": {"xmin": 1139, "ymin": 372, "ymax": 644, "xmax": 1224}}], [{"tid": 0, "generated": 0, "bbox": {"xmin": 38, "ymin": 326, "ymax": 621, "xmax": 491}}, {"tid": 1, "generated": 0, "bbox": {"xmin": 365, "ymin": 336, "ymax": 634, "xmax": 518}}, {"tid": 2, "generated": 0, "bbox": {"xmin": 1135, "ymin": 375, "ymax": 647, "xmax": 1220}}], [{"tid": 0, "generated": 0, "bbox": {"xmin": 40, "ymin": 327, "ymax": 622, "xmax": 492}}, {"tid": 1, "generated": 0, "bbox": {"xmin": 361, "ymin": 335, "ymax": 636, "xmax": 514}}, {"tid": 2, "generated": 0, "bbox": {"xmin": 1131, "ymin": 377, "ymax": 649, "xmax": 1216}}], [{"tid": 0, "generated": 0, "bbox": {"xmin": 42, "ymin": 328, "ymax": 623, "xmax": 493}}, {"tid": 1, "generated": 0, "bbox": {"xmin": 357, "ymin": 335, "ymax": 638, "xmax": 511}}, {"tid": 2, "generated": 0, "bbox": {"xmin": 1127, "ymin": 380, "ymax": 652, "xmax": 1212}}], [{"tid": 0, "generated": 0, "bbox": {"xmin": 44, "ymin": 329, "ymax": 624, "xmax": 494}}, {"tid": 1, "generated": 0, "bbox": {"xmin": 353, "ymin": 334, "ymax": 640, "xmax": 507}}, {"tid": 2, "generated": 0, "bbox": {"xmin": 1123, "ymin": 382, "ymax": 654, "xmax": 1208}}], [{"tid": 0, "generated": 0, "bbox": {"xmin": 46, "ymin": 330, "ymax": 625, "xmax": 496}}, {"tid": 1, "generated": 0, "bbox": {"xmin": 350, "ymin": 334, "ymax": 643, "xmax": 504}}, {"tid": 2, "generated": 0, "bbox": {"xmin": 1120, "ymin": 385, "ymax": 657, "xmax": 1205}}], [{"tid": 0, "generated": 0, "bbox": {"xmin": 46, "ymin": 331, "ymax": 626, "xmax": 493}}, {"tid": 1, "generated": 0, "bbox": {"xmin": 348, "ymin": 337, "ymax": 642, "xmax": 502}}, {"tid": 2, "generated": 0, "bbox": {"xmin": 1117, "ymin": 384, "ymax": 656, "xmax": 1202}}], [{"tid": 0, "generated": 0, "bbox": {"xmin": 47, "ymin": 332, "ymax": 627, "xmax": 491}}, {"tid": 1, "generated": 0, "bbox": {"xmin": 346, "ymin": 340, "ymax": 642, "xmax": 500}}, {"tid": 2, "generated": 0, "bbox": {"xmin": 1114, "ymin": 384, "ymax": 656, "xmax": 1199}}], [{"tid": 0, "generated": 0, "bbox": {"xmin": 47, "ymin": 334, "ymax": 629, "xmax": 489}}, {"tid": 1, "generated": 0, "bbox": {"xmin": 345, "ymin": 343, "ymax": 642, "xmax": 498}}, {"tid": 2, "generated": 0, "bbox": {"xmin": 1111, "ymin": 384, "ymax": 656, "xmax": 1196}}], [{"tid": 0, "generated": 0, "bbox": {"xmin": 48, "ymin": 335, "ymax": 630, "xmax": 487}}, {"tid": 1, "generated": 0, "bbox": {"xmin": 343, "ymin": 346, "ymax": 642, "xmax": 497}}, {"tid": 2, "generated": 0, "bbox": {"xmin": 1108, "ymin": 384, "ymax": 656, "xmax": 1193}}], [{"tid": 0, "generated": 0, "bbox": {"xmin": 49, "ymin": 337, "ymax": 632, "xmax": 485}}, {"tid": 1, "generated": 0, "bbox": {"xmin": 342, "ymin": 350, "ymax": 642, "xmax": 495}}, {"tid": 2, "generated": 0, "bbox": {"xmin": 1105, "ymin": 384, "ymax": 656, "xmax": 1191}}], [{"tid": 0, "generated": 0, "bbox": {"xmin": 53, "ymin": 336, "ymax": 632, "xmax": 486}}, {"tid": 1, "generated": 0, "bbox": {"xmin": 340, "ymin": 353, "ymax": 641, "xmax": 493}}, {"tid": 2, "generated": 0, "bbox": {"xmin": 1104, "ymin": 383, "ymax": 655, "xmax": 1190}}], [{"tid": 0, "generated": 0, "bbox": {"xmin": 58, "ymin": 336, "ymax": 632, "xmax": 488}}, {"tid": 1, "generated": 0, "bbox": {"xmin": 338, "ymin": 356, "ymax": 641, "xmax": 492}}, {"tid": 2, "generated": 0, "bbox": {"xmin": 1104, "ymin": 383, "ymax": 655, "xmax": 1190}}], [{"tid": 0, "generated": 0, "bbox": {"xmin": 62, "ymin": 336, "ymax": 632, "xmax": 490}}, {"tid": 1, "generated": 0, "bbox": {"xmin": 337, "ymin": 359, "ymax": 641, "xmax": 490}}, {"tid": 2, "generated": 0, "bbox": {"xmin": 1104, "ymin": 382, "ymax": 654, "xmax": 1189}}], [{"tid": 0, "generated": 0, "bbox": {"xmin": 67, "ymin": 336, "ymax": 632, "xmax": 492}}, {"tid": 1, "generated": 0, "bbox": {"xmin": 335, "ymin": 362, "ymax": 641, "xmax": 488}}, {"tid": 2, "generated": 0, "bbox": {"xmin": 1104, "ymin": 382, "ymax": 654, "xmax": 1189}}], [], [], [], [], [], [], [], [], [], [], [], [], [], [], [], [], [], [], [], [], [], [], [], [], [], [], [], [], [], [], [{"tid": 0, "generated": 0, "bbox": {"xmin": 142, "ymin": 328, "ymax": 625, "xmax": 592}}, {"tid": 1, "generated": 0, "bbox": {"xmin": 332, "ymin": 399, "ymax": 641, "xmax": 476}}, {"tid": 2, "generated": 0, "bbox": {"xmin": 1075, "ymin": 387, "ymax": 650, "xmax": 1185}}], [{"tid": 0, "generated": 0, "bbox": {"xmin": 143, "ymin": 328, "ymax": 625, "xmax": 600}}, {"tid": 1, "generated": 0, "bbox": {"xmin": 332, "ymin": 399, "ymax": 641, "xmax": 476}}, {"tid": 2, "generated": 0, "bbox": {"xmin": 1074, "ymin": 387, "ymax": 649, "xmax": 1185}}], [{"tid": 0, "generated": 0, "bbox": {"xmin": 145, "ymin": 328, "ymax": 625, "xmax": 608}}, {"tid": 1, "generated": 0, "bbox": {"xmin": 332, "ymin": 399, "ymax": 641, "xmax": 476}}, {"tid": 2, "generated": 0, "bbox": {"xmin": 1074, "ymin": 387, "ymax": 649, "xmax": 1185}}], [{"tid": 0, "generated": 0, "bbox": {"xmin": 147, "ymin": 328, "ymax": 625, "xmax": 616}}, {"tid": 1, "generated": 0, "bbox": {"xmin": 332, "ymin": 399, "ymax": 641, "xmax": 476}}, {"tid": 2, "generated": 0, "bbox": {"xmin": 1074, "ymin": 387, "ymax": 649, "xmax": 1185}}], [{"tid": 0, "generated": 0, "bbox": {"xmin": 149, "ymin": 328, "ymax": 625, "xmax": 624}}, {"tid": 1, "generated": 0, "bbox": {"xmin": 332, "ymin": 399, "ymax": 641, "xmax": 476}}, {"tid": 2, "generated": 0, "bbox": {"xmin": 1074, "ymin": 387, "ymax": 649, "xmax": 1185}}], [{"tid": 0, "generated": 0, "bbox": {"xmin": 151, "ymin": 329, "ymax": 625, "xmax": 632}}, {"tid": 1, "generated": 0, "bbox": {"xmin": 332, "ymin": 399, "ymax": 641, "xmax": 476}}, {"tid": 2, "generated": 0, "bbox": {"xmin": 1073, "ymin": 387, "ymax": 649, "xmax": 1185}}], [{"tid": 0, "generated": 0, "bbox": {"xmin": 152, "ymin": 329, "ymax": 625, "xmax": 640}}, {"tid": 1, "generated": 0, "bbox": {"xmin": 332, "ymin": 399, "ymax": 641, "xmax": 476}}, {"tid": 2, "generated": 0, "bbox": {"xmin": 1073, "ymin": 387, "ymax": 649, "xmax": 1185}}], [{"tid": 0, "generated": 0, "bbox": {"xmin": 154, "ymin": 329, "ymax": 625, "xmax": 648}}, {"tid": 1, "generated": 0, "bbox": {"xmin": 332, "ymin": 399, "ymax": 641, "xmax": 476}}, {"tid": 2, "generated": 0, "bbox": {"xmin": 1073, "ymin": 387, "ymax": 649, "xmax": 1185}}], [{"tid": 0, "generated": 0, "bbox": {"xmin": 156, "ymin": 329, "ymax": 625, "xmax": 656}}, {"tid": 1, "generated": 0, "bbox": {"xmin": 332, "ymin": 399, "ymax": 641, "xmax": 475}}, {"tid": 2, "generated": 0, "bbox": {"xmin": 1073, "ymin": 387, "ymax": 649, "xmax": 1185}}], [{"tid": 0, "generated": 0, "bbox": {"xmin": 158, "ymin": 329, "ymax": 625, "xmax": 664}}, {"tid": 1, "generated": 0, "bbox": {"xmin": 332, "ymin": 399, "ymax": 641, "xmax": 475}}, {"tid": 2, "generated": 0, "bbox": {"xmin": 1072, "ymin": 387, "ymax": 649, "xmax": 1185}}], [{"tid": 0, "generated": 0, "bbox": {"xmin": 160, "ymin": 330, "ymax": 625, "xmax": 672}}, {"tid": 1, "generated": 0, "bbox": {"xmin": 332, "ymin": 399, "ymax": 641, "xmax": 475}}, {"tid": 2, "generated": 0, "bbox": {"xmin": 1072, "ymin": 387, "ymax": 649, "xmax": 1185}}], [{"tid": 0, "generated": 0, "bbox": {"xmin": 162, "ymin": 330, "ymax": 625, "xmax": 676}}, {"tid": 1, "generated": 0, "bbox": {"xmin": 332, "ymin": 399, "ymax": 641, "xmax": 475}}, {"tid": 2, "generated": 0, "bbox": {"xmin": 1072, "ymin": 387, "ymax": 648, "xmax": 1185}}], [{"tid": 0, "generated": 0, "bbox": {"xmin": 165, "ymin": 331, "ymax": 626, "xmax": 681}}, {"tid": 1, "generated": 0, "bbox": {"xmin": 332, "ymin": 399, "ymax": 641, "xmax": 475}}, {"tid": 2, "generated": 0, "bbox": {"xmin": 1072, "ymin": 387, "ymax": 648, "xmax": 1185}}], [{"tid": 0, "generated": 0, "bbox": {"xmin": 168, "ymin": 332, "ymax": 626, "xmax": 686}}, {"tid": 1, "generated": 0, "bbox": {"xmin": 332, "ymin": 399, "ymax": 641, "xmax": 475}}, {"tid": 2, "generated": 0, "bbox": {"xmin": 1071, "ymin": 387, "ymax": 648, "xmax": 1185}}], [{"tid": 0, "generated": 0, "bbox": {"xmin": 171, "ymin": 332, "ymax": 627, "xmax": 691}}, {"tid": 1, "generated": 0, "bbox": {"xmin": 332, "ymin": 399, "ymax": 641, "xmax": 475}}, {"tid": 2, "generated": 0, "bbox": {"xmin": 1071, "ymin": 387, "ymax": 648, "xmax": 1185}}], [{"tid": 0, "generated": 0, "bbox": {"xmin": 174, "ymin": 333, "ymax": 628, "xmax": 696}}, {"tid": 1, "generated": 0, "bbox": {"xmin": 332, "ymin": 399, "ymax": 641, "xmax": 475}}, {"tid": 2, "generated": 0, "bbox": {"xmin": 1071, "ymin": 387, "ymax": 648, "xmax": 1185}}], [{"tid": 0, "generated": 0, "bbox": {"xmin": 176, "ymin": 334, "ymax": 628, "xmax": 700}}, {"tid": 1, "generated": 0, "bbox": {"xmin": 332, "ymin": 399, "ymax": 641, "xmax": 475}}, {"tid": 2, "generated": 0, "bbox": {"xmin": 1071, "ymin": 387, "ymax": 648, "xmax": 1185}}], [{"tid": 0, "generated": 0, "bbox": {"xmin": 179, "ymin": 334, "ymax": 629, "xmax": 705}}, {"tid": 1, "generated": 0, "bbox": {"xmin": 332, "ymin": 398, "ymax": 641, "xmax": 475}}, {"tid": 2, "generated": 0, "bbox": {"xmin": 1070, "ymin": 387, "ymax": 648, "xmax": 1185}}], [{"tid": 0, "generated": 0, "bbox": {"xmin": 182, "ymin": 335, "ymax": 629, "xmax": 710}}, {"tid": 1, "generated": 0, "bbox": {"xmin": 332, "ymin": 398, "ymax": 641, "xmax": 475}}, {"tid": 2, "generated": 0, "bbox": {"xmin": 1070, "ymin": 387, "ymax": 648, "xmax": 1185}}], [{"tid": 0, "generated": 0, "bbox": {"xmin": 185, "ymin": 336, "ymax": 630, "xmax": 715}}, {"tid": 1, "generated": 0, "bbox": {"xmin": 332, "ymin": 398, "ymax": 641, "xmax": 475}}, {"tid": 2, "generated": 0, "bbox": {"xmin": 1070, "ymin": 387, "ymax": 648, "xmax": 1185}}], [{"tid": 0, "generated": 0, "bbox": {"xmin": 188, "ymin": 337, "ymax": 631, "xmax": 720}}, {"tid": 1, "generated": 0, "bbox": {"xmin": 332, "ymin": 398, "ymax": 641, "xmax": 475}}, {"tid": 2, "generated": 0, "bbox": {"xmin": 1070, "ymin": 387, "ymax": 648, "xmax": 1185}}], [{"tid": 0, "generated": 0, "bbox": {"xmin": 190, "ymin": 336, "ymax": 629, "xmax": 724}}, {"tid": 1, "generated": 0, "bbox": {"xmin": 332, "ymin": 398, "ymax": 641, "xmax": 475}}, {"tid": 2, "generated": 0, "bbox": {"xmin": 1070, "ymin": 387, "ymax": 648, "xmax": 1185}}], [{"tid": 0, "generated": 0, "bbox": {"xmin": 192, "ymin": 336, "ymax": 628, "xmax": 728}}, {"tid": 1, "generated": 0, "bbox": {"xmin": 332, "ymin": 398, "ymax": 641, "xmax": 474}}, {"tid": 2, "generated": 0, "bbox": {"xmin": 1070, "ymin": 387, "ymax": 648, "xmax": 1185}}], [{"tid": 0, "generated": 0, "bbox": {"xmin": 195, "ymin": 336, "ymax": 626, "xmax": 732}}, {"tid": 1, "generated": 0, "bbox": {"xmin": 332, "ymin": 398, "ymax": 641, "xmax": 474}}, {"tid": 2, "generated": 0, "bbox": {"xmin": 1070, "ymin": 387, "ymax": 648, "xmax": 1185}}], [{"tid": 0, "generated": 0, "bbox": {"xmin": 197, "ymin": 336, "ymax": 625, "xmax": 736}}, {"tid": 1, "generated": 0, "bbox": {"xmin": 332, "ymin": 398, "ymax": 641, "xmax": 474}}, {"tid": 2, "generated": 0, "bbox": {"xmin": 1071, "ymin": 387, "ymax": 648, "xmax": 1185}}], [{"tid": 0, "generated": 0, "bbox": {"xmin": 200, "ymin": 336, "ymax": 624, "xmax": 741}}, {"tid": 1, "generated": 0, "bbox": {"xmin": 332, "ymin": 398, "ymax": 641, "xmax": 474}}, {"tid": 2, "generated": 0, "bbox": {"xmin": 1071, "ymin": 387, "ymax": 648, "xmax": 1185}}], [{"tid": 0, "generated": 0, "bbox": {"xmin": 205, "ymin": 334, "ymax": 624, "xmax": 744}}, {"tid": 1, "generated": 0, "bbox": {"xmin": 332, "ymin": 398, "ymax": 641, "xmax": 474}}, {"tid": 2, "generated": 0, "bbox": {"xmin": 1071, "ymin": 387, "ymax": 648, "xmax": 1185}}], [{"tid": 0, "generated": 0, "bbox": {"xmin": 210, "ymin": 333, "ymax": 624, "xmax": 748}}, {"tid": 1, "generated": 0, "bbox": {"xmin": 332, "ymin": 398, "ymax": 641, "xmax": 474}}, {"tid": 2, "generated": 0, "bbox": {"xmin": 1071, "ymin": 387, "ymax": 648, "xmax": 1185}}], [{"tid": 0, "generated": 0, "bbox": {"xmin": 216, "ymin": 332, "ymax": 624, "xmax": 751}}, {"tid": 1, "generated": 0, "bbox": {"xmin": 332, "ymin": 398, "ymax": 641, "xmax": 474}}, {"tid": 2, "generated": 0, "bbox": {"xmin": 1072, "ymin": 387, "ymax": 648, "xmax": 1185}}], [{"tid": 0, "generated": 0, "bbox": {"xmin": 221, "ymin": 331, "ymax": 624, "xmax": 755}}, {"tid": 1, "generated": 0, "bbox": {"xmin": 332, "ymin": 398, "ymax": 641, "xmax": 474}}, {"tid": 2, "generated": 0, "bbox": {"xmin": 1072, "ymin": 387, "ymax": 648, "xmax": 1185}}]], "subject/objects": [{"category": "horse", "tid": 0}, {"category": "horse", "tid": 1}, {"category": "horse", "tid": 2}], "relation_instances": [{"end_fid": 30, "subject_tid": 0, "predicate": "walk_next_to", "begin_fid": 0, "object_tid": 1}, {"end_fid": 30, "subject_tid": 0, "predicate": "walk_past", "begin_fid": 0, "object_tid": 1}, {"end_fid": 30, "subject_tid": 0, "predicate": "walk_behind", "begin_fid": 0, "object_tid": 1}, {"end_fid": 30, "subject_tid": 0, "predicate": "walk_left", "begin_fid": 0, "object_tid": 1}, {"end_fid": 30, "subject_tid": 0, "predicate": "larger", "begin_fid": 0, "object_tid": 1}, {"end_fid": 30, "subject_tid": 1, "predicate": "stand_right", "begin_fid": 0, "object_tid": 0}, {"end_fid": 30, "subject_tid": 1, "predicate": "stand_next_to", "begin_fid": 0, "object_tid": 0}, {"end_fid": 30, "subject_tid": 1, "predicate": "stand_front", "begin_fid": 0, "object_tid": 0}, {"end_fid": 60, "subject_tid": 0, "predicate": "walk_next_to", "begin_fid": 30, "object_tid": 1}, {"end_fid": 60, "subject_tid": 0, "predicate": "walk_past", "begin_fid": 30, "object_tid": 1}, {"end_fid": 60, "subject_tid": 0, "predicate": "walk_behind", "begin_fid": 30, "object_tid": 1}, {"end_fid": 60, "subject_tid": 0, "predicate": "larger", "begin_fid": 30, "object_tid": 1}, {"end_fid": 60, "subject_tid": 1, "predicate": "stand_next_to", "begin_fid": 30, "object_tid": 0}, {"end_fid": 60, "subject_tid": 1, "predicate": "stand_front", "begin_fid": 30, "object_tid": 0}, {"end_fid": 60, "subject_tid": 0, "predicate": "walk_left", "begin_fid": 30, "object_tid": 2}, {"end_fid": 60, "subject_tid": 0, "predicate": "larger", "begin_fid": 30, "object_tid": 2}, {"end_fid": 60, "subject_tid": 2, "predicate": "stand_right", "begin_fid": 30, "object_tid": 0}, {"end_fid": 60, "subject_tid": 1, "predicate": "stand_left", "begin_fid": 30, "object_tid": 2}, {"end_fid": 60, "subject_tid": 2, "predicate": "stand_right", "begin_fid": 30, "object_tid": 1}, {"end_fid": 120, "subject_tid": 0, "predicate": "walk_next_to", "begin_fid": 90, "object_tid": 1}, {"end_fid": 120, "subject_tid": 0, "predicate": "walk_past", "begin_fid": 90, "object_tid": 1}, {"end_fid": 120, "subject_tid": 0, "predicate": "walk_behind", "begin_fid": 90, "object_tid": 1}, {"end_fid": 120, "subject_tid": 0, "predicate": "larger", "begin_fid": 90, "object_tid": 1}, {"end_fid": 120, "subject_tid": 1, "predicate": "stand_next_to", "begin_fid": 90, "object_tid": 0}, {"end_fid": 120, "subject_tid": 1, "predicate": "stand_front", "begin_fid": 90, "object_tid": 0}, {"end_fid": 120, "subject_tid": 0, "predicate": "walk_left", "begin_fid": 90, "object_tid": 2}, {"end_fid": 120, "subject_tid": 0, "predicate": "larger", "begin_fid": 90, "object_tid": 2}, {"end_fid": 120, "subject_tid": 2, "predicate": "stand_right", "begin_fid": 90, "object_tid": 0}, {"end_fid": 120, "subject_tid": 1, "predicate": "stand_left", "begin_fid": 90, "object_tid": 2}, {"end_fid": 120, "subject_tid": 2, "predicate": "stand_right", "begin_fid": 90, "object_tid": 1}], "height": 720}