{"width": 640, "frame_count": 297, "video_id": "ILSVRC2015_train_00020000", "fps": 24, "trajectories": [[{"tid": 0, "generated": 0, "bbox": {"xmin": 84, "ymin": 205, "ymax": 336, "xmax": 256}}, {"tid": 1, "generated": 0, "bbox": {"xmin": 169, "ymin": 214, "ymax": 350, "xmax": 560}}, {"tid": 2, "generated": 0, "bbox": {"xmin": 333, "ymin": 112, "ymax": 177, "xmax": 424}}, {"tid": 3, "generated": 0, "bbox": {"xmin": 432, "ymin": 93, "ymax": 150, "xmax": 583}}, {"tid": 4, "generated": 0, "bbox": {"xmin": 541, "ymin": 152, "ymax": 248, "xmax": 639}}], [{"tid": 0, "generated": 0, "bbox": {"xmin": 84, "ymin": 205, "ymax": 335, "xmax": 256}}, {"tid": 1, "generated": 0, "bbox": {"xmin": 169, "ymin": 214, "ymax": 350, "xmax": 560}}, {"tid": 2, "generated": 0, "bbox": {"xmin": 333, "ymin": 112, "ymax": 177, "xmax": 424}}, {"tid": 3, "generated": 0, "bbox": {"xmin": 432, "ymin": 93, "ymax": 150, "xmax": 583}}, {"tid": 4, "generated": 0, "bbox": {"xmin": 541, "ymin": 152, "ymax": 248, "xmax": 639}}], [{"tid": 0, "generated": 0, "bbox": {"xmin": 84, "ymin": 205, "ymax": 335, "xmax": 256}}, {"tid": 1, "generated": 0, "bbox": {"xmin": 170, "ymin": 214, "ymax": 350, "xmax": 561}}, {"tid": 2, "generated": 0, "bbox": {"xmin": 333, "ymin": 112, "ymax": 177, "xmax": 424}}, {"tid": 3, "generated": 0, "bbox": {"xmin": 432, "ymin": 93, "ymax": 150, "xmax": 583}}, {"tid": 4, "generated": 0, "bbox": {"xmin": 541, "ymin": 152, "ymax": 248, "xmax": 639}}], [{"tid": 0, "generated": 0, "bbox": {"xmin": 84, "ymin": 205, "ymax": 335, "xmax": 256}}, {"tid": 1, "generated": 0, "bbox": {"xmin": 170, "ymin": 214, "ymax": 350, "xmax": 561}}, {"tid": 2, "generated": 0, "bbox": {"xmin": 333, "ymin": 112, "ymax": 177, "xmax": 424}}, {"tid": 3, "generated": 0, "bbox": {"xmin": 432, "ymin": 93, "ymax": 150, "xmax": 583}}, {"tid": 4, "generated": 0, "bbox": {"xmin": 541, "ymin": 152, "ymax": 248, "xmax": 639}}], [{"tid": 0, "generated": 0, "bbox": {"xmin": 84, "ymin": 205, "ymax": 334, "xmax": 256}}, {"tid": 1, "generated": 0, "bbox": {"xmin": 171, "ymin": 214, "ymax": 350, "xmax": 562}}, {"tid": 2, "generated": 0, "bbox": {"xmin": 333, "ymin": 113, "ymax": 178, "xmax": 424}}, {"tid": 3, "generated": 0, "bbox": {"xmin": 432, "ymin": 93, "ymax": 150, "xmax": 583}}, {"tid": 4, "generated": 0, "bbox": {"xmin": 541, "ymin": 152, "ymax": 248, "xmax": 639}}], [{"tid": 0, "generated": 0, "bbox": {"xmin": 84, "ymin": 205, "ymax": 334, "xmax": 256}}, {"tid": 1, "generated": 0, "bbox": {"xmin": 171, "ymin": 215, "ymax": 351, "xmax": 562}}, {"tid": 2, "generated": 0, "bbox": {"xmin": 333, "ymin": 113, "ymax": 178, "xmax": 424}}, {"tid": 3, "generated": 0, "bbox": {"xmin": 432, "ymin": 93, "ymax": 150, "xmax": 583}}, {"tid": 4, "generated": 0, "bbox": {"xmin": 541, "ymin": 152, "ymax": 248, "xmax": 639}}], [{"tid": 0, "generated": 0, "bbox": {"xmin": 84, "ymin": 205, "ymax": 334, "xmax": 256}}, {"tid": 1, "generated": 0, "bbox": {"xmin": 172, "ymin": 215, "ymax": 351, "xmax": 563}}, {"tid": 2, "generated": 0, "bbox": {"xmin": 333, "ymin": 113, "ymax": 178, "xmax": 424}}, {"tid": 3, "generated": 0, "bbox": {"xmin": 432, "ymin": 93, "ymax": 150, "xmax": 583}}, {"tid": 4, "generated": 0, "bbox": {"xmin": 541, "ymin": 152, "ymax": 248, "xmax": 639}}], [{"tid": 0, "generated": 0, "bbox": {"xmin": 84, "ymin": 205, "ymax": 333, "xmax": 256}}, {"tid": 1, "generated": 0, "bbox": {"xmin": 172, "ymin": 215, "ymax": 351, "xmax": 563}}, {"tid": 2, "generated": 0, "bbox": {"xmin": 333, "ymin": 114, "ymax": 179, "xmax": 424}}, {"tid": 3, "generated": 0, "bbox": {"xmin": 432, "ymin": 93, "ymax": 150, "xmax": 583}}, {"tid": 4, "generated": 0, "bbox": {"xmin": 541, "ymin": 152, "ymax": 248, "xmax": 639}}], [{"tid": 0, "generated": 0, "bbox": {"xmin": 84, "ymin": 205, "ymax": 333, "xmax": 256}}, {"tid": 1, "generated": 0, "bbox": {"xmin": 173, "ymin": 215, "ymax": 351, "xmax": 564}}, {"tid": 2, "generated": 0, "bbox": {"xmin": 333, "ymin": 114, "ymax": 179, "xmax": 424}}, {"tid": 3, "generated": 0, "bbox": {"xmin": 432, "ymin": 93, "ymax": 150, "xmax": 583}}, {"tid": 4, "generated": 0, "bbox": {"xmin": 541, "ymin": 152, "ymax": 248, "xmax": 639}}], [{"tid": 0, "generated": 0, "bbox": {"xmin": 84, "ymin": 205, "ymax": 333, "xmax": 256}}, {"tid": 1, "generated": 0, "bbox": {"xmin": 173, "ymin": 215, "ymax": 351, "xmax": 564}}, {"tid": 2, "generated": 0, "bbox": {"xmin": 333, "ymin": 114, "ymax": 179, "xmax": 424}}, {"tid": 3, "generated": 0, "bbox": {"xmin": 432, "ymin": 93, "ymax": 150, "xmax": 583}}, {"tid": 4, "generated": 0, "bbox": {"xmin": 541, "ymin": 152, "ymax": 248, "xmax": 639}}], [{"tid": 0, "generated": 0, "bbox": {"xmin": 84, "ymin": 206, "ymax": 333, "xmax": 256}}, {"tid": 1, "generated": 0, "bbox": {"xmin": 174, "ymin": 216, "ymax": 352, "xmax": 565}}, {"tid": 2, "generated": 0, "bbox": {"xmin": 333, "ymin": 114, "ymax": 179, "xmax": 424}}, {"tid": 3, "generated": 0, "bbox": {"xmin": 432, "ymin": 94, "ymax": 151, "xmax": 584}}, {"tid": 4, "generated": 0, "bbox": {"xmin": 541, "ymin": 152, "ymax": 248, "xmax": 639}}], [{"tid": 0, "generated": 0, "bbox": {"xmin": 84, "ymin": 206, "ymax": 333, "xmax": 256}}, {"tid": 1, "generated": 0, "bbox": {"xmin": 174, "ymin": 216, "ymax": 352, "xmax": 565}}, {"tid": 2, "generated": 0, "bbox": {"xmin": 333, "ymin": 115, "ymax": 180, "xmax": 424}}, {"tid": 3, "generated": 0, "bbox": {"xmin": 432, "ymin": 94, "ymax": 151, "xmax": 584}}, {"tid": 4, "generated": 0, "bbox": {"xmin": 541, "ymin": 152, "ymax": 248, "xmax": 639}}], [{"tid": 0, "generated": 0, "bbox": {"xmin": 84, "ymin": 206, "ymax": 333, "xmax": 256}}, {"tid": 1, "generated": 0, "bbox": {"xmin": 174, "ymin": 216, "ymax": 352, "xmax": 565}}, {"tid": 2, "generated": 0, "bbox": {"xmin": 333, "ymin": 115, "ymax": 180, "xmax": 424}}, {"tid": 3, "generated": 0, "bbox": {"xmin": 432, "ymin": 94, "ymax": 151, "xmax": 584}}, {"tid": 4, "generated": 0, "bbox": {"xmin": 541, "ymin": 152, "ymax": 248, "xmax": 639}}], [{"tid": 0, "generated": 0, "bbox": {"xmin": 84, "ymin": 206, "ymax": 333, "xmax": 256}}, {"tid": 1, "generated": 0, "bbox": {"xmin": 174, "ymin": 216, "ymax": 352, "xmax": 565}}, {"tid": 2, "generated": 0, "bbox": {"xmin": 333, "ymin": 115, "ymax": 180, "xmax": 424}}, {"tid": 3, "generated": 0, "bbox": {"xmin": 432, "ymin": 94, "ymax": 151, "xmax": 584}}, {"tid": 4, "generated": 0, "bbox": {"xmin": 541, "ymin": 152, "ymax": 248, "xmax": 639}}], [{"tid": 0, "generated": 0, "bbox": {"xmin": 85, "ymin": 206, "ymax": 333, "xmax": 257}}, {"tid": 1, "generated": 0, "bbox": {"xmin": 174, "ymin": 216, "ymax": 352, "xmax": 565}}, {"tid": 2, "generated": 0, "bbox": {"xmin": 333, "ymin": 116, "ymax": 181, "xmax": 424}}, {"tid": 3, "generated": 0, "bbox": {"xmin": 433, "ymin": 94, "ymax": 151, "xmax": 584}}, {"tid": 4, "generated": 0, "bbox": {"xmin": 542, "ymin": 153, "ymax": 248, "xmax": 639}}], [{"tid": 0, "generated": 0, "bbox": {"xmin": 84, "ymin": 206, "ymax": 333, "xmax": 256}}, {"tid": 1, "generated": 0, "bbox": {"xmin": 173, "ymin": 216, "ymax": 352, "xmax": 564}}, {"tid": 2, "generated": 0, "bbox": {"xmin": 332, "ymin": 116, "ymax": 181, "xmax": 423}}, {"tid": 3, "generated": 0, "bbox": {"xmin": 432, "ymin": 94, "ymax": 151, "xmax": 583}}, {"tid": 4, "generated": 0, "bbox": {"xmin": 541, "ymin": 153, "ymax": 248, "xmax": 639}}], [{"tid": 0, "generated": 0, "bbox": {"xmin": 84, "ymin": 206, "ymax": 333, "xmax": 256}}, {"tid": 1, "generated": 0, "bbox": {"xmin": 173, "ymin": 216, "ymax": 352, "xmax": 564}}, {"tid": 2, "generated": 0, "bbox": {"xmin": 332, "ymin": 116, "ymax": 181, "xmax": 423}}, {"tid": 3, "generated": 0, "bbox": {"xmin": 432, "ymin": 94, "ymax": 151, "xmax": 583}}, {"tid": 4, "generated": 0, "bbox": {"xmin": 541, "ymin": 153, "ymax": 248, "xmax": 639}}], [{"tid": 0, "generated": 0, "bbox": {"xmin": 84, "ymin": 206, "ymax": 333, "xmax": 256}}, {"tid": 1, "generated": 0, "bbox": {"xmin": 173, "ymin": 216, "ymax": 352, "xmax": 564}}, {"tid": 2, "generated": 0, "bbox": {"xmin": 332, "ymin": 116, "ymax": 181, "xmax": 423}}, {"tid": 3, "generated": 0, "bbox": {"xmin": 432, "ymin": 94, "ymax": 152, "xmax": 583}}, {"tid": 4, "generated": 0, "bbox": {"xmin": 541, "ymin": 153, "ymax": 248, "xmax": 639}}], [{"tid": 0, "generated": 0, "bbox": {"xmin": 83, "ymin": 207, "ymax": 334, "xmax": 255}}, {"tid": 1, "generated": 0, "bbox": {"xmin": 173, "ymin": 216, "ymax": 352, "xmax": 564}}, {"tid": 2, "generated": 0, "bbox": {"xmin": 331, "ymin": 116, "ymax": 181, "xmax": 422}}, {"tid": 3, "generated": 0, "bbox": {"xmin": 432, "ymin": 95, "ymax": 152, "xmax": 582}}, {"tid": 4, "generated": 0, "bbox": {"xmin": 541, "ymin": 154, "ymax": 249, "xmax": 639}}], [{"tid": 0, "generated": 0, "bbox": {"xmin": 83, "ymin": 207, "ymax": 334, "xmax": 255}}, {"tid": 1, "generated": 0, "bbox": {"xmin": 172, "ymin": 217, "ymax": 353, "xmax": 564}}, {"tid": 2, "generated": 0, "bbox": {"xmin": 331, "ymin": 116, "ymax": 181, "xmax": 422}}, {"tid": 3, "generated": 0, "bbox": {"xmin": 432, "ymin": 95, "ymax": 152, "xmax": 582}}, {"tid": 4, "generated": 0, "bbox": {"xmin": 540, "ymin": 154, "ymax": 249, "xmax": 639}}], [{"tid": 0, "generated": 0, "bbox": {"xmin": 83, "ymin": 207, "ymax": 334, "xmax": 255}}, {"tid": 1, "generated": 0, "bbox": {"xmin": 172, "ymin": 217, "ymax": 353, "xmax": 563}}, {"tid": 2, "generated": 0, "bbox": {"xmin": 331, "ymin": 116, "ymax": 181, "xmax": 422}}, {"tid": 3, "generated": 0, "bbox": {"xmin": 432, "ymin": 95, "ymax": 153, "xmax": 582}}, {"tid": 4, "generated": 0, "bbox": {"xmin": 540, "ymin": 154, "ymax": 249, "xmax": 639}}], [{"tid": 0, "generated": 0, "bbox": {"xmin": 82, "ymin": 207, "ymax": 334, "xmax": 254}}, {"tid": 1, "generated": 0, "bbox": {"xmin": 172, "ymin": 217, "ymax": 353, "xmax": 563}}, {"tid": 2, "generated": 0, "bbox": {"xmin": 331, "ymin": 117, "ymax": 181, "xmax": 421}}, {"tid": 3, "generated": 0, "bbox": {"xmin": 431, "ymin": 95, "ymax": 153, "xmax": 581}}, {"tid": 4, "generated": 0, "bbox": {"xmin": 540, "ymin": 154, "ymax": 249, "xmax": 639}}], [{"tid": 0, "generated": 0, "bbox": {"xmin": 82, "ymin": 208, "ymax": 335, "xmax": 254}}, {"tid": 1, "generated": 0, "bbox": {"xmin": 172, "ymin": 217, "ymax": 353, "xmax": 563}}, {"tid": 2, "generated": 0, "bbox": {"xmin": 330, "ymin": 117, "ymax": 181, "xmax": 421}}, {"tid": 3, "generated": 0, "bbox": {"xmin": 431, "ymin": 96, "ymax": 153, "xmax": 581}}, {"tid": 4, "generated": 0, "bbox": {"xmin": 540, "ymin": 155, "ymax": 250, "xmax": 639}}], [{"tid": 0, "generated": 0, "bbox": {"xmin": 82, "ymin": 208, "ymax": 335, "xmax": 254}}, {"tid": 1, "generated": 0, "bbox": {"xmin": 171, "ymin": 218, "ymax": 354, "xmax": 563}}, {"tid": 2, "generated": 0, "bbox": {"xmin": 330, "ymin": 117, "ymax": 182, "xmax": 421}}, {"tid": 3, "generated": 0, "bbox": {"xmin": 431, "ymin": 96, "ymax": 154, "xmax": 581}}, {"tid": 4, "generated": 0, "bbox": {"xmin": 539, "ymin": 155, "ymax": 250, "xmax": 639}}], [{"tid": 0, "generated": 0, "bbox": {"xmin": 81, "ymin": 208, "ymax": 335, "xmax": 253}}, {"tid": 1, "generated": 0, "bbox": {"xmin": 171, "ymin": 218, "ymax": 354, "xmax": 563}}, {"tid": 2, "generated": 0, "bbox": {"xmin": 330, "ymin": 117, "ymax": 182, "xmax": 420}}, {"tid": 3, "generated": 0, "bbox": {"xmin": 431, "ymin": 96, "ymax": 154, "xmax": 580}}, {"tid": 4, "generated": 0, "bbox": {"xmin": 539, "ymin": 155, "ymax": 250, "xmax": 639}}], [{"tid": 0, "generated": 0, "bbox": {"xmin": 81, "ymin": 208, "ymax": 335, "xmax": 253}}, {"tid": 1, "generated": 0, "bbox": {"xmin": 171, "ymin": 218, "ymax": 354, "xmax": 562}}, {"tid": 2, "generated": 0, "bbox": {"xmin": 330, "ymin": 117, "ymax": 182, "xmax": 420}}, {"tid": 3, "generated": 0, "bbox": {"xmin": 431, "ymin": 96, "ymax": 154, "xmax": 580}}, {"tid": 4, "generated": 0, "bbox": {"xmin": 539, "ymin": 155, "ymax": 250, "xmax": 639}}], [{"tid": 0, "generated": 0, "bbox": {"xmin": 81, "ymin": 209, "ymax": 336, "xmax": 253}}, {"tid": 1, "generated": 0, "bbox": {"xmin": 171, "ymin": 218, "ymax": 354, "xmax": 562}}, {"tid": 2, "generated": 0, "bbox": {"xmin": 329, "ymin": 117, "ymax": 182, "xmax": 420}}, {"tid": 3, "generated": 0, "bbox": {"xmin": 431, "ymin": 97, "ymax": 155, "xmax": 580}}, {"tid": 4, "generated": 0, "bbox": {"xmin": 539, "ymin": 156, "ymax": 251, "xmax": 639}}], [{"tid": 0, "generated": 0, "bbox": {"xmin": 81, "ymin": 209, "ymax": 336, "xmax": 253}}, {"tid": 1, "generated": 0, "bbox": {"xmin": 171, "ymin": 219, "ymax": 355, "xmax": 562}}, {"tid": 2, "generated": 0, "bbox": {"xmin": 329, "ymin": 118, "ymax": 182, "xmax": 420}}, {"tid": 3, "generated": 0, "bbox": {"xmin": 431, "ymin": 97, "ymax": 155, "xmax": 580}}, {"tid": 4, "generated": 0, "bbox": {"xmin": 539, "ymin": 156, "ymax": 251, "xmax": 639}}], [{"tid": 0, "generated": 0, "bbox": {"xmin": 80, "ymin": 209, "ymax": 336, "xmax": 252}}, {"tid": 1, "generated": 0, "bbox": {"xmin": 170, "ymin": 219, "ymax": 355, "xmax": 562}}, {"tid": 2, "generated": 0, "bbox": {"xmin": 329, "ymin": 118, "ymax": 182, "xmax": 419}}, {"tid": 3, "generated": 0, "bbox": {"xmin": 430, "ymin": 97, "ymax": 155, "xmax": 579}}, {"tid": 4, "generated": 0, "bbox": {"xmin": 538, "ymin": 156, "ymax": 251, "xmax": 639}}], [{"tid": 0, "generated": 0, "bbox": {"xmin": 80, "ymin": 210, "ymax": 337, "xmax": 252}}, {"tid": 1, "generated": 0, "bbox": {"xmin": 170, "ymin": 219, "ymax": 355, "xmax": 562}}, {"tid": 2, "generated": 0, "bbox": {"xmin": 328, "ymin": 118, "ymax": 182, "xmax": 419}}, {"tid": 3, "generated": 0, "bbox": {"xmin": 430, "ymin": 98, "ymax": 156, "xmax": 579}}, {"tid": 4, "generated": 0, "bbox": {"xmin": 538, "ymin": 157, "ymax": 252, "xmax": 639}}], [], [], [], [], [], [], [], [], [], [], [], [], [], [], [], [], [], [], [], [], [], [], [], [], [], [], [], [], [], [], [], [], [], [], [], [], [], [], [], [], [], [], [], [], [], [], [], [], [], [], [], [], [], [], [], [], [], [], [], [], [], [], [], [], [], [], [], [], [], [], [], [], [], [], [], [], [], [], [], [], [], [], [], [], [], [], [], [], [], [], [], [], [], [], [], [], [], [], [], [], [], [], [], [], [], [], [], [], [], [], [], [], [], [], [], [], [], [], [], [], [], [], [], [], [], [], [], [], [], [], [], [], [], [], [], [], [], [], [], [], [], [], [], [], [], [], [], [], [], [], [], [], [], [], [], [], [], [], [], [], [], [], [], [], [], [], [], [], [], [], [], [], [], [], [], [], [], [], [], [], [{"tid": 1, "generated": 0, "bbox": {"xmin": 0, "ymin": 212, "ymax": 348, "xmax": 317}}, {"tid": 2, "generated": 0, "bbox": {"xmin": 81, "ymin": 108, "ymax": 174, "xmax": 175}}, {"tid": 3, "generated": 0, "bbox": {"xmin": 183, "ymin": 88, "ymax": 144, "xmax": 334}}, {"tid": 4, "generated": 0, "bbox": {"xmin": 292, "ymin": 149, "ymax": 246, "xmax": 560}}, {"tid": 5, "generated": 0, "bbox": {"xmin": 400, "ymin": 199, "ymax": 392, "xmax": 639}}], [{"tid": 1, "generated": 0, "bbox": {"xmin": 0, "ymin": 212, "ymax": 346, "xmax": 314}}, {"tid": 2, "generated": 0, "bbox": {"xmin": 78, "ymin": 107, "ymax": 173, "xmax": 172}}, {"tid": 3, "generated": 0, "bbox": {"xmin": 180, "ymin": 87, "ymax": 144, "xmax": 331}}, {"tid": 4, "generated": 0, "bbox": {"xmin": 289, "ymin": 148, "ymax": 245, "xmax": 557}}, {"tid": 5, "generated": 0, "bbox": {"xmin": 390, "ymin": 199, "ymax": 392, "xmax": 639}}], [{"tid": 1, "generated": 0, "bbox": {"xmin": 0, "ymin": 212, "ymax": 345, "xmax": 311}}, {"tid": 2, "generated": 0, "bbox": {"xmin": 75, "ymin": 107, "ymax": 173, "xmax": 169}}, {"tid": 3, "generated": 0, "bbox": {"xmin": 177, "ymin": 87, "ymax": 144, "xmax": 328}}, {"tid": 4, "generated": 0, "bbox": {"xmin": 286, "ymin": 148, "ymax": 245, "xmax": 554}}, {"tid": 5, "generated": 0, "bbox": {"xmin": 387, "ymin": 198, "ymax": 391, "xmax": 638}}], [{"tid": 1, "generated": 0, "bbox": {"xmin": 0, "ymin": 212, "ymax": 344, "xmax": 308}}, {"tid": 2, "generated": 0, "bbox": {"xmin": 72, "ymin": 107, "ymax": 173, "xmax": 166}}, {"tid": 3, "generated": 0, "bbox": {"xmin": 174, "ymin": 87, "ymax": 144, "xmax": 325}}, {"tid": 4, "generated": 0, "bbox": {"xmin": 284, "ymin": 148, "ymax": 245, "xmax": 552}}, {"tid": 5, "generated": 0, "bbox": {"xmin": 385, "ymin": 198, "ymax": 391, "xmax": 637}}], [{"tid": 1, "generated": 0, "bbox": {"xmin": 0, "ymin": 212, "ymax": 343, "xmax": 305}}, {"tid": 2, "generated": 0, "bbox": {"xmin": 70, "ymin": 107, "ymax": 173, "xmax": 164}}, {"tid": 3, "generated": 0, "bbox": {"xmin": 172, "ymin": 87, "ymax": 144, "xmax": 322}}, {"tid": 4, "generated": 0, "bbox": {"xmin": 281, "ymin": 148, "ymax": 245, "xmax": 549}}, {"tid": 5, "generated": 0, "bbox": {"xmin": 382, "ymin": 198, "ymax": 391, "xmax": 637}}], [{"tid": 1, "generated": 0, "bbox": {"xmin": 0, "ymin": 212, "ymax": 342, "xmax": 302}}, {"tid": 2, "generated": 0, "bbox": {"xmin": 67, "ymin": 107, "ymax": 173, "xmax": 161}}, {"tid": 3, "generated": 0, "bbox": {"xmin": 169, "ymin": 87, "ymax": 144, "xmax": 319}}, {"tid": 4, "generated": 0, "bbox": {"xmin": 278, "ymin": 148, "ymax": 245, "xmax": 546}}, {"tid": 5, "generated": 0, "bbox": {"xmin": 380, "ymin": 198, "ymax": 391, "xmax": 636}}], [{"tid": 1, "generated": 0, "bbox": {"xmin": 0, "ymin": 213, "ymax": 341, "xmax": 299}}, {"tid": 2, "generated": 0, "bbox": {"xmin": 64, "ymin": 106, "ymax": 173, "xmax": 158}}, {"tid": 3, "generated": 0, "bbox": {"xmin": 166, "ymin": 87, "ymax": 144, "xmax": 316}}, {"tid": 4, "generated": 0, "bbox": {"xmin": 276, "ymin": 147, "ymax": 245, "xmax": 544}}, {"tid": 5, "generated": 0, "bbox": {"xmin": 378, "ymin": 198, "ymax": 391, "xmax": 636}}], [{"tid": 1, "generated": 0, "bbox": {"xmin": 0, "ymin": 213, "ymax": 340, "xmax": 296}}, {"tid": 2, "generated": 0, "bbox": {"xmin": 62, "ymin": 106, "ymax": 173, "xmax": 156}}, {"tid": 3, "generated": 0, "bbox": {"xmin": 164, "ymin": 87, "ymax": 144, "xmax": 313}}, {"tid": 4, "generated": 0, "bbox": {"xmin": 273, "ymin": 147, "ymax": 245, "xmax": 541}}, {"tid": 5, "generated": 0, "bbox": {"xmin": 375, "ymin": 198, "ymax": 391, "xmax": 635}}], [{"tid": 1, "generated": 0, "bbox": {"xmin": 0, "ymin": 213, "ymax": 338, "xmax": 293}}, {"tid": 2, "generated": 0, "bbox": {"xmin": 59, "ymin": 106, "ymax": 173, "xmax": 153}}, {"tid": 3, "generated": 0, "bbox": {"xmin": 161, "ymin": 87, "ymax": 144, "xmax": 310}}, {"tid": 4, "generated": 0, "bbox": {"xmin": 270, "ymin": 147, "ymax": 245, "xmax": 538}}, {"tid": 5, "generated": 0, "bbox": {"xmin": 373, "ymin": 197, "ymax": 390, "xmax": 635}}], [{"tid": 1, "generated": 0, "bbox": {"xmin": 0, "ymin": 213, "ymax": 337, "xmax": 290}}, {"tid": 2, "generated": 0, "bbox": {"xmin": 56, "ymin": 106, "ymax": 173, "xmax": 150}}, {"tid": 3, "generated": 0, "bbox": {"xmin": 158, "ymin": 87, "ymax": 144, "xmax": 307}}, {"tid": 4, "generated": 0, "bbox": {"xmin": 268, "ymin": 147, "ymax": 245, "xmax": 536}}, {"tid": 5, "generated": 0, "bbox": {"xmin": 371, "ymin": 197, "ymax": 390, "xmax": 634}}], [{"tid": 1, "generated": 0, "bbox": {"xmin": 0, "ymin": 213, "ymax": 336, "xmax": 287}}, {"tid": 2, "generated": 0, "bbox": {"xmin": 53, "ymin": 106, "ymax": 173, "xmax": 147}}, {"tid": 3, "generated": 0, "bbox": {"xmin": 155, "ymin": 87, "ymax": 144, "xmax": 304}}, {"tid": 4, "generated": 0, "bbox": {"xmin": 265, "ymin": 147, "ymax": 245, "xmax": 533}}, {"tid": 5, "generated": 0, "bbox": {"xmin": 368, "ymin": 197, "ymax": 390, "xmax": 634}}], [{"tid": 1, "generated": 0, "bbox": {"xmin": 0, "ymin": 214, "ymax": 335, "xmax": 284}}, {"tid": 2, "generated": 0, "bbox": {"xmin": 51, "ymin": 105, "ymax": 172, "xmax": 145}}, {"tid": 3, "generated": 0, "bbox": {"xmin": 153, "ymin": 87, "ymax": 144, "xmax": 302}}, {"tid": 4, "generated": 0, "bbox": {"xmin": 262, "ymin": 146, "ymax": 244, "xmax": 530}}, {"tid": 5, "generated": 0, "bbox": {"xmin": 366, "ymin": 197, "ymax": 390, "xmax": 633}}], [{"tid": 1, "generated": 0, "bbox": {"xmin": 0, "ymin": 214, "ymax": 334, "xmax": 281}}, {"tid": 2, "generated": 0, "bbox": {"xmin": 48, "ymin": 105, "ymax": 172, "xmax": 142}}, {"tid": 3, "generated": 0, "bbox": {"xmin": 150, "ymin": 87, "ymax": 144, "xmax": 299}}, {"tid": 4, "generated": 0, "bbox": {"xmin": 260, "ymin": 146, "ymax": 244, "xmax": 528}}, {"tid": 5, "generated": 0, "bbox": {"xmin": 364, "ymin": 197, "ymax": 390, "xmax": 632}}], [{"tid": 1, "generated": 0, "bbox": {"xmin": 0, "ymin": 214, "ymax": 333, "xmax": 278}}, {"tid": 2, "generated": 0, "bbox": {"xmin": 45, "ymin": 105, "ymax": 172, "xmax": 139}}, {"tid": 3, "generated": 0, "bbox": {"xmin": 147, "ymin": 87, "ymax": 144, "xmax": 296}}, {"tid": 4, "generated": 0, "bbox": {"xmin": 257, "ymin": 146, "ymax": 244, "xmax": 525}}, {"tid": 5, "generated": 0, "bbox": {"xmin": 361, "ymin": 197, "ymax": 390, "xmax": 632}}], [{"tid": 1, "generated": 0, "bbox": {"xmin": 0, "ymin": 214, "ymax": 332, "xmax": 275}}, {"tid": 2, "generated": 0, "bbox": {"xmin": 43, "ymin": 105, "ymax": 172, "xmax": 137}}, {"tid": 3, "generated": 0, "bbox": {"xmin": 145, "ymin": 87, "ymax": 144, "xmax": 293}}, {"tid": 4, "generated": 0, "bbox": {"xmin": 254, "ymin": 146, "ymax": 244, "xmax": 522}}, {"tid": 5, "generated": 0, "bbox": {"xmin": 359, "ymin": 197, "ymax": 390, "xmax": 631}}], [{"tid": 1, "generated": 0, "bbox": {"xmin": 0, "ymin": 214, "ymax": 330, "xmax": 272}}, {"tid": 2, "generated": 0, "bbox": {"xmin": 40, "ymin": 105, "ymax": 172, "xmax": 134}}, {"tid": 3, "generated": 0, "bbox": {"xmin": 142, "ymin": 87, "ymax": 144, "xmax": 290}}, {"tid": 4, "generated": 0, "bbox": {"xmin": 252, "ymin": 146, "ymax": 244, "xmax": 520}}, {"tid": 5, "generated": 0, "bbox": {"xmin": 357, "ymin": 196, "ymax": 389, "xmax": 631}}], [{"tid": 1, "generated": 0, "bbox": {"xmin": 0, "ymin": 215, "ymax": 329, "xmax": 269}}, {"tid": 2, "generated": 0, "bbox": {"xmin": 37, "ymin": 104, "ymax": 172, "xmax": 131}}, {"tid": 3, "generated": 0, "bbox": {"xmin": 139, "ymin": 87, "ymax": 144, "xmax": 287}}, {"tid": 4, "generated": 0, "bbox": {"xmin": 249, "ymin": 145, "ymax": 244, "xmax": 517}}, {"tid": 5, "generated": 0, "bbox": {"xmin": 354, "ymin": 196, "ymax": 389, "xmax": 630}}], [{"tid": 1, "generated": 0, "bbox": {"xmin": 0, "ymin": 215, "ymax": 328, "xmax": 266}}, {"tid": 2, "generated": 0, "bbox": {"xmin": 34, "ymin": 104, "ymax": 172, "xmax": 128}}, {"tid": 3, "generated": 0, "bbox": {"xmin": 136, "ymin": 87, "ymax": 144, "xmax": 284}}, {"tid": 4, "generated": 0, "bbox": {"xmin": 246, "ymin": 145, "ymax": 244, "xmax": 514}}, {"tid": 5, "generated": 0, "bbox": {"xmin": 352, "ymin": 196, "ymax": 389, "xmax": 630}}], [{"tid": 1, "generated": 0, "bbox": {"xmin": 0, "ymin": 215, "ymax": 327, "xmax": 263}}, {"tid": 2, "generated": 0, "bbox": {"xmin": 32, "ymin": 104, "ymax": 172, "xmax": 126}}, {"tid": 3, "generated": 0, "bbox": {"xmin": 134, "ymin": 87, "ymax": 144, "xmax": 281}}, {"tid": 4, "generated": 0, "bbox": {"xmin": 244, "ymin": 145, "ymax": 244, "xmax": 512}}, {"tid": 5, "generated": 0, "bbox": {"xmin": 350, "ymin": 196, "ymax": 389, "xmax": 629}}], [{"tid": 1, "generated": 0, "bbox": {"xmin": 0, "ymin": 215, "ymax": 326, "xmax": 260}}, {"tid": 2, "generated": 0, "bbox": {"xmin": 29, "ymin": 104, "ymax": 172, "xmax": 123}}, {"tid": 3, "generated": 0, "bbox": {"xmin": 131, "ymin": 87, "ymax": 144, "xmax": 278}}, {"tid": 4, "generated": 0, "bbox": {"xmin": 241, "ymin": 145, "ymax": 244, "xmax": 509}}, {"tid": 5, "generated": 0, "bbox": {"xmin": 347, "ymin": 196, "ymax": 389, "xmax": 629}}], [{"tid": 1, "generated": 0, "bbox": {"xmin": 0, "ymin": 215, "ymax": 325, "xmax": 257}}, {"tid": 2, "generated": 0, "bbox": {"xmin": 26, "ymin": 104, "ymax": 172, "xmax": 120}}, {"tid": 3, "generated": 0, "bbox": {"xmin": 128, "ymin": 87, "ymax": 144, "xmax": 275}}, {"tid": 4, "generated": 0, "bbox": {"xmin": 238, "ymin": 145, "ymax": 244, "xmax": 506}}, {"tid": 5, "generated": 0, "bbox": {"xmin": 345, "ymin": 196, "ymax": 389, "xmax": 628}}], [{"tid": 1, "generated": 0, "bbox": {"xmin": 0, "ymin": 216, "ymax": 324, "xmax": 254}}, {"tid": 2, "generated": 0, "bbox": {"xmin": 24, "ymin": 104, "ymax": 172, "xmax": 118}}, {"tid": 3, "generated": 0, "bbox": {"xmin": 126, "ymin": 87, "ymax": 144, "xmax": 273}}, {"tid": 4, "generated": 0, "bbox": {"xmin": 236, "ymin": 145, "ymax": 244, "xmax": 504}}, {"tid": 5, "generated": 0, "bbox": {"xmin": 343, "ymin": 196, "ymax": 389, "xmax": 628}}], [{"tid": 1, "generated": 0, "bbox": {"xmin": 0, "ymin": 216, "ymax": 324, "xmax": 253}}, {"tid": 2, "generated": 0, "bbox": {"xmin": 23, "ymin": 104, "ymax": 172, "xmax": 117}}, {"tid": 3, "generated": 0, "bbox": {"xmin": 125, "ymin": 87, "ymax": 144, "xmax": 272}}, {"tid": 4, "generated": 0, "bbox": {"xmin": 235, "ymin": 145, "ymax": 244, "xmax": 503}}, {"tid": 5, "generated": 0, "bbox": {"xmin": 342, "ymin": 195, "ymax": 388, "xmax": 627}}], [{"tid": 1, "generated": 0, "bbox": {"xmin": 0, "ymin": 216, "ymax": 324, "xmax": 252}}, {"tid": 2, "generated": 0, "bbox": {"xmin": 22, "ymin": 105, "ymax": 172, "xmax": 116}}, {"tid": 3, "generated": 0, "bbox": {"xmin": 124, "ymin": 87, "ymax": 144, "xmax": 272}}, {"tid": 4, "generated": 0, "bbox": {"xmin": 234, "ymin": 145, "ymax": 244, "xmax": 502}}, {"tid": 5, "generated": 0, "bbox": {"xmin": 341, "ymin": 195, "ymax": 388, "xmax": 626}}], [{"tid": 1, "generated": 0, "bbox": {"xmin": 0, "ymin": 216, "ymax": 324, "xmax": 252}}, {"tid": 2, "generated": 0, "bbox": {"xmin": 21, "ymin": 105, "ymax": 172, "xmax": 115}}, {"tid": 3, "generated": 0, "bbox": {"xmin": 124, "ymin": 87, "ymax": 144, "xmax": 271}}, {"tid": 4, "generated": 0, "bbox": {"xmin": 234, "ymin": 145, "ymax": 244, "xmax": 501}}, {"tid": 5, "generated": 0, "bbox": {"xmin": 340, "ymin": 195, "ymax": 388, "xmax": 625}}], [{"tid": 1, "generated": 0, "bbox": {"xmin": 0, "ymin": 216, "ymax": 324, "xmax": 251}}, {"tid": 2, "generated": 0, "bbox": {"xmin": 21, "ymin": 106, "ymax": 173, "xmax": 115}}, {"tid": 3, "generated": 0, "bbox": {"xmin": 123, "ymin": 87, "ymax": 144, "xmax": 271}}, {"tid": 4, "generated": 0, "bbox": {"xmin": 233, "ymin": 146, "ymax": 244, "xmax": 500}}, {"tid": 5, "generated": 0, "bbox": {"xmin": 340, "ymin": 194, "ymax": 388, "xmax": 625}}], [{"tid": 1, "generated": 0, "bbox": {"xmin": 0, "ymin": 216, "ymax": 325, "xmax": 251}}, {"tid": 2, "generated": 0, "bbox": {"xmin": 20, "ymin": 106, "ymax": 173, "xmax": 114}}, {"tid": 3, "generated": 0, "bbox": {"xmin": 123, "ymin": 87, "ymax": 144, "xmax": 271}}, {"tid": 4, "generated": 0, "bbox": {"xmin": 233, "ymin": 146, "ymax": 244, "xmax": 500}}, {"tid": 5, "generated": 0, "bbox": {"xmin": 339, "ymin": 194, "ymax": 388, "xmax": 624}}], [{"tid": 1, "generated": 0, "bbox": {"xmin": 0, "ymin": 216, "ymax": 325, "xmax": 250}}, {"tid": 2, "generated": 0, "bbox": {"xmin": 19, "ymin": 107, "ymax": 173, "xmax": 113}}, {"tid": 3, "generated": 0, "bbox": {"xmin": 122, "ymin": 87, "ymax": 144, "xmax": 270}}, {"tid": 4, "generated": 0, "bbox": {"xmin": 232, "ymin": 146, "ymax": 244, "xmax": 499}}, {"tid": 5, "generated": 0, "bbox": {"xmin": 338, "ymin": 194, "ymax": 388, "xmax": 623}}], [{"tid": 1, "generated": 0, "bbox": {"xmin": 0, "ymin": 216, "ymax": 325, "xmax": 249}}, {"tid": 2, "generated": 0, "bbox": {"xmin": 19, "ymin": 107, "ymax": 174, "xmax": 113}}, {"tid": 3, "generated": 0, "bbox": {"xmin": 121, "ymin": 87, "ymax": 144, "xmax": 270}}, {"tid": 4, "generated": 0, "bbox": {"xmin": 231, "ymin": 147, "ymax": 244, "xmax": 498}}, {"tid": 5, "generated": 0, "bbox": {"xmin": 338, "ymin": 193, "ymax": 388, "xmax": 623}}], [{"tid": 1, "generated": 0, "bbox": {"xmin": 0, "ymin": 216, "ymax": 325, "xmax": 249}}, {"tid": 2, "generated": 0, "bbox": {"xmin": 18, "ymin": 108, "ymax": 174, "xmax": 112}}, {"tid": 3, "generated": 0, "bbox": {"xmin": 121, "ymin": 87, "ymax": 144, "xmax": 269}}, {"tid": 4, "generated": 0, "bbox": {"xmin": 231, "ymin": 147, "ymax": 244, "xmax": 497}}, {"tid": 5, "generated": 0, "bbox": {"xmin": 337, "ymin": 193, "ymax": 388, "xmax": 622}}]], "subject/objects": [{"category": "cattle", "tid": 0}, {"category": "cattle", "tid": 1}, {"category": "cattle", "tid": 2}, {"category": "cattle", "tid": 3}, {"category": "cattle", "tid": 4}, {"category": "cattle", "tid": 5}], "relation_instances": [{"end_fid": 30, "subject_tid": 0, "predicate": "lie_left", "begin_fid": 0, "object_tid": 1}, {"end_fid": 30, "subject_tid": 1, "predicate": "lie_right", "begin_fid": 0, "object_tid": 0}, {"end_fid": 30, "subject_tid": 0, "predicate": "lie_front", "begin_fid": 0, "object_tid": 2}, {"end_fid": 30, "subject_tid": 0, "predicate": "lie_left", "begin_fid": 0, "object_tid": 2}, {"end_fid": 30, "subject_tid": 2, "predicate": "lie_right", "begin_fid": 0, "object_tid": 0}, {"end_fid": 30, "subject_tid": 2, "predicate": "lie_behind", "begin_fid": 0, "object_tid": 0}, {"end_fid": 30, "subject_tid": 0, "predicate": "lie_front", "begin_fid": 0, "object_tid": 3}, {"end_fid": 30, "subject_tid": 0, "predicate": "lie_left", "begin_fid": 0, "object_tid": 3}, {"end_fid": 30, "subject_tid": 3, "predicate": "lie_right", "begin_fid": 0, "object_tid": 0}, {"end_fid": 30, "subject_tid": 3, "predicate": "lie_behind", "begin_fid": 0, "object_tid": 0}, {"end_fid": 30, "subject_tid": 0, "predicate": "lie_front", "begin_fid": 0, "object_tid": 4}, {"end_fid": 30, "subject_tid": 0, "predicate": "lie_left", "begin_fid": 0, "object_tid": 4}, {"end_fid": 30, "subject_tid": 4, "predicate": "lie_right", "begin_fid": 0, "object_tid": 0}, {"end_fid": 30, "subject_tid": 4, "predicate": "lie_behind", "begin_fid": 0, "object_tid": 0}, {"end_fid": 30, "subject_tid": 1, "predicate": "lie_front", "begin_fid": 0, "object_tid": 2}, {"end_fid": 30, "subject_tid": 2, "predicate": "lie_behind", "begin_fid": 0, "object_tid": 1}, {"end_fid": 30, "subject_tid": 1, "predicate": "lie_front", "begin_fid": 0, "object_tid": 3}, {"end_fid": 30, "subject_tid": 3, "predicate": "lie_behind", "begin_fid": 0, "object_tid": 1}, {"end_fid": 30, "subject_tid": 1, "predicate": "lie_front", "begin_fid": 0, "object_tid": 4}, {"end_fid": 30, "subject_tid": 1, "predicate": "lie_left", "begin_fid": 0, "object_tid": 4}, {"end_fid": 30, "subject_tid": 4, "predicate": "lie_right", "begin_fid": 0, "object_tid": 1}, {"end_fid": 30, "subject_tid": 4, "predicate": "lie_behind", "begin_fid": 0, "object_tid": 1}, {"end_fid": 30, "subject_tid": 2, "predicate": "lie_left", "begin_fid": 0, "object_tid": 3}, {"end_fid": 30, "subject_tid": 3, "predicate": "lie_right", "begin_fid": 0, "object_tid": 2}, {"end_fid": 30, "subject_tid": 2, "predicate": "lie_behind", "begin_fid": 0, "object_tid": 4}, {"end_fid": 30, "subject_tid": 2, "predicate": "lie_left", "begin_fid": 0, "object_tid": 4}, {"end_fid": 30, "subject_tid": 4, "predicate": "lie_right", "begin_fid": 0, "object_tid": 2}, {"end_fid": 30, "subject_tid": 4, "predicate": "lie_front", "begin_fid": 0, "object_tid": 2}, {"end_fid": 30, "subject_tid": 3, "predicate": "lie_behind", "begin_fid": 0, "object_tid": 4}, {"end_fid": 30, "subject_tid": 3, "predicate": "lie_left", "begin_fid": 0, "object_tid": 4}, {"end_fid": 30, "subject_tid": 4, "predicate": "lie_right", "begin_fid": 0, "object_tid": 3}, {"end_fid": 30, "subject_tid": 4, "predicate": "lie_front", "begin_fid": 0, "object_tid": 3}, {"end_fid": 240, "subject_tid": 1, "predicate": "lie_front", "begin_fid": 210, "object_tid": 2}, {"end_fid": 240, "subject_tid": 2, "predicate": "lie_behind", "begin_fid": 210, "object_tid": 1}, {"end_fid": 240, "subject_tid": 1, "predicate": "lie_front", "begin_fid": 210, "object_tid": 3}, {"end_fid": 240, "subject_tid": 3, "predicate": "lie_behind", "begin_fid": 210, "object_tid": 1}, {"end_fid": 240, "subject_tid": 1, "predicate": "lie_front", "begin_fid": 210, "object_tid": 4}, {"end_fid": 240, "subject_tid": 1, "predicate": "lie_left", "begin_fid": 210, "object_tid": 4}, {"end_fid": 240, "subject_tid": 4, "predicate": "lie_right", "begin_fid": 210, "object_tid": 1}, {"end_fid": 240, "subject_tid": 4, "predicate": "lie_behind", "begin_fid": 210, "object_tid": 1}, {"end_fid": 240, "subject_tid": 1, "predicate": "lie_left", "begin_fid": 210, "object_tid": 5}, {"end_fid": 240, "subject_tid": 5, "predicate": "lie_right", "begin_fid": 210, "object_tid": 1}, {"end_fid": 240, "subject_tid": 2, "predicate": "lie_left", "begin_fid": 210, "object_tid": 3}, {"end_fid": 240, "subject_tid": 3, "predicate": "lie_right", "begin_fid": 210, "object_tid": 2}, {"end_fid": 240, "subject_tid": 2, "predicate": "lie_behind", "begin_fid": 210, "object_tid": 4}, {"end_fid": 240, "subject_tid": 2, "predicate": "lie_left", "begin_fid": 210, "object_tid": 4}, {"end_fid": 240, "subject_tid": 4, "predicate": "lie_right", "begin_fid": 210, "object_tid": 2}, {"end_fid": 240, "subject_tid": 4, "predicate": "lie_front", "begin_fid": 210, "object_tid": 2}, {"end_fid": 240, "subject_tid": 2, "predicate": "lie_behind", "begin_fid": 210, "object_tid": 5}, {"end_fid": 240, "subject_tid": 2, "predicate": "lie_left", "begin_fid": 210, "object_tid": 5}, {"end_fid": 240, "subject_tid": 5, "predicate": "lie_right", "begin_fid": 210, "object_tid": 2}, {"end_fid": 240, "subject_tid": 5, "predicate": "lie_front", "begin_fid": 210, "object_tid": 2}, {"end_fid": 240, "subject_tid": 3, "predicate": "lie_behind", "begin_fid": 210, "object_tid": 4}, {"end_fid": 240, "subject_tid": 3, "predicate": "lie_left", "begin_fid": 210, "object_tid": 4}, {"end_fid": 240, "subject_tid": 4, "predicate": "lie_right", "begin_fid": 210, "object_tid": 3}, {"end_fid": 240, "subject_tid": 4, "predicate": "lie_front", "begin_fid": 210, "object_tid": 3}, {"end_fid": 240, "subject_tid": 3, "predicate": "lie_behind", "begin_fid": 210, "object_tid": 5}, {"end_fid": 240, "subject_tid": 3, "predicate": "lie_left", "begin_fid": 210, "object_tid": 5}, {"end_fid": 240, "subject_tid": 5, "predicate": "lie_right", "begin_fid": 210, "object_tid": 3}, {"end_fid": 240, "subject_tid": 5, "predicate": "lie_front", "begin_fid": 210, "object_tid": 3}, {"end_fid": 240, "subject_tid": 4, "predicate": "lie_behind", "begin_fid": 210, "object_tid": 5}, {"end_fid": 240, "subject_tid": 5, "predicate": "lie_front", "begin_fid": 210, "object_tid": 4}], "height": 480}