{"width": 1280, "frame_count": 111, "video_id": "ILSVRC2015_train_00925000", "fps": 25, "trajectories": [[], [], [], [], [], [], [], [], [], [], [], [], [], [], [], [], [], [], [], [], [], [], [], [], [], [], [], [], [], [], [], [], [], [], [], [], [], [], [], [], [], [], [], [], [], [], [], [], [], [], [], [], [], [], [], [], [], [], [], [], [{"tid": 0, "generated": 0, "bbox": {"xmin": 686, "ymin": 252, "ymax": 341, "xmax": 865}}, {"tid": 1, "generated": 0, "bbox": {"xmin": 1160, "ymin": 126, "ymax": 170, "xmax": 1221}}], [{"tid": 0, "generated": 0, "bbox": {"xmin": 694, "ymin": 246, "ymax": 334, "xmax": 869}}, {"tid": 1, "generated": 0, "bbox": {"xmin": 1150, "ymin": 124, "ymax": 167, "xmax": 1214}}], [{"tid": 0, "generated": 0, "bbox": {"xmin": 702, "ymin": 241, "ymax": 327, "xmax": 874}}, {"tid": 1, "generated": 0, "bbox": {"xmin": 1141, "ymin": 123, "ymax": 165, "xmax": 1207}}], [{"tid": 0, "generated": 0, "bbox": {"xmin": 710, "ymin": 238, "ymax": 320, "xmax": 880}}, {"tid": 1, "generated": 0, "bbox": {"xmin": 1132, "ymin": 122, "ymax": 163, "xmax": 1200}}], [{"tid": 0, "generated": 0, "bbox": {"xmin": 718, "ymin": 236, "ymax": 314, "xmax": 887}}, {"tid": 1, "generated": 0, "bbox": {"xmin": 1123, "ymin": 122, "ymax": 165, "xmax": 1189}}], [{"tid": 0, "generated": 0, "bbox": {"xmin": 732, "ymin": 232, "ymax": 311, "xmax": 894}}, {"tid": 1, "generated": 0, "bbox": {"xmin": 1120, "ymin": 122, "ymax": 165, "xmax": 1185}}], [{"tid": 0, "generated": 0, "bbox": {"xmin": 741, "ymin": 229, "ymax": 307, "xmax": 903}}, {"tid": 1, "generated": 0, "bbox": {"xmin": 1112, "ymin": 122, "ymax": 167, "xmax": 1176}}], [{"tid": 0, "generated": 0, "bbox": {"xmin": 752, "ymin": 224, "ymax": 298, "xmax": 915}}, {"tid": 1, "generated": 0, "bbox": {"xmin": 1111, "ymin": 117, "ymax": 163, "xmax": 1175}}], [{"tid": 0, "generated": 0, "bbox": {"xmin": 759, "ymin": 222, "ymax": 298, "xmax": 919}}, {"tid": 1, "generated": 0, "bbox": {"xmin": 1100, "ymin": 118, "ymax": 165, "xmax": 1162}}], [{"tid": 0, "generated": 0, "bbox": {"xmin": 759, "ymin": 217, "ymax": 291, "xmax": 918}}, {"tid": 1, "generated": 0, "bbox": {"xmin": 1089, "ymin": 120, "ymax": 167, "xmax": 1150}}], [{"tid": 0, "generated": 0, "bbox": {"xmin": 760, "ymin": 213, "ymax": 284, "xmax": 917}}, {"tid": 1, "generated": 0, "bbox": {"xmin": 1072, "ymin": 117, "ymax": 163, "xmax": 1130}}], [{"tid": 0, "generated": 0, "bbox": {"xmin": 759, "ymin": 209, "ymax": 280, "xmax": 912}}, {"tid": 1, "generated": 0, "bbox": {"xmin": 1054, "ymin": 119, "ymax": 165, "xmax": 1112}}], [{"tid": 0, "generated": 0, "bbox": {"xmin": 758, "ymin": 205, "ymax": 276, "xmax": 908}}, {"tid": 1, "generated": 0, "bbox": {"xmin": 1038, "ymin": 119, "ymax": 165, "xmax": 1096}}], [{"tid": 0, "generated": 0, "bbox": {"xmin": 757, "ymin": 202, "ymax": 272, "xmax": 904}}, {"tid": 1, "generated": 0, "bbox": {"xmin": 1022, "ymin": 119, "ymax": 165, "xmax": 1080}}], [{"tid": 0, "generated": 0, "bbox": {"xmin": 755, "ymin": 202, "ymax": 270, "xmax": 899}}, {"tid": 1, "generated": 0, "bbox": {"xmin": 1006, "ymin": 120, "ymax": 167, "xmax": 1064}}], [{"tid": 0, "generated": 0, "bbox": {"xmin": 759, "ymin": 195, "ymax": 263, "xmax": 901}}, {"tid": 1, "generated": 0, "bbox": {"xmin": 995, "ymin": 120, "ymax": 167, "xmax": 1054}}], [{"tid": 0, "generated": 0, "bbox": {"xmin": 763, "ymin": 191, "ymax": 257, "xmax": 904}}, {"tid": 1, "generated": 0, "bbox": {"xmin": 988, "ymin": 115, "ymax": 161, "xmax": 1047}}], [{"tid": 0, "generated": 0, "bbox": {"xmin": 767, "ymin": 187, "ymax": 252, "xmax": 907}}, {"tid": 1, "generated": 0, "bbox": {"xmin": 976, "ymin": 113, "ymax": 160, "xmax": 1034}}], [{"tid": 0, "generated": 0, "bbox": {"xmin": 771, "ymin": 184, "ymax": 247, "xmax": 910}}, {"tid": 1, "generated": 0, "bbox": {"xmin": 967, "ymin": 117, "ymax": 163, "xmax": 1025}}], [{"tid": 0, "generated": 0, "bbox": {"xmin": 776, "ymin": 183, "ymax": 245, "xmax": 913}}, {"tid": 1, "generated": 0, "bbox": {"xmin": 958, "ymin": 119, "ymax": 165, "xmax": 1016}}], [{"tid": 0, "generated": 0, "bbox": {"xmin": 785, "ymin": 183, "ymax": 247, "xmax": 922}}, {"tid": 1, "generated": 0, "bbox": {"xmin": 958, "ymin": 122, "ymax": 167, "xmax": 1016}}], [{"tid": 0, "generated": 0, "bbox": {"xmin": 792, "ymin": 183, "ymax": 246, "xmax": 924}}, {"tid": 1, "generated": 0, "bbox": {"xmin": 952, "ymin": 126, "ymax": 170, "xmax": 1011}}], [{"tid": 0, "generated": 0, "bbox": {"xmin": 799, "ymin": 183, "ymax": 246, "xmax": 927}}, {"tid": 1, "generated": 0, "bbox": {"xmin": 947, "ymin": 126, "ymax": 170, "xmax": 1006}}], [{"tid": 0, "generated": 0, "bbox": {"xmin": 806, "ymin": 183, "ymax": 245, "xmax": 930}}, {"tid": 1, "generated": 0, "bbox": {"xmin": 940, "ymin": 128, "ymax": 172, "xmax": 999}}], [{"tid": 0, "generated": 0, "bbox": {"xmin": 814, "ymin": 183, "ymax": 245, "xmax": 933}}, {"tid": 1, "generated": 0, "bbox": {"xmin": 935, "ymin": 129, "ymax": 174, "xmax": 993}}], [{"tid": 0, "generated": 0, "bbox": {"xmin": 823, "ymin": 181, "ymax": 240, "xmax": 944}}, {"tid": 1, "generated": 0, "bbox": {"xmin": 933, "ymin": 132, "ymax": 176, "xmax": 992}}], [{"tid": 0, "generated": 0, "bbox": {"xmin": 829, "ymin": 182, "ymax": 240, "xmax": 944}}, {"tid": 1, "generated": 0, "bbox": {"xmin": 931, "ymin": 136, "ymax": 179, "xmax": 992}}], [{"tid": 0, "generated": 0, "bbox": {"xmin": 835, "ymin": 183, "ymax": 240, "xmax": 944}}, {"tid": 1, "generated": 0, "bbox": {"xmin": 929, "ymin": 134, "ymax": 180, "xmax": 991}}], [{"tid": 0, "generated": 0, "bbox": {"xmin": 846, "ymin": 183, "ymax": 236, "xmax": 949}}, {"tid": 1, "generated": 0, "bbox": {"xmin": 928, "ymin": 133, "ymax": 181, "xmax": 990}}], [{"tid": 0, "generated": 0, "bbox": {"xmin": 855, "ymin": 184, "ymax": 235, "xmax": 955}}, {"tid": 1, "generated": 0, "bbox": {"xmin": 927, "ymin": 137, "ymax": 182, "xmax": 987}}]], "subject/objects": [{"category": "car", "tid": 0}, {"category": "car", "tid": 1}], "relation_instances": [{"end_fid": 90, "subject_tid": 0, "predicate": "move_behind", "begin_fid": 60, "object_tid": 1}, {"end_fid": 90, "subject_tid": 0, "predicate": "move_toward", "begin_fid": 60, "object_tid": 1}, {"end_fid": 90, "subject_tid": 1, "predicate": "move_front", "begin_fid": 60, "object_tid": 0}, {"end_fid": 90, "subject_tid": 1, "predicate": "move_toward", "begin_fid": 60, "object_tid": 0}], "height": 720}