{"width": 1280, "frame_count": 600, "video_id": "ILSVRC2015_train_00200002", "fps": 30, "trajectories": [[{"tid": 0, "generated": 0, "bbox": {"xmin": 277, "ymin": 284, "ymax": 716, "xmax": 670}}, {"tid": 1, "generated": 0, "bbox": {"xmin": 444, "ymin": 12, "ymax": 433, "xmax": 881}}], [{"tid": 0, "generated": 0, "bbox": {"xmin": 279, "ymin": 284, "ymax": 714, "xmax": 672}}, {"tid": 1, "generated": 0, "bbox": {"xmin": 446, "ymin": 14, "ymax": 432, "xmax": 876}}], [{"tid": 0, "generated": 0, "bbox": {"xmin": 275, "ymin": 284, "ymax": 716, "xmax": 670}}, {"tid": 1, "generated": 0, "bbox": {"xmin": 442, "ymin": 14, "ymax": 430, "xmax": 878}}], [{"tid": 0, "generated": 0, "bbox": {"xmin": 273, "ymin": 284, "ymax": 716, "xmax": 672}}, {"tid": 1, "generated": 0, "bbox": {"xmin": 439, "ymin": 14, "ymax": 424, "xmax": 878}}], [{"tid": 0, "generated": 0, "bbox": {"xmin": 270, "ymin": 284, "ymax": 716, "xmax": 664}}, {"tid": 1, "generated": 0, "bbox": {"xmin": 435, "ymin": 14, "ymax": 435, "xmax": 872}}], [{"tid": 0, "generated": 0, "bbox": {"xmin": 266, "ymin": 293, "ymax": 718, "xmax": 661}}, {"tid": 1, "generated": 0, "bbox": {"xmin": 432, "ymin": 14, "ymax": 439, "xmax": 867}}], [{"tid": 0, "generated": 0, "bbox": {"xmin": 263, "ymin": 295, "ymax": 718, "xmax": 657}}, {"tid": 1, "generated": 0, "bbox": {"xmin": 430, "ymin": 14, "ymax": 433, "xmax": 864}}], [{"tid": 0, "generated": 0, "bbox": {"xmin": 259, "ymin": 296, "ymax": 718, "xmax": 654}}, {"tid": 1, "generated": 0, "bbox": {"xmin": 428, "ymin": 17, "ymax": 437, "xmax": 860}}], [{"tid": 0, "generated": 0, "bbox": {"xmin": 256, "ymin": 295, "ymax": 718, "xmax": 652}}, {"tid": 1, "generated": 0, "bbox": {"xmin": 419, "ymin": 17, "ymax": 433, "xmax": 862}}], [{"tid": 0, "generated": 0, "bbox": {"xmin": 254, "ymin": 296, "ymax": 718, "xmax": 652}}, {"tid": 1, "generated": 0, "bbox": {"xmin": 421, "ymin": 17, "ymax": 433, "xmax": 864}}], [{"tid": 0, "generated": 0, "bbox": {"xmin": 256, "ymin": 295, "ymax": 718, "xmax": 656}}, {"tid": 1, "generated": 0, "bbox": {"xmin": 423, "ymin": 17, "ymax": 433, "xmax": 867}}], [{"tid": 0, "generated": 0, "bbox": {"xmin": 252, "ymin": 293, "ymax": 716, "xmax": 654}}, {"tid": 1, "generated": 0, "bbox": {"xmin": 421, "ymin": 15, "ymax": 431, "xmax": 867}}], [{"tid": 0, "generated": 0, "bbox": {"xmin": 250, "ymin": 293, "ymax": 718, "xmax": 652}}, {"tid": 1, "generated": 0, "bbox": {"xmin": 419, "ymin": 14, "ymax": 430, "xmax": 867}}], [{"tid": 0, "generated": 0, "bbox": {"xmin": 250, "ymin": 291, "ymax": 716, "xmax": 654}}, {"tid": 1, "generated": 0, "bbox": {"xmin": 417, "ymin": 12, "ymax": 428, "xmax": 867}}], [{"tid": 0, "generated": 0, "bbox": {"xmin": 248, "ymin": 289, "ymax": 718, "xmax": 652}}, {"tid": 1, "generated": 0, "bbox": {"xmin": 414, "ymin": 10, "ymax": 426, "xmax": 856}}], [{"tid": 0, "generated": 0, "bbox": {"xmin": 250, "ymin": 288, "ymax": 716, "xmax": 652}}, {"tid": 1, "generated": 0, "bbox": {"xmin": 417, "ymin": 8, "ymax": 425, "xmax": 857}}], [{"tid": 0, "generated": 0, "bbox": {"xmin": 254, "ymin": 286, "ymax": 716, "xmax": 654}}, {"tid": 1, "generated": 0, "bbox": {"xmin": 421, "ymin": 6, "ymax": 425, "xmax": 859}}], [{"tid": 0, "generated": 0, "bbox": {"xmin": 257, "ymin": 284, "ymax": 714, "xmax": 657}}, {"tid": 1, "generated": 0, "bbox": {"xmin": 424, "ymin": 5, "ymax": 424, "xmax": 861}}], [{"tid": 0, "generated": 0, "bbox": {"xmin": 261, "ymin": 282, "ymax": 716, "xmax": 656}}, {"tid": 1, "generated": 0, "bbox": {"xmin": 428, "ymin": 3, "ymax": 424, "xmax": 863}}], [{"tid": 0, "generated": 0, "bbox": {"xmin": 264, "ymin": 280, "ymax": 718, "xmax": 659}}, {"tid": 1, "generated": 0, "bbox": {"xmin": 431, "ymin": 1, "ymax": 423, "xmax": 865}}], [{"tid": 0, "generated": 0, "bbox": {"xmin": 268, "ymin": 279, "ymax": 714, "xmax": 661}}, {"tid": 1, "generated": 0, "bbox": {"xmin": 435, "ymin": 0, "ymax": 423, "xmax": 867}}], [{"tid": 0, "generated": 0, "bbox": {"xmin": 264, "ymin": 277, "ymax": 716, "xmax": 659}}, {"tid": 1, "generated": 0, "bbox": {"xmin": 437, "ymin": 0, "ymax": 416, "xmax": 869}}], [{"tid": 0, "generated": 0, "bbox": {"xmin": 261, "ymin": 277, "ymax": 714, "xmax": 656}}, {"tid": 1, "generated": 0, "bbox": {"xmin": 445, "ymin": 0, "ymax": 413, "xmax": 867}}], [{"tid": 0, "generated": 0, "bbox": {"xmin": 250, "ymin": 277, "ymax": 712, "xmax": 652}}, {"tid": 1, "generated": 0, "bbox": {"xmin": 453, "ymin": 0, "ymax": 410, "xmax": 865}}], [{"tid": 0, "generated": 0, "bbox": {"xmin": 241, "ymin": 272, "ymax": 705, "xmax": 648}}, {"tid": 1, "generated": 0, "bbox": {"xmin": 456, "ymin": 0, "ymax": 407, "xmax": 864}}], [{"tid": 0, "generated": 0, "bbox": {"xmin": 234, "ymin": 266, "ymax": 700, "xmax": 652}}, {"tid": 1, "generated": 0, "bbox": {"xmin": 456, "ymin": 0, "ymax": 405, "xmax": 865}}], [{"tid": 0, "generated": 0, "bbox": {"xmin": 234, "ymin": 257, "ymax": 695, "xmax": 650}}, {"tid": 1, "generated": 0, "bbox": {"xmin": 458, "ymin": 0, "ymax": 400, "xmax": 867}}], [{"tid": 0, "generated": 0, "bbox": {"xmin": 229, "ymin": 250, "ymax": 680, "xmax": 648}}, {"tid": 1, "generated": 0, "bbox": {"xmin": 458, "ymin": 0, "ymax": 394, "xmax": 871}}], [{"tid": 0, "generated": 0, "bbox": {"xmin": 232, "ymin": 238, "ymax": 667, "xmax": 652}}, {"tid": 1, "generated": 0, "bbox": {"xmin": 460, "ymin": 0, "ymax": 383, "xmax": 875}}], [{"tid": 0, "generated": 0, "bbox": {"xmin": 235, "ymin": 226, "ymax": 654, "xmax": 656}}, {"tid": 1, "generated": 0, "bbox": {"xmin": 462, "ymin": 0, "ymax": 372, "xmax": 879}}], [{"tid": 0, "generated": 0, "bbox": {"xmin": 238, "ymin": 215, "ymax": 641, "xmax": 661}}, {"tid": 1, "generated": 0, "bbox": {"xmin": 465, "ymin": 0, "ymax": 362, "xmax": 883}}], [{"tid": 0, "generated": 0, "bbox": {"xmin": 243, "ymin": 200, "ymax": 625, "xmax": 672}}, {"tid": 1, "generated": 0, "bbox": {"xmin": 471, "ymin": 0, "ymax": 353, "xmax": 887}}], [{"tid": 0, "generated": 0, "bbox": {"xmin": 248, "ymin": 184, "ymax": 613, "xmax": 679}}, {"tid": 1, "generated": 0, "bbox": {"xmin": 472, "ymin": 1, "ymax": 343, "xmax": 897}}], [{"tid": 0, "generated": 0, "bbox": {"xmin": 250, "ymin": 179, "ymax": 615, "xmax": 680}}, {"tid": 1, "generated": 0, "bbox": {"xmin": 476, "ymin": 0, "ymax": 336, "xmax": 901}}], [{"tid": 0, "generated": 0, "bbox": {"xmin": 252, "ymin": 179, "ymax": 604, "xmax": 686}}, {"tid": 1, "generated": 0, "bbox": {"xmin": 481, "ymin": 0, "ymax": 336, "xmax": 908}}], [{"tid": 0, "generated": 0, "bbox": {"xmin": 248, "ymin": 177, "ymax": 597, "xmax": 688}}, {"tid": 1, "generated": 0, "bbox": {"xmin": 481, "ymin": 0, "ymax": 334, "xmax": 908}}], [{"tid": 0, "generated": 0, "bbox": {"xmin": 256, "ymin": 170, "ymax": 581, "xmax": 698}}, {"tid": 1, "generated": 0, "bbox": {"xmin": 487, "ymin": 0, "ymax": 327, "xmax": 926}}], [{"tid": 0, "generated": 0, "bbox": {"xmin": 270, "ymin": 161, "ymax": 570, "xmax": 712}}, {"tid": 1, "generated": 0, "bbox": {"xmin": 496, "ymin": 0, "ymax": 318, "xmax": 919}}], [{"tid": 0, "generated": 0, "bbox": {"xmin": 268, "ymin": 161, "ymax": 576, "xmax": 711}}, {"tid": 1, "generated": 0, "bbox": {"xmin": 496, "ymin": 0, "ymax": 314, "xmax": 922}}], [{"tid": 0, "generated": 0, "bbox": {"xmin": 266, "ymin": 168, "ymax": 567, "xmax": 711}}, {"tid": 1, "generated": 0, "bbox": {"xmin": 476, "ymin": 0, "ymax": 313, "xmax": 928}}], [{"tid": 0, "generated": 0, "bbox": {"xmin": 264, "ymin": 181, "ymax": 556, "xmax": 709}}, {"tid": 1, "generated": 0, "bbox": {"xmin": 456, "ymin": 0, "ymax": 312, "xmax": 935}}], [{"tid": 0, "generated": 0, "bbox": {"xmin": 266, "ymin": 174, "ymax": 540, "xmax": 716}}, {"tid": 1, "generated": 0, "bbox": {"xmin": 449, "ymin": 0, "ymax": 298, "xmax": 933}}], [{"tid": 0, "generated": 0, "bbox": {"xmin": 252, "ymin": 160, "ymax": 508, "xmax": 709}}, {"tid": 1, "generated": 0, "bbox": {"xmin": 448, "ymin": 0, "ymax": 284, "xmax": 928}}], [{"tid": 0, "generated": 0, "bbox": {"xmin": 243, "ymin": 129, "ymax": 480, "xmax": 693}}, {"tid": 1, "generated": 0, "bbox": {"xmin": 474, "ymin": 0, "ymax": 261, "xmax": 929}}], [{"tid": 0, "generated": 0, "bbox": {"xmin": 229, "ymin": 104, "ymax": 451, "xmax": 664}}, {"tid": 1, "generated": 0, "bbox": {"xmin": 469, "ymin": 0, "ymax": 234, "xmax": 912}}], [{"tid": 0, "generated": 0, "bbox": {"xmin": 215, "ymin": 80, "ymax": 426, "xmax": 618}}, {"tid": 1, "generated": 0, "bbox": {"xmin": 462, "ymin": 0, "ymax": 215, "xmax": 906}}], [{"tid": 0, "generated": 0, "bbox": {"xmin": 200, "ymin": 46, "ymax": 419, "xmax": 590}}, {"tid": 1, "generated": 0, "bbox": {"xmin": 453, "ymin": 5, "ymax": 204, "xmax": 897}}], [{"tid": 0, "generated": 0, "bbox": {"xmin": 183, "ymin": 40, "ymax": 410, "xmax": 572}}, {"tid": 1, "generated": 0, "bbox": {"xmin": 433, "ymin": 0, "ymax": 193, "xmax": 894}}], [{"tid": 0, "generated": 0, "bbox": {"xmin": 170, "ymin": 33, "ymax": 403, "xmax": 561}}, {"tid": 1, "generated": 0, "bbox": {"xmin": 433, "ymin": 0, "ymax": 192, "xmax": 880}}], [{"tid": 0, "generated": 0, "bbox": {"xmin": 165, "ymin": 40, "ymax": 408, "xmax": 552}}, {"tid": 1, "generated": 0, "bbox": {"xmin": 433, "ymin": 0, "ymax": 197, "xmax": 872}}], [{"tid": 0, "generated": 0, "bbox": {"xmin": 147, "ymin": 60, "ymax": 428, "xmax": 533}}, {"tid": 1, "generated": 0, "bbox": {"xmin": 433, "ymin": 0, "ymax": 218, "xmax": 849}}], [{"tid": 0, "generated": 0, "bbox": {"xmin": 129, "ymin": 87, "ymax": 453, "xmax": 519}}, {"tid": 1, "generated": 0, "bbox": {"xmin": 426, "ymin": 0, "ymax": 247, "xmax": 839}}], [{"tid": 0, "generated": 0, "bbox": {"xmin": 122, "ymin": 101, "ymax": 465, "xmax": 513}}, {"tid": 1, "generated": 0, "bbox": {"xmin": 430, "ymin": 0, "ymax": 264, "xmax": 833}}], [{"tid": 0, "generated": 0, "bbox": {"xmin": 120, "ymin": 106, "ymax": 474, "xmax": 510}}, {"tid": 1, "generated": 0, "bbox": {"xmin": 440, "ymin": 0, "ymax": 268, "xmax": 824}}], [{"tid": 0, "generated": 0, "bbox": {"xmin": 120, "ymin": 112, "ymax": 483, "xmax": 501}}, {"tid": 1, "generated": 0, "bbox": {"xmin": 458, "ymin": 1, "ymax": 282, "xmax": 828}}], [{"tid": 0, "generated": 0, "bbox": {"xmin": 128, "ymin": 120, "ymax": 490, "xmax": 504}}, {"tid": 1, "generated": 0, "bbox": {"xmin": 460, "ymin": 0, "ymax": 289, "xmax": 828}}], [{"tid": 0, "generated": 0, "bbox": {"xmin": 133, "ymin": 126, "ymax": 497, "xmax": 508}}, {"tid": 1, "generated": 0, "bbox": {"xmin": 462, "ymin": 0, "ymax": 289, "xmax": 828}}], [{"tid": 0, "generated": 0, "bbox": {"xmin": 135, "ymin": 135, "ymax": 504, "xmax": 503}}, {"tid": 1, "generated": 0, "bbox": {"xmin": 469, "ymin": 0, "ymax": 300, "xmax": 830}}], [{"tid": 0, "generated": 0, "bbox": {"xmin": 136, "ymin": 142, "ymax": 515, "xmax": 506}}, {"tid": 1, "generated": 0, "bbox": {"xmin": 469, "ymin": 0, "ymax": 304, "xmax": 833}}], [{"tid": 0, "generated": 0, "bbox": {"xmin": 140, "ymin": 147, "ymax": 513, "xmax": 513}}, {"tid": 1, "generated": 0, "bbox": {"xmin": 470, "ymin": 0, "ymax": 309, "xmax": 836}}], [{"tid": 0, "generated": 0, "bbox": {"xmin": 144, "ymin": 149, "ymax": 513, "xmax": 513}}, {"tid": 1, "generated": 0, "bbox": {"xmin": 471, "ymin": 0, "ymax": 314, "xmax": 840}}], [{"tid": 0, "generated": 0, "bbox": {"xmin": 144, "ymin": 151, "ymax": 512, "xmax": 513}}, {"tid": 1, "generated": 0, "bbox": {"xmin": 470, "ymin": 0, "ymax": 316, "xmax": 839}}], [{"tid": 0, "generated": 0, "bbox": {"xmin": 147, "ymin": 154, "ymax": 510, "xmax": 515}}, {"tid": 1, "generated": 0, "bbox": {"xmin": 469, "ymin": 0, "ymax": 318, "xmax": 838}}], [{"tid": 0, "generated": 0, "bbox": {"xmin": 151, "ymin": 156, "ymax": 510, "xmax": 517}}, {"tid": 1, "generated": 0, "bbox": {"xmin": 469, "ymin": 0, "ymax": 320, "xmax": 838}}], [{"tid": 0, "generated": 0, "bbox": {"xmin": 151, "ymin": 156, "ymax": 513, "xmax": 513}}, {"tid": 1, "generated": 0, "bbox": {"xmin": 468, "ymin": 0, "ymax": 322, "xmax": 837}}], [{"tid": 0, "generated": 0, "bbox": {"xmin": 149, "ymin": 158, "ymax": 515, "xmax": 512}}, {"tid": 1, "generated": 0, "bbox": {"xmin": 467, "ymin": 0, "ymax": 325, "xmax": 837}}], [{"tid": 0, "generated": 0, "bbox": {"xmin": 151, "ymin": 158, "ymax": 519, "xmax": 510}}, {"tid": 1, "generated": 0, "bbox": {"xmin": 467, "ymin": 0, "ymax": 327, "xmax": 836}}], [{"tid": 0, "generated": 0, "bbox": {"xmin": 154, "ymin": 160, "ymax": 517, "xmax": 508}}, {"tid": 1, "generated": 0, "bbox": {"xmin": 466, "ymin": 0, "ymax": 329, "xmax": 836}}], [{"tid": 0, "generated": 0, "bbox": {"xmin": 152, "ymin": 163, "ymax": 522, "xmax": 512}}, {"tid": 1, "generated": 0, "bbox": {"xmin": 465, "ymin": 0, "ymax": 331, "xmax": 835}}], [{"tid": 0, "generated": 0, "bbox": {"xmin": 151, "ymin": 168, "ymax": 522, "xmax": 510}}, {"tid": 1, "generated": 0, "bbox": {"xmin": 465, "ymin": 0, "ymax": 334, "xmax": 835}}], [{"tid": 0, "generated": 0, "bbox": {"xmin": 149, "ymin": 174, "ymax": 524, "xmax": 506}}, {"tid": 1, "generated": 0, "bbox": {"xmin": 469, "ymin": 0, "ymax": 336, "xmax": 837}}], [{"tid": 0, "generated": 0, "bbox": {"xmin": 152, "ymin": 183, "ymax": 535, "xmax": 503}}, {"tid": 1, "generated": 0, "bbox": {"xmin": 469, "ymin": 1, "ymax": 341, "xmax": 832}}], [{"tid": 0, "generated": 0, "bbox": {"xmin": 149, "ymin": 195, "ymax": 551, "xmax": 497}}, {"tid": 1, "generated": 0, "bbox": {"xmin": 469, "ymin": 3, "ymax": 355, "xmax": 828}}], [{"tid": 0, "generated": 0, "bbox": {"xmin": 151, "ymin": 208, "ymax": 570, "xmax": 496}}, {"tid": 1, "generated": 0, "bbox": {"xmin": 462, "ymin": 5, "ymax": 368, "xmax": 824}}], [{"tid": 0, "generated": 0, "bbox": {"xmin": 149, "ymin": 231, "ymax": 588, "xmax": 499}}, {"tid": 1, "generated": 0, "bbox": {"xmin": 464, "ymin": 7, "ymax": 387, "xmax": 823}}], [], [], [], [], [], [], [], [], [], [], [], [], [], [], [], [{"tid": 0, "generated": 0, "bbox": {"xmin": 142, "ymin": 204, "ymax": 640, "xmax": 503}}, {"tid": 1, "generated": 0, "bbox": {"xmin": 360, "ymin": 48, "ymax": 439, "xmax": 817}}], [{"tid": 0, "generated": 0, "bbox": {"xmin": 142, "ymin": 200, "ymax": 640, "xmax": 504}}, {"tid": 1, "generated": 0, "bbox": {"xmin": 364, "ymin": 49, "ymax": 439, "xmax": 816}}], [{"tid": 0, "generated": 0, "bbox": {"xmin": 144, "ymin": 199, "ymax": 643, "xmax": 503}}, {"tid": 1, "generated": 0, "bbox": {"xmin": 368, "ymin": 51, "ymax": 439, "xmax": 816}}], [{"tid": 0, "generated": 0, "bbox": {"xmin": 145, "ymin": 198, "ymax": 645, "xmax": 502}}, {"tid": 1, "generated": 0, "bbox": {"xmin": 375, "ymin": 53, "ymax": 444, "xmax": 812}}], [{"tid": 0, "generated": 0, "bbox": {"xmin": 147, "ymin": 197, "ymax": 647, "xmax": 501}}, {"tid": 1, "generated": 0, "bbox": {"xmin": 376, "ymin": 49, "ymax": 443, "xmax": 814}}], [{"tid": 0, "generated": 0, "bbox": {"xmin": 161, "ymin": 195, "ymax": 636, "xmax": 508}}, {"tid": 1, "generated": 0, "bbox": {"xmin": 378, "ymin": 46, "ymax": 442, "xmax": 816}}], [{"tid": 0, "generated": 0, "bbox": {"xmin": 158, "ymin": 192, "ymax": 643, "xmax": 506}}, {"tid": 1, "generated": 0, "bbox": {"xmin": 380, "ymin": 48, "ymax": 442, "xmax": 814}}], [{"tid": 0, "generated": 0, "bbox": {"xmin": 160, "ymin": 194, "ymax": 647, "xmax": 507}}, {"tid": 1, "generated": 0, "bbox": {"xmin": 380, "ymin": 53, "ymax": 445, "xmax": 814}}], [{"tid": 0, "generated": 0, "bbox": {"xmin": 163, "ymin": 197, "ymax": 652, "xmax": 508}}, {"tid": 1, "generated": 0, "bbox": {"xmin": 380, "ymin": 58, "ymax": 448, "xmax": 814}}], [{"tid": 0, "generated": 0, "bbox": {"xmin": 163, "ymin": 200, "ymax": 654, "xmax": 506}}, {"tid": 1, "generated": 0, "bbox": {"xmin": 380, "ymin": 64, "ymax": 451, "xmax": 814}}], [{"tid": 0, "generated": 0, "bbox": {"xmin": 158, "ymin": 204, "ymax": 668, "xmax": 510}}, {"tid": 1, "generated": 0, "bbox": {"xmin": 373, "ymin": 69, "ymax": 458, "xmax": 814}}], [{"tid": 0, "generated": 0, "bbox": {"xmin": 163, "ymin": 218, "ymax": 686, "xmax": 515}}, {"tid": 1, "generated": 0, "bbox": {"xmin": 375, "ymin": 78, "ymax": 472, "xmax": 814}}], [{"tid": 0, "generated": 0, "bbox": {"xmin": 167, "ymin": 240, "ymax": 696, "xmax": 517}}, {"tid": 1, "generated": 0, "bbox": {"xmin": 378, "ymin": 92, "ymax": 481, "xmax": 816}}], [{"tid": 0, "generated": 0, "bbox": {"xmin": 176, "ymin": 254, "ymax": 707, "xmax": 520}}, {"tid": 1, "generated": 0, "bbox": {"xmin": 400, "ymin": 108, "ymax": 497, "xmax": 824}}], [{"tid": 0, "generated": 0, "bbox": {"xmin": 181, "ymin": 257, "ymax": 716, "xmax": 528}}, {"tid": 1, "generated": 0, "bbox": {"xmin": 405, "ymin": 122, "ymax": 506, "xmax": 830}}], [{"tid": 0, "generated": 0, "bbox": {"xmin": 186, "ymin": 266, "ymax": 712, "xmax": 533}}, {"tid": 1, "generated": 0, "bbox": {"xmin": 403, "ymin": 135, "ymax": 513, "xmax": 835}}], [{"tid": 0, "generated": 0, "bbox": {"xmin": 181, "ymin": 272, "ymax": 712, "xmax": 535}}, {"tid": 1, "generated": 0, "bbox": {"xmin": 403, "ymin": 138, "ymax": 520, "xmax": 835}}], [{"tid": 0, "generated": 0, "bbox": {"xmin": 177, "ymin": 277, "ymax": 718, "xmax": 528}}, {"tid": 1, "generated": 0, "bbox": {"xmin": 405, "ymin": 142, "ymax": 522, "xmax": 832}}], [{"tid": 0, "generated": 0, "bbox": {"xmin": 175, "ymin": 280, "ymax": 718, "xmax": 527}}, {"tid": 1, "generated": 0, "bbox": {"xmin": 394, "ymin": 147, "ymax": 536, "xmax": 828}}], [{"tid": 0, "generated": 0, "bbox": {"xmin": 174, "ymin": 284, "ymax": 718, "xmax": 526}}, {"tid": 1, "generated": 0, "bbox": {"xmin": 383, "ymin": 152, "ymax": 537, "xmax": 826}}], [{"tid": 0, "generated": 0, "bbox": {"xmin": 174, "ymin": 288, "ymax": 714, "xmax": 528}}, {"tid": 1, "generated": 0, "bbox": {"xmin": 373, "ymin": 158, "ymax": 538, "xmax": 824}}], [{"tid": 0, "generated": 0, "bbox": {"xmin": 176, "ymin": 291, "ymax": 718, "xmax": 524}}, {"tid": 1, "generated": 0, "bbox": {"xmin": 371, "ymin": 160, "ymax": 549, "xmax": 828}}], [{"tid": 0, "generated": 0, "bbox": {"xmin": 170, "ymin": 296, "ymax": 716, "xmax": 524}}, {"tid": 1, "generated": 0, "bbox": {"xmin": 369, "ymin": 167, "ymax": 551, "xmax": 824}}], [{"tid": 0, "generated": 0, "bbox": {"xmin": 165, "ymin": 296, "ymax": 717, "xmax": 522}}, {"tid": 1, "generated": 0, "bbox": {"xmin": 373, "ymin": 167, "ymax": 551, "xmax": 824}}], [{"tid": 0, "generated": 0, "bbox": {"xmin": 161, "ymin": 296, "ymax": 718, "xmax": 520}}, {"tid": 1, "generated": 0, "bbox": {"xmin": 380, "ymin": 167, "ymax": 558, "xmax": 823}}], [{"tid": 0, "generated": 0, "bbox": {"xmin": 161, "ymin": 298, "ymax": 718, "xmax": 520}}, {"tid": 1, "generated": 0, "bbox": {"xmin": 385, "ymin": 176, "ymax": 565, "xmax": 819}}], [{"tid": 0, "generated": 0, "bbox": {"xmin": 161, "ymin": 301, "ymax": 718, "xmax": 520}}, {"tid": 1, "generated": 0, "bbox": {"xmin": 380, "ymin": 176, "ymax": 566, "xmax": 820}}], [{"tid": 0, "generated": 0, "bbox": {"xmin": 161, "ymin": 304, "ymax": 718, "xmax": 520}}, {"tid": 1, "generated": 0, "bbox": {"xmin": 375, "ymin": 176, "ymax": 567, "xmax": 822}}], [{"tid": 0, "generated": 0, "bbox": {"xmin": 161, "ymin": 302, "ymax": 716, "xmax": 526}}, {"tid": 1, "generated": 0, "bbox": {"xmin": 370, "ymin": 176, "ymax": 569, "xmax": 824}}], [{"tid": 0, "generated": 0, "bbox": {"xmin": 161, "ymin": 301, "ymax": 716, "xmax": 525}}, {"tid": 1, "generated": 0, "bbox": {"xmin": 365, "ymin": 176, "ymax": 570, "xmax": 826}}], [], [], [], [], [], [], [], [], [], [], [], [], [], [], [], [], [], [], [], [], [], [], [], [], [], [], [], [], [], [], [], [], [], [], [], [], [], [], [], [], [], [], [], [], [], [{"tid": 0, "generated": 0, "bbox": {"xmin": 268, "ymin": 289, "ymax": 689, "xmax": 634}}, {"tid": 1, "generated": 0, "bbox": {"xmin": 535, "ymin": 200, "ymax": 597, "xmax": 887}}], [{"tid": 0, "generated": 0, "bbox": {"xmin": 280, "ymin": 280, "ymax": 682, "xmax": 638}}, {"tid": 1, "generated": 0, "bbox": {"xmin": 524, "ymin": 197, "ymax": 593, "xmax": 887}}], [{"tid": 0, "generated": 0, "bbox": {"xmin": 286, "ymin": 279, "ymax": 682, "xmax": 641}}, {"tid": 1, "generated": 0, "bbox": {"xmin": 524, "ymin": 193, "ymax": 591, "xmax": 887}}], [{"tid": 0, "generated": 0, "bbox": {"xmin": 296, "ymin": 277, "ymax": 679, "xmax": 643}}, {"tid": 1, "generated": 0, "bbox": {"xmin": 525, "ymin": 190, "ymax": 589, "xmax": 888}}], [{"tid": 0, "generated": 0, "bbox": {"xmin": 300, "ymin": 275, "ymax": 677, "xmax": 641}}, {"tid": 1, "generated": 0, "bbox": {"xmin": 525, "ymin": 187, "ymax": 587, "xmax": 889}}], [{"tid": 0, "generated": 0, "bbox": {"xmin": 305, "ymin": 273, "ymax": 675, "xmax": 640}}, {"tid": 1, "generated": 0, "bbox": {"xmin": 526, "ymin": 184, "ymax": 586, "xmax": 890}}], [{"tid": 0, "generated": 0, "bbox": {"xmin": 305, "ymin": 272, "ymax": 679, "xmax": 638}}, {"tid": 1, "generated": 0, "bbox": {"xmin": 528, "ymin": 184, "ymax": 584, "xmax": 890}}], [{"tid": 0, "generated": 0, "bbox": {"xmin": 312, "ymin": 275, "ymax": 675, "xmax": 636}}, {"tid": 1, "generated": 0, "bbox": {"xmin": 524, "ymin": 184, "ymax": 584, "xmax": 890}}], [{"tid": 0, "generated": 0, "bbox": {"xmin": 312, "ymin": 280, "ymax": 677, "xmax": 629}}, {"tid": 1, "generated": 0, "bbox": {"xmin": 520, "ymin": 184, "ymax": 585, "xmax": 890}}], [{"tid": 0, "generated": 0, "bbox": {"xmin": 312, "ymin": 286, "ymax": 680, "xmax": 640}}, {"tid": 1, "generated": 0, "bbox": {"xmin": 517, "ymin": 184, "ymax": 586, "xmax": 890}}], [{"tid": 0, "generated": 0, "bbox": {"xmin": 315, "ymin": 281, "ymax": 678, "xmax": 639}}, {"tid": 1, "generated": 0, "bbox": {"xmin": 513, "ymin": 184, "ymax": 586, "xmax": 890}}], [{"tid": 0, "generated": 0, "bbox": {"xmin": 318, "ymin": 277, "ymax": 677, "xmax": 638}}, {"tid": 1, "generated": 0, "bbox": {"xmin": 509, "ymin": 184, "ymax": 587, "xmax": 890}}], [{"tid": 0, "generated": 0, "bbox": {"xmin": 318, "ymin": 277, "ymax": 682, "xmax": 634}}, {"tid": 1, "generated": 0, "bbox": {"xmin": 506, "ymin": 184, "ymax": 588, "xmax": 890}}], [{"tid": 0, "generated": 0, "bbox": {"xmin": 318, "ymin": 273, "ymax": 686, "xmax": 634}}, {"tid": 1, "generated": 0, "bbox": {"xmin": 504, "ymin": 188, "ymax": 590, "xmax": 888}}], [{"tid": 0, "generated": 0, "bbox": {"xmin": 321, "ymin": 275, "ymax": 688, "xmax": 629}}, {"tid": 1, "generated": 0, "bbox": {"xmin": 503, "ymin": 186, "ymax": 591, "xmax": 890}}], [{"tid": 0, "generated": 0, "bbox": {"xmin": 320, "ymin": 270, "ymax": 684, "xmax": 611}}, {"tid": 1, "generated": 0, "bbox": {"xmin": 503, "ymin": 184, "ymax": 592, "xmax": 892}}], [{"tid": 0, "generated": 0, "bbox": {"xmin": 318, "ymin": 272, "ymax": 682, "xmax": 604}}, {"tid": 1, "generated": 0, "bbox": {"xmin": 501, "ymin": 184, "ymax": 590, "xmax": 892}}], [{"tid": 0, "generated": 0, "bbox": {"xmin": 316, "ymin": 272, "ymax": 686, "xmax": 606}}, {"tid": 1, "generated": 0, "bbox": {"xmin": 499, "ymin": 184, "ymax": 589, "xmax": 892}}], [{"tid": 0, "generated": 0, "bbox": {"xmin": 316, "ymin": 279, "ymax": 682, "xmax": 613}}, {"tid": 1, "generated": 0, "bbox": {"xmin": 497, "ymin": 184, "ymax": 589, "xmax": 892}}], [{"tid": 0, "generated": 0, "bbox": {"xmin": 312, "ymin": 277, "ymax": 682, "xmax": 613}}, {"tid": 1, "generated": 0, "bbox": {"xmin": 495, "ymin": 184, "ymax": 588, "xmax": 892}}], [{"tid": 0, "generated": 0, "bbox": {"xmin": 311, "ymin": 280, "ymax": 691, "xmax": 606}}, {"tid": 1, "generated": 0, "bbox": {"xmin": 493, "ymin": 184, "ymax": 588, "xmax": 892}}], [{"tid": 0, "generated": 0, "bbox": {"xmin": 309, "ymin": 279, "ymax": 693, "xmax": 608}}, {"tid": 1, "generated": 0, "bbox": {"xmin": 492, "ymin": 184, "ymax": 587, "xmax": 892}}], [{"tid": 0, "generated": 0, "bbox": {"xmin": 309, "ymin": 279, "ymax": 691, "xmax": 602}}, {"tid": 1, "generated": 0, "bbox": {"xmin": 490, "ymin": 184, "ymax": 587, "xmax": 892}}], [{"tid": 0, "generated": 0, "bbox": {"xmin": 307, "ymin": 279, "ymax": 693, "xmax": 606}}, {"tid": 1, "generated": 0, "bbox": {"xmin": 488, "ymin": 184, "ymax": 586, "xmax": 892}}], [{"tid": 0, "generated": 0, "bbox": {"xmin": 307, "ymin": 280, "ymax": 693, "xmax": 602}}, {"tid": 1, "generated": 0, "bbox": {"xmin": 486, "ymin": 184, "ymax": 586, "xmax": 892}}], [{"tid": 0, "generated": 0, "bbox": {"xmin": 307, "ymin": 282, "ymax": 693, "xmax": 604}}, {"tid": 1, "generated": 0, "bbox": {"xmin": 485, "ymin": 184, "ymax": 586, "xmax": 892}}], [{"tid": 0, "generated": 0, "bbox": {"xmin": 305, "ymin": 288, "ymax": 698, "xmax": 602}}, {"tid": 1, "generated": 0, "bbox": {"xmin": 483, "ymin": 184, "ymax": 584, "xmax": 885}}], [{"tid": 0, "generated": 0, "bbox": {"xmin": 304, "ymin": 288, "ymax": 704, "xmax": 602}}, {"tid": 1, "generated": 0, "bbox": {"xmin": 482, "ymin": 186, "ymax": 586, "xmax": 884}}], [{"tid": 0, "generated": 0, "bbox": {"xmin": 302, "ymin": 293, "ymax": 702, "xmax": 600}}, {"tid": 1, "generated": 0, "bbox": {"xmin": 482, "ymin": 189, "ymax": 588, "xmax": 884}}], [{"tid": 0, "generated": 0, "bbox": {"xmin": 304, "ymin": 289, "ymax": 698, "xmax": 604}}, {"tid": 1, "generated": 0, "bbox": {"xmin": 481, "ymin": 191, "ymax": 590, "xmax": 884}}], [], [], [], [], [], [], [], [], [], [], [], [], [], [], [], [], [], [], [], [], [], [], [], [], [], [], [], [], [], [], [], [], [], [], [], [], [], [], [], [], [], [], [], [], [], [{"tid": 0, "generated": 0, "bbox": {"xmin": 373, "ymin": 243, "ymax": 631, "xmax": 663}}, {"tid": 1, "generated": 0, "bbox": {"xmin": 552, "ymin": 160, "ymax": 540, "xmax": 942}}], [{"tid": 0, "generated": 0, "bbox": {"xmin": 373, "ymin": 245, "ymax": 633, "xmax": 662}}, {"tid": 1, "generated": 0, "bbox": {"xmin": 547, "ymin": 167, "ymax": 551, "xmax": 938}}], [{"tid": 0, "generated": 0, "bbox": {"xmin": 373, "ymin": 247, "ymax": 636, "xmax": 661}}, {"tid": 1, "generated": 0, "bbox": {"xmin": 547, "ymin": 176, "ymax": 556, "xmax": 940}}], [{"tid": 0, "generated": 0, "bbox": {"xmin": 373, "ymin": 256, "ymax": 650, "xmax": 661}}, {"tid": 1, "generated": 0, "bbox": {"xmin": 547, "ymin": 179, "ymax": 563, "xmax": 944}}], [{"tid": 0, "generated": 0, "bbox": {"xmin": 373, "ymin": 261, "ymax": 650, "xmax": 657}}, {"tid": 1, "generated": 0, "bbox": {"xmin": 544, "ymin": 183, "ymax": 568, "xmax": 944}}], [{"tid": 0, "generated": 0, "bbox": {"xmin": 373, "ymin": 266, "ymax": 652, "xmax": 659}}, {"tid": 1, "generated": 0, "bbox": {"xmin": 542, "ymin": 188, "ymax": 574, "xmax": 944}}], [{"tid": 0, "generated": 0, "bbox": {"xmin": 373, "ymin": 264, "ymax": 664, "xmax": 657}}, {"tid": 1, "generated": 0, "bbox": {"xmin": 538, "ymin": 195, "ymax": 586, "xmax": 942}}], [{"tid": 0, "generated": 0, "bbox": {"xmin": 371, "ymin": 272, "ymax": 666, "xmax": 657}}, {"tid": 1, "generated": 0, "bbox": {"xmin": 540, "ymin": 202, "ymax": 588, "xmax": 942}}], [{"tid": 0, "generated": 0, "bbox": {"xmin": 373, "ymin": 272, "ymax": 664, "xmax": 663}}, {"tid": 1, "generated": 0, "bbox": {"xmin": 544, "ymin": 208, "ymax": 586, "xmax": 944}}], [{"tid": 0, "generated": 0, "bbox": {"xmin": 376, "ymin": 268, "ymax": 663, "xmax": 668}}, {"tid": 1, "generated": 0, "bbox": {"xmin": 547, "ymin": 213, "ymax": 588, "xmax": 947}}], [{"tid": 0, "generated": 0, "bbox": {"xmin": 380, "ymin": 264, "ymax": 668, "xmax": 664}}, {"tid": 1, "generated": 0, "bbox": {"xmin": 551, "ymin": 215, "ymax": 590, "xmax": 952}}], [{"tid": 0, "generated": 0, "bbox": {"xmin": 380, "ymin": 270, "ymax": 663, "xmax": 663}}, {"tid": 1, "generated": 0, "bbox": {"xmin": 554, "ymin": 213, "ymax": 586, "xmax": 951}}], [{"tid": 0, "generated": 0, "bbox": {"xmin": 380, "ymin": 268, "ymax": 664, "xmax": 664}}, {"tid": 1, "generated": 0, "bbox": {"xmin": 556, "ymin": 213, "ymax": 585, "xmax": 951}}], [{"tid": 0, "generated": 0, "bbox": {"xmin": 380, "ymin": 266, "ymax": 663, "xmax": 670}}, {"tid": 1, "generated": 0, "bbox": {"xmin": 558, "ymin": 213, "ymax": 584, "xmax": 951}}], [{"tid": 0, "generated": 0, "bbox": {"xmin": 380, "ymin": 272, "ymax": 664, "xmax": 664}}, {"tid": 1, "generated": 0, "bbox": {"xmin": 560, "ymin": 214, "ymax": 583, "xmax": 951}}], [{"tid": 0, "generated": 0, "bbox": {"xmin": 380, "ymin": 270, "ymax": 668, "xmax": 664}}, {"tid": 1, "generated": 0, "bbox": {"xmin": 562, "ymin": 214, "ymax": 582, "xmax": 951}}], [{"tid": 0, "generated": 0, "bbox": {"xmin": 380, "ymin": 269, "ymax": 669, "xmax": 664}}, {"tid": 1, "generated": 0, "bbox": {"xmin": 565, "ymin": 215, "ymax": 581, "xmax": 951}}], [{"tid": 0, "generated": 0, "bbox": {"xmin": 380, "ymin": 268, "ymax": 670, "xmax": 664}}, {"tid": 1, "generated": 0, "bbox": {"xmin": 563, "ymin": 220, "ymax": 581, "xmax": 949}}], [{"tid": 0, "generated": 0, "bbox": {"xmin": 380, "ymin": 270, "ymax": 664, "xmax": 664}}, {"tid": 1, "generated": 0, "bbox": {"xmin": 565, "ymin": 218, "ymax": 579, "xmax": 949}}], [{"tid": 0, "generated": 0, "bbox": {"xmin": 380, "ymin": 269, "ymax": 661, "xmax": 663}}, {"tid": 1, "generated": 0, "bbox": {"xmin": 565, "ymin": 217, "ymax": 578, "xmax": 950}}], [{"tid": 0, "generated": 0, "bbox": {"xmin": 380, "ymin": 268, "ymax": 659, "xmax": 663}}, {"tid": 1, "generated": 0, "bbox": {"xmin": 565, "ymin": 216, "ymax": 577, "xmax": 951}}], [{"tid": 0, "generated": 0, "bbox": {"xmin": 380, "ymin": 266, "ymax": 659, "xmax": 661}}, {"tid": 1, "generated": 0, "bbox": {"xmin": 561, "ymin": 215, "ymax": 576, "xmax": 951}}], [{"tid": 0, "generated": 0, "bbox": {"xmin": 380, "ymin": 268, "ymax": 661, "xmax": 659}}, {"tid": 1, "generated": 0, "bbox": {"xmin": 561, "ymin": 214, "ymax": 576, "xmax": 952}}], [{"tid": 0, "generated": 0, "bbox": {"xmin": 380, "ymin": 266, "ymax": 663, "xmax": 663}}, {"tid": 1, "generated": 0, "bbox": {"xmin": 562, "ymin": 214, "ymax": 576, "xmax": 954}}], [{"tid": 0, "generated": 0, "bbox": {"xmin": 380, "ymin": 266, "ymax": 663, "xmax": 664}}, {"tid": 1, "generated": 0, "bbox": {"xmin": 563, "ymin": 213, "ymax": 576, "xmax": 956}}], [{"tid": 0, "generated": 0, "bbox": {"xmin": 380, "ymin": 266, "ymax": 663, "xmax": 663}}, {"tid": 1, "generated": 0, "bbox": {"xmin": 563, "ymin": 213, "ymax": 576, "xmax": 958}}], [{"tid": 0, "generated": 0, "bbox": {"xmin": 382, "ymin": 266, "ymax": 657, "xmax": 664}}, {"tid": 1, "generated": 0, "bbox": {"xmin": 564, "ymin": 212, "ymax": 576, "xmax": 959}}], [{"tid": 0, "generated": 0, "bbox": {"xmin": 382, "ymin": 264, "ymax": 657, "xmax": 664}}, {"tid": 1, "generated": 0, "bbox": {"xmin": 565, "ymin": 212, "ymax": 576, "xmax": 961}}], [{"tid": 0, "generated": 0, "bbox": {"xmin": 382, "ymin": 263, "ymax": 656, "xmax": 664}}, {"tid": 1, "generated": 0, "bbox": {"xmin": 565, "ymin": 211, "ymax": 576, "xmax": 963}}], [{"tid": 0, "generated": 0, "bbox": {"xmin": 383, "ymin": 263, "ymax": 653, "xmax": 668}}, {"tid": 1, "generated": 0, "bbox": {"xmin": 566, "ymin": 211, "ymax": 576, "xmax": 965}}], [], [], [], [], [], [], [], [], [], [], [], [], [], [], [], [], [], [], [], [], [], [], [], [], [], [], [], [], [], [], [], [], [], [], [], [], [], [], [], [], [], [], [], [], [], [], [], [], [], [], [], [], [], [], [], [], [], [], [], [], [], [], [], [], [], [], [], [], [], [], [], [], [], [], [], [], [], [], [], [], [], [], [], [], [], [], [], [], [], [], [{"tid": 0, "generated": 0, "bbox": {"xmin": 426, "ymin": 264, "ymax": 634, "xmax": 702}}, {"tid": 1, "generated": 0, "bbox": {"xmin": 632, "ymin": 204, "ymax": 568, "xmax": 1004}}], [{"tid": 0, "generated": 0, "bbox": {"xmin": 426, "ymin": 267, "ymax": 637, "xmax": 703}}, {"tid": 1, "generated": 0, "bbox": {"xmin": 632, "ymin": 204, "ymax": 568, "xmax": 1004}}], [{"tid": 0, "generated": 0, "bbox": {"xmin": 426, "ymin": 270, "ymax": 640, "xmax": 704}}, {"tid": 1, "generated": 0, "bbox": {"xmin": 632, "ymin": 204, "ymax": 568, "xmax": 1003}}], [{"tid": 0, "generated": 0, "bbox": {"xmin": 426, "ymin": 270, "ymax": 641, "xmax": 703}}, {"tid": 1, "generated": 0, "bbox": {"xmin": 632, "ymin": 205, "ymax": 569, "xmax": 1002}}], [{"tid": 0, "generated": 0, "bbox": {"xmin": 426, "ymin": 271, "ymax": 642, "xmax": 702}}, {"tid": 1, "generated": 0, "bbox": {"xmin": 632, "ymin": 206, "ymax": 570, "xmax": 1002}}], [{"tid": 0, "generated": 0, "bbox": {"xmin": 426, "ymin": 271, "ymax": 643, "xmax": 702}}, {"tid": 1, "generated": 0, "bbox": {"xmin": 634, "ymin": 204, "ymax": 567, "xmax": 1002}}], [{"tid": 0, "generated": 0, "bbox": {"xmin": 426, "ymin": 272, "ymax": 644, "xmax": 701}}, {"tid": 1, "generated": 0, "bbox": {"xmin": 633, "ymin": 205, "ymax": 568, "xmax": 1001}}], [{"tid": 0, "generated": 0, "bbox": {"xmin": 426, "ymin": 272, "ymax": 645, "xmax": 700}}, {"tid": 1, "generated": 0, "bbox": {"xmin": 632, "ymin": 206, "ymax": 570, "xmax": 1000}}], [{"tid": 0, "generated": 0, "bbox": {"xmin": 426, "ymin": 273, "ymax": 647, "xmax": 700}}, {"tid": 1, "generated": 0, "bbox": {"xmin": 632, "ymin": 207, "ymax": 572, "xmax": 1001}}], [{"tid": 0, "generated": 0, "bbox": {"xmin": 426, "ymin": 274, "ymax": 646, "xmax": 701}}, {"tid": 1, "generated": 0, "bbox": {"xmin": 632, "ymin": 208, "ymax": 574, "xmax": 1002}}], [{"tid": 0, "generated": 0, "bbox": {"xmin": 426, "ymin": 275, "ymax": 645, "xmax": 702}}, {"tid": 1, "generated": 0, "bbox": {"xmin": 632, "ymin": 209, "ymax": 576, "xmax": 1004}}], [{"tid": 0, "generated": 0, "bbox": {"xmin": 424, "ymin": 277, "ymax": 644, "xmax": 703}}, {"tid": 1, "generated": 0, "bbox": {"xmin": 634, "ymin": 209, "ymax": 574, "xmax": 1002}}], [{"tid": 0, "generated": 0, "bbox": {"xmin": 423, "ymin": 280, "ymax": 643, "xmax": 704}}, {"tid": 1, "generated": 0, "bbox": {"xmin": 632, "ymin": 213, "ymax": 572, "xmax": 999}}], [{"tid": 0, "generated": 0, "bbox": {"xmin": 421, "ymin": 280, "ymax": 647, "xmax": 704}}, {"tid": 1, "generated": 0, "bbox": {"xmin": 629, "ymin": 212, "ymax": 572, "xmax": 998}}], [{"tid": 0, "generated": 0, "bbox": {"xmin": 420, "ymin": 280, "ymax": 646, "xmax": 702}}, {"tid": 1, "generated": 0, "bbox": {"xmin": 627, "ymin": 211, "ymax": 572, "xmax": 997}}], [{"tid": 0, "generated": 0, "bbox": {"xmin": 420, "ymin": 281, "ymax": 645, "xmax": 701}}, {"tid": 1, "generated": 0, "bbox": {"xmin": 627, "ymin": 211, "ymax": 572, "xmax": 996}}], [{"tid": 0, "generated": 0, "bbox": {"xmin": 420, "ymin": 282, "ymax": 645, "xmax": 700}}, {"tid": 1, "generated": 0, "bbox": {"xmin": 627, "ymin": 212, "ymax": 573, "xmax": 996}}], [{"tid": 0, "generated": 0, "bbox": {"xmin": 419, "ymin": 283, "ymax": 644, "xmax": 699}}, {"tid": 1, "generated": 0, "bbox": {"xmin": 627, "ymin": 212, "ymax": 573, "xmax": 995}}], [{"tid": 0, "generated": 0, "bbox": {"xmin": 419, "ymin": 284, "ymax": 644, "xmax": 698}}, {"tid": 1, "generated": 0, "bbox": {"xmin": 627, "ymin": 213, "ymax": 574, "xmax": 995}}], [{"tid": 0, "generated": 0, "bbox": {"xmin": 419, "ymin": 285, "ymax": 643, "xmax": 697}}, {"tid": 1, "generated": 0, "bbox": {"xmin": 625, "ymin": 209, "ymax": 575, "xmax": 997}}], [{"tid": 0, "generated": 0, "bbox": {"xmin": 419, "ymin": 286, "ymax": 643, "xmax": 696}}, {"tid": 1, "generated": 0, "bbox": {"xmin": 624, "ymin": 206, "ymax": 577, "xmax": 999}}], [{"tid": 0, "generated": 0, "bbox": {"xmin": 419, "ymin": 286, "ymax": 644, "xmax": 696}}, {"tid": 1, "generated": 0, "bbox": {"xmin": 624, "ymin": 215, "ymax": 577, "xmax": 997}}], [{"tid": 0, "generated": 0, "bbox": {"xmin": 419, "ymin": 287, "ymax": 645, "xmax": 696}}, {"tid": 1, "generated": 0, "bbox": {"xmin": 624, "ymin": 216, "ymax": 577, "xmax": 996}}], [{"tid": 0, "generated": 0, "bbox": {"xmin": 419, "ymin": 287, "ymax": 646, "xmax": 696}}, {"tid": 1, "generated": 0, "bbox": {"xmin": 624, "ymin": 217, "ymax": 577, "xmax": 995}}], [{"tid": 0, "generated": 0, "bbox": {"xmin": 419, "ymin": 288, "ymax": 647, "xmax": 696}}, {"tid": 1, "generated": 0, "bbox": {"xmin": 625, "ymin": 218, "ymax": 577, "xmax": 995}}], [{"tid": 0, "generated": 0, "bbox": {"xmin": 419, "ymin": 288, "ymax": 648, "xmax": 696}}, {"tid": 1, "generated": 0, "bbox": {"xmin": 626, "ymin": 219, "ymax": 578, "xmax": 995}}], [{"tid": 0, "generated": 0, "bbox": {"xmin": 419, "ymin": 289, "ymax": 649, "xmax": 696}}, {"tid": 1, "generated": 0, "bbox": {"xmin": 627, "ymin": 220, "ymax": 579, "xmax": 995}}], [{"tid": 0, "generated": 0, "bbox": {"xmin": 419, "ymin": 289, "ymax": 650, "xmax": 696}}, {"tid": 1, "generated": 0, "bbox": {"xmin": 628, "ymin": 221, "ymax": 580, "xmax": 995}}], [{"tid": 0, "generated": 0, "bbox": {"xmin": 419, "ymin": 290, "ymax": 651, "xmax": 696}}, {"tid": 1, "generated": 0, "bbox": {"xmin": 629, "ymin": 222, "ymax": 581, "xmax": 995}}], [{"tid": 0, "generated": 0, "bbox": {"xmin": 419, "ymin": 291, "ymax": 652, "xmax": 696}}, {"tid": 1, "generated": 0, "bbox": {"xmin": 631, "ymin": 224, "ymax": 583, "xmax": 995}}], [], [], [], [], [], [], [], [], [], [], [], [], [], [], [], [{"tid": 0, "generated": 0, "bbox": {"xmin": 419, "ymin": 304, "ymax": 656, "xmax": 704}}, {"tid": 1, "generated": 0, "bbox": {"xmin": 654, "ymin": 224, "ymax": 583, "xmax": 999}}], [{"tid": 0, "generated": 0, "bbox": {"xmin": 423, "ymin": 302, "ymax": 659, "xmax": 704}}, {"tid": 1, "generated": 0, "bbox": {"xmin": 659, "ymin": 224, "ymax": 581, "xmax": 999}}], [{"tid": 0, "generated": 0, "bbox": {"xmin": 423, "ymin": 304, "ymax": 657, "xmax": 705}}, {"tid": 1, "generated": 0, "bbox": {"xmin": 659, "ymin": 224, "ymax": 580, "xmax": 998}}], [{"tid": 0, "generated": 0, "bbox": {"xmin": 423, "ymin": 302, "ymax": 657, "xmax": 704}}, {"tid": 1, "generated": 0, "bbox": {"xmin": 659, "ymin": 224, "ymax": 579, "xmax": 997}}], [{"tid": 0, "generated": 0, "bbox": {"xmin": 423, "ymin": 300, "ymax": 657, "xmax": 702}}, {"tid": 1, "generated": 0, "bbox": {"xmin": 658, "ymin": 224, "ymax": 581, "xmax": 998}}], [{"tid": 0, "generated": 0, "bbox": {"xmin": 419, "ymin": 298, "ymax": 654, "xmax": 702}}, {"tid": 1, "generated": 0, "bbox": {"xmin": 657, "ymin": 224, "ymax": 583, "xmax": 1000}}], [{"tid": 0, "generated": 0, "bbox": {"xmin": 414, "ymin": 296, "ymax": 656, "xmax": 698}}, {"tid": 1, "generated": 0, "bbox": {"xmin": 657, "ymin": 222, "ymax": 581, "xmax": 999}}], [{"tid": 0, "generated": 0, "bbox": {"xmin": 414, "ymin": 295, "ymax": 650, "xmax": 696}}, {"tid": 1, "generated": 0, "bbox": {"xmin": 656, "ymin": 220, "ymax": 577, "xmax": 997}}], [{"tid": 0, "generated": 0, "bbox": {"xmin": 415, "ymin": 293, "ymax": 646, "xmax": 698}}, {"tid": 1, "generated": 0, "bbox": {"xmin": 656, "ymin": 216, "ymax": 572, "xmax": 998}}], [{"tid": 0, "generated": 0, "bbox": {"xmin": 416, "ymin": 292, "ymax": 643, "xmax": 701}}, {"tid": 1, "generated": 0, "bbox": {"xmin": 657, "ymin": 213, "ymax": 567, "xmax": 999}}], [{"tid": 0, "generated": 0, "bbox": {"xmin": 417, "ymin": 291, "ymax": 640, "xmax": 704}}, {"tid": 1, "generated": 0, "bbox": {"xmin": 663, "ymin": 209, "ymax": 560, "xmax": 1004}}], [{"tid": 0, "generated": 0, "bbox": {"xmin": 417, "ymin": 289, "ymax": 640, "xmax": 705}}, {"tid": 1, "generated": 0, "bbox": {"xmin": 661, "ymin": 206, "ymax": 557, "xmax": 1004}}], [{"tid": 0, "generated": 0, "bbox": {"xmin": 419, "ymin": 288, "ymax": 643, "xmax": 704}}, {"tid": 1, "generated": 0, "bbox": {"xmin": 659, "ymin": 203, "ymax": 554, "xmax": 1005}}], [{"tid": 0, "generated": 0, "bbox": {"xmin": 423, "ymin": 288, "ymax": 638, "xmax": 704}}, {"tid": 1, "generated": 0, "bbox": {"xmin": 657, "ymin": 200, "ymax": 551, "xmax": 1006}}], [{"tid": 0, "generated": 0, "bbox": {"xmin": 423, "ymin": 284, "ymax": 634, "xmax": 709}}, {"tid": 1, "generated": 0, "bbox": {"xmin": 655, "ymin": 197, "ymax": 550, "xmax": 1008}}], [{"tid": 0, "generated": 0, "bbox": {"xmin": 424, "ymin": 280, "ymax": 632, "xmax": 709}}, {"tid": 1, "generated": 0, "bbox": {"xmin": 654, "ymin": 195, "ymax": 549, "xmax": 1011}}], [{"tid": 0, "generated": 0, "bbox": {"xmin": 424, "ymin": 278, "ymax": 632, "xmax": 707}}, {"tid": 1, "generated": 0, "bbox": {"xmin": 648, "ymin": 195, "ymax": 545, "xmax": 995}}], [{"tid": 0, "generated": 0, "bbox": {"xmin": 425, "ymin": 276, "ymax": 632, "xmax": 706}}, {"tid": 1, "generated": 0, "bbox": {"xmin": 646, "ymin": 191, "ymax": 543, "xmax": 996}}], [{"tid": 0, "generated": 0, "bbox": {"xmin": 426, "ymin": 275, "ymax": 632, "xmax": 705}}, {"tid": 1, "generated": 0, "bbox": {"xmin": 645, "ymin": 188, "ymax": 542, "xmax": 997}}], [{"tid": 0, "generated": 0, "bbox": {"xmin": 426, "ymin": 272, "ymax": 629, "xmax": 709}}, {"tid": 1, "generated": 0, "bbox": {"xmin": 645, "ymin": 186, "ymax": 538, "xmax": 999}}], [{"tid": 0, "generated": 0, "bbox": {"xmin": 427, "ymin": 273, "ymax": 630, "xmax": 709}}, {"tid": 1, "generated": 0, "bbox": {"xmin": 645, "ymin": 184, "ymax": 537, "xmax": 999}}], [{"tid": 0, "generated": 0, "bbox": {"xmin": 429, "ymin": 275, "ymax": 631, "xmax": 710}}, {"tid": 1, "generated": 0, "bbox": {"xmin": 645, "ymin": 183, "ymax": 536, "xmax": 999}}], [{"tid": 0, "generated": 0, "bbox": {"xmin": 431, "ymin": 277, "ymax": 632, "xmax": 711}}, {"tid": 1, "generated": 0, "bbox": {"xmin": 645, "ymin": 183, "ymax": 535, "xmax": 999}}], [{"tid": 0, "generated": 0, "bbox": {"xmin": 433, "ymin": 279, "ymax": 634, "xmax": 712}}, {"tid": 1, "generated": 0, "bbox": {"xmin": 645, "ymin": 183, "ymax": 536, "xmax": 1008}}], [{"tid": 0, "generated": 0, "bbox": {"xmin": 433, "ymin": 277, "ymax": 636, "xmax": 716}}, {"tid": 1, "generated": 0, "bbox": {"xmin": 643, "ymin": 184, "ymax": 538, "xmax": 1004}}], [{"tid": 0, "generated": 0, "bbox": {"xmin": 433, "ymin": 282, "ymax": 638, "xmax": 714}}, {"tid": 1, "generated": 0, "bbox": {"xmin": 638, "ymin": 186, "ymax": 538, "xmax": 1008}}], [{"tid": 0, "generated": 0, "bbox": {"xmin": 432, "ymin": 281, "ymax": 640, "xmax": 712}}, {"tid": 1, "generated": 0, "bbox": {"xmin": 633, "ymin": 185, "ymax": 540, "xmax": 1005}}], [{"tid": 0, "generated": 0, "bbox": {"xmin": 432, "ymin": 280, "ymax": 643, "xmax": 711}}, {"tid": 1, "generated": 0, "bbox": {"xmin": 628, "ymin": 184, "ymax": 542, "xmax": 1002}}], [{"tid": 0, "generated": 0, "bbox": {"xmin": 430, "ymin": 282, "ymax": 645, "xmax": 709}}, {"tid": 1, "generated": 0, "bbox": {"xmin": 624, "ymin": 184, "ymax": 545, "xmax": 999}}], [{"tid": 0, "generated": 0, "bbox": {"xmin": 429, "ymin": 285, "ymax": 647, "xmax": 708}}, {"tid": 1, "generated": 0, "bbox": {"xmin": 624, "ymin": 183, "ymax": 549, "xmax": 995}}], [], [], [], [], [], [], [], [], [], [], [], [], [], [], [], [], [], [], [], [], [], [], [], [], [], [], [], [], [], [], [], [], [], [], [], [], [], [], [], [], [], [], [], [], [], [{"tid": 0, "generated": 0, "bbox": {"xmin": 389, "ymin": 314, "ymax": 707, "xmax": 677}}, {"tid": 1, "generated": 0, "bbox": {"xmin": 659, "ymin": 176, "ymax": 570, "xmax": 1020}}], [{"tid": 0, "generated": 0, "bbox": {"xmin": 396, "ymin": 314, "ymax": 695, "xmax": 675}}, {"tid": 1, "generated": 0, "bbox": {"xmin": 659, "ymin": 175, "ymax": 569, "xmax": 1018}}], [{"tid": 0, "generated": 0, "bbox": {"xmin": 412, "ymin": 312, "ymax": 686, "xmax": 672}}, {"tid": 1, "generated": 0, "bbox": {"xmin": 659, "ymin": 174, "ymax": 568, "xmax": 1017}}], [{"tid": 0, "generated": 0, "bbox": {"xmin": 430, "ymin": 311, "ymax": 677, "xmax": 672}}, {"tid": 1, "generated": 0, "bbox": {"xmin": 659, "ymin": 173, "ymax": 567, "xmax": 1016}}], [{"tid": 0, "generated": 0, "bbox": {"xmin": 426, "ymin": 307, "ymax": 663, "xmax": 666}}, {"tid": 1, "generated": 0, "bbox": {"xmin": 659, "ymin": 172, "ymax": 567, "xmax": 1015}}], [{"tid": 0, "generated": 0, "bbox": {"xmin": 423, "ymin": 304, "ymax": 652, "xmax": 648}}, {"tid": 1, "generated": 0, "bbox": {"xmin": 658, "ymin": 171, "ymax": 566, "xmax": 1012}}], [{"tid": 0, "generated": 0, "bbox": {"xmin": 417, "ymin": 300, "ymax": 650, "xmax": 627}}, {"tid": 1, "generated": 0, "bbox": {"xmin": 657, "ymin": 171, "ymax": 565, "xmax": 1010}}], [{"tid": 0, "generated": 0, "bbox": {"xmin": 414, "ymin": 295, "ymax": 645, "xmax": 625}}, {"tid": 1, "generated": 0, "bbox": {"xmin": 657, "ymin": 170, "ymax": 564, "xmax": 1008}}], [{"tid": 0, "generated": 0, "bbox": {"xmin": 410, "ymin": 286, "ymax": 631, "xmax": 622}}, {"tid": 1, "generated": 0, "bbox": {"xmin": 656, "ymin": 170, "ymax": 563, "xmax": 1006}}], [{"tid": 0, "generated": 0, "bbox": {"xmin": 407, "ymin": 275, "ymax": 609, "xmax": 625}}, {"tid": 1, "generated": 0, "bbox": {"xmin": 656, "ymin": 170, "ymax": 563, "xmax": 1004}}], [{"tid": 0, "generated": 0, "bbox": {"xmin": 405, "ymin": 264, "ymax": 592, "xmax": 622}}, {"tid": 1, "generated": 0, "bbox": {"xmin": 650, "ymin": 168, "ymax": 565, "xmax": 1006}}], [{"tid": 0, "generated": 0, "bbox": {"xmin": 408, "ymin": 259, "ymax": 592, "xmax": 618}}, {"tid": 1, "generated": 0, "bbox": {"xmin": 650, "ymin": 169, "ymax": 564, "xmax": 1005}}], [{"tid": 0, "generated": 0, "bbox": {"xmin": 410, "ymin": 254, "ymax": 577, "xmax": 620}}, {"tid": 1, "generated": 0, "bbox": {"xmin": 650, "ymin": 171, "ymax": 563, "xmax": 1004}}], [{"tid": 0, "generated": 0, "bbox": {"xmin": 405, "ymin": 248, "ymax": 574, "xmax": 620}}, {"tid": 1, "generated": 0, "bbox": {"xmin": 650, "ymin": 172, "ymax": 562, "xmax": 1003}}], [{"tid": 0, "generated": 0, "bbox": {"xmin": 400, "ymin": 243, "ymax": 574, "xmax": 618}}, {"tid": 1, "generated": 0, "bbox": {"xmin": 650, "ymin": 174, "ymax": 561, "xmax": 1002}}], [{"tid": 0, "generated": 0, "bbox": {"xmin": 398, "ymin": 229, "ymax": 570, "xmax": 645}}, {"tid": 1, "generated": 0, "bbox": {"xmin": 650, "ymin": 174, "ymax": 563, "xmax": 1000}}], [{"tid": 0, "generated": 0, "bbox": {"xmin": 401, "ymin": 213, "ymax": 574, "xmax": 663}}, {"tid": 1, "generated": 0, "bbox": {"xmin": 650, "ymin": 175, "ymax": 562, "xmax": 1000}}], [{"tid": 0, "generated": 0, "bbox": {"xmin": 392, "ymin": 197, "ymax": 579, "xmax": 663}}, {"tid": 1, "generated": 0, "bbox": {"xmin": 650, "ymin": 176, "ymax": 561, "xmax": 1000}}], [{"tid": 0, "generated": 0, "bbox": {"xmin": 384, "ymin": 181, "ymax": 583, "xmax": 632}}, {"tid": 1, "generated": 0, "bbox": {"xmin": 650, "ymin": 178, "ymax": 561, "xmax": 1000}}], [{"tid": 0, "generated": 0, "bbox": {"xmin": 376, "ymin": 158, "ymax": 579, "xmax": 631}}, {"tid": 1, "generated": 0, "bbox": {"xmin": 650, "ymin": 179, "ymax": 560, "xmax": 1000}}], [{"tid": 0, "generated": 0, "bbox": {"xmin": 376, "ymin": 152, "ymax": 577, "xmax": 618}}, {"tid": 1, "generated": 0, "bbox": {"xmin": 650, "ymin": 181, "ymax": 560, "xmax": 1000}}], [{"tid": 0, "generated": 0, "bbox": {"xmin": 378, "ymin": 133, "ymax": 572, "xmax": 616}}, {"tid": 1, "generated": 0, "bbox": {"xmin": 650, "ymin": 179, "ymax": 558, "xmax": 1000}}], [{"tid": 0, "generated": 0, "bbox": {"xmin": 376, "ymin": 104, "ymax": 577, "xmax": 620}}, {"tid": 1, "generated": 0, "bbox": {"xmin": 651, "ymin": 178, "ymax": 557, "xmax": 1000}}], [{"tid": 0, "generated": 0, "bbox": {"xmin": 375, "ymin": 97, "ymax": 576, "xmax": 615}}, {"tid": 1, "generated": 0, "bbox": {"xmin": 652, "ymin": 176, "ymax": 556, "xmax": 1001}}], [{"tid": 0, "generated": 0, "bbox": {"xmin": 373, "ymin": 92, "ymax": 572, "xmax": 611}}, {"tid": 1, "generated": 0, "bbox": {"xmin": 653, "ymin": 175, "ymax": 555, "xmax": 1001}}], [{"tid": 0, "generated": 0, "bbox": {"xmin": 371, "ymin": 94, "ymax": 570, "xmax": 611}}, {"tid": 1, "generated": 0, "bbox": {"xmin": 654, "ymin": 174, "ymax": 554, "xmax": 1002}}], [{"tid": 0, "generated": 0, "bbox": {"xmin": 369, "ymin": 94, "ymax": 574, "xmax": 600}}, {"tid": 1, "generated": 0, "bbox": {"xmin": 655, "ymin": 172, "ymax": 553, "xmax": 1002}}], [{"tid": 0, "generated": 0, "bbox": {"xmin": 369, "ymin": 99, "ymax": 572, "xmax": 599}}, {"tid": 1, "generated": 0, "bbox": {"xmin": 656, "ymin": 170, "ymax": 552, "xmax": 1002}}], [{"tid": 0, "generated": 0, "bbox": {"xmin": 371, "ymin": 88, "ymax": 574, "xmax": 593}}, {"tid": 1, "generated": 0, "bbox": {"xmin": 655, "ymin": 169, "ymax": 551, "xmax": 1002}}], [{"tid": 0, "generated": 0, "bbox": {"xmin": 369, "ymin": 94, "ymax": 576, "xmax": 597}}, {"tid": 1, "generated": 0, "bbox": {"xmin": 654, "ymin": 168, "ymax": 551, "xmax": 1003}}], [], [], [], [], [], [], [], [], [], [], [], [], [], [], [], [], [], [], [], [], [], [], [], [], [], [], [], [], [], [], [], [], [], [], [], [], [], [], [], [], [], [], [], [], [], [{"tid": 0, "generated": 0, "bbox": {"xmin": 401, "ymin": 134, "ymax": 557, "xmax": 607}}, {"tid": 1, "generated": 0, "bbox": {"xmin": 673, "ymin": 195, "ymax": 570, "xmax": 1004}}], [{"tid": 0, "generated": 0, "bbox": {"xmin": 400, "ymin": 136, "ymax": 557, "xmax": 607}}, {"tid": 1, "generated": 0, "bbox": {"xmin": 672, "ymin": 192, "ymax": 567, "xmax": 1004}}], [{"tid": 0, "generated": 0, "bbox": {"xmin": 399, "ymin": 137, "ymax": 556, "xmax": 606}}, {"tid": 1, "generated": 0, "bbox": {"xmin": 668, "ymin": 195, "ymax": 577, "xmax": 1000}}], [{"tid": 0, "generated": 0, "bbox": {"xmin": 398, "ymin": 138, "ymax": 556, "xmax": 606}}, {"tid": 1, "generated": 0, "bbox": {"xmin": 674, "ymin": 191, "ymax": 575, "xmax": 1001}}], [{"tid": 0, "generated": 0, "bbox": {"xmin": 398, "ymin": 140, "ymax": 556, "xmax": 606}}, {"tid": 1, "generated": 0, "bbox": {"xmin": 680, "ymin": 187, "ymax": 573, "xmax": 1002}}], [{"tid": 0, "generated": 0, "bbox": {"xmin": 398, "ymin": 138, "ymax": 556, "xmax": 608}}, {"tid": 1, "generated": 0, "bbox": {"xmin": 686, "ymin": 184, "ymax": 572, "xmax": 1004}}], [{"tid": 0, "generated": 0, "bbox": {"xmin": 399, "ymin": 138, "ymax": 558, "xmax": 608}}, {"tid": 1, "generated": 0, "bbox": {"xmin": 691, "ymin": 192, "ymax": 574, "xmax": 999}}], [{"tid": 0, "generated": 0, "bbox": {"xmin": 400, "ymin": 138, "ymax": 560, "xmax": 608}}, {"tid": 1, "generated": 0, "bbox": {"xmin": 689, "ymin": 193, "ymax": 572, "xmax": 993}}], [{"tid": 0, "generated": 0, "bbox": {"xmin": 400, "ymin": 140, "ymax": 558, "xmax": 608}}, {"tid": 1, "generated": 0, "bbox": {"xmin": 685, "ymin": 196, "ymax": 571, "xmax": 988}}], [{"tid": 0, "generated": 0, "bbox": {"xmin": 401, "ymin": 142, "ymax": 556, "xmax": 608}}, {"tid": 1, "generated": 0, "bbox": {"xmin": 681, "ymin": 200, "ymax": 570, "xmax": 983}}], [{"tid": 0, "generated": 0, "bbox": {"xmin": 403, "ymin": 142, "ymax": 560, "xmax": 608}}, {"tid": 1, "generated": 0, "bbox": {"xmin": 677, "ymin": 204, "ymax": 570, "xmax": 979}}], [{"tid": 0, "generated": 0, "bbox": {"xmin": 405, "ymin": 145, "ymax": 558, "xmax": 608}}, {"tid": 1, "generated": 0, "bbox": {"xmin": 677, "ymin": 213, "ymax": 572, "xmax": 984}}], [{"tid": 0, "generated": 0, "bbox": {"xmin": 406, "ymin": 144, "ymax": 554, "xmax": 613}}, {"tid": 1, "generated": 0, "bbox": {"xmin": 670, "ymin": 220, "ymax": 568, "xmax": 986}}], [{"tid": 0, "generated": 0, "bbox": {"xmin": 408, "ymin": 144, "ymax": 551, "xmax": 618}}, {"tid": 1, "generated": 0, "bbox": {"xmin": 664, "ymin": 220, "ymax": 567, "xmax": 984}}], [{"tid": 0, "generated": 0, "bbox": {"xmin": 410, "ymin": 147, "ymax": 549, "xmax": 616}}, {"tid": 1, "generated": 0, "bbox": {"xmin": 657, "ymin": 220, "ymax": 565, "xmax": 993}}], [{"tid": 0, "generated": 0, "bbox": {"xmin": 412, "ymin": 142, "ymax": 549, "xmax": 618}}, {"tid": 1, "generated": 0, "bbox": {"xmin": 656, "ymin": 220, "ymax": 567, "xmax": 988}}], [{"tid": 0, "generated": 0, "bbox": {"xmin": 410, "ymin": 144, "ymax": 545, "xmax": 618}}, {"tid": 1, "generated": 0, "bbox": {"xmin": 649, "ymin": 221, "ymax": 558, "xmax": 984}}], [{"tid": 0, "generated": 0, "bbox": {"xmin": 409, "ymin": 143, "ymax": 543, "xmax": 619}}, {"tid": 1, "generated": 0, "bbox": {"xmin": 642, "ymin": 223, "ymax": 549, "xmax": 980}}], [{"tid": 0, "generated": 0, "bbox": {"xmin": 408, "ymin": 142, "ymax": 542, "xmax": 620}}, {"tid": 1, "generated": 0, "bbox": {"xmin": 636, "ymin": 225, "ymax": 540, "xmax": 976}}], [{"tid": 0, "generated": 0, "bbox": {"xmin": 407, "ymin": 142, "ymax": 541, "xmax": 622}}, {"tid": 1, "generated": 0, "bbox": {"xmin": 629, "ymin": 232, "ymax": 519, "xmax": 960}}], [{"tid": 0, "generated": 0, "bbox": {"xmin": 406, "ymin": 141, "ymax": 539, "xmax": 623}}, {"tid": 1, "generated": 0, "bbox": {"xmin": 622, "ymin": 230, "ymax": 517, "xmax": 958}}], [{"tid": 0, "generated": 0, "bbox": {"xmin": 405, "ymin": 140, "ymax": 538, "xmax": 625}}, {"tid": 1, "generated": 0, "bbox": {"xmin": 615, "ymin": 229, "ymax": 515, "xmax": 956}}], [{"tid": 0, "generated": 0, "bbox": {"xmin": 404, "ymin": 140, "ymax": 537, "xmax": 626}}, {"tid": 1, "generated": 0, "bbox": {"xmin": 608, "ymin": 226, "ymax": 513, "xmax": 953}}], [{"tid": 0, "generated": 0, "bbox": {"xmin": 403, "ymin": 139, "ymax": 535, "xmax": 628}}, {"tid": 1, "generated": 0, "bbox": {"xmin": 602, "ymin": 224, "ymax": 512, "xmax": 951}}], [{"tid": 0, "generated": 0, "bbox": {"xmin": 402, "ymin": 138, "ymax": 534, "xmax": 629}}, {"tid": 1, "generated": 0, "bbox": {"xmin": 597, "ymin": 221, "ymax": 512, "xmax": 953}}], [{"tid": 0, "generated": 0, "bbox": {"xmin": 401, "ymin": 138, "ymax": 533, "xmax": 631}}, {"tid": 1, "generated": 0, "bbox": {"xmin": 592, "ymin": 218, "ymax": 512, "xmax": 956}}], [{"tid": 0, "generated": 0, "bbox": {"xmin": 405, "ymin": 138, "ymax": 529, "xmax": 638}}, {"tid": 1, "generated": 0, "bbox": {"xmin": 593, "ymin": 217, "ymax": 509, "xmax": 956}}], [{"tid": 0, "generated": 0, "bbox": {"xmin": 408, "ymin": 140, "ymax": 529, "xmax": 640}}, {"tid": 1, "generated": 0, "bbox": {"xmin": 595, "ymin": 216, "ymax": 506, "xmax": 956}}], [{"tid": 0, "generated": 0, "bbox": {"xmin": 407, "ymin": 142, "ymax": 526, "xmax": 648}}, {"tid": 1, "generated": 0, "bbox": {"xmin": 592, "ymin": 215, "ymax": 501, "xmax": 954}}], [{"tid": 0, "generated": 0, "bbox": {"xmin": 412, "ymin": 147, "ymax": 528, "xmax": 652}}, {"tid": 1, "generated": 0, "bbox": {"xmin": 597, "ymin": 218, "ymax": 496, "xmax": 949}}]], "subject/objects": [{"category": "domestic_cat", "tid": 0}, {"category": "monkey", "tid": 1}], "relation_instances": [{"end_fid": 30, "subject_tid": 0, "predicate": "sit_left", "begin_fid": 0, "object_tid": 1}, {"end_fid": 30, "subject_tid": 0, "predicate": "play", "begin_fid": 0, "object_tid": 1}, {"end_fid": 30, "subject_tid": 1, "predicate": "sit_right", "begin_fid": 0, "object_tid": 0}, {"end_fid": 30, "subject_tid": 1, "predicate": "play", "begin_fid": 0, "object_tid": 0}, {"end_fid": 30, "subject_tid": 1, "predicate": "watch", "begin_fid": 0, "object_tid": 0}, {"end_fid": 30, "subject_tid": 1, "predicate": "touch", "begin_fid": 0, "object_tid": 0}, {"end_fid": 45, "subject_tid": 0, "predicate": "sit_left", "begin_fid": 15, "object_tid": 1}, {"end_fid": 45, "subject_tid": 0, "predicate": "play", "begin_fid": 15, "object_tid": 1}, {"end_fid": 45, "subject_tid": 1, "predicate": "sit_right", "begin_fid": 15, "object_tid": 0}, {"end_fid": 45, "subject_tid": 1, "predicate": "play", "begin_fid": 15, "object_tid": 0}, {"end_fid": 45, "subject_tid": 1, "predicate": "watch", "begin_fid": 15, "object_tid": 0}, {"end_fid": 45, "subject_tid": 1, "predicate": "touch", "begin_fid": 15, "object_tid": 0}, {"end_fid": 75, "subject_tid": 0, "predicate": "sit_left", "begin_fid": 45, "object_tid": 1}, {"end_fid": 75, "subject_tid": 0, "predicate": "play", "begin_fid": 45, "object_tid": 1}, {"end_fid": 75, "subject_tid": 1, "predicate": "sit_right", "begin_fid": 45, "object_tid": 0}, {"end_fid": 75, "subject_tid": 1, "predicate": "play", "begin_fid": 45, "object_tid": 0}, {"end_fid": 75, "subject_tid": 1, "predicate": "watch", "begin_fid": 45, "object_tid": 0}, {"end_fid": 120, "subject_tid": 0, "predicate": "sit_left", "begin_fid": 90, "object_tid": 1}, {"end_fid": 120, "subject_tid": 0, "predicate": "play", "begin_fid": 90, "object_tid": 1}, {"end_fid": 120, "subject_tid": 1, "predicate": "sit_right", "begin_fid": 90, "object_tid": 0}, {"end_fid": 120, "subject_tid": 1, "predicate": "play", "begin_fid": 90, "object_tid": 0}, {"end_fid": 120, "subject_tid": 1, "predicate": "watch", "begin_fid": 90, "object_tid": 0}, {"end_fid": 120, "subject_tid": 1, "predicate": "touch", "begin_fid": 90, "object_tid": 0}, {"end_fid": 195, "subject_tid": 0, "predicate": "sit_left", "begin_fid": 165, "object_tid": 1}, {"end_fid": 195, "subject_tid": 0, "predicate": "play", "begin_fid": 165, "object_tid": 1}, {"end_fid": 195, "subject_tid": 0, "predicate": "watch", "begin_fid": 165, "object_tid": 1}, {"end_fid": 195, "subject_tid": 1, "predicate": "sit_right", "begin_fid": 165, "object_tid": 0}, {"end_fid": 195, "subject_tid": 1, "predicate": "play", "begin_fid": 165, "object_tid": 0}, {"end_fid": 195, "subject_tid": 1, "predicate": "watch", "begin_fid": 165, "object_tid": 0}, {"end_fid": 270, "subject_tid": 0, "predicate": "sit_left", "begin_fid": 240, "object_tid": 1}, {"end_fid": 270, "subject_tid": 0, "predicate": "play", "begin_fid": 240, "object_tid": 1}, {"end_fid": 270, "subject_tid": 1, "predicate": "sit_right", "begin_fid": 240, "object_tid": 0}, {"end_fid": 270, "subject_tid": 1, "predicate": "play", "begin_fid": 240, "object_tid": 0}, {"end_fid": 270, "subject_tid": 1, "predicate": "watch", "begin_fid": 240, "object_tid": 0}, {"end_fid": 270, "subject_tid": 1, "predicate": "touch", "begin_fid": 240, "object_tid": 0}, {"end_fid": 390, "subject_tid": 0, "predicate": "sit_left", "begin_fid": 360, "object_tid": 1}, {"end_fid": 390, "subject_tid": 0, "predicate": "play", "begin_fid": 360, "object_tid": 1}, {"end_fid": 390, "subject_tid": 1, "predicate": "sit_right", "begin_fid": 360, "object_tid": 0}, {"end_fid": 390, "subject_tid": 1, "predicate": "play", "begin_fid": 360, "object_tid": 0}, {"end_fid": 390, "subject_tid": 1, "predicate": "watch", "begin_fid": 360, "object_tid": 0}, {"end_fid": 390, "subject_tid": 1, "predicate": "touch", "begin_fid": 360, "object_tid": 0}, {"end_fid": 435, "subject_tid": 0, "predicate": "sit_left", "begin_fid": 405, "object_tid": 1}, {"end_fid": 435, "subject_tid": 0, "predicate": "play", "begin_fid": 405, "object_tid": 1}, {"end_fid": 435, "subject_tid": 1, "predicate": "sit_right", "begin_fid": 405, "object_tid": 0}, {"end_fid": 435, "subject_tid": 1, "predicate": "play", "begin_fid": 405, "object_tid": 0}, {"end_fid": 435, "subject_tid": 1, "predicate": "watch", "begin_fid": 405, "object_tid": 0}, {"end_fid": 435, "subject_tid": 1, "predicate": "touch", "begin_fid": 405, "object_tid": 0}, {"end_fid": 510, "subject_tid": 0, "predicate": "walk_left", "begin_fid": 480, "object_tid": 1}, {"end_fid": 510, "subject_tid": 0, "predicate": "play", "begin_fid": 480, "object_tid": 1}, {"end_fid": 510, "subject_tid": 1, "predicate": "sit_right", "begin_fid": 480, "object_tid": 0}, {"end_fid": 510, "subject_tid": 1, "predicate": "play", "begin_fid": 480, "object_tid": 0}, {"end_fid": 510, "subject_tid": 1, "predicate": "watch", "begin_fid": 480, "object_tid": 0}, {"end_fid": 585, "subject_tid": 0, "predicate": "stand_left", "begin_fid": 555, "object_tid": 1}, {"end_fid": 585, "subject_tid": 0, "predicate": "play", "begin_fid": 555, "object_tid": 1}, {"end_fid": 585, "subject_tid": 1, "predicate": "walk_toward", "begin_fid": 555, "object_tid": 0}, {"end_fid": 585, "subject_tid": 1, "predicate": "walk_right", "begin_fid": 555, "object_tid": 0}, {"end_fid": 585, "subject_tid": 1, "predicate": "play", "begin_fid": 555, "object_tid": 0}, {"end_fid": 585, "subject_tid": 1, "predicate": "watch", "begin_fid": 555, "object_tid": 0}, {"end_fid": 585, "subject_tid": 1, "predicate": "chase", "begin_fid": 555, "object_tid": 0}], "height": 720}