{"width": 1280, "frame_count": 261, "video_id": "ILSVRC2015_train_01029000", "fps": 29, "trajectories": [[{"tid": 0, "generated": 0, "bbox": {"xmin": 599, "ymin": 168, "ymax": 478, "xmax": 912}}, {"tid": 2, "generated": 0, "bbox": {"xmin": 707, "ymin": 89, "ymax": 371, "xmax": 839}}], [{"tid": 0, "generated": 0, "bbox": {"xmin": 599, "ymin": 168, "ymax": 476, "xmax": 901}}, {"tid": 2, "generated": 0, "bbox": {"xmin": 707, "ymin": 89, "ymax": 371, "xmax": 839}}], [{"tid": 0, "generated": 0, "bbox": {"xmin": 602, "ymin": 168, "ymax": 476, "xmax": 904}}, {"tid": 2, "generated": 0, "bbox": {"xmin": 707, "ymin": 89, "ymax": 371, "xmax": 839}}], [{"tid": 0, "generated": 0, "bbox": {"xmin": 609, "ymin": 168, "ymax": 474, "xmax": 899}}, {"tid": 2, "generated": 0, "bbox": {"xmin": 707, "ymin": 89, "ymax": 371, "xmax": 839}}], [{"tid": 0, "generated": 0, "bbox": {"xmin": 611, "ymin": 168, "ymax": 474, "xmax": 901}}, {"tid": 2, "generated": 0, "bbox": {"xmin": 707, "ymin": 89, "ymax": 371, "xmax": 839}}], [{"tid": 0, "generated": 0, "bbox": {"xmin": 618, "ymin": 168, "ymax": 474, "xmax": 908}}, {"tid": 2, "generated": 0, "bbox": {"xmin": 707, "ymin": 89, "ymax": 371, "xmax": 839}}], [{"tid": 0, "generated": 0, "bbox": {"xmin": 624, "ymin": 176, "ymax": 481, "xmax": 913}}, {"tid": 2, "generated": 0, "bbox": {"xmin": 715, "ymin": 90, "ymax": 374, "xmax": 847}}], [{"tid": 0, "generated": 0, "bbox": {"xmin": 629, "ymin": 177, "ymax": 483, "xmax": 919}}, {"tid": 2, "generated": 0, "bbox": {"xmin": 722, "ymin": 91, "ymax": 377, "xmax": 854}}], [{"tid": 0, "generated": 0, "bbox": {"xmin": 632, "ymin": 177, "ymax": 483, "xmax": 922}}, {"tid": 2, "generated": 0, "bbox": {"xmin": 730, "ymin": 92, "ymax": 379, "xmax": 862}}], [{"tid": 0, "generated": 0, "bbox": {"xmin": 632, "ymin": 181, "ymax": 487, "xmax": 922}}, {"tid": 2, "generated": 0, "bbox": {"xmin": 737, "ymin": 93, "ymax": 382, "xmax": 869}}], [{"tid": 0, "generated": 0, "bbox": {"xmin": 636, "ymin": 183, "ymax": 488, "xmax": 926}}, {"tid": 2, "generated": 0, "bbox": {"xmin": 745, "ymin": 94, "ymax": 385, "xmax": 877}}], [{"tid": 0, "generated": 0, "bbox": {"xmin": 636, "ymin": 186, "ymax": 492, "xmax": 928}}, {"tid": 2, "generated": 0, "bbox": {"xmin": 745, "ymin": 102, "ymax": 393, "xmax": 877}}], [{"tid": 0, "generated": 0, "bbox": {"xmin": 638, "ymin": 200, "ymax": 506, "xmax": 929}}, {"tid": 2, "generated": 0, "bbox": {"xmin": 745, "ymin": 110, "ymax": 401, "xmax": 877}}], [{"tid": 0, "generated": 0, "bbox": {"xmin": 640, "ymin": 206, "ymax": 512, "xmax": 931}}, {"tid": 2, "generated": 0, "bbox": {"xmin": 745, "ymin": 117, "ymax": 408, "xmax": 877}}], [{"tid": 0, "generated": 0, "bbox": {"xmin": 638, "ymin": 211, "ymax": 531, "xmax": 928}}, {"tid": 2, "generated": 0, "bbox": {"xmin": 745, "ymin": 125, "ymax": 416, "xmax": 877}}], [{"tid": 0, "generated": 0, "bbox": {"xmin": 638, "ymin": 220, "ymax": 538, "xmax": 935}}, {"tid": 2, "generated": 0, "bbox": {"xmin": 745, "ymin": 133, "ymax": 424, "xmax": 877}}], [{"tid": 0, "generated": 0, "bbox": {"xmin": 631, "ymin": 220, "ymax": 551, "xmax": 926}}, {"tid": 2, "generated": 0, "bbox": {"xmin": 741, "ymin": 133, "ymax": 424, "xmax": 873}}], [{"tid": 0, "generated": 0, "bbox": {"xmin": 632, "ymin": 218, "ymax": 549, "xmax": 928}}, {"tid": 2, "generated": 0, "bbox": {"xmin": 738, "ymin": 133, "ymax": 424, "xmax": 870}}], [{"tid": 0, "generated": 0, "bbox": {"xmin": 631, "ymin": 222, "ymax": 552, "xmax": 926}}, {"tid": 2, "generated": 0, "bbox": {"xmin": 734, "ymin": 134, "ymax": 425, "xmax": 866}}], [{"tid": 0, "generated": 0, "bbox": {"xmin": 625, "ymin": 224, "ymax": 554, "xmax": 920}}, {"tid": 2, "generated": 0, "bbox": {"xmin": 731, "ymin": 134, "ymax": 425, "xmax": 863}}], [{"tid": 0, "generated": 0, "bbox": {"xmin": 629, "ymin": 227, "ymax": 558, "xmax": 924}}, {"tid": 2, "generated": 0, "bbox": {"xmin": 727, "ymin": 134, "ymax": 425, "xmax": 859}}], [{"tid": 0, "generated": 0, "bbox": {"xmin": 631, "ymin": 231, "ymax": 561, "xmax": 926}}, {"tid": 2, "generated": 0, "bbox": {"xmin": 724, "ymin": 136, "ymax": 427, "xmax": 856}}], [{"tid": 0, "generated": 0, "bbox": {"xmin": 631, "ymin": 232, "ymax": 563, "xmax": 926}}, {"tid": 2, "generated": 0, "bbox": {"xmin": 722, "ymin": 137, "ymax": 428, "xmax": 854}}], [{"tid": 0, "generated": 0, "bbox": {"xmin": 632, "ymin": 232, "ymax": 563, "xmax": 928}}, {"tid": 2, "generated": 0, "bbox": {"xmin": 719, "ymin": 139, "ymax": 430, "xmax": 851}}], [{"tid": 0, "generated": 0, "bbox": {"xmin": 631, "ymin": 229, "ymax": 560, "xmax": 926}}, {"tid": 2, "generated": 0, "bbox": {"xmin": 717, "ymin": 140, "ymax": 431, "xmax": 849}}], [{"tid": 0, "generated": 0, "bbox": {"xmin": 631, "ymin": 227, "ymax": 558, "xmax": 926}}, {"tid": 2, "generated": 0, "bbox": {"xmin": 714, "ymin": 142, "ymax": 433, "xmax": 846}}], [{"tid": 0, "generated": 0, "bbox": {"xmin": 629, "ymin": 227, "ymax": 556, "xmax": 924}}, {"tid": 2, "generated": 0, "bbox": {"xmin": 712, "ymin": 142, "ymax": 433, "xmax": 844}}], [{"tid": 0, "generated": 0, "bbox": {"xmin": 631, "ymin": 227, "ymax": 556, "xmax": 926}}, {"tid": 2, "generated": 0, "bbox": {"xmin": 709, "ymin": 142, "ymax": 433, "xmax": 841}}], [{"tid": 0, "generated": 0, "bbox": {"xmin": 631, "ymin": 231, "ymax": 560, "xmax": 926}}, {"tid": 2, "generated": 0, "bbox": {"xmin": 707, "ymin": 142, "ymax": 433, "xmax": 839}}], [{"tid": 0, "generated": 0, "bbox": {"xmin": 627, "ymin": 232, "ymax": 561, "xmax": 922}}, {"tid": 2, "generated": 0, "bbox": {"xmin": 704, "ymin": 142, "ymax": 433, "xmax": 836}}], [], [], [], [], [], [], [], [], [], [], [], [], [], [], [], [], [], [], [], [], [], [], [], [], [], [], [], [], [], [], [], [], [], [], [], [], [], [], [], [], [], [], [], [], [], [], [], [], [], [], [], [], [], [], [], [], [], [], [], [], [], [], [], [], [], [], [], [], [], [], [], [], [], [], [], [{"tid": 0, "generated": 0, "bbox": {"xmin": 648, "ymin": 136, "ymax": 584, "xmax": 1089}}, {"tid": 2, "generated": 0, "bbox": {"xmin": 825, "ymin": 28, "ymax": 435, "xmax": 1000}}], [{"tid": 0, "generated": 0, "bbox": {"xmin": 647, "ymin": 136, "ymax": 583, "xmax": 1100}}, {"tid": 2, "generated": 0, "bbox": {"xmin": 827, "ymin": 25, "ymax": 435, "xmax": 1002}}], [{"tid": 0, "generated": 0, "bbox": {"xmin": 645, "ymin": 136, "ymax": 581, "xmax": 1107}}, {"tid": 2, "generated": 0, "bbox": {"xmin": 829, "ymin": 23, "ymax": 436, "xmax": 1004}}], [{"tid": 0, "generated": 0, "bbox": {"xmin": 645, "ymin": 135, "ymax": 577, "xmax": 1125}}, {"tid": 2, "generated": 0, "bbox": {"xmin": 832, "ymin": 20, "ymax": 436, "xmax": 1007}}], [{"tid": 0, "generated": 0, "bbox": {"xmin": 647, "ymin": 124, "ymax": 576, "xmax": 1123}}, {"tid": 2, "generated": 0, "bbox": {"xmin": 834, "ymin": 18, "ymax": 437, "xmax": 1009}}], [{"tid": 0, "generated": 0, "bbox": {"xmin": 643, "ymin": 124, "ymax": 583, "xmax": 1132}}, {"tid": 2, "generated": 0, "bbox": {"xmin": 836, "ymin": 15, "ymax": 437, "xmax": 1011}}], [{"tid": 0, "generated": 0, "bbox": {"xmin": 641, "ymin": 124, "ymax": 581, "xmax": 1137}}, {"tid": 2, "generated": 0, "bbox": {"xmin": 836, "ymin": 15, "ymax": 437, "xmax": 1011}}], [{"tid": 0, "generated": 0, "bbox": {"xmin": 640, "ymin": 124, "ymax": 579, "xmax": 1143}}, {"tid": 2, "generated": 0, "bbox": {"xmin": 836, "ymin": 15, "ymax": 437, "xmax": 1011}}], [{"tid": 0, "generated": 0, "bbox": {"xmin": 632, "ymin": 124, "ymax": 576, "xmax": 1144}}, {"tid": 2, "generated": 0, "bbox": {"xmin": 836, "ymin": 15, "ymax": 437, "xmax": 1011}}], [{"tid": 0, "generated": 0, "bbox": {"xmin": 631, "ymin": 124, "ymax": 574, "xmax": 1150}}, {"tid": 2, "generated": 0, "bbox": {"xmin": 836, "ymin": 15, "ymax": 437, "xmax": 1011}}], [{"tid": 0, "generated": 0, "bbox": {"xmin": 629, "ymin": 124, "ymax": 572, "xmax": 1160}}, {"tid": 2, "generated": 0, "bbox": {"xmin": 836, "ymin": 15, "ymax": 437, "xmax": 1011}}], [{"tid": 0, "generated": 0, "bbox": {"xmin": 627, "ymin": 124, "ymax": 572, "xmax": 1157}}, {"tid": 2, "generated": 0, "bbox": {"xmin": 836, "ymin": 12, "ymax": 437, "xmax": 1011}}], [{"tid": 0, "generated": 0, "bbox": {"xmin": 620, "ymin": 120, "ymax": 567, "xmax": 1175}}, {"tid": 2, "generated": 0, "bbox": {"xmin": 836, "ymin": 10, "ymax": 437, "xmax": 1011}}], [{"tid": 0, "generated": 0, "bbox": {"xmin": 618, "ymin": 120, "ymax": 574, "xmax": 1169}}, {"tid": 2, "generated": 0, "bbox": {"xmin": 836, "ymin": 7, "ymax": 437, "xmax": 1011}}], [{"tid": 0, "generated": 0, "bbox": {"xmin": 616, "ymin": 120, "ymax": 572, "xmax": 1176}}, {"tid": 2, "generated": 0, "bbox": {"xmin": 836, "ymin": 5, "ymax": 437, "xmax": 1011}}], [{"tid": 0, "generated": 0, "bbox": {"xmin": 615, "ymin": 106, "ymax": 572, "xmax": 1171}}, {"tid": 2, "generated": 0, "bbox": {"xmin": 836, "ymin": 2, "ymax": 437, "xmax": 1011}}], [{"tid": 0, "generated": 0, "bbox": {"xmin": 613, "ymin": 106, "ymax": 570, "xmax": 1176}}, {"tid": 2, "generated": 0, "bbox": {"xmin": 836, "ymin": 2, "ymax": 437, "xmax": 1011}}], [{"tid": 0, "generated": 0, "bbox": {"xmin": 611, "ymin": 106, "ymax": 576, "xmax": 1171}}, {"tid": 2, "generated": 0, "bbox": {"xmin": 836, "ymin": 2, "ymax": 437, "xmax": 1011}}], [{"tid": 0, "generated": 0, "bbox": {"xmin": 618, "ymin": 99, "ymax": 576, "xmax": 1175}}, {"tid": 2, "generated": 0, "bbox": {"xmin": 836, "ymin": 2, "ymax": 437, "xmax": 1011}}], [{"tid": 0, "generated": 0, "bbox": {"xmin": 620, "ymin": 99, "ymax": 576, "xmax": 1175}}, {"tid": 2, "generated": 0, "bbox": {"xmin": 836, "ymin": 2, "ymax": 437, "xmax": 1011}}], [{"tid": 0, "generated": 0, "bbox": {"xmin": 616, "ymin": 97, "ymax": 570, "xmax": 1182}}, {"tid": 2, "generated": 0, "bbox": {"xmin": 836, "ymin": 2, "ymax": 437, "xmax": 1011}}], [{"tid": 0, "generated": 0, "bbox": {"xmin": 620, "ymin": 97, "ymax": 570, "xmax": 1184}}, {"tid": 2, "generated": 0, "bbox": {"xmin": 836, "ymin": 2, "ymax": 437, "xmax": 1011}}], [{"tid": 0, "generated": 0, "bbox": {"xmin": 627, "ymin": 97, "ymax": 568, "xmax": 1189}}, {"tid": 2, "generated": 0, "bbox": {"xmin": 836, "ymin": 2, "ymax": 437, "xmax": 1011}}], [{"tid": 0, "generated": 0, "bbox": {"xmin": 629, "ymin": 97, "ymax": 567, "xmax": 1189}}, {"tid": 2, "generated": 0, "bbox": {"xmin": 836, "ymin": 2, "ymax": 437, "xmax": 1011}}], [{"tid": 0, "generated": 0, "bbox": {"xmin": 625, "ymin": 99, "ymax": 565, "xmax": 1198}}, {"tid": 2, "generated": 0, "bbox": {"xmin": 836, "ymin": 2, "ymax": 437, "xmax": 1011}}], [{"tid": 0, "generated": 0, "bbox": {"xmin": 629, "ymin": 97, "ymax": 563, "xmax": 1200}}, {"tid": 2, "generated": 0, "bbox": {"xmin": 836, "ymin": 2, "ymax": 437, "xmax": 1011}}], [{"tid": 0, "generated": 0, "bbox": {"xmin": 629, "ymin": 97, "ymax": 568, "xmax": 1196}}, {"tid": 2, "generated": 0, "bbox": {"xmin": 846, "ymin": 2, "ymax": 437, "xmax": 1025}}], [{"tid": 0, "generated": 0, "bbox": {"xmin": 622, "ymin": 99, "ymax": 568, "xmax": 1208}}, {"tid": 2, "generated": 0, "bbox": {"xmin": 856, "ymin": 2, "ymax": 437, "xmax": 1038}}], [{"tid": 0, "generated": 0, "bbox": {"xmin": 622, "ymin": 97, "ymax": 567, "xmax": 1207}}, {"tid": 2, "generated": 0, "bbox": {"xmin": 865, "ymin": 2, "ymax": 437, "xmax": 1052}}], [{"tid": 0, "generated": 0, "bbox": {"xmin": 622, "ymin": 96, "ymax": 574, "xmax": 1212}}, {"tid": 2, "generated": 0, "bbox": {"xmin": 875, "ymin": 2, "ymax": 437, "xmax": 1065}}], [], [], [], [], [], [], [], [], [], [], [], [], [], [], [], [], [], [], [], [], [], [], [], [], [], [], [], [], [], [], [], [], [], [], [], [], [], [], [], [], [], [], [], [], [], [], [], [], [], [], [], [], [], [], [], [], [], [], [], [], [], [], [], [], [], [], [], [], [], [], [], [], [], [], [], [{"tid": 0, "generated": 0, "bbox": {"xmin": 449, "ymin": 225, "ymax": 712, "xmax": 1088}}, {"tid": 2, "generated": 0, "bbox": {"xmin": 628, "ymin": 74, "ymax": 557, "xmax": 843}}], [{"tid": 0, "generated": 0, "bbox": {"xmin": 445, "ymin": 227, "ymax": 712, "xmax": 1078}}, {"tid": 2, "generated": 0, "bbox": {"xmin": 620, "ymin": 80, "ymax": 562, "xmax": 837}}], [{"tid": 0, "generated": 0, "bbox": {"xmin": 441, "ymin": 230, "ymax": 713, "xmax": 1068}}, {"tid": 2, "generated": 0, "bbox": {"xmin": 613, "ymin": 86, "ymax": 567, "xmax": 832}}], [{"tid": 0, "generated": 0, "bbox": {"xmin": 437, "ymin": 232, "ymax": 714, "xmax": 1059}}, {"tid": 2, "generated": 0, "bbox": {"xmin": 605, "ymin": 92, "ymax": 572, "xmax": 826}}], [{"tid": 0, "generated": 0, "bbox": {"xmin": 433, "ymin": 235, "ymax": 715, "xmax": 1049}}, {"tid": 2, "generated": 0, "bbox": {"xmin": 598, "ymin": 98, "ymax": 577, "xmax": 821}}], [{"tid": 0, "generated": 0, "bbox": {"xmin": 430, "ymin": 238, "ymax": 716, "xmax": 1040}}, {"tid": 2, "generated": 0, "bbox": {"xmin": 590, "ymin": 104, "ymax": 582, "xmax": 815}}], [{"tid": 0, "generated": 0, "bbox": {"xmin": 426, "ymin": 240, "ymax": 715, "xmax": 1038}}, {"tid": 2, "generated": 0, "bbox": {"xmin": 590, "ymin": 105, "ymax": 583, "xmax": 815}}], [{"tid": 0, "generated": 0, "bbox": {"xmin": 422, "ymin": 242, "ymax": 715, "xmax": 1036}}, {"tid": 2, "generated": 0, "bbox": {"xmin": 589, "ymin": 107, "ymax": 585, "xmax": 814}}], [{"tid": 0, "generated": 0, "bbox": {"xmin": 419, "ymin": 245, "ymax": 714, "xmax": 1035}}, {"tid": 2, "generated": 0, "bbox": {"xmin": 589, "ymin": 108, "ymax": 586, "xmax": 814}}], [{"tid": 0, "generated": 0, "bbox": {"xmin": 415, "ymin": 247, "ymax": 714, "xmax": 1033}}, {"tid": 2, "generated": 0, "bbox": {"xmin": 588, "ymin": 110, "ymax": 588, "xmax": 813}}], [{"tid": 0, "generated": 0, "bbox": {"xmin": 412, "ymin": 250, "ymax": 714, "xmax": 1032}}, {"tid": 2, "generated": 0, "bbox": {"xmin": 588, "ymin": 111, "ymax": 589, "xmax": 813}}], [{"tid": 0, "generated": 0, "bbox": {"xmin": 414, "ymin": 251, "ymax": 713, "xmax": 1030}}, {"tid": 2, "generated": 0, "bbox": {"xmin": 584, "ymin": 112, "ymax": 590, "xmax": 809}}], [{"tid": 0, "generated": 0, "bbox": {"xmin": 417, "ymin": 253, "ymax": 713, "xmax": 1028}}, {"tid": 2, "generated": 0, "bbox": {"xmin": 580, "ymin": 114, "ymax": 592, "xmax": 805}}], [{"tid": 0, "generated": 0, "bbox": {"xmin": 420, "ymin": 255, "ymax": 712, "xmax": 1027}}, {"tid": 2, "generated": 0, "bbox": {"xmin": 575, "ymin": 115, "ymax": 593, "xmax": 800}}], [{"tid": 0, "generated": 0, "bbox": {"xmin": 423, "ymin": 257, "ymax": 712, "xmax": 1025}}, {"tid": 2, "generated": 0, "bbox": {"xmin": 571, "ymin": 117, "ymax": 595, "xmax": 796}}], [{"tid": 0, "generated": 0, "bbox": {"xmin": 426, "ymin": 259, "ymax": 712, "xmax": 1024}}, {"tid": 2, "generated": 0, "bbox": {"xmin": 567, "ymin": 118, "ymax": 596, "xmax": 792}}], [{"tid": 0, "generated": 0, "bbox": {"xmin": 428, "ymin": 263, "ymax": 712, "xmax": 1022}}, {"tid": 2, "generated": 0, "bbox": {"xmin": 566, "ymin": 122, "ymax": 600, "xmax": 791}}], [{"tid": 0, "generated": 0, "bbox": {"xmin": 431, "ymin": 267, "ymax": 712, "xmax": 1021}}, {"tid": 2, "generated": 0, "bbox": {"xmin": 566, "ymin": 126, "ymax": 604, "xmax": 791}}], [{"tid": 0, "generated": 0, "bbox": {"xmin": 434, "ymin": 271, "ymax": 713, "xmax": 1020}}, {"tid": 2, "generated": 0, "bbox": {"xmin": 565, "ymin": 130, "ymax": 608, "xmax": 790}}], [{"tid": 0, "generated": 0, "bbox": {"xmin": 437, "ymin": 275, "ymax": 713, "xmax": 1019}}, {"tid": 2, "generated": 0, "bbox": {"xmin": 565, "ymin": 134, "ymax": 612, "xmax": 790}}], [{"tid": 0, "generated": 0, "bbox": {"xmin": 440, "ymin": 280, "ymax": 714, "xmax": 1018}}, {"tid": 2, "generated": 0, "bbox": {"xmin": 564, "ymin": 138, "ymax": 616, "xmax": 789}}], [{"tid": 0, "generated": 0, "bbox": {"xmin": 444, "ymin": 284, "ymax": 714, "xmax": 1016}}, {"tid": 2, "generated": 0, "bbox": {"xmin": 564, "ymin": 138, "ymax": 616, "xmax": 789}}], [{"tid": 0, "generated": 0, "bbox": {"xmin": 448, "ymin": 288, "ymax": 714, "xmax": 1014}}, {"tid": 2, "generated": 0, "bbox": {"xmin": 564, "ymin": 138, "ymax": 616, "xmax": 789}}], [{"tid": 0, "generated": 0, "bbox": {"xmin": 452, "ymin": 292, "ymax": 715, "xmax": 1012}}, {"tid": 2, "generated": 0, "bbox": {"xmin": 564, "ymin": 138, "ymax": 616, "xmax": 789}}], [{"tid": 0, "generated": 0, "bbox": {"xmin": 456, "ymin": 296, "ymax": 715, "xmax": 1010}}, {"tid": 2, "generated": 0, "bbox": {"xmin": 564, "ymin": 138, "ymax": 616, "xmax": 789}}], [{"tid": 0, "generated": 0, "bbox": {"xmin": 460, "ymin": 300, "ymax": 716, "xmax": 1009}}, {"tid": 2, "generated": 0, "bbox": {"xmin": 564, "ymin": 138, "ymax": 616, "xmax": 789}}], [{"tid": 0, "generated": 0, "bbox": {"xmin": 464, "ymin": 304, "ymax": 716, "xmax": 1007}}, {"tid": 2, "generated": 0, "bbox": {"xmin": 564, "ymin": 146, "ymax": 616, "xmax": 789}}], [{"tid": 0, "generated": 0, "bbox": {"xmin": 468, "ymin": 308, "ymax": 716, "xmax": 1005}}, {"tid": 2, "generated": 0, "bbox": {"xmin": 564, "ymin": 153, "ymax": 616, "xmax": 790}}], [{"tid": 0, "generated": 0, "bbox": {"xmin": 472, "ymin": 312, "ymax": 717, "xmax": 1003}}, {"tid": 2, "generated": 0, "bbox": {"xmin": 564, "ymin": 161, "ymax": 616, "xmax": 790}}], [{"tid": 0, "generated": 0, "bbox": {"xmin": 476, "ymin": 316, "ymax": 717, "xmax": 1001}}, {"tid": 2, "generated": 0, "bbox": {"xmin": 564, "ymin": 168, "ymax": 616, "xmax": 791}}]], "subject/objects": [{"category": "horse", "tid": 0}, {"category": "person", "tid": 2}], "relation_instances": [{"end_fid": 30, "subject_tid": 0, "predicate": "walk_beneath", "begin_fid": 0, "object_tid": 2}, {"end_fid": 30, "subject_tid": 2, "predicate": "above", "begin_fid": 0, "object_tid": 0}, {"end_fid": 30, "subject_tid": 2, "predicate": "ride", "begin_fid": 0, "object_tid": 0}, {"end_fid": 135, "subject_tid": 0, "predicate": "walk_beneath", "begin_fid": 105, "object_tid": 2}, {"end_fid": 135, "subject_tid": 2, "predicate": "above", "begin_fid": 105, "object_tid": 0}, {"end_fid": 135, "subject_tid": 2, "predicate": "ride", "begin_fid": 105, "object_tid": 0}, {"end_fid": 240, "subject_tid": 0, "predicate": "walk_beneath", "begin_fid": 210, "object_tid": 2}, {"end_fid": 240, "subject_tid": 2, "predicate": "above", "begin_fid": 210, "object_tid": 0}, {"end_fid": 240, "subject_tid": 2, "predicate": "ride", "begin_fid": 210, "object_tid": 0}], "height": 720}