{"width": 1280, "frame_count": 703, "video_id": "ILSVRC2015_train_00727000", "fps": 25, "trajectories": [[{"tid": 0, "generated": 0, "bbox": {"xmin": 0, "ymin": 145, "ymax": 496, "xmax": 910}}, {"tid": 1, "generated": 0, "bbox": {"xmin": 7, "ymin": 126, "ymax": 528, "xmax": 1276}}], [{"tid": 0, "generated": 0, "bbox": {"xmin": 0, "ymin": 147, "ymax": 498, "xmax": 915}}, {"tid": 1, "generated": 0, "bbox": {"xmin": 6, "ymin": 126, "ymax": 531, "xmax": 1275}}], [{"tid": 0, "generated": 0, "bbox": {"xmin": 0, "ymin": 149, "ymax": 501, "xmax": 921}}, {"tid": 1, "generated": 0, "bbox": {"xmin": 5, "ymin": 126, "ymax": 534, "xmax": 1275}}], [{"tid": 0, "generated": 0, "bbox": {"xmin": 0, "ymin": 151, "ymax": 504, "xmax": 926}}, {"tid": 1, "generated": 0, "bbox": {"xmin": 4, "ymin": 127, "ymax": 537, "xmax": 1275}}], [{"tid": 0, "generated": 0, "bbox": {"xmin": 0, "ymin": 153, "ymax": 507, "xmax": 932}}, {"tid": 1, "generated": 0, "bbox": {"xmin": 3, "ymin": 127, "ymax": 541, "xmax": 1274}}], [{"tid": 0, "generated": 0, "bbox": {"xmin": 0, "ymin": 156, "ymax": 510, "xmax": 937}}, {"tid": 1, "generated": 0, "bbox": {"xmin": 2, "ymin": 128, "ymax": 544, "xmax": 1274}}], [{"tid": 0, "generated": 0, "bbox": {"xmin": 0, "ymin": 158, "ymax": 512, "xmax": 943}}, {"tid": 1, "generated": 0, "bbox": {"xmin": 1, "ymin": 128, "ymax": 547, "xmax": 1274}}], [{"tid": 0, "generated": 0, "bbox": {"xmin": 0, "ymin": 160, "ymax": 515, "xmax": 948}}, {"tid": 1, "generated": 0, "bbox": {"xmin": 1, "ymin": 129, "ymax": 551, "xmax": 1274}}], [{"tid": 0, "generated": 0, "bbox": {"xmin": 0, "ymin": 162, "ymax": 518, "xmax": 954}}, {"tid": 1, "generated": 0, "bbox": {"xmin": 0, "ymin": 130, "ymax": 549, "xmax": 1275}}], [{"tid": 0, "generated": 0, "bbox": {"xmin": 0, "ymin": 164, "ymax": 521, "xmax": 959}}, {"tid": 1, "generated": 0, "bbox": {"xmin": 0, "ymin": 131, "ymax": 547, "xmax": 1276}}], [{"tid": 0, "generated": 0, "bbox": {"xmin": 0, "ymin": 167, "ymax": 524, "xmax": 965}}, {"tid": 1, "generated": 0, "bbox": {"xmin": 0, "ymin": 133, "ymax": 545, "xmax": 1278}}], [{"tid": 0, "generated": 0, "bbox": {"xmin": 0, "ymin": 167, "ymax": 526, "xmax": 967}}, {"tid": 1, "generated": 0, "bbox": {"xmin": 0, "ymin": 133, "ymax": 548, "xmax": 1278}}], [{"tid": 0, "generated": 0, "bbox": {"xmin": 0, "ymin": 167, "ymax": 529, "xmax": 969}}, {"tid": 1, "generated": 0, "bbox": {"xmin": 0, "ymin": 133, "ymax": 551, "xmax": 1278}}], [{"tid": 0, "generated": 0, "bbox": {"xmin": 0, "ymin": 167, "ymax": 532, "xmax": 972}}, {"tid": 1, "generated": 0, "bbox": {"xmin": 0, "ymin": 134, "ymax": 554, "xmax": 1278}}], [{"tid": 0, "generated": 0, "bbox": {"xmin": 0, "ymin": 167, "ymax": 535, "xmax": 974}}, {"tid": 1, "generated": 0, "bbox": {"xmin": 0, "ymin": 134, "ymax": 557, "xmax": 1278}}], [{"tid": 0, "generated": 0, "bbox": {"xmin": 0, "ymin": 168, "ymax": 538, "xmax": 977}}, {"tid": 1, "generated": 0, "bbox": {"xmin": 0, "ymin": 135, "ymax": 560, "xmax": 1278}}], [{"tid": 0, "generated": 0, "bbox": {"xmin": 0, "ymin": 168, "ymax": 540, "xmax": 983}}, {"tid": 1, "generated": 0, "bbox": {"xmin": 0, "ymin": 135, "ymax": 560, "xmax": 1276}}], [{"tid": 0, "generated": 0, "bbox": {"xmin": 0, "ymin": 168, "ymax": 543, "xmax": 989}}, {"tid": 1, "generated": 0, "bbox": {"xmin": 0, "ymin": 136, "ymax": 560, "xmax": 1275}}], [{"tid": 0, "generated": 0, "bbox": {"xmin": 0, "ymin": 168, "ymax": 546, "xmax": 995}}, {"tid": 1, "generated": 0, "bbox": {"xmin": 0, "ymin": 136, "ymax": 560, "xmax": 1273}}], [{"tid": 0, "generated": 0, "bbox": {"xmin": 0, "ymin": 168, "ymax": 549, "xmax": 1001}}, {"tid": 1, "generated": 0, "bbox": {"xmin": 0, "ymin": 137, "ymax": 560, "xmax": 1272}}], [{"tid": 0, "generated": 0, "bbox": {"xmin": 0, "ymin": 168, "ymax": 552, "xmax": 1008}}, {"tid": 1, "generated": 0, "bbox": {"xmin": 0, "ymin": 138, "ymax": 560, "xmax": 1271}}], [{"tid": 0, "generated": 0, "bbox": {"xmin": 0, "ymin": 168, "ymax": 552, "xmax": 1011}}, {"tid": 1, "generated": 0, "bbox": {"xmin": 0, "ymin": 136, "ymax": 557, "xmax": 1272}}], [{"tid": 0, "generated": 0, "bbox": {"xmin": 0, "ymin": 168, "ymax": 552, "xmax": 1014}}, {"tid": 1, "generated": 0, "bbox": {"xmin": 0, "ymin": 134, "ymax": 554, "xmax": 1273}}], [{"tid": 0, "generated": 0, "bbox": {"xmin": 0, "ymin": 168, "ymax": 552, "xmax": 1018}}, {"tid": 1, "generated": 0, "bbox": {"xmin": 0, "ymin": 132, "ymax": 551, "xmax": 1275}}], [{"tid": 0, "generated": 0, "bbox": {"xmin": 0, "ymin": 168, "ymax": 552, "xmax": 1021}}, {"tid": 1, "generated": 0, "bbox": {"xmin": 0, "ymin": 130, "ymax": 548, "xmax": 1276}}], [{"tid": 0, "generated": 0, "bbox": {"xmin": 0, "ymin": 168, "ymax": 552, "xmax": 1025}}, {"tid": 1, "generated": 0, "bbox": {"xmin": 0, "ymin": 129, "ymax": 545, "xmax": 1278}}], [{"tid": 0, "generated": 0, "bbox": {"xmin": 0, "ymin": 167, "ymax": 551, "xmax": 1028}}, {"tid": 1, "generated": 0, "bbox": {"xmin": 0, "ymin": 127, "ymax": 544, "xmax": 1277}}], [{"tid": 0, "generated": 0, "bbox": {"xmin": 0, "ymin": 167, "ymax": 551, "xmax": 1032}}, {"tid": 1, "generated": 0, "bbox": {"xmin": 0, "ymin": 125, "ymax": 543, "xmax": 1277}}], [{"tid": 0, "generated": 0, "bbox": {"xmin": 0, "ymin": 165, "ymax": 549, "xmax": 1042}}, {"tid": 1, "generated": 0, "bbox": {"xmin": 0, "ymin": 123, "ymax": 543, "xmax": 1276}}], [{"tid": 0, "generated": 0, "bbox": {"xmin": 0, "ymin": 164, "ymax": 548, "xmax": 1052}}, {"tid": 1, "generated": 0, "bbox": {"xmin": 0, "ymin": 121, "ymax": 542, "xmax": 1276}}], [], [], [], [], [], [], [], [], [], [], [], [], [], [], [], [], [], [], [], [], [], [], [], [], [], [], [], [], [], [], [], [], [], [], [], [], [], [], [], [], [], [], [], [], [], [{"tid": 0, "generated": 0, "bbox": {"xmin": 0, "ymin": 133, "ymax": 577, "xmax": 1088}}, {"tid": 2, "generated": 0, "bbox": {"xmin": 663, "ymin": 184, "ymax": 533, "xmax": 1276}}], [{"tid": 0, "generated": 0, "bbox": {"xmin": 0, "ymin": 132, "ymax": 577, "xmax": 1090}}, {"tid": 2, "generated": 0, "bbox": {"xmin": 646, "ymin": 181, "ymax": 535, "xmax": 1276}}], [{"tid": 0, "generated": 0, "bbox": {"xmin": 0, "ymin": 132, "ymax": 578, "xmax": 1092}}, {"tid": 2, "generated": 0, "bbox": {"xmin": 629, "ymin": 179, "ymax": 537, "xmax": 1276}}], [{"tid": 0, "generated": 0, "bbox": {"xmin": 0, "ymin": 131, "ymax": 579, "xmax": 1094}}, {"tid": 2, "generated": 0, "bbox": {"xmin": 612, "ymin": 176, "ymax": 539, "xmax": 1276}}], [{"tid": 0, "generated": 0, "bbox": {"xmin": 0, "ymin": 131, "ymax": 580, "xmax": 1096}}, {"tid": 2, "generated": 0, "bbox": {"xmin": 595, "ymin": 174, "ymax": 541, "xmax": 1276}}], [{"tid": 0, "generated": 0, "bbox": {"xmin": 0, "ymin": 131, "ymax": 581, "xmax": 1098}}, {"tid": 2, "generated": 0, "bbox": {"xmin": 579, "ymin": 172, "ymax": 544, "xmax": 1276}}], [{"tid": 0, "generated": 0, "bbox": {"xmin": 0, "ymin": 128, "ymax": 575, "xmax": 1093}}, {"tid": 2, "generated": 0, "bbox": {"xmin": 555, "ymin": 164, "ymax": 538, "xmax": 1276}}], [{"tid": 0, "generated": 0, "bbox": {"xmin": 0, "ymin": 125, "ymax": 570, "xmax": 1089}}, {"tid": 2, "generated": 0, "bbox": {"xmin": 532, "ymin": 157, "ymax": 532, "xmax": 1276}}], [{"tid": 0, "generated": 0, "bbox": {"xmin": 0, "ymin": 122, "ymax": 564, "xmax": 1085}}, {"tid": 2, "generated": 0, "bbox": {"xmin": 509, "ymin": 150, "ymax": 526, "xmax": 1276}}], [{"tid": 0, "generated": 0, "bbox": {"xmin": 0, "ymin": 119, "ymax": 559, "xmax": 1081}}, {"tid": 2, "generated": 0, "bbox": {"xmin": 486, "ymin": 143, "ymax": 521, "xmax": 1276}}], [{"tid": 0, "generated": 0, "bbox": {"xmin": 0, "ymin": 117, "ymax": 554, "xmax": 1077}}, {"tid": 2, "generated": 0, "bbox": {"xmin": 463, "ymin": 136, "ymax": 515, "xmax": 1276}}], [{"tid": 0, "generated": 0, "bbox": {"xmin": 0, "ymin": 114, "ymax": 550, "xmax": 1073}}, {"tid": 2, "generated": 0, "bbox": {"xmin": 440, "ymin": 129, "ymax": 509, "xmax": 1276}}], [{"tid": 0, "generated": 0, "bbox": {"xmin": 0, "ymin": 111, "ymax": 547, "xmax": 1069}}, {"tid": 2, "generated": 0, "bbox": {"xmin": 417, "ymin": 122, "ymax": 504, "xmax": 1276}}], [{"tid": 0, "generated": 0, "bbox": {"xmin": 0, "ymin": 108, "ymax": 544, "xmax": 1065}}, {"tid": 2, "generated": 0, "bbox": {"xmin": 394, "ymin": 115, "ymax": 492, "xmax": 1273}}], [{"tid": 0, "generated": 0, "bbox": {"xmin": 0, "ymin": 105, "ymax": 541, "xmax": 1061}}, {"tid": 2, "generated": 0, "bbox": {"xmin": 372, "ymin": 108, "ymax": 480, "xmax": 1270}}], [{"tid": 0, "generated": 0, "bbox": {"xmin": 0, "ymin": 103, "ymax": 538, "xmax": 1057}}, {"tid": 2, "generated": 0, "bbox": {"xmin": 350, "ymin": 101, "ymax": 469, "xmax": 1267}}], [{"tid": 0, "generated": 0, "bbox": {"xmin": 0, "ymin": 105, "ymax": 540, "xmax": 1055}}, {"tid": 2, "generated": 0, "bbox": {"xmin": 324, "ymin": 97, "ymax": 467, "xmax": 1242}}], [{"tid": 0, "generated": 0, "bbox": {"xmin": 0, "ymin": 108, "ymax": 542, "xmax": 1053}}, {"tid": 2, "generated": 0, "bbox": {"xmin": 298, "ymin": 93, "ymax": 466, "xmax": 1217}}], [{"tid": 0, "generated": 0, "bbox": {"xmin": 0, "ymin": 111, "ymax": 544, "xmax": 1051}}, {"tid": 2, "generated": 0, "bbox": {"xmin": 273, "ymin": 90, "ymax": 464, "xmax": 1192}}], [{"tid": 0, "generated": 0, "bbox": {"xmin": 0, "ymin": 114, "ymax": 546, "xmax": 1049}}, {"tid": 2, "generated": 0, "bbox": {"xmin": 247, "ymin": 86, "ymax": 463, "xmax": 1167}}], [{"tid": 0, "generated": 0, "bbox": {"xmin": 0, "ymin": 117, "ymax": 549, "xmax": 1047}}, {"tid": 2, "generated": 0, "bbox": {"xmin": 222, "ymin": 83, "ymax": 462, "xmax": 1143}}], [{"tid": 0, "generated": 0, "bbox": {"xmin": 0, "ymin": 113, "ymax": 544, "xmax": 1045}}, {"tid": 2, "generated": 0, "bbox": {"xmin": 196, "ymin": 79, "ymax": 445, "xmax": 1112}}], [{"tid": 0, "generated": 0, "bbox": {"xmin": 0, "ymin": 109, "ymax": 540, "xmax": 1044}}, {"tid": 2, "generated": 0, "bbox": {"xmin": 170, "ymin": 76, "ymax": 428, "xmax": 1082}}], [{"tid": 0, "generated": 0, "bbox": {"xmin": 0, "ymin": 106, "ymax": 536, "xmax": 1043}}, {"tid": 2, "generated": 0, "bbox": {"xmin": 144, "ymin": 72, "ymax": 386, "xmax": 1047}}], [{"tid": 0, "generated": 0, "bbox": {"xmin": 0, "ymin": 102, "ymax": 532, "xmax": 1042}}, {"tid": 2, "generated": 0, "bbox": {"xmin": 119, "ymin": 68, "ymax": 345, "xmax": 1013}}], [{"tid": 0, "generated": 0, "bbox": {"xmin": 0, "ymin": 99, "ymax": 528, "xmax": 1041}}, {"tid": 2, "generated": 0, "bbox": {"xmin": 94, "ymin": 65, "ymax": 304, "xmax": 979}}], [{"tid": 0, "generated": 0, "bbox": {"xmin": 0, "ymin": 100, "ymax": 529, "xmax": 1036}}, {"tid": 2, "generated": 0, "bbox": {"xmin": 66, "ymin": 58, "ymax": 292, "xmax": 947}}], [{"tid": 0, "generated": 0, "bbox": {"xmin": 0, "ymin": 102, "ymax": 531, "xmax": 1031}}, {"tid": 2, "generated": 0, "bbox": {"xmin": 39, "ymin": 52, "ymax": 281, "xmax": 915}}], [{"tid": 0, "generated": 0, "bbox": {"xmin": 0, "ymin": 104, "ymax": 533, "xmax": 1027}}, {"tid": 2, "generated": 0, "bbox": {"xmin": 12, "ymin": 46, "ymax": 270, "xmax": 883}}], [{"tid": 0, "generated": 0, "bbox": {"xmin": 0, "ymin": 116, "ymax": 544, "xmax": 1026}}, {"tid": 2, "generated": 0, "bbox": {"xmin": 10, "ymin": 49, "ymax": 269, "xmax": 859}}]], "subject/objects": [{"category": "train", "tid": 0}, {"category": "train", "tid": 1}, {"category": "train", "tid": 2}], "relation_instances": [{"end_fid": 30, "subject_tid": 0, "predicate": "stop_behind", "begin_fid": 0, "object_tid": 1}, {"end_fid": 30, "subject_tid": 1, "predicate": "move_past", "begin_fid": 0, "object_tid": 0}, {"end_fid": 30, "subject_tid": 1, "predicate": "move_front", "begin_fid": 0, "object_tid": 0}, {"end_fid": 105, "subject_tid": 0, "predicate": "move_past", "begin_fid": 75, "object_tid": 2}, {"end_fid": 105, "subject_tid": 0, "predicate": "move_front", "begin_fid": 75, "object_tid": 2}, {"end_fid": 105, "subject_tid": 2, "predicate": "stop_behind", "begin_fid": 75, "object_tid": 0}], "height": 720}