{"width": 1280, "frame_count": 300, "video_id": "ILSVRC2015_train_00116000", "fps": 25, "trajectories": [[], [], [], [], [], [], [], [], [], [], [], [], [], [], [], [], [], [], [], [], [], [], [], [], [], [], [], [], [], [], [], [], [], [], [], [], [], [], [], [], [], [], [], [], [], [], [], [], [], [], [], [], [], [], [], [], [], [], [], [], [{"tid": 0, "generated": 0, "bbox": {"xmin": 624, "ymin": 362, "ymax": 451, "xmax": 792}}, {"tid": 1, "generated": 0, "bbox": {"xmin": 632, "ymin": 336, "ymax": 362, "xmax": 680}}], [{"tid": 0, "generated": 0, "bbox": {"xmin": 616, "ymin": 362, "ymax": 453, "xmax": 778}}, {"tid": 1, "generated": 0, "bbox": {"xmin": 630, "ymin": 337, "ymax": 363, "xmax": 676}}], [{"tid": 0, "generated": 0, "bbox": {"xmin": 609, "ymin": 364, "ymax": 453, "xmax": 771}}, {"tid": 1, "generated": 0, "bbox": {"xmin": 629, "ymin": 338, "ymax": 365, "xmax": 673}}], [{"tid": 0, "generated": 0, "bbox": {"xmin": 602, "ymin": 364, "ymax": 456, "xmax": 762}}, {"tid": 1, "generated": 0, "bbox": {"xmin": 627, "ymin": 340, "ymax": 367, "xmax": 670}}], [{"tid": 0, "generated": 0, "bbox": {"xmin": 595, "ymin": 366, "ymax": 460, "xmax": 753}}, {"tid": 1, "generated": 0, "bbox": {"xmin": 626, "ymin": 341, "ymax": 369, "xmax": 667}}], [{"tid": 0, "generated": 0, "bbox": {"xmin": 588, "ymin": 368, "ymax": 465, "xmax": 755}}, {"tid": 1, "generated": 0, "bbox": {"xmin": 625, "ymin": 343, "ymax": 371, "xmax": 664}}], [{"tid": 0, "generated": 0, "bbox": {"xmin": 581, "ymin": 368, "ymax": 470, "xmax": 758}}, {"tid": 1, "generated": 0, "bbox": {"xmin": 626, "ymin": 341, "ymax": 368, "xmax": 662}}], [{"tid": 0, "generated": 0, "bbox": {"xmin": 574, "ymin": 368, "ymax": 476, "xmax": 761}}, {"tid": 1, "generated": 0, "bbox": {"xmin": 627, "ymin": 339, "ymax": 366, "xmax": 660}}], [{"tid": 0, "generated": 0, "bbox": {"xmin": 567, "ymin": 368, "ymax": 482, "xmax": 764}}, {"tid": 1, "generated": 0, "bbox": {"xmin": 628, "ymin": 337, "ymax": 364, "xmax": 658}}], [{"tid": 0, "generated": 0, "bbox": {"xmin": 560, "ymin": 368, "ymax": 488, "xmax": 767}}, {"tid": 1, "generated": 0, "bbox": {"xmin": 629, "ymin": 336, "ymax": 362, "xmax": 656}}], [{"tid": 0, "generated": 0, "bbox": {"xmin": 554, "ymin": 368, "ymax": 494, "xmax": 771}}, {"tid": 1, "generated": 0, "bbox": {"xmin": 631, "ymin": 336, "ymax": 364, "xmax": 661}}], [{"tid": 0, "generated": 0, "bbox": {"xmin": 547, "ymin": 369, "ymax": 499, "xmax": 780}}, {"tid": 1, "generated": 0, "bbox": {"xmin": 625, "ymin": 336, "ymax": 364, "xmax": 659}}], [{"tid": 0, "generated": 0, "bbox": {"xmin": 540, "ymin": 366, "ymax": 512, "xmax": 778}}, {"tid": 1, "generated": 0, "bbox": {"xmin": 620, "ymin": 336, "ymax": 364, "xmax": 657}}], [{"tid": 0, "generated": 0, "bbox": {"xmin": 528, "ymin": 368, "ymax": 515, "xmax": 784}}, {"tid": 1, "generated": 0, "bbox": {"xmin": 618, "ymin": 332, "ymax": 361, "xmax": 659}}], [{"tid": 0, "generated": 0, "bbox": {"xmin": 517, "ymin": 368, "ymax": 520, "xmax": 791}}, {"tid": 1, "generated": 0, "bbox": {"xmin": 616, "ymin": 329, "ymax": 358, "xmax": 661}}], [{"tid": 0, "generated": 0, "bbox": {"xmin": 506, "ymin": 364, "ymax": 524, "xmax": 785}}, {"tid": 1, "generated": 0, "bbox": {"xmin": 614, "ymin": 326, "ymax": 355, "xmax": 663}}], [{"tid": 0, "generated": 0, "bbox": {"xmin": 499, "ymin": 359, "ymax": 524, "xmax": 784}}, {"tid": 1, "generated": 0, "bbox": {"xmin": 612, "ymin": 322, "ymax": 352, "xmax": 665}}], [{"tid": 0, "generated": 0, "bbox": {"xmin": 490, "ymin": 352, "ymax": 520, "xmax": 773}}, {"tid": 1, "generated": 0, "bbox": {"xmin": 610, "ymin": 319, "ymax": 349, "xmax": 667}}], [{"tid": 0, "generated": 0, "bbox": {"xmin": 488, "ymin": 350, "ymax": 517, "xmax": 776}}, {"tid": 1, "generated": 0, "bbox": {"xmin": 608, "ymin": 316, "ymax": 346, "xmax": 670}}], [{"tid": 0, "generated": 0, "bbox": {"xmin": 488, "ymin": 344, "ymax": 513, "xmax": 784}}, {"tid": 1, "generated": 0, "bbox": {"xmin": 615, "ymin": 303, "ymax": 333, "xmax": 680}}], [{"tid": 0, "generated": 0, "bbox": {"xmin": 488, "ymin": 321, "ymax": 492, "xmax": 798}}, {"tid": 1, "generated": 0, "bbox": {"xmin": 622, "ymin": 291, "ymax": 321, "xmax": 691}}], [{"tid": 0, "generated": 0, "bbox": {"xmin": 490, "ymin": 316, "ymax": 478, "xmax": 789}}, {"tid": 1, "generated": 0, "bbox": {"xmin": 625, "ymin": 287, "ymax": 317, "xmax": 693}}], [{"tid": 0, "generated": 0, "bbox": {"xmin": 487, "ymin": 313, "ymax": 472, "xmax": 784}}, {"tid": 1, "generated": 0, "bbox": {"xmin": 629, "ymin": 284, "ymax": 314, "xmax": 696}}], [{"tid": 0, "generated": 0, "bbox": {"xmin": 485, "ymin": 311, "ymax": 467, "xmax": 780}}, {"tid": 1, "generated": 0, "bbox": {"xmin": 632, "ymin": 281, "ymax": 310, "xmax": 699}}], [{"tid": 0, "generated": 0, "bbox": {"xmin": 483, "ymin": 305, "ymax": 472, "xmax": 780}}, {"tid": 1, "generated": 0, "bbox": {"xmin": 636, "ymin": 278, "ymax": 307, "xmax": 702}}], [{"tid": 0, "generated": 0, "bbox": {"xmin": 481, "ymin": 307, "ymax": 471, "xmax": 787}}, {"tid": 1, "generated": 0, "bbox": {"xmin": 639, "ymin": 275, "ymax": 303, "xmax": 705}}], [{"tid": 0, "generated": 0, "bbox": {"xmin": 472, "ymin": 302, "ymax": 474, "xmax": 794}}, {"tid": 1, "generated": 0, "bbox": {"xmin": 643, "ymin": 272, "ymax": 300, "xmax": 708}}], [{"tid": 0, "generated": 0, "bbox": {"xmin": 464, "ymin": 296, "ymax": 474, "xmax": 789}}, {"tid": 1, "generated": 0, "bbox": {"xmin": 646, "ymin": 269, "ymax": 296, "xmax": 711}}], [{"tid": 0, "generated": 0, "bbox": {"xmin": 455, "ymin": 300, "ymax": 478, "xmax": 780}}, {"tid": 1, "generated": 0, "bbox": {"xmin": 650, "ymin": 266, "ymax": 293, "xmax": 714}}], [{"tid": 0, "generated": 0, "bbox": {"xmin": 448, "ymin": 300, "ymax": 480, "xmax": 773}}, {"tid": 1, "generated": 0, "bbox": {"xmin": 649, "ymin": 269, "ymax": 303, "xmax": 719}}], [], [], [], [], [], [], [], [], [], [], [], [], [], [], [], [], [], [], [], [], [], [], [], [], [], [], [], [], [], [], [], [], [], [], [], [], [], [], [], [], [], [], [], [], [], [], [], [], [], [], [], [], [], [], [], [], [], [], [], [], [], [], [], [], [], [], [], [], [], [], [], [], [], [], [], [], [], [], [], [], [], [], [], [], [], [], [], [], [], [], [], [], [], [], [], [], [], [], [], [], [], [], [], [], [], [], [], [], [], [], [], [], [], [], [], [], [], [], [], [], [], [], [], [], [], [], [], [], [], [], [], [], [], [], [], [], [], [], [], [], [], [], [], [], [], [], [], [], [], [], [], [], [], [], [], [], [], [], [], [], [], [], [], [], [], [], [], [], [], [], [], [], [], [], [], [], [], [], [], [], [{"tid": 2, "generated": 0, "bbox": {"xmin": 513, "ymin": 340, "ymax": 717, "xmax": 625}}, {"tid": 3, "generated": 0, "bbox": {"xmin": 460, "ymin": 404, "ymax": 718, "xmax": 587}}, {"tid": 4, "generated": 0, "bbox": {"xmin": 305, "ymin": 410, "ymax": 715, "xmax": 412}}, {"tid": 5, "generated": 0, "bbox": {"xmin": 354, "ymin": 364, "ymax": 719, "xmax": 442}}, {"tid": 6, "generated": 0, "bbox": {"xmin": 309, "ymin": 380, "ymax": 448, "xmax": 355}}], [{"tid": 2, "generated": 0, "bbox": {"xmin": 513, "ymin": 344, "ymax": 717, "xmax": 625}}, {"tid": 3, "generated": 0, "bbox": {"xmin": 460, "ymin": 407, "ymax": 718, "xmax": 586}}, {"tid": 4, "generated": 0, "bbox": {"xmin": 306, "ymin": 413, "ymax": 715, "xmax": 412}}, {"tid": 5, "generated": 0, "bbox": {"xmin": 357, "ymin": 367, "ymax": 719, "xmax": 442}}, {"tid": 6, "generated": 0, "bbox": {"xmin": 311, "ymin": 383, "ymax": 451, "xmax": 357}}], [{"tid": 2, "generated": 0, "bbox": {"xmin": 513, "ymin": 348, "ymax": 717, "xmax": 625}}, {"tid": 3, "generated": 0, "bbox": {"xmin": 460, "ymin": 409, "ymax": 718, "xmax": 585}}, {"tid": 4, "generated": 0, "bbox": {"xmin": 307, "ymin": 415, "ymax": 715, "xmax": 412}}, {"tid": 5, "generated": 0, "bbox": {"xmin": 360, "ymin": 371, "ymax": 719, "xmax": 442}}, {"tid": 6, "generated": 0, "bbox": {"xmin": 314, "ymin": 386, "ymax": 454, "xmax": 360}}], [{"tid": 2, "generated": 0, "bbox": {"xmin": 513, "ymin": 351, "ymax": 717, "xmax": 625}}, {"tid": 3, "generated": 0, "bbox": {"xmin": 460, "ymin": 412, "ymax": 718, "xmax": 584}}, {"tid": 4, "generated": 0, "bbox": {"xmin": 307, "ymin": 418, "ymax": 715, "xmax": 412}}, {"tid": 5, "generated": 0, "bbox": {"xmin": 363, "ymin": 374, "ymax": 719, "xmax": 442}}, {"tid": 6, "generated": 0, "bbox": {"xmin": 316, "ymin": 389, "ymax": 457, "xmax": 362}}], [{"tid": 2, "generated": 0, "bbox": {"xmin": 513, "ymin": 355, "ymax": 717, "xmax": 625}}, {"tid": 3, "generated": 0, "bbox": {"xmin": 460, "ymin": 414, "ymax": 718, "xmax": 583}}, {"tid": 4, "generated": 0, "bbox": {"xmin": 308, "ymin": 420, "ymax": 715, "xmax": 412}}, {"tid": 5, "generated": 0, "bbox": {"xmin": 366, "ymin": 378, "ymax": 719, "xmax": 442}}, {"tid": 6, "generated": 0, "bbox": {"xmin": 319, "ymin": 392, "ymax": 460, "xmax": 365}}], [{"tid": 2, "generated": 0, "bbox": {"xmin": 513, "ymin": 359, "ymax": 717, "xmax": 625}}, {"tid": 3, "generated": 0, "bbox": {"xmin": 460, "ymin": 417, "ymax": 718, "xmax": 582}}, {"tid": 4, "generated": 0, "bbox": {"xmin": 309, "ymin": 423, "ymax": 715, "xmax": 412}}, {"tid": 5, "generated": 0, "bbox": {"xmin": 366, "ymin": 378, "ymax": 719, "xmax": 442}}, {"tid": 6, "generated": 0, "bbox": {"xmin": 321, "ymin": 395, "ymax": 463, "xmax": 367}}], [{"tid": 2, "generated": 0, "bbox": {"xmin": 513, "ymin": 359, "ymax": 717, "xmax": 624}}, {"tid": 3, "generated": 0, "bbox": {"xmin": 457, "ymin": 418, "ymax": 718, "xmax": 580}}, {"tid": 4, "generated": 0, "bbox": {"xmin": 310, "ymin": 422, "ymax": 715, "xmax": 412}}, {"tid": 5, "generated": 0, "bbox": {"xmin": 366, "ymin": 378, "ymax": 719, "xmax": 442}}, {"tid": 6, "generated": 0, "bbox": {"xmin": 321, "ymin": 394, "ymax": 462, "xmax": 367}}], [{"tid": 2, "generated": 0, "bbox": {"xmin": 513, "ymin": 359, "ymax": 717, "xmax": 623}}, {"tid": 3, "generated": 0, "bbox": {"xmin": 454, "ymin": 418, "ymax": 718, "xmax": 578}}, {"tid": 4, "generated": 0, "bbox": {"xmin": 311, "ymin": 421, "ymax": 715, "xmax": 412}}, {"tid": 5, "generated": 0, "bbox": {"xmin": 366, "ymin": 378, "ymax": 719, "xmax": 442}}, {"tid": 6, "generated": 0, "bbox": {"xmin": 321, "ymin": 392, "ymax": 460, "xmax": 367}}], [{"tid": 2, "generated": 0, "bbox": {"xmin": 513, "ymin": 359, "ymax": 717, "xmax": 621}}, {"tid": 3, "generated": 0, "bbox": {"xmin": 452, "ymin": 419, "ymax": 718, "xmax": 575}}, {"tid": 4, "generated": 0, "bbox": {"xmin": 312, "ymin": 421, "ymax": 715, "xmax": 412}}, {"tid": 5, "generated": 0, "bbox": {"xmin": 366, "ymin": 378, "ymax": 719, "xmax": 442}}, {"tid": 6, "generated": 0, "bbox": {"xmin": 320, "ymin": 391, "ymax": 459, "xmax": 366}}], [{"tid": 2, "generated": 0, "bbox": {"xmin": 513, "ymin": 359, "ymax": 717, "xmax": 620}}, {"tid": 3, "generated": 0, "bbox": {"xmin": 449, "ymin": 419, "ymax": 718, "xmax": 573}}, {"tid": 4, "generated": 0, "bbox": {"xmin": 313, "ymin": 420, "ymax": 715, "xmax": 412}}, {"tid": 5, "generated": 0, "bbox": {"xmin": 366, "ymin": 378, "ymax": 719, "xmax": 442}}, {"tid": 6, "generated": 0, "bbox": {"xmin": 320, "ymin": 389, "ymax": 457, "xmax": 366}}], [{"tid": 2, "generated": 0, "bbox": {"xmin": 513, "ymin": 359, "ymax": 717, "xmax": 619}}, {"tid": 3, "generated": 0, "bbox": {"xmin": 446, "ymin": 420, "ymax": 718, "xmax": 571}}, {"tid": 4, "generated": 0, "bbox": {"xmin": 314, "ymin": 419, "ymax": 715, "xmax": 412}}, {"tid": 5, "generated": 0, "bbox": {"xmin": 364, "ymin": 374, "ymax": 714, "xmax": 440}}, {"tid": 6, "generated": 0, "bbox": {"xmin": 320, "ymin": 388, "ymax": 456, "xmax": 366}}], [{"tid": 2, "generated": 0, "bbox": {"xmin": 508, "ymin": 355, "ymax": 716, "xmax": 614}}, {"tid": 3, "generated": 0, "bbox": {"xmin": 440, "ymin": 415, "ymax": 718, "xmax": 562}}, {"tid": 4, "generated": 0, "bbox": {"xmin": 311, "ymin": 415, "ymax": 715, "xmax": 410}}, {"tid": 5, "generated": 0, "bbox": {"xmin": 362, "ymin": 370, "ymax": 709, "xmax": 437}}, {"tid": 6, "generated": 0, "bbox": {"xmin": 317, "ymin": 383, "ymax": 451, "xmax": 363}}], [{"tid": 2, "generated": 0, "bbox": {"xmin": 503, "ymin": 351, "ymax": 715, "xmax": 609}}, {"tid": 3, "generated": 0, "bbox": {"xmin": 433, "ymin": 411, "ymax": 718, "xmax": 553}}, {"tid": 4, "generated": 0, "bbox": {"xmin": 308, "ymin": 411, "ymax": 715, "xmax": 407}}, {"tid": 5, "generated": 0, "bbox": {"xmin": 360, "ymin": 366, "ymax": 704, "xmax": 435}}, {"tid": 6, "generated": 0, "bbox": {"xmin": 314, "ymin": 379, "ymax": 447, "xmax": 360}}], [{"tid": 2, "generated": 0, "bbox": {"xmin": 498, "ymin": 347, "ymax": 713, "xmax": 604}}, {"tid": 3, "generated": 0, "bbox": {"xmin": 427, "ymin": 406, "ymax": 718, "xmax": 545}}, {"tid": 4, "generated": 0, "bbox": {"xmin": 306, "ymin": 406, "ymax": 715, "xmax": 405}}, {"tid": 5, "generated": 0, "bbox": {"xmin": 358, "ymin": 362, "ymax": 699, "xmax": 432}}, {"tid": 6, "generated": 0, "bbox": {"xmin": 311, "ymin": 374, "ymax": 442, "xmax": 357}}], [{"tid": 2, "generated": 0, "bbox": {"xmin": 493, "ymin": 343, "ymax": 712, "xmax": 599}}, {"tid": 3, "generated": 0, "bbox": {"xmin": 420, "ymin": 402, "ymax": 718, "xmax": 536}}, {"tid": 4, "generated": 0, "bbox": {"xmin": 303, "ymin": 402, "ymax": 715, "xmax": 402}}, {"tid": 5, "generated": 0, "bbox": {"xmin": 356, "ymin": 358, "ymax": 694, "xmax": 430}}, {"tid": 6, "generated": 0, "bbox": {"xmin": 308, "ymin": 370, "ymax": 438, "xmax": 354}}], [{"tid": 2, "generated": 0, "bbox": {"xmin": 488, "ymin": 339, "ymax": 711, "xmax": 594}}, {"tid": 3, "generated": 0, "bbox": {"xmin": 414, "ymin": 397, "ymax": 718, "xmax": 527}}, {"tid": 4, "generated": 0, "bbox": {"xmin": 300, "ymin": 398, "ymax": 715, "xmax": 400}}, {"tid": 5, "generated": 0, "bbox": {"xmin": 354, "ymin": 358, "ymax": 686, "xmax": 427}}, {"tid": 6, "generated": 0, "bbox": {"xmin": 305, "ymin": 365, "ymax": 433, "xmax": 351}}], [{"tid": 2, "generated": 0, "bbox": {"xmin": 486, "ymin": 341, "ymax": 705, "xmax": 589}}, {"tid": 3, "generated": 0, "bbox": {"xmin": 410, "ymin": 397, "ymax": 712, "xmax": 521}}, {"tid": 4, "generated": 0, "bbox": {"xmin": 300, "ymin": 398, "ymax": 712, "xmax": 400}}, {"tid": 5, "generated": 0, "bbox": {"xmin": 352, "ymin": 359, "ymax": 678, "xmax": 424}}, {"tid": 6, "generated": 0, "bbox": {"xmin": 305, "ymin": 367, "ymax": 433, "xmax": 351}}], [{"tid": 2, "generated": 0, "bbox": {"xmin": 484, "ymin": 342, "ymax": 699, "xmax": 583}}, {"tid": 3, "generated": 0, "bbox": {"xmin": 406, "ymin": 397, "ymax": 707, "xmax": 516}}, {"tid": 4, "generated": 0, "bbox": {"xmin": 300, "ymin": 398, "ymax": 709, "xmax": 400}}, {"tid": 5, "generated": 0, "bbox": {"xmin": 350, "ymin": 359, "ymax": 669, "xmax": 420}}, {"tid": 6, "generated": 0, "bbox": {"xmin": 305, "ymin": 369, "ymax": 433, "xmax": 351}}], [{"tid": 2, "generated": 0, "bbox": {"xmin": 481, "ymin": 344, "ymax": 693, "xmax": 578}}, {"tid": 3, "generated": 0, "bbox": {"xmin": 402, "ymin": 397, "ymax": 701, "xmax": 510}}, {"tid": 4, "generated": 0, "bbox": {"xmin": 301, "ymin": 398, "ymax": 705, "xmax": 400}}, {"tid": 5, "generated": 0, "bbox": {"xmin": 348, "ymin": 360, "ymax": 661, "xmax": 417}}, {"tid": 6, "generated": 0, "bbox": {"xmin": 305, "ymin": 370, "ymax": 433, "xmax": 351}}], [{"tid": 2, "generated": 0, "bbox": {"xmin": 479, "ymin": 345, "ymax": 687, "xmax": 572}}, {"tid": 3, "generated": 0, "bbox": {"xmin": 398, "ymin": 397, "ymax": 696, "xmax": 505}}, {"tid": 4, "generated": 0, "bbox": {"xmin": 301, "ymin": 398, "ymax": 702, "xmax": 400}}, {"tid": 5, "generated": 0, "bbox": {"xmin": 346, "ymin": 360, "ymax": 653, "xmax": 414}}, {"tid": 6, "generated": 0, "bbox": {"xmin": 305, "ymin": 372, "ymax": 433, "xmax": 351}}], [{"tid": 2, "generated": 0, "bbox": {"xmin": 477, "ymin": 347, "ymax": 681, "xmax": 567}}, {"tid": 3, "generated": 0, "bbox": {"xmin": 394, "ymin": 397, "ymax": 690, "xmax": 499}}, {"tid": 4, "generated": 0, "bbox": {"xmin": 301, "ymin": 398, "ymax": 699, "xmax": 400}}, {"tid": 5, "generated": 0, "bbox": {"xmin": 340, "ymin": 358, "ymax": 651, "xmax": 408}}, {"tid": 6, "generated": 0, "bbox": {"xmin": 305, "ymin": 374, "ymax": 433, "xmax": 351}}], [{"tid": 2, "generated": 0, "bbox": {"xmin": 471, "ymin": 344, "ymax": 678, "xmax": 561}}, {"tid": 3, "generated": 0, "bbox": {"xmin": 387, "ymin": 394, "ymax": 687, "xmax": 491}}, {"tid": 4, "generated": 0, "bbox": {"xmin": 293, "ymin": 396, "ymax": 697, "xmax": 392}}, {"tid": 5, "generated": 0, "bbox": {"xmin": 334, "ymin": 356, "ymax": 649, "xmax": 402}}, {"tid": 6, "generated": 0, "bbox": {"xmin": 299, "ymin": 371, "ymax": 427, "xmax": 345}}], [{"tid": 2, "generated": 0, "bbox": {"xmin": 465, "ymin": 341, "ymax": 675, "xmax": 555}}, {"tid": 3, "generated": 0, "bbox": {"xmin": 381, "ymin": 391, "ymax": 684, "xmax": 482}}, {"tid": 4, "generated": 0, "bbox": {"xmin": 285, "ymin": 394, "ymax": 695, "xmax": 384}}, {"tid": 5, "generated": 0, "bbox": {"xmin": 329, "ymin": 354, "ymax": 647, "xmax": 397}}, {"tid": 6, "generated": 0, "bbox": {"xmin": 293, "ymin": 368, "ymax": 421, "xmax": 338}}], [{"tid": 2, "generated": 0, "bbox": {"xmin": 458, "ymin": 337, "ymax": 671, "xmax": 548}}, {"tid": 3, "generated": 0, "bbox": {"xmin": 374, "ymin": 389, "ymax": 682, "xmax": 474}}, {"tid": 4, "generated": 0, "bbox": {"xmin": 277, "ymin": 392, "ymax": 693, "xmax": 376}}, {"tid": 5, "generated": 0, "bbox": {"xmin": 323, "ymin": 352, "ymax": 645, "xmax": 391}}, {"tid": 6, "generated": 0, "bbox": {"xmin": 286, "ymin": 364, "ymax": 414, "xmax": 332}}], [{"tid": 2, "generated": 0, "bbox": {"xmin": 452, "ymin": 334, "ymax": 668, "xmax": 542}}, {"tid": 3, "generated": 0, "bbox": {"xmin": 368, "ymin": 386, "ymax": 679, "xmax": 465}}, {"tid": 4, "generated": 0, "bbox": {"xmin": 269, "ymin": 390, "ymax": 691, "xmax": 368}}, {"tid": 5, "generated": 0, "bbox": {"xmin": 317, "ymin": 350, "ymax": 643, "xmax": 385}}, {"tid": 6, "generated": 0, "bbox": {"xmin": 280, "ymin": 361, "ymax": 408, "xmax": 325}}], [{"tid": 2, "generated": 0, "bbox": {"xmin": 446, "ymin": 331, "ymax": 665, "xmax": 536}}, {"tid": 3, "generated": 0, "bbox": {"xmin": 361, "ymin": 383, "ymax": 676, "xmax": 457}}, {"tid": 4, "generated": 0, "bbox": {"xmin": 261, "ymin": 388, "ymax": 689, "xmax": 360}}, {"tid": 5, "generated": 0, "bbox": {"xmin": 302, "ymin": 349, "ymax": 642, "xmax": 370}}, {"tid": 6, "generated": 0, "bbox": {"xmin": 274, "ymin": 358, "ymax": 402, "xmax": 319}}], [{"tid": 2, "generated": 0, "bbox": {"xmin": 432, "ymin": 331, "ymax": 665, "xmax": 522}}, {"tid": 3, "generated": 0, "bbox": {"xmin": 349, "ymin": 382, "ymax": 676, "xmax": 443}}, {"tid": 4, "generated": 0, "bbox": {"xmin": 245, "ymin": 387, "ymax": 688, "xmax": 344}}, {"tid": 5, "generated": 0, "bbox": {"xmin": 287, "ymin": 349, "ymax": 642, "xmax": 355}}, {"tid": 6, "generated": 0, "bbox": {"xmin": 260, "ymin": 357, "ymax": 401, "xmax": 302}}], [{"tid": 2, "generated": 0, "bbox": {"xmin": 418, "ymin": 330, "ymax": 664, "xmax": 508}}, {"tid": 3, "generated": 0, "bbox": {"xmin": 336, "ymin": 381, "ymax": 677, "xmax": 429}}, {"tid": 4, "generated": 0, "bbox": {"xmin": 230, "ymin": 385, "ymax": 686, "xmax": 329}}, {"tid": 5, "generated": 0, "bbox": {"xmin": 273, "ymin": 348, "ymax": 641, "xmax": 341}}, {"tid": 6, "generated": 0, "bbox": {"xmin": 247, "ymin": 356, "ymax": 399, "xmax": 286}}], [{"tid": 2, "generated": 0, "bbox": {"xmin": 403, "ymin": 330, "ymax": 664, "xmax": 493}}, {"tid": 3, "generated": 0, "bbox": {"xmin": 324, "ymin": 379, "ymax": 677, "xmax": 414}}, {"tid": 4, "generated": 0, "bbox": {"xmin": 214, "ymin": 384, "ymax": 685, "xmax": 313}}, {"tid": 5, "generated": 0, "bbox": {"xmin": 258, "ymin": 348, "ymax": 641, "xmax": 326}}, {"tid": 6, "generated": 0, "bbox": {"xmin": 233, "ymin": 354, "ymax": 398, "xmax": 269}}], [{"tid": 2, "generated": 0, "bbox": {"xmin": 389, "ymin": 329, "ymax": 663, "xmax": 479}}, {"tid": 3, "generated": 0, "bbox": {"xmin": 311, "ymin": 378, "ymax": 677, "xmax": 400}}, {"tid": 4, "generated": 0, "bbox": {"xmin": 198, "ymin": 382, "ymax": 683, "xmax": 297}}, {"tid": 5, "generated": 0, "bbox": {"xmin": 243, "ymin": 347, "ymax": 640, "xmax": 311}}, {"tid": 6, "generated": 0, "bbox": {"xmin": 219, "ymin": 353, "ymax": 396, "xmax": 252}}]], "subject/objects": [{"category": "tiger", "tid": 0}, {"category": "tiger", "tid": 1}, {"category": "person", "tid": 2}, {"category": "person", "tid": 3}, {"category": "person", "tid": 4}, {"category": "person", "tid": 5}, {"category": "person", "tid": 6}], "relation_instances": [{"end_fid": 90, "subject_tid": 0, "predicate": "walk_past", "begin_fid": 60, "object_tid": 1}, {"end_fid": 90, "subject_tid": 0, "predicate": "walk_front", "begin_fid": 60, "object_tid": 1}, {"end_fid": 90, "subject_tid": 1, "predicate": "walk_behind", "begin_fid": 60, "object_tid": 0}, {"end_fid": 300, "subject_tid": 2, "predicate": "stand_right", "begin_fid": 270, "object_tid": 3}, {"end_fid": 300, "subject_tid": 2, "predicate": "stand_next_to", "begin_fid": 270, "object_tid": 3}, {"end_fid": 300, "subject_tid": 2, "predicate": "taller", "begin_fid": 270, "object_tid": 3}, {"end_fid": 300, "subject_tid": 3, "predicate": "walk_next_to", "begin_fid": 270, "object_tid": 2}, {"end_fid": 300, "subject_tid": 3, "predicate": "walk_left", "begin_fid": 270, "object_tid": 2}, {"end_fid": 300, "subject_tid": 2, "predicate": "stand_right", "begin_fid": 270, "object_tid": 4}, {"end_fid": 300, "subject_tid": 2, "predicate": "stand_with", "begin_fid": 270, "object_tid": 4}, {"end_fid": 300, "subject_tid": 4, "predicate": "stand_with", "begin_fid": 270, "object_tid": 2}, {"end_fid": 300, "subject_tid": 4, "predicate": "stand_left", "begin_fid": 270, "object_tid": 2}, {"end_fid": 300, "subject_tid": 2, "predicate": "stand_right", "begin_fid": 270, "object_tid": 5}, {"end_fid": 300, "subject_tid": 2, "predicate": "stand_with", "begin_fid": 270, "object_tid": 5}, {"end_fid": 300, "subject_tid": 5, "predicate": "stand_with", "begin_fid": 270, "object_tid": 2}, {"end_fid": 300, "subject_tid": 5, "predicate": "stand_left", "begin_fid": 270, "object_tid": 2}, {"end_fid": 300, "subject_tid": 2, "predicate": "stand_right", "begin_fid": 270, "object_tid": 6}, {"end_fid": 300, "subject_tid": 2, "predicate": "stand_with", "begin_fid": 270, "object_tid": 6}, {"end_fid": 300, "subject_tid": 6, "predicate": "stand_with", "begin_fid": 270, "object_tid": 2}, {"end_fid": 300, "subject_tid": 6, "predicate": "stand_left", "begin_fid": 270, "object_tid": 2}, {"end_fid": 300, "subject_tid": 3, "predicate": "walk_right", "begin_fid": 270, "object_tid": 4}, {"end_fid": 300, "subject_tid": 3, "predicate": "walk_next_to", "begin_fid": 270, "object_tid": 4}, {"end_fid": 300, "subject_tid": 4, "predicate": "stand_next_to", "begin_fid": 270, "object_tid": 3}, {"end_fid": 300, "subject_tid": 4, "predicate": "stand_left", "begin_fid": 270, "object_tid": 3}, {"end_fid": 300, "subject_tid": 3, "predicate": "walk_right", "begin_fid": 270, "object_tid": 5}, {"end_fid": 300, "subject_tid": 3, "predicate": "walk_next_to", "begin_fid": 270, "object_tid": 5}, {"end_fid": 300, "subject_tid": 5, "predicate": "stand_next_to", "begin_fid": 270, "object_tid": 3}, {"end_fid": 300, "subject_tid": 5, "predicate": "stand_left", "begin_fid": 270, "object_tid": 3}, {"end_fid": 300, "subject_tid": 3, "predicate": "walk_right", "begin_fid": 270, "object_tid": 6}, {"end_fid": 300, "subject_tid": 6, "predicate": "stand_left", "begin_fid": 270, "object_tid": 3}, {"end_fid": 300, "subject_tid": 4, "predicate": "stand_next_to", "begin_fid": 270, "object_tid": 5}, {"end_fid": 300, "subject_tid": 4, "predicate": "stand_front", "begin_fid": 270, "object_tid": 5}, {"end_fid": 300, "subject_tid": 4, "predicate": "stand_with", "begin_fid": 270, "object_tid": 5}, {"end_fid": 300, "subject_tid": 5, "predicate": "stand_next_to", "begin_fid": 270, "object_tid": 4}, {"end_fid": 300, "subject_tid": 5, "predicate": "stand_behind", "begin_fid": 270, "object_tid": 4}, {"end_fid": 300, "subject_tid": 5, "predicate": "stand_with", "begin_fid": 270, "object_tid": 4}, {"end_fid": 300, "subject_tid": 4, "predicate": "stand_front", "begin_fid": 270, "object_tid": 6}, {"end_fid": 300, "subject_tid": 4, "predicate": "stand_with", "begin_fid": 270, "object_tid": 6}, {"end_fid": 300, "subject_tid": 6, "predicate": "stand_behind", "begin_fid": 270, "object_tid": 4}, {"end_fid": 300, "subject_tid": 6, "predicate": "stand_with", "begin_fid": 270, "object_tid": 4}, {"end_fid": 300, "subject_tid": 5, "predicate": "stand_next_to", "begin_fid": 270, "object_tid": 6}, {"end_fid": 300, "subject_tid": 5, "predicate": "stand_front", "begin_fid": 270, "object_tid": 6}, {"end_fid": 300, "subject_tid": 5, "predicate": "stand_with", "begin_fid": 270, "object_tid": 6}, {"end_fid": 300, "subject_tid": 6, "predicate": "stand_next_to", "begin_fid": 270, "object_tid": 5}, {"end_fid": 300, "subject_tid": 6, "predicate": "stand_behind", "begin_fid": 270, "object_tid": 5}, {"end_fid": 300, "subject_tid": 6, "predicate": "stand_with", "begin_fid": 270, "object_tid": 5}], "height": 720}