{"width": 1280, "frame_count": 105, "video_id": "ILSVRC2015_train_00069006", "fps": 25, "trajectories": [[{"tid": 0, "generated": 0, "bbox": {"xmin": 634, "ymin": 119, "ymax": 355, "xmax": 926}}, {"tid": 1, "generated": 0, "bbox": {"xmin": 634, "ymin": 0, "ymax": 576, "xmax": 1048}}], [{"tid": 0, "generated": 0, "bbox": {"xmin": 634, "ymin": 119, "ymax": 355, "xmax": 926}}, {"tid": 1, "generated": 0, "bbox": {"xmin": 637, "ymin": 0, "ymax": 581, "xmax": 1049}}], [{"tid": 0, "generated": 0, "bbox": {"xmin": 634, "ymin": 119, "ymax": 356, "xmax": 927}}, {"tid": 1, "generated": 0, "bbox": {"xmin": 640, "ymin": 0, "ymax": 586, "xmax": 1050}}], [{"tid": 0, "generated": 0, "bbox": {"xmin": 634, "ymin": 119, "ymax": 357, "xmax": 928}}, {"tid": 1, "generated": 0, "bbox": {"xmin": 643, "ymin": 0, "ymax": 579, "xmax": 1057}}], [{"tid": 0, "generated": 0, "bbox": {"xmin": 633, "ymin": 119, "ymax": 358, "xmax": 933}}, {"tid": 1, "generated": 0, "bbox": {"xmin": 652, "ymin": 0, "ymax": 583, "xmax": 1061}}], [{"tid": 0, "generated": 0, "bbox": {"xmin": 632, "ymin": 119, "ymax": 360, "xmax": 938}}, {"tid": 1, "generated": 0, "bbox": {"xmin": 654, "ymin": 0, "ymax": 586, "xmax": 1064}}], [{"tid": 0, "generated": 0, "bbox": {"xmin": 634, "ymin": 119, "ymax": 361, "xmax": 941}}, {"tid": 1, "generated": 0, "bbox": {"xmin": 663, "ymin": 0, "ymax": 590, "xmax": 1073}}], [{"tid": 0, "generated": 0, "bbox": {"xmin": 636, "ymin": 119, "ymax": 362, "xmax": 945}}, {"tid": 1, "generated": 0, "bbox": {"xmin": 664, "ymin": 0, "ymax": 595, "xmax": 1068}}], [{"tid": 0, "generated": 0, "bbox": {"xmin": 634, "ymin": 120, "ymax": 362, "xmax": 942}}, {"tid": 1, "generated": 0, "bbox": {"xmin": 670, "ymin": 0, "ymax": 597, "xmax": 1077}}], [{"tid": 0, "generated": 0, "bbox": {"xmin": 638, "ymin": 120, "ymax": 364, "xmax": 944}}, {"tid": 1, "generated": 0, "bbox": {"xmin": 672, "ymin": 5, "ymax": 595, "xmax": 1073}}], [{"tid": 0, "generated": 0, "bbox": {"xmin": 641, "ymin": 122, "ymax": 368, "xmax": 949}}, {"tid": 1, "generated": 0, "bbox": {"xmin": 675, "ymin": 5, "ymax": 602, "xmax": 1080}}], [{"tid": 0, "generated": 0, "bbox": {"xmin": 640, "ymin": 124, "ymax": 366, "xmax": 945}}, {"tid": 1, "generated": 0, "bbox": {"xmin": 680, "ymin": 10, "ymax": 600, "xmax": 1080}}], [{"tid": 0, "generated": 0, "bbox": {"xmin": 638, "ymin": 122, "ymax": 371, "xmax": 951}}, {"tid": 1, "generated": 0, "bbox": {"xmin": 680, "ymin": 7, "ymax": 606, "xmax": 1082}}], [{"tid": 0, "generated": 0, "bbox": {"xmin": 641, "ymin": 126, "ymax": 368, "xmax": 947}}, {"tid": 1, "generated": 0, "bbox": {"xmin": 680, "ymin": 12, "ymax": 602, "xmax": 1082}}], [{"tid": 0, "generated": 0, "bbox": {"xmin": 640, "ymin": 124, "ymax": 373, "xmax": 951}}, {"tid": 1, "generated": 0, "bbox": {"xmin": 680, "ymin": 14, "ymax": 600, "xmax": 1080}}], [{"tid": 0, "generated": 0, "bbox": {"xmin": 641, "ymin": 122, "ymax": 369, "xmax": 949}}, {"tid": 1, "generated": 0, "bbox": {"xmin": 688, "ymin": 8, "ymax": 597, "xmax": 1077}}], [{"tid": 0, "generated": 0, "bbox": {"xmin": 640, "ymin": 121, "ymax": 368, "xmax": 948}}, {"tid": 1, "generated": 0, "bbox": {"xmin": 680, "ymin": 0, "ymax": 602, "xmax": 1075}}], [{"tid": 0, "generated": 0, "bbox": {"xmin": 640, "ymin": 121, "ymax": 368, "xmax": 947}}, {"tid": 1, "generated": 0, "bbox": {"xmin": 679, "ymin": 0, "ymax": 599, "xmax": 1073}}], [{"tid": 0, "generated": 0, "bbox": {"xmin": 640, "ymin": 121, "ymax": 367, "xmax": 946}}, {"tid": 1, "generated": 0, "bbox": {"xmin": 680, "ymin": 0, "ymax": 597, "xmax": 1073}}], [{"tid": 0, "generated": 0, "bbox": {"xmin": 640, "ymin": 120, "ymax": 367, "xmax": 945}}, {"tid": 1, "generated": 0, "bbox": {"xmin": 680, "ymin": 0, "ymax": 597, "xmax": 1070}}], [{"tid": 0, "generated": 0, "bbox": {"xmin": 640, "ymin": 120, "ymax": 366, "xmax": 944}}, {"tid": 1, "generated": 0, "bbox": {"xmin": 680, "ymin": 8, "ymax": 592, "xmax": 1072}}], [{"tid": 0, "generated": 0, "bbox": {"xmin": 640, "ymin": 120, "ymax": 366, "xmax": 944}}, {"tid": 1, "generated": 0, "bbox": {"xmin": 675, "ymin": 0, "ymax": 592, "xmax": 1068}}], [{"tid": 0, "generated": 0, "bbox": {"xmin": 640, "ymin": 121, "ymax": 363, "xmax": 941}}, {"tid": 1, "generated": 0, "bbox": {"xmin": 670, "ymin": 0, "ymax": 590, "xmax": 1066}}], [{"tid": 0, "generated": 0, "bbox": {"xmin": 641, "ymin": 122, "ymax": 360, "xmax": 938}}, {"tid": 1, "generated": 0, "bbox": {"xmin": 670, "ymin": 0, "ymax": 590, "xmax": 1064}}], [{"tid": 0, "generated": 0, "bbox": {"xmin": 640, "ymin": 121, "ymax": 359, "xmax": 936}}, {"tid": 1, "generated": 0, "bbox": {"xmin": 670, "ymin": 0, "ymax": 588, "xmax": 1064}}], [{"tid": 0, "generated": 0, "bbox": {"xmin": 640, "ymin": 120, "ymax": 359, "xmax": 934}}, {"tid": 1, "generated": 0, "bbox": {"xmin": 666, "ymin": 0, "ymax": 590, "xmax": 1064}}], [{"tid": 0, "generated": 0, "bbox": {"xmin": 640, "ymin": 120, "ymax": 359, "xmax": 933}}, {"tid": 1, "generated": 0, "bbox": {"xmin": 666, "ymin": 0, "ymax": 588, "xmax": 1064}}], [{"tid": 0, "generated": 0, "bbox": {"xmin": 638, "ymin": 118, "ymax": 357, "xmax": 931}}, {"tid": 1, "generated": 0, "bbox": {"xmin": 663, "ymin": 0, "ymax": 586, "xmax": 1061}}], [{"tid": 0, "generated": 0, "bbox": {"xmin": 636, "ymin": 116, "ymax": 356, "xmax": 930}}, {"tid": 1, "generated": 0, "bbox": {"xmin": 661, "ymin": 8, "ymax": 584, "xmax": 1063}}], [{"tid": 0, "generated": 0, "bbox": {"xmin": 634, "ymin": 115, "ymax": 355, "xmax": 929}}, {"tid": 1, "generated": 0, "bbox": {"xmin": 657, "ymin": 0, "ymax": 583, "xmax": 1059}}], [{"tid": 0, "generated": 0, "bbox": {"xmin": 633, "ymin": 115, "ymax": 354, "xmax": 934}}, {"tid": 1, "generated": 0, "bbox": {"xmin": 656, "ymin": 1, "ymax": 579, "xmax": 1061}}], [{"tid": 0, "generated": 0, "bbox": {"xmin": 632, "ymin": 115, "ymax": 353, "xmax": 940}}, {"tid": 1, "generated": 0, "bbox": {"xmin": 654, "ymin": 0, "ymax": 581, "xmax": 1068}}], [{"tid": 0, "generated": 0, "bbox": {"xmin": 632, "ymin": 115, "ymax": 339, "xmax": 954}}, {"tid": 1, "generated": 0, "bbox": {"xmin": 652, "ymin": 0, "ymax": 581, "xmax": 1096}}], [{"tid": 0, "generated": 0, "bbox": {"xmin": 631, "ymin": 115, "ymax": 337, "xmax": 954}}, {"tid": 1, "generated": 0, "bbox": {"xmin": 657, "ymin": 0, "ymax": 540, "xmax": 1127}}], [{"tid": 0, "generated": 0, "bbox": {"xmin": 631, "ymin": 115, "ymax": 353, "xmax": 958}}, {"tid": 1, "generated": 0, "bbox": {"xmin": 657, "ymin": 0, "ymax": 545, "xmax": 1164}}], [{"tid": 0, "generated": 0, "bbox": {"xmin": 631, "ymin": 115, "ymax": 353, "xmax": 956}}, {"tid": 1, "generated": 0, "bbox": {"xmin": 675, "ymin": 0, "ymax": 542, "xmax": 1185}}], [{"tid": 0, "generated": 0, "bbox": {"xmin": 631, "ymin": 114, "ymax": 353, "xmax": 955}}, {"tid": 1, "generated": 0, "bbox": {"xmin": 673, "ymin": 0, "ymax": 497, "xmax": 1176}}], [{"tid": 0, "generated": 0, "bbox": {"xmin": 631, "ymin": 113, "ymax": 353, "xmax": 954}}, {"tid": 1, "generated": 0, "bbox": {"xmin": 672, "ymin": 0, "ymax": 517, "xmax": 1153}}], [{"tid": 0, "generated": 0, "bbox": {"xmin": 634, "ymin": 112, "ymax": 350, "xmax": 952}}, {"tid": 1, "generated": 0, "bbox": {"xmin": 680, "ymin": 16, "ymax": 535, "xmax": 1120}}], [{"tid": 0, "generated": 0, "bbox": {"xmin": 631, "ymin": 113, "ymax": 352, "xmax": 869}}, {"tid": 1, "generated": 0, "bbox": {"xmin": 684, "ymin": 80, "ymax": 533, "xmax": 1104}}], [{"tid": 0, "generated": 0, "bbox": {"xmin": 631, "ymin": 112, "ymax": 352, "xmax": 867}}, {"tid": 1, "generated": 0, "bbox": {"xmin": 764, "ymin": 115, "ymax": 533, "xmax": 1098}}], [{"tid": 0, "generated": 0, "bbox": {"xmin": 627, "ymin": 106, "ymax": 348, "xmax": 826}}, {"tid": 1, "generated": 0, "bbox": {"xmin": 762, "ymin": 120, "ymax": 524, "xmax": 1093}}], [{"tid": 0, "generated": 0, "bbox": {"xmin": 627, "ymin": 106, "ymax": 346, "xmax": 796}}, {"tid": 1, "generated": 0, "bbox": {"xmin": 704, "ymin": 126, "ymax": 519, "xmax": 1137}}], [{"tid": 0, "generated": 0, "bbox": {"xmin": 627, "ymin": 104, "ymax": 341, "xmax": 920}}, {"tid": 1, "generated": 0, "bbox": {"xmin": 682, "ymin": 101, "ymax": 503, "xmax": 1198}}], [{"tid": 0, "generated": 0, "bbox": {"xmin": 627, "ymin": 104, "ymax": 343, "xmax": 951}}, {"tid": 1, "generated": 0, "bbox": {"xmin": 680, "ymin": 80, "ymax": 494, "xmax": 1278}}], [{"tid": 0, "generated": 0, "bbox": {"xmin": 625, "ymin": 104, "ymax": 339, "xmax": 951}}, {"tid": 1, "generated": 0, "bbox": {"xmin": 686, "ymin": 78, "ymax": 529, "xmax": 1276}}], [{"tid": 0, "generated": 0, "bbox": {"xmin": 624, "ymin": 104, "ymax": 339, "xmax": 807}}, {"tid": 1, "generated": 0, "bbox": {"xmin": 718, "ymin": 99, "ymax": 549, "xmax": 1278}}], [{"tid": 0, "generated": 0, "bbox": {"xmin": 620, "ymin": 104, "ymax": 344, "xmax": 862}}, {"tid": 1, "generated": 0, "bbox": {"xmin": 748, "ymin": 161, "ymax": 551, "xmax": 1278}}], [{"tid": 0, "generated": 0, "bbox": {"xmin": 625, "ymin": 104, "ymax": 343, "xmax": 853}}, {"tid": 1, "generated": 0, "bbox": {"xmin": 759, "ymin": 158, "ymax": 561, "xmax": 1278}}], [{"tid": 0, "generated": 0, "bbox": {"xmin": 622, "ymin": 104, "ymax": 343, "xmax": 855}}, {"tid": 1, "generated": 0, "bbox": {"xmin": 773, "ymin": 145, "ymax": 560, "xmax": 1278}}], [{"tid": 0, "generated": 0, "bbox": {"xmin": 622, "ymin": 104, "ymax": 348, "xmax": 942}}, {"tid": 1, "generated": 0, "bbox": {"xmin": 833, "ymin": 115, "ymax": 558, "xmax": 1278}}], [{"tid": 0, "generated": 0, "bbox": {"xmin": 620, "ymin": 104, "ymax": 350, "xmax": 887}}, {"tid": 1, "generated": 0, "bbox": {"xmin": 860, "ymin": 94, "ymax": 520, "xmax": 1278}}], [{"tid": 0, "generated": 0, "bbox": {"xmin": 611, "ymin": 104, "ymax": 344, "xmax": 869}}, {"tid": 1, "generated": 0, "bbox": {"xmin": 768, "ymin": 58, "ymax": 526, "xmax": 1276}}], [{"tid": 0, "generated": 0, "bbox": {"xmin": 611, "ymin": 104, "ymax": 348, "xmax": 819}}, {"tid": 1, "generated": 0, "bbox": {"xmin": 677, "ymin": 0, "ymax": 526, "xmax": 1278}}], [{"tid": 0, "generated": 0, "bbox": {"xmin": 611, "ymin": 104, "ymax": 350, "xmax": 849}}, {"tid": 1, "generated": 0, "bbox": {"xmin": 636, "ymin": 0, "ymax": 416, "xmax": 1182}}], [{"tid": 0, "generated": 0, "bbox": {"xmin": 609, "ymin": 104, "ymax": 337, "xmax": 931}}, {"tid": 1, "generated": 0, "bbox": {"xmin": 570, "ymin": 32, "ymax": 462, "xmax": 1169}}], [{"tid": 0, "generated": 0, "bbox": {"xmin": 606, "ymin": 104, "ymax": 343, "xmax": 931}}, {"tid": 1, "generated": 0, "bbox": {"xmin": 510, "ymin": 94, "ymax": 460, "xmax": 1125}}], [{"tid": 0, "generated": 0, "bbox": {"xmin": 599, "ymin": 104, "ymax": 339, "xmax": 928}}, {"tid": 1, "generated": 0, "bbox": {"xmin": 471, "ymin": 142, "ymax": 460, "xmax": 1118}}], [{"tid": 0, "generated": 0, "bbox": {"xmin": 593, "ymin": 104, "ymax": 336, "xmax": 926}}, {"tid": 1, "generated": 0, "bbox": {"xmin": 410, "ymin": 158, "ymax": 474, "xmax": 940}}], [{"tid": 0, "generated": 0, "bbox": {"xmin": 593, "ymin": 104, "ymax": 339, "xmax": 924}}, {"tid": 1, "generated": 0, "bbox": {"xmin": 309, "ymin": 126, "ymax": 478, "xmax": 814}}], [{"tid": 0, "generated": 0, "bbox": {"xmin": 593, "ymin": 104, "ymax": 343, "xmax": 920}}, {"tid": 1, "generated": 0, "bbox": {"xmin": 215, "ymin": 108, "ymax": 430, "xmax": 634}}], [{"tid": 0, "generated": 0, "bbox": {"xmin": 579, "ymin": 104, "ymax": 341, "xmax": 919}}, {"tid": 1, "generated": 0, "bbox": {"xmin": 106, "ymin": 128, "ymax": 357, "xmax": 545}}], [{"tid": 0, "generated": 0, "bbox": {"xmin": 581, "ymin": 106, "ymax": 343, "xmax": 919}}, {"tid": 1, "generated": 0, "bbox": {"xmin": 78, "ymin": 161, "ymax": 357, "xmax": 430}}], [{"tid": 0, "generated": 0, "bbox": {"xmin": 572, "ymin": 106, "ymax": 346, "xmax": 904}}, {"tid": 1, "generated": 0, "bbox": {"xmin": 46, "ymin": 174, "ymax": 389, "xmax": 355}}], [{"tid": 0, "generated": 0, "bbox": {"xmin": 570, "ymin": 106, "ymax": 346, "xmax": 903}}, {"tid": 1, "generated": 0, "bbox": {"xmin": 0, "ymin": 168, "ymax": 389, "xmax": 280}}], [{"tid": 0, "generated": 0, "bbox": {"xmin": 570, "ymin": 106, "ymax": 346, "xmax": 903}}, {"tid": 1, "generated": 0, "bbox": {"xmin": 0, "ymin": 152, "ymax": 396, "xmax": 215}}], [{"tid": 0, "generated": 0, "bbox": {"xmin": 567, "ymin": 112, "ymax": 350, "xmax": 901}}, {"tid": 1, "generated": 0, "bbox": {"xmin": 0, "ymin": 147, "ymax": 394, "xmax": 195}}], [{"tid": 0, "generated": 0, "bbox": {"xmin": 567, "ymin": 113, "ymax": 353, "xmax": 899}}, {"tid": 1, "generated": 0, "bbox": {"xmin": 0, "ymin": 190, "ymax": 392, "xmax": 179}}], [{"tid": 0, "generated": 0, "bbox": {"xmin": 568, "ymin": 115, "ymax": 357, "xmax": 897}}, {"tid": 1, "generated": 0, "bbox": {"xmin": 0, "ymin": 202, "ymax": 400, "xmax": 177}}], [{"tid": 0, "generated": 0, "bbox": {"xmin": 567, "ymin": 120, "ymax": 359, "xmax": 899}}, {"tid": 1, "generated": 0, "bbox": {"xmin": 0, "ymin": 213, "ymax": 341, "xmax": 145}}], [{"tid": 0, "generated": 0, "bbox": {"xmin": 568, "ymin": 124, "ymax": 359, "xmax": 897}}, {"tid": 1, "generated": 0, "bbox": {"xmin": 0, "ymin": 206, "ymax": 318, "xmax": 140}}], [{"tid": 0, "generated": 0, "bbox": {"xmin": 567, "ymin": 128, "ymax": 362, "xmax": 899}}, {"tid": 1, "generated": 0, "bbox": {"xmin": 0, "ymin": 184, "ymax": 321, "xmax": 112}}], [{"tid": 0, "generated": 0, "bbox": {"xmin": 568, "ymin": 126, "ymax": 368, "xmax": 896}}, {"tid": 1, "generated": 0, "bbox": {"xmin": 0, "ymin": 177, "ymax": 325, "xmax": 96}}], [{"tid": 0, "generated": 0, "bbox": {"xmin": 565, "ymin": 129, "ymax": 369, "xmax": 906}}, {"tid": 1, "generated": 0, "bbox": {"xmin": 0, "ymin": 170, "ymax": 327, "xmax": 81}}], [{"tid": 0, "generated": 0, "bbox": {"xmin": 567, "ymin": 128, "ymax": 373, "xmax": 904}}, {"tid": 1, "generated": 0, "bbox": {"xmin": 0, "ymin": 163, "ymax": 321, "xmax": 65}}], [{"tid": 0, "generated": 0, "bbox": {"xmin": 568, "ymin": 129, "ymax": 380, "xmax": 904}}, {"tid": 1, "generated": 0, "bbox": {"xmin": 0, "ymin": 176, "ymax": 320, "xmax": 71}}], [{"tid": 0, "generated": 0, "bbox": {"xmin": 567, "ymin": 136, "ymax": 382, "xmax": 906}}, {"tid": 1, "generated": 0, "bbox": {"xmin": 0, "ymin": 200, "ymax": 321, "xmax": 76}}], [{"tid": 0, "generated": 0, "bbox": {"xmin": 567, "ymin": 144, "ymax": 385, "xmax": 910}}, {"tid": 1, "generated": 0, "bbox": {"xmin": 0, "ymin": 231, "ymax": 366, "xmax": 81}}], [{"tid": 0, "generated": 0, "bbox": {"xmin": 572, "ymin": 142, "ymax": 387, "xmax": 917}}, {"tid": 1, "generated": 0, "bbox": {"xmin": 0, "ymin": 240, "ymax": 375, "xmax": 85}}], [{"tid": 0, "generated": 0, "bbox": {"xmin": 583, "ymin": 147, "ymax": 392, "xmax": 922}}, {"tid": 1, "generated": 0, "bbox": {"xmin": 0, "ymin": 247, "ymax": 380, "xmax": 92}}], [{"tid": 0, "generated": 0, "bbox": {"xmin": 590, "ymin": 145, "ymax": 392, "xmax": 936}}, {"tid": 1, "generated": 0, "bbox": {"xmin": 0, "ymin": 245, "ymax": 385, "xmax": 108}}], [{"tid": 0, "generated": 0, "bbox": {"xmin": 604, "ymin": 151, "ymax": 394, "xmax": 945}}, {"tid": 1, "generated": 0, "bbox": {"xmin": 0, "ymin": 234, "ymax": 396, "xmax": 113}}], [{"tid": 0, "generated": 0, "bbox": {"xmin": 615, "ymin": 154, "ymax": 398, "xmax": 956}}, {"tid": 1, "generated": 0, "bbox": {"xmin": 0, "ymin": 225, "ymax": 410, "xmax": 145}}], [{"tid": 0, "generated": 0, "bbox": {"xmin": 622, "ymin": 154, "ymax": 400, "xmax": 961}}, {"tid": 1, "generated": 0, "bbox": {"xmin": 0, "ymin": 215, "ymax": 416, "xmax": 158}}], [{"tid": 0, "generated": 0, "bbox": {"xmin": 629, "ymin": 156, "ymax": 401, "xmax": 974}}, {"tid": 1, "generated": 0, "bbox": {"xmin": 0, "ymin": 225, "ymax": 424, "xmax": 213}}], [{"tid": 0, "generated": 0, "bbox": {"xmin": 641, "ymin": 160, "ymax": 403, "xmax": 984}}, {"tid": 1, "generated": 0, "bbox": {"xmin": 0, "ymin": 236, "ymax": 428, "xmax": 261}}], [{"tid": 0, "generated": 0, "bbox": {"xmin": 650, "ymin": 156, "ymax": 403, "xmax": 992}}, {"tid": 1, "generated": 0, "bbox": {"xmin": 0, "ymin": 261, "ymax": 433, "xmax": 321}}], [{"tid": 0, "generated": 0, "bbox": {"xmin": 661, "ymin": 161, "ymax": 407, "xmax": 1004}}, {"tid": 1, "generated": 0, "bbox": {"xmin": 0, "ymin": 259, "ymax": 446, "xmax": 353}}], [{"tid": 0, "generated": 0, "bbox": {"xmin": 670, "ymin": 165, "ymax": 410, "xmax": 1006}}, {"tid": 1, "generated": 0, "bbox": {"xmin": 1, "ymin": 243, "ymax": 458, "xmax": 362}}], [{"tid": 0, "generated": 0, "bbox": {"xmin": 677, "ymin": 163, "ymax": 412, "xmax": 1018}}, {"tid": 1, "generated": 0, "bbox": {"xmin": 17, "ymin": 227, "ymax": 455, "xmax": 375}}], [{"tid": 0, "generated": 0, "bbox": {"xmin": 682, "ymin": 160, "ymax": 405, "xmax": 1029}}, {"tid": 1, "generated": 0, "bbox": {"xmin": 78, "ymin": 227, "ymax": 446, "xmax": 416}}], [{"tid": 0, "generated": 0, "bbox": {"xmin": 689, "ymin": 160, "ymax": 407, "xmax": 1027}}, {"tid": 1, "generated": 0, "bbox": {"xmin": 149, "ymin": 234, "ymax": 449, "xmax": 451}}], [{"tid": 0, "generated": 0, "bbox": {"xmin": 696, "ymin": 156, "ymax": 400, "xmax": 1043}}, {"tid": 1, "generated": 0, "bbox": {"xmin": 208, "ymin": 234, "ymax": 492, "xmax": 444}}], [{"tid": 0, "generated": 0, "bbox": {"xmin": 702, "ymin": 152, "ymax": 398, "xmax": 1052}}, {"tid": 1, "generated": 0, "bbox": {"xmin": 261, "ymin": 248, "ymax": 512, "xmax": 453}}], [{"tid": 0, "generated": 0, "bbox": {"xmin": 709, "ymin": 152, "ymax": 401, "xmax": 1064}}, {"tid": 1, "generated": 0, "bbox": {"xmin": 304, "ymin": 261, "ymax": 528, "xmax": 462}}], [{"tid": 0, "generated": 0, "bbox": {"xmin": 712, "ymin": 151, "ymax": 403, "xmax": 1070}}, {"tid": 1, "generated": 0, "bbox": {"xmin": 270, "ymin": 270, "ymax": 529, "xmax": 488}}], [{"tid": 0, "generated": 0, "bbox": {"xmin": 718, "ymin": 154, "ymax": 403, "xmax": 1075}}, {"tid": 1, "generated": 0, "bbox": {"xmin": 206, "ymin": 270, "ymax": 528, "xmax": 510}}], [{"tid": 0, "generated": 0, "bbox": {"xmin": 727, "ymin": 160, "ymax": 408, "xmax": 1086}}, {"tid": 1, "generated": 0, "bbox": {"xmin": 158, "ymin": 288, "ymax": 531, "xmax": 538}}], [{"tid": 0, "generated": 0, "bbox": {"xmin": 734, "ymin": 154, "ymax": 410, "xmax": 1096}}, {"tid": 1, "generated": 0, "bbox": {"xmin": 104, "ymin": 296, "ymax": 547, "xmax": 577}}], [{"tid": 0, "generated": 0, "bbox": {"xmin": 741, "ymin": 158, "ymax": 412, "xmax": 1098}}, {"tid": 1, "generated": 0, "bbox": {"xmin": 49, "ymin": 304, "ymax": 584, "xmax": 604}}], [{"tid": 0, "generated": 0, "bbox": {"xmin": 746, "ymin": 156, "ymax": 414, "xmax": 1114}}, {"tid": 1, "generated": 0, "bbox": {"xmin": 0, "ymin": 312, "ymax": 592, "xmax": 606}}], [{"tid": 0, "generated": 0, "bbox": {"xmin": 750, "ymin": 158, "ymax": 416, "xmax": 1125}}, {"tid": 1, "generated": 0, "bbox": {"xmin": 0, "ymin": 325, "ymax": 590, "xmax": 606}}], [{"tid": 0, "generated": 0, "bbox": {"xmin": 757, "ymin": 156, "ymax": 416, "xmax": 1141}}, {"tid": 1, "generated": 0, "bbox": {"xmin": 0, "ymin": 339, "ymax": 592, "xmax": 618}}], [{"tid": 0, "generated": 0, "bbox": {"xmin": 769, "ymin": 160, "ymax": 424, "xmax": 1146}}, {"tid": 1, "generated": 0, "bbox": {"xmin": 0, "ymin": 360, "ymax": 625, "xmax": 547}}], [{"tid": 0, "generated": 0, "bbox": {"xmin": 771, "ymin": 158, "ymax": 421, "xmax": 1150}}, {"tid": 1, "generated": 0, "bbox": {"xmin": 0, "ymin": 391, "ymax": 634, "xmax": 471}}]], "subject/objects": [{"category": "domestic_cat", "tid": 0}, {"category": "squirrel", "tid": 1}], "relation_instances": [{"end_fid": 30, "subject_tid": 0, "predicate": "sit_behind", "begin_fid": 0, "object_tid": 1}, {"end_fid": 30, "subject_tid": 1, "predicate": "sit_front", "begin_fid": 0, "object_tid": 0}, {"end_fid": 45, "subject_tid": 0, "predicate": "sit_behind", "begin_fid": 15, "object_tid": 1}, {"end_fid": 45, "subject_tid": 0, "predicate": "watch", "begin_fid": 15, "object_tid": 1}, {"end_fid": 45, "subject_tid": 1, "predicate": "front", "begin_fid": 15, "object_tid": 0}, {"end_fid": 60, "subject_tid": 0, "predicate": "sit_behind", "begin_fid": 30, "object_tid": 1}, {"end_fid": 60, "subject_tid": 0, "predicate": "watch", "begin_fid": 30, "object_tid": 1}, {"end_fid": 60, "subject_tid": 1, "predicate": "run_front", "begin_fid": 30, "object_tid": 0}, {"end_fid": 75, "subject_tid": 0, "predicate": "sit_behind", "begin_fid": 45, "object_tid": 1}, {"end_fid": 75, "subject_tid": 0, "predicate": "watch", "begin_fid": 45, "object_tid": 1}, {"end_fid": 75, "subject_tid": 1, "predicate": "run_front", "begin_fid": 45, "object_tid": 0}, {"end_fid": 90, "subject_tid": 0, "predicate": "sit_behind", "begin_fid": 60, "object_tid": 1}, {"end_fid": 90, "subject_tid": 0, "predicate": "watch", "begin_fid": 60, "object_tid": 1}, {"end_fid": 90, "subject_tid": 1, "predicate": "run_front", "begin_fid": 60, "object_tid": 0}, {"end_fid": 105, "subject_tid": 0, "predicate": "sit_behind", "begin_fid": 75, "object_tid": 1}, {"end_fid": 105, "subject_tid": 0, "predicate": "watch", "begin_fid": 75, "object_tid": 1}, {"end_fid": 105, "subject_tid": 1, "predicate": "run_front", "begin_fid": 75, "object_tid": 0}], "height": 720}