{"width": 1920, "frame_count": 173, "video_id": "ILSVRC2015_train_00040018", "fps": 25, "trajectories": [[{"tid": 2, "generated": 0, "bbox": {"xmin": 0, "ymin": 722, "ymax": 1074, "xmax": 1917}}, {"tid": 3, "generated": 0, "bbox": {"xmin": 1509, "ymin": 488, "ymax": 605, "xmax": 1567}}, {"tid": 4, "generated": 0, "bbox": {"xmin": 1398, "ymin": 474, "ymax": 687, "xmax": 1498}}], [{"tid": 2, "generated": 0, "bbox": {"xmin": 0, "ymin": 540, "ymax": 1074, "xmax": 1916}}, {"tid": 3, "generated": 0, "bbox": {"xmin": 1513, "ymin": 504, "ymax": 621, "xmax": 1571}}, {"tid": 4, "generated": 0, "bbox": {"xmin": 1411, "ymin": 491, "ymax": 699, "xmax": 1509}}], [{"tid": 2, "generated": 0, "bbox": {"xmin": 0, "ymin": 358, "ymax": 1074, "xmax": 1915}}, {"tid": 3, "generated": 0, "bbox": {"xmin": 1516, "ymin": 520, "ymax": 637, "xmax": 1574}}, {"tid": 4, "generated": 0, "bbox": {"xmin": 1423, "ymin": 508, "ymax": 712, "xmax": 1520}}], [{"tid": 2, "generated": 0, "bbox": {"xmin": 0, "ymin": 176, "ymax": 1074, "xmax": 1914}}, {"tid": 3, "generated": 0, "bbox": {"xmin": 1520, "ymin": 536, "ymax": 653, "xmax": 1578}}, {"tid": 4, "generated": 0, "bbox": {"xmin": 1436, "ymin": 525, "ymax": 724, "xmax": 1530}}], [{"tid": 2, "generated": 0, "bbox": {"xmin": 0, "ymin": 98, "ymax": 1074, "xmax": 1911}}, {"tid": 3, "generated": 0, "bbox": {"xmin": 1523, "ymin": 552, "ymax": 669, "xmax": 1581}}, {"tid": 4, "generated": 0, "bbox": {"xmin": 1448, "ymin": 542, "ymax": 737, "xmax": 1541}}], [{"tid": 2, "generated": 0, "bbox": {"xmin": 0, "ymin": 21, "ymax": 1074, "xmax": 1909}}, {"tid": 3, "generated": 0, "bbox": {"xmin": 1527, "ymin": 568, "ymax": 685, "xmax": 1585}}, {"tid": 4, "generated": 0, "bbox": {"xmin": 1461, "ymin": 559, "ymax": 749, "xmax": 1552}}], [{"tid": 2, "generated": 0, "bbox": {"xmin": 0, "ymin": 16, "ymax": 1074, "xmax": 1912}}, {"tid": 3, "generated": 0, "bbox": {"xmin": 1520, "ymin": 579, "ymax": 698, "xmax": 1579}}, {"tid": 4, "generated": 0, "bbox": {"xmin": 1465, "ymin": 571, "ymax": 750, "xmax": 1554}}], [{"tid": 2, "generated": 0, "bbox": {"xmin": 0, "ymin": 12, "ymax": 1074, "xmax": 1911}}, {"tid": 3, "generated": 0, "bbox": {"xmin": 1514, "ymin": 590, "ymax": 711, "xmax": 1573}}, {"tid": 4, "generated": 0, "bbox": {"xmin": 1469, "ymin": 584, "ymax": 751, "xmax": 1556}}], [{"tid": 2, "generated": 0, "bbox": {"xmin": 0, "ymin": 8, "ymax": 1074, "xmax": 1910}}, {"tid": 3, "generated": 0, "bbox": {"xmin": 1507, "ymin": 602, "ymax": 724, "xmax": 1566}}, {"tid": 4, "generated": 0, "bbox": {"xmin": 1472, "ymin": 596, "ymax": 752, "xmax": 1557}}], [{"tid": 2, "generated": 0, "bbox": {"xmin": 0, "ymin": 5, "ymax": 1074, "xmax": 1909}}, {"tid": 3, "generated": 0, "bbox": {"xmin": 1501, "ymin": 613, "ymax": 737, "xmax": 1560}}, {"tid": 4, "generated": 0, "bbox": {"xmin": 1476, "ymin": 609, "ymax": 753, "xmax": 1559}}], [{"tid": 2, "generated": 0, "bbox": {"xmin": 0, "ymin": 5, "ymax": 1072, "xmax": 1910}}, {"tid": 3, "generated": 0, "bbox": {"xmin": 1494, "ymin": 624, "ymax": 750, "xmax": 1554}}, {"tid": 4, "generated": 0, "bbox": {"xmin": 1480, "ymin": 621, "ymax": 754, "xmax": 1561}}], [{"tid": 2, "generated": 0, "bbox": {"xmin": 0, "ymin": 5, "ymax": 1071, "xmax": 1911}}, {"tid": 3, "generated": 0, "bbox": {"xmin": 1494, "ymin": 624, "ymax": 750, "xmax": 1554}}, {"tid": 4, "generated": 0, "bbox": {"xmin": 1483, "ymin": 644, "ymax": 777, "xmax": 1564}}], [{"tid": 2, "generated": 0, "bbox": {"xmin": 0, "ymin": 5, "ymax": 1070, "xmax": 1913}}, {"tid": 3, "generated": 0, "bbox": {"xmin": 1494, "ymin": 624, "ymax": 750, "xmax": 1554}}, {"tid": 4, "generated": 0, "bbox": {"xmin": 1485, "ymin": 668, "ymax": 801, "xmax": 1566}}], [{"tid": 2, "generated": 0, "bbox": {"xmin": 0, "ymin": 5, "ymax": 1068, "xmax": 1914}}, {"tid": 3, "generated": 0, "bbox": {"xmin": 1494, "ymin": 624, "ymax": 750, "xmax": 1554}}, {"tid": 4, "generated": 0, "bbox": {"xmin": 1488, "ymin": 691, "ymax": 824, "xmax": 1569}}], [{"tid": 2, "generated": 0, "bbox": {"xmin": 0, "ymin": 5, "ymax": 1067, "xmax": 1915}}, {"tid": 3, "generated": 0, "bbox": {"xmin": 1494, "ymin": 624, "ymax": 750, "xmax": 1554}}, {"tid": 4, "generated": 0, "bbox": {"xmin": 1490, "ymin": 715, "ymax": 848, "xmax": 1571}}], [{"tid": 2, "generated": 0, "bbox": {"xmin": 0, "ymin": 5, "ymax": 1066, "xmax": 1917}}, {"tid": 3, "generated": 0, "bbox": {"xmin": 1494, "ymin": 624, "ymax": 750, "xmax": 1554}}, {"tid": 4, "generated": 0, "bbox": {"xmin": 1493, "ymin": 738, "ymax": 871, "xmax": 1574}}], [{"tid": 2, "generated": 0, "bbox": {"xmin": 0, "ymin": 5, "ymax": 1069, "xmax": 1890}}, {"tid": 3, "generated": 0, "bbox": {"xmin": 1494, "ymin": 624, "ymax": 750, "xmax": 1554}}, {"tid": 4, "generated": 0, "bbox": {"xmin": 1493, "ymin": 738, "ymax": 871, "xmax": 1574}}], [{"tid": 2, "generated": 0, "bbox": {"xmin": 0, "ymin": 5, "ymax": 1069, "xmax": 1893}}, {"tid": 3, "generated": 0, "bbox": {"xmin": 1494, "ymin": 624, "ymax": 750, "xmax": 1554}}, {"tid": 4, "generated": 0, "bbox": {"xmin": 1493, "ymin": 738, "ymax": 871, "xmax": 1574}}], [{"tid": 2, "generated": 0, "bbox": {"xmin": 0, "ymin": 5, "ymax": 1073, "xmax": 1775}}, {"tid": 3, "generated": 0, "bbox": {"xmin": 1494, "ymin": 624, "ymax": 750, "xmax": 1554}}, {"tid": 4, "generated": 0, "bbox": {"xmin": 1493, "ymin": 738, "ymax": 871, "xmax": 1574}}], [{"tid": 2, "generated": 0, "bbox": {"xmin": 0, "ymin": 5, "ymax": 1077, "xmax": 1658}}, {"tid": 3, "generated": 0, "bbox": {"xmin": 1494, "ymin": 624, "ymax": 750, "xmax": 1554}}, {"tid": 4, "generated": 0, "bbox": {"xmin": 1493, "ymin": 738, "ymax": 871, "xmax": 1574}}], [{"tid": 2, "generated": 0, "bbox": {"xmin": 0, "ymin": 5, "ymax": 1075, "xmax": 1563}}, {"tid": 3, "generated": 0, "bbox": {"xmin": 1494, "ymin": 624, "ymax": 750, "xmax": 1554}}, {"tid": 4, "generated": 0, "bbox": {"xmin": 1493, "ymin": 738, "ymax": 871, "xmax": 1574}}], [{"tid": 2, "generated": 0, "bbox": {"xmin": 0, "ymin": 5, "ymax": 1074, "xmax": 1469}}, {"tid": 3, "generated": 0, "bbox": {"xmin": 1425, "ymin": 606, "ymax": 732, "xmax": 1485}}, {"tid": 4, "generated": 0, "bbox": {"xmin": 1446, "ymin": 726, "ymax": 870, "xmax": 1530}}], [{"tid": 2, "generated": 0, "bbox": {"xmin": 0, "ymin": 5, "ymax": 1072, "xmax": 1368}}, {"tid": 3, "generated": 0, "bbox": {"xmin": 1356, "ymin": 588, "ymax": 714, "xmax": 1416}}, {"tid": 4, "generated": 0, "bbox": {"xmin": 1398, "ymin": 714, "ymax": 869, "xmax": 1486}}], [{"tid": 2, "generated": 0, "bbox": {"xmin": 0, "ymin": 5, "ymax": 1069, "xmax": 1360}}, {"tid": 3, "generated": 0, "bbox": {"xmin": 1287, "ymin": 570, "ymax": 696, "xmax": 1347}}, {"tid": 4, "generated": 0, "bbox": {"xmin": 1351, "ymin": 702, "ymax": 868, "xmax": 1441}}], [{"tid": 2, "generated": 0, "bbox": {"xmin": 0, "ymin": 5, "ymax": 1066, "xmax": 1266}}, {"tid": 3, "generated": 0, "bbox": {"xmin": 1218, "ymin": 552, "ymax": 678, "xmax": 1278}}, {"tid": 4, "generated": 0, "bbox": {"xmin": 1303, "ymin": 690, "ymax": 867, "xmax": 1397}}], [{"tid": 2, "generated": 0, "bbox": {"xmin": 0, "ymin": 5, "ymax": 1077, "xmax": 1170}}, {"tid": 3, "generated": 0, "bbox": {"xmin": 1149, "ymin": 534, "ymax": 660, "xmax": 1209}}, {"tid": 4, "generated": 0, "bbox": {"xmin": 1256, "ymin": 678, "ymax": 866, "xmax": 1353}}], [{"tid": 2, "generated": 0, "bbox": {"xmin": 0, "ymin": 5, "ymax": 1075, "xmax": 1082}}, {"tid": 3, "generated": 0, "bbox": {"xmin": 1114, "ymin": 538, "ymax": 664, "xmax": 1174}}, {"tid": 4, "generated": 0, "bbox": {"xmin": 1231, "ymin": 685, "ymax": 875, "xmax": 1328}}], [{"tid": 2, "generated": 0, "bbox": {"xmin": 0, "ymin": 5, "ymax": 1074, "xmax": 994}}, {"tid": 3, "generated": 0, "bbox": {"xmin": 1079, "ymin": 542, "ymax": 668, "xmax": 1139}}, {"tid": 4, "generated": 0, "bbox": {"xmin": 1206, "ymin": 692, "ymax": 884, "xmax": 1303}}], [{"tid": 2, "generated": 0, "bbox": {"xmin": 0, "ymin": 5, "ymax": 1072, "xmax": 930}}, {"tid": 3, "generated": 0, "bbox": {"xmin": 1043, "ymin": 545, "ymax": 671, "xmax": 1103}}, {"tid": 4, "generated": 0, "bbox": {"xmin": 1181, "ymin": 698, "ymax": 893, "xmax": 1278}}], [{"tid": 2, "generated": 0, "bbox": {"xmin": 0, "ymin": 5, "ymax": 1071, "xmax": 869}}, {"tid": 3, "generated": 0, "bbox": {"xmin": 1008, "ymin": 549, "ymax": 675, "xmax": 1068}}, {"tid": 4, "generated": 0, "bbox": {"xmin": 1156, "ymin": 705, "ymax": 902, "xmax": 1253}}], [{"tid": 1, "generated": 0, "bbox": {"xmin": 1157, "ymin": 788, "ymax": 926, "xmax": 1232}}, {"tid": 2, "generated": 0, "bbox": {"xmin": 0, "ymin": 5, "ymax": 1070, "xmax": 809}}, {"tid": 3, "generated": 0, "bbox": {"xmin": 973, "ymin": 553, "ymax": 679, "xmax": 1033}}, {"tid": 4, "generated": 0, "bbox": {"xmin": 1131, "ymin": 712, "ymax": 911, "xmax": 1228}}], [{"tid": 1, "generated": 0, "bbox": {"xmin": 1152, "ymin": 778, "ymax": 914, "xmax": 1224}}, {"tid": 2, "generated": 0, "bbox": {"xmin": 0, "ymin": 5, "ymax": 1069, "xmax": 749}}, {"tid": 3, "generated": 0, "bbox": {"xmin": 948, "ymin": 512, "ymax": 638, "xmax": 1008}}, {"tid": 4, "generated": 0, "bbox": {"xmin": 1114, "ymin": 680, "ymax": 879, "xmax": 1211}}], [{"tid": 1, "generated": 0, "bbox": {"xmin": 1128, "ymin": 693, "ymax": 824, "xmax": 1213}}, {"tid": 2, "generated": 0, "bbox": {"xmin": 0, "ymin": 5, "ymax": 1066, "xmax": 650}}, {"tid": 3, "generated": 0, "bbox": {"xmin": 923, "ymin": 470, "ymax": 596, "xmax": 983}}, {"tid": 4, "generated": 0, "bbox": {"xmin": 1097, "ymin": 647, "ymax": 846, "xmax": 1194}}], [{"tid": 1, "generated": 0, "bbox": {"xmin": 1088, "ymin": 640, "ymax": 768, "xmax": 1178}}, {"tid": 2, "generated": 0, "bbox": {"xmin": 0, "ymin": 490, "ymax": 1077, "xmax": 562}}, {"tid": 3, "generated": 0, "bbox": {"xmin": 899, "ymin": 429, "ymax": 555, "xmax": 959}}, {"tid": 4, "generated": 0, "bbox": {"xmin": 1081, "ymin": 615, "ymax": 814, "xmax": 1178}}], [{"tid": 1, "generated": 0, "bbox": {"xmin": 1058, "ymin": 616, "ymax": 736, "xmax": 1157}}, {"tid": 2, "generated": 0, "bbox": {"xmin": 0, "ymin": 501, "ymax": 1077, "xmax": 480}}, {"tid": 3, "generated": 0, "bbox": {"xmin": 874, "ymin": 387, "ymax": 513, "xmax": 934}}, {"tid": 4, "generated": 0, "bbox": {"xmin": 1064, "ymin": 582, "ymax": 781, "xmax": 1161}}], [{"tid": 1, "generated": 0, "bbox": {"xmin": 1056, "ymin": 616, "ymax": 741, "xmax": 1157}}, {"tid": 2, "generated": 0, "bbox": {"xmin": 0, "ymin": 501, "ymax": 1077, "xmax": 474}}, {"tid": 3, "generated": 0, "bbox": {"xmin": 849, "ymin": 346, "ymax": 472, "xmax": 909}}, {"tid": 4, "generated": 0, "bbox": {"xmin": 1047, "ymin": 550, "ymax": 749, "xmax": 1144}}], [{"tid": 1, "generated": 0, "bbox": {"xmin": 1010, "ymin": 618, "ymax": 749, "xmax": 1114}}, {"tid": 2, "generated": 0, "bbox": {"xmin": 0, "ymin": 541, "ymax": 930, "xmax": 384}}, {"tid": 3, "generated": 0, "bbox": {"xmin": 794, "ymin": 348, "ymax": 470, "xmax": 853}}, {"tid": 4, "generated": 0, "bbox": {"xmin": 1005, "ymin": 553, "ymax": 752, "xmax": 1102}}], [{"tid": 1, "generated": 0, "bbox": {"xmin": 962, "ymin": 656, "ymax": 765, "xmax": 1072}}, {"tid": 2, "generated": 0, "bbox": {"xmin": 0, "ymin": 653, "ymax": 1042, "xmax": 309}}, {"tid": 3, "generated": 0, "bbox": {"xmin": 739, "ymin": 351, "ymax": 468, "xmax": 798}}, {"tid": 4, "generated": 0, "bbox": {"xmin": 963, "ymin": 556, "ymax": 755, "xmax": 1060}}], [{"tid": 1, "generated": 0, "bbox": {"xmin": 912, "ymin": 653, "ymax": 768, "xmax": 1016}}, {"tid": 2, "generated": 0, "bbox": {"xmin": 0, "ymin": 738, "ymax": 1077, "xmax": 194}}, {"tid": 3, "generated": 0, "bbox": {"xmin": 685, "ymin": 353, "ymax": 465, "xmax": 742}}, {"tid": 4, "generated": 0, "bbox": {"xmin": 921, "ymin": 559, "ymax": 758, "xmax": 1018}}], [{"tid": 1, "generated": 0, "bbox": {"xmin": 877, "ymin": 658, "ymax": 773, "xmax": 968}}, {"tid": 2, "generated": 0, "bbox": {"xmin": 0, "ymin": 816, "ymax": 1077, "xmax": 88}}, {"tid": 3, "generated": 0, "bbox": {"xmin": 630, "ymin": 356, "ymax": 463, "xmax": 687}}, {"tid": 4, "generated": 0, "bbox": {"xmin": 879, "ymin": 562, "ymax": 761, "xmax": 976}}], [{"tid": 1, "generated": 0, "bbox": {"xmin": 837, "ymin": 632, "ymax": 754, "xmax": 922}}, {"tid": 2, "generated": 0, "bbox": {"xmin": 0, "ymin": 768, "ymax": 1029, "xmax": 40}}, {"tid": 3, "generated": 0, "bbox": {"xmin": 575, "ymin": 358, "ymax": 461, "xmax": 631}}, {"tid": 4, "generated": 0, "bbox": {"xmin": 837, "ymin": 565, "ymax": 764, "xmax": 934}}], [{"tid": 1, "generated": 0, "bbox": {"xmin": 826, "ymin": 613, "ymax": 730, "xmax": 914}}, {"tid": 2, "generated": 0, "bbox": {"xmin": 0, "ymin": 704, "ymax": 941, "xmax": 29}}, {"tid": 3, "generated": 0, "bbox": {"xmin": 556, "ymin": 334, "ymax": 437, "xmax": 612}}, {"tid": 4, "generated": 0, "bbox": {"xmin": 814, "ymin": 550, "ymax": 749, "xmax": 911}}], [{"tid": 1, "generated": 0, "bbox": {"xmin": 816, "ymin": 594, "ymax": 706, "xmax": 906}}, {"tid": 2, "generated": 0, "bbox": {"xmin": 0, "ymin": 640, "ymax": 853, "xmax": 18}}, {"tid": 3, "generated": 0, "bbox": {"xmin": 538, "ymin": 310, "ymax": 413, "xmax": 594}}, {"tid": 4, "generated": 0, "bbox": {"xmin": 790, "ymin": 534, "ymax": 733, "xmax": 887}}], [{"tid": 1, "generated": 0, "bbox": {"xmin": 802, "ymin": 560, "ymax": 661, "xmax": 880}}, {"tid": 2, "generated": 0, "bbox": {"xmin": 0, "ymin": 437, "ymax": 648, "xmax": 37}}, {"tid": 3, "generated": 0, "bbox": {"xmin": 519, "ymin": 287, "ymax": 390, "xmax": 575}}, {"tid": 4, "generated": 0, "bbox": {"xmin": 767, "ymin": 519, "ymax": 718, "xmax": 864}}], [{"tid": 1, "generated": 0, "bbox": {"xmin": 768, "ymin": 536, "ymax": 645, "xmax": 856}}, {"tid": 2, "generated": 0, "bbox": {"xmin": 0, "ymin": 192, "ymax": 477, "xmax": 69}}, {"tid": 3, "generated": 0, "bbox": {"xmin": 501, "ymin": 263, "ymax": 366, "xmax": 557}}, {"tid": 4, "generated": 0, "bbox": {"xmin": 743, "ymin": 503, "ymax": 702, "xmax": 840}}], [{"tid": 1, "generated": 0, "bbox": {"xmin": 706, "ymin": 554, "ymax": 656, "xmax": 786}}, {"tid": 2, "generated": 0, "bbox": {"xmin": 0, "ymin": 8, "ymax": 1074, "xmax": 434}}, {"tid": 3, "generated": 0, "bbox": {"xmin": 482, "ymin": 239, "ymax": 342, "xmax": 538}}, {"tid": 4, "generated": 0, "bbox": {"xmin": 720, "ymin": 488, "ymax": 687, "xmax": 817}}], [{"tid": 1, "generated": 0, "bbox": {"xmin": 624, "ymin": 632, "ymax": 749, "xmax": 730}}, {"tid": 2, "generated": 0, "bbox": {"xmin": 5, "ymin": 0, "ymax": 1077, "xmax": 589}}, {"tid": 3, "generated": 0, "bbox": {"xmin": 481, "ymin": 239, "ymax": 342, "xmax": 537}}, {"tid": 4, "generated": 0, "bbox": {"xmin": 768, "ymin": 534, "ymax": 733, "xmax": 865}}], [{"tid": 1, "generated": 0, "bbox": {"xmin": 613, "ymin": 645, "ymax": 765, "xmax": 717}}, {"tid": 2, "generated": 0, "bbox": {"xmin": 5, "ymin": 0, "ymax": 1075, "xmax": 577}}, {"tid": 3, "generated": 0, "bbox": {"xmin": 479, "ymin": 238, "ymax": 341, "xmax": 535}}, {"tid": 4, "generated": 0, "bbox": {"xmin": 817, "ymin": 579, "ymax": 778, "xmax": 914}}], [{"tid": 1, "generated": 0, "bbox": {"xmin": 600, "ymin": 728, "ymax": 848, "xmax": 704}}, {"tid": 2, "generated": 0, "bbox": {"xmin": 5, "ymin": 0, "ymax": 1074, "xmax": 565}}, {"tid": 3, "generated": 0, "bbox": {"xmin": 478, "ymin": 238, "ymax": 341, "xmax": 534}}, {"tid": 4, "generated": 0, "bbox": {"xmin": 865, "ymin": 625, "ymax": 824, "xmax": 962}}], [{"tid": 1, "generated": 0, "bbox": {"xmin": 704, "ymin": 760, "ymax": 850, "xmax": 810}}, {"tid": 2, "generated": 0, "bbox": {"xmin": 5, "ymin": 0, "ymax": 1072, "xmax": 682}}, {"tid": 3, "generated": 0, "bbox": {"xmin": 476, "ymin": 237, "ymax": 340, "xmax": 532}}, {"tid": 4, "generated": 0, "bbox": {"xmin": 914, "ymin": 670, "ymax": 869, "xmax": 1011}}], [{"tid": 1, "generated": 0, "bbox": {"xmin": 925, "ymin": 805, "ymax": 896, "xmax": 1072}}, {"tid": 2, "generated": 0, "bbox": {"xmin": 5, "ymin": 0, "ymax": 1069, "xmax": 840}}, {"tid": 3, "generated": 0, "bbox": {"xmin": 475, "ymin": 237, "ymax": 340, "xmax": 531}}, {"tid": 4, "generated": 0, "bbox": {"xmin": 962, "ymin": 716, "ymax": 915, "xmax": 1059}}], [{"tid": 1, "generated": 0, "bbox": {"xmin": 1165, "ymin": 802, "ymax": 906, "xmax": 1320}}, {"tid": 2, "generated": 0, "bbox": {"xmin": 5, "ymin": 10, "ymax": 1072, "xmax": 1098}}, {"tid": 3, "generated": 0, "bbox": {"xmin": 551, "ymin": 249, "ymax": 352, "xmax": 607}}, {"tid": 4, "generated": 0, "bbox": {"xmin": 1013, "ymin": 673, "ymax": 872, "xmax": 1110}}], [{"tid": 1, "generated": 0, "bbox": {"xmin": 1325, "ymin": 709, "ymax": 850, "xmax": 1464}}, {"tid": 2, "generated": 0, "bbox": {"xmin": 10, "ymin": 24, "ymax": 1077, "xmax": 1429}}, {"tid": 3, "generated": 0, "bbox": {"xmin": 626, "ymin": 261, "ymax": 364, "xmax": 682}}, {"tid": 4, "generated": 0, "bbox": {"xmin": 1064, "ymin": 631, "ymax": 830, "xmax": 1161}}], [{"tid": 1, "generated": 0, "bbox": {"xmin": 1328, "ymin": 701, "ymax": 842, "xmax": 1469}}, {"tid": 2, "generated": 0, "bbox": {"xmin": 10, "ymin": 24, "ymax": 1075, "xmax": 1515}}, {"tid": 3, "generated": 0, "bbox": {"xmin": 702, "ymin": 274, "ymax": 377, "xmax": 758}}, {"tid": 4, "generated": 0, "bbox": {"xmin": 1114, "ymin": 588, "ymax": 787, "xmax": 1211}}], [{"tid": 1, "generated": 0, "bbox": {"xmin": 1349, "ymin": 632, "ymax": 768, "xmax": 1472}}, {"tid": 2, "generated": 0, "bbox": {"xmin": 10, "ymin": 24, "ymax": 1074, "xmax": 1602}}, {"tid": 3, "generated": 0, "bbox": {"xmin": 777, "ymin": 286, "ymax": 389, "xmax": 833}}, {"tid": 4, "generated": 0, "bbox": {"xmin": 1165, "ymin": 546, "ymax": 745, "xmax": 1262}}], [{"tid": 1, "generated": 0, "bbox": {"xmin": 1296, "ymin": 584, "ymax": 717, "xmax": 1421}}, {"tid": 2, "generated": 0, "bbox": {"xmin": 10, "ymin": 0, "ymax": 1074, "xmax": 1600}}, {"tid": 3, "generated": 0, "bbox": {"xmin": 853, "ymin": 298, "ymax": 401, "xmax": 909}}, {"tid": 4, "generated": 0, "bbox": {"xmin": 1216, "ymin": 503, "ymax": 702, "xmax": 1313}}], [{"tid": 1, "generated": 0, "bbox": {"xmin": 1192, "ymin": 576, "ymax": 717, "xmax": 1317}}, {"tid": 2, "generated": 0, "bbox": {"xmin": 10, "ymin": 0, "ymax": 1072, "xmax": 1544}}, {"tid": 3, "generated": 0, "bbox": {"xmin": 789, "ymin": 318, "ymax": 421, "xmax": 845}}, {"tid": 4, "generated": 0, "bbox": {"xmin": 1157, "ymin": 518, "ymax": 716, "xmax": 1256}}], [{"tid": 1, "generated": 0, "bbox": {"xmin": 1085, "ymin": 592, "ymax": 709, "xmax": 1205}}, {"tid": 2, "generated": 0, "bbox": {"xmin": 10, "ymin": 0, "ymax": 1069, "xmax": 1186}}, {"tid": 3, "generated": 0, "bbox": {"xmin": 725, "ymin": 337, "ymax": 440, "xmax": 781}}, {"tid": 4, "generated": 0, "bbox": {"xmin": 1097, "ymin": 533, "ymax": 731, "xmax": 1200}}], [{"tid": 1, "generated": 0, "bbox": {"xmin": 968, "ymin": 608, "ymax": 733, "xmax": 1101}}, {"tid": 2, "generated": 0, "bbox": {"xmin": 10, "ymin": 0, "ymax": 1066, "xmax": 792}}, {"tid": 3, "generated": 0, "bbox": {"xmin": 661, "ymin": 357, "ymax": 460, "xmax": 717}}, {"tid": 4, "generated": 0, "bbox": {"xmin": 1038, "ymin": 549, "ymax": 745, "xmax": 1143}}], [{"tid": 1, "generated": 0, "bbox": {"xmin": 973, "ymin": 621, "ymax": 746, "xmax": 1101}}, {"tid": 2, "generated": 0, "bbox": {"xmin": 10, "ymin": 0, "ymax": 1065, "xmax": 622}}, {"tid": 3, "generated": 0, "bbox": {"xmin": 597, "ymin": 376, "ymax": 479, "xmax": 653}}, {"tid": 4, "generated": 0, "bbox": {"xmin": 978, "ymin": 564, "ymax": 760, "xmax": 1087}}], [{"tid": 1, "generated": 0, "bbox": {"xmin": 893, "ymin": 661, "ymax": 797, "xmax": 1024}}, {"tid": 3, "generated": 0, "bbox": {"xmin": 533, "ymin": 396, "ymax": 499, "xmax": 589}}, {"tid": 4, "generated": 0, "bbox": {"xmin": 919, "ymin": 579, "ymax": 774, "xmax": 1030}}], [{"tid": 1, "generated": 0, "bbox": {"xmin": 869, "ymin": 757, "ymax": 898, "xmax": 986}}, {"tid": 3, "generated": 0, "bbox": {"xmin": 549, "ymin": 444, "ymax": 547, "xmax": 605}}, {"tid": 4, "generated": 0, "bbox": {"xmin": 950, "ymin": 611, "ymax": 806, "xmax": 1061}}], [{"tid": 1, "generated": 0, "bbox": {"xmin": 877, "ymin": 824, "ymax": 954, "xmax": 997}}, {"tid": 3, "generated": 0, "bbox": {"xmin": 564, "ymin": 491, "ymax": 594, "xmax": 620}}, {"tid": 4, "generated": 0, "bbox": {"xmin": 981, "ymin": 642, "ymax": 837, "xmax": 1092}}], [{"tid": 1, "generated": 0, "bbox": {"xmin": 946, "ymin": 850, "ymax": 962, "xmax": 1064}}, {"tid": 3, "generated": 0, "bbox": {"xmin": 580, "ymin": 539, "ymax": 642, "xmax": 636}}, {"tid": 4, "generated": 0, "bbox": {"xmin": 1011, "ymin": 674, "ymax": 869, "xmax": 1122}}], [{"tid": 1, "generated": 0, "bbox": {"xmin": 1061, "ymin": 821, "ymax": 933, "xmax": 1178}}, {"tid": 3, "generated": 0, "bbox": {"xmin": 595, "ymin": 586, "ymax": 689, "xmax": 651}}, {"tid": 4, "generated": 0, "bbox": {"xmin": 1042, "ymin": 705, "ymax": 900, "xmax": 1153}}], [{"tid": 1, "generated": 0, "bbox": {"xmin": 1058, "ymin": 821, "ymax": 928, "xmax": 1186}}, {"tid": 3, "generated": 0, "bbox": {"xmin": 611, "ymin": 634, "ymax": 737, "xmax": 667}}, {"tid": 4, "generated": 0, "bbox": {"xmin": 1073, "ymin": 737, "ymax": 932, "xmax": 1184}}], [{"tid": 1, "generated": 0, "bbox": {"xmin": 1173, "ymin": 706, "ymax": 816, "xmax": 1285}}, {"tid": 3, "generated": 0, "bbox": {"xmin": 651, "ymin": 547, "ymax": 650, "xmax": 707}}, {"tid": 4, "generated": 0, "bbox": {"xmin": 1124, "ymin": 638, "ymax": 833, "xmax": 1235}}], [{"tid": 1, "generated": 0, "bbox": {"xmin": 1256, "ymin": 549, "ymax": 664, "xmax": 1373}}, {"tid": 3, "generated": 0, "bbox": {"xmin": 691, "ymin": 461, "ymax": 564, "xmax": 747}}, {"tid": 4, "generated": 0, "bbox": {"xmin": 1175, "ymin": 539, "ymax": 734, "xmax": 1286}}], [{"tid": 1, "generated": 0, "bbox": {"xmin": 1296, "ymin": 418, "ymax": 522, "xmax": 1416}}, {"tid": 3, "generated": 0, "bbox": {"xmin": 732, "ymin": 374, "ymax": 477, "xmax": 788}}, {"tid": 4, "generated": 0, "bbox": {"xmin": 1226, "ymin": 440, "ymax": 635, "xmax": 1337}}], [{"tid": 1, "generated": 0, "bbox": {"xmin": 1312, "ymin": 341, "ymax": 453, "xmax": 1434}}, {"tid": 3, "generated": 0, "bbox": {"xmin": 772, "ymin": 288, "ymax": 391, "xmax": 828}}, {"tid": 4, "generated": 0, "bbox": {"xmin": 1277, "ymin": 341, "ymax": 536, "xmax": 1388}}], [{"tid": 1, "generated": 0, "bbox": {"xmin": 1328, "ymin": 338, "ymax": 450, "xmax": 1461}}, {"tid": 3, "generated": 0, "bbox": {"xmin": 812, "ymin": 201, "ymax": 304, "xmax": 868}}, {"tid": 4, "generated": 0, "bbox": {"xmin": 1328, "ymin": 242, "ymax": 437, "xmax": 1439}}], [{"tid": 1, "generated": 0, "bbox": {"xmin": 1337, "ymin": 350, "ymax": 471, "xmax": 1469}}, {"tid": 3, "generated": 0, "bbox": {"xmin": 827, "ymin": 218, "ymax": 321, "xmax": 883}}, {"tid": 4, "generated": 0, "bbox": {"xmin": 1347, "ymin": 273, "ymax": 468, "xmax": 1458}}], [{"tid": 1, "generated": 0, "bbox": {"xmin": 1346, "ymin": 362, "ymax": 493, "xmax": 1477}}, {"tid": 3, "generated": 0, "bbox": {"xmin": 842, "ymin": 236, "ymax": 339, "xmax": 898}}, {"tid": 4, "generated": 0, "bbox": {"xmin": 1366, "ymin": 304, "ymax": 499, "xmax": 1477}}], [{"tid": 1, "generated": 0, "bbox": {"xmin": 1370, "ymin": 426, "ymax": 560, "xmax": 1498}}, {"tid": 3, "generated": 0, "bbox": {"xmin": 857, "ymin": 253, "ymax": 356, "xmax": 913}}, {"tid": 4, "generated": 0, "bbox": {"xmin": 1386, "ymin": 336, "ymax": 531, "xmax": 1497}}], [{"tid": 1, "generated": 0, "bbox": {"xmin": 1389, "ymin": 469, "ymax": 589, "xmax": 1509}}, {"tid": 3, "generated": 0, "bbox": {"xmin": 872, "ymin": 271, "ymax": 374, "xmax": 928}}, {"tid": 4, "generated": 0, "bbox": {"xmin": 1405, "ymin": 367, "ymax": 562, "xmax": 1516}}], [{"tid": 0, "generated": 0, "bbox": {"xmin": 893, "ymin": 333, "ymax": 389, "xmax": 936}}, {"tid": 1, "generated": 0, "bbox": {"xmin": 1418, "ymin": 485, "ymax": 597, "xmax": 1554}}, {"tid": 3, "generated": 0, "bbox": {"xmin": 887, "ymin": 288, "ymax": 391, "xmax": 943}}, {"tid": 4, "generated": 0, "bbox": {"xmin": 1424, "ymin": 398, "ymax": 593, "xmax": 1535}}], [{"tid": 0, "generated": 0, "bbox": {"xmin": 928, "ymin": 357, "ymax": 405, "xmax": 970}}, {"tid": 1, "generated": 0, "bbox": {"xmin": 1464, "ymin": 506, "ymax": 618, "xmax": 1602}}, {"tid": 3, "generated": 0, "bbox": {"xmin": 905, "ymin": 296, "ymax": 399, "xmax": 961}}, {"tid": 4, "generated": 0, "bbox": {"xmin": 1450, "ymin": 401, "ymax": 596, "xmax": 1561}}], [{"tid": 0, "generated": 0, "bbox": {"xmin": 930, "ymin": 349, "ymax": 402, "xmax": 973}}, {"tid": 1, "generated": 0, "bbox": {"xmin": 1472, "ymin": 506, "ymax": 626, "xmax": 1608}}, {"tid": 3, "generated": 0, "bbox": {"xmin": 923, "ymin": 305, "ymax": 408, "xmax": 979}}, {"tid": 4, "generated": 0, "bbox": {"xmin": 1477, "ymin": 404, "ymax": 599, "xmax": 1588}}], [{"tid": 0, "generated": 0, "bbox": {"xmin": 960, "ymin": 362, "ymax": 421, "xmax": 1002}}, {"tid": 1, "generated": 0, "bbox": {"xmin": 1514, "ymin": 506, "ymax": 634, "xmax": 1648}}, {"tid": 3, "generated": 0, "bbox": {"xmin": 941, "ymin": 313, "ymax": 416, "xmax": 997}}, {"tid": 4, "generated": 0, "bbox": {"xmin": 1503, "ymin": 408, "ymax": 603, "xmax": 1614}}], [{"tid": 0, "generated": 0, "bbox": {"xmin": 978, "ymin": 368, "ymax": 432, "xmax": 1018}}, {"tid": 1, "generated": 0, "bbox": {"xmin": 1536, "ymin": 509, "ymax": 648, "xmax": 1669}}, {"tid": 3, "generated": 0, "bbox": {"xmin": 959, "ymin": 322, "ymax": 425, "xmax": 1015}}, {"tid": 4, "generated": 0, "bbox": {"xmin": 1530, "ymin": 411, "ymax": 606, "xmax": 1641}}], [{"tid": 0, "generated": 0, "bbox": {"xmin": 986, "ymin": 365, "ymax": 426, "xmax": 1026}}, {"tid": 1, "generated": 0, "bbox": {"xmin": 1557, "ymin": 501, "ymax": 640, "xmax": 1688}}, {"tid": 3, "generated": 0, "bbox": {"xmin": 977, "ymin": 330, "ymax": 433, "xmax": 1033}}, {"tid": 4, "generated": 0, "bbox": {"xmin": 1556, "ymin": 414, "ymax": 609, "xmax": 1667}}], [{"tid": 0, "generated": 0, "bbox": {"xmin": 983, "ymin": 372, "ymax": 430, "xmax": 1023}}, {"tid": 1, "generated": 0, "bbox": {"xmin": 1558, "ymin": 506, "ymax": 643, "xmax": 1690}}, {"tid": 3, "generated": 0, "bbox": {"xmin": 966, "ymin": 339, "ymax": 442, "xmax": 1022}}, {"tid": 4, "generated": 0, "bbox": {"xmin": 1552, "ymin": 424, "ymax": 619, "xmax": 1663}}], [{"tid": 0, "generated": 0, "bbox": {"xmin": 980, "ymin": 379, "ymax": 435, "xmax": 1020}}, {"tid": 1, "generated": 0, "bbox": {"xmin": 1560, "ymin": 511, "ymax": 646, "xmax": 1693}}, {"tid": 3, "generated": 0, "bbox": {"xmin": 955, "ymin": 349, "ymax": 452, "xmax": 1011}}, {"tid": 4, "generated": 0, "bbox": {"xmin": 1549, "ymin": 434, "ymax": 629, "xmax": 1660}}], [{"tid": 0, "generated": 0, "bbox": {"xmin": 978, "ymin": 386, "ymax": 440, "xmax": 1018}}, {"tid": 1, "generated": 0, "bbox": {"xmin": 1562, "ymin": 517, "ymax": 650, "xmax": 1696}}, {"tid": 3, "generated": 0, "bbox": {"xmin": 945, "ymin": 358, "ymax": 461, "xmax": 1001}}, {"tid": 4, "generated": 0, "bbox": {"xmin": 1545, "ymin": 444, "ymax": 639, "xmax": 1656}}], [{"tid": 0, "generated": 0, "bbox": {"xmin": 954, "ymin": 398, "ymax": 454, "xmax": 994}}, {"tid": 1, "generated": 0, "bbox": {"xmin": 1549, "ymin": 535, "ymax": 663, "xmax": 1682}}, {"tid": 3, "generated": 0, "bbox": {"xmin": 934, "ymin": 368, "ymax": 471, "xmax": 990}}, {"tid": 4, "generated": 0, "bbox": {"xmin": 1542, "ymin": 454, "ymax": 649, "xmax": 1653}}], [{"tid": 0, "generated": 0, "bbox": {"xmin": 930, "ymin": 410, "ymax": 469, "xmax": 970}}, {"tid": 1, "generated": 0, "bbox": {"xmin": 1536, "ymin": 554, "ymax": 677, "xmax": 1669}}, {"tid": 3, "generated": 0, "bbox": {"xmin": 923, "ymin": 377, "ymax": 480, "xmax": 979}}, {"tid": 4, "generated": 0, "bbox": {"xmin": 1538, "ymin": 464, "ymax": 659, "xmax": 1649}}], [{"tid": 0, "generated": 0, "bbox": {"xmin": 925, "ymin": 402, "ymax": 464, "xmax": 965}}, {"tid": 1, "generated": 0, "bbox": {"xmin": 1538, "ymin": 541, "ymax": 661, "xmax": 1664}}, {"tid": 3, "generated": 0, "bbox": {"xmin": 921, "ymin": 365, "ymax": 466, "xmax": 978}}, {"tid": 4, "generated": 0, "bbox": {"xmin": 1545, "ymin": 446, "ymax": 641, "xmax": 1656}}], [{"tid": 0, "generated": 0, "bbox": {"xmin": 917, "ymin": 384, "ymax": 442, "xmax": 957}}, {"tid": 1, "generated": 0, "bbox": {"xmin": 1538, "ymin": 517, "ymax": 640, "xmax": 1666}}, {"tid": 3, "generated": 0, "bbox": {"xmin": 919, "ymin": 353, "ymax": 452, "xmax": 977}}, {"tid": 4, "generated": 0, "bbox": {"xmin": 1551, "ymin": 428, "ymax": 623, "xmax": 1662}}], [{"tid": 0, "generated": 0, "bbox": {"xmin": 918, "ymin": 376, "ymax": 434, "xmax": 955}}, {"tid": 1, "generated": 0, "bbox": {"xmin": 1543, "ymin": 503, "ymax": 629, "xmax": 1671}}, {"tid": 3, "generated": 0, "bbox": {"xmin": 918, "ymin": 341, "ymax": 438, "xmax": 975}}, {"tid": 4, "generated": 0, "bbox": {"xmin": 1558, "ymin": 410, "ymax": 605, "xmax": 1669}}], [{"tid": 0, "generated": 0, "bbox": {"xmin": 920, "ymin": 368, "ymax": 426, "xmax": 954}}, {"tid": 1, "generated": 0, "bbox": {"xmin": 1549, "ymin": 490, "ymax": 618, "xmax": 1677}}, {"tid": 3, "generated": 0, "bbox": {"xmin": 916, "ymin": 329, "ymax": 424, "xmax": 974}}, {"tid": 4, "generated": 0, "bbox": {"xmin": 1564, "ymin": 392, "ymax": 587, "xmax": 1675}}], [{"tid": 0, "generated": 0, "bbox": {"xmin": 939, "ymin": 347, "ymax": 404, "xmax": 976}}, {"tid": 1, "generated": 0, "bbox": {"xmin": 1587, "ymin": 455, "ymax": 583, "xmax": 1715}}, {"tid": 3, "generated": 0, "bbox": {"xmin": 914, "ymin": 317, "ymax": 410, "xmax": 973}}, {"tid": 4, "generated": 0, "bbox": {"xmin": 1571, "ymin": 374, "ymax": 569, "xmax": 1682}}], [{"tid": 0, "generated": 0, "bbox": {"xmin": 958, "ymin": 326, "ymax": 383, "xmax": 998}}, {"tid": 1, "generated": 0, "bbox": {"xmin": 1625, "ymin": 420, "ymax": 548, "xmax": 1753}}, {"tid": 3, "generated": 0, "bbox": {"xmin": 934, "ymin": 296, "ymax": 389, "xmax": 993}}, {"tid": 4, "generated": 0, "bbox": {"xmin": 1604, "ymin": 344, "ymax": 539, "xmax": 1715}}], [{"tid": 0, "generated": 0, "bbox": {"xmin": 978, "ymin": 306, "ymax": 362, "xmax": 1021}}, {"tid": 1, "generated": 0, "bbox": {"xmin": 1664, "ymin": 386, "ymax": 514, "xmax": 1792}}, {"tid": 3, "generated": 0, "bbox": {"xmin": 954, "ymin": 274, "ymax": 367, "xmax": 1013}}, {"tid": 4, "generated": 0, "bbox": {"xmin": 1636, "ymin": 314, "ymax": 509, "xmax": 1747}}], [{"tid": 0, "generated": 0, "bbox": {"xmin": 1005, "ymin": 269, "ymax": 325, "xmax": 1048}}, {"tid": 1, "generated": 0, "bbox": {"xmin": 1704, "ymin": 352, "ymax": 477, "xmax": 1837}}, {"tid": 3, "generated": 0, "bbox": {"xmin": 974, "ymin": 253, "ymax": 346, "xmax": 1033}}, {"tid": 4, "generated": 0, "bbox": {"xmin": 1669, "ymin": 285, "ymax": 480, "xmax": 1780}}], [{"tid": 0, "generated": 0, "bbox": {"xmin": 1015, "ymin": 253, "ymax": 309, "xmax": 1057}}, {"tid": 1, "generated": 0, "bbox": {"xmin": 1722, "ymin": 334, "ymax": 459, "xmax": 1857}}, {"tid": 3, "generated": 0, "bbox": {"xmin": 994, "ymin": 231, "ymax": 324, "xmax": 1053}}, {"tid": 4, "generated": 0, "bbox": {"xmin": 1701, "ymin": 255, "ymax": 450, "xmax": 1812}}], [{"tid": 0, "generated": 0, "bbox": {"xmin": 1026, "ymin": 237, "ymax": 293, "xmax": 1066}}, {"tid": 1, "generated": 0, "bbox": {"xmin": 1741, "ymin": 317, "ymax": 442, "xmax": 1877}}, {"tid": 3, "generated": 0, "bbox": {"xmin": 1014, "ymin": 210, "ymax": 303, "xmax": 1073}}, {"tid": 4, "generated": 0, "bbox": {"xmin": 1734, "ymin": 225, "ymax": 420, "xmax": 1845}}], [{"tid": 0, "generated": 0, "bbox": {"xmin": 1027, "ymin": 222, "ymax": 278, "xmax": 1069}}, {"tid": 1, "generated": 0, "bbox": {"xmin": 1754, "ymin": 299, "ymax": 427, "xmax": 1889}}, {"tid": 3, "generated": 0, "bbox": {"xmin": 1009, "ymin": 225, "ymax": 318, "xmax": 1068}}, {"tid": 4, "generated": 0, "bbox": {"xmin": 1737, "ymin": 241, "ymax": 436, "xmax": 1848}}], [{"tid": 0, "generated": 0, "bbox": {"xmin": 1029, "ymin": 208, "ymax": 264, "xmax": 1072}}, {"tid": 1, "generated": 0, "bbox": {"xmin": 1768, "ymin": 282, "ymax": 413, "xmax": 1901}}, {"tid": 3, "generated": 0, "bbox": {"xmin": 1005, "ymin": 240, "ymax": 333, "xmax": 1064}}, {"tid": 4, "generated": 0, "bbox": {"xmin": 1741, "ymin": 258, "ymax": 453, "xmax": 1852}}], [{"tid": 0, "generated": 0, "bbox": {"xmin": 1024, "ymin": 221, "ymax": 277, "xmax": 1066}}, {"tid": 1, "generated": 0, "bbox": {"xmin": 1776, "ymin": 298, "ymax": 429, "xmax": 1909}}, {"tid": 3, "generated": 0, "bbox": {"xmin": 1000, "ymin": 255, "ymax": 348, "xmax": 1059}}, {"tid": 4, "generated": 0, "bbox": {"xmin": 1744, "ymin": 274, "ymax": 469, "xmax": 1855}}], [{"tid": 0, "generated": 0, "bbox": {"xmin": 1016, "ymin": 257, "ymax": 310, "xmax": 1057}}, {"tid": 1, "generated": 0, "bbox": {"xmin": 1769, "ymin": 329, "ymax": 462, "xmax": 1901}}, {"tid": 3, "generated": 0, "bbox": {"xmin": 996, "ymin": 270, "ymax": 363, "xmax": 1055}}, {"tid": 4, "generated": 0, "bbox": {"xmin": 1748, "ymin": 291, "ymax": 486, "xmax": 1859}}], [{"tid": 0, "generated": 0, "bbox": {"xmin": 1008, "ymin": 293, "ymax": 343, "xmax": 1048}}, {"tid": 1, "generated": 0, "bbox": {"xmin": 1763, "ymin": 360, "ymax": 495, "xmax": 1893}}, {"tid": 3, "generated": 0, "bbox": {"xmin": 991, "ymin": 285, "ymax": 378, "xmax": 1050}}, {"tid": 4, "generated": 0, "bbox": {"xmin": 1751, "ymin": 307, "ymax": 502, "xmax": 1862}}], [{"tid": 0, "generated": 0, "bbox": {"xmin": 1000, "ymin": 330, "ymax": 376, "xmax": 1040}}, {"tid": 1, "generated": 0, "bbox": {"xmin": 1757, "ymin": 392, "ymax": 528, "xmax": 1885}}, {"tid": 3, "generated": 0, "bbox": {"xmin": 981, "ymin": 296, "ymax": 389, "xmax": 1040}}, {"tid": 4, "generated": 0, "bbox": {"xmin": 1749, "ymin": 318, "ymax": 511, "xmax": 1860}}], [{"tid": 0, "generated": 0, "bbox": {"xmin": 981, "ymin": 349, "ymax": 398, "xmax": 1021}}, {"tid": 1, "generated": 0, "bbox": {"xmin": 1750, "ymin": 412, "ymax": 546, "xmax": 1879}}, {"tid": 3, "generated": 0, "bbox": {"xmin": 971, "ymin": 306, "ymax": 399, "xmax": 1030}}, {"tid": 4, "generated": 0, "bbox": {"xmin": 1748, "ymin": 328, "ymax": 519, "xmax": 1859}}], [{"tid": 0, "generated": 0, "bbox": {"xmin": 962, "ymin": 368, "ymax": 421, "xmax": 1002}}, {"tid": 1, "generated": 0, "bbox": {"xmin": 1744, "ymin": 432, "ymax": 565, "xmax": 1874}}, {"tid": 3, "generated": 0, "bbox": {"xmin": 960, "ymin": 317, "ymax": 410, "xmax": 1019}}, {"tid": 4, "generated": 0, "bbox": {"xmin": 1746, "ymin": 339, "ymax": 528, "xmax": 1857}}], [{"tid": 0, "generated": 0, "bbox": {"xmin": 957, "ymin": 378, "ymax": 434, "xmax": 997}}, {"tid": 1, "generated": 0, "bbox": {"xmin": 1738, "ymin": 432, "ymax": 562, "xmax": 1869}}, {"tid": 3, "generated": 0, "bbox": {"xmin": 950, "ymin": 327, "ymax": 420, "xmax": 1009}}, {"tid": 4, "generated": 0, "bbox": {"xmin": 1745, "ymin": 349, "ymax": 536, "xmax": 1856}}], [{"tid": 0, "generated": 0, "bbox": {"xmin": 955, "ymin": 372, "ymax": 431, "xmax": 994}}, {"tid": 3, "generated": 0, "bbox": {"xmin": 940, "ymin": 338, "ymax": 431, "xmax": 999}}], [{"tid": 0, "generated": 0, "bbox": {"xmin": 953, "ymin": 366, "ymax": 428, "xmax": 991}}, {"tid": 3, "generated": 0, "bbox": {"xmin": 943, "ymin": 338, "ymax": 427, "xmax": 999}}], [{"tid": 0, "generated": 0, "bbox": {"xmin": 952, "ymin": 360, "ymax": 426, "xmax": 989}}, {"tid": 3, "generated": 0, "bbox": {"xmin": 946, "ymin": 338, "ymax": 424, "xmax": 999}}], [{"tid": 0, "generated": 0, "bbox": {"xmin": 955, "ymin": 360, "ymax": 421, "xmax": 993}}, {"tid": 3, "generated": 0, "bbox": {"xmin": 948, "ymin": 338, "ymax": 420, "xmax": 999}}], [{"tid": 0, "generated": 0, "bbox": {"xmin": 958, "ymin": 360, "ymax": 417, "xmax": 997}}, {"tid": 3, "generated": 0, "bbox": {"xmin": 951, "ymin": 338, "ymax": 417, "xmax": 999}}], [{"tid": 0, "generated": 0, "bbox": {"xmin": 962, "ymin": 360, "ymax": 413, "xmax": 1002}}, {"tid": 3, "generated": 0, "bbox": {"xmin": 954, "ymin": 338, "ymax": 413, "xmax": 999}}], [{"tid": 0, "generated": 0, "bbox": {"xmin": 967, "ymin": 368, "ymax": 422, "xmax": 1007}}, {"tid": 3, "generated": 0, "bbox": {"xmin": 959, "ymin": 346, "ymax": 421, "xmax": 1004}}], [{"tid": 0, "generated": 0, "bbox": {"xmin": 972, "ymin": 377, "ymax": 432, "xmax": 1012}}, {"tid": 3, "generated": 0, "bbox": {"xmin": 964, "ymin": 355, "ymax": 430, "xmax": 1009}}], [{"tid": 0, "generated": 0, "bbox": {"xmin": 978, "ymin": 386, "ymax": 442, "xmax": 1018}}, {"tid": 3, "generated": 0, "bbox": {"xmin": 969, "ymin": 363, "ymax": 438, "xmax": 1014}}], [{"tid": 0, "generated": 0, "bbox": {"xmin": 980, "ymin": 390, "ymax": 446, "xmax": 1020}}, {"tid": 3, "generated": 0, "bbox": {"xmin": 974, "ymin": 372, "ymax": 447, "xmax": 1019}}], [{"tid": 0, "generated": 0, "bbox": {"xmin": 983, "ymin": 395, "ymax": 451, "xmax": 1022}}, {"tid": 3, "generated": 0, "bbox": {"xmin": 979, "ymin": 380, "ymax": 455, "xmax": 1024}}], [{"tid": 0, "generated": 0, "bbox": {"xmin": 986, "ymin": 400, "ymax": 456, "xmax": 1024}}, {"tid": 3, "generated": 0, "bbox": {"xmin": 983, "ymin": 367, "ymax": 442, "xmax": 1028}}], [{"tid": 0, "generated": 0, "bbox": {"xmin": 993, "ymin": 384, "ymax": 436, "xmax": 1032}}, {"tid": 3, "generated": 0, "bbox": {"xmin": 987, "ymin": 354, "ymax": 429, "xmax": 1032}}], [{"tid": 0, "generated": 0, "bbox": {"xmin": 1000, "ymin": 368, "ymax": 416, "xmax": 1040}}, {"tid": 3, "generated": 0, "bbox": {"xmin": 991, "ymin": 341, "ymax": 416, "xmax": 1036}}], [{"tid": 0, "generated": 0, "bbox": {"xmin": 997, "ymin": 362, "ymax": 416, "xmax": 1037}}, {"tid": 3, "generated": 0, "bbox": {"xmin": 995, "ymin": 328, "ymax": 403, "xmax": 1040}}], [{"tid": 0, "generated": 0, "bbox": {"xmin": 1000, "ymin": 350, "ymax": 403, "xmax": 1040}}, {"tid": 3, "generated": 0, "bbox": {"xmin": 999, "ymin": 315, "ymax": 390, "xmax": 1044}}], [{"tid": 0, "generated": 0, "bbox": {"xmin": 1004, "ymin": 339, "ymax": 390, "xmax": 1044}}, {"tid": 3, "generated": 0, "bbox": {"xmin": 997, "ymin": 320, "ymax": 395, "xmax": 1042}}], [{"tid": 0, "generated": 0, "bbox": {"xmin": 1008, "ymin": 328, "ymax": 378, "xmax": 1048}}, {"tid": 3, "generated": 0, "bbox": {"xmin": 995, "ymin": 325, "ymax": 400, "xmax": 1040}}], [{"tid": 0, "generated": 0, "bbox": {"xmin": 1003, "ymin": 339, "ymax": 390, "xmax": 1043}}, {"tid": 3, "generated": 0, "bbox": {"xmin": 993, "ymin": 330, "ymax": 405, "xmax": 1038}}], [{"tid": 0, "generated": 0, "bbox": {"xmin": 998, "ymin": 350, "ymax": 403, "xmax": 1038}}, {"tid": 3, "generated": 0, "bbox": {"xmin": 991, "ymin": 335, "ymax": 410, "xmax": 1036}}], [{"tid": 0, "generated": 0, "bbox": {"xmin": 994, "ymin": 362, "ymax": 416, "xmax": 1034}}, {"tid": 3, "generated": 0, "bbox": {"xmin": 989, "ymin": 340, "ymax": 415, "xmax": 1034}}], [{"tid": 0, "generated": 0, "bbox": {"xmin": 989, "ymin": 375, "ymax": 429, "xmax": 1029}}, {"tid": 3, "generated": 0, "bbox": {"xmin": 988, "ymin": 337, "ymax": 412, "xmax": 1033}}], [{"tid": 0, "generated": 0, "bbox": {"xmin": 984, "ymin": 389, "ymax": 442, "xmax": 1024}}, {"tid": 3, "generated": 0, "bbox": {"xmin": 988, "ymin": 335, "ymax": 410, "xmax": 1033}}], [{"tid": 0, "generated": 0, "bbox": {"xmin": 981, "ymin": 386, "ymax": 440, "xmax": 1021}}, {"tid": 3, "generated": 0, "bbox": {"xmin": 987, "ymin": 332, "ymax": 407, "xmax": 1032}}], [{"tid": 0, "generated": 0, "bbox": {"xmin": 984, "ymin": 373, "ymax": 426, "xmax": 1023}}, {"tid": 3, "generated": 0, "bbox": {"xmin": 987, "ymin": 330, "ymax": 405, "xmax": 1032}}], [{"tid": 0, "generated": 0, "bbox": {"xmin": 988, "ymin": 361, "ymax": 413, "xmax": 1026}}, {"tid": 3, "generated": 0, "bbox": {"xmin": 986, "ymin": 327, "ymax": 402, "xmax": 1031}}], [{"tid": 0, "generated": 0, "bbox": {"xmin": 992, "ymin": 349, "ymax": 400, "xmax": 1029}}, {"tid": 3, "generated": 0, "bbox": {"xmin": 983, "ymin": 328, "ymax": 403, "xmax": 1028}}], [{"tid": 0, "generated": 0, "bbox": {"xmin": 996, "ymin": 342, "ymax": 393, "xmax": 1033}}, {"tid": 3, "generated": 0, "bbox": {"xmin": 980, "ymin": 329, "ymax": 404, "xmax": 1025}}], [{"tid": 0, "generated": 0, "bbox": {"xmin": 1000, "ymin": 336, "ymax": 386, "xmax": 1037}}, {"tid": 3, "generated": 0, "bbox": {"xmin": 977, "ymin": 329, "ymax": 404, "xmax": 1022}}], [{"tid": 0, "generated": 0, "bbox": {"xmin": 994, "ymin": 336, "ymax": 389, "xmax": 1032}}, {"tid": 3, "generated": 0, "bbox": {"xmin": 974, "ymin": 330, "ymax": 405, "xmax": 1019}}], [{"tid": 0, "generated": 0, "bbox": {"xmin": 981, "ymin": 360, "ymax": 408, "xmax": 1016}}, {"tid": 3, "generated": 0, "bbox": {"xmin": 971, "ymin": 331, "ymax": 406, "xmax": 1016}}], [{"tid": 0, "generated": 0, "bbox": {"xmin": 974, "ymin": 368, "ymax": 418, "xmax": 1009}}, {"tid": 3, "generated": 0, "bbox": {"xmin": 969, "ymin": 339, "ymax": 414, "xmax": 1014}}], [{"tid": 0, "generated": 0, "bbox": {"xmin": 968, "ymin": 376, "ymax": 429, "xmax": 1002}}, {"tid": 3, "generated": 0, "bbox": {"xmin": 966, "ymin": 348, "ymax": 423, "xmax": 1011}}], [{"tid": 0, "generated": 0, "bbox": {"xmin": 968, "ymin": 386, "ymax": 437, "xmax": 1002}}, {"tid": 3, "generated": 0, "bbox": {"xmin": 964, "ymin": 356, "ymax": 431, "xmax": 1009}}], [{"tid": 0, "generated": 0, "bbox": {"xmin": 969, "ymin": 397, "ymax": 445, "xmax": 1002}}, {"tid": 3, "generated": 0, "bbox": {"xmin": 961, "ymin": 365, "ymax": 440, "xmax": 1006}}], [{"tid": 0, "generated": 0, "bbox": {"xmin": 970, "ymin": 408, "ymax": 453, "xmax": 1002}}, {"tid": 3, "generated": 0, "bbox": {"xmin": 959, "ymin": 373, "ymax": 448, "xmax": 1004}}], [{"tid": 0, "generated": 0, "bbox": {"xmin": 974, "ymin": 398, "ymax": 444, "xmax": 1007}}, {"tid": 3, "generated": 0, "bbox": {"xmin": 964, "ymin": 363, "ymax": 438, "xmax": 1009}}], [{"tid": 0, "generated": 0, "bbox": {"xmin": 979, "ymin": 388, "ymax": 435, "xmax": 1012}}, {"tid": 3, "generated": 0, "bbox": {"xmin": 969, "ymin": 352, "ymax": 427, "xmax": 1014}}], [{"tid": 0, "generated": 0, "bbox": {"xmin": 984, "ymin": 378, "ymax": 426, "xmax": 1018}}, {"tid": 3, "generated": 0, "bbox": {"xmin": 973, "ymin": 342, "ymax": 417, "xmax": 1018}}], [{"tid": 0, "generated": 0, "bbox": {"xmin": 985, "ymin": 364, "ymax": 410, "xmax": 1020}}, {"tid": 3, "generated": 0, "bbox": {"xmin": 978, "ymin": 331, "ymax": 406, "xmax": 1023}}], [{"tid": 0, "generated": 0, "bbox": {"xmin": 987, "ymin": 351, "ymax": 394, "xmax": 1022}}, {"tid": 3, "generated": 0, "bbox": {"xmin": 983, "ymin": 321, "ymax": 396, "xmax": 1028}}], [{"tid": 0, "generated": 0, "bbox": {"xmin": 989, "ymin": 338, "ymax": 378, "xmax": 1024}}, {"tid": 3, "generated": 0, "bbox": {"xmin": 984, "ymin": 318, "ymax": 393, "xmax": 1029}}], [{"tid": 0, "generated": 0, "bbox": {"xmin": 991, "ymin": 336, "ymax": 377, "xmax": 1024}}, {"tid": 3, "generated": 0, "bbox": {"xmin": 985, "ymin": 315, "ymax": 390, "xmax": 1030}}], [{"tid": 0, "generated": 0, "bbox": {"xmin": 994, "ymin": 334, "ymax": 376, "xmax": 1025}}, {"tid": 3, "generated": 0, "bbox": {"xmin": 987, "ymin": 311, "ymax": 386, "xmax": 1032}}], [{"tid": 0, "generated": 0, "bbox": {"xmin": 997, "ymin": 333, "ymax": 376, "xmax": 1026}}, {"tid": 3, "generated": 0, "bbox": {"xmin": 988, "ymin": 308, "ymax": 383, "xmax": 1033}}], [{"tid": 0, "generated": 0, "bbox": {"xmin": 995, "ymin": 331, "ymax": 373, "xmax": 1024}}, {"tid": 3, "generated": 0, "bbox": {"xmin": 989, "ymin": 305, "ymax": 380, "xmax": 1034}}], [{"tid": 0, "generated": 0, "bbox": {"xmin": 993, "ymin": 330, "ymax": 371, "xmax": 1023}}, {"tid": 3, "generated": 0, "bbox": {"xmin": 985, "ymin": 303, "ymax": 378, "xmax": 1030}}], [{"tid": 0, "generated": 0, "bbox": {"xmin": 991, "ymin": 329, "ymax": 369, "xmax": 1022}}, {"tid": 3, "generated": 0, "bbox": {"xmin": 982, "ymin": 300, "ymax": 375, "xmax": 1027}}], [{"tid": 0, "generated": 0, "bbox": {"xmin": 989, "ymin": 327, "ymax": 366, "xmax": 1020}}, {"tid": 3, "generated": 0, "bbox": {"xmin": 978, "ymin": 298, "ymax": 373, "xmax": 1023}}], [{"tid": 0, "generated": 0, "bbox": {"xmin": 987, "ymin": 326, "ymax": 364, "xmax": 1019}}, {"tid": 3, "generated": 0, "bbox": {"xmin": 975, "ymin": 295, "ymax": 370, "xmax": 1020}}], [{"tid": 0, "generated": 0, "bbox": {"xmin": 986, "ymin": 325, "ymax": 362, "xmax": 1018}}, {"tid": 3, "generated": 0, "bbox": {"xmin": 971, "ymin": 293, "ymax": 368, "xmax": 1016}}], [{"tid": 0, "generated": 0, "bbox": {"xmin": 982, "ymin": 323, "ymax": 361, "xmax": 1013}}, {"tid": 3, "generated": 0, "bbox": {"xmin": 965, "ymin": 304, "ymax": 377, "xmax": 1010}}], [{"tid": 0, "generated": 0, "bbox": {"xmin": 978, "ymin": 322, "ymax": 360, "xmax": 1008}}, {"tid": 3, "generated": 0, "bbox": {"xmin": 959, "ymin": 316, "ymax": 386, "xmax": 1003}}], [{"tid": 0, "generated": 0, "bbox": {"xmin": 970, "ymin": 328, "ymax": 368, "xmax": 1000}}, {"tid": 3, "generated": 0, "bbox": {"xmin": 953, "ymin": 327, "ymax": 395, "xmax": 997}}], [{"tid": 0, "generated": 0, "bbox": {"xmin": 962, "ymin": 341, "ymax": 381, "xmax": 993}}, {"tid": 3, "generated": 0, "bbox": {"xmin": 947, "ymin": 339, "ymax": 404, "xmax": 990}}], [{"tid": 0, "generated": 0, "bbox": {"xmin": 954, "ymin": 354, "ymax": 394, "xmax": 987}}, {"tid": 3, "generated": 0, "bbox": {"xmin": 941, "ymin": 350, "ymax": 413, "xmax": 984}}], [{"tid": 0, "generated": 0, "bbox": {"xmin": 946, "ymin": 368, "ymax": 408, "xmax": 981}}, {"tid": 3, "generated": 0, "bbox": {"xmin": 941, "ymin": 350, "ymax": 413, "xmax": 981}}], [{"tid": 0, "generated": 0, "bbox": {"xmin": 943, "ymin": 370, "ymax": 409, "xmax": 976}}, {"tid": 3, "generated": 0, "bbox": {"xmin": 941, "ymin": 349, "ymax": 413, "xmax": 978}}], [{"tid": 0, "generated": 0, "bbox": {"xmin": 940, "ymin": 373, "ymax": 411, "xmax": 972}}, {"tid": 3, "generated": 0, "bbox": {"xmin": 941, "ymin": 349, "ymax": 413, "xmax": 975}}], [{"tid": 0, "generated": 0, "bbox": {"xmin": 938, "ymin": 376, "ymax": 413, "xmax": 968}}, {"tid": 3, "generated": 0, "bbox": {"xmin": 941, "ymin": 348, "ymax": 413, "xmax": 972}}]], "subject/objects": [{"category": "motorcycle", "tid": 0}, {"category": "motorcycle", "tid": 1}, {"category": "motorcycle", "tid": 2}, {"category": "person", "tid": 3}, {"category": "person", "tid": 4}], "relation_instances": [{"end_fid": 30, "subject_tid": 2, "predicate": "move_behind", "begin_fid": 0, "object_tid": 3}, {"end_fid": 30, "subject_tid": 3, "predicate": "front", "begin_fid": 0, "object_tid": 2}, {"end_fid": 30, "subject_tid": 2, "predicate": "move_behind", "begin_fid": 0, "object_tid": 4}, {"end_fid": 30, "subject_tid": 4, "predicate": "front", "begin_fid": 0, "object_tid": 2}, {"end_fid": 30, "subject_tid": 3, "predicate": "front", "begin_fid": 0, "object_tid": 4}, {"end_fid": 30, "subject_tid": 4, "predicate": "behind", "begin_fid": 0, "object_tid": 3}, {"end_fid": 60, "subject_tid": 1, "predicate": "move_front", "begin_fid": 30, "object_tid": 2}, {"end_fid": 60, "subject_tid": 2, "predicate": "move_behind", "begin_fid": 30, "object_tid": 1}, {"end_fid": 60, "subject_tid": 1, "predicate": "move_behind", "begin_fid": 30, "object_tid": 3}, {"end_fid": 60, "subject_tid": 3, "predicate": "run_front", "begin_fid": 30, "object_tid": 1}, {"end_fid": 60, "subject_tid": 1, "predicate": "move_beneath", "begin_fid": 30, "object_tid": 4}, {"end_fid": 60, "subject_tid": 4, "predicate": "sit_above", "begin_fid": 30, "object_tid": 1}, {"end_fid": 60, "subject_tid": 4, "predicate": "ride", "begin_fid": 30, "object_tid": 1}, {"end_fid": 60, "subject_tid": 2, "predicate": "move_behind", "begin_fid": 30, "object_tid": 3}, {"end_fid": 60, "subject_tid": 3, "predicate": "front", "begin_fid": 30, "object_tid": 2}, {"end_fid": 60, "subject_tid": 2, "predicate": "move_behind", "begin_fid": 30, "object_tid": 4}, {"end_fid": 60, "subject_tid": 4, "predicate": "front", "begin_fid": 30, "object_tid": 2}, {"end_fid": 60, "subject_tid": 3, "predicate": "front", "begin_fid": 30, "object_tid": 4}, {"end_fid": 60, "subject_tid": 4, "predicate": "behind", "begin_fid": 30, "object_tid": 3}, {"end_fid": 90, "subject_tid": 1, "predicate": "move_behind", "begin_fid": 60, "object_tid": 3}, {"end_fid": 90, "subject_tid": 3, "predicate": "front", "begin_fid": 60, "object_tid": 1}, {"end_fid": 90, "subject_tid": 1, "predicate": "move_beneath", "begin_fid": 60, "object_tid": 4}, {"end_fid": 90, "subject_tid": 4, "predicate": "sit_above", "begin_fid": 60, "object_tid": 1}, {"end_fid": 90, "subject_tid": 4, "predicate": "ride", "begin_fid": 60, "object_tid": 1}, {"end_fid": 90, "subject_tid": 3, "predicate": "front", "begin_fid": 60, "object_tid": 4}, {"end_fid": 90, "subject_tid": 4, "predicate": "behind", "begin_fid": 60, "object_tid": 3}, {"end_fid": 105, "subject_tid": 0, "predicate": "move_front", "begin_fid": 75, "object_tid": 1}, {"end_fid": 105, "subject_tid": 1, "predicate": "move_behind", "begin_fid": 75, "object_tid": 0}, {"end_fid": 105, "subject_tid": 0, "predicate": "move_beneath", "begin_fid": 75, "object_tid": 3}, {"end_fid": 105, "subject_tid": 3, "predicate": "sit_above", "begin_fid": 75, "object_tid": 0}, {"end_fid": 105, "subject_tid": 3, "predicate": "ride", "begin_fid": 75, "object_tid": 0}, {"end_fid": 105, "subject_tid": 0, "predicate": "move_front", "begin_fid": 75, "object_tid": 4}, {"end_fid": 105, "subject_tid": 4, "predicate": "behind", "begin_fid": 75, "object_tid": 0}, {"end_fid": 105, "subject_tid": 1, "predicate": "move_behind", "begin_fid": 75, "object_tid": 3}, {"end_fid": 105, "subject_tid": 3, "predicate": "front", "begin_fid": 75, "object_tid": 1}, {"end_fid": 105, "subject_tid": 1, "predicate": "move_beneath", "begin_fid": 75, "object_tid": 4}, {"end_fid": 105, "subject_tid": 4, "predicate": "sit_above", "begin_fid": 75, "object_tid": 1}, {"end_fid": 105, "subject_tid": 4, "predicate": "ride", "begin_fid": 75, "object_tid": 1}, {"end_fid": 105, "subject_tid": 3, "predicate": "front", "begin_fid": 75, "object_tid": 4}, {"end_fid": 105, "subject_tid": 4, "predicate": "behind", "begin_fid": 75, "object_tid": 3}, {"end_fid": 135, "subject_tid": 0, "predicate": "move_beneath", "begin_fid": 105, "object_tid": 3}, {"end_fid": 135, "subject_tid": 3, "predicate": "sit_above", "begin_fid": 105, "object_tid": 0}, {"end_fid": 135, "subject_tid": 3, "predicate": "ride", "begin_fid": 105, "object_tid": 0}, {"end_fid": 165, "subject_tid": 0, "predicate": "move_beneath", "begin_fid": 135, "object_tid": 3}, {"end_fid": 165, "subject_tid": 3, "predicate": "sit_above", "begin_fid": 135, "object_tid": 0}, {"end_fid": 165, "subject_tid": 3, "predicate": "ride", "begin_fid": 135, "object_tid": 0}], "height": 1080}