{"width": 270, "frame_count": 347, "video_id": "ILSVRC2015_train_00477000", "fps": 15, "trajectories": [[], [], [], [], [], [], [], [], [], [], [], [], [], [], [], [{"tid": 0, "generated": 0, "bbox": {"xmin": 22, "ymin": 95, "ymax": 130, "xmax": 94}}, {"tid": 1, "generated": 0, "bbox": {"xmin": 115, "ymin": 208, "ymax": 280, "xmax": 211}}], [{"tid": 0, "generated": 0, "bbox": {"xmin": 0, "ymin": 91, "ymax": 130, "xmax": 79}}, {"tid": 1, "generated": 0, "bbox": {"xmin": 94, "ymin": 209, "ymax": 275, "xmax": 190}}], [{"tid": 0, "generated": 0, "bbox": {"xmin": 10, "ymin": 82, "ymax": 122, "xmax": 82}}, {"tid": 1, "generated": 0, "bbox": {"xmin": 103, "ymin": 194, "ymax": 268, "xmax": 193}}], [{"tid": 0, "generated": 0, "bbox": {"xmin": 25, "ymin": 79, "ymax": 115, "xmax": 88}}, {"tid": 1, "generated": 0, "bbox": {"xmin": 104, "ymin": 190, "ymax": 259, "xmax": 199}}], [{"tid": 0, "generated": 0, "bbox": {"xmin": 11, "ymin": 91, "ymax": 136, "xmax": 94}}, {"tid": 1, "generated": 0, "bbox": {"xmin": 112, "ymin": 194, "ymax": 265, "xmax": 205}}], [{"tid": 0, "generated": 0, "bbox": {"xmin": 23, "ymin": 92, "ymax": 130, "xmax": 97}}, {"tid": 1, "generated": 0, "bbox": {"xmin": 112, "ymin": 199, "ymax": 266, "xmax": 211}}], [{"tid": 0, "generated": 0, "bbox": {"xmin": 7, "ymin": 98, "ymax": 139, "xmax": 94}}, {"tid": 1, "generated": 0, "bbox": {"xmin": 112, "ymin": 205, "ymax": 271, "xmax": 202}}], [{"tid": 0, "generated": 0, "bbox": {"xmin": 16, "ymin": 107, "ymax": 148, "xmax": 94}}, {"tid": 1, "generated": 0, "bbox": {"xmin": 112, "ymin": 208, "ymax": 278, "xmax": 202}}], [{"tid": 0, "generated": 0, "bbox": {"xmin": 5, "ymin": 112, "ymax": 148, "xmax": 85}}, {"tid": 1, "generated": 0, "bbox": {"xmin": 98, "ymin": 220, "ymax": 286, "xmax": 190}}], [{"tid": 0, "generated": 0, "bbox": {"xmin": 8, "ymin": 118, "ymax": 155, "xmax": 85}}, {"tid": 1, "generated": 0, "bbox": {"xmin": 100, "ymin": 221, "ymax": 289, "xmax": 187}}], [{"tid": 0, "generated": 0, "bbox": {"xmin": 7, "ymin": 118, "ymax": 154, "xmax": 85}}, {"tid": 1, "generated": 0, "bbox": {"xmin": 95, "ymin": 223, "ymax": 292, "xmax": 187}}], [{"tid": 0, "generated": 0, "bbox": {"xmin": 32, "ymin": 124, "ymax": 163, "xmax": 88}}, {"tid": 1, "generated": 0, "bbox": {"xmin": 101, "ymin": 235, "ymax": 298, "xmax": 193}}], [{"tid": 0, "generated": 0, "bbox": {"xmin": 0, "ymin": 151, "ymax": 187, "xmax": 88}}, {"tid": 1, "generated": 0, "bbox": {"xmin": 98, "ymin": 256, "ymax": 322, "xmax": 190}}], [{"tid": 0, "generated": 0, "bbox": {"xmin": 52, "ymin": 134, "ymax": 178, "xmax": 91}}, {"tid": 1, "generated": 0, "bbox": {"xmin": 104, "ymin": 256, "ymax": 311, "xmax": 191}}], [{"tid": 0, "generated": 0, "bbox": {"xmin": 8, "ymin": 127, "ymax": 161, "xmax": 97}}, {"tid": 1, "generated": 0, "bbox": {"xmin": 107, "ymin": 238, "ymax": 302, "xmax": 199}}], [{"tid": 0, "generated": 0, "bbox": {"xmin": 31, "ymin": 124, "ymax": 160, "xmax": 100}}, {"tid": 1, "generated": 0, "bbox": {"xmin": 109, "ymin": 238, "ymax": 304, "xmax": 199}}], [{"tid": 0, "generated": 0, "bbox": {"xmin": 17, "ymin": 115, "ymax": 152, "xmax": 103}}, {"tid": 1, "generated": 0, "bbox": {"xmin": 112, "ymin": 229, "ymax": 292, "xmax": 202}}], [{"tid": 0, "generated": 0, "bbox": {"xmin": 34, "ymin": 106, "ymax": 139, "xmax": 100}}, {"tid": 1, "generated": 0, "bbox": {"xmin": 107, "ymin": 211, "ymax": 278, "xmax": 202}}], [{"tid": 0, "generated": 0, "bbox": {"xmin": 19, "ymin": 106, "ymax": 139, "xmax": 97}}, {"tid": 1, "generated": 0, "bbox": {"xmin": 106, "ymin": 211, "ymax": 278, "xmax": 199}}], [{"tid": 0, "generated": 0, "bbox": {"xmin": 14, "ymin": 106, "ymax": 142, "xmax": 97}}, {"tid": 1, "generated": 0, "bbox": {"xmin": 107, "ymin": 214, "ymax": 280, "xmax": 199}}], [{"tid": 0, "generated": 0, "bbox": {"xmin": 25, "ymin": 107, "ymax": 142, "xmax": 95}}, {"tid": 1, "generated": 0, "bbox": {"xmin": 109, "ymin": 214, "ymax": 280, "xmax": 199}}], [{"tid": 0, "generated": 0, "bbox": {"xmin": 22, "ymin": 112, "ymax": 145, "xmax": 98}}, {"tid": 1, "generated": 0, "bbox": {"xmin": 112, "ymin": 217, "ymax": 283, "xmax": 203}}], [{"tid": 0, "generated": 0, "bbox": {"xmin": 16, "ymin": 109, "ymax": 143, "xmax": 101}}, {"tid": 1, "generated": 0, "bbox": {"xmin": 113, "ymin": 214, "ymax": 280, "xmax": 208}}], [{"tid": 0, "generated": 0, "bbox": {"xmin": 20, "ymin": 106, "ymax": 143, "xmax": 103}}, {"tid": 1, "generated": 0, "bbox": {"xmin": 118, "ymin": 214, "ymax": 277, "xmax": 212}}], [{"tid": 0, "generated": 0, "bbox": {"xmin": 19, "ymin": 104, "ymax": 142, "xmax": 103}}, {"tid": 1, "generated": 0, "bbox": {"xmin": 119, "ymin": 211, "ymax": 275, "xmax": 214}}], [{"tid": 0, "generated": 0, "bbox": {"xmin": 28, "ymin": 103, "ymax": 142, "xmax": 103}}, {"tid": 1, "generated": 0, "bbox": {"xmin": 118, "ymin": 211, "ymax": 274, "xmax": 212}}], [{"tid": 0, "generated": 0, "bbox": {"xmin": 14, "ymin": 100, "ymax": 137, "xmax": 103}}, {"tid": 1, "generated": 0, "bbox": {"xmin": 118, "ymin": 209, "ymax": 274, "xmax": 211}}], [{"tid": 0, "generated": 0, "bbox": {"xmin": 22, "ymin": 97, "ymax": 133, "xmax": 101}}, {"tid": 1, "generated": 0, "bbox": {"xmin": 115, "ymin": 205, "ymax": 271, "xmax": 209}}], [{"tid": 0, "generated": 0, "bbox": {"xmin": 16, "ymin": 94, "ymax": 133, "xmax": 97}}, {"tid": 1, "generated": 0, "bbox": {"xmin": 112, "ymin": 203, "ymax": 268, "xmax": 208}}], [{"tid": 0, "generated": 0, "bbox": {"xmin": 11, "ymin": 89, "ymax": 127, "xmax": 92}}, {"tid": 1, "generated": 0, "bbox": {"xmin": 106, "ymin": 199, "ymax": 265, "xmax": 205}}], [], [], [], [], [], [], [], [], [], [], [], [], [], [], [], [], [], [], [], [], [], [], [], [], [], [], [], [], [], [], [], [], [], [], [], [], [], [], [], [], [], [], [], [], [], [], [], [], [], [], [], [], [], [], [], [], [], [], [], [], [], [], [], [], [], [], [], [], [], [], [], [], [], [], [], [], [], [], [], [], [], [], [], [], [], [], [], [], [], [], [], [], [], [], [], [], [], [], [], [], [], [], [], [], [], [], [], [], [], [], [], [], [], [], [], [], [], [], [], [], [{"tid": 0, "generated": 0, "bbox": {"xmin": 11, "ymin": 64, "ymax": 139, "xmax": 113}}, {"tid": 1, "generated": 0, "bbox": {"xmin": 101, "ymin": 217, "ymax": 299, "xmax": 238}}], [{"tid": 0, "generated": 0, "bbox": {"xmin": 13, "ymin": 64, "ymax": 139, "xmax": 112}}, {"tid": 1, "generated": 0, "bbox": {"xmin": 100, "ymin": 217, "ymax": 299, "xmax": 237}}], [{"tid": 0, "generated": 0, "bbox": {"xmin": 15, "ymin": 64, "ymax": 139, "xmax": 110}}, {"tid": 1, "generated": 0, "bbox": {"xmin": 100, "ymin": 217, "ymax": 299, "xmax": 236}}], [{"tid": 0, "generated": 0, "bbox": {"xmin": 17, "ymin": 64, "ymax": 139, "xmax": 109}}, {"tid": 1, "generated": 0, "bbox": {"xmin": 100, "ymin": 217, "ymax": 299, "xmax": 235}}], [{"tid": 0, "generated": 0, "bbox": {"xmin": 17, "ymin": 61, "ymax": 142, "xmax": 110}}, {"tid": 1, "generated": 0, "bbox": {"xmin": 98, "ymin": 216, "ymax": 299, "xmax": 235}}], [{"tid": 0, "generated": 0, "bbox": {"xmin": 29, "ymin": 61, "ymax": 142, "xmax": 109}}, {"tid": 1, "generated": 0, "bbox": {"xmin": 97, "ymin": 215, "ymax": 299, "xmax": 235}}], [{"tid": 0, "generated": 0, "bbox": {"xmin": 28, "ymin": 61, "ymax": 142, "xmax": 109}}, {"tid": 1, "generated": 0, "bbox": {"xmin": 96, "ymin": 215, "ymax": 299, "xmax": 235}}], [{"tid": 0, "generated": 0, "bbox": {"xmin": 25, "ymin": 61, "ymax": 142, "xmax": 109}}, {"tid": 1, "generated": 0, "bbox": {"xmin": 95, "ymin": 216, "ymax": 300, "xmax": 235}}], [{"tid": 0, "generated": 0, "bbox": {"xmin": 29, "ymin": 64, "ymax": 145, "xmax": 109}}, {"tid": 1, "generated": 0, "bbox": {"xmin": 94, "ymin": 217, "ymax": 301, "xmax": 235}}], [{"tid": 0, "generated": 0, "bbox": {"xmin": 34, "ymin": 64, "ymax": 146, "xmax": 109}}, {"tid": 1, "generated": 0, "bbox": {"xmin": 93, "ymin": 217, "ymax": 301, "xmax": 234}}], [{"tid": 0, "generated": 0, "bbox": {"xmin": 34, "ymin": 65, "ymax": 151, "xmax": 109}}, {"tid": 1, "generated": 0, "bbox": {"xmin": 93, "ymin": 217, "ymax": 301, "xmax": 234}}], [{"tid": 0, "generated": 0, "bbox": {"xmin": 46, "ymin": 67, "ymax": 154, "xmax": 109}}, {"tid": 1, "generated": 0, "bbox": {"xmin": 92, "ymin": 217, "ymax": 301, "xmax": 233}}], [{"tid": 0, "generated": 0, "bbox": {"xmin": 49, "ymin": 65, "ymax": 155, "xmax": 109}}, {"tid": 1, "generated": 0, "bbox": {"xmin": 92, "ymin": 217, "ymax": 301, "xmax": 233}}], [{"tid": 0, "generated": 0, "bbox": {"xmin": 52, "ymin": 67, "ymax": 158, "xmax": 109}}, {"tid": 1, "generated": 0, "bbox": {"xmin": 91, "ymin": 217, "ymax": 301, "xmax": 232}}], [{"tid": 0, "generated": 0, "bbox": {"xmin": 49, "ymin": 68, "ymax": 160, "xmax": 109}}, {"tid": 1, "generated": 0, "bbox": {"xmin": 91, "ymin": 217, "ymax": 301, "xmax": 232}}], [{"tid": 0, "generated": 0, "bbox": {"xmin": 47, "ymin": 70, "ymax": 160, "xmax": 108}}, {"tid": 1, "generated": 0, "bbox": {"xmin": 91, "ymin": 218, "ymax": 302, "xmax": 232}}], [{"tid": 0, "generated": 0, "bbox": {"xmin": 45, "ymin": 72, "ymax": 160, "xmax": 107}}, {"tid": 1, "generated": 0, "bbox": {"xmin": 91, "ymin": 218, "ymax": 304, "xmax": 230}}], [{"tid": 0, "generated": 0, "bbox": {"xmin": 43, "ymin": 74, "ymax": 160, "xmax": 106}}, {"tid": 1, "generated": 0, "bbox": {"xmin": 91, "ymin": 217, "ymax": 302, "xmax": 229}}], [{"tid": 0, "generated": 0, "bbox": {"xmin": 46, "ymin": 74, "ymax": 163, "xmax": 107}}, {"tid": 1, "generated": 0, "bbox": {"xmin": 92, "ymin": 218, "ymax": 302, "xmax": 229}}], [{"tid": 0, "generated": 0, "bbox": {"xmin": 46, "ymin": 73, "ymax": 163, "xmax": 104}}, {"tid": 1, "generated": 0, "bbox": {"xmin": 94, "ymin": 220, "ymax": 302, "xmax": 229}}], [{"tid": 0, "generated": 0, "bbox": {"xmin": 43, "ymin": 70, "ymax": 163, "xmax": 103}}, {"tid": 1, "generated": 0, "bbox": {"xmin": 97, "ymin": 217, "ymax": 302, "xmax": 226}}], [{"tid": 0, "generated": 0, "bbox": {"xmin": 38, "ymin": 68, "ymax": 163, "xmax": 101}}, {"tid": 1, "generated": 0, "bbox": {"xmin": 97, "ymin": 217, "ymax": 301, "xmax": 226}}], [{"tid": 0, "generated": 0, "bbox": {"xmin": 43, "ymin": 67, "ymax": 163, "xmax": 103}}, {"tid": 1, "generated": 0, "bbox": {"xmin": 96, "ymin": 216, "ymax": 301, "xmax": 225}}], [{"tid": 0, "generated": 0, "bbox": {"xmin": 65, "ymin": 88, "ymax": 161, "xmax": 106}}, {"tid": 1, "generated": 0, "bbox": {"xmin": 95, "ymin": 215, "ymax": 301, "xmax": 224}}], [{"tid": 0, "generated": 0, "bbox": {"xmin": 64, "ymin": 80, "ymax": 163, "xmax": 106}}, {"tid": 1, "generated": 0, "bbox": {"xmin": 94, "ymin": 215, "ymax": 301, "xmax": 224}}], [{"tid": 0, "generated": 0, "bbox": {"xmin": 62, "ymin": 82, "ymax": 163, "xmax": 113}}, {"tid": 1, "generated": 0, "bbox": {"xmin": 92, "ymin": 217, "ymax": 301, "xmax": 224}}], [{"tid": 0, "generated": 0, "bbox": {"xmin": 62, "ymin": 67, "ymax": 160, "xmax": 115}}, {"tid": 1, "generated": 0, "bbox": {"xmin": 88, "ymin": 217, "ymax": 299, "xmax": 223}}], [{"tid": 0, "generated": 0, "bbox": {"xmin": 61, "ymin": 64, "ymax": 161, "xmax": 112}}, {"tid": 1, "generated": 0, "bbox": {"xmin": 88, "ymin": 215, "ymax": 299, "xmax": 221}}], [{"tid": 0, "generated": 0, "bbox": {"xmin": 62, "ymin": 64, "ymax": 160, "xmax": 112}}, {"tid": 1, "generated": 0, "bbox": {"xmin": 88, "ymin": 215, "ymax": 298, "xmax": 223}}], [{"tid": 0, "generated": 0, "bbox": {"xmin": 62, "ymin": 76, "ymax": 160, "xmax": 109}}, {"tid": 1, "generated": 0, "bbox": {"xmin": 88, "ymin": 214, "ymax": 299, "xmax": 223}}], [], [], [], [], [], [], [], [], [], [], [], [], [], [], [], [], [], [], [], [], [], [], [], [], [], [], [], [], [], [], [], [], [], [], [], [], [], [], [], [], [], [], [], [], [], [], [], [], [], [], [], [], [], [], [], [], [], [], [], [], [], [], [], [], [], [], [], [], [], [], [], [], [], [], [], [{"tid": 0, "generated": 0, "bbox": {"xmin": 58, "ymin": 137, "ymax": 203, "xmax": 103}}, {"tid": 1, "generated": 0, "bbox": {"xmin": 121, "ymin": 194, "ymax": 305, "xmax": 223}}], [{"tid": 0, "generated": 0, "bbox": {"xmin": 58, "ymin": 140, "ymax": 206, "xmax": 103}}, {"tid": 1, "generated": 0, "bbox": {"xmin": 121, "ymin": 193, "ymax": 305, "xmax": 222}}], [{"tid": 0, "generated": 0, "bbox": {"xmin": 52, "ymin": 142, "ymax": 208, "xmax": 100}}, {"tid": 1, "generated": 0, "bbox": {"xmin": 121, "ymin": 193, "ymax": 305, "xmax": 221}}], [{"tid": 0, "generated": 0, "bbox": {"xmin": 55, "ymin": 142, "ymax": 209, "xmax": 97}}, {"tid": 1, "generated": 0, "bbox": {"xmin": 119, "ymin": 193, "ymax": 304, "xmax": 220}}], [{"tid": 0, "generated": 0, "bbox": {"xmin": 52, "ymin": 139, "ymax": 208, "xmax": 94}}, {"tid": 1, "generated": 0, "bbox": {"xmin": 118, "ymin": 193, "ymax": 304, "xmax": 220}}], [{"tid": 0, "generated": 0, "bbox": {"xmin": 53, "ymin": 137, "ymax": 208, "xmax": 94}}, {"tid": 1, "generated": 0, "bbox": {"xmin": 118, "ymin": 193, "ymax": 304, "xmax": 220}}], [{"tid": 0, "generated": 0, "bbox": {"xmin": 55, "ymin": 139, "ymax": 205, "xmax": 97}}, {"tid": 1, "generated": 0, "bbox": {"xmin": 118, "ymin": 193, "ymax": 304, "xmax": 220}}], [{"tid": 0, "generated": 0, "bbox": {"xmin": 53, "ymin": 142, "ymax": 205, "xmax": 100}}, {"tid": 1, "generated": 0, "bbox": {"xmin": 118, "ymin": 194, "ymax": 305, "xmax": 220}}], [{"tid": 0, "generated": 0, "bbox": {"xmin": 52, "ymin": 142, "ymax": 202, "xmax": 103}}, {"tid": 1, "generated": 0, "bbox": {"xmin": 119, "ymin": 194, "ymax": 304, "xmax": 220}}], [{"tid": 0, "generated": 0, "bbox": {"xmin": 52, "ymin": 142, "ymax": 200, "xmax": 101}}, {"tid": 1, "generated": 0, "bbox": {"xmin": 118, "ymin": 193, "ymax": 305, "xmax": 218}}], [{"tid": 0, "generated": 0, "bbox": {"xmin": 52, "ymin": 143, "ymax": 199, "xmax": 100}}, {"tid": 1, "generated": 0, "bbox": {"xmin": 118, "ymin": 193, "ymax": 304, "xmax": 217}}], [{"tid": 0, "generated": 0, "bbox": {"xmin": 52, "ymin": 145, "ymax": 199, "xmax": 100}}, {"tid": 1, "generated": 0, "bbox": {"xmin": 116, "ymin": 194, "ymax": 304, "xmax": 217}}], [{"tid": 0, "generated": 0, "bbox": {"xmin": 50, "ymin": 154, "ymax": 199, "xmax": 98}}, {"tid": 1, "generated": 0, "bbox": {"xmin": 115, "ymin": 194, "ymax": 305, "xmax": 215}}], [{"tid": 0, "generated": 0, "bbox": {"xmin": 49, "ymin": 151, "ymax": 199, "xmax": 97}}, {"tid": 1, "generated": 0, "bbox": {"xmin": 113, "ymin": 193, "ymax": 307, "xmax": 214}}], [{"tid": 0, "generated": 0, "bbox": {"xmin": 46, "ymin": 148, "ymax": 202, "xmax": 97}}, {"tid": 1, "generated": 0, "bbox": {"xmin": 109, "ymin": 196, "ymax": 304, "xmax": 211}}], [{"tid": 0, "generated": 0, "bbox": {"xmin": 44, "ymin": 151, "ymax": 196, "xmax": 94}}, {"tid": 1, "generated": 0, "bbox": {"xmin": 110, "ymin": 193, "ymax": 304, "xmax": 211}}], [{"tid": 0, "generated": 0, "bbox": {"xmin": 46, "ymin": 142, "ymax": 194, "xmax": 97}}, {"tid": 1, "generated": 0, "bbox": {"xmin": 111, "ymin": 191, "ymax": 302, "xmax": 211}}], [{"tid": 0, "generated": 0, "bbox": {"xmin": 47, "ymin": 136, "ymax": 196, "xmax": 100}}, {"tid": 1, "generated": 0, "bbox": {"xmin": 112, "ymin": 190, "ymax": 301, "xmax": 211}}], [{"tid": 0, "generated": 0, "bbox": {"xmin": 49, "ymin": 130, "ymax": 196, "xmax": 100}}, {"tid": 1, "generated": 0, "bbox": {"xmin": 112, "ymin": 190, "ymax": 301, "xmax": 214}}], [{"tid": 0, "generated": 0, "bbox": {"xmin": 52, "ymin": 130, "ymax": 196, "xmax": 101}}, {"tid": 1, "generated": 0, "bbox": {"xmin": 115, "ymin": 190, "ymax": 301, "xmax": 215}}], [{"tid": 0, "generated": 0, "bbox": {"xmin": 46, "ymin": 125, "ymax": 194, "xmax": 103}}, {"tid": 1, "generated": 0, "bbox": {"xmin": 118, "ymin": 190, "ymax": 299, "xmax": 217}}], [{"tid": 0, "generated": 0, "bbox": {"xmin": 43, "ymin": 124, "ymax": 194, "xmax": 104}}, {"tid": 1, "generated": 0, "bbox": {"xmin": 118, "ymin": 193, "ymax": 301, "xmax": 217}}], [{"tid": 0, "generated": 0, "bbox": {"xmin": 38, "ymin": 125, "ymax": 194, "xmax": 106}}, {"tid": 1, "generated": 0, "bbox": {"xmin": 118, "ymin": 193, "ymax": 301, "xmax": 220}}], [{"tid": 0, "generated": 0, "bbox": {"xmin": 38, "ymin": 127, "ymax": 195, "xmax": 106}}, {"tid": 1, "generated": 0, "bbox": {"xmin": 118, "ymin": 196, "ymax": 299, "xmax": 220}}], [{"tid": 0, "generated": 0, "bbox": {"xmin": 38, "ymin": 130, "ymax": 197, "xmax": 106}}, {"tid": 1, "generated": 0, "bbox": {"xmin": 118, "ymin": 196, "ymax": 299, "xmax": 220}}], [{"tid": 0, "generated": 0, "bbox": {"xmin": 37, "ymin": 131, "ymax": 200, "xmax": 104}}, {"tid": 1, "generated": 0, "bbox": {"xmin": 116, "ymin": 197, "ymax": 300, "xmax": 220}}], [{"tid": 0, "generated": 0, "bbox": {"xmin": 34, "ymin": 133, "ymax": 202, "xmax": 106}}, {"tid": 1, "generated": 0, "bbox": {"xmin": 115, "ymin": 199, "ymax": 301, "xmax": 220}}], [{"tid": 0, "generated": 0, "bbox": {"xmin": 34, "ymin": 139, "ymax": 202, "xmax": 103}}, {"tid": 1, "generated": 0, "bbox": {"xmin": 112, "ymin": 199, "ymax": 301, "xmax": 218}}], [{"tid": 0, "generated": 0, "bbox": {"xmin": 34, "ymin": 142, "ymax": 200, "xmax": 103}}, {"tid": 1, "generated": 0, "bbox": {"xmin": 110, "ymin": 199, "ymax": 299, "xmax": 217}}], [{"tid": 0, "generated": 0, "bbox": {"xmin": 34, "ymin": 143, "ymax": 199, "xmax": 103}}, {"tid": 1, "generated": 0, "bbox": {"xmin": 110, "ymin": 199, "ymax": 298, "xmax": 217}}]], "subject/objects": [{"category": "bird", "tid": 0}, {"category": "domestic_cat", "tid": 1}], "relation_instances": [{"end_fid": 45, "subject_tid": 0, "predicate": "stand_above", "begin_fid": 15, "object_tid": 1}, {"end_fid": 45, "subject_tid": 0, "predicate": "stand_left", "begin_fid": 15, "object_tid": 1}, {"end_fid": 45, "subject_tid": 1, "predicate": "stand_right", "begin_fid": 15, "object_tid": 0}, {"end_fid": 45, "subject_tid": 1, "predicate": "stand_beneath", "begin_fid": 15, "object_tid": 0}, {"end_fid": 195, "subject_tid": 0, "predicate": "walk_above", "begin_fid": 165, "object_tid": 1}, {"end_fid": 195, "subject_tid": 0, "predicate": "walk_toward", "begin_fid": 165, "object_tid": 1}, {"end_fid": 195, "subject_tid": 0, "predicate": "walk_left", "begin_fid": 165, "object_tid": 1}, {"end_fid": 195, "subject_tid": 1, "predicate": "stand_right", "begin_fid": 165, "object_tid": 0}, {"end_fid": 195, "subject_tid": 1, "predicate": "stand_beneath", "begin_fid": 165, "object_tid": 0}, {"end_fid": 300, "subject_tid": 0, "predicate": "stand_next_to", "begin_fid": 270, "object_tid": 1}, {"end_fid": 300, "subject_tid": 0, "predicate": "stand_above", "begin_fid": 270, "object_tid": 1}, {"end_fid": 300, "subject_tid": 0, "predicate": "stand_left", "begin_fid": 270, "object_tid": 1}, {"end_fid": 300, "subject_tid": 1, "predicate": "stand_right", "begin_fid": 270, "object_tid": 0}, {"end_fid": 300, "subject_tid": 1, "predicate": "stand_next_to", "begin_fid": 270, "object_tid": 0}, {"end_fid": 300, "subject_tid": 1, "predicate": "stand_beneath", "begin_fid": 270, "object_tid": 0}], "height": 360}