{"width": 480, "frame_count": 160, "video_id": "ILSVRC2015_train_00873000", "fps": 25, "trajectories": [[], [], [], [], [], [], [], [], [], [], [], [], [], [], [], [{"tid": 0, "generated": 0, "bbox": {"xmin": 209, "ymin": 144, "ymax": 165, "xmax": 224}}, {"tid": 1, "generated": 0, "bbox": {"xmin": 210, "ymin": 117, "ymax": 146, "xmax": 232}}], [{"tid": 0, "generated": 0, "bbox": {"xmin": 208, "ymin": 144, "ymax": 166, "xmax": 223}}, {"tid": 1, "generated": 0, "bbox": {"xmin": 208, "ymin": 117, "ymax": 148, "xmax": 231}}], [{"tid": 0, "generated": 0, "bbox": {"xmin": 207, "ymin": 144, "ymax": 166, "xmax": 222}}, {"tid": 1, "generated": 0, "bbox": {"xmin": 206, "ymin": 117, "ymax": 149, "xmax": 230}}], [{"tid": 0, "generated": 0, "bbox": {"xmin": 206, "ymin": 144, "ymax": 167, "xmax": 222}}, {"tid": 1, "generated": 0, "bbox": {"xmin": 203, "ymin": 117, "ymax": 151, "xmax": 230}}], [{"tid": 0, "generated": 0, "bbox": {"xmin": 204, "ymin": 144, "ymax": 167, "xmax": 222}}, {"tid": 1, "generated": 0, "bbox": {"xmin": 201, "ymin": 117, "ymax": 152, "xmax": 229}}], [{"tid": 0, "generated": 0, "bbox": {"xmin": 203, "ymin": 145, "ymax": 168, "xmax": 221}}, {"tid": 1, "generated": 0, "bbox": {"xmin": 199, "ymin": 117, "ymax": 154, "xmax": 228}}], [{"tid": 0, "generated": 0, "bbox": {"xmin": 202, "ymin": 143, "ymax": 168, "xmax": 219}}, {"tid": 1, "generated": 0, "bbox": {"xmin": 198, "ymin": 118, "ymax": 154, "xmax": 227}}], [{"tid": 0, "generated": 0, "bbox": {"xmin": 200, "ymin": 143, "ymax": 168, "xmax": 217}}, {"tid": 1, "generated": 0, "bbox": {"xmin": 197, "ymin": 119, "ymax": 154, "xmax": 226}}], [{"tid": 0, "generated": 0, "bbox": {"xmin": 199, "ymin": 143, "ymax": 168, "xmax": 215}}, {"tid": 1, "generated": 0, "bbox": {"xmin": 197, "ymin": 121, "ymax": 154, "xmax": 224}}], [{"tid": 0, "generated": 0, "bbox": {"xmin": 198, "ymin": 144, "ymax": 170, "xmax": 213}}, {"tid": 1, "generated": 0, "bbox": {"xmin": 196, "ymin": 122, "ymax": 154, "xmax": 223}}], [{"tid": 0, "generated": 0, "bbox": {"xmin": 196, "ymin": 144, "ymax": 170, "xmax": 219}}, {"tid": 1, "generated": 0, "bbox": {"xmin": 195, "ymin": 123, "ymax": 154, "xmax": 222}}], [{"tid": 0, "generated": 0, "bbox": {"xmin": 197, "ymin": 146, "ymax": 171, "xmax": 219}}, {"tid": 1, "generated": 0, "bbox": {"xmin": 194, "ymin": 122, "ymax": 155, "xmax": 221}}], [{"tid": 0, "generated": 0, "bbox": {"xmin": 196, "ymin": 144, "ymax": 173, "xmax": 216}}, {"tid": 1, "generated": 0, "bbox": {"xmin": 193, "ymin": 122, "ymax": 156, "xmax": 219}}], [{"tid": 0, "generated": 0, "bbox": {"xmin": 196, "ymin": 145, "ymax": 174, "xmax": 215}}, {"tid": 1, "generated": 0, "bbox": {"xmin": 192, "ymin": 121, "ymax": 158, "xmax": 218}}], [{"tid": 0, "generated": 0, "bbox": {"xmin": 196, "ymin": 147, "ymax": 173, "xmax": 214}}, {"tid": 1, "generated": 0, "bbox": {"xmin": 191, "ymin": 121, "ymax": 159, "xmax": 216}}], [{"tid": 0, "generated": 0, "bbox": {"xmin": 194, "ymin": 146, "ymax": 174, "xmax": 213}}, {"tid": 1, "generated": 0, "bbox": {"xmin": 190, "ymin": 120, "ymax": 160, "xmax": 215}}], [{"tid": 0, "generated": 0, "bbox": {"xmin": 193, "ymin": 147, "ymax": 174, "xmax": 212}}, {"tid": 1, "generated": 0, "bbox": {"xmin": 190, "ymin": 121, "ymax": 160, "xmax": 214}}], [{"tid": 0, "generated": 0, "bbox": {"xmin": 192, "ymin": 148, "ymax": 174, "xmax": 212}}, {"tid": 1, "generated": 0, "bbox": {"xmin": 189, "ymin": 122, "ymax": 161, "xmax": 213}}], [{"tid": 0, "generated": 0, "bbox": {"xmin": 191, "ymin": 148, "ymax": 174, "xmax": 210}}, {"tid": 1, "generated": 0, "bbox": {"xmin": 189, "ymin": 122, "ymax": 161, "xmax": 212}}], [{"tid": 0, "generated": 0, "bbox": {"xmin": 190, "ymin": 148, "ymax": 175, "xmax": 209}}, {"tid": 1, "generated": 0, "bbox": {"xmin": 188, "ymin": 123, "ymax": 162, "xmax": 211}}], [{"tid": 0, "generated": 0, "bbox": {"xmin": 189, "ymin": 149, "ymax": 176, "xmax": 208}}, {"tid": 1, "generated": 0, "bbox": {"xmin": 188, "ymin": 124, "ymax": 162, "xmax": 210}}], [{"tid": 0, "generated": 0, "bbox": {"xmin": 188, "ymin": 149, "ymax": 176, "xmax": 207}}, {"tid": 1, "generated": 0, "bbox": {"xmin": 187, "ymin": 125, "ymax": 163, "xmax": 209}}], [{"tid": 0, "generated": 0, "bbox": {"xmin": 187, "ymin": 149, "ymax": 177, "xmax": 206}}, {"tid": 1, "generated": 0, "bbox": {"xmin": 185, "ymin": 126, "ymax": 164, "xmax": 207}}], [{"tid": 0, "generated": 0, "bbox": {"xmin": 186, "ymin": 150, "ymax": 178, "xmax": 205}}, {"tid": 1, "generated": 0, "bbox": {"xmin": 184, "ymin": 126, "ymax": 164, "xmax": 206}}], [{"tid": 0, "generated": 0, "bbox": {"xmin": 185, "ymin": 151, "ymax": 179, "xmax": 203}}, {"tid": 1, "generated": 0, "bbox": {"xmin": 182, "ymin": 127, "ymax": 165, "xmax": 204}}], [{"tid": 0, "generated": 0, "bbox": {"xmin": 184, "ymin": 151, "ymax": 180, "xmax": 202}}, {"tid": 1, "generated": 0, "bbox": {"xmin": 181, "ymin": 128, "ymax": 166, "xmax": 203}}], [{"tid": 0, "generated": 0, "bbox": {"xmin": 183, "ymin": 151, "ymax": 181, "xmax": 200}}, {"tid": 1, "generated": 0, "bbox": {"xmin": 181, "ymin": 128, "ymax": 166, "xmax": 203}}], [{"tid": 0, "generated": 0, "bbox": {"xmin": 182, "ymin": 152, "ymax": 182, "xmax": 199}}, {"tid": 1, "generated": 0, "bbox": {"xmin": 180, "ymin": 128, "ymax": 166, "xmax": 202}}], [{"tid": 0, "generated": 0, "bbox": {"xmin": 181, "ymin": 152, "ymax": 182, "xmax": 197}}, {"tid": 1, "generated": 0, "bbox": {"xmin": 180, "ymin": 129, "ymax": 167, "xmax": 202}}], [{"tid": 0, "generated": 0, "bbox": {"xmin": 180, "ymin": 153, "ymax": 182, "xmax": 197}}, {"tid": 1, "generated": 0, "bbox": {"xmin": 179, "ymin": 129, "ymax": 167, "xmax": 201}}], [{"tid": 0, "generated": 0, "bbox": {"xmin": 179, "ymin": 154, "ymax": 183, "xmax": 196}}, {"tid": 1, "generated": 0, "bbox": {"xmin": 179, "ymin": 129, "ymax": 167, "xmax": 201}}], [{"tid": 0, "generated": 0, "bbox": {"xmin": 178, "ymin": 156, "ymax": 184, "xmax": 195}}, {"tid": 1, "generated": 0, "bbox": {"xmin": 178, "ymin": 130, "ymax": 168, "xmax": 200}}], [{"tid": 0, "generated": 0, "bbox": {"xmin": 177, "ymin": 156, "ymax": 185, "xmax": 193}}, {"tid": 1, "generated": 0, "bbox": {"xmin": 176, "ymin": 131, "ymax": 169, "xmax": 198}}], [{"tid": 0, "generated": 0, "bbox": {"xmin": 176, "ymin": 155, "ymax": 185, "xmax": 192}}, {"tid": 1, "generated": 0, "bbox": {"xmin": 175, "ymin": 131, "ymax": 169, "xmax": 197}}], [{"tid": 0, "generated": 0, "bbox": {"xmin": 176, "ymin": 155, "ymax": 185, "xmax": 194}}, {"tid": 1, "generated": 0, "bbox": {"xmin": 173, "ymin": 132, "ymax": 170, "xmax": 195}}], [{"tid": 0, "generated": 0, "bbox": {"xmin": 175, "ymin": 155, "ymax": 186, "xmax": 192}}, {"tid": 1, "generated": 0, "bbox": {"xmin": 172, "ymin": 133, "ymax": 171, "xmax": 194}}], [{"tid": 0, "generated": 0, "bbox": {"xmin": 174, "ymin": 155, "ymax": 187, "xmax": 191}}, {"tid": 1, "generated": 0, "bbox": {"xmin": 172, "ymin": 133, "ymax": 171, "xmax": 194}}], [{"tid": 0, "generated": 0, "bbox": {"xmin": 174, "ymin": 156, "ymax": 188, "xmax": 190}}, {"tid": 1, "generated": 0, "bbox": {"xmin": 172, "ymin": 133, "ymax": 171, "xmax": 194}}], [{"tid": 0, "generated": 0, "bbox": {"xmin": 173, "ymin": 157, "ymax": 189, "xmax": 190}}, {"tid": 1, "generated": 0, "bbox": {"xmin": 172, "ymin": 133, "ymax": 171, "xmax": 194}}], [{"tid": 0, "generated": 0, "bbox": {"xmin": 173, "ymin": 158, "ymax": 190, "xmax": 189}}, {"tid": 1, "generated": 0, "bbox": {"xmin": 172, "ymin": 133, "ymax": 171, "xmax": 194}}], [{"tid": 0, "generated": 0, "bbox": {"xmin": 172, "ymin": 158, "ymax": 191, "xmax": 188}}, {"tid": 1, "generated": 0, "bbox": {"xmin": 172, "ymin": 133, "ymax": 171, "xmax": 194}}], [{"tid": 0, "generated": 0, "bbox": {"xmin": 172, "ymin": 159, "ymax": 192, "xmax": 188}}, {"tid": 1, "generated": 0, "bbox": {"xmin": 171, "ymin": 134, "ymax": 172, "xmax": 193}}], [{"tid": 0, "generated": 0, "bbox": {"xmin": 171, "ymin": 160, "ymax": 193, "xmax": 187}}, {"tid": 1, "generated": 0, "bbox": {"xmin": 170, "ymin": 134, "ymax": 172, "xmax": 192}}], [{"tid": 0, "generated": 0, "bbox": {"xmin": 171, "ymin": 161, "ymax": 194, "xmax": 187}}, {"tid": 1, "generated": 0, "bbox": {"xmin": 169, "ymin": 135, "ymax": 173, "xmax": 191}}], [{"tid": 0, "generated": 0, "bbox": {"xmin": 171, "ymin": 162, "ymax": 195, "xmax": 187}}, {"tid": 1, "generated": 0, "bbox": {"xmin": 168, "ymin": 135, "ymax": 173, "xmax": 190}}], [{"tid": 0, "generated": 0, "bbox": {"xmin": 171, "ymin": 164, "ymax": 196, "xmax": 188}}, {"tid": 1, "generated": 0, "bbox": {"xmin": 167, "ymin": 136, "ymax": 174, "xmax": 189}}], [{"tid": 0, "generated": 0, "bbox": {"xmin": 170, "ymin": 163, "ymax": 197, "xmax": 186}}, {"tid": 1, "generated": 0, "bbox": {"xmin": 167, "ymin": 137, "ymax": 175, "xmax": 189}}], [{"tid": 0, "generated": 0, "bbox": {"xmin": 170, "ymin": 163, "ymax": 198, "xmax": 185}}, {"tid": 1, "generated": 0, "bbox": {"xmin": 167, "ymin": 137, "ymax": 175, "xmax": 189}}], [{"tid": 0, "generated": 0, "bbox": {"xmin": 169, "ymin": 163, "ymax": 199, "xmax": 184}}, {"tid": 1, "generated": 0, "bbox": {"xmin": 166, "ymin": 138, "ymax": 176, "xmax": 188}}], [{"tid": 0, "generated": 0, "bbox": {"xmin": 169, "ymin": 164, "ymax": 200, "xmax": 184}}, {"tid": 1, "generated": 0, "bbox": {"xmin": 166, "ymin": 138, "ymax": 176, "xmax": 188}}], [{"tid": 0, "generated": 0, "bbox": {"xmin": 169, "ymin": 164, "ymax": 201, "xmax": 184}}, {"tid": 1, "generated": 0, "bbox": {"xmin": 166, "ymin": 139, "ymax": 177, "xmax": 188}}], [{"tid": 0, "generated": 0, "bbox": {"xmin": 169, "ymin": 165, "ymax": 202, "xmax": 184}}, {"tid": 1, "generated": 0, "bbox": {"xmin": 166, "ymin": 139, "ymax": 179, "xmax": 188}}], [{"tid": 0, "generated": 0, "bbox": {"xmin": 168, "ymin": 166, "ymax": 203, "xmax": 184}}, {"tid": 1, "generated": 0, "bbox": {"xmin": 166, "ymin": 139, "ymax": 181, "xmax": 188}}], [{"tid": 0, "generated": 0, "bbox": {"xmin": 168, "ymin": 166, "ymax": 204, "xmax": 184}}, {"tid": 1, "generated": 0, "bbox": {"xmin": 166, "ymin": 139, "ymax": 183, "xmax": 188}}], [{"tid": 0, "generated": 0, "bbox": {"xmin": 168, "ymin": 167, "ymax": 205, "xmax": 184}}, {"tid": 1, "generated": 0, "bbox": {"xmin": 166, "ymin": 139, "ymax": 185, "xmax": 188}}], [{"tid": 0, "generated": 0, "bbox": {"xmin": 168, "ymin": 168, "ymax": 206, "xmax": 184}}, {"tid": 1, "generated": 0, "bbox": {"xmin": 166, "ymin": 139, "ymax": 187, "xmax": 188}}], [{"tid": 0, "generated": 0, "bbox": {"xmin": 168, "ymin": 168, "ymax": 207, "xmax": 184}}, {"tid": 1, "generated": 0, "bbox": {"xmin": 166, "ymin": 139, "ymax": 187, "xmax": 188}}], [{"tid": 0, "generated": 0, "bbox": {"xmin": 168, "ymin": 169, "ymax": 208, "xmax": 185}}, {"tid": 1, "generated": 0, "bbox": {"xmin": 166, "ymin": 139, "ymax": 187, "xmax": 188}}], [{"tid": 0, "generated": 0, "bbox": {"xmin": 169, "ymin": 169, "ymax": 209, "xmax": 185}}, {"tid": 1, "generated": 0, "bbox": {"xmin": 166, "ymin": 140, "ymax": 188, "xmax": 188}}], [{"tid": 0, "generated": 0, "bbox": {"xmin": 169, "ymin": 170, "ymax": 210, "xmax": 186}}, {"tid": 1, "generated": 0, "bbox": {"xmin": 166, "ymin": 140, "ymax": 188, "xmax": 188}}], [{"tid": 0, "generated": 0, "bbox": {"xmin": 170, "ymin": 171, "ymax": 212, "xmax": 186}}, {"tid": 1, "generated": 0, "bbox": {"xmin": 166, "ymin": 140, "ymax": 188, "xmax": 188}}], [{"tid": 0, "generated": 0, "bbox": {"xmin": 170, "ymin": 171, "ymax": 213, "xmax": 187}}, {"tid": 1, "generated": 0, "bbox": {"xmin": 166, "ymin": 141, "ymax": 190, "xmax": 190}}], [{"tid": 0, "generated": 0, "bbox": {"xmin": 170, "ymin": 172, "ymax": 214, "xmax": 187}}, {"tid": 1, "generated": 0, "bbox": {"xmin": 166, "ymin": 142, "ymax": 193, "xmax": 192}}], [{"tid": 0, "generated": 0, "bbox": {"xmin": 171, "ymin": 172, "ymax": 215, "xmax": 188}}, {"tid": 1, "generated": 0, "bbox": {"xmin": 166, "ymin": 144, "ymax": 195, "xmax": 193}}], [{"tid": 0, "generated": 0, "bbox": {"xmin": 171, "ymin": 173, "ymax": 216, "xmax": 188}}, {"tid": 1, "generated": 0, "bbox": {"xmin": 166, "ymin": 145, "ymax": 198, "xmax": 195}}], [{"tid": 0, "generated": 0, "bbox": {"xmin": 172, "ymin": 174, "ymax": 218, "xmax": 189}}, {"tid": 1, "generated": 0, "bbox": {"xmin": 166, "ymin": 146, "ymax": 200, "xmax": 197}}], [{"tid": 0, "generated": 0, "bbox": {"xmin": 173, "ymin": 175, "ymax": 219, "xmax": 190}}, {"tid": 1, "generated": 0, "bbox": {"xmin": 166, "ymin": 146, "ymax": 200, "xmax": 197}}], [{"tid": 0, "generated": 0, "bbox": {"xmin": 174, "ymin": 176, "ymax": 221, "xmax": 191}}, {"tid": 1, "generated": 0, "bbox": {"xmin": 167, "ymin": 147, "ymax": 201, "xmax": 198}}], [{"tid": 0, "generated": 0, "bbox": {"xmin": 175, "ymin": 177, "ymax": 222, "xmax": 192}}, {"tid": 1, "generated": 0, "bbox": {"xmin": 167, "ymin": 147, "ymax": 201, "xmax": 198}}], [{"tid": 0, "generated": 0, "bbox": {"xmin": 176, "ymin": 178, "ymax": 224, "xmax": 194}}, {"tid": 1, "generated": 0, "bbox": {"xmin": 168, "ymin": 148, "ymax": 202, "xmax": 199}}], [{"tid": 0, "generated": 0, "bbox": {"xmin": 177, "ymin": 179, "ymax": 226, "xmax": 195}}, {"tid": 1, "generated": 0, "bbox": {"xmin": 168, "ymin": 148, "ymax": 202, "xmax": 199}}], [{"tid": 0, "generated": 0, "bbox": {"xmin": 178, "ymin": 180, "ymax": 227, "xmax": 196}}, {"tid": 1, "generated": 0, "bbox": {"xmin": 168, "ymin": 148, "ymax": 202, "xmax": 201}}], [{"tid": 0, "generated": 0, "bbox": {"xmin": 179, "ymin": 181, "ymax": 229, "xmax": 198}}, {"tid": 1, "generated": 0, "bbox": {"xmin": 168, "ymin": 148, "ymax": 202, "xmax": 203}}], [{"tid": 0, "generated": 0, "bbox": {"xmin": 180, "ymin": 182, "ymax": 230, "xmax": 199}}, {"tid": 1, "generated": 0, "bbox": {"xmin": 168, "ymin": 148, "ymax": 203, "xmax": 204}}], [{"tid": 0, "generated": 0, "bbox": {"xmin": 181, "ymin": 183, "ymax": 232, "xmax": 200}}, {"tid": 1, "generated": 0, "bbox": {"xmin": 168, "ymin": 148, "ymax": 203, "xmax": 206}}], [{"tid": 0, "generated": 0, "bbox": {"xmin": 182, "ymin": 184, "ymax": 234, "xmax": 202}}, {"tid": 1, "generated": 0, "bbox": {"xmin": 168, "ymin": 148, "ymax": 203, "xmax": 208}}], [{"tid": 0, "generated": 0, "bbox": {"xmin": 182, "ymin": 184, "ymax": 235, "xmax": 203}}, {"tid": 1, "generated": 0, "bbox": {"xmin": 169, "ymin": 149, "ymax": 204, "xmax": 209}}], [{"tid": 0, "generated": 0, "bbox": {"xmin": 182, "ymin": 185, "ymax": 236, "xmax": 204}}, {"tid": 1, "generated": 0, "bbox": {"xmin": 170, "ymin": 150, "ymax": 205, "xmax": 210}}], [{"tid": 0, "generated": 0, "bbox": {"xmin": 182, "ymin": 185, "ymax": 237, "xmax": 205}}, {"tid": 1, "generated": 0, "bbox": {"xmin": 171, "ymin": 150, "ymax": 205, "xmax": 211}}], [{"tid": 0, "generated": 0, "bbox": {"xmin": 183, "ymin": 186, "ymax": 238, "xmax": 206}}, {"tid": 1, "generated": 0, "bbox": {"xmin": 172, "ymin": 151, "ymax": 206, "xmax": 212}}], [{"tid": 0, "generated": 0, "bbox": {"xmin": 183, "ymin": 186, "ymax": 240, "xmax": 207}}, {"tid": 1, "generated": 0, "bbox": {"xmin": 173, "ymin": 152, "ymax": 207, "xmax": 213}}], [{"tid": 0, "generated": 0, "bbox": {"xmin": 183, "ymin": 187, "ymax": 241, "xmax": 208}}, {"tid": 1, "generated": 0, "bbox": {"xmin": 173, "ymin": 152, "ymax": 207, "xmax": 213}}], [{"tid": 0, "generated": 0, "bbox": {"xmin": 184, "ymin": 187, "ymax": 242, "xmax": 209}}, {"tid": 1, "generated": 0, "bbox": {"xmin": 174, "ymin": 152, "ymax": 207, "xmax": 214}}], [{"tid": 0, "generated": 0, "bbox": {"xmin": 184, "ymin": 188, "ymax": 243, "xmax": 210}}, {"tid": 1, "generated": 0, "bbox": {"xmin": 174, "ymin": 152, "ymax": 207, "xmax": 214}}], [{"tid": 0, "generated": 0, "bbox": {"xmin": 184, "ymin": 188, "ymax": 244, "xmax": 211}}, {"tid": 1, "generated": 0, "bbox": {"xmin": 175, "ymin": 152, "ymax": 207, "xmax": 215}}], [{"tid": 0, "generated": 0, "bbox": {"xmin": 185, "ymin": 189, "ymax": 246, "xmax": 213}}, {"tid": 1, "generated": 0, "bbox": {"xmin": 175, "ymin": 152, "ymax": 207, "xmax": 215}}], [{"tid": 0, "generated": 0, "bbox": {"xmin": 185, "ymin": 188, "ymax": 246, "xmax": 213}}, {"tid": 1, "generated": 0, "bbox": {"xmin": 175, "ymin": 150, "ymax": 211, "xmax": 216}}], [{"tid": 0, "generated": 0, "bbox": {"xmin": 185, "ymin": 187, "ymax": 247, "xmax": 213}}, {"tid": 1, "generated": 0, "bbox": {"xmin": 176, "ymin": 149, "ymax": 216, "xmax": 217}}], [{"tid": 0, "generated": 0, "bbox": {"xmin": 185, "ymin": 186, "ymax": 247, "xmax": 214}}, {"tid": 1, "generated": 0, "bbox": {"xmin": 176, "ymin": 147, "ymax": 220, "xmax": 218}}], [{"tid": 0, "generated": 0, "bbox": {"xmin": 185, "ymin": 186, "ymax": 248, "xmax": 214}}, {"tid": 1, "generated": 0, "bbox": {"xmin": 177, "ymin": 146, "ymax": 225, "xmax": 219}}], [{"tid": 0, "generated": 0, "bbox": {"xmin": 185, "ymin": 185, "ymax": 248, "xmax": 215}}, {"tid": 1, "generated": 0, "bbox": {"xmin": 177, "ymin": 144, "ymax": 229, "xmax": 220}}], [{"tid": 0, "generated": 0, "bbox": {"xmin": 185, "ymin": 184, "ymax": 249, "xmax": 215}}, {"tid": 1, "generated": 0, "bbox": {"xmin": 177, "ymin": 142, "ymax": 228, "xmax": 221}}], [{"tid": 0, "generated": 0, "bbox": {"xmin": 185, "ymin": 184, "ymax": 250, "xmax": 216}}, {"tid": 1, "generated": 0, "bbox": {"xmin": 177, "ymin": 141, "ymax": 227, "xmax": 221}}], [{"tid": 0, "generated": 0, "bbox": {"xmin": 185, "ymin": 184, "ymax": 249, "xmax": 216}}, {"tid": 1, "generated": 0, "bbox": {"xmin": 177, "ymin": 139, "ymax": 226, "xmax": 222}}], [{"tid": 0, "generated": 0, "bbox": {"xmin": 185, "ymin": 184, "ymax": 249, "xmax": 217}}, {"tid": 1, "generated": 0, "bbox": {"xmin": 177, "ymin": 138, "ymax": 225, "xmax": 222}}], [{"tid": 0, "generated": 0, "bbox": {"xmin": 185, "ymin": 184, "ymax": 249, "xmax": 218}}, {"tid": 1, "generated": 0, "bbox": {"xmin": 177, "ymin": 136, "ymax": 224, "xmax": 223}}], [{"tid": 0, "generated": 0, "bbox": {"xmin": 184, "ymin": 184, "ymax": 250, "xmax": 217}}, {"tid": 1, "generated": 0, "bbox": {"xmin": 177, "ymin": 135, "ymax": 225, "xmax": 223}}], [{"tid": 0, "generated": 0, "bbox": {"xmin": 183, "ymin": 184, "ymax": 251, "xmax": 216}}, {"tid": 1, "generated": 0, "bbox": {"xmin": 177, "ymin": 134, "ymax": 227, "xmax": 224}}], [{"tid": 0, "generated": 0, "bbox": {"xmin": 182, "ymin": 185, "ymax": 252, "xmax": 216}}, {"tid": 1, "generated": 0, "bbox": {"xmin": 177, "ymin": 132, "ymax": 228, "xmax": 224}}], [{"tid": 0, "generated": 0, "bbox": {"xmin": 182, "ymin": 186, "ymax": 254, "xmax": 217}}, {"tid": 1, "generated": 0, "bbox": {"xmin": 177, "ymin": 131, "ymax": 230, "xmax": 225}}], [{"tid": 0, "generated": 0, "bbox": {"xmin": 182, "ymin": 183, "ymax": 255, "xmax": 218}}, {"tid": 1, "generated": 0, "bbox": {"xmin": 177, "ymin": 130, "ymax": 231, "xmax": 225}}], [{"tid": 0, "generated": 0, "bbox": {"xmin": 182, "ymin": 181, "ymax": 257, "xmax": 219}}, {"tid": 1, "generated": 0, "bbox": {"xmin": 175, "ymin": 128, "ymax": 233, "xmax": 226}}], [{"tid": 0, "generated": 0, "bbox": {"xmin": 182, "ymin": 179, "ymax": 259, "xmax": 220}}, {"tid": 1, "generated": 0, "bbox": {"xmin": 173, "ymin": 125, "ymax": 236, "xmax": 227}}], [{"tid": 0, "generated": 0, "bbox": {"xmin": 181, "ymin": 178, "ymax": 255, "xmax": 219}}, {"tid": 1, "generated": 0, "bbox": {"xmin": 172, "ymin": 123, "ymax": 238, "xmax": 228}}], [{"tid": 0, "generated": 0, "bbox": {"xmin": 181, "ymin": 177, "ymax": 259, "xmax": 221}}, {"tid": 1, "generated": 0, "bbox": {"xmin": 170, "ymin": 120, "ymax": 241, "xmax": 229}}], [{"tid": 0, "generated": 0, "bbox": {"xmin": 182, "ymin": 177, "ymax": 263, "xmax": 223}}, {"tid": 1, "generated": 0, "bbox": {"xmin": 168, "ymin": 118, "ymax": 243, "xmax": 230}}], [{"tid": 0, "generated": 0, "bbox": {"xmin": 181, "ymin": 176, "ymax": 263, "xmax": 224}}, {"tid": 1, "generated": 0, "bbox": {"xmin": 168, "ymin": 116, "ymax": 246, "xmax": 232}}], [{"tid": 0, "generated": 0, "bbox": {"xmin": 181, "ymin": 176, "ymax": 263, "xmax": 225}}, {"tid": 1, "generated": 0, "bbox": {"xmin": 168, "ymin": 114, "ymax": 249, "xmax": 233}}], [{"tid": 0, "generated": 0, "bbox": {"xmin": 181, "ymin": 176, "ymax": 264, "xmax": 226}}, {"tid": 1, "generated": 0, "bbox": {"xmin": 167, "ymin": 113, "ymax": 251, "xmax": 235}}], [{"tid": 0, "generated": 0, "bbox": {"xmin": 180, "ymin": 176, "ymax": 261, "xmax": 227}}, {"tid": 1, "generated": 0, "bbox": {"xmin": 167, "ymin": 111, "ymax": 254, "xmax": 236}}], [{"tid": 0, "generated": 0, "bbox": {"xmin": 180, "ymin": 176, "ymax": 258, "xmax": 228}}, {"tid": 1, "generated": 0, "bbox": {"xmin": 167, "ymin": 109, "ymax": 257, "xmax": 238}}], [{"tid": 0, "generated": 0, "bbox": {"xmin": 180, "ymin": 174, "ymax": 258, "xmax": 229}}, {"tid": 1, "generated": 0, "bbox": {"xmin": 167, "ymin": 106, "ymax": 254, "xmax": 240}}], [{"tid": 0, "generated": 0, "bbox": {"xmin": 180, "ymin": 172, "ymax": 258, "xmax": 230}}, {"tid": 1, "generated": 0, "bbox": {"xmin": 166, "ymin": 103, "ymax": 251, "xmax": 241}}], [{"tid": 0, "generated": 0, "bbox": {"xmin": 180, "ymin": 171, "ymax": 259, "xmax": 232}}, {"tid": 1, "generated": 0, "bbox": {"xmin": 166, "ymin": 100, "ymax": 249, "xmax": 243}}], [{"tid": 0, "generated": 0, "bbox": {"xmin": 180, "ymin": 169, "ymax": 259, "xmax": 233}}, {"tid": 1, "generated": 0, "bbox": {"xmin": 165, "ymin": 97, "ymax": 246, "xmax": 244}}], [{"tid": 0, "generated": 0, "bbox": {"xmin": 181, "ymin": 168, "ymax": 260, "xmax": 235}}, {"tid": 1, "generated": 0, "bbox": {"xmin": 165, "ymin": 94, "ymax": 243, "xmax": 246}}], [{"tid": 0, "generated": 0, "bbox": {"xmin": 180, "ymin": 166, "ymax": 262, "xmax": 236}}, {"tid": 1, "generated": 0, "bbox": {"xmin": 163, "ymin": 90, "ymax": 241, "xmax": 248}}], [{"tid": 0, "generated": 0, "bbox": {"xmin": 179, "ymin": 162, "ymax": 264, "xmax": 237}}, {"tid": 1, "generated": 0, "bbox": {"xmin": 162, "ymin": 86, "ymax": 239, "xmax": 250}}], [{"tid": 0, "generated": 0, "bbox": {"xmin": 175, "ymin": 160, "ymax": 262, "xmax": 235}}, {"tid": 1, "generated": 0, "bbox": {"xmin": 160, "ymin": 82, "ymax": 238, "xmax": 251}}], [{"tid": 0, "generated": 0, "bbox": {"xmin": 174, "ymin": 156, "ymax": 263, "xmax": 236}}, {"tid": 1, "generated": 0, "bbox": {"xmin": 159, "ymin": 78, "ymax": 236, "xmax": 253}}], [{"tid": 0, "generated": 0, "bbox": {"xmin": 173, "ymin": 150, "ymax": 262, "xmax": 238}}, {"tid": 1, "generated": 0, "bbox": {"xmin": 157, "ymin": 74, "ymax": 234, "xmax": 255}}], [{"tid": 0, "generated": 0, "bbox": {"xmin": 172, "ymin": 145, "ymax": 261, "xmax": 241}}, {"tid": 1, "generated": 0, "bbox": {"xmin": 156, "ymin": 68, "ymax": 235, "xmax": 255}}], [{"tid": 0, "generated": 0, "bbox": {"xmin": 170, "ymin": 136, "ymax": 262, "xmax": 240}}, {"tid": 1, "generated": 0, "bbox": {"xmin": 155, "ymin": 63, "ymax": 236, "xmax": 255}}], [{"tid": 0, "generated": 0, "bbox": {"xmin": 169, "ymin": 131, "ymax": 260, "xmax": 240}}, {"tid": 1, "generated": 0, "bbox": {"xmin": 155, "ymin": 57, "ymax": 238, "xmax": 255}}], [{"tid": 0, "generated": 0, "bbox": {"xmin": 167, "ymin": 128, "ymax": 261, "xmax": 240}}, {"tid": 1, "generated": 0, "bbox": {"xmin": 154, "ymin": 52, "ymax": 239, "xmax": 255}}], [{"tid": 0, "generated": 0, "bbox": {"xmin": 166, "ymin": 126, "ymax": 262, "xmax": 241}}, {"tid": 1, "generated": 0, "bbox": {"xmin": 153, "ymin": 46, "ymax": 240, "xmax": 255}}], [{"tid": 0, "generated": 0, "bbox": {"xmin": 159, "ymin": 122, "ymax": 267, "xmax": 238}}, {"tid": 1, "generated": 0, "bbox": {"xmin": 149, "ymin": 38, "ymax": 241, "xmax": 252}}], [{"tid": 0, "generated": 0, "bbox": {"xmin": 150, "ymin": 116, "ymax": 261, "xmax": 232}}, {"tid": 1, "generated": 0, "bbox": {"xmin": 145, "ymin": 30, "ymax": 242, "xmax": 250}}], [{"tid": 0, "generated": 0, "bbox": {"xmin": 142, "ymin": 106, "ymax": 260, "xmax": 229}}, {"tid": 1, "generated": 0, "bbox": {"xmin": 142, "ymin": 23, "ymax": 242, "xmax": 247}}], [{"tid": 0, "generated": 0, "bbox": {"xmin": 139, "ymin": 100, "ymax": 262, "xmax": 226}}, {"tid": 1, "generated": 0, "bbox": {"xmin": 138, "ymin": 15, "ymax": 243, "xmax": 245}}], [{"tid": 0, "generated": 0, "bbox": {"xmin": 132, "ymin": 95, "ymax": 266, "xmax": 224}}, {"tid": 1, "generated": 0, "bbox": {"xmin": 134, "ymin": 7, "ymax": 244, "xmax": 242}}], [{"tid": 0, "generated": 0, "bbox": {"xmin": 128, "ymin": 90, "ymax": 270, "xmax": 220}}, {"tid": 1, "generated": 0, "bbox": {"xmin": 124, "ymin": 6, "ymax": 244, "xmax": 239}}], [{"tid": 0, "generated": 0, "bbox": {"xmin": 117, "ymin": 84, "ymax": 274, "xmax": 216}}, {"tid": 1, "generated": 0, "bbox": {"xmin": 115, "ymin": 5, "ymax": 245, "xmax": 236}}], [{"tid": 0, "generated": 0, "bbox": {"xmin": 107, "ymin": 79, "ymax": 278, "xmax": 212}}, {"tid": 1, "generated": 0, "bbox": {"xmin": 105, "ymin": 4, "ymax": 245, "xmax": 232}}], [{"tid": 0, "generated": 0, "bbox": {"xmin": 97, "ymin": 73, "ymax": 282, "xmax": 208}}, {"tid": 1, "generated": 0, "bbox": {"xmin": 96, "ymin": 3, "ymax": 246, "xmax": 229}}]], "subject/objects": [{"category": "bicycle", "tid": 0}, {"category": "person", "tid": 1}], "relation_instances": [{"end_fid": 45, "subject_tid": 0, "predicate": "move_beneath", "begin_fid": 15, "object_tid": 1}, {"end_fid": 45, "subject_tid": 1, "predicate": "sit_above", "begin_fid": 15, "object_tid": 0}, {"end_fid": 45, "subject_tid": 1, "predicate": "ride", "begin_fid": 15, "object_tid": 0}, {"end_fid": 60, "subject_tid": 0, "predicate": "move_beneath", "begin_fid": 30, "object_tid": 1}, {"end_fid": 60, "subject_tid": 1, "predicate": "sit_above", "begin_fid": 30, "object_tid": 0}, {"end_fid": 60, "subject_tid": 1, "predicate": "ride", "begin_fid": 30, "object_tid": 0}, {"end_fid": 75, "subject_tid": 0, "predicate": "move_beneath", "begin_fid": 45, "object_tid": 1}, {"end_fid": 75, "subject_tid": 1, "predicate": "sit_above", "begin_fid": 45, "object_tid": 0}, {"end_fid": 75, "subject_tid": 1, "predicate": "ride", "begin_fid": 45, "object_tid": 0}, {"end_fid": 90, "subject_tid": 0, "predicate": "move_beneath", "begin_fid": 60, "object_tid": 1}, {"end_fid": 90, "subject_tid": 1, "predicate": "sit_above", "begin_fid": 60, "object_tid": 0}, {"end_fid": 90, "subject_tid": 1, "predicate": "ride", "begin_fid": 60, "object_tid": 0}, {"end_fid": 105, "subject_tid": 0, "predicate": "move_beneath", "begin_fid": 75, "object_tid": 1}, {"end_fid": 105, "subject_tid": 1, "predicate": "sit_above", "begin_fid": 75, "object_tid": 0}, {"end_fid": 105, "subject_tid": 1, "predicate": "ride", "begin_fid": 75, "object_tid": 0}, {"end_fid": 120, "subject_tid": 0, "predicate": "move_beneath", "begin_fid": 90, "object_tid": 1}, {"end_fid": 120, "subject_tid": 1, "predicate": "sit_above", "begin_fid": 90, "object_tid": 0}, {"end_fid": 120, "subject_tid": 1, "predicate": "ride", "begin_fid": 90, "object_tid": 0}, {"end_fid": 135, "subject_tid": 0, "predicate": "move_beneath", "begin_fid": 105, "object_tid": 1}, {"end_fid": 135, "subject_tid": 1, "predicate": "sit_above", "begin_fid": 105, "object_tid": 0}, {"end_fid": 135, "subject_tid": 1, "predicate": "ride", "begin_fid": 105, "object_tid": 0}, {"end_fid": 150, "subject_tid": 0, "predicate": "move_beneath", "begin_fid": 120, "object_tid": 1}, {"end_fid": 150, "subject_tid": 1, "predicate": "sit_above", "begin_fid": 120, "object_tid": 0}, {"end_fid": 150, "subject_tid": 1, "predicate": "ride", "begin_fid": 120, "object_tid": 0}], "height": 360}