{"width": 1280, "frame_count": 390, "video_id": "ILSVRC2015_train_00269002", "fps": 30, "trajectories": [[{"tid": 0, "generated": 0, "bbox": {"xmin": 640, "ymin": 376, "ymax": 503, "xmax": 801}}, {"tid": 1, "generated": 0, "bbox": {"xmin": 568, "ymin": 448, "ymax": 567, "xmax": 689}}, {"tid": 2, "generated": 0, "bbox": {"xmin": 538, "ymin": 357, "ymax": 453, "xmax": 597}}], [{"tid": 0, "generated": 0, "bbox": {"xmin": 638, "ymin": 382, "ymax": 508, "xmax": 798}}, {"tid": 1, "generated": 0, "bbox": {"xmin": 572, "ymin": 453, "ymax": 570, "xmax": 691}}, {"tid": 2, "generated": 0, "bbox": {"xmin": 547, "ymin": 362, "ymax": 453, "xmax": 597}}], [{"tid": 0, "generated": 0, "bbox": {"xmin": 632, "ymin": 387, "ymax": 513, "xmax": 791}}, {"tid": 1, "generated": 0, "bbox": {"xmin": 565, "ymin": 460, "ymax": 576, "xmax": 680}}, {"tid": 2, "generated": 0, "bbox": {"xmin": 531, "ymin": 371, "ymax": 472, "xmax": 604}}], [{"tid": 0, "generated": 0, "bbox": {"xmin": 629, "ymin": 391, "ymax": 522, "xmax": 776}}, {"tid": 1, "generated": 0, "bbox": {"xmin": 568, "ymin": 465, "ymax": 583, "xmax": 679}}, {"tid": 2, "generated": 0, "bbox": {"xmin": 531, "ymin": 375, "ymax": 490, "xmax": 600}}], [{"tid": 0, "generated": 0, "bbox": {"xmin": 636, "ymin": 398, "ymax": 526, "xmax": 778}}, {"tid": 1, "generated": 0, "bbox": {"xmin": 572, "ymin": 471, "ymax": 588, "xmax": 682}}, {"tid": 2, "generated": 0, "bbox": {"xmin": 531, "ymin": 378, "ymax": 496, "xmax": 602}}], [{"tid": 0, "generated": 0, "bbox": {"xmin": 624, "ymin": 407, "ymax": 529, "xmax": 778}}, {"tid": 1, "generated": 0, "bbox": {"xmin": 572, "ymin": 480, "ymax": 592, "xmax": 693}}, {"tid": 2, "generated": 0, "bbox": {"xmin": 538, "ymin": 378, "ymax": 483, "xmax": 618}}], [{"tid": 0, "generated": 0, "bbox": {"xmin": 648, "ymin": 419, "ymax": 547, "xmax": 792}}, {"tid": 1, "generated": 0, "bbox": {"xmin": 583, "ymin": 490, "ymax": 602, "xmax": 709}}, {"tid": 2, "generated": 0, "bbox": {"xmin": 570, "ymin": 394, "ymax": 490, "xmax": 648}}], [{"tid": 0, "generated": 0, "bbox": {"xmin": 670, "ymin": 435, "ymax": 554, "xmax": 821}}, {"tid": 1, "generated": 0, "bbox": {"xmin": 600, "ymin": 503, "ymax": 613, "xmax": 728}}, {"tid": 2, "generated": 0, "bbox": {"xmin": 577, "ymin": 398, "ymax": 504, "xmax": 657}}], [{"tid": 0, "generated": 0, "bbox": {"xmin": 696, "ymin": 430, "ymax": 549, "xmax": 844}}, {"tid": 1, "generated": 0, "bbox": {"xmin": 620, "ymin": 497, "ymax": 632, "xmax": 744}}, {"tid": 2, "generated": 0, "bbox": {"xmin": 588, "ymin": 385, "ymax": 496, "xmax": 689}}], [{"tid": 0, "generated": 0, "bbox": {"xmin": 712, "ymin": 432, "ymax": 547, "xmax": 869}}, {"tid": 1, "generated": 0, "bbox": {"xmin": 636, "ymin": 510, "ymax": 634, "xmax": 766}}, {"tid": 2, "generated": 0, "bbox": {"xmin": 597, "ymin": 382, "ymax": 510, "xmax": 711}}], [{"tid": 0, "generated": 0, "bbox": {"xmin": 727, "ymin": 433, "ymax": 552, "xmax": 885}}, {"tid": 1, "generated": 0, "bbox": {"xmin": 661, "ymin": 501, "ymax": 613, "xmax": 782}}, {"tid": 2, "generated": 0, "bbox": {"xmin": 618, "ymin": 385, "ymax": 503, "xmax": 721}}], [{"tid": 0, "generated": 0, "bbox": {"xmin": 748, "ymin": 442, "ymax": 560, "xmax": 904}}, {"tid": 1, "generated": 0, "bbox": {"xmin": 680, "ymin": 508, "ymax": 620, "xmax": 810}}, {"tid": 2, "generated": 0, "bbox": {"xmin": 659, "ymin": 384, "ymax": 506, "xmax": 746}}], [{"tid": 0, "generated": 0, "bbox": {"xmin": 780, "ymin": 455, "ymax": 567, "xmax": 926}}, {"tid": 1, "generated": 0, "bbox": {"xmin": 702, "ymin": 513, "ymax": 631, "xmax": 835}}, {"tid": 2, "generated": 0, "bbox": {"xmin": 688, "ymin": 391, "ymax": 512, "xmax": 771}}], [{"tid": 0, "generated": 0, "bbox": {"xmin": 816, "ymin": 456, "ymax": 572, "xmax": 961}}, {"tid": 1, "generated": 0, "bbox": {"xmin": 736, "ymin": 519, "ymax": 640, "xmax": 865}}, {"tid": 2, "generated": 0, "bbox": {"xmin": 725, "ymin": 398, "ymax": 520, "xmax": 808}}], [{"tid": 0, "generated": 0, "bbox": {"xmin": 840, "ymin": 465, "ymax": 572, "xmax": 992}}, {"tid": 1, "generated": 0, "bbox": {"xmin": 759, "ymin": 535, "ymax": 654, "xmax": 894}}, {"tid": 2, "generated": 0, "bbox": {"xmin": 753, "ymin": 403, "ymax": 536, "xmax": 835}}], [{"tid": 0, "generated": 0, "bbox": {"xmin": 867, "ymin": 480, "ymax": 593, "xmax": 1024}}, {"tid": 1, "generated": 0, "bbox": {"xmin": 785, "ymin": 538, "ymax": 659, "xmax": 917}}, {"tid": 2, "generated": 0, "bbox": {"xmin": 784, "ymin": 412, "ymax": 538, "xmax": 867}}], [{"tid": 0, "generated": 0, "bbox": {"xmin": 887, "ymin": 481, "ymax": 593, "xmax": 1047}}, {"tid": 1, "generated": 0, "bbox": {"xmin": 805, "ymin": 540, "ymax": 657, "xmax": 935}}, {"tid": 2, "generated": 0, "bbox": {"xmin": 800, "ymin": 421, "ymax": 542, "xmax": 881}}], [{"tid": 0, "generated": 0, "bbox": {"xmin": 896, "ymin": 485, "ymax": 602, "xmax": 1066}}, {"tid": 1, "generated": 0, "bbox": {"xmin": 814, "ymin": 529, "ymax": 656, "xmax": 942}}, {"tid": 2, "generated": 0, "bbox": {"xmin": 805, "ymin": 421, "ymax": 538, "xmax": 890}}], [{"tid": 0, "generated": 0, "bbox": {"xmin": 897, "ymin": 485, "ymax": 616, "xmax": 1075}}, {"tid": 1, "generated": 0, "bbox": {"xmin": 823, "ymin": 531, "ymax": 657, "xmax": 951}}, {"tid": 2, "generated": 0, "bbox": {"xmin": 814, "ymin": 419, "ymax": 536, "xmax": 894}}], [{"tid": 0, "generated": 0, "bbox": {"xmin": 897, "ymin": 485, "ymax": 620, "xmax": 1088}}, {"tid": 1, "generated": 0, "bbox": {"xmin": 830, "ymin": 536, "ymax": 672, "xmax": 949}}, {"tid": 2, "generated": 0, "bbox": {"xmin": 824, "ymin": 423, "ymax": 535, "xmax": 894}}], [{"tid": 0, "generated": 0, "bbox": {"xmin": 903, "ymin": 487, "ymax": 625, "xmax": 1095}}, {"tid": 1, "generated": 0, "bbox": {"xmin": 830, "ymin": 538, "ymax": 670, "xmax": 947}}, {"tid": 2, "generated": 0, "bbox": {"xmin": 823, "ymin": 426, "ymax": 538, "xmax": 897}}], [{"tid": 0, "generated": 0, "bbox": {"xmin": 906, "ymin": 490, "ymax": 634, "xmax": 1100}}, {"tid": 1, "generated": 0, "bbox": {"xmin": 833, "ymin": 538, "ymax": 672, "xmax": 951}}, {"tid": 2, "generated": 0, "bbox": {"xmin": 832, "ymin": 435, "ymax": 538, "xmax": 899}}], [{"tid": 0, "generated": 0, "bbox": {"xmin": 908, "ymin": 490, "ymax": 632, "xmax": 1102}}, {"tid": 1, "generated": 0, "bbox": {"xmin": 837, "ymin": 545, "ymax": 679, "xmax": 958}}, {"tid": 2, "generated": 0, "bbox": {"xmin": 837, "ymin": 432, "ymax": 538, "xmax": 901}}], [{"tid": 0, "generated": 0, "bbox": {"xmin": 904, "ymin": 492, "ymax": 634, "xmax": 1098}}, {"tid": 1, "generated": 0, "bbox": {"xmin": 833, "ymin": 552, "ymax": 682, "xmax": 952}}, {"tid": 2, "generated": 0, "bbox": {"xmin": 835, "ymin": 437, "ymax": 549, "xmax": 901}}], [{"tid": 0, "generated": 0, "bbox": {"xmin": 897, "ymin": 490, "ymax": 638, "xmax": 1100}}, {"tid": 1, "generated": 0, "bbox": {"xmin": 835, "ymin": 542, "ymax": 682, "xmax": 952}}, {"tid": 2, "generated": 0, "bbox": {"xmin": 839, "ymin": 435, "ymax": 542, "xmax": 903}}], [{"tid": 0, "generated": 0, "bbox": {"xmin": 899, "ymin": 492, "ymax": 638, "xmax": 1100}}, {"tid": 1, "generated": 0, "bbox": {"xmin": 833, "ymin": 544, "ymax": 682, "xmax": 951}}, {"tid": 2, "generated": 0, "bbox": {"xmin": 840, "ymin": 439, "ymax": 542, "xmax": 903}}], [{"tid": 0, "generated": 0, "bbox": {"xmin": 894, "ymin": 492, "ymax": 641, "xmax": 1095}}, {"tid": 1, "generated": 0, "bbox": {"xmin": 830, "ymin": 544, "ymax": 686, "xmax": 945}}, {"tid": 2, "generated": 0, "bbox": {"xmin": 837, "ymin": 442, "ymax": 542, "xmax": 899}}], [{"tid": 0, "generated": 0, "bbox": {"xmin": 888, "ymin": 492, "ymax": 634, "xmax": 1086}}, {"tid": 1, "generated": 0, "bbox": {"xmin": 824, "ymin": 545, "ymax": 688, "xmax": 938}}, {"tid": 2, "generated": 0, "bbox": {"xmin": 830, "ymin": 442, "ymax": 544, "xmax": 896}}], [{"tid": 0, "generated": 0, "bbox": {"xmin": 883, "ymin": 488, "ymax": 631, "xmax": 1073}}, {"tid": 1, "generated": 0, "bbox": {"xmin": 823, "ymin": 549, "ymax": 689, "xmax": 933}}, {"tid": 2, "generated": 0, "bbox": {"xmin": 824, "ymin": 442, "ymax": 547, "xmax": 892}}], [{"tid": 0, "generated": 0, "bbox": {"xmin": 881, "ymin": 488, "ymax": 620, "xmax": 1056}}, {"tid": 1, "generated": 0, "bbox": {"xmin": 817, "ymin": 549, "ymax": 686, "xmax": 926}}, {"tid": 2, "generated": 0, "bbox": {"xmin": 823, "ymin": 442, "ymax": 544, "xmax": 885}}], [], [], [], [], [], [], [], [], [], [], [], [], [], [], [], [], [], [], [], [], [], [], [], [], [], [], [], [], [], [], [{"tid": 0, "generated": 0, "bbox": {"xmin": 739, "ymin": 448, "ymax": 579, "xmax": 888}}, {"tid": 1, "generated": 0, "bbox": {"xmin": 670, "ymin": 581, "ymax": 648, "xmax": 776}}, {"tid": 2, "generated": 0, "bbox": {"xmin": 679, "ymin": 449, "ymax": 586, "xmax": 757}}], [{"tid": 0, "generated": 0, "bbox": {"xmin": 743, "ymin": 442, "ymax": 572, "xmax": 881}}, {"tid": 1, "generated": 0, "bbox": {"xmin": 672, "ymin": 576, "ymax": 641, "xmax": 778}}, {"tid": 2, "generated": 0, "bbox": {"xmin": 677, "ymin": 442, "ymax": 579, "xmax": 753}}], [{"tid": 0, "generated": 0, "bbox": {"xmin": 739, "ymin": 437, "ymax": 570, "xmax": 874}}, {"tid": 1, "generated": 0, "bbox": {"xmin": 670, "ymin": 568, "ymax": 636, "xmax": 773}}, {"tid": 2, "generated": 0, "bbox": {"xmin": 677, "ymin": 440, "ymax": 581, "xmax": 755}}], [{"tid": 0, "generated": 0, "bbox": {"xmin": 736, "ymin": 433, "ymax": 574, "xmax": 871}}, {"tid": 1, "generated": 0, "bbox": {"xmin": 677, "ymin": 568, "ymax": 632, "xmax": 773}}, {"tid": 2, "generated": 0, "bbox": {"xmin": 677, "ymin": 442, "ymax": 581, "xmax": 759}}], [{"tid": 0, "generated": 0, "bbox": {"xmin": 739, "ymin": 435, "ymax": 574, "xmax": 872}}, {"tid": 1, "generated": 0, "bbox": {"xmin": 677, "ymin": 560, "ymax": 631, "xmax": 771}}, {"tid": 2, "generated": 0, "bbox": {"xmin": 677, "ymin": 439, "ymax": 568, "xmax": 757}}], [{"tid": 0, "generated": 0, "bbox": {"xmin": 737, "ymin": 432, "ymax": 570, "xmax": 874}}, {"tid": 1, "generated": 0, "bbox": {"xmin": 675, "ymin": 560, "ymax": 627, "xmax": 768}}, {"tid": 2, "generated": 0, "bbox": {"xmin": 672, "ymin": 437, "ymax": 570, "xmax": 753}}], [{"tid": 0, "generated": 0, "bbox": {"xmin": 728, "ymin": 430, "ymax": 568, "xmax": 874}}, {"tid": 1, "generated": 0, "bbox": {"xmin": 673, "ymin": 563, "ymax": 631, "xmax": 757}}, {"tid": 2, "generated": 0, "bbox": {"xmin": 670, "ymin": 437, "ymax": 576, "xmax": 752}}], [{"tid": 0, "generated": 0, "bbox": {"xmin": 725, "ymin": 428, "ymax": 567, "xmax": 874}}, {"tid": 1, "generated": 0, "bbox": {"xmin": 675, "ymin": 558, "ymax": 625, "xmax": 760}}, {"tid": 2, "generated": 0, "bbox": {"xmin": 650, "ymin": 437, "ymax": 602, "xmax": 752}}], [{"tid": 0, "generated": 0, "bbox": {"xmin": 730, "ymin": 428, "ymax": 568, "xmax": 876}}, {"tid": 1, "generated": 0, "bbox": {"xmin": 675, "ymin": 556, "ymax": 625, "xmax": 762}}, {"tid": 2, "generated": 0, "bbox": {"xmin": 652, "ymin": 430, "ymax": 602, "xmax": 748}}], [{"tid": 0, "generated": 0, "bbox": {"xmin": 736, "ymin": 423, "ymax": 576, "xmax": 878}}, {"tid": 1, "generated": 0, "bbox": {"xmin": 696, "ymin": 551, "ymax": 618, "xmax": 766}}, {"tid": 2, "generated": 0, "bbox": {"xmin": 654, "ymin": 430, "ymax": 600, "xmax": 752}}], [{"tid": 0, "generated": 0, "bbox": {"xmin": 737, "ymin": 421, "ymax": 570, "xmax": 881}}, {"tid": 1, "generated": 0, "bbox": {"xmin": 682, "ymin": 535, "ymax": 615, "xmax": 778}}, {"tid": 2, "generated": 0, "bbox": {"xmin": 659, "ymin": 430, "ymax": 593, "xmax": 755}}], [{"tid": 0, "generated": 0, "bbox": {"xmin": 737, "ymin": 419, "ymax": 565, "xmax": 887}}, {"tid": 1, "generated": 0, "bbox": {"xmin": 686, "ymin": 538, "ymax": 618, "xmax": 780}}, {"tid": 2, "generated": 0, "bbox": {"xmin": 666, "ymin": 430, "ymax": 595, "xmax": 762}}], [{"tid": 0, "generated": 0, "bbox": {"xmin": 746, "ymin": 417, "ymax": 568, "xmax": 892}}, {"tid": 1, "generated": 0, "bbox": {"xmin": 700, "ymin": 545, "ymax": 624, "xmax": 791}}, {"tid": 2, "generated": 0, "bbox": {"xmin": 670, "ymin": 426, "ymax": 592, "xmax": 766}}], [{"tid": 0, "generated": 0, "bbox": {"xmin": 746, "ymin": 417, "ymax": 572, "xmax": 888}}, {"tid": 1, "generated": 0, "bbox": {"xmin": 698, "ymin": 552, "ymax": 622, "xmax": 787}}, {"tid": 2, "generated": 0, "bbox": {"xmin": 670, "ymin": 428, "ymax": 588, "xmax": 768}}], [{"tid": 0, "generated": 0, "bbox": {"xmin": 750, "ymin": 414, "ymax": 570, "xmax": 887}}, {"tid": 1, "generated": 0, "bbox": {"xmin": 691, "ymin": 554, "ymax": 620, "xmax": 785}}, {"tid": 2, "generated": 0, "bbox": {"xmin": 670, "ymin": 430, "ymax": 586, "xmax": 764}}], [{"tid": 0, "generated": 0, "bbox": {"xmin": 753, "ymin": 408, "ymax": 563, "xmax": 881}}, {"tid": 1, "generated": 0, "bbox": {"xmin": 695, "ymin": 547, "ymax": 616, "xmax": 785}}, {"tid": 2, "generated": 0, "bbox": {"xmin": 672, "ymin": 423, "ymax": 579, "xmax": 760}}], [{"tid": 0, "generated": 0, "bbox": {"xmin": 755, "ymin": 403, "ymax": 560, "xmax": 878}}, {"tid": 1, "generated": 0, "bbox": {"xmin": 688, "ymin": 542, "ymax": 613, "xmax": 773}}, {"tid": 2, "generated": 0, "bbox": {"xmin": 673, "ymin": 419, "ymax": 576, "xmax": 762}}], [{"tid": 0, "generated": 0, "bbox": {"xmin": 766, "ymin": 401, "ymax": 556, "xmax": 878}}, {"tid": 1, "generated": 0, "bbox": {"xmin": 688, "ymin": 533, "ymax": 602, "xmax": 784}}, {"tid": 2, "generated": 0, "bbox": {"xmin": 673, "ymin": 410, "ymax": 570, "xmax": 760}}], [{"tid": 0, "generated": 0, "bbox": {"xmin": 766, "ymin": 392, "ymax": 547, "xmax": 881}}, {"tid": 1, "generated": 0, "bbox": {"xmin": 691, "ymin": 528, "ymax": 597, "xmax": 784}}, {"tid": 2, "generated": 0, "bbox": {"xmin": 672, "ymin": 405, "ymax": 567, "xmax": 759}}], [{"tid": 0, "generated": 0, "bbox": {"xmin": 761, "ymin": 388, "ymax": 541, "xmax": 881}}, {"tid": 1, "generated": 0, "bbox": {"xmin": 691, "ymin": 525, "ymax": 595, "xmax": 777}}, {"tid": 2, "generated": 0, "bbox": {"xmin": 669, "ymin": 398, "ymax": 562, "xmax": 759}}], [{"tid": 0, "generated": 0, "bbox": {"xmin": 757, "ymin": 384, "ymax": 535, "xmax": 881}}, {"tid": 1, "generated": 0, "bbox": {"xmin": 691, "ymin": 522, "ymax": 593, "xmax": 771}}, {"tid": 2, "generated": 0, "bbox": {"xmin": 666, "ymin": 391, "ymax": 558, "xmax": 760}}], [{"tid": 0, "generated": 0, "bbox": {"xmin": 753, "ymin": 380, "ymax": 538, "xmax": 885}}, {"tid": 1, "generated": 0, "bbox": {"xmin": 695, "ymin": 524, "ymax": 593, "xmax": 773}}, {"tid": 2, "generated": 0, "bbox": {"xmin": 679, "ymin": 387, "ymax": 549, "xmax": 766}}], [{"tid": 0, "generated": 0, "bbox": {"xmin": 764, "ymin": 378, "ymax": 540, "xmax": 881}}, {"tid": 1, "generated": 0, "bbox": {"xmin": 696, "ymin": 526, "ymax": 592, "xmax": 776}}, {"tid": 2, "generated": 0, "bbox": {"xmin": 684, "ymin": 385, "ymax": 545, "xmax": 771}}], [{"tid": 0, "generated": 0, "bbox": {"xmin": 766, "ymin": 375, "ymax": 533, "xmax": 883}}, {"tid": 1, "generated": 0, "bbox": {"xmin": 702, "ymin": 520, "ymax": 588, "xmax": 775}}, {"tid": 2, "generated": 0, "bbox": {"xmin": 654, "ymin": 384, "ymax": 538, "xmax": 773}}], [{"tid": 0, "generated": 0, "bbox": {"xmin": 773, "ymin": 368, "ymax": 531, "xmax": 890}}, {"tid": 1, "generated": 0, "bbox": {"xmin": 700, "ymin": 517, "ymax": 584, "xmax": 776}}, {"tid": 2, "generated": 0, "bbox": {"xmin": 645, "ymin": 384, "ymax": 536, "xmax": 773}}], [{"tid": 0, "generated": 0, "bbox": {"xmin": 771, "ymin": 368, "ymax": 522, "xmax": 894}}, {"tid": 1, "generated": 0, "bbox": {"xmin": 704, "ymin": 517, "ymax": 586, "xmax": 780}}, {"tid": 2, "generated": 0, "bbox": {"xmin": 647, "ymin": 380, "ymax": 524, "xmax": 773}}], [{"tid": 0, "generated": 0, "bbox": {"xmin": 773, "ymin": 366, "ymax": 529, "xmax": 888}}, {"tid": 1, "generated": 0, "bbox": {"xmin": 707, "ymin": 515, "ymax": 584, "xmax": 775}}, {"tid": 2, "generated": 0, "bbox": {"xmin": 650, "ymin": 380, "ymax": 524, "xmax": 775}}], [{"tid": 0, "generated": 0, "bbox": {"xmin": 784, "ymin": 368, "ymax": 520, "xmax": 892}}, {"tid": 1, "generated": 0, "bbox": {"xmin": 696, "ymin": 508, "ymax": 583, "xmax": 773}}, {"tid": 2, "generated": 0, "bbox": {"xmin": 654, "ymin": 380, "ymax": 522, "xmax": 782}}], [{"tid": 0, "generated": 0, "bbox": {"xmin": 778, "ymin": 362, "ymax": 524, "xmax": 892}}, {"tid": 1, "generated": 0, "bbox": {"xmin": 684, "ymin": 512, "ymax": 590, "xmax": 762}}, {"tid": 2, "generated": 0, "bbox": {"xmin": 652, "ymin": 378, "ymax": 524, "xmax": 778}}], [{"tid": 0, "generated": 0, "bbox": {"xmin": 769, "ymin": 364, "ymax": 529, "xmax": 887}}, {"tid": 1, "generated": 0, "bbox": {"xmin": 677, "ymin": 510, "ymax": 584, "xmax": 755}}, {"tid": 2, "generated": 0, "bbox": {"xmin": 648, "ymin": 378, "ymax": 513, "xmax": 764}}], [], [], [], [], [], [], [], [], [], [], [], [], [], [], [], [], [], [], [], [], [], [], [], [], [], [], [], [], [], [], [], [], [], [], [], [], [], [], [], [], [], [], [], [], [], [], [], [], [], [], [], [], [], [], [], [], [], [], [], [], [], [], [], [], [], [], [], [], [], [], [], [], [], [], [], [], [], [], [], [], [], [], [], [], [], [], [], [], [], [], [], [], [], [], [], [], [], [], [], [], [], [], [], [], [], [], [], [], [], [], [], [], [], [], [], [], [], [], [], [], [{"tid": 0, "generated": 0, "bbox": {"xmin": 659, "ymin": 451, "ymax": 673, "xmax": 849}}, {"tid": 1, "generated": 0, "bbox": {"xmin": 257, "ymin": 472, "ymax": 673, "xmax": 512}}, {"tid": 2, "generated": 0, "bbox": {"xmin": 478, "ymin": 440, "ymax": 577, "xmax": 675}}], [{"tid": 0, "generated": 0, "bbox": {"xmin": 663, "ymin": 448, "ymax": 673, "xmax": 853}}, {"tid": 1, "generated": 0, "bbox": {"xmin": 259, "ymin": 471, "ymax": 672, "xmax": 510}}, {"tid": 2, "generated": 0, "bbox": {"xmin": 480, "ymin": 439, "ymax": 574, "xmax": 675}}], [{"tid": 0, "generated": 0, "bbox": {"xmin": 668, "ymin": 449, "ymax": 675, "xmax": 856}}, {"tid": 1, "generated": 0, "bbox": {"xmin": 261, "ymin": 467, "ymax": 668, "xmax": 512}}, {"tid": 2, "generated": 0, "bbox": {"xmin": 478, "ymin": 439, "ymax": 568, "xmax": 679}}], [{"tid": 0, "generated": 0, "bbox": {"xmin": 680, "ymin": 446, "ymax": 677, "xmax": 867}}, {"tid": 1, "generated": 0, "bbox": {"xmin": 268, "ymin": 469, "ymax": 670, "xmax": 519}}, {"tid": 2, "generated": 0, "bbox": {"xmin": 481, "ymin": 428, "ymax": 570, "xmax": 680}}], [{"tid": 0, "generated": 0, "bbox": {"xmin": 682, "ymin": 446, "ymax": 677, "xmax": 867}}, {"tid": 1, "generated": 0, "bbox": {"xmin": 270, "ymin": 467, "ymax": 668, "xmax": 519}}, {"tid": 2, "generated": 0, "bbox": {"xmin": 483, "ymin": 424, "ymax": 572, "xmax": 680}}], [{"tid": 0, "generated": 0, "bbox": {"xmin": 686, "ymin": 444, "ymax": 675, "xmax": 872}}, {"tid": 1, "generated": 0, "bbox": {"xmin": 272, "ymin": 464, "ymax": 670, "xmax": 519}}, {"tid": 2, "generated": 0, "bbox": {"xmin": 485, "ymin": 417, "ymax": 576, "xmax": 680}}], [{"tid": 0, "generated": 0, "bbox": {"xmin": 693, "ymin": 448, "ymax": 684, "xmax": 876}}, {"tid": 1, "generated": 0, "bbox": {"xmin": 279, "ymin": 467, "ymax": 677, "xmax": 526}}, {"tid": 2, "generated": 0, "bbox": {"xmin": 490, "ymin": 398, "ymax": 576, "xmax": 693}}], [{"tid": 0, "generated": 0, "bbox": {"xmin": 693, "ymin": 440, "ymax": 680, "xmax": 874}}, {"tid": 1, "generated": 0, "bbox": {"xmin": 282, "ymin": 467, "ymax": 675, "xmax": 526}}, {"tid": 2, "generated": 0, "bbox": {"xmin": 490, "ymin": 400, "ymax": 577, "xmax": 691}}], [{"tid": 0, "generated": 0, "bbox": {"xmin": 698, "ymin": 439, "ymax": 679, "xmax": 883}}, {"tid": 1, "generated": 0, "bbox": {"xmin": 288, "ymin": 462, "ymax": 672, "xmax": 526}}, {"tid": 2, "generated": 0, "bbox": {"xmin": 496, "ymin": 394, "ymax": 581, "xmax": 693}}], [{"tid": 0, "generated": 0, "bbox": {"xmin": 702, "ymin": 444, "ymax": 682, "xmax": 887}}, {"tid": 1, "generated": 0, "bbox": {"xmin": 291, "ymin": 453, "ymax": 682, "xmax": 528}}, {"tid": 2, "generated": 0, "bbox": {"xmin": 503, "ymin": 407, "ymax": 583, "xmax": 698}}], [{"tid": 0, "generated": 0, "bbox": {"xmin": 698, "ymin": 442, "ymax": 684, "xmax": 888}}, {"tid": 1, "generated": 0, "bbox": {"xmin": 289, "ymin": 451, "ymax": 679, "xmax": 526}}, {"tid": 2, "generated": 0, "bbox": {"xmin": 499, "ymin": 414, "ymax": 581, "xmax": 696}}], [{"tid": 0, "generated": 0, "bbox": {"xmin": 702, "ymin": 442, "ymax": 688, "xmax": 888}}, {"tid": 1, "generated": 0, "bbox": {"xmin": 295, "ymin": 433, "ymax": 680, "xmax": 513}}, {"tid": 2, "generated": 0, "bbox": {"xmin": 501, "ymin": 410, "ymax": 586, "xmax": 696}}], [{"tid": 0, "generated": 0, "bbox": {"xmin": 707, "ymin": 444, "ymax": 688, "xmax": 901}}, {"tid": 1, "generated": 0, "bbox": {"xmin": 305, "ymin": 435, "ymax": 670, "xmax": 520}}, {"tid": 2, "generated": 0, "bbox": {"xmin": 492, "ymin": 407, "ymax": 583, "xmax": 711}}], [{"tid": 0, "generated": 0, "bbox": {"xmin": 714, "ymin": 439, "ymax": 688, "xmax": 903}}, {"tid": 1, "generated": 0, "bbox": {"xmin": 304, "ymin": 435, "ymax": 672, "xmax": 515}}, {"tid": 2, "generated": 0, "bbox": {"xmin": 488, "ymin": 405, "ymax": 583, "xmax": 712}}], [{"tid": 0, "generated": 0, "bbox": {"xmin": 718, "ymin": 439, "ymax": 688, "xmax": 906}}, {"tid": 1, "generated": 0, "bbox": {"xmin": 307, "ymin": 433, "ymax": 654, "xmax": 515}}, {"tid": 2, "generated": 0, "bbox": {"xmin": 497, "ymin": 408, "ymax": 579, "xmax": 718}}], [{"tid": 0, "generated": 0, "bbox": {"xmin": 716, "ymin": 439, "ymax": 689, "xmax": 904}}, {"tid": 1, "generated": 0, "bbox": {"xmin": 314, "ymin": 446, "ymax": 652, "xmax": 517}}, {"tid": 2, "generated": 0, "bbox": {"xmin": 504, "ymin": 421, "ymax": 584, "xmax": 723}}], [{"tid": 0, "generated": 0, "bbox": {"xmin": 723, "ymin": 444, "ymax": 691, "xmax": 910}}, {"tid": 1, "generated": 0, "bbox": {"xmin": 312, "ymin": 440, "ymax": 650, "xmax": 513}}, {"tid": 2, "generated": 0, "bbox": {"xmin": 504, "ymin": 430, "ymax": 584, "xmax": 720}}], [{"tid": 0, "generated": 0, "bbox": {"xmin": 723, "ymin": 442, "ymax": 692, "xmax": 910}}, {"tid": 1, "generated": 0, "bbox": {"xmin": 315, "ymin": 440, "ymax": 650, "xmax": 518}}, {"tid": 2, "generated": 0, "bbox": {"xmin": 506, "ymin": 434, "ymax": 585, "xmax": 724}}], [{"tid": 0, "generated": 0, "bbox": {"xmin": 724, "ymin": 440, "ymax": 693, "xmax": 911}}, {"tid": 1, "generated": 0, "bbox": {"xmin": 319, "ymin": 440, "ymax": 650, "xmax": 524}}, {"tid": 2, "generated": 0, "bbox": {"xmin": 508, "ymin": 438, "ymax": 586, "xmax": 728}}], [{"tid": 0, "generated": 0, "bbox": {"xmin": 724, "ymin": 438, "ymax": 694, "xmax": 912}}, {"tid": 1, "generated": 0, "bbox": {"xmin": 323, "ymin": 440, "ymax": 650, "xmax": 530}}, {"tid": 2, "generated": 0, "bbox": {"xmin": 510, "ymin": 442, "ymax": 588, "xmax": 732}}], [{"tid": 0, "generated": 0, "bbox": {"xmin": 725, "ymin": 437, "ymax": 696, "xmax": 913}}, {"tid": 1, "generated": 0, "bbox": {"xmin": 327, "ymin": 440, "ymax": 650, "xmax": 536}}, {"tid": 2, "generated": 0, "bbox": {"xmin": 510, "ymin": 448, "ymax": 590, "xmax": 734}}], [{"tid": 0, "generated": 0, "bbox": {"xmin": 727, "ymin": 439, "ymax": 697, "xmax": 915}}, {"tid": 1, "generated": 0, "bbox": {"xmin": 336, "ymin": 441, "ymax": 650, "xmax": 542}}, {"tid": 2, "generated": 0, "bbox": {"xmin": 519, "ymin": 448, "ymax": 592, "xmax": 739}}], [{"tid": 0, "generated": 0, "bbox": {"xmin": 730, "ymin": 442, "ymax": 699, "xmax": 918}}, {"tid": 1, "generated": 0, "bbox": {"xmin": 345, "ymin": 443, "ymax": 650, "xmax": 549}}, {"tid": 2, "generated": 0, "bbox": {"xmin": 528, "ymin": 448, "ymax": 595, "xmax": 745}}], [{"tid": 0, "generated": 0, "bbox": {"xmin": 733, "ymin": 445, "ymax": 700, "xmax": 921}}, {"tid": 1, "generated": 0, "bbox": {"xmin": 354, "ymin": 445, "ymax": 650, "xmax": 555}}, {"tid": 2, "generated": 0, "bbox": {"xmin": 537, "ymin": 448, "ymax": 598, "xmax": 750}}], [{"tid": 0, "generated": 0, "bbox": {"xmin": 735, "ymin": 447, "ymax": 702, "xmax": 924}}, {"tid": 1, "generated": 0, "bbox": {"xmin": 363, "ymin": 447, "ymax": 650, "xmax": 562}}, {"tid": 2, "generated": 0, "bbox": {"xmin": 546, "ymin": 448, "ymax": 601, "xmax": 756}}], [{"tid": 0, "generated": 0, "bbox": {"xmin": 738, "ymin": 450, "ymax": 704, "xmax": 927}}, {"tid": 1, "generated": 0, "bbox": {"xmin": 373, "ymin": 449, "ymax": 651, "xmax": 569}}, {"tid": 2, "generated": 0, "bbox": {"xmin": 556, "ymin": 448, "ymax": 604, "xmax": 762}}], [{"tid": 0, "generated": 0, "bbox": {"xmin": 741, "ymin": 453, "ymax": 705, "xmax": 930}}, {"tid": 1, "generated": 0, "bbox": {"xmin": 382, "ymin": 450, "ymax": 651, "xmax": 575}}, {"tid": 2, "generated": 0, "bbox": {"xmin": 567, "ymin": 446, "ymax": 605, "xmax": 769}}], [{"tid": 0, "generated": 0, "bbox": {"xmin": 743, "ymin": 455, "ymax": 707, "xmax": 933}}, {"tid": 1, "generated": 0, "bbox": {"xmin": 391, "ymin": 452, "ymax": 651, "xmax": 582}}, {"tid": 2, "generated": 0, "bbox": {"xmin": 579, "ymin": 444, "ymax": 606, "xmax": 777}}], [{"tid": 0, "generated": 0, "bbox": {"xmin": 746, "ymin": 458, "ymax": 708, "xmax": 936}}, {"tid": 1, "generated": 0, "bbox": {"xmin": 400, "ymin": 454, "ymax": 651, "xmax": 588}}, {"tid": 2, "generated": 0, "bbox": {"xmin": 590, "ymin": 442, "ymax": 607, "xmax": 784}}], [{"tid": 0, "generated": 0, "bbox": {"xmin": 749, "ymin": 461, "ymax": 710, "xmax": 939}}, {"tid": 1, "generated": 0, "bbox": {"xmin": 409, "ymin": 456, "ymax": 651, "xmax": 595}}, {"tid": 2, "generated": 0, "bbox": {"xmin": 602, "ymin": 440, "ymax": 608, "xmax": 792}}], [], [], [], [], [], [], [], [], [], [], [], [], [], [], [], [], [], [], [], [], [], [], [], [], [], [], [], [], [], [], [], [], [], [], [], [], [], [], [], [], [], [], [], [], [], [{"tid": 0, "generated": 0, "bbox": {"xmin": 737, "ymin": 472, "ymax": 699, "xmax": 948}}, {"tid": 1, "generated": 0, "bbox": {"xmin": 463, "ymin": 400, "ymax": 598, "xmax": 646}}, {"tid": 2, "generated": 0, "bbox": {"xmin": 652, "ymin": 437, "ymax": 608, "xmax": 846}}], [{"tid": 0, "generated": 0, "bbox": {"xmin": 737, "ymin": 472, "ymax": 698, "xmax": 948}}, {"tid": 1, "generated": 0, "bbox": {"xmin": 462, "ymin": 397, "ymax": 600, "xmax": 646}}, {"tid": 2, "generated": 0, "bbox": {"xmin": 653, "ymin": 433, "ymax": 607, "xmax": 850}}], [{"tid": 0, "generated": 0, "bbox": {"xmin": 736, "ymin": 472, "ymax": 698, "xmax": 948}}, {"tid": 1, "generated": 0, "bbox": {"xmin": 461, "ymin": 393, "ymax": 601, "xmax": 646}}, {"tid": 2, "generated": 0, "bbox": {"xmin": 654, "ymin": 430, "ymax": 606, "xmax": 854}}], [{"tid": 0, "generated": 0, "bbox": {"xmin": 736, "ymin": 472, "ymax": 698, "xmax": 948}}, {"tid": 1, "generated": 0, "bbox": {"xmin": 460, "ymin": 390, "ymax": 602, "xmax": 646}}, {"tid": 2, "generated": 0, "bbox": {"xmin": 655, "ymin": 426, "ymax": 605, "xmax": 858}}], [{"tid": 0, "generated": 0, "bbox": {"xmin": 736, "ymin": 472, "ymax": 698, "xmax": 948}}, {"tid": 1, "generated": 0, "bbox": {"xmin": 460, "ymin": 387, "ymax": 604, "xmax": 647}}, {"tid": 2, "generated": 0, "bbox": {"xmin": 657, "ymin": 423, "ymax": 604, "xmax": 862}}], [{"tid": 0, "generated": 0, "bbox": {"xmin": 736, "ymin": 472, "ymax": 698, "xmax": 949}}, {"tid": 1, "generated": 0, "bbox": {"xmin": 464, "ymin": 400, "ymax": 600, "xmax": 645}}, {"tid": 2, "generated": 0, "bbox": {"xmin": 666, "ymin": 424, "ymax": 609, "xmax": 858}}], [{"tid": 0, "generated": 0, "bbox": {"xmin": 734, "ymin": 471, "ymax": 697, "xmax": 948}}, {"tid": 1, "generated": 0, "bbox": {"xmin": 460, "ymin": 401, "ymax": 601, "xmax": 654}}, {"tid": 2, "generated": 0, "bbox": {"xmin": 670, "ymin": 423, "ymax": 599, "xmax": 854}}], [{"tid": 0, "generated": 0, "bbox": {"xmin": 732, "ymin": 471, "ymax": 696, "xmax": 948}}, {"tid": 1, "generated": 0, "bbox": {"xmin": 457, "ymin": 403, "ymax": 602, "xmax": 664}}, {"tid": 2, "generated": 0, "bbox": {"xmin": 674, "ymin": 422, "ymax": 589, "xmax": 850}}], [{"tid": 0, "generated": 0, "bbox": {"xmin": 731, "ymin": 471, "ymax": 695, "xmax": 947}}, {"tid": 1, "generated": 0, "bbox": {"xmin": 454, "ymin": 405, "ymax": 604, "xmax": 674}}, {"tid": 2, "generated": 0, "bbox": {"xmin": 679, "ymin": 421, "ymax": 579, "xmax": 847}}], [{"tid": 0, "generated": 0, "bbox": {"xmin": 729, "ymin": 471, "ymax": 694, "xmax": 947}}, {"tid": 1, "generated": 0, "bbox": {"xmin": 451, "ymin": 407, "ymax": 605, "xmax": 684}}, {"tid": 2, "generated": 0, "bbox": {"xmin": 683, "ymin": 420, "ymax": 569, "xmax": 843}}], [{"tid": 0, "generated": 0, "bbox": {"xmin": 728, "ymin": 471, "ymax": 693, "xmax": 946}}, {"tid": 1, "generated": 0, "bbox": {"xmin": 447, "ymin": 409, "ymax": 607, "xmax": 694}}, {"tid": 2, "generated": 0, "bbox": {"xmin": 688, "ymin": 419, "ymax": 560, "xmax": 840}}], [{"tid": 0, "generated": 0, "bbox": {"xmin": 726, "ymin": 471, "ymax": 692, "xmax": 946}}, {"tid": 1, "generated": 0, "bbox": {"xmin": 444, "ymin": 411, "ymax": 608, "xmax": 704}}, {"tid": 2, "generated": 0, "bbox": {"xmin": 692, "ymin": 419, "ymax": 563, "xmax": 844}}], [{"tid": 0, "generated": 0, "bbox": {"xmin": 724, "ymin": 471, "ymax": 691, "xmax": 945}}, {"tid": 1, "generated": 0, "bbox": {"xmin": 441, "ymin": 413, "ymax": 610, "xmax": 714}}, {"tid": 2, "generated": 0, "bbox": {"xmin": 696, "ymin": 420, "ymax": 566, "xmax": 849}}], [{"tid": 0, "generated": 0, "bbox": {"xmin": 723, "ymin": 471, "ymax": 690, "xmax": 945}}, {"tid": 1, "generated": 0, "bbox": {"xmin": 438, "ymin": 415, "ymax": 611, "xmax": 724}}, {"tid": 2, "generated": 0, "bbox": {"xmin": 700, "ymin": 420, "ymax": 569, "xmax": 853}}], [{"tid": 0, "generated": 0, "bbox": {"xmin": 721, "ymin": 471, "ymax": 689, "xmax": 944}}, {"tid": 1, "generated": 0, "bbox": {"xmin": 435, "ymin": 417, "ymax": 613, "xmax": 734}}, {"tid": 2, "generated": 0, "bbox": {"xmin": 704, "ymin": 421, "ymax": 572, "xmax": 858}}], [{"tid": 0, "generated": 0, "bbox": {"xmin": 720, "ymin": 471, "ymax": 688, "xmax": 944}}, {"tid": 1, "generated": 0, "bbox": {"xmin": 471, "ymin": 421, "ymax": 592, "xmax": 736}}, {"tid": 2, "generated": 0, "bbox": {"xmin": 730, "ymin": 435, "ymax": 568, "xmax": 876}}], [{"tid": 0, "generated": 0, "bbox": {"xmin": 718, "ymin": 470, "ymax": 687, "xmax": 939}}, {"tid": 1, "generated": 0, "bbox": {"xmin": 483, "ymin": 419, "ymax": 590, "xmax": 737}}, {"tid": 2, "generated": 0, "bbox": {"xmin": 733, "ymin": 435, "ymax": 561, "xmax": 885}}], [{"tid": 0, "generated": 0, "bbox": {"xmin": 717, "ymin": 469, "ymax": 686, "xmax": 935}}, {"tid": 1, "generated": 0, "bbox": {"xmin": 496, "ymin": 417, "ymax": 588, "xmax": 739}}, {"tid": 2, "generated": 0, "bbox": {"xmin": 736, "ymin": 435, "ymax": 554, "xmax": 894}}], [{"tid": 0, "generated": 0, "bbox": {"xmin": 715, "ymin": 468, "ymax": 685, "xmax": 930}}, {"tid": 1, "generated": 0, "bbox": {"xmin": 504, "ymin": 416, "ymax": 588, "xmax": 742}}, {"tid": 2, "generated": 0, "bbox": {"xmin": 739, "ymin": 436, "ymax": 547, "xmax": 903}}], [{"tid": 0, "generated": 0, "bbox": {"xmin": 714, "ymin": 468, "ymax": 684, "xmax": 926}}, {"tid": 1, "generated": 0, "bbox": {"xmin": 512, "ymin": 416, "ymax": 588, "xmax": 745}}, {"tid": 2, "generated": 0, "bbox": {"xmin": 742, "ymin": 436, "ymax": 540, "xmax": 912}}], [{"tid": 0, "generated": 0, "bbox": {"xmin": 712, "ymin": 467, "ymax": 683, "xmax": 921}}, {"tid": 1, "generated": 0, "bbox": {"xmin": 521, "ymin": 416, "ymax": 589, "xmax": 748}}, {"tid": 2, "generated": 0, "bbox": {"xmin": 746, "ymin": 437, "ymax": 533, "xmax": 922}}], [{"tid": 0, "generated": 0, "bbox": {"xmin": 711, "ymin": 466, "ymax": 682, "xmax": 917}}, {"tid": 1, "generated": 0, "bbox": {"xmin": 529, "ymin": 416, "ymax": 589, "xmax": 751}}, {"tid": 2, "generated": 0, "bbox": {"xmin": 749, "ymin": 437, "ymax": 549, "xmax": 932}}], [{"tid": 0, "generated": 0, "bbox": {"xmin": 709, "ymin": 466, "ymax": 681, "xmax": 912}}, {"tid": 1, "generated": 0, "bbox": {"xmin": 538, "ymin": 416, "ymax": 590, "xmax": 755}}, {"tid": 2, "generated": 0, "bbox": {"xmin": 753, "ymin": 438, "ymax": 566, "xmax": 942}}], [{"tid": 0, "generated": 0, "bbox": {"xmin": 708, "ymin": 465, "ymax": 680, "xmax": 908}}, {"tid": 1, "generated": 0, "bbox": {"xmin": 563, "ymin": 420, "ymax": 594, "xmax": 773}}, {"tid": 2, "generated": 0, "bbox": {"xmin": 756, "ymin": 439, "ymax": 582, "xmax": 952}}], [{"tid": 0, "generated": 0, "bbox": {"xmin": 706, "ymin": 464, "ymax": 679, "xmax": 903}}, {"tid": 1, "generated": 0, "bbox": {"xmin": 588, "ymin": 424, "ymax": 599, "xmax": 791}}, {"tid": 2, "generated": 0, "bbox": {"xmin": 760, "ymin": 440, "ymax": 599, "xmax": 963}}], [{"tid": 0, "generated": 0, "bbox": {"xmin": 705, "ymin": 464, "ymax": 679, "xmax": 899}}, {"tid": 1, "generated": 0, "bbox": {"xmin": 590, "ymin": 423, "ymax": 597, "xmax": 785}}, {"tid": 2, "generated": 0, "bbox": {"xmin": 753, "ymin": 433, "ymax": 593, "xmax": 961}}], [{"tid": 0, "generated": 0, "bbox": {"xmin": 699, "ymin": 461, "ymax": 676, "xmax": 893}}, {"tid": 1, "generated": 0, "bbox": {"xmin": 599, "ymin": 426, "ymax": 595, "xmax": 790}}, {"tid": 2, "generated": 0, "bbox": {"xmin": 763, "ymin": 430, "ymax": 604, "xmax": 966}}], [{"tid": 0, "generated": 0, "bbox": {"xmin": 694, "ymin": 459, "ymax": 673, "xmax": 887}}, {"tid": 1, "generated": 0, "bbox": {"xmin": 609, "ymin": 430, "ymax": 593, "xmax": 796}}, {"tid": 2, "generated": 0, "bbox": {"xmin": 773, "ymin": 428, "ymax": 615, "xmax": 971}}], [{"tid": 0, "generated": 0, "bbox": {"xmin": 689, "ymin": 456, "ymax": 670, "xmax": 882}}, {"tid": 1, "generated": 0, "bbox": {"xmin": 606, "ymin": 431, "ymax": 590, "xmax": 803}}, {"tid": 2, "generated": 0, "bbox": {"xmin": 784, "ymin": 425, "ymax": 627, "xmax": 977}}], [{"tid": 0, "generated": 0, "bbox": {"xmin": 684, "ymin": 454, "ymax": 667, "xmax": 876}}, {"tid": 1, "generated": 0, "bbox": {"xmin": 604, "ymin": 432, "ymax": 588, "xmax": 810}}, {"tid": 2, "generated": 0, "bbox": {"xmin": 794, "ymin": 423, "ymax": 638, "xmax": 982}}], [], [], [], [], [], [], [], [], [], [], [], [], [], [], [], [], [], [], [], [], [], [], [], [], [], [], [], [], [], [], [], [], [], [], [], [], [], [], [], [], [], [], [], [], [], [{"tid": 0, "generated": 0, "bbox": {"xmin": 506, "ymin": 368, "ymax": 615, "xmax": 737}}, {"tid": 1, "generated": 0, "bbox": {"xmin": 668, "ymin": 407, "ymax": 552, "xmax": 810}}, {"tid": 2, "generated": 0, "bbox": {"xmin": 808, "ymin": 446, "ymax": 556, "xmax": 952}}], [{"tid": 0, "generated": 0, "bbox": {"xmin": 505, "ymin": 367, "ymax": 613, "xmax": 736}}, {"tid": 1, "generated": 0, "bbox": {"xmin": 667, "ymin": 405, "ymax": 552, "xmax": 811}}, {"tid": 2, "generated": 0, "bbox": {"xmin": 807, "ymin": 446, "ymax": 556, "xmax": 950}}], [{"tid": 0, "generated": 0, "bbox": {"xmin": 505, "ymin": 366, "ymax": 611, "xmax": 735}}, {"tid": 1, "generated": 0, "bbox": {"xmin": 667, "ymin": 404, "ymax": 553, "xmax": 812}}, {"tid": 2, "generated": 0, "bbox": {"xmin": 807, "ymin": 446, "ymax": 556, "xmax": 948}}], [{"tid": 0, "generated": 0, "bbox": {"xmin": 505, "ymin": 366, "ymax": 610, "xmax": 734}}, {"tid": 1, "generated": 0, "bbox": {"xmin": 667, "ymin": 402, "ymax": 554, "xmax": 813}}, {"tid": 2, "generated": 0, "bbox": {"xmin": 806, "ymin": 447, "ymax": 557, "xmax": 947}}], [{"tid": 0, "generated": 0, "bbox": {"xmin": 505, "ymin": 365, "ymax": 608, "xmax": 733}}, {"tid": 1, "generated": 0, "bbox": {"xmin": 667, "ymin": 401, "ymax": 554, "xmax": 814}}, {"tid": 2, "generated": 0, "bbox": {"xmin": 806, "ymin": 447, "ymax": 557, "xmax": 945}}], [{"tid": 0, "generated": 0, "bbox": {"xmin": 504, "ymin": 364, "ymax": 606, "xmax": 732}}, {"tid": 1, "generated": 0, "bbox": {"xmin": 666, "ymin": 399, "ymax": 555, "xmax": 815}}, {"tid": 2, "generated": 0, "bbox": {"xmin": 805, "ymin": 447, "ymax": 557, "xmax": 943}}], [{"tid": 0, "generated": 0, "bbox": {"xmin": 504, "ymin": 364, "ymax": 605, "xmax": 731}}, {"tid": 1, "generated": 0, "bbox": {"xmin": 666, "ymin": 398, "ymax": 556, "xmax": 816}}, {"tid": 2, "generated": 0, "bbox": {"xmin": 805, "ymin": 448, "ymax": 558, "xmax": 942}}], [{"tid": 0, "generated": 0, "bbox": {"xmin": 504, "ymin": 363, "ymax": 603, "xmax": 730}}, {"tid": 1, "generated": 0, "bbox": {"xmin": 666, "ymin": 396, "ymax": 556, "xmax": 817}}, {"tid": 2, "generated": 0, "bbox": {"xmin": 808, "ymin": 448, "ymax": 558, "xmax": 943}}], [{"tid": 0, "generated": 0, "bbox": {"xmin": 504, "ymin": 362, "ymax": 601, "xmax": 729}}, {"tid": 1, "generated": 0, "bbox": {"xmin": 666, "ymin": 395, "ymax": 557, "xmax": 818}}, {"tid": 2, "generated": 0, "bbox": {"xmin": 811, "ymin": 448, "ymax": 558, "xmax": 945}}], [{"tid": 0, "generated": 0, "bbox": {"xmin": 504, "ymin": 362, "ymax": 600, "xmax": 728}}, {"tid": 1, "generated": 0, "bbox": {"xmin": 666, "ymin": 394, "ymax": 558, "xmax": 819}}, {"tid": 2, "generated": 0, "bbox": {"xmin": 814, "ymin": 448, "ymax": 558, "xmax": 947}}], [{"tid": 0, "generated": 0, "bbox": {"xmin": 504, "ymin": 362, "ymax": 604, "xmax": 725}}, {"tid": 1, "generated": 0, "bbox": {"xmin": 666, "ymin": 391, "ymax": 556, "xmax": 819}}, {"tid": 2, "generated": 0, "bbox": {"xmin": 817, "ymin": 448, "ymax": 558, "xmax": 949}}], [{"tid": 0, "generated": 0, "bbox": {"xmin": 502, "ymin": 361, "ymax": 602, "xmax": 723}}, {"tid": 1, "generated": 0, "bbox": {"xmin": 665, "ymin": 392, "ymax": 555, "xmax": 816}}, {"tid": 2, "generated": 0, "bbox": {"xmin": 813, "ymin": 450, "ymax": 559, "xmax": 947}}], [{"tid": 0, "generated": 0, "bbox": {"xmin": 500, "ymin": 360, "ymax": 600, "xmax": 722}}, {"tid": 1, "generated": 0, "bbox": {"xmin": 665, "ymin": 393, "ymax": 554, "xmax": 814}}, {"tid": 2, "generated": 0, "bbox": {"xmin": 809, "ymin": 452, "ymax": 561, "xmax": 945}}], [{"tid": 0, "generated": 0, "bbox": {"xmin": 499, "ymin": 359, "ymax": 599, "xmax": 720}}, {"tid": 1, "generated": 0, "bbox": {"xmin": 665, "ymin": 394, "ymax": 553, "xmax": 812}}, {"tid": 2, "generated": 0, "bbox": {"xmin": 805, "ymin": 454, "ymax": 563, "xmax": 943}}], [{"tid": 0, "generated": 0, "bbox": {"xmin": 497, "ymin": 358, "ymax": 597, "xmax": 719}}, {"tid": 1, "generated": 0, "bbox": {"xmin": 664, "ymin": 395, "ymax": 552, "xmax": 810}}, {"tid": 2, "generated": 0, "bbox": {"xmin": 801, "ymin": 457, "ymax": 564, "xmax": 941}}], [{"tid": 0, "generated": 0, "bbox": {"xmin": 496, "ymin": 358, "ymax": 596, "xmax": 717}}, {"tid": 1, "generated": 0, "bbox": {"xmin": 664, "ymin": 396, "ymax": 551, "xmax": 808}}, {"tid": 2, "generated": 0, "bbox": {"xmin": 797, "ymin": 459, "ymax": 566, "xmax": 939}}], [{"tid": 0, "generated": 0, "bbox": {"xmin": 494, "ymin": 357, "ymax": 594, "xmax": 716}}, {"tid": 1, "generated": 0, "bbox": {"xmin": 664, "ymin": 397, "ymax": 550, "xmax": 806}}, {"tid": 2, "generated": 0, "bbox": {"xmin": 793, "ymin": 461, "ymax": 568, "xmax": 937}}], [{"tid": 0, "generated": 0, "bbox": {"xmin": 493, "ymin": 356, "ymax": 593, "xmax": 714}}, {"tid": 1, "generated": 0, "bbox": {"xmin": 663, "ymin": 398, "ymax": 549, "xmax": 804}}, {"tid": 2, "generated": 0, "bbox": {"xmin": 789, "ymin": 464, "ymax": 570, "xmax": 936}}], [{"tid": 0, "generated": 0, "bbox": {"xmin": 491, "ymin": 355, "ymax": 591, "xmax": 713}}, {"tid": 1, "generated": 0, "bbox": {"xmin": 663, "ymin": 399, "ymax": 548, "xmax": 802}}, {"tid": 2, "generated": 0, "bbox": {"xmin": 789, "ymin": 464, "ymax": 570, "xmax": 939}}], [{"tid": 0, "generated": 0, "bbox": {"xmin": 490, "ymin": 355, "ymax": 590, "xmax": 712}}, {"tid": 1, "generated": 0, "bbox": {"xmin": 663, "ymin": 400, "ymax": 547, "xmax": 800}}, {"tid": 2, "generated": 0, "bbox": {"xmin": 789, "ymin": 465, "ymax": 570, "xmax": 942}}], [{"tid": 0, "generated": 0, "bbox": {"xmin": 502, "ymin": 354, "ymax": 586, "xmax": 727}}, {"tid": 1, "generated": 0, "bbox": {"xmin": 672, "ymin": 394, "ymax": 540, "xmax": 807}}, {"tid": 2, "generated": 0, "bbox": {"xmin": 796, "ymin": 464, "ymax": 569, "xmax": 953}}], [{"tid": 0, "generated": 0, "bbox": {"xmin": 514, "ymin": 353, "ymax": 583, "xmax": 742}}, {"tid": 1, "generated": 0, "bbox": {"xmin": 682, "ymin": 389, "ymax": 535, "xmax": 815}}, {"tid": 2, "generated": 0, "bbox": {"xmin": 803, "ymin": 463, "ymax": 568, "xmax": 964}}], [{"tid": 0, "generated": 0, "bbox": {"xmin": 526, "ymin": 353, "ymax": 580, "xmax": 757}}, {"tid": 1, "generated": 0, "bbox": {"xmin": 693, "ymin": 384, "ymax": 531, "xmax": 823}}, {"tid": 2, "generated": 0, "bbox": {"xmin": 810, "ymin": 463, "ymax": 568, "xmax": 975}}], [{"tid": 0, "generated": 0, "bbox": {"xmin": 538, "ymin": 352, "ymax": 577, "xmax": 772}}, {"tid": 1, "generated": 0, "bbox": {"xmin": 708, "ymin": 378, "ymax": 526, "xmax": 835}}, {"tid": 2, "generated": 0, "bbox": {"xmin": 817, "ymin": 462, "ymax": 567, "xmax": 986}}], [{"tid": 0, "generated": 0, "bbox": {"xmin": 551, "ymin": 352, "ymax": 574, "xmax": 787}}, {"tid": 1, "generated": 0, "bbox": {"xmin": 723, "ymin": 373, "ymax": 522, "xmax": 848}}, {"tid": 2, "generated": 0, "bbox": {"xmin": 824, "ymin": 462, "ymax": 567, "xmax": 997}}], [{"tid": 0, "generated": 0, "bbox": {"xmin": 551, "ymin": 350, "ymax": 569, "xmax": 790}}, {"tid": 1, "generated": 0, "bbox": {"xmin": 723, "ymin": 370, "ymax": 520, "xmax": 845}}, {"tid": 2, "generated": 0, "bbox": {"xmin": 821, "ymin": 458, "ymax": 561, "xmax": 997}}], [{"tid": 0, "generated": 0, "bbox": {"xmin": 552, "ymin": 348, "ymax": 565, "xmax": 794}}, {"tid": 1, "generated": 0, "bbox": {"xmin": 723, "ymin": 368, "ymax": 519, "xmax": 842}}, {"tid": 2, "generated": 0, "bbox": {"xmin": 815, "ymin": 458, "ymax": 560, "xmax": 991}}], [{"tid": 0, "generated": 0, "bbox": {"xmin": 551, "ymin": 362, "ymax": 562, "xmax": 788}}, {"tid": 1, "generated": 0, "bbox": {"xmin": 717, "ymin": 369, "ymax": 520, "xmax": 833}}, {"tid": 2, "generated": 0, "bbox": {"xmin": 810, "ymin": 459, "ymax": 560, "xmax": 986}}], [{"tid": 0, "generated": 0, "bbox": {"xmin": 550, "ymin": 377, "ymax": 560, "xmax": 783}}, {"tid": 1, "generated": 0, "bbox": {"xmin": 712, "ymin": 370, "ymax": 522, "xmax": 825}}, {"tid": 2, "generated": 0, "bbox": {"xmin": 805, "ymin": 459, "ymax": 560, "xmax": 981}}], [{"tid": 0, "generated": 0, "bbox": {"xmin": 549, "ymin": 392, "ymax": 558, "xmax": 778}}, {"tid": 1, "generated": 0, "bbox": {"xmin": 707, "ymin": 371, "ymax": 524, "xmax": 817}}, {"tid": 2, "generated": 0, "bbox": {"xmin": 800, "ymin": 460, "ymax": 560, "xmax": 976}}]], "subject/objects": [{"category": "antelope", "tid": 0}, {"category": "antelope", "tid": 1}, {"category": "antelope", "tid": 2}], "relation_instances": [{"end_fid": 30, "subject_tid": 0, "predicate": "fight", "begin_fid": 0, "object_tid": 1}, {"end_fid": 30, "subject_tid": 1, "predicate": "fight", "begin_fid": 0, "object_tid": 0}, {"end_fid": 30, "subject_tid": 0, "predicate": "fight", "begin_fid": 0, "object_tid": 2}, {"end_fid": 30, "subject_tid": 2, "predicate": "fight", "begin_fid": 0, "object_tid": 0}, {"end_fid": 30, "subject_tid": 1, "predicate": "fight", "begin_fid": 0, "object_tid": 2}, {"end_fid": 30, "subject_tid": 2, "predicate": "fight", "begin_fid": 0, "object_tid": 1}, {"end_fid": 90, "subject_tid": 0, "predicate": "fight", "begin_fid": 60, "object_tid": 1}, {"end_fid": 90, "subject_tid": 1, "predicate": "fight", "begin_fid": 60, "object_tid": 0}, {"end_fid": 90, "subject_tid": 0, "predicate": "fight", "begin_fid": 60, "object_tid": 2}, {"end_fid": 90, "subject_tid": 2, "predicate": "fight", "begin_fid": 60, "object_tid": 0}, {"end_fid": 90, "subject_tid": 1, "predicate": "fight", "begin_fid": 60, "object_tid": 2}, {"end_fid": 90, "subject_tid": 2, "predicate": "fight", "begin_fid": 60, "object_tid": 1}, {"end_fid": 240, "subject_tid": 0, "predicate": "stand_right", "begin_fid": 210, "object_tid": 1}, {"end_fid": 240, "subject_tid": 1, "predicate": "walk_left", "begin_fid": 210, "object_tid": 0}, {"end_fid": 240, "subject_tid": 0, "predicate": "stand_right", "begin_fid": 210, "object_tid": 2}, {"end_fid": 240, "subject_tid": 2, "predicate": "walk_left", "begin_fid": 210, "object_tid": 0}, {"end_fid": 240, "subject_tid": 1, "predicate": "left", "begin_fid": 210, "object_tid": 2}, {"end_fid": 240, "subject_tid": 1, "predicate": "fight", "begin_fid": 210, "object_tid": 2}, {"end_fid": 240, "subject_tid": 2, "predicate": "right", "begin_fid": 210, "object_tid": 1}, {"end_fid": 240, "subject_tid": 2, "predicate": "fight", "begin_fid": 210, "object_tid": 1}, {"end_fid": 315, "subject_tid": 0, "predicate": "stand_front", "begin_fid": 285, "object_tid": 1}, {"end_fid": 315, "subject_tid": 1, "predicate": "run_behind", "begin_fid": 285, "object_tid": 0}, {"end_fid": 315, "subject_tid": 0, "predicate": "stand_front", "begin_fid": 285, "object_tid": 2}, {"end_fid": 315, "subject_tid": 2, "predicate": "run_behind", "begin_fid": 285, "object_tid": 0}, {"end_fid": 315, "subject_tid": 1, "predicate": "left", "begin_fid": 285, "object_tid": 2}, {"end_fid": 315, "subject_tid": 1, "predicate": "fight", "begin_fid": 285, "object_tid": 2}, {"end_fid": 315, "subject_tid": 2, "predicate": "right", "begin_fid": 285, "object_tid": 1}, {"end_fid": 315, "subject_tid": 2, "predicate": "fight", "begin_fid": 285, "object_tid": 1}, {"end_fid": 390, "subject_tid": 0, "predicate": "left", "begin_fid": 360, "object_tid": 1}, {"end_fid": 390, "subject_tid": 0, "predicate": "fight", "begin_fid": 360, "object_tid": 1}, {"end_fid": 390, "subject_tid": 1, "predicate": "right", "begin_fid": 360, "object_tid": 0}, {"end_fid": 390, "subject_tid": 1, "predicate": "fight", "begin_fid": 360, "object_tid": 0}, {"end_fid": 390, "subject_tid": 0, "predicate": "walk_left", "begin_fid": 360, "object_tid": 2}, {"end_fid": 390, "subject_tid": 2, "predicate": "stand_right", "begin_fid": 360, "object_tid": 0}, {"end_fid": 390, "subject_tid": 1, "predicate": "left", "begin_fid": 360, "object_tid": 2}, {"end_fid": 390, "subject_tid": 1, "predicate": "fight", "begin_fid": 360, "object_tid": 2}, {"end_fid": 390, "subject_tid": 2, "predicate": "right", "begin_fid": 360, "object_tid": 1}, {"end_fid": 390, "subject_tid": 2, "predicate": "fight", "begin_fid": 360, "object_tid": 1}], "height": 720}