{"width": 1920, "frame_count": 157, "video_id": "ILSVRC2015_train_00013005", "fps": 25, "trajectories": [[{"tid": 0, "generated": 0, "bbox": {"xmin": 898, "ymin": 136, "ymax": 802, "xmax": 1296}}, {"tid": 1, "generated": 0, "bbox": {"xmin": 1413, "ymin": 333, "ymax": 389, "xmax": 1530}}], [{"tid": 0, "generated": 0, "bbox": {"xmin": 897, "ymin": 138, "ymax": 802, "xmax": 1296}}, {"tid": 1, "generated": 0, "bbox": {"xmin": 1415, "ymin": 333, "ymax": 389, "xmax": 1532}}], [{"tid": 0, "generated": 0, "bbox": {"xmin": 897, "ymin": 140, "ymax": 803, "xmax": 1296}}, {"tid": 1, "generated": 0, "bbox": {"xmin": 1417, "ymin": 334, "ymax": 390, "xmax": 1534}}], [{"tid": 0, "generated": 0, "bbox": {"xmin": 897, "ymin": 143, "ymax": 804, "xmax": 1296}}, {"tid": 1, "generated": 0, "bbox": {"xmin": 1420, "ymin": 335, "ymax": 390, "xmax": 1537}}], [{"tid": 0, "generated": 0, "bbox": {"xmin": 897, "ymin": 145, "ymax": 804, "xmax": 1296}}, {"tid": 1, "generated": 0, "bbox": {"xmin": 1422, "ymin": 336, "ymax": 391, "xmax": 1539}}], [{"tid": 0, "generated": 0, "bbox": {"xmin": 896, "ymin": 147, "ymax": 805, "xmax": 1296}}, {"tid": 1, "generated": 0, "bbox": {"xmin": 1424, "ymin": 337, "ymax": 391, "xmax": 1542}}], [{"tid": 0, "generated": 0, "bbox": {"xmin": 896, "ymin": 150, "ymax": 806, "xmax": 1296}}, {"tid": 1, "generated": 0, "bbox": {"xmin": 1427, "ymin": 338, "ymax": 392, "xmax": 1544}}], [{"tid": 0, "generated": 0, "bbox": {"xmin": 896, "ymin": 152, "ymax": 806, "xmax": 1296}}, {"tid": 1, "generated": 0, "bbox": {"xmin": 1429, "ymin": 339, "ymax": 392, "xmax": 1547}}], [{"tid": 0, "generated": 0, "bbox": {"xmin": 896, "ymin": 154, "ymax": 807, "xmax": 1296}}, {"tid": 1, "generated": 0, "bbox": {"xmin": 1431, "ymin": 340, "ymax": 393, "xmax": 1549}}], [{"tid": 0, "generated": 0, "bbox": {"xmin": 896, "ymin": 157, "ymax": 808, "xmax": 1296}}, {"tid": 1, "generated": 0, "bbox": {"xmin": 1434, "ymin": 341, "ymax": 394, "xmax": 1552}}], [{"tid": 0, "generated": 0, "bbox": {"xmin": 896, "ymin": 158, "ymax": 809, "xmax": 1296}}, {"tid": 1, "generated": 0, "bbox": {"xmin": 1435, "ymin": 341, "ymax": 394, "xmax": 1553}}], [{"tid": 0, "generated": 0, "bbox": {"xmin": 897, "ymin": 159, "ymax": 810, "xmax": 1297}}, {"tid": 1, "generated": 0, "bbox": {"xmin": 1437, "ymin": 342, "ymax": 395, "xmax": 1555}}], [{"tid": 0, "generated": 0, "bbox": {"xmin": 897, "ymin": 160, "ymax": 811, "xmax": 1297}}, {"tid": 1, "generated": 0, "bbox": {"xmin": 1438, "ymin": 342, "ymax": 395, "xmax": 1556}}], [{"tid": 0, "generated": 0, "bbox": {"xmin": 898, "ymin": 161, "ymax": 813, "xmax": 1298}}, {"tid": 1, "generated": 0, "bbox": {"xmin": 1440, "ymin": 343, "ymax": 396, "xmax": 1558}}], [{"tid": 0, "generated": 0, "bbox": {"xmin": 898, "ymin": 162, "ymax": 814, "xmax": 1298}}, {"tid": 1, "generated": 0, "bbox": {"xmin": 1442, "ymin": 343, "ymax": 397, "xmax": 1560}}], [{"tid": 0, "generated": 0, "bbox": {"xmin": 899, "ymin": 163, "ymax": 815, "xmax": 1299}}, {"tid": 1, "generated": 0, "bbox": {"xmin": 1443, "ymin": 344, "ymax": 397, "xmax": 1561}}], [{"tid": 0, "generated": 0, "bbox": {"xmin": 899, "ymin": 164, "ymax": 817, "xmax": 1299}}, {"tid": 1, "generated": 0, "bbox": {"xmin": 1445, "ymin": 344, "ymax": 398, "xmax": 1563}}], [{"tid": 0, "generated": 0, "bbox": {"xmin": 900, "ymin": 165, "ymax": 818, "xmax": 1300}}, {"tid": 1, "generated": 0, "bbox": {"xmin": 1446, "ymin": 345, "ymax": 398, "xmax": 1564}}], [{"tid": 0, "generated": 0, "bbox": {"xmin": 900, "ymin": 166, "ymax": 819, "xmax": 1300}}, {"tid": 1, "generated": 0, "bbox": {"xmin": 1448, "ymin": 345, "ymax": 399, "xmax": 1566}}], [{"tid": 0, "generated": 0, "bbox": {"xmin": 901, "ymin": 168, "ymax": 821, "xmax": 1301}}, {"tid": 1, "generated": 0, "bbox": {"xmin": 1450, "ymin": 346, "ymax": 400, "xmax": 1568}}], [{"tid": 0, "generated": 0, "bbox": {"xmin": 901, "ymin": 169, "ymax": 822, "xmax": 1301}}, {"tid": 1, "generated": 0, "bbox": {"xmin": 1452, "ymin": 346, "ymax": 400, "xmax": 1570}}], [{"tid": 0, "generated": 0, "bbox": {"xmin": 901, "ymin": 171, "ymax": 824, "xmax": 1301}}, {"tid": 1, "generated": 0, "bbox": {"xmin": 1454, "ymin": 347, "ymax": 401, "xmax": 1572}}], [{"tid": 0, "generated": 0, "bbox": {"xmin": 901, "ymin": 172, "ymax": 825, "xmax": 1301}}, {"tid": 1, "generated": 0, "bbox": {"xmin": 1456, "ymin": 348, "ymax": 402, "xmax": 1574}}], [{"tid": 0, "generated": 0, "bbox": {"xmin": 901, "ymin": 174, "ymax": 827, "xmax": 1301}}, {"tid": 1, "generated": 0, "bbox": {"xmin": 1458, "ymin": 349, "ymax": 403, "xmax": 1576}}], [{"tid": 0, "generated": 0, "bbox": {"xmin": 901, "ymin": 176, "ymax": 829, "xmax": 1301}}, {"tid": 1, "generated": 0, "bbox": {"xmin": 1461, "ymin": 350, "ymax": 404, "xmax": 1578}}], [{"tid": 0, "generated": 0, "bbox": {"xmin": 901, "ymin": 177, "ymax": 830, "xmax": 1301}}, {"tid": 1, "generated": 0, "bbox": {"xmin": 1463, "ymin": 350, "ymax": 404, "xmax": 1580}}], [{"tid": 0, "generated": 0, "bbox": {"xmin": 901, "ymin": 179, "ymax": 832, "xmax": 1301}}, {"tid": 1, "generated": 0, "bbox": {"xmin": 1465, "ymin": 351, "ymax": 405, "xmax": 1582}}], [{"tid": 0, "generated": 0, "bbox": {"xmin": 901, "ymin": 180, "ymax": 833, "xmax": 1301}}, {"tid": 1, "generated": 0, "bbox": {"xmin": 1467, "ymin": 352, "ymax": 406, "xmax": 1584}}], [{"tid": 0, "generated": 0, "bbox": {"xmin": 901, "ymin": 182, "ymax": 835, "xmax": 1301}}, {"tid": 1, "generated": 0, "bbox": {"xmin": 1469, "ymin": 353, "ymax": 407, "xmax": 1586}}], [{"tid": 0, "generated": 0, "bbox": {"xmin": 901, "ymin": 184, "ymax": 837, "xmax": 1301}}, {"tid": 1, "generated": 0, "bbox": {"xmin": 1472, "ymin": 354, "ymax": 408, "xmax": 1589}}], [], [], [], [], [], [], [], [], [], [], [], [], [], [], [], [], [], [], [], [], [], [], [], [], [], [], [], [], [], [], [], [], [], [], [], [], [], [], [], [], [], [], [], [], [], [], [], [], [], [], [], [], [], [], [], [], [], [], [], [], [], [], [], [], [], [], [], [], [], [], [], [], [], [], [], [], [], [], [], [], [], [], [], [], [], [], [], [], [], [], [{"tid": 0, "generated": 0, "bbox": {"xmin": 775, "ymin": 177, "ymax": 881, "xmax": 1172}}, {"tid": 1, "generated": 0, "bbox": {"xmin": 1286, "ymin": 211, "ymax": 264, "xmax": 1408}}], [{"tid": 0, "generated": 0, "bbox": {"xmin": 774, "ymin": 177, "ymax": 882, "xmax": 1172}}, {"tid": 1, "generated": 0, "bbox": {"xmin": 1284, "ymin": 209, "ymax": 263, "xmax": 1406}}], [{"tid": 0, "generated": 0, "bbox": {"xmin": 773, "ymin": 176, "ymax": 883, "xmax": 1171}}, {"tid": 1, "generated": 0, "bbox": {"xmin": 1282, "ymin": 208, "ymax": 262, "xmax": 1404}}], [{"tid": 0, "generated": 0, "bbox": {"xmin": 772, "ymin": 176, "ymax": 885, "xmax": 1171}}, {"tid": 1, "generated": 0, "bbox": {"xmin": 1280, "ymin": 206, "ymax": 260, "xmax": 1402}}], [{"tid": 0, "generated": 0, "bbox": {"xmin": 772, "ymin": 175, "ymax": 886, "xmax": 1170}}, {"tid": 1, "generated": 0, "bbox": {"xmin": 1278, "ymin": 205, "ymax": 259, "xmax": 1401}}], [{"tid": 0, "generated": 0, "bbox": {"xmin": 771, "ymin": 175, "ymax": 887, "xmax": 1170}}, {"tid": 1, "generated": 0, "bbox": {"xmin": 1276, "ymin": 203, "ymax": 258, "xmax": 1399}}], [{"tid": 0, "generated": 0, "bbox": {"xmin": 770, "ymin": 174, "ymax": 889, "xmax": 1169}}, {"tid": 1, "generated": 0, "bbox": {"xmin": 1274, "ymin": 201, "ymax": 256, "xmax": 1397}}], [{"tid": 0, "generated": 0, "bbox": {"xmin": 769, "ymin": 174, "ymax": 890, "xmax": 1169}}, {"tid": 1, "generated": 0, "bbox": {"xmin": 1272, "ymin": 200, "ymax": 255, "xmax": 1395}}], [{"tid": 0, "generated": 0, "bbox": {"xmin": 768, "ymin": 173, "ymax": 891, "xmax": 1168}}, {"tid": 1, "generated": 0, "bbox": {"xmin": 1270, "ymin": 198, "ymax": 254, "xmax": 1393}}], [{"tid": 0, "generated": 0, "bbox": {"xmin": 768, "ymin": 173, "ymax": 893, "xmax": 1168}}, {"tid": 1, "generated": 0, "bbox": {"xmin": 1269, "ymin": 197, "ymax": 253, "xmax": 1392}}], [{"tid": 0, "generated": 0, "bbox": {"xmin": 766, "ymin": 175, "ymax": 894, "xmax": 1167}}, {"tid": 1, "generated": 0, "bbox": {"xmin": 1269, "ymin": 196, "ymax": 252, "xmax": 1392}}], [{"tid": 0, "generated": 0, "bbox": {"xmin": 765, "ymin": 177, "ymax": 896, "xmax": 1167}}, {"tid": 1, "generated": 0, "bbox": {"xmin": 1269, "ymin": 196, "ymax": 251, "xmax": 1392}}], [{"tid": 0, "generated": 0, "bbox": {"xmin": 764, "ymin": 179, "ymax": 898, "xmax": 1167}}, {"tid": 1, "generated": 0, "bbox": {"xmin": 1269, "ymin": 195, "ymax": 250, "xmax": 1392}}], [{"tid": 0, "generated": 0, "bbox": {"xmin": 763, "ymin": 181, "ymax": 900, "xmax": 1166}}, {"tid": 1, "generated": 0, "bbox": {"xmin": 1269, "ymin": 195, "ymax": 249, "xmax": 1392}}], [{"tid": 0, "generated": 0, "bbox": {"xmin": 762, "ymin": 183, "ymax": 902, "xmax": 1166}}, {"tid": 1, "generated": 0, "bbox": {"xmin": 1269, "ymin": 194, "ymax": 249, "xmax": 1392}}], [{"tid": 0, "generated": 0, "bbox": {"xmin": 761, "ymin": 185, "ymax": 904, "xmax": 1166}}, {"tid": 1, "generated": 0, "bbox": {"xmin": 1269, "ymin": 194, "ymax": 248, "xmax": 1392}}], [{"tid": 0, "generated": 0, "bbox": {"xmin": 760, "ymin": 187, "ymax": 906, "xmax": 1165}}, {"tid": 1, "generated": 0, "bbox": {"xmin": 1269, "ymin": 193, "ymax": 247, "xmax": 1392}}], [{"tid": 0, "generated": 0, "bbox": {"xmin": 759, "ymin": 189, "ymax": 908, "xmax": 1165}}, {"tid": 1, "generated": 0, "bbox": {"xmin": 1269, "ymin": 193, "ymax": 246, "xmax": 1392}}], [{"tid": 0, "generated": 0, "bbox": {"xmin": 758, "ymin": 191, "ymax": 910, "xmax": 1165}}, {"tid": 1, "generated": 0, "bbox": {"xmin": 1269, "ymin": 192, "ymax": 245, "xmax": 1392}}], [{"tid": 0, "generated": 0, "bbox": {"xmin": 757, "ymin": 194, "ymax": 912, "xmax": 1165}}, {"tid": 1, "generated": 0, "bbox": {"xmin": 1269, "ymin": 192, "ymax": 245, "xmax": 1392}}], [{"tid": 0, "generated": 0, "bbox": {"xmin": 756, "ymin": 193, "ymax": 913, "xmax": 1164}}, {"tid": 1, "generated": 0, "bbox": {"xmin": 1267, "ymin": 191, "ymax": 244, "xmax": 1390}}], [{"tid": 0, "generated": 0, "bbox": {"xmin": 756, "ymin": 193, "ymax": 915, "xmax": 1164}}, {"tid": 1, "generated": 0, "bbox": {"xmin": 1266, "ymin": 190, "ymax": 244, "xmax": 1389}}], [{"tid": 0, "generated": 0, "bbox": {"xmin": 755, "ymin": 193, "ymax": 916, "xmax": 1163}}, {"tid": 1, "generated": 0, "bbox": {"xmin": 1265, "ymin": 190, "ymax": 243, "xmax": 1387}}], [{"tid": 0, "generated": 0, "bbox": {"xmin": 755, "ymin": 193, "ymax": 918, "xmax": 1163}}, {"tid": 1, "generated": 0, "bbox": {"xmin": 1263, "ymin": 189, "ymax": 243, "xmax": 1386}}], [{"tid": 0, "generated": 0, "bbox": {"xmin": 754, "ymin": 193, "ymax": 920, "xmax": 1162}}, {"tid": 1, "generated": 0, "bbox": {"xmin": 1262, "ymin": 189, "ymax": 242, "xmax": 1385}}], [{"tid": 0, "generated": 0, "bbox": {"xmin": 754, "ymin": 192, "ymax": 921, "xmax": 1162}}, {"tid": 1, "generated": 0, "bbox": {"xmin": 1261, "ymin": 188, "ymax": 242, "xmax": 1383}}], [{"tid": 0, "generated": 0, "bbox": {"xmin": 753, "ymin": 192, "ymax": 923, "xmax": 1161}}, {"tid": 1, "generated": 0, "bbox": {"xmin": 1259, "ymin": 187, "ymax": 241, "xmax": 1382}}], [{"tid": 0, "generated": 0, "bbox": {"xmin": 753, "ymin": 192, "ymax": 924, "xmax": 1161}}, {"tid": 1, "generated": 0, "bbox": {"xmin": 1258, "ymin": 187, "ymax": 241, "xmax": 1380}}], [{"tid": 0, "generated": 0, "bbox": {"xmin": 752, "ymin": 192, "ymax": 926, "xmax": 1160}}, {"tid": 1, "generated": 0, "bbox": {"xmin": 1257, "ymin": 186, "ymax": 240, "xmax": 1379}}], [{"tid": 0, "generated": 0, "bbox": {"xmin": 752, "ymin": 192, "ymax": 928, "xmax": 1160}}, {"tid": 1, "generated": 0, "bbox": {"xmin": 1256, "ymin": 186, "ymax": 240, "xmax": 1378}}]], "subject/objects": [{"category": "watercraft", "tid": 0}, {"category": "watercraft", "tid": 1}], "relation_instances": [{"end_fid": 30, "subject_tid": 0, "predicate": "move_front", "begin_fid": 0, "object_tid": 1}, {"end_fid": 30, "subject_tid": 0, "predicate": "move_left", "begin_fid": 0, "object_tid": 1}, {"end_fid": 30, "subject_tid": 1, "predicate": "move_right", "begin_fid": 0, "object_tid": 0}, {"end_fid": 30, "subject_tid": 1, "predicate": "move_behind", "begin_fid": 0, "object_tid": 0}, {"end_fid": 150, "subject_tid": 0, "predicate": "move_front", "begin_fid": 120, "object_tid": 1}, {"end_fid": 150, "subject_tid": 0, "predicate": "move_left", "begin_fid": 120, "object_tid": 1}, {"end_fid": 150, "subject_tid": 1, "predicate": "move_right", "begin_fid": 120, "object_tid": 0}, {"end_fid": 150, "subject_tid": 1, "predicate": "move_behind", "begin_fid": 120, "object_tid": 0}], "height": 1080}