{"width": 1280, "frame_count": 120, "video_id": "ILSVRC2015_train_00371008", "fps": 24, "trajectories": [[], [], [], [], [], [], [], [], [], [], [], [], [], [], [], [], [], [], [], [], [], [], [], [], [], [], [], [], [], [], [{"tid": 0, "generated": 0, "bbox": {"xmin": 478, "ymin": 208, "ymax": 586, "xmax": 666}}, {"tid": 1, "generated": 0, "bbox": {"xmin": 802, "ymin": 240, "ymax": 578, "xmax": 918}}], [{"tid": 0, "generated": 0, "bbox": {"xmin": 481, "ymin": 211, "ymax": 570, "xmax": 663}}, {"tid": 1, "generated": 0, "bbox": {"xmin": 802, "ymin": 240, "ymax": 578, "xmax": 918}}], [{"tid": 0, "generated": 0, "bbox": {"xmin": 472, "ymin": 208, "ymax": 577, "xmax": 648}}, {"tid": 1, "generated": 0, "bbox": {"xmin": 802, "ymin": 240, "ymax": 578, "xmax": 918}}], [{"tid": 0, "generated": 0, "bbox": {"xmin": 464, "ymin": 216, "ymax": 570, "xmax": 645}}, {"tid": 1, "generated": 0, "bbox": {"xmin": 802, "ymin": 240, "ymax": 578, "xmax": 918}}], [{"tid": 0, "generated": 0, "bbox": {"xmin": 453, "ymin": 213, "ymax": 570, "xmax": 631}}, {"tid": 1, "generated": 0, "bbox": {"xmin": 802, "ymin": 240, "ymax": 578, "xmax": 918}}], [{"tid": 0, "generated": 0, "bbox": {"xmin": 444, "ymin": 213, "ymax": 567, "xmax": 622}}, {"tid": 1, "generated": 0, "bbox": {"xmin": 802, "ymin": 240, "ymax": 578, "xmax": 918}}], [{"tid": 0, "generated": 0, "bbox": {"xmin": 437, "ymin": 209, "ymax": 568, "xmax": 622}}, {"tid": 1, "generated": 0, "bbox": {"xmin": 806, "ymin": 240, "ymax": 578, "xmax": 918}}], [{"tid": 0, "generated": 0, "bbox": {"xmin": 430, "ymin": 205, "ymax": 569, "xmax": 623}}, {"tid": 1, "generated": 0, "bbox": {"xmin": 811, "ymin": 240, "ymax": 578, "xmax": 918}}], [{"tid": 0, "generated": 0, "bbox": {"xmin": 423, "ymin": 202, "ymax": 570, "xmax": 624}}, {"tid": 1, "generated": 0, "bbox": {"xmin": 815, "ymin": 240, "ymax": 578, "xmax": 918}}], [{"tid": 0, "generated": 0, "bbox": {"xmin": 417, "ymin": 206, "ymax": 563, "xmax": 615}}, {"tid": 1, "generated": 0, "bbox": {"xmin": 820, "ymin": 240, "ymax": 578, "xmax": 918}}], [{"tid": 0, "generated": 0, "bbox": {"xmin": 408, "ymin": 208, "ymax": 565, "xmax": 611}}, {"tid": 1, "generated": 0, "bbox": {"xmin": 824, "ymin": 240, "ymax": 578, "xmax": 918}}], [{"tid": 0, "generated": 0, "bbox": {"xmin": 407, "ymin": 208, "ymax": 561, "xmax": 604}}, {"tid": 1, "generated": 0, "bbox": {"xmin": 840, "ymin": 240, "ymax": 578, "xmax": 934}}], [{"tid": 0, "generated": 0, "bbox": {"xmin": 398, "ymin": 218, "ymax": 565, "xmax": 604}}, {"tid": 1, "generated": 0, "bbox": {"xmin": 856, "ymin": 241, "ymax": 579, "xmax": 950}}], [{"tid": 0, "generated": 0, "bbox": {"xmin": 394, "ymin": 213, "ymax": 558, "xmax": 615}}, {"tid": 1, "generated": 0, "bbox": {"xmin": 872, "ymin": 241, "ymax": 579, "xmax": 966}}], [{"tid": 0, "generated": 0, "bbox": {"xmin": 384, "ymin": 211, "ymax": 560, "xmax": 611}}, {"tid": 1, "generated": 0, "bbox": {"xmin": 888, "ymin": 242, "ymax": 580, "xmax": 982}}], [{"tid": 0, "generated": 0, "bbox": {"xmin": 390, "ymin": 205, "ymax": 556, "xmax": 622}}, {"tid": 1, "generated": 0, "bbox": {"xmin": 904, "ymin": 242, "ymax": 580, "xmax": 998}}], [{"tid": 0, "generated": 0, "bbox": {"xmin": 396, "ymin": 200, "ymax": 552, "xmax": 634}}, {"tid": 1, "generated": 0, "bbox": {"xmin": 922, "ymin": 238, "ymax": 576, "xmax": 1021}}], [{"tid": 0, "generated": 0, "bbox": {"xmin": 410, "ymin": 206, "ymax": 551, "xmax": 654}}, {"tid": 1, "generated": 0, "bbox": {"xmin": 940, "ymin": 235, "ymax": 573, "xmax": 1044}}], [{"tid": 0, "generated": 0, "bbox": {"xmin": 419, "ymin": 204, "ymax": 549, "xmax": 656}}, {"tid": 1, "generated": 0, "bbox": {"xmin": 958, "ymin": 231, "ymax": 569, "xmax": 1068}}], [{"tid": 0, "generated": 0, "bbox": {"xmin": 428, "ymin": 200, "ymax": 552, "xmax": 675}}, {"tid": 1, "generated": 0, "bbox": {"xmin": 976, "ymin": 228, "ymax": 566, "xmax": 1091}}], [{"tid": 0, "generated": 0, "bbox": {"xmin": 437, "ymin": 200, "ymax": 551, "xmax": 682}}, {"tid": 1, "generated": 0, "bbox": {"xmin": 994, "ymin": 224, "ymax": 562, "xmax": 1114}}], [{"tid": 0, "generated": 0, "bbox": {"xmin": 453, "ymin": 193, "ymax": 540, "xmax": 702}}, {"tid": 1, "generated": 0, "bbox": {"xmin": 1011, "ymin": 223, "ymax": 561, "xmax": 1131}}], [{"tid": 0, "generated": 0, "bbox": {"xmin": 474, "ymin": 190, "ymax": 529, "xmax": 711}}, {"tid": 1, "generated": 0, "bbox": {"xmin": 1028, "ymin": 222, "ymax": 560, "xmax": 1148}}], [{"tid": 0, "generated": 0, "bbox": {"xmin": 490, "ymin": 181, "ymax": 528, "xmax": 732}}, {"tid": 1, "generated": 0, "bbox": {"xmin": 1044, "ymin": 220, "ymax": 558, "xmax": 1164}}], [{"tid": 0, "generated": 0, "bbox": {"xmin": 496, "ymin": 172, "ymax": 531, "xmax": 746}}, {"tid": 1, "generated": 0, "bbox": {"xmin": 1061, "ymin": 219, "ymax": 557, "xmax": 1181}}], [{"tid": 0, "generated": 0, "bbox": {"xmin": 512, "ymin": 172, "ymax": 540, "xmax": 753}}, {"tid": 1, "generated": 0, "bbox": {"xmin": 1078, "ymin": 218, "ymax": 556, "xmax": 1198}}], [{"tid": 0, "generated": 0, "bbox": {"xmin": 524, "ymin": 167, "ymax": 538, "xmax": 766}}, {"tid": 1, "generated": 0, "bbox": {"xmin": 1093, "ymin": 217, "ymax": 555, "xmax": 1213}}], [{"tid": 0, "generated": 0, "bbox": {"xmin": 529, "ymin": 170, "ymax": 540, "xmax": 776}}, {"tid": 1, "generated": 0, "bbox": {"xmin": 1108, "ymin": 216, "ymax": 554, "xmax": 1228}}], [{"tid": 0, "generated": 0, "bbox": {"xmin": 535, "ymin": 174, "ymax": 531, "xmax": 789}}, {"tid": 1, "generated": 0, "bbox": {"xmin": 1122, "ymin": 216, "ymax": 554, "xmax": 1242}}], [{"tid": 0, "generated": 0, "bbox": {"xmin": 544, "ymin": 181, "ymax": 526, "xmax": 801}}, {"tid": 1, "generated": 0, "bbox": {"xmin": 1137, "ymin": 215, "ymax": 553, "xmax": 1257}}]], "subject/objects": [{"category": "horse", "tid": 0}, {"category": "person", "tid": 1}], "relation_instances": [{"end_fid": 60, "subject_tid": 0, "predicate": "run_front", "begin_fid": 30, "object_tid": 1}, {"end_fid": 60, "subject_tid": 0, "predicate": "run_away", "begin_fid": 30, "object_tid": 1}, {"end_fid": 60, "subject_tid": 1, "predicate": "stand_behind", "begin_fid": 30, "object_tid": 0}, {"end_fid": 60, "subject_tid": 1, "predicate": "watch", "begin_fid": 30, "object_tid": 0}], "height": 720}