{"width": 480, "frame_count": 125, "video_id": "ILSVRC2015_train_00302020", "fps": 30, "trajectories": [[{"tid": 1, "generated": 0, "bbox": {"xmin": 232, "ymin": 182, "ymax": 210, "xmax": 264}}, {"tid": 2, "generated": 0, "bbox": {"xmin": 136, "ymin": 155, "ymax": 196, "xmax": 169}}, {"tid": 3, "generated": 0, "bbox": {"xmin": 168, "ymin": 162, "ymax": 182, "xmax": 186}}], [{"tid": 1, "generated": 0, "bbox": {"xmin": 232, "ymin": 182, "ymax": 210, "xmax": 264}}, {"tid": 2, "generated": 0, "bbox": {"xmin": 136, "ymin": 155, "ymax": 196, "xmax": 169}}, {"tid": 3, "generated": 0, "bbox": {"xmin": 168, "ymin": 162, "ymax": 182, "xmax": 186}}], [{"tid": 1, "generated": 0, "bbox": {"xmin": 233, "ymin": 183, "ymax": 211, "xmax": 265}}, {"tid": 2, "generated": 0, "bbox": {"xmin": 136, "ymin": 155, "ymax": 196, "xmax": 169}}, {"tid": 3, "generated": 0, "bbox": {"xmin": 168, "ymin": 162, "ymax": 182, "xmax": 186}}], [{"tid": 1, "generated": 0, "bbox": {"xmin": 234, "ymin": 183, "ymax": 211, "xmax": 266}}, {"tid": 2, "generated": 0, "bbox": {"xmin": 136, "ymin": 156, "ymax": 197, "xmax": 169}}, {"tid": 3, "generated": 0, "bbox": {"xmin": 168, "ymin": 162, "ymax": 182, "xmax": 186}}], [{"tid": 1, "generated": 0, "bbox": {"xmin": 234, "ymin": 184, "ymax": 212, "xmax": 266}}, {"tid": 2, "generated": 0, "bbox": {"xmin": 136, "ymin": 156, "ymax": 197, "xmax": 169}}, {"tid": 3, "generated": 0, "bbox": {"xmin": 168, "ymin": 162, "ymax": 182, "xmax": 186}}], [{"tid": 1, "generated": 0, "bbox": {"xmin": 235, "ymin": 184, "ymax": 212, "xmax": 267}}, {"tid": 2, "generated": 0, "bbox": {"xmin": 136, "ymin": 156, "ymax": 197, "xmax": 169}}, {"tid": 3, "generated": 0, "bbox": {"xmin": 168, "ymin": 162, "ymax": 182, "xmax": 186}}], [{"tid": 1, "generated": 0, "bbox": {"xmin": 236, "ymin": 185, "ymax": 213, "xmax": 268}}, {"tid": 2, "generated": 0, "bbox": {"xmin": 136, "ymin": 157, "ymax": 198, "xmax": 169}}, {"tid": 3, "generated": 0, "bbox": {"xmin": 168, "ymin": 162, "ymax": 182, "xmax": 186}}], [{"tid": 1, "generated": 0, "bbox": {"xmin": 236, "ymin": 185, "ymax": 213, "xmax": 268}}, {"tid": 2, "generated": 0, "bbox": {"xmin": 136, "ymin": 157, "ymax": 198, "xmax": 169}}, {"tid": 3, "generated": 0, "bbox": {"xmin": 168, "ymin": 162, "ymax": 182, "xmax": 186}}], [{"tid": 1, "generated": 0, "bbox": {"xmin": 237, "ymin": 186, "ymax": 214, "xmax": 269}}, {"tid": 2, "generated": 0, "bbox": {"xmin": 136, "ymin": 157, "ymax": 198, "xmax": 169}}, {"tid": 3, "generated": 0, "bbox": {"xmin": 168, "ymin": 162, "ymax": 182, "xmax": 186}}], [{"tid": 1, "generated": 0, "bbox": {"xmin": 238, "ymin": 187, "ymax": 215, "xmax": 270}}, {"tid": 2, "generated": 0, "bbox": {"xmin": 136, "ymin": 158, "ymax": 199, "xmax": 169}}, {"tid": 3, "generated": 0, "bbox": {"xmin": 168, "ymin": 163, "ymax": 183, "xmax": 186}}], [{"tid": 1, "generated": 0, "bbox": {"xmin": 238, "ymin": 187, "ymax": 215, "xmax": 271}}, {"tid": 2, "generated": 0, "bbox": {"xmin": 136, "ymin": 158, "ymax": 199, "xmax": 169}}, {"tid": 3, "generated": 0, "bbox": {"xmin": 168, "ymin": 163, "ymax": 183, "xmax": 186}}], [{"tid": 1, "generated": 0, "bbox": {"xmin": 239, "ymin": 187, "ymax": 216, "xmax": 272}}, {"tid": 2, "generated": 0, "bbox": {"xmin": 136, "ymin": 158, "ymax": 199, "xmax": 169}}, {"tid": 3, "generated": 0, "bbox": {"xmin": 168, "ymin": 163, "ymax": 183, "xmax": 187}}], [{"tid": 1, "generated": 0, "bbox": {"xmin": 240, "ymin": 187, "ymax": 216, "xmax": 273}}, {"tid": 2, "generated": 0, "bbox": {"xmin": 136, "ymin": 158, "ymax": 199, "xmax": 169}}, {"tid": 3, "generated": 0, "bbox": {"xmin": 168, "ymin": 163, "ymax": 183, "xmax": 188}}], [{"tid": 1, "generated": 0, "bbox": {"xmin": 241, "ymin": 188, "ymax": 217, "xmax": 274}}, {"tid": 2, "generated": 0, "bbox": {"xmin": 136, "ymin": 158, "ymax": 199, "xmax": 169}}, {"tid": 3, "generated": 0, "bbox": {"xmin": 169, "ymin": 163, "ymax": 183, "xmax": 188}}], [{"tid": 1, "generated": 0, "bbox": {"xmin": 242, "ymin": 188, "ymax": 217, "xmax": 276}}, {"tid": 2, "generated": 0, "bbox": {"xmin": 136, "ymin": 158, "ymax": 199, "xmax": 169}}, {"tid": 3, "generated": 0, "bbox": {"xmin": 169, "ymin": 163, "ymax": 183, "xmax": 189}}], [{"tid": 1, "generated": 0, "bbox": {"xmin": 243, "ymin": 188, "ymax": 218, "xmax": 277}}, {"tid": 2, "generated": 0, "bbox": {"xmin": 136, "ymin": 158, "ymax": 199, "xmax": 169}}, {"tid": 3, "generated": 0, "bbox": {"xmin": 169, "ymin": 163, "ymax": 183, "xmax": 190}}], [{"tid": 1, "generated": 0, "bbox": {"xmin": 244, "ymin": 189, "ymax": 218, "xmax": 278}}, {"tid": 2, "generated": 0, "bbox": {"xmin": 136, "ymin": 158, "ymax": 199, "xmax": 169}}, {"tid": 3, "generated": 0, "bbox": {"xmin": 170, "ymin": 163, "ymax": 183, "xmax": 190}}], [{"tid": 1, "generated": 0, "bbox": {"xmin": 245, "ymin": 189, "ymax": 219, "xmax": 279}}, {"tid": 2, "generated": 0, "bbox": {"xmin": 136, "ymin": 158, "ymax": 199, "xmax": 169}}, {"tid": 3, "generated": 0, "bbox": {"xmin": 170, "ymin": 163, "ymax": 183, "xmax": 191}}], [{"tid": 1, "generated": 0, "bbox": {"xmin": 246, "ymin": 189, "ymax": 219, "xmax": 280}}, {"tid": 2, "generated": 0, "bbox": {"xmin": 136, "ymin": 158, "ymax": 199, "xmax": 169}}, {"tid": 3, "generated": 0, "bbox": {"xmin": 170, "ymin": 163, "ymax": 183, "xmax": 192}}], [{"tid": 1, "generated": 0, "bbox": {"xmin": 247, "ymin": 190, "ymax": 220, "xmax": 282}}, {"tid": 2, "generated": 0, "bbox": {"xmin": 136, "ymin": 159, "ymax": 200, "xmax": 169}}, {"tid": 3, "generated": 0, "bbox": {"xmin": 171, "ymin": 163, "ymax": 183, "xmax": 193}}], [{"tid": 1, "generated": 0, "bbox": {"xmin": 248, "ymin": 190, "ymax": 220, "xmax": 283}}, {"tid": 2, "generated": 0, "bbox": {"xmin": 136, "ymin": 159, "ymax": 200, "xmax": 169}}, {"tid": 3, "generated": 0, "bbox": {"xmin": 171, "ymin": 163, "ymax": 183, "xmax": 193}}], [{"tid": 1, "generated": 0, "bbox": {"xmin": 250, "ymin": 191, "ymax": 221, "xmax": 285}}, {"tid": 2, "generated": 0, "bbox": {"xmin": 136, "ymin": 159, "ymax": 200, "xmax": 169}}, {"tid": 3, "generated": 0, "bbox": {"xmin": 172, "ymin": 163, "ymax": 183, "xmax": 194}}], [{"tid": 1, "generated": 0, "bbox": {"xmin": 252, "ymin": 192, "ymax": 222, "xmax": 287}}, {"tid": 2, "generated": 0, "bbox": {"xmin": 136, "ymin": 159, "ymax": 200, "xmax": 169}}, {"tid": 3, "generated": 0, "bbox": {"xmin": 172, "ymin": 164, "ymax": 184, "xmax": 194}}], [{"tid": 1, "generated": 0, "bbox": {"xmin": 253, "ymin": 192, "ymax": 222, "xmax": 288}}, {"tid": 2, "generated": 0, "bbox": {"xmin": 136, "ymin": 159, "ymax": 200, "xmax": 169}}, {"tid": 3, "generated": 0, "bbox": {"xmin": 173, "ymin": 164, "ymax": 184, "xmax": 195}}], [{"tid": 1, "generated": 0, "bbox": {"xmin": 255, "ymin": 193, "ymax": 223, "xmax": 290}}, {"tid": 2, "generated": 0, "bbox": {"xmin": 136, "ymin": 160, "ymax": 201, "xmax": 169}}, {"tid": 3, "generated": 0, "bbox": {"xmin": 174, "ymin": 165, "ymax": 185, "xmax": 196}}], [{"tid": 1, "generated": 0, "bbox": {"xmin": 257, "ymin": 194, "ymax": 224, "xmax": 292}}, {"tid": 2, "generated": 0, "bbox": {"xmin": 136, "ymin": 160, "ymax": 201, "xmax": 169}}, {"tid": 3, "generated": 0, "bbox": {"xmin": 174, "ymin": 165, "ymax": 185, "xmax": 196}}], [{"tid": 1, "generated": 0, "bbox": {"xmin": 258, "ymin": 194, "ymax": 224, "xmax": 293}}, {"tid": 2, "generated": 0, "bbox": {"xmin": 136, "ymin": 160, "ymax": 201, "xmax": 169}}, {"tid": 3, "generated": 0, "bbox": {"xmin": 175, "ymin": 165, "ymax": 185, "xmax": 197}}], [{"tid": 1, "generated": 0, "bbox": {"xmin": 260, "ymin": 195, "ymax": 225, "xmax": 295}}, {"tid": 2, "generated": 0, "bbox": {"xmin": 136, "ymin": 160, "ymax": 201, "xmax": 169}}, {"tid": 3, "generated": 0, "bbox": {"xmin": 175, "ymin": 166, "ymax": 186, "xmax": 197}}], [{"tid": 1, "generated": 0, "bbox": {"xmin": 262, "ymin": 196, "ymax": 226, "xmax": 297}}, {"tid": 2, "generated": 0, "bbox": {"xmin": 136, "ymin": 160, "ymax": 201, "xmax": 169}}, {"tid": 3, "generated": 0, "bbox": {"xmin": 176, "ymin": 166, "ymax": 186, "xmax": 198}}], [{"tid": 1, "generated": 0, "bbox": {"xmin": 264, "ymin": 197, "ymax": 227, "xmax": 299}}, {"tid": 2, "generated": 0, "bbox": {"xmin": 137, "ymin": 161, "ymax": 202, "xmax": 170}}, {"tid": 3, "generated": 0, "bbox": {"xmin": 177, "ymin": 167, "ymax": 187, "xmax": 199}}], [], [], [], [], [], [], [], [], [], [], [], [], [], [], [], [], [], [], [], [], [], [], [], [], [], [], [], [], [], [], [], [], [], [], [], [], [], [], [], [], [], [], [], [], [], [], [], [], [], [], [], [], [], [], [], [], [], [], [], [], [{"tid": 2, "generated": 0, "bbox": {"xmin": 136, "ymin": 159, "ymax": 201, "xmax": 169}}, {"tid": 3, "generated": 0, "bbox": {"xmin": 213, "ymin": 168, "ymax": 191, "xmax": 242}}, {"tid": 4, "generated": 0, "bbox": {"xmin": 187, "ymin": 160, "ymax": 181, "xmax": 209}}, {"tid": 5, "generated": 0, "bbox": {"xmin": 173, "ymin": 161, "ymax": 183, "xmax": 197}}, {"tid": 8, "generated": 0, "bbox": {"xmin": 331, "ymin": 335, "ymax": 356, "xmax": 382}}], [{"tid": 2, "generated": 0, "bbox": {"xmin": 136, "ymin": 158, "ymax": 200, "xmax": 169}}, {"tid": 3, "generated": 0, "bbox": {"xmin": 213, "ymin": 167, "ymax": 191, "xmax": 243}}, {"tid": 4, "generated": 0, "bbox": {"xmin": 187, "ymin": 159, "ymax": 180, "xmax": 209}}, {"tid": 5, "generated": 0, "bbox": {"xmin": 174, "ymin": 161, "ymax": 183, "xmax": 198}}, {"tid": 8, "generated": 0, "bbox": {"xmin": 330, "ymin": 334, "ymax": 357, "xmax": 379}}], [{"tid": 2, "generated": 0, "bbox": {"xmin": 136, "ymin": 158, "ymax": 200, "xmax": 170}}, {"tid": 3, "generated": 0, "bbox": {"xmin": 214, "ymin": 167, "ymax": 191, "xmax": 244}}, {"tid": 4, "generated": 0, "bbox": {"xmin": 188, "ymin": 159, "ymax": 180, "xmax": 210}}, {"tid": 5, "generated": 0, "bbox": {"xmin": 175, "ymin": 161, "ymax": 183, "xmax": 199}}, {"tid": 8, "generated": 0, "bbox": {"xmin": 330, "ymin": 334, "ymax": 357, "xmax": 376}}], [{"tid": 2, "generated": 0, "bbox": {"xmin": 136, "ymin": 157, "ymax": 199, "xmax": 171}}, {"tid": 3, "generated": 0, "bbox": {"xmin": 215, "ymin": 167, "ymax": 191, "xmax": 245}}, {"tid": 4, "generated": 0, "bbox": {"xmin": 189, "ymin": 159, "ymax": 180, "xmax": 211}}, {"tid": 5, "generated": 0, "bbox": {"xmin": 176, "ymin": 161, "ymax": 183, "xmax": 200}}, {"tid": 8, "generated": 0, "bbox": {"xmin": 329, "ymin": 333, "ymax": 358, "xmax": 374}}], [{"tid": 2, "generated": 0, "bbox": {"xmin": 136, "ymin": 157, "ymax": 199, "xmax": 171}}, {"tid": 3, "generated": 0, "bbox": {"xmin": 216, "ymin": 167, "ymax": 191, "xmax": 246}}, {"tid": 4, "generated": 0, "bbox": {"xmin": 190, "ymin": 158, "ymax": 179, "xmax": 212}}, {"tid": 5, "generated": 0, "bbox": {"xmin": 177, "ymin": 161, "ymax": 183, "xmax": 201}}, {"tid": 8, "generated": 0, "bbox": {"xmin": 329, "ymin": 333, "ymax": 358, "xmax": 371}}], [{"tid": 2, "generated": 0, "bbox": {"xmin": 136, "ymin": 157, "ymax": 199, "xmax": 172}}, {"tid": 3, "generated": 0, "bbox": {"xmin": 217, "ymin": 167, "ymax": 191, "xmax": 247}}, {"tid": 4, "generated": 0, "bbox": {"xmin": 191, "ymin": 158, "ymax": 179, "xmax": 213}}, {"tid": 5, "generated": 0, "bbox": {"xmin": 178, "ymin": 162, "ymax": 184, "xmax": 202}}, {"tid": 8, "generated": 0, "bbox": {"xmin": 328, "ymin": 332, "ymax": 359, "xmax": 368}}], [{"tid": 2, "generated": 0, "bbox": {"xmin": 136, "ymin": 156, "ymax": 198, "xmax": 173}}, {"tid": 3, "generated": 0, "bbox": {"xmin": 217, "ymin": 166, "ymax": 191, "xmax": 248}}, {"tid": 4, "generated": 0, "bbox": {"xmin": 192, "ymin": 158, "ymax": 179, "xmax": 214}}, {"tid": 5, "generated": 0, "bbox": {"xmin": 179, "ymin": 162, "ymax": 184, "xmax": 203}}, {"tid": 8, "generated": 0, "bbox": {"xmin": 327, "ymin": 330, "ymax": 359, "xmax": 368}}], [{"tid": 2, "generated": 0, "bbox": {"xmin": 136, "ymin": 156, "ymax": 198, "xmax": 173}}, {"tid": 3, "generated": 0, "bbox": {"xmin": 218, "ymin": 166, "ymax": 191, "xmax": 249}}, {"tid": 4, "generated": 0, "bbox": {"xmin": 193, "ymin": 157, "ymax": 178, "xmax": 215}}, {"tid": 5, "generated": 0, "bbox": {"xmin": 180, "ymin": 162, "ymax": 184, "xmax": 204}}, {"tid": 8, "generated": 0, "bbox": {"xmin": 326, "ymin": 329, "ymax": 359, "xmax": 368}}], [{"tid": 2, "generated": 0, "bbox": {"xmin": 136, "ymin": 155, "ymax": 197, "xmax": 174}}, {"tid": 3, "generated": 0, "bbox": {"xmin": 219, "ymin": 166, "ymax": 191, "xmax": 250}}, {"tid": 4, "generated": 0, "bbox": {"xmin": 194, "ymin": 157, "ymax": 178, "xmax": 216}}, {"tid": 5, "generated": 0, "bbox": {"xmin": 181, "ymin": 162, "ymax": 184, "xmax": 205}}, {"tid": 8, "generated": 0, "bbox": {"xmin": 326, "ymin": 327, "ymax": 359, "xmax": 368}}], [{"tid": 2, "generated": 0, "bbox": {"xmin": 136, "ymin": 155, "ymax": 197, "xmax": 175}}, {"tid": 3, "generated": 0, "bbox": {"xmin": 220, "ymin": 166, "ymax": 191, "xmax": 251}}, {"tid": 4, "generated": 0, "bbox": {"xmin": 195, "ymin": 157, "ymax": 178, "xmax": 217}}, {"tid": 5, "generated": 0, "bbox": {"xmin": 182, "ymin": 162, "ymax": 184, "xmax": 206}}, {"tid": 8, "generated": 0, "bbox": {"xmin": 325, "ymin": 326, "ymax": 359, "xmax": 368}}], [{"tid": 2, "generated": 0, "bbox": {"xmin": 137, "ymin": 155, "ymax": 197, "xmax": 176}}, {"tid": 3, "generated": 0, "bbox": {"xmin": 221, "ymin": 166, "ymax": 191, "xmax": 253}}, {"tid": 4, "generated": 0, "bbox": {"xmin": 196, "ymin": 157, "ymax": 178, "xmax": 218}}, {"tid": 5, "generated": 0, "bbox": {"xmin": 184, "ymin": 163, "ymax": 185, "xmax": 208}}, {"tid": 8, "generated": 0, "bbox": {"xmin": 324, "ymin": 324, "ymax": 359, "xmax": 368}}], [{"tid": 2, "generated": 0, "bbox": {"xmin": 136, "ymin": 154, "ymax": 196, "xmax": 175}}, {"tid": 3, "generated": 0, "bbox": {"xmin": 221, "ymin": 165, "ymax": 190, "xmax": 253}}, {"tid": 4, "generated": 0, "bbox": {"xmin": 196, "ymin": 156, "ymax": 177, "xmax": 218}}, {"tid": 5, "generated": 0, "bbox": {"xmin": 184, "ymin": 162, "ymax": 184, "xmax": 208}}, {"tid": 8, "generated": 0, "bbox": {"xmin": 322, "ymin": 323, "ymax": 359, "xmax": 366}}], [{"tid": 2, "generated": 0, "bbox": {"xmin": 135, "ymin": 153, "ymax": 195, "xmax": 174}}, {"tid": 3, "generated": 0, "bbox": {"xmin": 222, "ymin": 165, "ymax": 190, "xmax": 254}}, {"tid": 4, "generated": 0, "bbox": {"xmin": 196, "ymin": 156, "ymax": 177, "xmax": 218}}, {"tid": 5, "generated": 0, "bbox": {"xmin": 184, "ymin": 161, "ymax": 184, "xmax": 209}}, {"tid": 8, "generated": 0, "bbox": {"xmin": 320, "ymin": 322, "ymax": 359, "xmax": 364}}], [{"tid": 2, "generated": 0, "bbox": {"xmin": 134, "ymin": 152, "ymax": 194, "xmax": 173}}, {"tid": 3, "generated": 0, "bbox": {"xmin": 222, "ymin": 165, "ymax": 190, "xmax": 254}}, {"tid": 4, "generated": 0, "bbox": {"xmin": 196, "ymin": 155, "ymax": 176, "xmax": 218}}, {"tid": 5, "generated": 0, "bbox": {"xmin": 184, "ymin": 161, "ymax": 183, "xmax": 209}}, {"tid": 8, "generated": 0, "bbox": {"xmin": 317, "ymin": 320, "ymax": 359, "xmax": 361}}], [{"tid": 2, "generated": 0, "bbox": {"xmin": 133, "ymin": 152, "ymax": 194, "xmax": 173}}, {"tid": 3, "generated": 0, "bbox": {"xmin": 223, "ymin": 164, "ymax": 189, "xmax": 255}}, {"tid": 4, "generated": 0, "bbox": {"xmin": 196, "ymin": 155, "ymax": 176, "xmax": 218}}, {"tid": 5, "generated": 0, "bbox": {"xmin": 184, "ymin": 160, "ymax": 183, "xmax": 210}}, {"tid": 8, "generated": 0, "bbox": {"xmin": 315, "ymin": 319, "ymax": 359, "xmax": 359}}], [{"tid": 2, "generated": 0, "bbox": {"xmin": 133, "ymin": 151, "ymax": 193, "xmax": 172}}, {"tid": 3, "generated": 0, "bbox": {"xmin": 223, "ymin": 164, "ymax": 189, "xmax": 255}}, {"tid": 4, "generated": 0, "bbox": {"xmin": 197, "ymin": 155, "ymax": 176, "xmax": 219}}, {"tid": 5, "generated": 0, "bbox": {"xmin": 184, "ymin": 160, "ymax": 183, "xmax": 211}}, {"tid": 8, "generated": 0, "bbox": {"xmin": 313, "ymin": 318, "ymax": 359, "xmax": 357}}], [{"tid": 2, "generated": 0, "bbox": {"xmin": 132, "ymin": 150, "ymax": 192, "xmax": 171}}, {"tid": 3, "generated": 0, "bbox": {"xmin": 224, "ymin": 164, "ymax": 189, "xmax": 256}}, {"tid": 4, "generated": 0, "bbox": {"xmin": 197, "ymin": 154, "ymax": 175, "xmax": 219}}, {"tid": 5, "generated": 0, "bbox": {"xmin": 184, "ymin": 159, "ymax": 182, "xmax": 211}}, {"tid": 8, "generated": 0, "bbox": {"xmin": 312, "ymin": 317, "ymax": 358, "xmax": 356}}], [{"tid": 2, "generated": 0, "bbox": {"xmin": 131, "ymin": 150, "ymax": 192, "xmax": 171}}, {"tid": 3, "generated": 0, "bbox": {"xmin": 224, "ymin": 163, "ymax": 188, "xmax": 256}}, {"tid": 4, "generated": 0, "bbox": {"xmin": 197, "ymin": 154, "ymax": 175, "xmax": 219}}, {"tid": 5, "generated": 0, "bbox": {"xmin": 184, "ymin": 158, "ymax": 182, "xmax": 212}}, {"tid": 8, "generated": 0, "bbox": {"xmin": 311, "ymin": 316, "ymax": 357, "xmax": 355}}], [{"tid": 2, "generated": 0, "bbox": {"xmin": 130, "ymin": 149, "ymax": 191, "xmax": 170}}, {"tid": 3, "generated": 0, "bbox": {"xmin": 225, "ymin": 163, "ymax": 188, "xmax": 257}}, {"tid": 4, "generated": 0, "bbox": {"xmin": 197, "ymin": 153, "ymax": 174, "xmax": 219}}, {"tid": 5, "generated": 0, "bbox": {"xmin": 184, "ymin": 158, "ymax": 181, "xmax": 212}}, {"tid": 8, "generated": 0, "bbox": {"xmin": 309, "ymin": 316, "ymax": 357, "xmax": 353}}], [{"tid": 2, "generated": 0, "bbox": {"xmin": 129, "ymin": 148, "ymax": 190, "xmax": 169}}, {"tid": 3, "generated": 0, "bbox": {"xmin": 225, "ymin": 163, "ymax": 188, "xmax": 257}}, {"tid": 4, "generated": 0, "bbox": {"xmin": 197, "ymin": 153, "ymax": 174, "xmax": 219}}, {"tid": 5, "generated": 0, "bbox": {"xmin": 184, "ymin": 157, "ymax": 181, "xmax": 213}}, {"tid": 8, "generated": 0, "bbox": {"xmin": 308, "ymin": 315, "ymax": 356, "xmax": 352}}], [{"tid": 2, "generated": 0, "bbox": {"xmin": 129, "ymin": 148, "ymax": 190, "xmax": 169}}, {"tid": 3, "generated": 0, "bbox": {"xmin": 226, "ymin": 163, "ymax": 188, "xmax": 258}}, {"tid": 4, "generated": 0, "bbox": {"xmin": 198, "ymin": 153, "ymax": 174, "xmax": 220}}, {"tid": 5, "generated": 0, "bbox": {"xmin": 185, "ymin": 157, "ymax": 181, "xmax": 214}}, {"tid": 8, "generated": 0, "bbox": {"xmin": 307, "ymin": 314, "ymax": 355, "xmax": 351}}], [{"tid": 2, "generated": 0, "bbox": {"xmin": 129, "ymin": 147, "ymax": 189, "xmax": 169}}, {"tid": 3, "generated": 0, "bbox": {"xmin": 227, "ymin": 163, "ymax": 188, "xmax": 259}}, {"tid": 4, "generated": 0, "bbox": {"xmin": 199, "ymin": 153, "ymax": 174, "xmax": 221}}, {"tid": 5, "generated": 0, "bbox": {"xmin": 185, "ymin": 157, "ymax": 181, "xmax": 215}}, {"tid": 8, "generated": 0, "bbox": {"xmin": 306, "ymin": 312, "ymax": 355, "xmax": 351}}], [{"tid": 2, "generated": 0, "bbox": {"xmin": 130, "ymin": 147, "ymax": 189, "xmax": 170}}, {"tid": 3, "generated": 0, "bbox": {"xmin": 228, "ymin": 163, "ymax": 188, "xmax": 260}}, {"tid": 4, "generated": 0, "bbox": {"xmin": 200, "ymin": 154, "ymax": 175, "xmax": 222}}, {"tid": 5, "generated": 0, "bbox": {"xmin": 186, "ymin": 157, "ymax": 181, "xmax": 216}}, {"tid": 8, "generated": 0, "bbox": {"xmin": 305, "ymin": 309, "ymax": 355, "xmax": 351}}], [{"tid": 2, "generated": 0, "bbox": {"xmin": 130, "ymin": 147, "ymax": 189, "xmax": 170}}, {"tid": 3, "generated": 0, "bbox": {"xmin": 229, "ymin": 163, "ymax": 188, "xmax": 261}}, {"tid": 4, "generated": 0, "bbox": {"xmin": 201, "ymin": 154, "ymax": 175, "xmax": 223}}, {"tid": 5, "generated": 0, "bbox": {"xmin": 187, "ymin": 157, "ymax": 181, "xmax": 217}}, {"tid": 8, "generated": 0, "bbox": {"xmin": 304, "ymin": 307, "ymax": 355, "xmax": 351}}], [{"tid": 2, "generated": 0, "bbox": {"xmin": 131, "ymin": 147, "ymax": 189, "xmax": 171}}, {"tid": 3, "generated": 0, "bbox": {"xmin": 231, "ymin": 163, "ymax": 188, "xmax": 263}}, {"tid": 4, "generated": 0, "bbox": {"xmin": 202, "ymin": 155, "ymax": 176, "xmax": 224}}, {"tid": 5, "generated": 0, "bbox": {"xmin": 188, "ymin": 157, "ymax": 181, "xmax": 218}}, {"tid": 8, "generated": 0, "bbox": {"xmin": 303, "ymin": 304, "ymax": 355, "xmax": 351}}], [{"tid": 2, "generated": 0, "bbox": {"xmin": 132, "ymin": 147, "ymax": 189, "xmax": 172}}, {"tid": 3, "generated": 0, "bbox": {"xmin": 232, "ymin": 163, "ymax": 188, "xmax": 264}}, {"tid": 4, "generated": 0, "bbox": {"xmin": 203, "ymin": 155, "ymax": 176, "xmax": 225}}, {"tid": 5, "generated": 0, "bbox": {"xmin": 189, "ymin": 158, "ymax": 181, "xmax": 219}}, {"tid": 8, "generated": 0, "bbox": {"xmin": 302, "ymin": 302, "ymax": 355, "xmax": 351}}], [{"tid": 2, "generated": 0, "bbox": {"xmin": 132, "ymin": 147, "ymax": 189, "xmax": 172}}, {"tid": 3, "generated": 0, "bbox": {"xmin": 233, "ymin": 163, "ymax": 188, "xmax": 265}}, {"tid": 4, "generated": 0, "bbox": {"xmin": 204, "ymin": 156, "ymax": 177, "xmax": 226}}, {"tid": 5, "generated": 0, "bbox": {"xmin": 189, "ymin": 158, "ymax": 181, "xmax": 220}}, {"tid": 8, "generated": 0, "bbox": {"xmin": 301, "ymin": 302, "ymax": 355, "xmax": 347}}], [{"tid": 2, "generated": 0, "bbox": {"xmin": 133, "ymin": 147, "ymax": 189, "xmax": 173}}, {"tid": 3, "generated": 0, "bbox": {"xmin": 235, "ymin": 163, "ymax": 188, "xmax": 267}}, {"tid": 4, "generated": 0, "bbox": {"xmin": 205, "ymin": 156, "ymax": 177, "xmax": 227}}, {"tid": 5, "generated": 0, "bbox": {"xmin": 190, "ymin": 158, "ymax": 181, "xmax": 221}}, {"tid": 8, "generated": 0, "bbox": {"xmin": 300, "ymin": 302, "ymax": 355, "xmax": 343}}], [{"tid": 2, "generated": 0, "bbox": {"xmin": 133, "ymin": 147, "ymax": 189, "xmax": 173}}, {"tid": 3, "generated": 0, "bbox": {"xmin": 236, "ymin": 163, "ymax": 188, "xmax": 268}}, {"tid": 4, "generated": 0, "bbox": {"xmin": 206, "ymin": 157, "ymax": 178, "xmax": 228}}, {"tid": 5, "generated": 0, "bbox": {"xmin": 191, "ymin": 158, "ymax": 181, "xmax": 222}}, {"tid": 8, "generated": 0, "bbox": {"xmin": 300, "ymin": 302, "ymax": 355, "xmax": 339}}], [{"tid": 2, "generated": 0, "bbox": {"xmin": 134, "ymin": 147, "ymax": 189, "xmax": 174}}, {"tid": 3, "generated": 0, "bbox": {"xmin": 237, "ymin": 163, "ymax": 188, "xmax": 269}}, {"tid": 4, "generated": 0, "bbox": {"xmin": 207, "ymin": 157, "ymax": 178, "xmax": 229}}, {"tid": 5, "generated": 0, "bbox": {"xmin": 192, "ymin": 158, "ymax": 181, "xmax": 223}}, {"tid": 8, "generated": 0, "bbox": {"xmin": 299, "ymin": 302, "ymax": 355, "xmax": 335}}]], "subject/objects": [{"category": "car", "tid": 1}, {"category": "bus", "tid": 2}, {"category": "car", "tid": 3}, {"category": "car", "tid": 4}, {"category": "car", "tid": 5}, {"category": "person", "tid": 8}], "relation_instances": [{"end_fid": 30, "subject_tid": 1, "predicate": "move_right", "begin_fid": 0, "object_tid": 2}, {"end_fid": 30, "subject_tid": 1, "predicate": "move_front", "begin_fid": 0, "object_tid": 2}, {"end_fid": 30, "subject_tid": 2, "predicate": "stop_behind", "begin_fid": 0, "object_tid": 1}, {"end_fid": 30, "subject_tid": 2, "predicate": "stop_left", "begin_fid": 0, "object_tid": 1}, {"end_fid": 30, "subject_tid": 1, "predicate": "move_right", "begin_fid": 0, "object_tid": 3}, {"end_fid": 30, "subject_tid": 1, "predicate": "move_front", "begin_fid": 0, "object_tid": 3}, {"end_fid": 30, "subject_tid": 3, "predicate": "move_past", "begin_fid": 0, "object_tid": 1}, {"end_fid": 30, "subject_tid": 3, "predicate": "move_behind", "begin_fid": 0, "object_tid": 1}, {"end_fid": 30, "subject_tid": 3, "predicate": "move_left", "begin_fid": 0, "object_tid": 1}, {"end_fid": 30, "subject_tid": 3, "predicate": "follow", "begin_fid": 0, "object_tid": 1}, {"end_fid": 30, "subject_tid": 2, "predicate": "stop_left", "begin_fid": 0, "object_tid": 3}, {"end_fid": 30, "subject_tid": 3, "predicate": "move_right", "begin_fid": 0, "object_tid": 2}, {"end_fid": 120, "subject_tid": 2, "predicate": "stop_left", "begin_fid": 90, "object_tid": 3}, {"end_fid": 120, "subject_tid": 3, "predicate": "move_past", "begin_fid": 90, "object_tid": 2}, {"end_fid": 120, "subject_tid": 3, "predicate": "move_right", "begin_fid": 90, "object_tid": 2}, {"end_fid": 120, "subject_tid": 2, "predicate": "stop_left", "begin_fid": 90, "object_tid": 4}, {"end_fid": 120, "subject_tid": 4, "predicate": "move_past", "begin_fid": 90, "object_tid": 2}, {"end_fid": 120, "subject_tid": 4, "predicate": "move_right", "begin_fid": 90, "object_tid": 2}, {"end_fid": 120, "subject_tid": 2, "predicate": "stop_left", "begin_fid": 90, "object_tid": 5}, {"end_fid": 120, "subject_tid": 5, "predicate": "move_past", "begin_fid": 90, "object_tid": 2}, {"end_fid": 120, "subject_tid": 5, "predicate": "move_right", "begin_fid": 90, "object_tid": 2}, {"end_fid": 120, "subject_tid": 2, "predicate": "stop_behind", "begin_fid": 90, "object_tid": 8}, {"end_fid": 120, "subject_tid": 2, "predicate": "stop_left", "begin_fid": 90, "object_tid": 8}, {"end_fid": 120, "subject_tid": 8, "predicate": "toward", "begin_fid": 90, "object_tid": 2}, {"end_fid": 120, "subject_tid": 8, "predicate": "front", "begin_fid": 90, "object_tid": 2}, {"end_fid": 120, "subject_tid": 8, "predicate": "right", "begin_fid": 90, "object_tid": 2}, {"end_fid": 120, "subject_tid": 3, "predicate": "move_right", "begin_fid": 90, "object_tid": 4}, {"end_fid": 120, "subject_tid": 3, "predicate": "move_front", "begin_fid": 90, "object_tid": 4}, {"end_fid": 120, "subject_tid": 4, "predicate": "move_behind", "begin_fid": 90, "object_tid": 3}, {"end_fid": 120, "subject_tid": 4, "predicate": "move_left", "begin_fid": 90, "object_tid": 3}, {"end_fid": 120, "subject_tid": 4, "predicate": "follow", "begin_fid": 90, "object_tid": 3}, {"end_fid": 120, "subject_tid": 3, "predicate": "move_right", "begin_fid": 90, "object_tid": 5}, {"end_fid": 120, "subject_tid": 5, "predicate": "move_left", "begin_fid": 90, "object_tid": 3}, {"end_fid": 120, "subject_tid": 5, "predicate": "follow", "begin_fid": 90, "object_tid": 3}, {"end_fid": 120, "subject_tid": 3, "predicate": "move_behind", "begin_fid": 90, "object_tid": 8}, {"end_fid": 120, "subject_tid": 3, "predicate": "move_toward", "begin_fid": 90, "object_tid": 8}, {"end_fid": 120, "subject_tid": 3, "predicate": "move_left", "begin_fid": 90, "object_tid": 8}, {"end_fid": 120, "subject_tid": 8, "predicate": "toward", "begin_fid": 90, "object_tid": 3}, {"end_fid": 120, "subject_tid": 8, "predicate": "front", "begin_fid": 90, "object_tid": 3}, {"end_fid": 120, "subject_tid": 8, "predicate": "right", "begin_fid": 90, "object_tid": 3}, {"end_fid": 120, "subject_tid": 4, "predicate": "move_right", "begin_fid": 90, "object_tid": 5}, {"end_fid": 120, "subject_tid": 5, "predicate": "move_left", "begin_fid": 90, "object_tid": 4}, {"end_fid": 120, "subject_tid": 4, "predicate": "move_behind", "begin_fid": 90, "object_tid": 8}, {"end_fid": 120, "subject_tid": 4, "predicate": "move_toward", "begin_fid": 90, "object_tid": 8}, {"end_fid": 120, "subject_tid": 4, "predicate": "move_left", "begin_fid": 90, "object_tid": 8}, {"end_fid": 120, "subject_tid": 8, "predicate": "toward", "begin_fid": 90, "object_tid": 4}, {"end_fid": 120, "subject_tid": 8, "predicate": "front", "begin_fid": 90, "object_tid": 4}, {"end_fid": 120, "subject_tid": 8, "predicate": "right", "begin_fid": 90, "object_tid": 4}, {"end_fid": 120, "subject_tid": 5, "predicate": "move_behind", "begin_fid": 90, "object_tid": 8}, {"end_fid": 120, "subject_tid": 5, "predicate": "move_toward", "begin_fid": 90, "object_tid": 8}, {"end_fid": 120, "subject_tid": 5, "predicate": "move_left", "begin_fid": 90, "object_tid": 8}, {"end_fid": 120, "subject_tid": 8, "predicate": "toward", "begin_fid": 90, "object_tid": 5}, {"end_fid": 120, "subject_tid": 8, "predicate": "front", "begin_fid": 90, "object_tid": 5}, {"end_fid": 120, "subject_tid": 8, "predicate": "right", "begin_fid": 90, "object_tid": 5}], "height": 360}