{"width": 1280, "frame_count": 360, "video_id": "ILSVRC2015_train_00067003", "fps": 24, "trajectories": [[{"tid": 0, "generated": 0, "bbox": {"xmin": 272, "ymin": 58, "ymax": 636, "xmax": 1210}}, {"tid": 1, "generated": 0, "bbox": {"xmin": 984, "ymin": 0, "ymax": 496, "xmax": 1276}}], [{"tid": 0, "generated": 0, "bbox": {"xmin": 268, "ymin": 56, "ymax": 641, "xmax": 1191}}, {"tid": 1, "generated": 0, "bbox": {"xmin": 983, "ymin": 0, "ymax": 492, "xmax": 1274}}], [{"tid": 0, "generated": 0, "bbox": {"xmin": 284, "ymin": 60, "ymax": 718, "xmax": 1200}}, {"tid": 1, "generated": 0, "bbox": {"xmin": 990, "ymin": 0, "ymax": 488, "xmax": 1271}}], [{"tid": 0, "generated": 0, "bbox": {"xmin": 296, "ymin": 62, "ymax": 716, "xmax": 1201}}, {"tid": 1, "generated": 0, "bbox": {"xmin": 979, "ymin": 3, "ymax": 483, "xmax": 1274}}], [{"tid": 0, "generated": 0, "bbox": {"xmin": 312, "ymin": 126, "ymax": 718, "xmax": 1219}}, {"tid": 1, "generated": 0, "bbox": {"xmin": 983, "ymin": 1, "ymax": 458, "xmax": 1278}}], [{"tid": 0, "generated": 0, "bbox": {"xmin": 307, "ymin": 126, "ymax": 718, "xmax": 1217}}, {"tid": 1, "generated": 0, "bbox": {"xmin": 993, "ymin": 0, "ymax": 458, "xmax": 1278}}], [{"tid": 0, "generated": 0, "bbox": {"xmin": 289, "ymin": 112, "ymax": 718, "xmax": 1216}}, {"tid": 1, "generated": 0, "bbox": {"xmin": 979, "ymin": 0, "ymax": 462, "xmax": 1278}}], [{"tid": 0, "generated": 0, "bbox": {"xmin": 280, "ymin": 85, "ymax": 718, "xmax": 1198}}, {"tid": 1, "generated": 0, "bbox": {"xmin": 976, "ymin": 10, "ymax": 458, "xmax": 1276}}], [{"tid": 0, "generated": 0, "bbox": {"xmin": 266, "ymin": 64, "ymax": 718, "xmax": 1169}}, {"tid": 1, "generated": 0, "bbox": {"xmin": 958, "ymin": 12, "ymax": 490, "xmax": 1276}}], [{"tid": 0, "generated": 0, "bbox": {"xmin": 250, "ymin": 37, "ymax": 718, "xmax": 1128}}, {"tid": 1, "generated": 0, "bbox": {"xmin": 928, "ymin": 35, "ymax": 531, "xmax": 1274}}], [{"tid": 0, "generated": 0, "bbox": {"xmin": 232, "ymin": 17, "ymax": 718, "xmax": 1084}}, {"tid": 1, "generated": 0, "bbox": {"xmin": 892, "ymin": 46, "ymax": 565, "xmax": 1274}}], [{"tid": 0, "generated": 0, "bbox": {"xmin": 225, "ymin": 0, "ymax": 718, "xmax": 1047}}, {"tid": 1, "generated": 0, "bbox": {"xmin": 865, "ymin": 56, "ymax": 588, "xmax": 1276}}], [{"tid": 0, "generated": 0, "bbox": {"xmin": 225, "ymin": 0, "ymax": 718, "xmax": 1011}}, {"tid": 1, "generated": 0, "bbox": {"xmin": 851, "ymin": 94, "ymax": 611, "xmax": 1276}}], [{"tid": 0, "generated": 0, "bbox": {"xmin": 206, "ymin": 0, "ymax": 718, "xmax": 1009}}, {"tid": 1, "generated": 0, "bbox": {"xmin": 855, "ymin": 97, "ymax": 604, "xmax": 1276}}], [{"tid": 0, "generated": 0, "bbox": {"xmin": 224, "ymin": 0, "ymax": 718, "xmax": 1018}}, {"tid": 1, "generated": 0, "bbox": {"xmin": 862, "ymin": 115, "ymax": 593, "xmax": 1272}}], [{"tid": 0, "generated": 0, "bbox": {"xmin": 229, "ymin": 0, "ymax": 716, "xmax": 1025}}, {"tid": 1, "generated": 0, "bbox": {"xmin": 871, "ymin": 96, "ymax": 581, "xmax": 1278}}], [{"tid": 0, "generated": 0, "bbox": {"xmin": 243, "ymin": 0, "ymax": 716, "xmax": 1056}}, {"tid": 1, "generated": 0, "bbox": {"xmin": 888, "ymin": 85, "ymax": 583, "xmax": 1274}}], [{"tid": 0, "generated": 0, "bbox": {"xmin": 245, "ymin": 0, "ymax": 718, "xmax": 1072}}, {"tid": 1, "generated": 0, "bbox": {"xmin": 904, "ymin": 85, "ymax": 570, "xmax": 1274}}], [{"tid": 0, "generated": 0, "bbox": {"xmin": 243, "ymin": 32, "ymax": 714, "xmax": 1095}}, {"tid": 1, "generated": 0, "bbox": {"xmin": 926, "ymin": 78, "ymax": 561, "xmax": 1276}}], [{"tid": 0, "generated": 0, "bbox": {"xmin": 247, "ymin": 49, "ymax": 714, "xmax": 1114}}, {"tid": 1, "generated": 0, "bbox": {"xmin": 922, "ymin": 44, "ymax": 544, "xmax": 1274}}], [{"tid": 0, "generated": 0, "bbox": {"xmin": 256, "ymin": 62, "ymax": 718, "xmax": 1134}}, {"tid": 1, "generated": 0, "bbox": {"xmin": 935, "ymin": 65, "ymax": 529, "xmax": 1276}}], [{"tid": 0, "generated": 0, "bbox": {"xmin": 261, "ymin": 80, "ymax": 718, "xmax": 1148}}, {"tid": 1, "generated": 0, "bbox": {"xmin": 935, "ymin": 67, "ymax": 519, "xmax": 1274}}], [{"tid": 0, "generated": 0, "bbox": {"xmin": 275, "ymin": 81, "ymax": 716, "xmax": 1162}}, {"tid": 1, "generated": 0, "bbox": {"xmin": 947, "ymin": 97, "ymax": 512, "xmax": 1274}}], [{"tid": 0, "generated": 0, "bbox": {"xmin": 293, "ymin": 71, "ymax": 716, "xmax": 1166}}, {"tid": 1, "generated": 0, "bbox": {"xmin": 949, "ymin": 94, "ymax": 504, "xmax": 1276}}], [{"tid": 0, "generated": 0, "bbox": {"xmin": 286, "ymin": 67, "ymax": 718, "xmax": 1166}}, {"tid": 1, "generated": 0, "bbox": {"xmin": 960, "ymin": 108, "ymax": 494, "xmax": 1272}}], [{"tid": 0, "generated": 0, "bbox": {"xmin": 289, "ymin": 69, "ymax": 663, "xmax": 1169}}, {"tid": 1, "generated": 0, "bbox": {"xmin": 954, "ymin": 104, "ymax": 497, "xmax": 1276}}], [{"tid": 0, "generated": 0, "bbox": {"xmin": 270, "ymin": 65, "ymax": 670, "xmax": 1171}}, {"tid": 1, "generated": 0, "bbox": {"xmin": 949, "ymin": 103, "ymax": 488, "xmax": 1274}}], [{"tid": 0, "generated": 0, "bbox": {"xmin": 266, "ymin": 62, "ymax": 670, "xmax": 1173}}, {"tid": 1, "generated": 0, "bbox": {"xmin": 949, "ymin": 101, "ymax": 488, "xmax": 1276}}], [{"tid": 0, "generated": 0, "bbox": {"xmin": 270, "ymin": 56, "ymax": 673, "xmax": 1168}}, {"tid": 1, "generated": 0, "bbox": {"xmin": 944, "ymin": 106, "ymax": 494, "xmax": 1278}}], [{"tid": 0, "generated": 0, "bbox": {"xmin": 279, "ymin": 55, "ymax": 675, "xmax": 1171}}, {"tid": 1, "generated": 0, "bbox": {"xmin": 936, "ymin": 103, "ymax": 490, "xmax": 1274}}], [], [], [], [], [], [], [], [], [], [], [], [], [], [], [], [], [], [], [], [], [], [], [], [], [], [], [], [], [], [], [{"tid": 0, "generated": 0, "bbox": {"xmin": 366, "ymin": 0, "ymax": 643, "xmax": 965}}, {"tid": 1, "generated": 0, "bbox": {"xmin": 897, "ymin": 0, "ymax": 600, "xmax": 1278}}], [{"tid": 0, "generated": 0, "bbox": {"xmin": 357, "ymin": 10, "ymax": 645, "xmax": 962}}, {"tid": 1, "generated": 0, "bbox": {"xmin": 896, "ymin": 0, "ymax": 588, "xmax": 1269}}], [{"tid": 0, "generated": 0, "bbox": {"xmin": 348, "ymin": 21, "ymax": 648, "xmax": 960}}, {"tid": 1, "generated": 0, "bbox": {"xmin": 904, "ymin": 0, "ymax": 549, "xmax": 1276}}], [{"tid": 0, "generated": 0, "bbox": {"xmin": 339, "ymin": 28, "ymax": 648, "xmax": 970}}, {"tid": 1, "generated": 0, "bbox": {"xmin": 896, "ymin": 3, "ymax": 583, "xmax": 1274}}], [{"tid": 0, "generated": 0, "bbox": {"xmin": 336, "ymin": 35, "ymax": 650, "xmax": 967}}, {"tid": 1, "generated": 0, "bbox": {"xmin": 908, "ymin": 1, "ymax": 556, "xmax": 1271}}], [{"tid": 0, "generated": 0, "bbox": {"xmin": 341, "ymin": 42, "ymax": 652, "xmax": 965}}, {"tid": 1, "generated": 0, "bbox": {"xmin": 904, "ymin": 0, "ymax": 574, "xmax": 1258}}], [{"tid": 0, "generated": 0, "bbox": {"xmin": 330, "ymin": 51, "ymax": 656, "xmax": 961}}, {"tid": 1, "generated": 0, "bbox": {"xmin": 903, "ymin": 0, "ymax": 588, "xmax": 1249}}], [{"tid": 0, "generated": 0, "bbox": {"xmin": 318, "ymin": 65, "ymax": 661, "xmax": 968}}, {"tid": 1, "generated": 0, "bbox": {"xmin": 908, "ymin": 0, "ymax": 588, "xmax": 1249}}], [{"tid": 0, "generated": 0, "bbox": {"xmin": 305, "ymin": 80, "ymax": 666, "xmax": 984}}, {"tid": 1, "generated": 0, "bbox": {"xmin": 910, "ymin": 0, "ymax": 590, "xmax": 1246}}], [{"tid": 0, "generated": 0, "bbox": {"xmin": 295, "ymin": 94, "ymax": 673, "xmax": 958}}, {"tid": 1, "generated": 0, "bbox": {"xmin": 922, "ymin": 0, "ymax": 576, "xmax": 1232}}], [{"tid": 0, "generated": 0, "bbox": {"xmin": 284, "ymin": 87, "ymax": 680, "xmax": 954}}, {"tid": 1, "generated": 0, "bbox": {"xmin": 901, "ymin": 0, "ymax": 593, "xmax": 1221}}], [{"tid": 0, "generated": 0, "bbox": {"xmin": 277, "ymin": 94, "ymax": 680, "xmax": 952}}, {"tid": 1, "generated": 0, "bbox": {"xmin": 876, "ymin": 1, "ymax": 597, "xmax": 1210}}], [{"tid": 0, "generated": 0, "bbox": {"xmin": 257, "ymin": 101, "ymax": 700, "xmax": 947}}, {"tid": 1, "generated": 0, "bbox": {"xmin": 871, "ymin": 0, "ymax": 616, "xmax": 1196}}], [{"tid": 0, "generated": 0, "bbox": {"xmin": 195, "ymin": 104, "ymax": 698, "xmax": 904}}, {"tid": 1, "generated": 0, "bbox": {"xmin": 851, "ymin": 0, "ymax": 620, "xmax": 1184}}], [{"tid": 0, "generated": 0, "bbox": {"xmin": 140, "ymin": 113, "ymax": 698, "xmax": 908}}, {"tid": 1, "generated": 0, "bbox": {"xmin": 817, "ymin": 40, "ymax": 611, "xmax": 1173}}], [{"tid": 0, "generated": 0, "bbox": {"xmin": 104, "ymin": 101, "ymax": 711, "xmax": 912}}, {"tid": 1, "generated": 0, "bbox": {"xmin": 796, "ymin": 51, "ymax": 615, "xmax": 1159}}], [{"tid": 0, "generated": 0, "bbox": {"xmin": 96, "ymin": 104, "ymax": 714, "xmax": 903}}, {"tid": 1, "generated": 0, "bbox": {"xmin": 775, "ymin": 85, "ymax": 631, "xmax": 1144}}], [{"tid": 0, "generated": 0, "bbox": {"xmin": 78, "ymin": 113, "ymax": 714, "xmax": 883}}, {"tid": 1, "generated": 0, "bbox": {"xmin": 732, "ymin": 96, "ymax": 627, "xmax": 1134}}], [{"tid": 0, "generated": 0, "bbox": {"xmin": 55, "ymin": 122, "ymax": 718, "xmax": 887}}, {"tid": 1, "generated": 0, "bbox": {"xmin": 698, "ymin": 106, "ymax": 618, "xmax": 1123}}], [{"tid": 0, "generated": 0, "bbox": {"xmin": 69, "ymin": 140, "ymax": 714, "xmax": 904}}, {"tid": 1, "generated": 0, "bbox": {"xmin": 679, "ymin": 108, "ymax": 611, "xmax": 1111}}], [{"tid": 0, "generated": 0, "bbox": {"xmin": 110, "ymin": 167, "ymax": 716, "xmax": 929}}, {"tid": 1, "generated": 0, "bbox": {"xmin": 689, "ymin": 128, "ymax": 572, "xmax": 1104}}], [{"tid": 0, "generated": 0, "bbox": {"xmin": 147, "ymin": 184, "ymax": 712, "xmax": 938}}, {"tid": 1, "generated": 0, "bbox": {"xmin": 666, "ymin": 136, "ymax": 554, "xmax": 1098}}], [{"tid": 0, "generated": 0, "bbox": {"xmin": 165, "ymin": 195, "ymax": 718, "xmax": 956}}, {"tid": 1, "generated": 0, "bbox": {"xmin": 670, "ymin": 147, "ymax": 504, "xmax": 1095}}], [{"tid": 0, "generated": 0, "bbox": {"xmin": 170, "ymin": 186, "ymax": 712, "xmax": 972}}, {"tid": 1, "generated": 0, "bbox": {"xmin": 670, "ymin": 154, "ymax": 480, "xmax": 1086}}], [{"tid": 0, "generated": 0, "bbox": {"xmin": 174, "ymin": 184, "ymax": 707, "xmax": 981}}, {"tid": 1, "generated": 0, "bbox": {"xmin": 640, "ymin": 135, "ymax": 476, "xmax": 1082}}], [{"tid": 0, "generated": 0, "bbox": {"xmin": 177, "ymin": 172, "ymax": 716, "xmax": 976}}, {"tid": 1, "generated": 0, "bbox": {"xmin": 608, "ymin": 147, "ymax": 476, "xmax": 1080}}], [{"tid": 0, "generated": 0, "bbox": {"xmin": 158, "ymin": 161, "ymax": 711, "xmax": 974}}, {"tid": 1, "generated": 0, "bbox": {"xmin": 558, "ymin": 161, "ymax": 492, "xmax": 1080}}], [{"tid": 0, "generated": 0, "bbox": {"xmin": 147, "ymin": 158, "ymax": 716, "xmax": 974}}, {"tid": 1, "generated": 0, "bbox": {"xmin": 531, "ymin": 176, "ymax": 488, "xmax": 1077}}], [{"tid": 0, "generated": 0, "bbox": {"xmin": 136, "ymin": 147, "ymax": 718, "xmax": 954}}, {"tid": 1, "generated": 0, "bbox": {"xmin": 460, "ymin": 206, "ymax": 508, "xmax": 1070}}], [{"tid": 0, "generated": 0, "bbox": {"xmin": 129, "ymin": 136, "ymax": 714, "xmax": 938}}, {"tid": 1, "generated": 0, "bbox": {"xmin": 455, "ymin": 144, "ymax": 528, "xmax": 1061}}], [], [], [], [], [], [], [], [], [], [], [], [], [], [], [], [{"tid": 0, "generated": 0, "bbox": {"xmin": 428, "ymin": 104, "ymax": 645, "xmax": 1107}}, {"tid": 1, "generated": 0, "bbox": {"xmin": 204, "ymin": 150, "ymax": 672, "xmax": 670}}], [{"tid": 0, "generated": 0, "bbox": {"xmin": 421, "ymin": 129, "ymax": 647, "xmax": 1114}}, {"tid": 1, "generated": 0, "bbox": {"xmin": 200, "ymin": 129, "ymax": 668, "xmax": 650}}], [{"tid": 0, "generated": 0, "bbox": {"xmin": 416, "ymin": 144, "ymax": 657, "xmax": 1104}}, {"tid": 1, "generated": 0, "bbox": {"xmin": 202, "ymin": 129, "ymax": 664, "xmax": 604}}], [{"tid": 0, "generated": 0, "bbox": {"xmin": 405, "ymin": 163, "ymax": 668, "xmax": 1105}}, {"tid": 1, "generated": 0, "bbox": {"xmin": 199, "ymin": 104, "ymax": 654, "xmax": 593}}], [{"tid": 0, "generated": 0, "bbox": {"xmin": 400, "ymin": 181, "ymax": 680, "xmax": 1098}}, {"tid": 1, "generated": 0, "bbox": {"xmin": 197, "ymin": 76, "ymax": 647, "xmax": 588}}], [{"tid": 0, "generated": 0, "bbox": {"xmin": 401, "ymin": 183, "ymax": 670, "xmax": 1091}}, {"tid": 1, "generated": 0, "bbox": {"xmin": 197, "ymin": 58, "ymax": 640, "xmax": 579}}], [{"tid": 0, "generated": 0, "bbox": {"xmin": 408, "ymin": 163, "ymax": 657, "xmax": 1096}}, {"tid": 1, "generated": 0, "bbox": {"xmin": 195, "ymin": 48, "ymax": 640, "xmax": 588}}], [{"tid": 0, "generated": 0, "bbox": {"xmin": 442, "ymin": 161, "ymax": 656, "xmax": 1093}}, {"tid": 1, "generated": 0, "bbox": {"xmin": 190, "ymin": 32, "ymax": 650, "xmax": 604}}], [{"tid": 0, "generated": 0, "bbox": {"xmin": 449, "ymin": 165, "ymax": 656, "xmax": 1107}}, {"tid": 1, "generated": 0, "bbox": {"xmin": 192, "ymin": 28, "ymax": 645, "xmax": 615}}], [{"tid": 0, "generated": 0, "bbox": {"xmin": 480, "ymin": 160, "ymax": 656, "xmax": 1111}}, {"tid": 1, "generated": 0, "bbox": {"xmin": 200, "ymin": 37, "ymax": 652, "xmax": 618}}], [{"tid": 0, "generated": 0, "bbox": {"xmin": 510, "ymin": 142, "ymax": 632, "xmax": 1136}}, {"tid": 1, "generated": 0, "bbox": {"xmin": 204, "ymin": 46, "ymax": 645, "xmax": 640}}], [{"tid": 0, "generated": 0, "bbox": {"xmin": 577, "ymin": 136, "ymax": 595, "xmax": 1146}}, {"tid": 1, "generated": 0, "bbox": {"xmin": 222, "ymin": 58, "ymax": 650, "xmax": 657}}], [{"tid": 0, "generated": 0, "bbox": {"xmin": 609, "ymin": 112, "ymax": 581, "xmax": 1164}}, {"tid": 1, "generated": 0, "bbox": {"xmin": 229, "ymin": 67, "ymax": 643, "xmax": 673}}], [{"tid": 0, "generated": 0, "bbox": {"xmin": 647, "ymin": 96, "ymax": 558, "xmax": 1164}}, {"tid": 1, "generated": 0, "bbox": {"xmin": 232, "ymin": 81, "ymax": 641, "xmax": 696}}], [{"tid": 0, "generated": 0, "bbox": {"xmin": 670, "ymin": 81, "ymax": 560, "xmax": 1173}}, {"tid": 1, "generated": 0, "bbox": {"xmin": 245, "ymin": 88, "ymax": 640, "xmax": 718}}], [{"tid": 0, "generated": 0, "bbox": {"xmin": 693, "ymin": 67, "ymax": 576, "xmax": 1187}}, {"tid": 1, "generated": 0, "bbox": {"xmin": 254, "ymin": 97, "ymax": 636, "xmax": 723}}], [{"tid": 0, "generated": 0, "bbox": {"xmin": 693, "ymin": 65, "ymax": 570, "xmax": 1194}}, {"tid": 1, "generated": 0, "bbox": {"xmin": 254, "ymin": 96, "ymax": 636, "xmax": 737}}], [{"tid": 0, "generated": 0, "bbox": {"xmin": 695, "ymin": 64, "ymax": 568, "xmax": 1196}}, {"tid": 1, "generated": 0, "bbox": {"xmin": 266, "ymin": 94, "ymax": 638, "xmax": 743}}], [{"tid": 0, "generated": 0, "bbox": {"xmin": 689, "ymin": 65, "ymax": 558, "xmax": 1198}}, {"tid": 1, "generated": 0, "bbox": {"xmin": 272, "ymin": 85, "ymax": 634, "xmax": 743}}], [{"tid": 0, "generated": 0, "bbox": {"xmin": 673, "ymin": 64, "ymax": 577, "xmax": 1198}}, {"tid": 1, "generated": 0, "bbox": {"xmin": 270, "ymin": 85, "ymax": 638, "xmax": 741}}], [{"tid": 0, "generated": 0, "bbox": {"xmin": 663, "ymin": 85, "ymax": 595, "xmax": 1196}}, {"tid": 1, "generated": 0, "bbox": {"xmin": 268, "ymin": 83, "ymax": 636, "xmax": 743}}], [{"tid": 0, "generated": 0, "bbox": {"xmin": 648, "ymin": 104, "ymax": 588, "xmax": 1194}}, {"tid": 1, "generated": 0, "bbox": {"xmin": 266, "ymin": 72, "ymax": 634, "xmax": 744}}], [{"tid": 0, "generated": 0, "bbox": {"xmin": 636, "ymin": 112, "ymax": 606, "xmax": 1191}}, {"tid": 1, "generated": 0, "bbox": {"xmin": 272, "ymin": 62, "ymax": 631, "xmax": 736}}], [{"tid": 0, "generated": 0, "bbox": {"xmin": 631, "ymin": 110, "ymax": 624, "xmax": 1187}}, {"tid": 1, "generated": 0, "bbox": {"xmin": 268, "ymin": 51, "ymax": 629, "xmax": 771}}], [{"tid": 0, "generated": 0, "bbox": {"xmin": 627, "ymin": 115, "ymax": 629, "xmax": 1180}}, {"tid": 1, "generated": 0, "bbox": {"xmin": 264, "ymin": 45, "ymax": 631, "xmax": 762}}], [{"tid": 0, "generated": 0, "bbox": {"xmin": 624, "ymin": 120, "ymax": 632, "xmax": 1178}}, {"tid": 1, "generated": 0, "bbox": {"xmin": 261, "ymin": 40, "ymax": 634, "xmax": 753}}], [{"tid": 0, "generated": 0, "bbox": {"xmin": 618, "ymin": 131, "ymax": 631, "xmax": 1178}}, {"tid": 1, "generated": 0, "bbox": {"xmin": 264, "ymin": 40, "ymax": 627, "xmax": 753}}], [{"tid": 0, "generated": 0, "bbox": {"xmin": 624, "ymin": 128, "ymax": 634, "xmax": 1180}}, {"tid": 1, "generated": 0, "bbox": {"xmin": 268, "ymin": 46, "ymax": 636, "xmax": 753}}], [{"tid": 0, "generated": 0, "bbox": {"xmin": 615, "ymin": 119, "ymax": 632, "xmax": 1184}}, {"tid": 1, "generated": 0, "bbox": {"xmin": 272, "ymin": 51, "ymax": 634, "xmax": 766}}], [{"tid": 0, "generated": 0, "bbox": {"xmin": 625, "ymin": 110, "ymax": 631, "xmax": 1182}}, {"tid": 1, "generated": 0, "bbox": {"xmin": 275, "ymin": 56, "ymax": 634, "xmax": 775}}], [], [], [], [], [], [], [], [], [], [], [], [], [], [], [], [], [], [], [], [], [], [], [], [], [], [], [], [], [], [], [], [], [], [], [], [], [], [], [], [], [], [], [], [], [], [{"tid": 0, "generated": 0, "bbox": {"xmin": 657, "ymin": 92, "ymax": 636, "xmax": 1276}}, {"tid": 1, "generated": 0, "bbox": {"xmin": 401, "ymin": 131, "ymax": 656, "xmax": 903}}], [{"tid": 0, "generated": 0, "bbox": {"xmin": 647, "ymin": 94, "ymax": 641, "xmax": 1274}}, {"tid": 1, "generated": 0, "bbox": {"xmin": 405, "ymin": 136, "ymax": 663, "xmax": 896}}], [{"tid": 0, "generated": 0, "bbox": {"xmin": 643, "ymin": 101, "ymax": 648, "xmax": 1276}}, {"tid": 1, "generated": 0, "bbox": {"xmin": 405, "ymin": 133, "ymax": 657, "xmax": 890}}], [{"tid": 0, "generated": 0, "bbox": {"xmin": 629, "ymin": 112, "ymax": 647, "xmax": 1278}}, {"tid": 1, "generated": 0, "bbox": {"xmin": 401, "ymin": 129, "ymax": 664, "xmax": 885}}], [{"tid": 0, "generated": 0, "bbox": {"xmin": 652, "ymin": 135, "ymax": 652, "xmax": 1276}}, {"tid": 1, "generated": 0, "bbox": {"xmin": 403, "ymin": 126, "ymax": 664, "xmax": 880}}], [{"tid": 0, "generated": 0, "bbox": {"xmin": 647, "ymin": 152, "ymax": 668, "xmax": 1278}}, {"tid": 1, "generated": 0, "bbox": {"xmin": 392, "ymin": 117, "ymax": 650, "xmax": 876}}], [{"tid": 0, "generated": 0, "bbox": {"xmin": 625, "ymin": 154, "ymax": 666, "xmax": 1276}}, {"tid": 1, "generated": 0, "bbox": {"xmin": 382, "ymin": 83, "ymax": 641, "xmax": 874}}], [{"tid": 0, "generated": 0, "bbox": {"xmin": 592, "ymin": 152, "ymax": 664, "xmax": 1278}}, {"tid": 1, "generated": 0, "bbox": {"xmin": 376, "ymin": 90, "ymax": 622, "xmax": 880}}], [{"tid": 0, "generated": 0, "bbox": {"xmin": 547, "ymin": 147, "ymax": 668, "xmax": 1276}}, {"tid": 1, "generated": 0, "bbox": {"xmin": 394, "ymin": 92, "ymax": 592, "xmax": 878}}], [{"tid": 0, "generated": 0, "bbox": {"xmin": 538, "ymin": 152, "ymax": 666, "xmax": 1278}}, {"tid": 1, "generated": 0, "bbox": {"xmin": 421, "ymin": 103, "ymax": 558, "xmax": 885}}], [{"tid": 0, "generated": 0, "bbox": {"xmin": 540, "ymin": 145, "ymax": 663, "xmax": 1274}}, {"tid": 1, "generated": 0, "bbox": {"xmin": 448, "ymin": 113, "ymax": 517, "xmax": 878}}], [{"tid": 0, "generated": 0, "bbox": {"xmin": 556, "ymin": 120, "ymax": 668, "xmax": 1276}}, {"tid": 1, "generated": 0, "bbox": {"xmin": 446, "ymin": 124, "ymax": 576, "xmax": 885}}], [{"tid": 0, "generated": 0, "bbox": {"xmin": 586, "ymin": 112, "ymax": 668, "xmax": 1276}}, {"tid": 1, "generated": 0, "bbox": {"xmin": 465, "ymin": 129, "ymax": 600, "xmax": 883}}], [{"tid": 0, "generated": 0, "bbox": {"xmin": 620, "ymin": 108, "ymax": 663, "xmax": 1278}}, {"tid": 1, "generated": 0, "bbox": {"xmin": 462, "ymin": 113, "ymax": 627, "xmax": 885}}], [{"tid": 0, "generated": 0, "bbox": {"xmin": 682, "ymin": 99, "ymax": 670, "xmax": 1272}}, {"tid": 1, "generated": 0, "bbox": {"xmin": 458, "ymin": 96, "ymax": 648, "xmax": 887}}], [{"tid": 0, "generated": 0, "bbox": {"xmin": 728, "ymin": 71, "ymax": 656, "xmax": 1276}}, {"tid": 1, "generated": 0, "bbox": {"xmin": 462, "ymin": 67, "ymax": 648, "xmax": 888}}], [{"tid": 0, "generated": 0, "bbox": {"xmin": 736, "ymin": 44, "ymax": 631, "xmax": 1276}}, {"tid": 1, "generated": 0, "bbox": {"xmin": 462, "ymin": 37, "ymax": 663, "xmax": 890}}], [{"tid": 0, "generated": 0, "bbox": {"xmin": 743, "ymin": 19, "ymax": 615, "xmax": 1278}}, {"tid": 1, "generated": 0, "bbox": {"xmin": 465, "ymin": 16, "ymax": 661, "xmax": 894}}], [{"tid": 0, "generated": 0, "bbox": {"xmin": 737, "ymin": 1, "ymax": 613, "xmax": 1278}}, {"tid": 1, "generated": 0, "bbox": {"xmin": 456, "ymin": 10, "ymax": 666, "xmax": 896}}], [{"tid": 0, "generated": 0, "bbox": {"xmin": 750, "ymin": 0, "ymax": 616, "xmax": 1278}}, {"tid": 1, "generated": 0, "bbox": {"xmin": 448, "ymin": 0, "ymax": 666, "xmax": 903}}], [{"tid": 0, "generated": 0, "bbox": {"xmin": 764, "ymin": 0, "ymax": 620, "xmax": 1278}}, {"tid": 1, "generated": 0, "bbox": {"xmin": 433, "ymin": 0, "ymax": 664, "xmax": 910}}], [{"tid": 0, "generated": 0, "bbox": {"xmin": 773, "ymin": 0, "ymax": 627, "xmax": 1278}}, {"tid": 1, "generated": 0, "bbox": {"xmin": 433, "ymin": 0, "ymax": 668, "xmax": 908}}], [{"tid": 0, "generated": 0, "bbox": {"xmin": 780, "ymin": 21, "ymax": 640, "xmax": 1272}}, {"tid": 1, "generated": 0, "bbox": {"xmin": 433, "ymin": 0, "ymax": 663, "xmax": 920}}], [{"tid": 0, "generated": 0, "bbox": {"xmin": 737, "ymin": 24, "ymax": 652, "xmax": 1278}}, {"tid": 1, "generated": 0, "bbox": {"xmin": 435, "ymin": 0, "ymax": 672, "xmax": 917}}], [{"tid": 0, "generated": 0, "bbox": {"xmin": 695, "ymin": 48, "ymax": 657, "xmax": 1278}}, {"tid": 1, "generated": 0, "bbox": {"xmin": 437, "ymin": 0, "ymax": 666, "xmax": 915}}], [{"tid": 0, "generated": 0, "bbox": {"xmin": 643, "ymin": 65, "ymax": 657, "xmax": 1274}}, {"tid": 1, "generated": 0, "bbox": {"xmin": 439, "ymin": 0, "ymax": 526, "xmax": 913}}], [{"tid": 0, "generated": 0, "bbox": {"xmin": 604, "ymin": 90, "ymax": 656, "xmax": 1278}}, {"tid": 1, "generated": 0, "bbox": {"xmin": 440, "ymin": 0, "ymax": 528, "xmax": 910}}], [{"tid": 0, "generated": 0, "bbox": {"xmin": 556, "ymin": 113, "ymax": 663, "xmax": 1276}}, {"tid": 1, "generated": 0, "bbox": {"xmin": 442, "ymin": 0, "ymax": 524, "xmax": 910}}], [{"tid": 0, "generated": 0, "bbox": {"xmin": 533, "ymin": 140, "ymax": 661, "xmax": 1271}}, {"tid": 1, "generated": 0, "bbox": {"xmin": 444, "ymin": 0, "ymax": 540, "xmax": 897}}], [{"tid": 0, "generated": 0, "bbox": {"xmin": 471, "ymin": 165, "ymax": 656, "xmax": 1269}}, {"tid": 1, "generated": 0, "bbox": {"xmin": 446, "ymin": 0, "ymax": 501, "xmax": 912}}], [], [], [], [], [], [], [], [], [], [], [], [], [], [], [], [], [], [], [], [], [], [], [], [], [], [], [], [], [], [], [], [], [], [], [], [], [], [], [], [], [], [], [], [], [], [{"tid": 0, "generated": 0, "bbox": {"xmin": 503, "ymin": 190, "ymax": 718, "xmax": 1203}}, {"tid": 1, "generated": 0, "bbox": {"xmin": 373, "ymin": 128, "ymax": 476, "xmax": 679}}], [{"tid": 0, "generated": 0, "bbox": {"xmin": 528, "ymin": 179, "ymax": 707, "xmax": 1228}}, {"tid": 1, "generated": 0, "bbox": {"xmin": 376, "ymin": 144, "ymax": 458, "xmax": 718}}], [{"tid": 0, "generated": 0, "bbox": {"xmin": 538, "ymin": 174, "ymax": 684, "xmax": 1230}}, {"tid": 1, "generated": 0, "bbox": {"xmin": 392, "ymin": 131, "ymax": 469, "xmax": 739}}], [{"tid": 0, "generated": 0, "bbox": {"xmin": 549, "ymin": 156, "ymax": 682, "xmax": 1242}}, {"tid": 1, "generated": 0, "bbox": {"xmin": 348, "ymin": 115, "ymax": 462, "xmax": 746}}], [{"tid": 0, "generated": 0, "bbox": {"xmin": 556, "ymin": 158, "ymax": 718, "xmax": 1242}}, {"tid": 1, "generated": 0, "bbox": {"xmin": 320, "ymin": 112, "ymax": 504, "xmax": 787}}], [{"tid": 0, "generated": 0, "bbox": {"xmin": 640, "ymin": 152, "ymax": 714, "xmax": 1251}}, {"tid": 1, "generated": 0, "bbox": {"xmin": 320, "ymin": 112, "ymax": 661, "xmax": 823}}], [{"tid": 0, "generated": 0, "bbox": {"xmin": 648, "ymin": 152, "ymax": 718, "xmax": 1248}}, {"tid": 1, "generated": 0, "bbox": {"xmin": 337, "ymin": 115, "ymax": 648, "xmax": 844}}], [{"tid": 0, "generated": 0, "bbox": {"xmin": 615, "ymin": 145, "ymax": 718, "xmax": 1251}}, {"tid": 1, "generated": 0, "bbox": {"xmin": 357, "ymin": 129, "ymax": 661, "xmax": 840}}], [{"tid": 0, "generated": 0, "bbox": {"xmin": 597, "ymin": 138, "ymax": 714, "xmax": 1249}}, {"tid": 1, "generated": 0, "bbox": {"xmin": 355, "ymin": 147, "ymax": 624, "xmax": 789}}], [{"tid": 0, "generated": 0, "bbox": {"xmin": 568, "ymin": 151, "ymax": 718, "xmax": 1242}}, {"tid": 1, "generated": 0, "bbox": {"xmin": 359, "ymin": 151, "ymax": 627, "xmax": 796}}], [{"tid": 0, "generated": 0, "bbox": {"xmin": 551, "ymin": 160, "ymax": 718, "xmax": 1240}}, {"tid": 1, "generated": 0, "bbox": {"xmin": 357, "ymin": 144, "ymax": 599, "xmax": 833}}], [{"tid": 0, "generated": 0, "bbox": {"xmin": 524, "ymin": 186, "ymax": 714, "xmax": 1224}}, {"tid": 1, "generated": 0, "bbox": {"xmin": 360, "ymin": 151, "ymax": 584, "xmax": 858}}], [{"tid": 0, "generated": 0, "bbox": {"xmin": 483, "ymin": 211, "ymax": 712, "xmax": 1217}}, {"tid": 1, "generated": 0, "bbox": {"xmin": 364, "ymin": 152, "ymax": 572, "xmax": 869}}], [{"tid": 0, "generated": 0, "bbox": {"xmin": 449, "ymin": 232, "ymax": 716, "xmax": 1191}}, {"tid": 1, "generated": 0, "bbox": {"xmin": 366, "ymin": 160, "ymax": 552, "xmax": 865}}], [{"tid": 0, "generated": 0, "bbox": {"xmin": 408, "ymin": 273, "ymax": 718, "xmax": 1155}}, {"tid": 1, "generated": 0, "bbox": {"xmin": 375, "ymin": 170, "ymax": 549, "xmax": 922}}], [{"tid": 0, "generated": 0, "bbox": {"xmin": 369, "ymin": 304, "ymax": 718, "xmax": 1125}}, {"tid": 1, "generated": 0, "bbox": {"xmin": 385, "ymin": 181, "ymax": 517, "xmax": 1043}}], [{"tid": 0, "generated": 0, "bbox": {"xmin": 364, "ymin": 325, "ymax": 718, "xmax": 1114}}, {"tid": 1, "generated": 0, "bbox": {"xmin": 412, "ymin": 188, "ymax": 528, "xmax": 1171}}], [{"tid": 0, "generated": 0, "bbox": {"xmin": 359, "ymin": 330, "ymax": 714, "xmax": 1111}}, {"tid": 1, "generated": 0, "bbox": {"xmin": 442, "ymin": 209, "ymax": 526, "xmax": 1194}}], [{"tid": 0, "generated": 0, "bbox": {"xmin": 339, "ymin": 341, "ymax": 716, "xmax": 1112}}, {"tid": 1, "generated": 0, "bbox": {"xmin": 472, "ymin": 225, "ymax": 551, "xmax": 1212}}], [{"tid": 0, "generated": 0, "bbox": {"xmin": 323, "ymin": 382, "ymax": 712, "xmax": 1182}}, {"tid": 1, "generated": 0, "bbox": {"xmin": 497, "ymin": 220, "ymax": 552, "xmax": 1223}}], [{"tid": 0, "generated": 0, "bbox": {"xmin": 327, "ymin": 380, "ymax": 718, "xmax": 1185}}, {"tid": 1, "generated": 0, "bbox": {"xmin": 517, "ymin": 202, "ymax": 536, "xmax": 1233}}], [{"tid": 0, "generated": 0, "bbox": {"xmin": 316, "ymin": 400, "ymax": 714, "xmax": 1173}}, {"tid": 1, "generated": 0, "bbox": {"xmin": 534, "ymin": 198, "ymax": 541, "xmax": 1236}}], [{"tid": 0, "generated": 0, "bbox": {"xmin": 316, "ymin": 408, "ymax": 718, "xmax": 1160}}, {"tid": 1, "generated": 0, "bbox": {"xmin": 551, "ymin": 195, "ymax": 546, "xmax": 1239}}], [{"tid": 0, "generated": 0, "bbox": {"xmin": 316, "ymin": 424, "ymax": 712, "xmax": 1141}}, {"tid": 1, "generated": 0, "bbox": {"xmin": 568, "ymin": 192, "ymax": 552, "xmax": 1242}}], [{"tid": 0, "generated": 0, "bbox": {"xmin": 316, "ymin": 417, "ymax": 712, "xmax": 1136}}, {"tid": 1, "generated": 0, "bbox": {"xmin": 590, "ymin": 197, "ymax": 551, "xmax": 1255}}], [{"tid": 0, "generated": 0, "bbox": {"xmin": 320, "ymin": 391, "ymax": 712, "xmax": 1134}}, {"tid": 1, "generated": 0, "bbox": {"xmin": 611, "ymin": 204, "ymax": 558, "xmax": 1258}}], [{"tid": 0, "generated": 0, "bbox": {"xmin": 332, "ymin": 407, "ymax": 718, "xmax": 1130}}, {"tid": 1, "generated": 0, "bbox": {"xmin": 613, "ymin": 199, "ymax": 536, "xmax": 1255}}], [{"tid": 0, "generated": 0, "bbox": {"xmin": 396, "ymin": 410, "ymax": 714, "xmax": 1150}}, {"tid": 1, "generated": 0, "bbox": {"xmin": 615, "ymin": 201, "ymax": 519, "xmax": 1256}}], [{"tid": 0, "generated": 0, "bbox": {"xmin": 396, "ymin": 387, "ymax": 718, "xmax": 1176}}, {"tid": 1, "generated": 0, "bbox": {"xmin": 618, "ymin": 204, "ymax": 503, "xmax": 1258}}], [{"tid": 0, "generated": 0, "bbox": {"xmin": 419, "ymin": 364, "ymax": 718, "xmax": 1194}}, {"tid": 1, "generated": 0, "bbox": {"xmin": 604, "ymin": 202, "ymax": 490, "xmax": 1256}}], [], [], [], [], [], [], [], [], [], [], [], [], [], [], [], [{"tid": 0, "generated": 0, "bbox": {"xmin": 547, "ymin": 131, "ymax": 714, "xmax": 1249}}, {"tid": 1, "generated": 0, "bbox": {"xmin": 520, "ymin": 49, "ymax": 360, "xmax": 1196}}], [{"tid": 0, "generated": 0, "bbox": {"xmin": 549, "ymin": 128, "ymax": 718, "xmax": 1249}}, {"tid": 1, "generated": 0, "bbox": {"xmin": 497, "ymin": 0, "ymax": 368, "xmax": 1184}}], [{"tid": 0, "generated": 0, "bbox": {"xmin": 549, "ymin": 124, "ymax": 716, "xmax": 1255}}, {"tid": 1, "generated": 0, "bbox": {"xmin": 504, "ymin": 0, "ymax": 352, "xmax": 1185}}], [{"tid": 0, "generated": 0, "bbox": {"xmin": 551, "ymin": 120, "ymax": 718, "xmax": 1253}}, {"tid": 1, "generated": 0, "bbox": {"xmin": 508, "ymin": 0, "ymax": 352, "xmax": 1175}}], [{"tid": 0, "generated": 0, "bbox": {"xmin": 552, "ymin": 117, "ymax": 716, "xmax": 1253}}, {"tid": 1, "generated": 0, "bbox": {"xmin": 529, "ymin": 0, "ymax": 359, "xmax": 1175}}], [{"tid": 0, "generated": 0, "bbox": {"xmin": 554, "ymin": 115, "ymax": 718, "xmax": 1251}}, {"tid": 1, "generated": 0, "bbox": {"xmin": 536, "ymin": 0, "ymax": 350, "xmax": 1184}}], [{"tid": 0, "generated": 0, "bbox": {"xmin": 560, "ymin": 113, "ymax": 714, "xmax": 1258}}, {"tid": 1, "generated": 0, "bbox": {"xmin": 544, "ymin": 0, "ymax": 328, "xmax": 1176}}], [{"tid": 0, "generated": 0, "bbox": {"xmin": 561, "ymin": 112, "ymax": 718, "xmax": 1260}}, {"tid": 1, "generated": 0, "bbox": {"xmin": 551, "ymin": 0, "ymax": 327, "xmax": 1189}}], [{"tid": 0, "generated": 0, "bbox": {"xmin": 570, "ymin": 103, "ymax": 714, "xmax": 1258}}, {"tid": 1, "generated": 0, "bbox": {"xmin": 567, "ymin": 0, "ymax": 327, "xmax": 1203}}], [{"tid": 0, "generated": 0, "bbox": {"xmin": 568, "ymin": 97, "ymax": 714, "xmax": 1256}}, {"tid": 1, "generated": 0, "bbox": {"xmin": 576, "ymin": 0, "ymax": 327, "xmax": 1274}}], [{"tid": 0, "generated": 0, "bbox": {"xmin": 568, "ymin": 92, "ymax": 716, "xmax": 1264}}, {"tid": 1, "generated": 0, "bbox": {"xmin": 599, "ymin": 0, "ymax": 312, "xmax": 1276}}], [{"tid": 0, "generated": 0, "bbox": {"xmin": 567, "ymin": 85, "ymax": 718, "xmax": 1260}}, {"tid": 1, "generated": 0, "bbox": {"xmin": 608, "ymin": 0, "ymax": 305, "xmax": 1274}}], [{"tid": 0, "generated": 0, "bbox": {"xmin": 565, "ymin": 80, "ymax": 716, "xmax": 1269}}, {"tid": 1, "generated": 0, "bbox": {"xmin": 599, "ymin": 0, "ymax": 300, "xmax": 1274}}], [{"tid": 0, "generated": 0, "bbox": {"xmin": 563, "ymin": 71, "ymax": 716, "xmax": 1269}}, {"tid": 1, "generated": 0, "bbox": {"xmin": 595, "ymin": 0, "ymax": 296, "xmax": 1274}}], [{"tid": 0, "generated": 0, "bbox": {"xmin": 561, "ymin": 62, "ymax": 716, "xmax": 1267}}, {"tid": 1, "generated": 0, "bbox": {"xmin": 584, "ymin": 0, "ymax": 293, "xmax": 1272}}], [{"tid": 0, "generated": 0, "bbox": {"xmin": 560, "ymin": 56, "ymax": 718, "xmax": 1265}}, {"tid": 1, "generated": 0, "bbox": {"xmin": 597, "ymin": 0, "ymax": 289, "xmax": 1274}}], [{"tid": 0, "generated": 0, "bbox": {"xmin": 558, "ymin": 49, "ymax": 716, "xmax": 1262}}, {"tid": 1, "generated": 0, "bbox": {"xmin": 584, "ymin": 0, "ymax": 286, "xmax": 1274}}], [{"tid": 0, "generated": 0, "bbox": {"xmin": 563, "ymin": 46, "ymax": 716, "xmax": 1262}}, {"tid": 1, "generated": 0, "bbox": {"xmin": 592, "ymin": 0, "ymax": 282, "xmax": 1276}}], [{"tid": 0, "generated": 0, "bbox": {"xmin": 561, "ymin": 42, "ymax": 718, "xmax": 1265}}, {"tid": 1, "generated": 0, "bbox": {"xmin": 597, "ymin": 0, "ymax": 279, "xmax": 1276}}], [{"tid": 0, "generated": 0, "bbox": {"xmin": 560, "ymin": 39, "ymax": 718, "xmax": 1264}}, {"tid": 1, "generated": 0, "bbox": {"xmin": 586, "ymin": 0, "ymax": 279, "xmax": 1276}}], [{"tid": 0, "generated": 0, "bbox": {"xmin": 558, "ymin": 37, "ymax": 714, "xmax": 1265}}, {"tid": 1, "generated": 0, "bbox": {"xmin": 581, "ymin": 0, "ymax": 275, "xmax": 1278}}], [{"tid": 0, "generated": 0, "bbox": {"xmin": 558, "ymin": 37, "ymax": 718, "xmax": 1256}}, {"tid": 1, "generated": 0, "bbox": {"xmin": 606, "ymin": 0, "ymax": 272, "xmax": 1274}}], [{"tid": 0, "generated": 0, "bbox": {"xmin": 556, "ymin": 42, "ymax": 716, "xmax": 1260}}, {"tid": 1, "generated": 0, "bbox": {"xmin": 603, "ymin": 0, "ymax": 270, "xmax": 1274}}], [{"tid": 0, "generated": 0, "bbox": {"xmin": 556, "ymin": 40, "ymax": 716, "xmax": 1264}}, {"tid": 1, "generated": 0, "bbox": {"xmin": 600, "ymin": 0, "ymax": 268, "xmax": 1274}}], [{"tid": 0, "generated": 0, "bbox": {"xmin": 556, "ymin": 40, "ymax": 714, "xmax": 1256}}, {"tid": 1, "generated": 0, "bbox": {"xmin": 607, "ymin": 0, "ymax": 266, "xmax": 1273}}], [{"tid": 0, "generated": 0, "bbox": {"xmin": 556, "ymin": 40, "ymax": 718, "xmax": 1255}}, {"tid": 1, "generated": 0, "bbox": {"xmin": 615, "ymin": 0, "ymax": 264, "xmax": 1272}}], [{"tid": 0, "generated": 0, "bbox": {"xmin": 556, "ymin": 40, "ymax": 718, "xmax": 1253}}, {"tid": 1, "generated": 0, "bbox": {"xmin": 602, "ymin": 0, "ymax": 264, "xmax": 1271}}], [{"tid": 0, "generated": 0, "bbox": {"xmin": 556, "ymin": 40, "ymax": 718, "xmax": 1251}}, {"tid": 1, "generated": 0, "bbox": {"xmin": 602, "ymin": 0, "ymax": 254, "xmax": 1272}}], [{"tid": 0, "generated": 0, "bbox": {"xmin": 556, "ymin": 35, "ymax": 716, "xmax": 1251}}, {"tid": 1, "generated": 0, "bbox": {"xmin": 608, "ymin": 0, "ymax": 240, "xmax": 1274}}], [{"tid": 0, "generated": 0, "bbox": {"xmin": 556, "ymin": 33, "ymax": 712, "xmax": 1251}}, {"tid": 1, "generated": 0, "bbox": {"xmin": 547, "ymin": 0, "ymax": 248, "xmax": 1272}}]], "subject/objects": [{"category": "hamster", "tid": 0}, {"category": "hamster", "tid": 1}], "relation_instances": [{"end_fid": 30, "subject_tid": 0, "predicate": "lie_front", "begin_fid": 0, "object_tid": 1}, {"end_fid": 30, "subject_tid": 0, "predicate": "lie_left", "begin_fid": 0, "object_tid": 1}, {"end_fid": 30, "subject_tid": 1, "predicate": "lie_behind", "begin_fid": 0, "object_tid": 0}, {"end_fid": 30, "subject_tid": 1, "predicate": "lie_right", "begin_fid": 0, "object_tid": 0}, {"end_fid": 90, "subject_tid": 0, "predicate": "run_next_to", "begin_fid": 60, "object_tid": 1}, {"end_fid": 90, "subject_tid": 0, "predicate": "run_front", "begin_fid": 60, "object_tid": 1}, {"end_fid": 90, "subject_tid": 0, "predicate": "run_with", "begin_fid": 60, "object_tid": 1}, {"end_fid": 90, "subject_tid": 0, "predicate": "run_left", "begin_fid": 60, "object_tid": 1}, {"end_fid": 90, "subject_tid": 1, "predicate": "run_next_to", "begin_fid": 60, "object_tid": 0}, {"end_fid": 90, "subject_tid": 1, "predicate": "run_with", "begin_fid": 60, "object_tid": 0}, {"end_fid": 90, "subject_tid": 1, "predicate": "run_behind", "begin_fid": 60, "object_tid": 0}, {"end_fid": 90, "subject_tid": 1, "predicate": "run_right", "begin_fid": 60, "object_tid": 0}, {"end_fid": 135, "subject_tid": 0, "predicate": "sit_right", "begin_fid": 105, "object_tid": 1}, {"end_fid": 135, "subject_tid": 0, "predicate": "sit_next_to", "begin_fid": 105, "object_tid": 1}, {"end_fid": 135, "subject_tid": 1, "predicate": "sit_next_to", "begin_fid": 105, "object_tid": 0}, {"end_fid": 135, "subject_tid": 1, "predicate": "sit_left", "begin_fid": 105, "object_tid": 0}, {"end_fid": 210, "subject_tid": 0, "predicate": "walk_right", "begin_fid": 180, "object_tid": 1}, {"end_fid": 210, "subject_tid": 0, "predicate": "walk_next_to", "begin_fid": 180, "object_tid": 1}, {"end_fid": 210, "subject_tid": 0, "predicate": "walk_front", "begin_fid": 180, "object_tid": 1}, {"end_fid": 210, "subject_tid": 0, "predicate": "walk_with", "begin_fid": 180, "object_tid": 1}, {"end_fid": 210, "subject_tid": 1, "predicate": "walk_next_to", "begin_fid": 180, "object_tid": 0}, {"end_fid": 210, "subject_tid": 1, "predicate": "walk_with", "begin_fid": 180, "object_tid": 0}, {"end_fid": 210, "subject_tid": 1, "predicate": "walk_behind", "begin_fid": 180, "object_tid": 0}, {"end_fid": 210, "subject_tid": 1, "predicate": "walk_left", "begin_fid": 180, "object_tid": 0}, {"end_fid": 285, "subject_tid": 0, "predicate": "walk_front", "begin_fid": 255, "object_tid": 1}, {"end_fid": 285, "subject_tid": 0, "predicate": "walk_away", "begin_fid": 255, "object_tid": 1}, {"end_fid": 285, "subject_tid": 1, "predicate": "lie_behind", "begin_fid": 255, "object_tid": 0}, {"end_fid": 330, "subject_tid": 0, "predicate": "sit_front", "begin_fid": 300, "object_tid": 1}, {"end_fid": 330, "subject_tid": 1, "predicate": "run_behind", "begin_fid": 300, "object_tid": 0}], "height": 720}