{"width": 640, "frame_count": 67, "video_id": "ILSVRC2015_train_00897009", "fps": 25, "trajectories": [[{"tid": 0, "generated": 0, "bbox": {"xmin": 175, "ymin": 180, "ymax": 342, "xmax": 264}}, {"tid": 1, "generated": 0, "bbox": {"xmin": 374, "ymin": 119, "ymax": 350, "xmax": 638}}, {"tid": 3, "generated": 0, "bbox": {"xmin": 167, "ymin": 71, "ymax": 289, "xmax": 269}}], [{"tid": 0, "generated": 0, "bbox": {"xmin": 174, "ymin": 179, "ymax": 341, "xmax": 263}}, {"tid": 1, "generated": 0, "bbox": {"xmin": 374, "ymin": 118, "ymax": 349, "xmax": 638}}, {"tid": 3, "generated": 0, "bbox": {"xmin": 169, "ymin": 72, "ymax": 290, "xmax": 271}}], [{"tid": 0, "generated": 0, "bbox": {"xmin": 174, "ymin": 179, "ymax": 341, "xmax": 263}}, {"tid": 1, "generated": 0, "bbox": {"xmin": 374, "ymin": 118, "ymax": 345, "xmax": 637}}, {"tid": 3, "generated": 0, "bbox": {"xmin": 170, "ymin": 72, "ymax": 290, "xmax": 272}}], [{"tid": 0, "generated": 0, "bbox": {"xmin": 174, "ymin": 179, "ymax": 341, "xmax": 263}}, {"tid": 1, "generated": 0, "bbox": {"xmin": 373, "ymin": 117, "ymax": 342, "xmax": 635}}, {"tid": 3, "generated": 0, "bbox": {"xmin": 172, "ymin": 73, "ymax": 291, "xmax": 274}}], [{"tid": 0, "generated": 0, "bbox": {"xmin": 174, "ymin": 179, "ymax": 341, "xmax": 263}}, {"tid": 1, "generated": 0, "bbox": {"xmin": 372, "ymin": 116, "ymax": 339, "xmax": 634}}, {"tid": 3, "generated": 0, "bbox": {"xmin": 173, "ymin": 73, "ymax": 291, "xmax": 275}}], [{"tid": 0, "generated": 0, "bbox": {"xmin": 173, "ymin": 179, "ymax": 341, "xmax": 263}}, {"tid": 1, "generated": 0, "bbox": {"xmin": 372, "ymin": 116, "ymax": 336, "xmax": 633}}, {"tid": 3, "generated": 0, "bbox": {"xmin": 175, "ymin": 74, "ymax": 292, "xmax": 277}}], [{"tid": 0, "generated": 0, "bbox": {"xmin": 173, "ymin": 179, "ymax": 341, "xmax": 263}}, {"tid": 1, "generated": 0, "bbox": {"xmin": 370, "ymin": 114, "ymax": 335, "xmax": 631}}, {"tid": 3, "generated": 0, "bbox": {"xmin": 175, "ymin": 73, "ymax": 291, "xmax": 277}}], [{"tid": 0, "generated": 0, "bbox": {"xmin": 173, "ymin": 178, "ymax": 341, "xmax": 262}}, {"tid": 1, "generated": 0, "bbox": {"xmin": 368, "ymin": 113, "ymax": 334, "xmax": 630}}, {"tid": 3, "generated": 0, "bbox": {"xmin": 175, "ymin": 72, "ymax": 290, "xmax": 277}}], [{"tid": 0, "generated": 0, "bbox": {"xmin": 173, "ymin": 178, "ymax": 341, "xmax": 262}}, {"tid": 1, "generated": 0, "bbox": {"xmin": 366, "ymin": 112, "ymax": 333, "xmax": 628}}, {"tid": 3, "generated": 0, "bbox": {"xmin": 174, "ymin": 70, "ymax": 288, "xmax": 276}}], [{"tid": 0, "generated": 0, "bbox": {"xmin": 172, "ymin": 178, "ymax": 341, "xmax": 262}}, {"tid": 1, "generated": 0, "bbox": {"xmin": 364, "ymin": 111, "ymax": 332, "xmax": 627}}, {"tid": 3, "generated": 0, "bbox": {"xmin": 174, "ymin": 69, "ymax": 287, "xmax": 276}}], [{"tid": 0, "generated": 0, "bbox": {"xmin": 172, "ymin": 178, "ymax": 341, "xmax": 262}}, {"tid": 1, "generated": 0, "bbox": {"xmin": 362, "ymin": 110, "ymax": 331, "xmax": 625}}, {"tid": 3, "generated": 0, "bbox": {"xmin": 174, "ymin": 68, "ymax": 286, "xmax": 276}}], [{"tid": 0, "generated": 0, "bbox": {"xmin": 172, "ymin": 178, "ymax": 341, "xmax": 262}}, {"tid": 1, "generated": 0, "bbox": {"xmin": 361, "ymin": 109, "ymax": 330, "xmax": 624}}, {"tid": 3, "generated": 0, "bbox": {"xmin": 174, "ymin": 68, "ymax": 286, "xmax": 276}}], [{"tid": 0, "generated": 0, "bbox": {"xmin": 172, "ymin": 178, "ymax": 341, "xmax": 262}}, {"tid": 1, "generated": 0, "bbox": {"xmin": 360, "ymin": 107, "ymax": 329, "xmax": 623}}, {"tid": 3, "generated": 0, "bbox": {"xmin": 174, "ymin": 68, "ymax": 286, "xmax": 276}}], [{"tid": 0, "generated": 0, "bbox": {"xmin": 172, "ymin": 177, "ymax": 340, "xmax": 262}}, {"tid": 1, "generated": 0, "bbox": {"xmin": 360, "ymin": 105, "ymax": 328, "xmax": 622}}, {"tid": 3, "generated": 0, "bbox": {"xmin": 174, "ymin": 68, "ymax": 286, "xmax": 276}}], [{"tid": 0, "generated": 0, "bbox": {"xmin": 172, "ymin": 177, "ymax": 339, "xmax": 262}}, {"tid": 1, "generated": 0, "bbox": {"xmin": 360, "ymin": 110, "ymax": 327, "xmax": 621}}, {"tid": 3, "generated": 0, "bbox": {"xmin": 174, "ymin": 68, "ymax": 286, "xmax": 276}}], [{"tid": 0, "generated": 0, "bbox": {"xmin": 172, "ymin": 176, "ymax": 338, "xmax": 262}}, {"tid": 1, "generated": 0, "bbox": {"xmin": 360, "ymin": 110, "ymax": 328, "xmax": 615}}, {"tid": 3, "generated": 0, "bbox": {"xmin": 174, "ymin": 68, "ymax": 286, "xmax": 276}}], [{"tid": 0, "generated": 0, "bbox": {"xmin": 172, "ymin": 176, "ymax": 337, "xmax": 262}}, {"tid": 1, "generated": 0, "bbox": {"xmin": 357, "ymin": 105, "ymax": 325, "xmax": 613}}, {"tid": 3, "generated": 0, "bbox": {"xmin": 174, "ymin": 68, "ymax": 286, "xmax": 276}}], [{"tid": 0, "generated": 0, "bbox": {"xmin": 172, "ymin": 176, "ymax": 336, "xmax": 262}}, {"tid": 1, "generated": 0, "bbox": {"xmin": 353, "ymin": 103, "ymax": 321, "xmax": 609}}, {"tid": 3, "generated": 0, "bbox": {"xmin": 174, "ymin": 68, "ymax": 286, "xmax": 276}}], [{"tid": 0, "generated": 0, "bbox": {"xmin": 172, "ymin": 176, "ymax": 337, "xmax": 262}}, {"tid": 1, "generated": 0, "bbox": {"xmin": 360, "ymin": 103, "ymax": 314, "xmax": 609}}, {"tid": 3, "generated": 0, "bbox": {"xmin": 174, "ymin": 68, "ymax": 286, "xmax": 276}}], [{"tid": 0, "generated": 0, "bbox": {"xmin": 172, "ymin": 177, "ymax": 338, "xmax": 262}}, {"tid": 1, "generated": 0, "bbox": {"xmin": 356, "ymin": 103, "ymax": 316, "xmax": 606}}, {"tid": 3, "generated": 0, "bbox": {"xmin": 174, "ymin": 68, "ymax": 286, "xmax": 276}}], [{"tid": 0, "generated": 0, "bbox": {"xmin": 172, "ymin": 177, "ymax": 339, "xmax": 262}}, {"tid": 1, "generated": 0, "bbox": {"xmin": 352, "ymin": 104, "ymax": 317, "xmax": 602}}, {"tid": 3, "generated": 0, "bbox": {"xmin": 174, "ymin": 68, "ymax": 286, "xmax": 276}}], [{"tid": 0, "generated": 0, "bbox": {"xmin": 173, "ymin": 178, "ymax": 341, "xmax": 263}}, {"tid": 1, "generated": 0, "bbox": {"xmin": 354, "ymin": 103, "ymax": 316, "xmax": 601}}, {"tid": 3, "generated": 0, "bbox": {"xmin": 174, "ymin": 65, "ymax": 293, "xmax": 276}}], [{"tid": 0, "generated": 0, "bbox": {"xmin": 172, "ymin": 177, "ymax": 341, "xmax": 262}}, {"tid": 1, "generated": 0, "bbox": {"xmin": 353, "ymin": 102, "ymax": 312, "xmax": 598}}, {"tid": 3, "generated": 0, "bbox": {"xmin": 174, "ymin": 62, "ymax": 299, "xmax": 276}}], [{"tid": 0, "generated": 0, "bbox": {"xmin": 171, "ymin": 177, "ymax": 341, "xmax": 261}}, {"tid": 1, "generated": 0, "bbox": {"xmin": 352, "ymin": 101, "ymax": 309, "xmax": 595}}, {"tid": 3, "generated": 0, "bbox": {"xmin": 174, "ymin": 59, "ymax": 306, "xmax": 276}}], [{"tid": 0, "generated": 0, "bbox": {"xmin": 171, "ymin": 177, "ymax": 342, "xmax": 260}}, {"tid": 1, "generated": 0, "bbox": {"xmin": 352, "ymin": 101, "ymax": 306, "xmax": 593}}, {"tid": 3, "generated": 0, "bbox": {"xmin": 174, "ymin": 56, "ymax": 312, "xmax": 276}}], [{"tid": 0, "generated": 0, "bbox": {"xmin": 170, "ymin": 176, "ymax": 342, "xmax": 260}}, {"tid": 1, "generated": 0, "bbox": {"xmin": 344, "ymin": 98, "ymax": 306, "xmax": 592}}, {"tid": 3, "generated": 0, "bbox": {"xmin": 174, "ymin": 53, "ymax": 319, "xmax": 276}}], [{"tid": 0, "generated": 0, "bbox": {"xmin": 170, "ymin": 176, "ymax": 343, "xmax": 259}}, {"tid": 1, "generated": 0, "bbox": {"xmin": 345, "ymin": 97, "ymax": 306, "xmax": 589}}, {"tid": 3, "generated": 0, "bbox": {"xmin": 173, "ymin": 53, "ymax": 319, "xmax": 275}}], [{"tid": 0, "generated": 0, "bbox": {"xmin": 169, "ymin": 176, "ymax": 343, "xmax": 258}}, {"tid": 1, "generated": 0, "bbox": {"xmin": 346, "ymin": 97, "ymax": 306, "xmax": 586}}, {"tid": 3, "generated": 0, "bbox": {"xmin": 171, "ymin": 53, "ymax": 319, "xmax": 273}}], [{"tid": 0, "generated": 0, "bbox": {"xmin": 169, "ymin": 176, "ymax": 344, "xmax": 258}}, {"tid": 1, "generated": 0, "bbox": {"xmin": 343, "ymin": 98, "ymax": 305, "xmax": 583}}, {"tid": 3, "generated": 0, "bbox": {"xmin": 170, "ymin": 53, "ymax": 319, "xmax": 272}}], [{"tid": 0, "generated": 0, "bbox": {"xmin": 169, "ymin": 176, "ymax": 343, "xmax": 264}}, {"tid": 1, "generated": 0, "bbox": {"xmin": 340, "ymin": 100, "ymax": 304, "xmax": 580}}, {"tid": 3, "generated": 0, "bbox": {"xmin": 168, "ymin": 53, "ymax": 319, "xmax": 270}}], [{"tid": 0, "generated": 0, "bbox": {"xmin": 168, "ymin": 176, "ymax": 343, "xmax": 263}}, {"tid": 1, "generated": 0, "bbox": {"xmin": 337, "ymin": 96, "ymax": 303, "xmax": 578}}, {"tid": 2, "generated": 0, "bbox": {"xmin": 577, "ymin": 183, "ymax": 358, "xmax": 637}}, {"tid": 3, "generated": 0, "bbox": {"xmin": 167, "ymin": 53, "ymax": 319, "xmax": 269}}], [{"tid": 0, "generated": 0, "bbox": {"xmin": 166, "ymin": 177, "ymax": 344, "xmax": 264}}, {"tid": 1, "generated": 0, "bbox": {"xmin": 336, "ymin": 96, "ymax": 300, "xmax": 575}}, {"tid": 2, "generated": 0, "bbox": {"xmin": 577, "ymin": 175, "ymax": 357, "xmax": 639}}, {"tid": 3, "generated": 0, "bbox": {"xmin": 167, "ymin": 53, "ymax": 319, "xmax": 269}}], [{"tid": 0, "generated": 0, "bbox": {"xmin": 166, "ymin": 178, "ymax": 345, "xmax": 264}}, {"tid": 1, "generated": 0, "bbox": {"xmin": 335, "ymin": 96, "ymax": 298, "xmax": 573}}, {"tid": 2, "generated": 0, "bbox": {"xmin": 572, "ymin": 175, "ymax": 356, "xmax": 639}}, {"tid": 3, "generated": 0, "bbox": {"xmin": 167, "ymin": 53, "ymax": 319, "xmax": 269}}], [{"tid": 0, "generated": 0, "bbox": {"xmin": 167, "ymin": 179, "ymax": 346, "xmax": 264}}, {"tid": 1, "generated": 0, "bbox": {"xmin": 335, "ymin": 96, "ymax": 296, "xmax": 571}}, {"tid": 2, "generated": 0, "bbox": {"xmin": 572, "ymin": 157, "ymax": 356, "xmax": 638}}, {"tid": 3, "generated": 0, "bbox": {"xmin": 167, "ymin": 53, "ymax": 319, "xmax": 269}}], [{"tid": 0, "generated": 0, "bbox": {"xmin": 168, "ymin": 181, "ymax": 348, "xmax": 264}}, {"tid": 1, "generated": 0, "bbox": {"xmin": 334, "ymin": 96, "ymax": 294, "xmax": 568}}, {"tid": 2, "generated": 0, "bbox": {"xmin": 562, "ymin": 157, "ymax": 354, "xmax": 638}}, {"tid": 3, "generated": 0, "bbox": {"xmin": 167, "ymin": 53, "ymax": 319, "xmax": 269}}], [{"tid": 0, "generated": 0, "bbox": {"xmin": 168, "ymin": 181, "ymax": 348, "xmax": 264}}, {"tid": 1, "generated": 0, "bbox": {"xmin": 333, "ymin": 96, "ymax": 292, "xmax": 566}}, {"tid": 2, "generated": 0, "bbox": {"xmin": 562, "ymin": 148, "ymax": 354, "xmax": 637}}, {"tid": 3, "generated": 0, "bbox": {"xmin": 167, "ymin": 53, "ymax": 319, "xmax": 269}}], [{"tid": 0, "generated": 0, "bbox": {"xmin": 168, "ymin": 181, "ymax": 351, "xmax": 264}}, {"tid": 1, "generated": 0, "bbox": {"xmin": 333, "ymin": 96, "ymax": 290, "xmax": 564}}, {"tid": 2, "generated": 0, "bbox": {"xmin": 562, "ymin": 145, "ymax": 354, "xmax": 636}}, {"tid": 3, "generated": 0, "bbox": {"xmin": 167, "ymin": 53, "ymax": 319, "xmax": 269}}], [{"tid": 0, "generated": 0, "bbox": {"xmin": 168, "ymin": 180, "ymax": 349, "xmax": 272}}, {"tid": 1, "generated": 0, "bbox": {"xmin": 330, "ymin": 96, "ymax": 289, "xmax": 560}}, {"tid": 2, "generated": 0, "bbox": {"xmin": 562, "ymin": 142, "ymax": 354, "xmax": 636}}, {"tid": 3, "generated": 0, "bbox": {"xmin": 167, "ymin": 53, "ymax": 319, "xmax": 269}}], [{"tid": 0, "generated": 0, "bbox": {"xmin": 168, "ymin": 180, "ymax": 350, "xmax": 271}}, {"tid": 1, "generated": 0, "bbox": {"xmin": 328, "ymin": 96, "ymax": 288, "xmax": 557}}, {"tid": 2, "generated": 0, "bbox": {"xmin": 551, "ymin": 142, "ymax": 359, "xmax": 634}}, {"tid": 3, "generated": 0, "bbox": {"xmin": 167, "ymin": 53, "ymax": 319, "xmax": 269}}], [{"tid": 0, "generated": 0, "bbox": {"xmin": 168, "ymin": 180, "ymax": 352, "xmax": 270}}, {"tid": 1, "generated": 0, "bbox": {"xmin": 326, "ymin": 96, "ymax": 287, "xmax": 553}}, {"tid": 2, "generated": 0, "bbox": {"xmin": 551, "ymin": 129, "ymax": 358, "xmax": 638}}, {"tid": 3, "generated": 0, "bbox": {"xmin": 167, "ymin": 53, "ymax": 319, "xmax": 269}}], [{"tid": 0, "generated": 0, "bbox": {"xmin": 168, "ymin": 180, "ymax": 359, "xmax": 269}}, {"tid": 1, "generated": 0, "bbox": {"xmin": 324, "ymin": 96, "ymax": 286, "xmax": 550}}, {"tid": 2, "generated": 0, "bbox": {"xmin": 543, "ymin": 117, "ymax": 357, "xmax": 638}}, {"tid": 3, "generated": 0, "bbox": {"xmin": 167, "ymin": 53, "ymax": 319, "xmax": 269}}], [{"tid": 0, "generated": 0, "bbox": {"xmin": 168, "ymin": 179, "ymax": 358, "xmax": 268}}, {"tid": 1, "generated": 0, "bbox": {"xmin": 320, "ymin": 93, "ymax": 285, "xmax": 547}}, {"tid": 2, "generated": 0, "bbox": {"xmin": 536, "ymin": 105, "ymax": 356, "xmax": 638}}, {"tid": 3, "generated": 0, "bbox": {"xmin": 167, "ymin": 53, "ymax": 319, "xmax": 269}}], [{"tid": 0, "generated": 0, "bbox": {"xmin": 168, "ymin": 179, "ymax": 357, "xmax": 267}}, {"tid": 1, "generated": 0, "bbox": {"xmin": 317, "ymin": 90, "ymax": 285, "xmax": 545}}, {"tid": 2, "generated": 0, "bbox": {"xmin": 534, "ymin": 101, "ymax": 357, "xmax": 638}}, {"tid": 3, "generated": 0, "bbox": {"xmin": 167, "ymin": 53, "ymax": 319, "xmax": 269}}], [{"tid": 0, "generated": 0, "bbox": {"xmin": 168, "ymin": 179, "ymax": 356, "xmax": 267}}, {"tid": 1, "generated": 0, "bbox": {"xmin": 318, "ymin": 92, "ymax": 283, "xmax": 540}}, {"tid": 2, "generated": 0, "bbox": {"xmin": 532, "ymin": 98, "ymax": 358, "xmax": 639}}, {"tid": 3, "generated": 0, "bbox": {"xmin": 167, "ymin": 53, "ymax": 319, "xmax": 269}}], [{"tid": 0, "generated": 0, "bbox": {"xmin": 168, "ymin": 178, "ymax": 355, "xmax": 266}}, {"tid": 1, "generated": 0, "bbox": {"xmin": 319, "ymin": 95, "ymax": 282, "xmax": 536}}, {"tid": 2, "generated": 0, "bbox": {"xmin": 528, "ymin": 94, "ymax": 357, "xmax": 638}}, {"tid": 3, "generated": 0, "bbox": {"xmin": 167, "ymin": 53, "ymax": 319, "xmax": 269}}], [{"tid": 0, "generated": 0, "bbox": {"xmin": 168, "ymin": 178, "ymax": 354, "xmax": 265}}, {"tid": 1, "generated": 0, "bbox": {"xmin": 315, "ymin": 94, "ymax": 281, "xmax": 532}}, {"tid": 2, "generated": 0, "bbox": {"xmin": 524, "ymin": 90, "ymax": 357, "xmax": 638}}, {"tid": 3, "generated": 0, "bbox": {"xmin": 167, "ymin": 53, "ymax": 319, "xmax": 269}}], [{"tid": 0, "generated": 0, "bbox": {"xmin": 168, "ymin": 178, "ymax": 353, "xmax": 265}}, {"tid": 1, "generated": 0, "bbox": {"xmin": 312, "ymin": 93, "ymax": 280, "xmax": 528}}, {"tid": 2, "generated": 0, "bbox": {"xmin": 524, "ymin": 64, "ymax": 356, "xmax": 638}}, {"tid": 3, "generated": 0, "bbox": {"xmin": 165, "ymin": 51, "ymax": 319, "xmax": 269}}], [{"tid": 0, "generated": 0, "bbox": {"xmin": 170, "ymin": 184, "ymax": 359, "xmax": 268}}, {"tid": 1, "generated": 0, "bbox": {"xmin": 308, "ymin": 88, "ymax": 280, "xmax": 527}}, {"tid": 2, "generated": 0, "bbox": {"xmin": 524, "ymin": 39, "ymax": 356, "xmax": 639}}, {"tid": 3, "generated": 0, "bbox": {"xmin": 163, "ymin": 48, "ymax": 319, "xmax": 269}}], [{"tid": 0, "generated": 0, "bbox": {"xmin": 161, "ymin": 184, "ymax": 356, "xmax": 267}}, {"tid": 1, "generated": 0, "bbox": {"xmin": 310, "ymin": 91, "ymax": 277, "xmax": 525}}, {"tid": 2, "generated": 0, "bbox": {"xmin": 520, "ymin": 41, "ymax": 356, "xmax": 636}}, {"tid": 3, "generated": 0, "bbox": {"xmin": 160, "ymin": 46, "ymax": 319, "xmax": 269}}], [{"tid": 0, "generated": 0, "bbox": {"xmin": 152, "ymin": 184, "ymax": 354, "xmax": 266}}, {"tid": 1, "generated": 0, "bbox": {"xmin": 312, "ymin": 94, "ymax": 274, "xmax": 524}}, {"tid": 2, "generated": 0, "bbox": {"xmin": 516, "ymin": 40, "ymax": 357, "xmax": 636}}, {"tid": 3, "generated": 0, "bbox": {"xmin": 158, "ymin": 43, "ymax": 319, "xmax": 269}}], [{"tid": 0, "generated": 0, "bbox": {"xmin": 160, "ymin": 184, "ymax": 354, "xmax": 268}}, {"tid": 1, "generated": 0, "bbox": {"xmin": 309, "ymin": 94, "ymax": 275, "xmax": 520}}, {"tid": 2, "generated": 0, "bbox": {"xmin": 512, "ymin": 40, "ymax": 359, "xmax": 637}}, {"tid": 3, "generated": 0, "bbox": {"xmin": 156, "ymin": 41, "ymax": 319, "xmax": 269}}], [{"tid": 0, "generated": 0, "bbox": {"xmin": 160, "ymin": 184, "ymax": 355, "xmax": 267}}, {"tid": 1, "generated": 0, "bbox": {"xmin": 306, "ymin": 94, "ymax": 276, "xmax": 517}}, {"tid": 2, "generated": 0, "bbox": {"xmin": 511, "ymin": 40, "ymax": 358, "xmax": 636}}, {"tid": 3, "generated": 0, "bbox": {"xmin": 156, "ymin": 41, "ymax": 319, "xmax": 269}}], [{"tid": 0, "generated": 0, "bbox": {"xmin": 160, "ymin": 184, "ymax": 357, "xmax": 266}}, {"tid": 1, "generated": 0, "bbox": {"xmin": 304, "ymin": 89, "ymax": 272, "xmax": 512}}, {"tid": 2, "generated": 0, "bbox": {"xmin": 510, "ymin": 40, "ymax": 358, "xmax": 636}}, {"tid": 3, "generated": 0, "bbox": {"xmin": 156, "ymin": 41, "ymax": 319, "xmax": 269}}], [{"tid": 0, "generated": 0, "bbox": {"xmin": 161, "ymin": 184, "ymax": 359, "xmax": 265}}, {"tid": 1, "generated": 0, "bbox": {"xmin": 303, "ymin": 88, "ymax": 271, "xmax": 512}}, {"tid": 2, "generated": 0, "bbox": {"xmin": 508, "ymin": 40, "ymax": 358, "xmax": 636}}, {"tid": 3, "generated": 0, "bbox": {"xmin": 156, "ymin": 41, "ymax": 319, "xmax": 269}}], [{"tid": 0, "generated": 0, "bbox": {"xmin": 160, "ymin": 183, "ymax": 358, "xmax": 265}}, {"tid": 1, "generated": 0, "bbox": {"xmin": 302, "ymin": 88, "ymax": 271, "xmax": 512}}, {"tid": 2, "generated": 0, "bbox": {"xmin": 505, "ymin": 38, "ymax": 357, "xmax": 636}}, {"tid": 3, "generated": 0, "bbox": {"xmin": 156, "ymin": 41, "ymax": 319, "xmax": 269}}], [{"tid": 0, "generated": 0, "bbox": {"xmin": 160, "ymin": 182, "ymax": 358, "xmax": 265}}, {"tid": 1, "generated": 0, "bbox": {"xmin": 298, "ymin": 88, "ymax": 265, "xmax": 506}}, {"tid": 2, "generated": 0, "bbox": {"xmin": 504, "ymin": 39, "ymax": 357, "xmax": 636}}, {"tid": 3, "generated": 0, "bbox": {"xmin": 156, "ymin": 41, "ymax": 319, "xmax": 269}}], [{"tid": 0, "generated": 0, "bbox": {"xmin": 160, "ymin": 182, "ymax": 358, "xmax": 266}}, {"tid": 1, "generated": 0, "bbox": {"xmin": 298, "ymin": 88, "ymax": 264, "xmax": 504}}, {"tid": 2, "generated": 0, "bbox": {"xmin": 503, "ymin": 36, "ymax": 357, "xmax": 636}}, {"tid": 3, "generated": 0, "bbox": {"xmin": 156, "ymin": 41, "ymax": 319, "xmax": 269}}], [{"tid": 0, "generated": 0, "bbox": {"xmin": 161, "ymin": 182, "ymax": 356, "xmax": 265}}, {"tid": 1, "generated": 0, "bbox": {"xmin": 297, "ymin": 87, "ymax": 264, "xmax": 502}}, {"tid": 2, "generated": 0, "bbox": {"xmin": 502, "ymin": 39, "ymax": 356, "xmax": 638}}, {"tid": 3, "generated": 0, "bbox": {"xmin": 156, "ymin": 41, "ymax": 319, "xmax": 269}}], [{"tid": 0, "generated": 0, "bbox": {"xmin": 162, "ymin": 183, "ymax": 354, "xmax": 264}}, {"tid": 1, "generated": 0, "bbox": {"xmin": 296, "ymin": 86, "ymax": 264, "xmax": 500}}, {"tid": 2, "generated": 0, "bbox": {"xmin": 499, "ymin": 39, "ymax": 355, "xmax": 638}}, {"tid": 3, "generated": 0, "bbox": {"xmin": 156, "ymin": 41, "ymax": 319, "xmax": 269}}], [{"tid": 0, "generated": 0, "bbox": {"xmin": 167, "ymin": 183, "ymax": 353, "xmax": 266}}, {"tid": 1, "generated": 0, "bbox": {"xmin": 294, "ymin": 86, "ymax": 260, "xmax": 498}}, {"tid": 2, "generated": 0, "bbox": {"xmin": 496, "ymin": 39, "ymax": 354, "xmax": 638}}, {"tid": 3, "generated": 0, "bbox": {"xmin": 156, "ymin": 41, "ymax": 319, "xmax": 269}}]], "subject/objects": [{"category": "bicycle", "tid": 0}, {"category": "car", "tid": 1}, {"category": "car", "tid": 2}, {"category": "person", "tid": 3}], "relation_instances": [{"end_fid": 30, "subject_tid": 0, "predicate": "move_past", "begin_fid": 0, "object_tid": 1}, {"end_fid": 30, "subject_tid": 0, "predicate": "move_left", "begin_fid": 0, "object_tid": 1}, {"end_fid": 30, "subject_tid": 1, "predicate": "stop_right", "begin_fid": 0, "object_tid": 0}, {"end_fid": 30, "subject_tid": 0, "predicate": "move_beneath", "begin_fid": 0, "object_tid": 3}, {"end_fid": 30, "subject_tid": 3, "predicate": "sit_above", "begin_fid": 0, "object_tid": 0}, {"end_fid": 30, "subject_tid": 3, "predicate": "ride", "begin_fid": 0, "object_tid": 0}, {"end_fid": 30, "subject_tid": 1, "predicate": "stop_right", "begin_fid": 0, "object_tid": 3}, {"end_fid": 30, "subject_tid": 3, "predicate": "left", "begin_fid": 0, "object_tid": 1}, {"end_fid": 60, "subject_tid": 0, "predicate": "move_front", "begin_fid": 30, "object_tid": 1}, {"end_fid": 60, "subject_tid": 0, "predicate": "move_left", "begin_fid": 30, "object_tid": 1}, {"end_fid": 60, "subject_tid": 1, "predicate": "stop_right", "begin_fid": 30, "object_tid": 0}, {"end_fid": 60, "subject_tid": 1, "predicate": "stop_behind", "begin_fid": 30, "object_tid": 0}, {"end_fid": 60, "subject_tid": 0, "predicate": "move_behind", "begin_fid": 30, "object_tid": 2}, {"end_fid": 60, "subject_tid": 0, "predicate": "move_left", "begin_fid": 30, "object_tid": 2}, {"end_fid": 60, "subject_tid": 2, "predicate": "stop_right", "begin_fid": 30, "object_tid": 0}, {"end_fid": 60, "subject_tid": 2, "predicate": "stop_front", "begin_fid": 30, "object_tid": 0}, {"end_fid": 60, "subject_tid": 0, "predicate": "move_beneath", "begin_fid": 30, "object_tid": 3}, {"end_fid": 60, "subject_tid": 3, "predicate": "sit_above", "begin_fid": 30, "object_tid": 0}, {"end_fid": 60, "subject_tid": 3, "predicate": "ride", "begin_fid": 30, "object_tid": 0}, {"end_fid": 60, "subject_tid": 1, "predicate": "stop_behind", "begin_fid": 30, "object_tid": 2}, {"end_fid": 60, "subject_tid": 1, "predicate": "stop_left", "begin_fid": 30, "object_tid": 2}, {"end_fid": 60, "subject_tid": 2, "predicate": "stop_right", "begin_fid": 30, "object_tid": 1}, {"end_fid": 60, "subject_tid": 2, "predicate": "stop_front", "begin_fid": 30, "object_tid": 1}, {"end_fid": 60, "subject_tid": 1, "predicate": "right", "begin_fid": 30, "object_tid": 3}, {"end_fid": 60, "subject_tid": 1, "predicate": "behind", "begin_fid": 30, "object_tid": 3}, {"end_fid": 60, "subject_tid": 3, "predicate": "front", "begin_fid": 30, "object_tid": 1}, {"end_fid": 60, "subject_tid": 3, "predicate": "left", "begin_fid": 30, "object_tid": 1}, {"end_fid": 60, "subject_tid": 2, "predicate": "right", "begin_fid": 30, "object_tid": 3}, {"end_fid": 60, "subject_tid": 2, "predicate": "front", "begin_fid": 30, "object_tid": 3}, {"end_fid": 60, "subject_tid": 3, "predicate": "behind", "begin_fid": 30, "object_tid": 2}, {"end_fid": 60, "subject_tid": 3, "predicate": "left", "begin_fid": 30, "object_tid": 2}], "height": 360}