{"width": 1280, "frame_count": 303, "video_id": "ILSVRC2015_train_00098004", "fps": 25, "trajectories": [[{"tid": 0, "generated": 0, "bbox": {"xmin": 186, "ymin": 88, "ymax": 606, "xmax": 876}}, {"tid": 1, "generated": 0, "bbox": {"xmin": 467, "ymin": 17, "ymax": 716, "xmax": 1278}}, {"tid": 2, "generated": 0, "bbox": {"xmin": 798, "ymin": 234, "ymax": 677, "xmax": 1278}}], [{"tid": 0, "generated": 0, "bbox": {"xmin": 184, "ymin": 87, "ymax": 605, "xmax": 876}}, {"tid": 1, "generated": 0, "bbox": {"xmin": 466, "ymin": 16, "ymax": 716, "xmax": 1278}}, {"tid": 2, "generated": 0, "bbox": {"xmin": 802, "ymin": 264, "ymax": 668, "xmax": 1278}}], [{"tid": 0, "generated": 0, "bbox": {"xmin": 183, "ymin": 86, "ymax": 604, "xmax": 876}}, {"tid": 1, "generated": 0, "bbox": {"xmin": 465, "ymin": 16, "ymax": 716, "xmax": 1278}}, {"tid": 2, "generated": 0, "bbox": {"xmin": 806, "ymin": 294, "ymax": 660, "xmax": 1278}}], [{"tid": 0, "generated": 0, "bbox": {"xmin": 182, "ymin": 86, "ymax": 604, "xmax": 876}}, {"tid": 1, "generated": 0, "bbox": {"xmin": 464, "ymin": 16, "ymax": 716, "xmax": 1278}}, {"tid": 2, "generated": 0, "bbox": {"xmin": 810, "ymin": 324, "ymax": 652, "xmax": 1278}}], [{"tid": 0, "generated": 0, "bbox": {"xmin": 181, "ymin": 85, "ymax": 603, "xmax": 876}}, {"tid": 1, "generated": 0, "bbox": {"xmin": 463, "ymin": 16, "ymax": 716, "xmax": 1278}}, {"tid": 2, "generated": 0, "bbox": {"xmin": 814, "ymin": 354, "ymax": 644, "xmax": 1278}}], [{"tid": 0, "generated": 0, "bbox": {"xmin": 180, "ymin": 85, "ymax": 603, "xmax": 876}}, {"tid": 1, "generated": 0, "bbox": {"xmin": 462, "ymin": 16, "ymax": 716, "xmax": 1278}}, {"tid": 2, "generated": 0, "bbox": {"xmin": 819, "ymin": 384, "ymax": 636, "xmax": 1278}}], [{"tid": 0, "generated": 0, "bbox": {"xmin": 178, "ymin": 84, "ymax": 602, "xmax": 876}}, {"tid": 1, "generated": 0, "bbox": {"xmin": 462, "ymin": 16, "ymax": 716, "xmax": 1278}}, {"tid": 2, "generated": 0, "bbox": {"xmin": 806, "ymin": 383, "ymax": 635, "xmax": 1246}}], [{"tid": 0, "generated": 0, "bbox": {"xmin": 177, "ymin": 84, "ymax": 601, "xmax": 876}}, {"tid": 1, "generated": 0, "bbox": {"xmin": 462, "ymin": 16, "ymax": 716, "xmax": 1278}}, {"tid": 2, "generated": 0, "bbox": {"xmin": 794, "ymin": 383, "ymax": 635, "xmax": 1215}}], [{"tid": 0, "generated": 0, "bbox": {"xmin": 176, "ymin": 83, "ymax": 601, "xmax": 876}}, {"tid": 1, "generated": 0, "bbox": {"xmin": 462, "ymin": 16, "ymax": 716, "xmax": 1278}}, {"tid": 2, "generated": 0, "bbox": {"xmin": 782, "ymin": 382, "ymax": 634, "xmax": 1184}}], [{"tid": 0, "generated": 0, "bbox": {"xmin": 175, "ymin": 83, "ymax": 600, "xmax": 876}}, {"tid": 1, "generated": 0, "bbox": {"xmin": 462, "ymin": 17, "ymax": 716, "xmax": 1278}}, {"tid": 2, "generated": 0, "bbox": {"xmin": 770, "ymin": 382, "ymax": 634, "xmax": 1153}}], [{"tid": 0, "generated": 0, "bbox": {"xmin": 174, "ymin": 82, "ymax": 600, "xmax": 876}}, {"tid": 1, "generated": 0, "bbox": {"xmin": 462, "ymin": 17, "ymax": 716, "xmax": 1278}}, {"tid": 2, "generated": 0, "bbox": {"xmin": 758, "ymin": 382, "ymax": 634, "xmax": 1122}}], [{"tid": 0, "generated": 0, "bbox": {"xmin": 172, "ymin": 82, "ymax": 599, "xmax": 876}}, {"tid": 1, "generated": 0, "bbox": {"xmin": 462, "ymin": 17, "ymax": 716, "xmax": 1278}}, {"tid": 2, "generated": 0, "bbox": {"xmin": 746, "ymin": 381, "ymax": 633, "xmax": 1091}}], [{"tid": 0, "generated": 0, "bbox": {"xmin": 171, "ymin": 81, "ymax": 598, "xmax": 876}}, {"tid": 1, "generated": 0, "bbox": {"xmin": 462, "ymin": 18, "ymax": 716, "xmax": 1278}}, {"tid": 2, "generated": 0, "bbox": {"xmin": 734, "ymin": 381, "ymax": 633, "xmax": 1060}}], [{"tid": 0, "generated": 0, "bbox": {"xmin": 170, "ymin": 81, "ymax": 598, "xmax": 876}}, {"tid": 1, "generated": 0, "bbox": {"xmin": 462, "ymin": 18, "ymax": 716, "xmax": 1278}}, {"tid": 2, "generated": 0, "bbox": {"xmin": 722, "ymin": 380, "ymax": 632, "xmax": 1029}}], [{"tid": 0, "generated": 0, "bbox": {"xmin": 169, "ymin": 80, "ymax": 597, "xmax": 876}}, {"tid": 1, "generated": 0, "bbox": {"xmin": 462, "ymin": 18, "ymax": 716, "xmax": 1278}}, {"tid": 2, "generated": 0, "bbox": {"xmin": 710, "ymin": 380, "ymax": 632, "xmax": 998}}], [{"tid": 0, "generated": 0, "bbox": {"xmin": 168, "ymin": 80, "ymax": 597, "xmax": 876}}, {"tid": 1, "generated": 0, "bbox": {"xmin": 462, "ymin": 19, "ymax": 716, "xmax": 1278}}, {"tid": 2, "generated": 0, "bbox": {"xmin": 698, "ymin": 380, "ymax": 632, "xmax": 967}}], [{"tid": 0, "generated": 0, "bbox": {"xmin": 169, "ymin": 81, "ymax": 597, "xmax": 877}}, {"tid": 1, "generated": 0, "bbox": {"xmin": 462, "ymin": 19, "ymax": 716, "xmax": 1278}}, {"tid": 2, "generated": 0, "bbox": {"xmin": 694, "ymin": 379, "ymax": 631, "xmax": 998}}], [{"tid": 0, "generated": 0, "bbox": {"xmin": 170, "ymin": 82, "ymax": 597, "xmax": 878}}, {"tid": 1, "generated": 0, "bbox": {"xmin": 462, "ymin": 19, "ymax": 716, "xmax": 1278}}, {"tid": 2, "generated": 0, "bbox": {"xmin": 691, "ymin": 379, "ymax": 631, "xmax": 1029}}], [{"tid": 0, "generated": 0, "bbox": {"xmin": 171, "ymin": 83, "ymax": 597, "xmax": 879}}, {"tid": 1, "generated": 0, "bbox": {"xmin": 462, "ymin": 19, "ymax": 716, "xmax": 1278}}, {"tid": 2, "generated": 0, "bbox": {"xmin": 688, "ymin": 379, "ymax": 631, "xmax": 1060}}], [{"tid": 0, "generated": 0, "bbox": {"xmin": 172, "ymin": 84, "ymax": 597, "xmax": 880}}, {"tid": 1, "generated": 0, "bbox": {"xmin": 462, "ymin": 19, "ymax": 716, "xmax": 1278}}, {"tid": 2, "generated": 0, "bbox": {"xmin": 685, "ymin": 379, "ymax": 631, "xmax": 1091}}], [{"tid": 0, "generated": 0, "bbox": {"xmin": 173, "ymin": 86, "ymax": 597, "xmax": 882}}, {"tid": 1, "generated": 0, "bbox": {"xmin": 462, "ymin": 20, "ymax": 716, "xmax": 1278}}, {"tid": 2, "generated": 0, "bbox": {"xmin": 682, "ymin": 379, "ymax": 631, "xmax": 1122}}], [{"tid": 0, "generated": 0, "bbox": {"xmin": 174, "ymin": 87, "ymax": 597, "xmax": 883}}, {"tid": 1, "generated": 0, "bbox": {"xmin": 462, "ymin": 20, "ymax": 716, "xmax": 1278}}, {"tid": 2, "generated": 0, "bbox": {"xmin": 678, "ymin": 378, "ymax": 631, "xmax": 1153}}], [{"tid": 0, "generated": 0, "bbox": {"xmin": 175, "ymin": 88, "ymax": 597, "xmax": 884}}, {"tid": 1, "generated": 0, "bbox": {"xmin": 462, "ymin": 20, "ymax": 716, "xmax": 1278}}, {"tid": 2, "generated": 0, "bbox": {"xmin": 675, "ymin": 378, "ymax": 631, "xmax": 1184}}], [{"tid": 0, "generated": 0, "bbox": {"xmin": 176, "ymin": 89, "ymax": 597, "xmax": 885}}, {"tid": 1, "generated": 0, "bbox": {"xmin": 462, "ymin": 20, "ymax": 716, "xmax": 1278}}, {"tid": 2, "generated": 0, "bbox": {"xmin": 672, "ymin": 378, "ymax": 631, "xmax": 1215}}], [{"tid": 0, "generated": 0, "bbox": {"xmin": 177, "ymin": 90, "ymax": 597, "xmax": 886}}, {"tid": 1, "generated": 0, "bbox": {"xmin": 462, "ymin": 20, "ymax": 716, "xmax": 1278}}, {"tid": 2, "generated": 0, "bbox": {"xmin": 669, "ymin": 378, "ymax": 631, "xmax": 1246}}], [{"tid": 0, "generated": 0, "bbox": {"xmin": 179, "ymin": 92, "ymax": 597, "xmax": 888}}, {"tid": 1, "generated": 0, "bbox": {"xmin": 462, "ymin": 21, "ymax": 716, "xmax": 1278}}, {"tid": 2, "generated": 0, "bbox": {"xmin": 666, "ymin": 378, "ymax": 631, "xmax": 1278}}], [{"tid": 0, "generated": 0, "bbox": {"xmin": 176, "ymin": 90, "ymax": 597, "xmax": 885}}, {"tid": 1, "generated": 0, "bbox": {"xmin": 471, "ymin": 20, "ymax": 715, "xmax": 1278}}, {"tid": 2, "generated": 0, "bbox": {"xmin": 669, "ymin": 352, "ymax": 628, "xmax": 1278}}], [{"tid": 0, "generated": 0, "bbox": {"xmin": 174, "ymin": 88, "ymax": 597, "xmax": 883}}, {"tid": 1, "generated": 0, "bbox": {"xmin": 480, "ymin": 20, "ymax": 715, "xmax": 1278}}, {"tid": 2, "generated": 0, "bbox": {"xmin": 673, "ymin": 327, "ymax": 626, "xmax": 1278}}], [{"tid": 0, "generated": 0, "bbox": {"xmin": 172, "ymin": 86, "ymax": 597, "xmax": 881}}, {"tid": 1, "generated": 0, "bbox": {"xmin": 489, "ymin": 19, "ymax": 715, "xmax": 1278}}, {"tid": 2, "generated": 0, "bbox": {"xmin": 676, "ymin": 302, "ymax": 623, "xmax": 1278}}], [{"tid": 0, "generated": 0, "bbox": {"xmin": 170, "ymin": 84, "ymax": 597, "xmax": 879}}, {"tid": 1, "generated": 0, "bbox": {"xmin": 498, "ymin": 19, "ymax": 715, "xmax": 1278}}, {"tid": 2, "generated": 0, "bbox": {"xmin": 680, "ymin": 277, "ymax": 621, "xmax": 1278}}], [], [], [], [], [], [], [], [], [], [], [], [], [], [], [], [], [], [], [], [], [], [], [], [], [], [], [], [], [], [], [], [], [], [], [], [], [], [], [], [], [], [], [], [], [], [{"tid": 1, "generated": 0, "bbox": {"xmin": 508, "ymin": 1, "ymax": 718, "xmax": 1278}}, {"tid": 2, "generated": 0, "bbox": {"xmin": 64, "ymin": 62, "ymax": 597, "xmax": 712}}, {"tid": 3, "generated": 0, "bbox": {"xmin": 368, "ymin": 30, "ymax": 574, "xmax": 1278}}], [{"tid": 1, "generated": 0, "bbox": {"xmin": 511, "ymin": 1, "ymax": 718, "xmax": 1278}}, {"tid": 2, "generated": 0, "bbox": {"xmin": 59, "ymin": 59, "ymax": 595, "xmax": 713}}, {"tid": 3, "generated": 0, "bbox": {"xmin": 366, "ymin": 28, "ymax": 577, "xmax": 1277}}], [{"tid": 1, "generated": 0, "bbox": {"xmin": 515, "ymin": 1, "ymax": 718, "xmax": 1278}}, {"tid": 2, "generated": 0, "bbox": {"xmin": 55, "ymin": 57, "ymax": 594, "xmax": 715}}, {"tid": 3, "generated": 0, "bbox": {"xmin": 365, "ymin": 26, "ymax": 580, "xmax": 1277}}], [{"tid": 1, "generated": 0, "bbox": {"xmin": 518, "ymin": 1, "ymax": 718, "xmax": 1278}}, {"tid": 2, "generated": 0, "bbox": {"xmin": 51, "ymin": 55, "ymax": 593, "xmax": 716}}, {"tid": 3, "generated": 0, "bbox": {"xmin": 363, "ymin": 25, "ymax": 583, "xmax": 1277}}], [{"tid": 1, "generated": 0, "bbox": {"xmin": 522, "ymin": 1, "ymax": 718, "xmax": 1278}}, {"tid": 2, "generated": 0, "bbox": {"xmin": 46, "ymin": 53, "ymax": 592, "xmax": 718}}, {"tid": 3, "generated": 0, "bbox": {"xmin": 362, "ymin": 23, "ymax": 586, "xmax": 1277}}], [{"tid": 1, "generated": 0, "bbox": {"xmin": 526, "ymin": 1, "ymax": 718, "xmax": 1278}}, {"tid": 2, "generated": 0, "bbox": {"xmin": 42, "ymin": 51, "ymax": 591, "xmax": 720}}, {"tid": 3, "generated": 0, "bbox": {"xmin": 360, "ymin": 22, "ymax": 590, "xmax": 1277}}], [{"tid": 1, "generated": 0, "bbox": {"xmin": 529, "ymin": 1, "ymax": 718, "xmax": 1278}}, {"tid": 2, "generated": 0, "bbox": {"xmin": 38, "ymin": 48, "ymax": 590, "xmax": 721}}, {"tid": 3, "generated": 0, "bbox": {"xmin": 359, "ymin": 20, "ymax": 593, "xmax": 1276}}], [{"tid": 1, "generated": 0, "bbox": {"xmin": 533, "ymin": 1, "ymax": 718, "xmax": 1278}}, {"tid": 2, "generated": 0, "bbox": {"xmin": 33, "ymin": 46, "ymax": 589, "xmax": 723}}, {"tid": 3, "generated": 0, "bbox": {"xmin": 357, "ymin": 18, "ymax": 596, "xmax": 1276}}], [{"tid": 1, "generated": 0, "bbox": {"xmin": 536, "ymin": 1, "ymax": 718, "xmax": 1278}}, {"tid": 2, "generated": 0, "bbox": {"xmin": 29, "ymin": 44, "ymax": 588, "xmax": 724}}, {"tid": 3, "generated": 0, "bbox": {"xmin": 356, "ymin": 17, "ymax": 599, "xmax": 1276}}], [{"tid": 1, "generated": 0, "bbox": {"xmin": 540, "ymin": 1, "ymax": 718, "xmax": 1278}}, {"tid": 2, "generated": 0, "bbox": {"xmin": 25, "ymin": 42, "ymax": 587, "xmax": 726}}, {"tid": 3, "generated": 0, "bbox": {"xmin": 354, "ymin": 15, "ymax": 602, "xmax": 1276}}], [{"tid": 1, "generated": 0, "bbox": {"xmin": 544, "ymin": 1, "ymax": 718, "xmax": 1278}}, {"tid": 2, "generated": 0, "bbox": {"xmin": 21, "ymin": 40, "ymax": 586, "xmax": 728}}, {"tid": 3, "generated": 0, "bbox": {"xmin": 353, "ymin": 14, "ymax": 606, "xmax": 1276}}], [{"tid": 1, "generated": 0, "bbox": {"xmin": 551, "ymin": 1, "ymax": 718, "xmax": 1278}}, {"tid": 2, "generated": 0, "bbox": {"xmin": 24, "ymin": 41, "ymax": 586, "xmax": 728}}, {"tid": 3, "generated": 0, "bbox": {"xmin": 351, "ymin": 15, "ymax": 605, "xmax": 1276}}], [{"tid": 1, "generated": 0, "bbox": {"xmin": 559, "ymin": 1, "ymax": 718, "xmax": 1278}}, {"tid": 2, "generated": 0, "bbox": {"xmin": 28, "ymin": 43, "ymax": 586, "xmax": 728}}, {"tid": 3, "generated": 0, "bbox": {"xmin": 349, "ymin": 17, "ymax": 605, "xmax": 1276}}], [{"tid": 1, "generated": 0, "bbox": {"xmin": 566, "ymin": 1, "ymax": 718, "xmax": 1278}}, {"tid": 2, "generated": 0, "bbox": {"xmin": 32, "ymin": 45, "ymax": 586, "xmax": 728}}, {"tid": 3, "generated": 0, "bbox": {"xmin": 348, "ymin": 19, "ymax": 604, "xmax": 1276}}], [{"tid": 1, "generated": 0, "bbox": {"xmin": 574, "ymin": 1, "ymax": 718, "xmax": 1278}}, {"tid": 2, "generated": 0, "bbox": {"xmin": 36, "ymin": 47, "ymax": 586, "xmax": 728}}, {"tid": 3, "generated": 0, "bbox": {"xmin": 346, "ymin": 21, "ymax": 604, "xmax": 1276}}], [{"tid": 1, "generated": 0, "bbox": {"xmin": 582, "ymin": 1, "ymax": 718, "xmax": 1278}}, {"tid": 2, "generated": 0, "bbox": {"xmin": 40, "ymin": 49, "ymax": 586, "xmax": 728}}, {"tid": 3, "generated": 0, "bbox": {"xmin": 345, "ymin": 23, "ymax": 604, "xmax": 1276}}], [{"tid": 1, "generated": 0, "bbox": {"xmin": 589, "ymin": 1, "ymax": 718, "xmax": 1278}}, {"tid": 2, "generated": 0, "bbox": {"xmin": 44, "ymin": 50, "ymax": 586, "xmax": 728}}, {"tid": 3, "generated": 0, "bbox": {"xmin": 343, "ymin": 25, "ymax": 603, "xmax": 1276}}], [{"tid": 1, "generated": 0, "bbox": {"xmin": 597, "ymin": 1, "ymax": 718, "xmax": 1278}}, {"tid": 2, "generated": 0, "bbox": {"xmin": 48, "ymin": 52, "ymax": 586, "xmax": 728}}, {"tid": 3, "generated": 0, "bbox": {"xmin": 341, "ymin": 27, "ymax": 603, "xmax": 1276}}], [{"tid": 1, "generated": 0, "bbox": {"xmin": 604, "ymin": 1, "ymax": 718, "xmax": 1278}}, {"tid": 2, "generated": 0, "bbox": {"xmin": 52, "ymin": 54, "ymax": 586, "xmax": 728}}, {"tid": 3, "generated": 0, "bbox": {"xmin": 340, "ymin": 29, "ymax": 602, "xmax": 1276}}], [{"tid": 1, "generated": 0, "bbox": {"xmin": 612, "ymin": 1, "ymax": 718, "xmax": 1278}}, {"tid": 2, "generated": 0, "bbox": {"xmin": 56, "ymin": 56, "ymax": 586, "xmax": 728}}, {"tid": 3, "generated": 0, "bbox": {"xmin": 338, "ymin": 31, "ymax": 602, "xmax": 1276}}], [{"tid": 1, "generated": 0, "bbox": {"xmin": 620, "ymin": 1, "ymax": 718, "xmax": 1278}}, {"tid": 2, "generated": 0, "bbox": {"xmin": 60, "ymin": 58, "ymax": 586, "xmax": 728}}, {"tid": 3, "generated": 0, "bbox": {"xmin": 337, "ymin": 33, "ymax": 602, "xmax": 1276}}], [{"tid": 1, "generated": 0, "bbox": {"xmin": 626, "ymin": 1, "ymax": 718, "xmax": 1278}}, {"tid": 2, "generated": 0, "bbox": {"xmin": 61, "ymin": 60, "ymax": 589, "xmax": 733}}, {"tid": 3, "generated": 0, "bbox": {"xmin": 338, "ymin": 33, "ymax": 607, "xmax": 1276}}], [{"tid": 1, "generated": 0, "bbox": {"xmin": 632, "ymin": 1, "ymax": 718, "xmax": 1278}}, {"tid": 2, "generated": 0, "bbox": {"xmin": 63, "ymin": 62, "ymax": 593, "xmax": 739}}, {"tid": 3, "generated": 0, "bbox": {"xmin": 339, "ymin": 33, "ymax": 612, "xmax": 1276}}], [{"tid": 1, "generated": 0, "bbox": {"xmin": 639, "ymin": 1, "ymax": 718, "xmax": 1278}}, {"tid": 2, "generated": 0, "bbox": {"xmin": 64, "ymin": 64, "ymax": 597, "xmax": 745}}, {"tid": 3, "generated": 0, "bbox": {"xmin": 340, "ymin": 33, "ymax": 617, "xmax": 1276}}], [{"tid": 1, "generated": 0, "bbox": {"xmin": 645, "ymin": 1, "ymax": 718, "xmax": 1278}}, {"tid": 2, "generated": 0, "bbox": {"xmin": 66, "ymin": 66, "ymax": 601, "xmax": 751}}, {"tid": 3, "generated": 0, "bbox": {"xmin": 342, "ymin": 33, "ymax": 622, "xmax": 1276}}], [{"tid": 1, "generated": 0, "bbox": {"xmin": 652, "ymin": 1, "ymax": 718, "xmax": 1278}}, {"tid": 2, "generated": 0, "bbox": {"xmin": 68, "ymin": 68, "ymax": 605, "xmax": 757}}, {"tid": 3, "generated": 0, "bbox": {"xmin": 343, "ymin": 33, "ymax": 628, "xmax": 1276}}], [{"tid": 1, "generated": 0, "bbox": {"xmin": 658, "ymin": 1, "ymax": 718, "xmax": 1278}}, {"tid": 2, "generated": 0, "bbox": {"xmin": 69, "ymin": 70, "ymax": 609, "xmax": 763}}, {"tid": 3, "generated": 0, "bbox": {"xmin": 344, "ymin": 33, "ymax": 633, "xmax": 1276}}], [{"tid": 1, "generated": 0, "bbox": {"xmin": 664, "ymin": 1, "ymax": 718, "xmax": 1278}}, {"tid": 2, "generated": 0, "bbox": {"xmin": 71, "ymin": 72, "ymax": 613, "xmax": 769}}, {"tid": 3, "generated": 0, "bbox": {"xmin": 346, "ymin": 33, "ymax": 638, "xmax": 1276}}], [{"tid": 1, "generated": 0, "bbox": {"xmin": 671, "ymin": 1, "ymax": 718, "xmax": 1278}}, {"tid": 2, "generated": 0, "bbox": {"xmin": 72, "ymin": 74, "ymax": 617, "xmax": 775}}, {"tid": 3, "generated": 0, "bbox": {"xmin": 347, "ymin": 33, "ymax": 643, "xmax": 1276}}], [{"tid": 1, "generated": 0, "bbox": {"xmin": 677, "ymin": 1, "ymax": 718, "xmax": 1278}}, {"tid": 2, "generated": 0, "bbox": {"xmin": 74, "ymin": 76, "ymax": 621, "xmax": 781}}, {"tid": 3, "generated": 0, "bbox": {"xmin": 348, "ymin": 33, "ymax": 648, "xmax": 1276}}], [], [], [], [], [], [], [], [], [], [], [], [], [], [], [], [], [], [], [], [], [], [], [], [], [], [], [], [], [], [], [], [], [], [], [], [], [], [], [], [], [], [], [], [], [], [], [], [], [], [], [], [], [], [], [], [], [], [], [], [], [], [], [], [], [], [], [], [], [], [], [], [], [], [], [], [], [], [], [], [], [], [], [], [], [], [], [], [], [], [], [], [], [], [], [], [], [], [], [], [], [], [], [], [], [], [], [], [], [], [], [], [], [], [], [], [], [], [], [], [], [], [], [], [], [], [], [], [], [], [], [], [], [], [], [], [], [], [], [], [], [], [], [], [], [], [], [], [], [], [], [], [], [], [], [], [], [], [], [], [], [], [], [], [], [], [{"tid": 1, "generated": 0, "bbox": {"xmin": 715, "ymin": 1, "ymax": 652, "xmax": 1278}}, {"tid": 2, "generated": 0, "bbox": {"xmin": 181, "ymin": 1, "ymax": 483, "xmax": 809}}, {"tid": 3, "generated": 0, "bbox": {"xmin": 406, "ymin": 1, "ymax": 515, "xmax": 1242}}], [{"tid": 1, "generated": 0, "bbox": {"xmin": 717, "ymin": 1, "ymax": 653, "xmax": 1278}}, {"tid": 2, "generated": 0, "bbox": {"xmin": 181, "ymin": 1, "ymax": 483, "xmax": 813}}, {"tid": 3, "generated": 0, "bbox": {"xmin": 408, "ymin": 1, "ymax": 516, "xmax": 1245}}], [{"tid": 1, "generated": 0, "bbox": {"xmin": 719, "ymin": 1, "ymax": 654, "xmax": 1278}}, {"tid": 2, "generated": 0, "bbox": {"xmin": 181, "ymin": 1, "ymax": 483, "xmax": 818}}, {"tid": 3, "generated": 0, "bbox": {"xmin": 410, "ymin": 1, "ymax": 517, "xmax": 1248}}], [{"tid": 1, "generated": 0, "bbox": {"xmin": 721, "ymin": 1, "ymax": 656, "xmax": 1278}}, {"tid": 2, "generated": 0, "bbox": {"xmin": 181, "ymin": 1, "ymax": 483, "xmax": 823}}, {"tid": 3, "generated": 0, "bbox": {"xmin": 412, "ymin": 1, "ymax": 519, "xmax": 1251}}], [{"tid": 1, "generated": 0, "bbox": {"xmin": 723, "ymin": 1, "ymax": 657, "xmax": 1278}}, {"tid": 2, "generated": 0, "bbox": {"xmin": 181, "ymin": 1, "ymax": 483, "xmax": 828}}, {"tid": 3, "generated": 0, "bbox": {"xmin": 414, "ymin": 1, "ymax": 520, "xmax": 1254}}], [{"tid": 1, "generated": 0, "bbox": {"xmin": 725, "ymin": 1, "ymax": 659, "xmax": 1278}}, {"tid": 2, "generated": 0, "bbox": {"xmin": 181, "ymin": 1, "ymax": 483, "xmax": 833}}, {"tid": 3, "generated": 0, "bbox": {"xmin": 417, "ymin": 1, "ymax": 522, "xmax": 1258}}], [{"tid": 1, "generated": 0, "bbox": {"xmin": 725, "ymin": 1, "ymax": 661, "xmax": 1278}}, {"tid": 2, "generated": 0, "bbox": {"xmin": 183, "ymin": 1, "ymax": 484, "xmax": 835}}, {"tid": 3, "generated": 0, "bbox": {"xmin": 419, "ymin": 1, "ymax": 525, "xmax": 1258}}], [{"tid": 1, "generated": 0, "bbox": {"xmin": 725, "ymin": 1, "ymax": 663, "xmax": 1278}}, {"tid": 2, "generated": 0, "bbox": {"xmin": 186, "ymin": 1, "ymax": 485, "xmax": 838}}, {"tid": 3, "generated": 0, "bbox": {"xmin": 421, "ymin": 1, "ymax": 528, "xmax": 1258}}], [{"tid": 1, "generated": 0, "bbox": {"xmin": 725, "ymin": 1, "ymax": 665, "xmax": 1278}}, {"tid": 2, "generated": 0, "bbox": {"xmin": 189, "ymin": 1, "ymax": 486, "xmax": 841}}, {"tid": 3, "generated": 0, "bbox": {"xmin": 423, "ymin": 1, "ymax": 531, "xmax": 1258}}], [{"tid": 1, "generated": 0, "bbox": {"xmin": 725, "ymin": 1, "ymax": 667, "xmax": 1278}}, {"tid": 2, "generated": 0, "bbox": {"xmin": 192, "ymin": 1, "ymax": 487, "xmax": 843}}, {"tid": 3, "generated": 0, "bbox": {"xmin": 426, "ymin": 1, "ymax": 534, "xmax": 1258}}], [{"tid": 1, "generated": 0, "bbox": {"xmin": 725, "ymin": 1, "ymax": 669, "xmax": 1278}}, {"tid": 2, "generated": 0, "bbox": {"xmin": 195, "ymin": 1, "ymax": 488, "xmax": 846}}, {"tid": 3, "generated": 0, "bbox": {"xmin": 428, "ymin": 1, "ymax": 538, "xmax": 1258}}], [{"tid": 1, "generated": 0, "bbox": {"xmin": 725, "ymin": 1, "ymax": 671, "xmax": 1278}}, {"tid": 2, "generated": 0, "bbox": {"xmin": 197, "ymin": 1, "ymax": 489, "xmax": 849}}, {"tid": 3, "generated": 0, "bbox": {"xmin": 430, "ymin": 1, "ymax": 541, "xmax": 1258}}], [{"tid": 1, "generated": 0, "bbox": {"xmin": 725, "ymin": 1, "ymax": 673, "xmax": 1278}}, {"tid": 2, "generated": 0, "bbox": {"xmin": 200, "ymin": 1, "ymax": 490, "xmax": 851}}, {"tid": 3, "generated": 0, "bbox": {"xmin": 433, "ymin": 1, "ymax": 544, "xmax": 1258}}], [{"tid": 1, "generated": 0, "bbox": {"xmin": 725, "ymin": 1, "ymax": 675, "xmax": 1278}}, {"tid": 2, "generated": 0, "bbox": {"xmin": 203, "ymin": 1, "ymax": 491, "xmax": 854}}, {"tid": 3, "generated": 0, "bbox": {"xmin": 435, "ymin": 1, "ymax": 547, "xmax": 1258}}], [{"tid": 1, "generated": 0, "bbox": {"xmin": 725, "ymin": 1, "ymax": 677, "xmax": 1278}}, {"tid": 2, "generated": 0, "bbox": {"xmin": 206, "ymin": 1, "ymax": 492, "xmax": 857}}, {"tid": 3, "generated": 0, "bbox": {"xmin": 437, "ymin": 1, "ymax": 550, "xmax": 1258}}], [{"tid": 1, "generated": 0, "bbox": {"xmin": 725, "ymin": 1, "ymax": 680, "xmax": 1278}}, {"tid": 2, "generated": 0, "bbox": {"xmin": 209, "ymin": 1, "ymax": 494, "xmax": 860}}, {"tid": 3, "generated": 0, "bbox": {"xmin": 440, "ymin": 1, "ymax": 554, "xmax": 1258}}], [{"tid": 1, "generated": 0, "bbox": {"xmin": 729, "ymin": 1, "ymax": 683, "xmax": 1278}}, {"tid": 2, "generated": 0, "bbox": {"xmin": 209, "ymin": 1, "ymax": 494, "xmax": 863}}, {"tid": 3, "generated": 0, "bbox": {"xmin": 440, "ymin": 1, "ymax": 554, "xmax": 1260}}], [{"tid": 1, "generated": 0, "bbox": {"xmin": 733, "ymin": 1, "ymax": 687, "xmax": 1278}}, {"tid": 2, "generated": 0, "bbox": {"xmin": 209, "ymin": 1, "ymax": 494, "xmax": 866}}, {"tid": 3, "generated": 0, "bbox": {"xmin": 440, "ymin": 1, "ymax": 554, "xmax": 1262}}], [{"tid": 1, "generated": 0, "bbox": {"xmin": 737, "ymin": 1, "ymax": 691, "xmax": 1278}}, {"tid": 2, "generated": 0, "bbox": {"xmin": 209, "ymin": 1, "ymax": 494, "xmax": 869}}, {"tid": 3, "generated": 0, "bbox": {"xmin": 440, "ymin": 1, "ymax": 554, "xmax": 1264}}], [{"tid": 1, "generated": 0, "bbox": {"xmin": 741, "ymin": 1, "ymax": 695, "xmax": 1278}}, {"tid": 2, "generated": 0, "bbox": {"xmin": 209, "ymin": 1, "ymax": 494, "xmax": 872}}, {"tid": 3, "generated": 0, "bbox": {"xmin": 440, "ymin": 1, "ymax": 554, "xmax": 1266}}], [{"tid": 1, "generated": 0, "bbox": {"xmin": 745, "ymin": 1, "ymax": 699, "xmax": 1278}}, {"tid": 2, "generated": 0, "bbox": {"xmin": 209, "ymin": 1, "ymax": 494, "xmax": 875}}, {"tid": 3, "generated": 0, "bbox": {"xmin": 440, "ymin": 1, "ymax": 554, "xmax": 1268}}], [{"tid": 1, "generated": 0, "bbox": {"xmin": 749, "ymin": 1, "ymax": 702, "xmax": 1278}}, {"tid": 2, "generated": 0, "bbox": {"xmin": 209, "ymin": 1, "ymax": 494, "xmax": 878}}, {"tid": 3, "generated": 0, "bbox": {"xmin": 440, "ymin": 1, "ymax": 554, "xmax": 1270}}], [{"tid": 1, "generated": 0, "bbox": {"xmin": 753, "ymin": 1, "ymax": 706, "xmax": 1278}}, {"tid": 2, "generated": 0, "bbox": {"xmin": 209, "ymin": 1, "ymax": 494, "xmax": 881}}, {"tid": 3, "generated": 0, "bbox": {"xmin": 440, "ymin": 1, "ymax": 554, "xmax": 1272}}], [{"tid": 1, "generated": 0, "bbox": {"xmin": 757, "ymin": 1, "ymax": 710, "xmax": 1278}}, {"tid": 2, "generated": 0, "bbox": {"xmin": 209, "ymin": 1, "ymax": 494, "xmax": 884}}, {"tid": 3, "generated": 0, "bbox": {"xmin": 440, "ymin": 1, "ymax": 554, "xmax": 1274}}], [{"tid": 1, "generated": 0, "bbox": {"xmin": 761, "ymin": 1, "ymax": 714, "xmax": 1278}}, {"tid": 2, "generated": 0, "bbox": {"xmin": 209, "ymin": 1, "ymax": 494, "xmax": 887}}, {"tid": 3, "generated": 0, "bbox": {"xmin": 440, "ymin": 1, "ymax": 554, "xmax": 1276}}], [{"tid": 1, "generated": 0, "bbox": {"xmin": 766, "ymin": 1, "ymax": 718, "xmax": 1278}}, {"tid": 2, "generated": 0, "bbox": {"xmin": 209, "ymin": 1, "ymax": 494, "xmax": 890}}, {"tid": 3, "generated": 0, "bbox": {"xmin": 440, "ymin": 1, "ymax": 554, "xmax": 1278}}], [{"tid": 1, "generated": 0, "bbox": {"xmin": 764, "ymin": 1, "ymax": 715, "xmax": 1278}}, {"tid": 2, "generated": 0, "bbox": {"xmin": 207, "ymin": 1, "ymax": 492, "xmax": 890}}, {"tid": 3, "generated": 0, "bbox": {"xmin": 437, "ymin": 1, "ymax": 554, "xmax": 1278}}], [{"tid": 1, "generated": 0, "bbox": {"xmin": 762, "ymin": 1, "ymax": 713, "xmax": 1278}}, {"tid": 2, "generated": 0, "bbox": {"xmin": 205, "ymin": 1, "ymax": 490, "xmax": 890}}, {"tid": 3, "generated": 0, "bbox": {"xmin": 434, "ymin": 1, "ymax": 555, "xmax": 1278}}], [{"tid": 1, "generated": 0, "bbox": {"xmin": 761, "ymin": 1, "ymax": 711, "xmax": 1278}}, {"tid": 2, "generated": 0, "bbox": {"xmin": 203, "ymin": 1, "ymax": 488, "xmax": 890}}, {"tid": 3, "generated": 0, "bbox": {"xmin": 431, "ymin": 1, "ymax": 556, "xmax": 1278}}], [{"tid": 1, "generated": 0, "bbox": {"xmin": 759, "ymin": 1, "ymax": 708, "xmax": 1278}}, {"tid": 2, "generated": 0, "bbox": {"xmin": 202, "ymin": 1, "ymax": 486, "xmax": 890}}, {"tid": 3, "generated": 0, "bbox": {"xmin": 429, "ymin": 1, "ymax": 557, "xmax": 1278}}]], "subject/objects": [{"category": "cattle", "tid": 0}, {"category": "cattle", "tid": 1}, {"category": "cattle", "tid": 2}, {"category": "cattle", "tid": 3}], "relation_instances": [{"end_fid": 30, "subject_tid": 0, "predicate": "stand_behind", "begin_fid": 0, "object_tid": 1}, {"end_fid": 30, "subject_tid": 1, "predicate": "stand_front", "begin_fid": 0, "object_tid": 0}, {"end_fid": 30, "subject_tid": 0, "predicate": "stand_next_to", "begin_fid": 0, "object_tid": 2}, {"end_fid": 30, "subject_tid": 0, "predicate": "stand_behind", "begin_fid": 0, "object_tid": 2}, {"end_fid": 30, "subject_tid": 2, "predicate": "walk_next_to", "begin_fid": 0, "object_tid": 0}, {"end_fid": 30, "subject_tid": 2, "predicate": "walk_front", "begin_fid": 0, "object_tid": 0}, {"end_fid": 30, "subject_tid": 1, "predicate": "stand_next_to", "begin_fid": 0, "object_tid": 2}, {"end_fid": 30, "subject_tid": 1, "predicate": "stand_front", "begin_fid": 0, "object_tid": 2}, {"end_fid": 30, "subject_tid": 2, "predicate": "walk_next_to", "begin_fid": 0, "object_tid": 1}, {"end_fid": 30, "subject_tid": 2, "predicate": "walk_behind", "begin_fid": 0, "object_tid": 1}, {"end_fid": 105, "subject_tid": 1, "predicate": "stand_front", "begin_fid": 75, "object_tid": 2}, {"end_fid": 105, "subject_tid": 2, "predicate": "walk_behind", "begin_fid": 75, "object_tid": 1}, {"end_fid": 105, "subject_tid": 1, "predicate": "stand_next_to", "begin_fid": 75, "object_tid": 3}, {"end_fid": 105, "subject_tid": 1, "predicate": "stand_front", "begin_fid": 75, "object_tid": 3}, {"end_fid": 105, "subject_tid": 3, "predicate": "walk_next_to", "begin_fid": 75, "object_tid": 1}, {"end_fid": 105, "subject_tid": 3, "predicate": "walk_behind", "begin_fid": 75, "object_tid": 1}, {"end_fid": 105, "subject_tid": 2, "predicate": "walk_next_to", "begin_fid": 75, "object_tid": 3}, {"end_fid": 105, "subject_tid": 2, "predicate": "walk_behind", "begin_fid": 75, "object_tid": 3}, {"end_fid": 105, "subject_tid": 2, "predicate": "walk_with", "begin_fid": 75, "object_tid": 3}, {"end_fid": 105, "subject_tid": 3, "predicate": "walk_next_to", "begin_fid": 75, "object_tid": 2}, {"end_fid": 105, "subject_tid": 3, "predicate": "walk_front", "begin_fid": 75, "object_tid": 2}, {"end_fid": 105, "subject_tid": 3, "predicate": "walk_with", "begin_fid": 75, "object_tid": 2}, {"end_fid": 300, "subject_tid": 1, "predicate": "stand_front", "begin_fid": 270, "object_tid": 2}, {"end_fid": 300, "subject_tid": 2, "predicate": "stand_behind", "begin_fid": 270, "object_tid": 1}, {"end_fid": 300, "subject_tid": 1, "predicate": "stand_next_to", "begin_fid": 270, "object_tid": 3}, {"end_fid": 300, "subject_tid": 1, "predicate": "stand_front", "begin_fid": 270, "object_tid": 3}, {"end_fid": 300, "subject_tid": 3, "predicate": "stand_next_to", "begin_fid": 270, "object_tid": 1}, {"end_fid": 300, "subject_tid": 3, "predicate": "stand_behind", "begin_fid": 270, "object_tid": 1}, {"end_fid": 300, "subject_tid": 2, "predicate": "stand_next_to", "begin_fid": 270, "object_tid": 3}, {"end_fid": 300, "subject_tid": 2, "predicate": "stand_behind", "begin_fid": 270, "object_tid": 3}, {"end_fid": 300, "subject_tid": 3, "predicate": "stand_next_to", "begin_fid": 270, "object_tid": 2}, {"end_fid": 300, "subject_tid": 3, "predicate": "stand_front", "begin_fid": 270, "object_tid": 2}], "height": 720}