{"width": 1280, "frame_count": 48, "video_id": "ILSVRC2015_train_00068002", "fps": 24, "trajectories": [[{"tid": 0, "generated": 0, "bbox": {"xmin": 1125, "ymin": 284, "ymax": 492, "xmax": 1278}}, {"tid": 1, "generated": 0, "bbox": {"xmin": 1212, "ymin": 235, "ymax": 451, "xmax": 1279}}], [{"tid": 0, "generated": 0, "bbox": {"xmin": 1098, "ymin": 285, "ymax": 498, "xmax": 1278}}, {"tid": 1, "generated": 0, "bbox": {"xmin": 1177, "ymin": 235, "ymax": 453, "xmax": 1266}}], [{"tid": 0, "generated": 0, "bbox": {"xmin": 1071, "ymin": 287, "ymax": 505, "xmax": 1278}}, {"tid": 1, "generated": 0, "bbox": {"xmin": 1142, "ymin": 235, "ymax": 455, "xmax": 1253}}], [{"tid": 0, "generated": 0, "bbox": {"xmin": 1044, "ymin": 289, "ymax": 512, "xmax": 1278}}, {"tid": 1, "generated": 0, "bbox": {"xmin": 1108, "ymin": 235, "ymax": 456, "xmax": 1239}}], [{"tid": 0, "generated": 0, "bbox": {"xmin": 1018, "ymin": 291, "ymax": 519, "xmax": 1278}}, {"tid": 1, "generated": 0, "bbox": {"xmin": 1073, "ymin": 235, "ymax": 458, "xmax": 1226}}], [{"tid": 0, "generated": 0, "bbox": {"xmin": 995, "ymin": 291, "ymax": 522, "xmax": 1260}}, {"tid": 1, "generated": 0, "bbox": {"xmin": 1038, "ymin": 235, "ymax": 460, "xmax": 1212}}], [{"tid": 0, "generated": 0, "bbox": {"xmin": 973, "ymin": 292, "ymax": 526, "xmax": 1243}}, {"tid": 1, "generated": 0, "bbox": {"xmin": 1018, "ymin": 239, "ymax": 464, "xmax": 1192}}], [{"tid": 0, "generated": 0, "bbox": {"xmin": 951, "ymin": 292, "ymax": 529, "xmax": 1225}}, {"tid": 1, "generated": 0, "bbox": {"xmin": 998, "ymin": 243, "ymax": 468, "xmax": 1172}}], [{"tid": 0, "generated": 0, "bbox": {"xmin": 929, "ymin": 293, "ymax": 533, "xmax": 1208}}, {"tid": 1, "generated": 0, "bbox": {"xmin": 977, "ymin": 247, "ymax": 472, "xmax": 1151}}], [{"tid": 0, "generated": 0, "bbox": {"xmin": 905, "ymin": 285, "ymax": 533, "xmax": 1186}}, {"tid": 1, "generated": 0, "bbox": {"xmin": 957, "ymin": 251, "ymax": 476, "xmax": 1131}}], [{"tid": 0, "generated": 0, "bbox": {"xmin": 881, "ymin": 277, "ymax": 533, "xmax": 1164}}, {"tid": 1, "generated": 0, "bbox": {"xmin": 937, "ymin": 255, "ymax": 480, "xmax": 1111}}], [{"tid": 0, "generated": 0, "bbox": {"xmin": 857, "ymin": 270, "ymax": 534, "xmax": 1142}}, {"tid": 1, "generated": 0, "bbox": {"xmin": 910, "ymin": 247, "ymax": 472, "xmax": 1084}}], [{"tid": 0, "generated": 0, "bbox": {"xmin": 833, "ymin": 262, "ymax": 534, "xmax": 1120}}, {"tid": 1, "generated": 0, "bbox": {"xmin": 883, "ymin": 239, "ymax": 464, "xmax": 1057}}], [{"tid": 0, "generated": 0, "bbox": {"xmin": 809, "ymin": 254, "ymax": 534, "xmax": 1098}}, {"tid": 1, "generated": 0, "bbox": {"xmin": 856, "ymin": 230, "ymax": 455, "xmax": 1030}}], [{"tid": 0, "generated": 0, "bbox": {"xmin": 785, "ymin": 247, "ymax": 535, "xmax": 1077}}, {"tid": 1, "generated": 0, "bbox": {"xmin": 829, "ymin": 222, "ymax": 447, "xmax": 1003}}], [{"tid": 0, "generated": 0, "bbox": {"xmin": 754, "ymin": 248, "ymax": 520, "xmax": 1048}}, {"tid": 1, "generated": 0, "bbox": {"xmin": 802, "ymin": 214, "ymax": 439, "xmax": 976}}], [{"tid": 0, "generated": 0, "bbox": {"xmin": 724, "ymin": 249, "ymax": 505, "xmax": 1019}}, {"tid": 1, "generated": 0, "bbox": {"xmin": 773, "ymin": 213, "ymax": 427, "xmax": 947}}], [{"tid": 0, "generated": 0, "bbox": {"xmin": 694, "ymin": 251, "ymax": 490, "xmax": 990}}, {"tid": 1, "generated": 0, "bbox": {"xmin": 744, "ymin": 212, "ymax": 414, "xmax": 918}}], [{"tid": 0, "generated": 0, "bbox": {"xmin": 664, "ymin": 252, "ymax": 475, "xmax": 961}}, {"tid": 1, "generated": 0, "bbox": {"xmin": 716, "ymin": 210, "ymax": 402, "xmax": 890}}], [{"tid": 0, "generated": 0, "bbox": {"xmin": 634, "ymin": 254, "ymax": 460, "xmax": 933}}, {"tid": 1, "generated": 0, "bbox": {"xmin": 687, "ymin": 209, "ymax": 389, "xmax": 861}}], [{"tid": 0, "generated": 0, "bbox": {"xmin": 603, "ymin": 255, "ymax": 445, "xmax": 904}}, {"tid": 1, "generated": 0, "bbox": {"xmin": 658, "ymin": 208, "ymax": 377, "xmax": 832}}], [{"tid": 0, "generated": 0, "bbox": {"xmin": 573, "ymin": 256, "ymax": 430, "xmax": 875}}, {"tid": 1, "generated": 0, "bbox": {"xmin": 634, "ymin": 208, "ymax": 377, "xmax": 808}}], [{"tid": 0, "generated": 0, "bbox": {"xmin": 543, "ymin": 258, "ymax": 415, "xmax": 846}}, {"tid": 1, "generated": 0, "bbox": {"xmin": 611, "ymin": 208, "ymax": 377, "xmax": 785}}], [{"tid": 0, "generated": 0, "bbox": {"xmin": 513, "ymin": 259, "ymax": 400, "xmax": 817}}, {"tid": 1, "generated": 0, "bbox": {"xmin": 587, "ymin": 207, "ymax": 376, "xmax": 761}}], [{"tid": 0, "generated": 0, "bbox": {"xmin": 483, "ymin": 261, "ymax": 385, "xmax": 789}}, {"tid": 1, "generated": 0, "bbox": {"xmin": 564, "ymin": 207, "ymax": 376, "xmax": 738}}], [{"tid": 0, "generated": 0, "bbox": {"xmin": 459, "ymin": 262, "ymax": 412, "xmax": 767}}, {"tid": 1, "generated": 0, "bbox": {"xmin": 540, "ymin": 207, "ymax": 376, "xmax": 714}}], [{"tid": 0, "generated": 0, "bbox": {"xmin": 435, "ymin": 264, "ymax": 439, "xmax": 745}}, {"tid": 1, "generated": 0, "bbox": {"xmin": 508, "ymin": 214, "ymax": 389, "xmax": 682}}], [{"tid": 0, "generated": 0, "bbox": {"xmin": 411, "ymin": 266, "ymax": 467, "xmax": 724}}, {"tid": 1, "generated": 0, "bbox": {"xmin": 476, "ymin": 220, "ymax": 403, "xmax": 650}}], [{"tid": 0, "generated": 0, "bbox": {"xmin": 387, "ymin": 268, "ymax": 494, "xmax": 702}}, {"tid": 1, "generated": 0, "bbox": {"xmin": 445, "ymin": 227, "ymax": 416, "xmax": 619}}], [{"tid": 0, "generated": 0, "bbox": {"xmin": 363, "ymin": 270, "ymax": 521, "xmax": 680}}, {"tid": 1, "generated": 0, "bbox": {"xmin": 413, "ymin": 233, "ymax": 430, "xmax": 587}}], [{"tid": 0, "generated": 0, "bbox": {"xmin": 339, "ymin": 272, "ymax": 549, "xmax": 659}}, {"tid": 1, "generated": 0, "bbox": {"xmin": 381, "ymin": 240, "ymax": 443, "xmax": 555}}], [{"tid": 0, "generated": 0, "bbox": {"xmin": 315, "ymin": 280, "ymax": 553, "xmax": 631}}, {"tid": 1, "generated": 0, "bbox": {"xmin": 359, "ymin": 247, "ymax": 450, "xmax": 533}}], [{"tid": 0, "generated": 0, "bbox": {"xmin": 291, "ymin": 288, "ymax": 558, "xmax": 604}}, {"tid": 1, "generated": 0, "bbox": {"xmin": 336, "ymin": 255, "ymax": 458, "xmax": 510}}], [{"tid": 0, "generated": 0, "bbox": {"xmin": 267, "ymin": 296, "ymax": 562, "xmax": 576}}, {"tid": 1, "generated": 0, "bbox": {"xmin": 314, "ymin": 262, "ymax": 465, "xmax": 488}}], [{"tid": 0, "generated": 0, "bbox": {"xmin": 243, "ymin": 305, "ymax": 567, "xmax": 549}}, {"tid": 1, "generated": 0, "bbox": {"xmin": 291, "ymin": 270, "ymax": 473, "xmax": 465}}], [{"tid": 0, "generated": 0, "bbox": {"xmin": 214, "ymin": 310, "ymax": 568, "xmax": 524}}, {"tid": 1, "generated": 0, "bbox": {"xmin": 269, "ymin": 277, "ymax": 480, "xmax": 443}}], [{"tid": 0, "generated": 0, "bbox": {"xmin": 185, "ymin": 315, "ymax": 570, "xmax": 499}}, {"tid": 1, "generated": 0, "bbox": {"xmin": 249, "ymin": 279, "ymax": 482, "xmax": 423}}], [{"tid": 0, "generated": 0, "bbox": {"xmin": 156, "ymin": 320, "ymax": 571, "xmax": 475}}, {"tid": 1, "generated": 0, "bbox": {"xmin": 228, "ymin": 282, "ymax": 485, "xmax": 402}}], [{"tid": 0, "generated": 0, "bbox": {"xmin": 127, "ymin": 325, "ymax": 573, "xmax": 450}}, {"tid": 1, "generated": 0, "bbox": {"xmin": 208, "ymin": 284, "ymax": 487, "xmax": 382}}], [{"tid": 0, "generated": 0, "bbox": {"xmin": 98, "ymin": 330, "ymax": 574, "xmax": 425}}, {"tid": 1, "generated": 0, "bbox": {"xmin": 187, "ymin": 287, "ymax": 490, "xmax": 361}}], [{"tid": 0, "generated": 0, "bbox": {"xmin": 69, "ymin": 335, "ymax": 576, "xmax": 401}}, {"tid": 1, "generated": 0, "bbox": {"xmin": 167, "ymin": 289, "ymax": 492, "xmax": 341}}], [{"tid": 0, "generated": 0, "bbox": {"xmin": 40, "ymin": 340, "ymax": 577, "xmax": 376}}, {"tid": 1, "generated": 0, "bbox": {"xmin": 135, "ymin": 291, "ymax": 494, "xmax": 309}}], [{"tid": 0, "generated": 0, "bbox": {"xmin": 12, "ymin": 346, "ymax": 579, "xmax": 352}}, {"tid": 1, "generated": 0, "bbox": {"xmin": 103, "ymin": 292, "ymax": 495, "xmax": 277}}], [{"tid": 0, "generated": 0, "bbox": {"xmin": 9, "ymin": 344, "ymax": 582, "xmax": 320}}, {"tid": 1, "generated": 0, "bbox": {"xmin": 72, "ymin": 294, "ymax": 497, "xmax": 246}}], [{"tid": 0, "generated": 0, "bbox": {"xmin": 7, "ymin": 342, "ymax": 585, "xmax": 288}}, {"tid": 1, "generated": 0, "bbox": {"xmin": 40, "ymin": 295, "ymax": 498, "xmax": 214}}]], "subject/objects": [{"category": "horse", "tid": 0}, {"category": "person", "tid": 1}], "relation_instances": [{"end_fid": 30, "subject_tid": 0, "predicate": "jump_beneath", "begin_fid": 0, "object_tid": 1}, {"end_fid": 30, "subject_tid": 1, "predicate": "sit_above", "begin_fid": 0, "object_tid": 0}, {"end_fid": 30, "subject_tid": 1, "predicate": "ride", "begin_fid": 0, "object_tid": 0}, {"end_fid": 45, "subject_tid": 0, "predicate": "jump_beneath", "begin_fid": 15, "object_tid": 1}, {"end_fid": 45, "subject_tid": 1, "predicate": "sit_above", "begin_fid": 15, "object_tid": 0}, {"end_fid": 45, "subject_tid": 1, "predicate": "ride", "begin_fid": 15, "object_tid": 0}], "height": 720}