{"width": 1280, "frame_count": 90, "video_id": "ILSVRC2015_train_00119043", "fps": 30, "trajectories": [[{"tid": 0, "generated": 0, "bbox": {"xmin": 615, "ymin": 453, "ymax": 684, "xmax": 874}}, {"tid": 1, "generated": 0, "bbox": {"xmin": 719, "ymin": 292, "ymax": 689, "xmax": 879}}], [{"tid": 0, "generated": 0, "bbox": {"xmin": 617, "ymin": 453, "ymax": 684, "xmax": 881}}, {"tid": 1, "generated": 0, "bbox": {"xmin": 719, "ymin": 291, "ymax": 689, "xmax": 879}}], [{"tid": 0, "generated": 0, "bbox": {"xmin": 619, "ymin": 454, "ymax": 685, "xmax": 889}}, {"tid": 1, "generated": 0, "bbox": {"xmin": 719, "ymin": 290, "ymax": 689, "xmax": 879}}], [{"tid": 0, "generated": 0, "bbox": {"xmin": 621, "ymin": 455, "ymax": 686, "xmax": 896}}, {"tid": 1, "generated": 0, "bbox": {"xmin": 719, "ymin": 289, "ymax": 689, "xmax": 879}}], [{"tid": 0, "generated": 0, "bbox": {"xmin": 624, "ymin": 455, "ymax": 686, "xmax": 904}}, {"tid": 1, "generated": 0, "bbox": {"xmin": 719, "ymin": 288, "ymax": 689, "xmax": 879}}], [{"tid": 0, "generated": 0, "bbox": {"xmin": 626, "ymin": 456, "ymax": 687, "xmax": 911}}, {"tid": 1, "generated": 0, "bbox": {"xmin": 719, "ymin": 287, "ymax": 689, "xmax": 879}}], [{"tid": 0, "generated": 0, "bbox": {"xmin": 628, "ymin": 457, "ymax": 688, "xmax": 919}}, {"tid": 1, "generated": 0, "bbox": {"xmin": 719, "ymin": 286, "ymax": 689, "xmax": 879}}], [{"tid": 0, "generated": 0, "bbox": {"xmin": 631, "ymin": 457, "ymax": 688, "xmax": 926}}, {"tid": 1, "generated": 0, "bbox": {"xmin": 719, "ymin": 285, "ymax": 689, "xmax": 879}}], [{"tid": 0, "generated": 0, "bbox": {"xmin": 633, "ymin": 458, "ymax": 689, "xmax": 934}}, {"tid": 1, "generated": 0, "bbox": {"xmin": 719, "ymin": 285, "ymax": 689, "xmax": 879}}], [{"tid": 0, "generated": 0, "bbox": {"xmin": 635, "ymin": 459, "ymax": 690, "xmax": 941}}, {"tid": 1, "generated": 0, "bbox": {"xmin": 719, "ymin": 284, "ymax": 689, "xmax": 879}}], [{"tid": 0, "generated": 0, "bbox": {"xmin": 638, "ymin": 460, "ymax": 691, "xmax": 949}}, {"tid": 1, "generated": 0, "bbox": {"xmin": 719, "ymin": 283, "ymax": 689, "xmax": 879}}], [{"tid": 0, "generated": 0, "bbox": {"xmin": 646, "ymin": 460, "ymax": 691, "xmax": 957}}, {"tid": 1, "generated": 0, "bbox": {"xmin": 719, "ymin": 282, "ymax": 689, "xmax": 879}}], [{"tid": 0, "generated": 0, "bbox": {"xmin": 654, "ymin": 461, "ymax": 692, "xmax": 965}}, {"tid": 1, "generated": 0, "bbox": {"xmin": 719, "ymin": 281, "ymax": 689, "xmax": 879}}], [{"tid": 0, "generated": 0, "bbox": {"xmin": 662, "ymin": 462, "ymax": 692, "xmax": 973}}, {"tid": 1, "generated": 0, "bbox": {"xmin": 719, "ymin": 280, "ymax": 689, "xmax": 879}}], [{"tid": 0, "generated": 0, "bbox": {"xmin": 670, "ymin": 462, "ymax": 693, "xmax": 981}}, {"tid": 1, "generated": 0, "bbox": {"xmin": 719, "ymin": 279, "ymax": 689, "xmax": 879}}], [{"tid": 0, "generated": 0, "bbox": {"xmin": 678, "ymin": 463, "ymax": 693, "xmax": 990}}, {"tid": 1, "generated": 0, "bbox": {"xmin": 719, "ymin": 278, "ymax": 689, "xmax": 879}}], [{"tid": 0, "generated": 0, "bbox": {"xmin": 686, "ymin": 464, "ymax": 694, "xmax": 998}}, {"tid": 1, "generated": 0, "bbox": {"xmin": 719, "ymin": 278, "ymax": 689, "xmax": 879}}], [{"tid": 0, "generated": 0, "bbox": {"xmin": 694, "ymin": 464, "ymax": 694, "xmax": 1006}}, {"tid": 1, "generated": 0, "bbox": {"xmin": 719, "ymin": 278, "ymax": 689, "xmax": 879}}], [{"tid": 0, "generated": 0, "bbox": {"xmin": 702, "ymin": 465, "ymax": 695, "xmax": 1014}}, {"tid": 1, "generated": 0, "bbox": {"xmin": 719, "ymin": 278, "ymax": 689, "xmax": 879}}], [{"tid": 0, "generated": 0, "bbox": {"xmin": 710, "ymin": 466, "ymax": 695, "xmax": 1022}}, {"tid": 1, "generated": 0, "bbox": {"xmin": 719, "ymin": 278, "ymax": 689, "xmax": 879}}], [{"tid": 0, "generated": 0, "bbox": {"xmin": 718, "ymin": 467, "ymax": 696, "xmax": 1031}}, {"tid": 1, "generated": 0, "bbox": {"xmin": 719, "ymin": 278, "ymax": 689, "xmax": 893}}], [{"tid": 0, "generated": 0, "bbox": {"xmin": 722, "ymin": 466, "ymax": 695, "xmax": 1035}}, {"tid": 1, "generated": 0, "bbox": {"xmin": 719, "ymin": 278, "ymax": 689, "xmax": 879}}], [{"tid": 0, "generated": 0, "bbox": {"xmin": 727, "ymin": 465, "ymax": 695, "xmax": 1040}}, {"tid": 1, "generated": 0, "bbox": {"xmin": 719, "ymin": 278, "ymax": 689, "xmax": 879}}], [{"tid": 0, "generated": 0, "bbox": {"xmin": 732, "ymin": 464, "ymax": 695, "xmax": 1045}}, {"tid": 1, "generated": 0, "bbox": {"xmin": 719, "ymin": 278, "ymax": 689, "xmax": 879}}], [{"tid": 0, "generated": 0, "bbox": {"xmin": 733, "ymin": 463, "ymax": 694, "xmax": 1046}}, {"tid": 1, "generated": 0, "bbox": {"xmin": 719, "ymin": 278, "ymax": 689, "xmax": 879}}], [{"tid": 0, "generated": 0, "bbox": {"xmin": 735, "ymin": 462, "ymax": 693, "xmax": 1048}}, {"tid": 1, "generated": 0, "bbox": {"xmin": 719, "ymin": 278, "ymax": 689, "xmax": 903}}], [{"tid": 0, "generated": 0, "bbox": {"xmin": 737, "ymin": 461, "ymax": 692, "xmax": 1049}}, {"tid": 1, "generated": 0, "bbox": {"xmin": 721, "ymin": 278, "ymax": 689, "xmax": 904}}], [{"tid": 0, "generated": 0, "bbox": {"xmin": 738, "ymin": 460, "ymax": 691, "xmax": 1051}}, {"tid": 1, "generated": 0, "bbox": {"xmin": 723, "ymin": 278, "ymax": 689, "xmax": 904}}], [{"tid": 0, "generated": 0, "bbox": {"xmin": 740, "ymin": 459, "ymax": 690, "xmax": 1052}}, {"tid": 1, "generated": 0, "bbox": {"xmin": 725, "ymin": 278, "ymax": 689, "xmax": 905}}], [{"tid": 0, "generated": 0, "bbox": {"xmin": 742, "ymin": 458, "ymax": 689, "xmax": 1054}}, {"tid": 1, "generated": 0, "bbox": {"xmin": 727, "ymin": 278, "ymax": 689, "xmax": 905}}], [], [], [], [], [], [], [], [], [], [], [], [], [], [], [], [{"tid": 0, "generated": 0, "bbox": {"xmin": 777, "ymin": 453, "ymax": 682, "xmax": 940}}, {"tid": 1, "generated": 0, "bbox": {"xmin": 738, "ymin": 283, "ymax": 688, "xmax": 899}}], [{"tid": 0, "generated": 0, "bbox": {"xmin": 780, "ymin": 453, "ymax": 682, "xmax": 933}}, {"tid": 1, "generated": 0, "bbox": {"xmin": 738, "ymin": 283, "ymax": 688, "xmax": 899}}], [{"tid": 0, "generated": 0, "bbox": {"xmin": 793, "ymin": 453, "ymax": 682, "xmax": 939}}, {"tid": 1, "generated": 0, "bbox": {"xmin": 738, "ymin": 283, "ymax": 688, "xmax": 899}}], [{"tid": 0, "generated": 0, "bbox": {"xmin": 807, "ymin": 454, "ymax": 683, "xmax": 945}}, {"tid": 1, "generated": 0, "bbox": {"xmin": 738, "ymin": 283, "ymax": 688, "xmax": 899}}], [{"tid": 0, "generated": 0, "bbox": {"xmin": 821, "ymin": 455, "ymax": 684, "xmax": 952}}, {"tid": 1, "generated": 0, "bbox": {"xmin": 738, "ymin": 283, "ymax": 688, "xmax": 899}}], [{"tid": 0, "generated": 0, "bbox": {"xmin": 816, "ymin": 453, "ymax": 682, "xmax": 955}}, {"tid": 1, "generated": 0, "bbox": {"xmin": 738, "ymin": 283, "ymax": 688, "xmax": 899}}], [{"tid": 0, "generated": 0, "bbox": {"xmin": 812, "ymin": 452, "ymax": 681, "xmax": 959}}, {"tid": 1, "generated": 0, "bbox": {"xmin": 742, "ymin": 287, "ymax": 688, "xmax": 896}}], [{"tid": 0, "generated": 0, "bbox": {"xmin": 808, "ymin": 451, "ymax": 680, "xmax": 963}}, {"tid": 1, "generated": 0, "bbox": {"xmin": 745, "ymin": 290, "ymax": 688, "xmax": 892}}], [{"tid": 0, "generated": 0, "bbox": {"xmin": 807, "ymin": 451, "ymax": 680, "xmax": 965}}, {"tid": 1, "generated": 0, "bbox": {"xmin": 749, "ymin": 294, "ymax": 688, "xmax": 889}}], [{"tid": 0, "generated": 0, "bbox": {"xmin": 806, "ymin": 452, "ymax": 681, "xmax": 967}}, {"tid": 1, "generated": 0, "bbox": {"xmin": 752, "ymin": 297, "ymax": 688, "xmax": 885}}], [{"tid": 0, "generated": 0, "bbox": {"xmin": 805, "ymin": 453, "ymax": 682, "xmax": 970}}, {"tid": 1, "generated": 0, "bbox": {"xmin": 756, "ymin": 301, "ymax": 688, "xmax": 882}}], [{"tid": 0, "generated": 0, "bbox": {"xmin": 802, "ymin": 453, "ymax": 685, "xmax": 973}}, {"tid": 1, "generated": 0, "bbox": {"xmin": 760, "ymin": 302, "ymax": 688, "xmax": 883}}], [{"tid": 0, "generated": 0, "bbox": {"xmin": 799, "ymin": 453, "ymax": 688, "xmax": 977}}, {"tid": 1, "generated": 0, "bbox": {"xmin": 763, "ymin": 304, "ymax": 689, "xmax": 883}}], [{"tid": 0, "generated": 0, "bbox": {"xmin": 796, "ymin": 453, "ymax": 691, "xmax": 980}}, {"tid": 1, "generated": 0, "bbox": {"xmin": 767, "ymin": 305, "ymax": 689, "xmax": 884}}], [{"tid": 0, "generated": 0, "bbox": {"xmin": 793, "ymin": 453, "ymax": 694, "xmax": 984}}, {"tid": 1, "generated": 0, "bbox": {"xmin": 770, "ymin": 307, "ymax": 690, "xmax": 884}}], [{"tid": 0, "generated": 0, "bbox": {"xmin": 791, "ymin": 453, "ymax": 698, "xmax": 988}}, {"tid": 1, "generated": 0, "bbox": {"xmin": 774, "ymin": 308, "ymax": 690, "xmax": 885}}], [{"tid": 0, "generated": 0, "bbox": {"xmin": 793, "ymin": 453, "ymax": 698, "xmax": 987}}, {"tid": 1, "generated": 0, "bbox": {"xmin": 774, "ymin": 310, "ymax": 690, "xmax": 885}}], [{"tid": 0, "generated": 0, "bbox": {"xmin": 795, "ymin": 454, "ymax": 699, "xmax": 987}}, {"tid": 1, "generated": 0, "bbox": {"xmin": 774, "ymin": 311, "ymax": 690, "xmax": 885}}], [{"tid": 0, "generated": 0, "bbox": {"xmin": 797, "ymin": 455, "ymax": 700, "xmax": 987}}, {"tid": 1, "generated": 0, "bbox": {"xmin": 774, "ymin": 313, "ymax": 690, "xmax": 885}}], [{"tid": 0, "generated": 0, "bbox": {"xmin": 799, "ymin": 455, "ymax": 700, "xmax": 987}}, {"tid": 1, "generated": 0, "bbox": {"xmin": 774, "ymin": 314, "ymax": 690, "xmax": 885}}], [{"tid": 0, "generated": 0, "bbox": {"xmin": 801, "ymin": 456, "ymax": 701, "xmax": 986}}, {"tid": 1, "generated": 0, "bbox": {"xmin": 774, "ymin": 316, "ymax": 690, "xmax": 885}}], [{"tid": 0, "generated": 0, "bbox": {"xmin": 803, "ymin": 457, "ymax": 702, "xmax": 986}}, {"tid": 1, "generated": 0, "bbox": {"xmin": 774, "ymin": 319, "ymax": 690, "xmax": 885}}], [{"tid": 0, "generated": 0, "bbox": {"xmin": 805, "ymin": 457, "ymax": 702, "xmax": 986}}, {"tid": 1, "generated": 0, "bbox": {"xmin": 774, "ymin": 322, "ymax": 690, "xmax": 885}}], [{"tid": 0, "generated": 0, "bbox": {"xmin": 807, "ymin": 458, "ymax": 703, "xmax": 986}}, {"tid": 1, "generated": 0, "bbox": {"xmin": 774, "ymin": 325, "ymax": 690, "xmax": 885}}], [{"tid": 0, "generated": 0, "bbox": {"xmin": 809, "ymin": 459, "ymax": 704, "xmax": 985}}, {"tid": 1, "generated": 0, "bbox": {"xmin": 774, "ymin": 328, "ymax": 690, "xmax": 885}}], [{"tid": 0, "generated": 0, "bbox": {"xmin": 811, "ymin": 459, "ymax": 704, "xmax": 985}}, {"tid": 1, "generated": 0, "bbox": {"xmin": 774, "ymin": 331, "ymax": 690, "xmax": 885}}], [{"tid": 0, "generated": 0, "bbox": {"xmin": 813, "ymin": 460, "ymax": 705, "xmax": 985}}, {"tid": 1, "generated": 0, "bbox": {"xmin": 776, "ymin": 331, "ymax": 690, "xmax": 885}}], [{"tid": 0, "generated": 0, "bbox": {"xmin": 815, "ymin": 461, "ymax": 706, "xmax": 985}}, {"tid": 1, "generated": 0, "bbox": {"xmin": 777, "ymin": 331, "ymax": 690, "xmax": 885}}], [{"tid": 0, "generated": 0, "bbox": {"xmin": 817, "ymin": 461, "ymax": 706, "xmax": 984}}, {"tid": 1, "generated": 0, "bbox": {"xmin": 779, "ymin": 331, "ymax": 690, "xmax": 885}}], [{"tid": 0, "generated": 0, "bbox": {"xmin": 819, "ymin": 462, "ymax": 707, "xmax": 984}}, {"tid": 1, "generated": 0, "bbox": {"xmin": 780, "ymin": 331, "ymax": 690, "xmax": 885}}]], "subject/objects": [{"category": "bicycle", "tid": 0}, {"category": "person", "tid": 1}], "relation_instances": [{"end_fid": 30, "subject_tid": 0, "predicate": "behind", "begin_fid": 0, "object_tid": 1}, {"end_fid": 30, "subject_tid": 1, "predicate": "stand_front", "begin_fid": 0, "object_tid": 0}, {"end_fid": 30, "subject_tid": 1, "predicate": "taller", "begin_fid": 0, "object_tid": 0}, {"end_fid": 30, "subject_tid": 1, "predicate": "hold", "begin_fid": 0, "object_tid": 0}, {"end_fid": 75, "subject_tid": 0, "predicate": "right", "begin_fid": 45, "object_tid": 1}, {"end_fid": 75, "subject_tid": 1, "predicate": "walk_left", "begin_fid": 45, "object_tid": 0}, {"end_fid": 75, "subject_tid": 1, "predicate": "taller", "begin_fid": 45, "object_tid": 0}, {"end_fid": 75, "subject_tid": 1, "predicate": "hold", "begin_fid": 45, "object_tid": 0}], "height": 720}