{"width": 320, "frame_count": 112, "video_id": "ILSVRC2015_train_00112000", "fps": 30, "trajectories": [[{"tid": 0, "generated": 0, "bbox": {"xmin": 44, "ymin": 24, "ymax": 135, "xmax": 200}}, {"tid": 1, "generated": 0, "bbox": {"xmin": 44, "ymin": 130, "ymax": 239, "xmax": 208}}], [{"tid": 0, "generated": 0, "bbox": {"xmin": 43, "ymin": 24, "ymax": 136, "xmax": 192}}, {"tid": 1, "generated": 0, "bbox": {"xmin": 39, "ymin": 126, "ymax": 239, "xmax": 207}}], [{"tid": 0, "generated": 0, "bbox": {"xmin": 43, "ymin": 24, "ymax": 135, "xmax": 192}}, {"tid": 1, "generated": 0, "bbox": {"xmin": 39, "ymin": 127, "ymax": 239, "xmax": 207}}], [{"tid": 0, "generated": 0, "bbox": {"xmin": 44, "ymin": 23, "ymax": 135, "xmax": 192}}, {"tid": 1, "generated": 0, "bbox": {"xmin": 39, "ymin": 126, "ymax": 239, "xmax": 207}}], [{"tid": 0, "generated": 0, "bbox": {"xmin": 44, "ymin": 23, "ymax": 132, "xmax": 194}}, {"tid": 1, "generated": 0, "bbox": {"xmin": 40, "ymin": 124, "ymax": 239, "xmax": 208}}], [{"tid": 0, "generated": 0, "bbox": {"xmin": 44, "ymin": 22, "ymax": 132, "xmax": 194}}, {"tid": 1, "generated": 0, "bbox": {"xmin": 40, "ymin": 124, "ymax": 239, "xmax": 208}}], [{"tid": 0, "generated": 0, "bbox": {"xmin": 44, "ymin": 22, "ymax": 132, "xmax": 195}}, {"tid": 1, "generated": 0, "bbox": {"xmin": 40, "ymin": 124, "ymax": 239, "xmax": 208}}], [{"tid": 0, "generated": 0, "bbox": {"xmin": 44, "ymin": 24, "ymax": 135, "xmax": 195}}, {"tid": 1, "generated": 0, "bbox": {"xmin": 44, "ymin": 124, "ymax": 239, "xmax": 208}}], [{"tid": 0, "generated": 0, "bbox": {"xmin": 44, "ymin": 23, "ymax": 135, "xmax": 195}}, {"tid": 1, "generated": 0, "bbox": {"xmin": 44, "ymin": 124, "ymax": 238, "xmax": 208}}], [{"tid": 0, "generated": 0, "bbox": {"xmin": 44, "ymin": 23, "ymax": 135, "xmax": 194}}, {"tid": 1, "generated": 0, "bbox": {"xmin": 44, "ymin": 124, "ymax": 239, "xmax": 208}}], [{"tid": 0, "generated": 0, "bbox": {"xmin": 44, "ymin": 23, "ymax": 135, "xmax": 196}}, {"tid": 1, "generated": 0, "bbox": {"xmin": 42, "ymin": 124, "ymax": 239, "xmax": 208}}], [{"tid": 0, "generated": 0, "bbox": {"xmin": 44, "ymin": 22, "ymax": 134, "xmax": 195}}, {"tid": 1, "generated": 0, "bbox": {"xmin": 42, "ymin": 124, "ymax": 239, "xmax": 207}}], [{"tid": 0, "generated": 0, "bbox": {"xmin": 44, "ymin": 23, "ymax": 135, "xmax": 195}}, {"tid": 1, "generated": 0, "bbox": {"xmin": 40, "ymin": 124, "ymax": 239, "xmax": 207}}], [{"tid": 0, "generated": 0, "bbox": {"xmin": 44, "ymin": 23, "ymax": 132, "xmax": 194}}, {"tid": 1, "generated": 0, "bbox": {"xmin": 40, "ymin": 123, "ymax": 238, "xmax": 207}}], [{"tid": 0, "generated": 0, "bbox": {"xmin": 44, "ymin": 22, "ymax": 132, "xmax": 194}}, {"tid": 1, "generated": 0, "bbox": {"xmin": 40, "ymin": 123, "ymax": 239, "xmax": 207}}], [{"tid": 0, "generated": 0, "bbox": {"xmin": 44, "ymin": 20, "ymax": 132, "xmax": 196}}, {"tid": 1, "generated": 0, "bbox": {"xmin": 40, "ymin": 123, "ymax": 239, "xmax": 207}}], [{"tid": 0, "generated": 0, "bbox": {"xmin": 44, "ymin": 22, "ymax": 131, "xmax": 200}}, {"tid": 1, "generated": 0, "bbox": {"xmin": 32, "ymin": 123, "ymax": 239, "xmax": 207}}], [{"tid": 0, "generated": 0, "bbox": {"xmin": 43, "ymin": 22, "ymax": 132, "xmax": 200}}, {"tid": 1, "generated": 0, "bbox": {"xmin": 35, "ymin": 123, "ymax": 239, "xmax": 207}}], [{"tid": 0, "generated": 0, "bbox": {"xmin": 43, "ymin": 20, "ymax": 132, "xmax": 200}}, {"tid": 1, "generated": 0, "bbox": {"xmin": 36, "ymin": 123, "ymax": 239, "xmax": 207}}], [{"tid": 0, "generated": 0, "bbox": {"xmin": 43, "ymin": 20, "ymax": 132, "xmax": 202}}, {"tid": 1, "generated": 0, "bbox": {"xmin": 32, "ymin": 123, "ymax": 239, "xmax": 207}}], [{"tid": 0, "generated": 0, "bbox": {"xmin": 44, "ymin": 23, "ymax": 132, "xmax": 200}}, {"tid": 1, "generated": 0, "bbox": {"xmin": 32, "ymin": 123, "ymax": 239, "xmax": 207}}], [{"tid": 0, "generated": 0, "bbox": {"xmin": 44, "ymin": 22, "ymax": 132, "xmax": 203}}, {"tid": 1, "generated": 0, "bbox": {"xmin": 32, "ymin": 123, "ymax": 239, "xmax": 208}}], [{"tid": 0, "generated": 0, "bbox": {"xmin": 44, "ymin": 22, "ymax": 132, "xmax": 204}}, {"tid": 1, "generated": 0, "bbox": {"xmin": 35, "ymin": 123, "ymax": 239, "xmax": 208}}], [{"tid": 0, "generated": 0, "bbox": {"xmin": 44, "ymin": 22, "ymax": 132, "xmax": 204}}, {"tid": 1, "generated": 0, "bbox": {"xmin": 36, "ymin": 123, "ymax": 239, "xmax": 208}}], [{"tid": 0, "generated": 0, "bbox": {"xmin": 44, "ymin": 22, "ymax": 132, "xmax": 204}}, {"tid": 1, "generated": 0, "bbox": {"xmin": 35, "ymin": 123, "ymax": 239, "xmax": 208}}], [{"tid": 0, "generated": 0, "bbox": {"xmin": 44, "ymin": 22, "ymax": 134, "xmax": 203}}, {"tid": 1, "generated": 0, "bbox": {"xmin": 32, "ymin": 123, "ymax": 239, "xmax": 207}}], [{"tid": 0, "generated": 0, "bbox": {"xmin": 44, "ymin": 22, "ymax": 134, "xmax": 204}}, {"tid": 1, "generated": 0, "bbox": {"xmin": 32, "ymin": 123, "ymax": 237, "xmax": 207}}], [{"tid": 0, "generated": 0, "bbox": {"xmin": 44, "ymin": 22, "ymax": 134, "xmax": 204}}, {"tid": 1, "generated": 0, "bbox": {"xmin": 32, "ymin": 123, "ymax": 236, "xmax": 208}}], [{"tid": 0, "generated": 0, "bbox": {"xmin": 44, "ymin": 22, "ymax": 134, "xmax": 204}}, {"tid": 1, "generated": 0, "bbox": {"xmin": 31, "ymin": 123, "ymax": 239, "xmax": 207}}], [{"tid": 0, "generated": 0, "bbox": {"xmin": 44, "ymin": 24, "ymax": 135, "xmax": 204}}, {"tid": 1, "generated": 0, "bbox": {"xmin": 31, "ymin": 123, "ymax": 239, "xmax": 208}}]], "subject/objects": [{"category": "hamster", "tid": 0}, {"category": "hamster", "tid": 1}], "relation_instances": [{"end_fid": 30, "subject_tid": 0, "predicate": "sit_next_to", "begin_fid": 0, "object_tid": 1}, {"end_fid": 30, "subject_tid": 0, "predicate": "sit_behind", "begin_fid": 0, "object_tid": 1}, {"end_fid": 30, "subject_tid": 1, "predicate": "sit_next_to", "begin_fid": 0, "object_tid": 0}, {"end_fid": 30, "subject_tid": 1, "predicate": "sit_front", "begin_fid": 0, "object_tid": 0}], "height": 240}