{"width": 480, "frame_count": 201, "video_id": "ILSVRC2015_train_00135002", "fps": 30, "trajectories": [[{"tid": 0, "generated": 0, "bbox": {"xmin": 62, "ymin": 98, "ymax": 178, "xmax": 102}}, {"tid": 1, "generated": 0, "bbox": {"xmin": 349, "ymin": 123, "ymax": 220, "xmax": 406}}, {"tid": 2, "generated": 0, "bbox": {"xmin": 151, "ymin": 32, "ymax": 199, "xmax": 241}}], [{"tid": 0, "generated": 0, "bbox": {"xmin": 64, "ymin": 99, "ymax": 178, "xmax": 104}}, {"tid": 1, "generated": 0, "bbox": {"xmin": 352, "ymin": 122, "ymax": 218, "xmax": 405}}, {"tid": 2, "generated": 0, "bbox": {"xmin": 153, "ymin": 34, "ymax": 201, "xmax": 243}}], [{"tid": 0, "generated": 0, "bbox": {"xmin": 64, "ymin": 100, "ymax": 180, "xmax": 106}}, {"tid": 1, "generated": 0, "bbox": {"xmin": 354, "ymin": 122, "ymax": 218, "xmax": 403}}, {"tid": 2, "generated": 0, "bbox": {"xmin": 154, "ymin": 36, "ymax": 203, "xmax": 244}}], [{"tid": 0, "generated": 0, "bbox": {"xmin": 63, "ymin": 102, "ymax": 181, "xmax": 108}}, {"tid": 1, "generated": 0, "bbox": {"xmin": 357, "ymin": 123, "ymax": 221, "xmax": 400}}, {"tid": 2, "generated": 0, "bbox": {"xmin": 156, "ymin": 39, "ymax": 206, "xmax": 246}}], [{"tid": 0, "generated": 0, "bbox": {"xmin": 63, "ymin": 104, "ymax": 182, "xmax": 115}}, {"tid": 1, "generated": 0, "bbox": {"xmin": 359, "ymin": 124, "ymax": 221, "xmax": 400}}, {"tid": 2, "generated": 0, "bbox": {"xmin": 157, "ymin": 41, "ymax": 208, "xmax": 247}}], [{"tid": 0, "generated": 0, "bbox": {"xmin": 65, "ymin": 106, "ymax": 185, "xmax": 118}}, {"tid": 1, "generated": 0, "bbox": {"xmin": 360, "ymin": 124, "ymax": 222, "xmax": 400}}, {"tid": 2, "generated": 0, "bbox": {"xmin": 159, "ymin": 43, "ymax": 210, "xmax": 249}}], [{"tid": 0, "generated": 0, "bbox": {"xmin": 65, "ymin": 109, "ymax": 188, "xmax": 120}}, {"tid": 1, "generated": 0, "bbox": {"xmin": 358, "ymin": 124, "ymax": 223, "xmax": 400}}, {"tid": 2, "generated": 0, "bbox": {"xmin": 161, "ymin": 45, "ymax": 212, "xmax": 251}}], [{"tid": 0, "generated": 0, "bbox": {"xmin": 73, "ymin": 110, "ymax": 188, "xmax": 120}}, {"tid": 1, "generated": 0, "bbox": {"xmin": 357, "ymin": 124, "ymax": 223, "xmax": 398}}, {"tid": 2, "generated": 0, "bbox": {"xmin": 164, "ymin": 47, "ymax": 214, "xmax": 254}}], [{"tid": 0, "generated": 0, "bbox": {"xmin": 80, "ymin": 112, "ymax": 190, "xmax": 123}}, {"tid": 1, "generated": 0, "bbox": {"xmin": 356, "ymin": 125, "ymax": 225, "xmax": 397}}, {"tid": 2, "generated": 0, "bbox": {"xmin": 166, "ymin": 49, "ymax": 216, "xmax": 256}}], [{"tid": 0, "generated": 0, "bbox": {"xmin": 85, "ymin": 112, "ymax": 192, "xmax": 125}}, {"tid": 1, "generated": 0, "bbox": {"xmin": 355, "ymin": 126, "ymax": 226, "xmax": 397}}, {"tid": 2, "generated": 0, "bbox": {"xmin": 169, "ymin": 51, "ymax": 218, "xmax": 259}}], [{"tid": 0, "generated": 0, "bbox": {"xmin": 89, "ymin": 112, "ymax": 193, "xmax": 128}}, {"tid": 1, "generated": 0, "bbox": {"xmin": 352, "ymin": 128, "ymax": 228, "xmax": 394}}, {"tid": 2, "generated": 0, "bbox": {"xmin": 171, "ymin": 53, "ymax": 220, "xmax": 261}}], [{"tid": 0, "generated": 0, "bbox": {"xmin": 89, "ymin": 112, "ymax": 192, "xmax": 130}}, {"tid": 1, "generated": 0, "bbox": {"xmin": 349, "ymin": 127, "ymax": 227, "xmax": 391}}, {"tid": 2, "generated": 0, "bbox": {"xmin": 171, "ymin": 53, "ymax": 220, "xmax": 261}}], [{"tid": 0, "generated": 0, "bbox": {"xmin": 87, "ymin": 111, "ymax": 192, "xmax": 129}}, {"tid": 1, "generated": 0, "bbox": {"xmin": 346, "ymin": 128, "ymax": 226, "xmax": 387}}, {"tid": 2, "generated": 0, "bbox": {"xmin": 172, "ymin": 53, "ymax": 220, "xmax": 262}}], [{"tid": 0, "generated": 0, "bbox": {"xmin": 85, "ymin": 112, "ymax": 194, "xmax": 130}}, {"tid": 1, "generated": 0, "bbox": {"xmin": 342, "ymin": 126, "ymax": 226, "xmax": 381}}, {"tid": 2, "generated": 0, "bbox": {"xmin": 172, "ymin": 53, "ymax": 220, "xmax": 262}}], [{"tid": 0, "generated": 0, "bbox": {"xmin": 83, "ymin": 112, "ymax": 194, "xmax": 130}}, {"tid": 1, "generated": 0, "bbox": {"xmin": 338, "ymin": 127, "ymax": 226, "xmax": 379}}, {"tid": 2, "generated": 0, "bbox": {"xmin": 173, "ymin": 53, "ymax": 220, "xmax": 263}}], [{"tid": 0, "generated": 0, "bbox": {"xmin": 81, "ymin": 112, "ymax": 194, "xmax": 130}}, {"tid": 1, "generated": 0, "bbox": {"xmin": 332, "ymin": 127, "ymax": 227, "xmax": 376}}, {"tid": 2, "generated": 0, "bbox": {"xmin": 173, "ymin": 53, "ymax": 220, "xmax": 263}}], [{"tid": 0, "generated": 0, "bbox": {"xmin": 84, "ymin": 112, "ymax": 193, "xmax": 129}}, {"tid": 1, "generated": 0, "bbox": {"xmin": 326, "ymin": 129, "ymax": 228, "xmax": 370}}, {"tid": 2, "generated": 0, "bbox": {"xmin": 173, "ymin": 53, "ymax": 220, "xmax": 263}}], [{"tid": 0, "generated": 0, "bbox": {"xmin": 88, "ymin": 113, "ymax": 192, "xmax": 128}}, {"tid": 1, "generated": 0, "bbox": {"xmin": 321, "ymin": 129, "ymax": 228, "xmax": 363}}, {"tid": 2, "generated": 0, "bbox": {"xmin": 173, "ymin": 53, "ymax": 220, "xmax": 263}}], [{"tid": 0, "generated": 0, "bbox": {"xmin": 90, "ymin": 114, "ymax": 192, "xmax": 129}}, {"tid": 1, "generated": 0, "bbox": {"xmin": 318, "ymin": 128, "ymax": 226, "xmax": 360}}, {"tid": 2, "generated": 0, "bbox": {"xmin": 173, "ymin": 53, "ymax": 220, "xmax": 263}}], [{"tid": 0, "generated": 0, "bbox": {"xmin": 91, "ymin": 111, "ymax": 190, "xmax": 130}}, {"tid": 1, "generated": 0, "bbox": {"xmin": 316, "ymin": 126, "ymax": 226, "xmax": 357}}, {"tid": 2, "generated": 0, "bbox": {"xmin": 173, "ymin": 53, "ymax": 220, "xmax": 263}}], [{"tid": 0, "generated": 0, "bbox": {"xmin": 88, "ymin": 110, "ymax": 190, "xmax": 129}}, {"tid": 1, "generated": 0, "bbox": {"xmin": 312, "ymin": 126, "ymax": 225, "xmax": 352}}, {"tid": 2, "generated": 0, "bbox": {"xmin": 173, "ymin": 53, "ymax": 220, "xmax": 263}}], [{"tid": 0, "generated": 0, "bbox": {"xmin": 85, "ymin": 111, "ymax": 190, "xmax": 130}}, {"tid": 1, "generated": 0, "bbox": {"xmin": 306, "ymin": 126, "ymax": 225, "xmax": 348}}, {"tid": 2, "generated": 0, "bbox": {"xmin": 173, "ymin": 53, "ymax": 220, "xmax": 263}}], [{"tid": 0, "generated": 0, "bbox": {"xmin": 86, "ymin": 112, "ymax": 192, "xmax": 133}}, {"tid": 1, "generated": 0, "bbox": {"xmin": 305, "ymin": 127, "ymax": 225, "xmax": 345}}, {"tid": 2, "generated": 0, "bbox": {"xmin": 173, "ymin": 53, "ymax": 220, "xmax": 263}}], [{"tid": 0, "generated": 0, "bbox": {"xmin": 85, "ymin": 114, "ymax": 194, "xmax": 135}}, {"tid": 1, "generated": 0, "bbox": {"xmin": 302, "ymin": 130, "ymax": 227, "xmax": 343}}, {"tid": 2, "generated": 0, "bbox": {"xmin": 173, "ymin": 53, "ymax": 220, "xmax": 263}}], [{"tid": 0, "generated": 0, "bbox": {"xmin": 84, "ymin": 116, "ymax": 194, "xmax": 136}}, {"tid": 1, "generated": 0, "bbox": {"xmin": 300, "ymin": 130, "ymax": 227, "xmax": 338}}, {"tid": 2, "generated": 0, "bbox": {"xmin": 173, "ymin": 53, "ymax": 220, "xmax": 263}}], [{"tid": 0, "generated": 0, "bbox": {"xmin": 89, "ymin": 117, "ymax": 195, "xmax": 136}}, {"tid": 1, "generated": 0, "bbox": {"xmin": 296, "ymin": 130, "ymax": 228, "xmax": 336}}, {"tid": 2, "generated": 0, "bbox": {"xmin": 173, "ymin": 53, "ymax": 220, "xmax": 263}}], [{"tid": 0, "generated": 0, "bbox": {"xmin": 98, "ymin": 116, "ymax": 194, "xmax": 141}}, {"tid": 1, "generated": 0, "bbox": {"xmin": 296, "ymin": 131, "ymax": 228, "xmax": 336}}, {"tid": 2, "generated": 0, "bbox": {"xmin": 173, "ymin": 53, "ymax": 220, "xmax": 263}}], [{"tid": 0, "generated": 0, "bbox": {"xmin": 105, "ymin": 117, "ymax": 194, "xmax": 146}}, {"tid": 1, "generated": 0, "bbox": {"xmin": 295, "ymin": 130, "ymax": 226, "xmax": 334}}, {"tid": 2, "generated": 0, "bbox": {"xmin": 173, "ymin": 53, "ymax": 220, "xmax": 263}}], [{"tid": 0, "generated": 0, "bbox": {"xmin": 108, "ymin": 117, "ymax": 195, "xmax": 148}}, {"tid": 1, "generated": 0, "bbox": {"xmin": 294, "ymin": 129, "ymax": 227, "xmax": 332}}, {"tid": 2, "generated": 0, "bbox": {"xmin": 173, "ymin": 53, "ymax": 220, "xmax": 263}}], [{"tid": 0, "generated": 0, "bbox": {"xmin": 110, "ymin": 118, "ymax": 196, "xmax": 149}}, {"tid": 1, "generated": 0, "bbox": {"xmin": 293, "ymin": 129, "ymax": 228, "xmax": 330}}, {"tid": 2, "generated": 0, "bbox": {"xmin": 173, "ymin": 53, "ymax": 220, "xmax": 263}}], [], [], [], [], [], [], [], [], [], [], [], [], [], [], [], [{"tid": 1, "generated": 0, "bbox": {"xmin": 253, "ymin": 129, "ymax": 230, "xmax": 292}}, {"tid": 2, "generated": 0, "bbox": {"xmin": 185, "ymin": 65, "ymax": 232, "xmax": 275}}], [{"tid": 1, "generated": 0, "bbox": {"xmin": 251, "ymin": 129, "ymax": 230, "xmax": 290}}, {"tid": 2, "generated": 0, "bbox": {"xmin": 185, "ymin": 65, "ymax": 232, "xmax": 275}}], [{"tid": 1, "generated": 0, "bbox": {"xmin": 250, "ymin": 129, "ymax": 228, "xmax": 290}}, {"tid": 2, "generated": 0, "bbox": {"xmin": 185, "ymin": 65, "ymax": 232, "xmax": 275}}], [{"tid": 1, "generated": 0, "bbox": {"xmin": 250, "ymin": 129, "ymax": 229, "xmax": 289}}, {"tid": 2, "generated": 0, "bbox": {"xmin": 185, "ymin": 65, "ymax": 232, "xmax": 275}}], [{"tid": 1, "generated": 0, "bbox": {"xmin": 249, "ymin": 129, "ymax": 228, "xmax": 287}}, {"tid": 2, "generated": 0, "bbox": {"xmin": 185, "ymin": 65, "ymax": 232, "xmax": 275}}], [{"tid": 1, "generated": 0, "bbox": {"xmin": 249, "ymin": 130, "ymax": 230, "xmax": 288}}, {"tid": 2, "generated": 0, "bbox": {"xmin": 185, "ymin": 65, "ymax": 232, "xmax": 275}}], [{"tid": 1, "generated": 0, "bbox": {"xmin": 249, "ymin": 130, "ymax": 229, "xmax": 288}}, {"tid": 2, "generated": 0, "bbox": {"xmin": 185, "ymin": 65, "ymax": 232, "xmax": 275}}], [{"tid": 1, "generated": 0, "bbox": {"xmin": 249, "ymin": 130, "ymax": 230, "xmax": 288}}, {"tid": 2, "generated": 0, "bbox": {"xmin": 185, "ymin": 65, "ymax": 232, "xmax": 275}}], [{"tid": 1, "generated": 0, "bbox": {"xmin": 249, "ymin": 130, "ymax": 229, "xmax": 288}}, {"tid": 2, "generated": 0, "bbox": {"xmin": 185, "ymin": 65, "ymax": 232, "xmax": 275}}], [{"tid": 1, "generated": 0, "bbox": {"xmin": 249, "ymin": 130, "ymax": 231, "xmax": 290}}, {"tid": 2, "generated": 0, "bbox": {"xmin": 185, "ymin": 65, "ymax": 232, "xmax": 275}}], [{"tid": 1, "generated": 0, "bbox": {"xmin": 250, "ymin": 130, "ymax": 230, "xmax": 290}}, {"tid": 2, "generated": 0, "bbox": {"xmin": 185, "ymin": 65, "ymax": 232, "xmax": 275}}], [{"tid": 1, "generated": 0, "bbox": {"xmin": 250, "ymin": 130, "ymax": 228, "xmax": 291}}, {"tid": 2, "generated": 0, "bbox": {"xmin": 187, "ymin": 65, "ymax": 232, "xmax": 275}}], [{"tid": 1, "generated": 0, "bbox": {"xmin": 251, "ymin": 130, "ymax": 229, "xmax": 290}}, {"tid": 2, "generated": 0, "bbox": {"xmin": 190, "ymin": 65, "ymax": 232, "xmax": 275}}], [{"tid": 1, "generated": 0, "bbox": {"xmin": 251, "ymin": 130, "ymax": 229, "xmax": 291}}, {"tid": 2, "generated": 0, "bbox": {"xmin": 192, "ymin": 64, "ymax": 232, "xmax": 275}}], [{"tid": 1, "generated": 0, "bbox": {"xmin": 252, "ymin": 130, "ymax": 229, "xmax": 293}}, {"tid": 2, "generated": 0, "bbox": {"xmin": 195, "ymin": 64, "ymax": 232, "xmax": 275}}], [{"tid": 1, "generated": 0, "bbox": {"xmin": 253, "ymin": 130, "ymax": 230, "xmax": 293}}, {"tid": 2, "generated": 0, "bbox": {"xmin": 197, "ymin": 64, "ymax": 232, "xmax": 275}}], [{"tid": 1, "generated": 0, "bbox": {"xmin": 252, "ymin": 130, "ymax": 230, "xmax": 292}}, {"tid": 2, "generated": 0, "bbox": {"xmin": 197, "ymin": 64, "ymax": 230, "xmax": 269}}], [{"tid": 1, "generated": 0, "bbox": {"xmin": 252, "ymin": 130, "ymax": 230, "xmax": 292}}, {"tid": 2, "generated": 0, "bbox": {"xmin": 197, "ymin": 64, "ymax": 228, "xmax": 263}}], [{"tid": 1, "generated": 0, "bbox": {"xmin": 252, "ymin": 130, "ymax": 229, "xmax": 294}}, {"tid": 2, "generated": 0, "bbox": {"xmin": 197, "ymin": 64, "ymax": 225, "xmax": 256}}], [{"tid": 1, "generated": 0, "bbox": {"xmin": 252, "ymin": 130, "ymax": 228, "xmax": 293}}, {"tid": 2, "generated": 0, "bbox": {"xmin": 197, "ymin": 64, "ymax": 223, "xmax": 250}}], [{"tid": 1, "generated": 0, "bbox": {"xmin": 252, "ymin": 131, "ymax": 230, "xmax": 294}}, {"tid": 2, "generated": 0, "bbox": {"xmin": 197, "ymin": 64, "ymax": 221, "xmax": 244}}], [{"tid": 1, "generated": 0, "bbox": {"xmin": 252, "ymin": 131, "ymax": 229, "xmax": 292}}, {"tid": 2, "generated": 0, "bbox": {"xmin": 197, "ymin": 64, "ymax": 221, "xmax": 244}}], [{"tid": 1, "generated": 0, "bbox": {"xmin": 251, "ymin": 131, "ymax": 230, "xmax": 292}}, {"tid": 2, "generated": 0, "bbox": {"xmin": 197, "ymin": 64, "ymax": 221, "xmax": 244}}], [{"tid": 1, "generated": 0, "bbox": {"xmin": 250, "ymin": 132, "ymax": 229, "xmax": 292}}, {"tid": 2, "generated": 0, "bbox": {"xmin": 197, "ymin": 64, "ymax": 221, "xmax": 244}}], [{"tid": 1, "generated": 0, "bbox": {"xmin": 250, "ymin": 132, "ymax": 230, "xmax": 292}}, {"tid": 2, "generated": 0, "bbox": {"xmin": 197, "ymin": 64, "ymax": 221, "xmax": 244}}], [{"tid": 1, "generated": 0, "bbox": {"xmin": 250, "ymin": 132, "ymax": 230, "xmax": 290}}, {"tid": 2, "generated": 0, "bbox": {"xmin": 197, "ymin": 64, "ymax": 221, "xmax": 244}}], [{"tid": 1, "generated": 0, "bbox": {"xmin": 250, "ymin": 132, "ymax": 229, "xmax": 291}}, {"tid": 2, "generated": 0, "bbox": {"xmin": 197, "ymin": 64, "ymax": 221, "xmax": 244}}], [{"tid": 1, "generated": 0, "bbox": {"xmin": 250, "ymin": 133, "ymax": 229, "xmax": 292}}, {"tid": 2, "generated": 0, "bbox": {"xmin": 197, "ymin": 64, "ymax": 221, "xmax": 244}}], [{"tid": 1, "generated": 0, "bbox": {"xmin": 249, "ymin": 133, "ymax": 230, "xmax": 290}}, {"tid": 2, "generated": 0, "bbox": {"xmin": 197, "ymin": 64, "ymax": 221, "xmax": 244}}], [{"tid": 1, "generated": 0, "bbox": {"xmin": 250, "ymin": 133, "ymax": 230, "xmax": 290}}, {"tid": 2, "generated": 0, "bbox": {"xmin": 197, "ymin": 64, "ymax": 221, "xmax": 244}}], [], [], [], [], [], [], [], [], [], [], [], [], [], [], [], [], [], [], [], [], [], [], [], [], [], [], [], [], [], [], [], [], [], [], [], [], [], [], [], [], [], [], [], [], [], [{"tid": 0, "generated": 0, "bbox": {"xmin": 228, "ymin": 114, "ymax": 175, "xmax": 265}}, {"tid": 1, "generated": 0, "bbox": {"xmin": 250, "ymin": 146, "ymax": 232, "xmax": 285}}, {"tid": 2, "generated": 0, "bbox": {"xmin": 177, "ymin": 77, "ymax": 234, "xmax": 252}}], [{"tid": 0, "generated": 0, "bbox": {"xmin": 228, "ymin": 114, "ymax": 174, "xmax": 266}}, {"tid": 1, "generated": 0, "bbox": {"xmin": 248, "ymin": 146, "ymax": 232, "xmax": 284}}, {"tid": 2, "generated": 0, "bbox": {"xmin": 177, "ymin": 77, "ymax": 234, "xmax": 252}}], [{"tid": 0, "generated": 0, "bbox": {"xmin": 229, "ymin": 114, "ymax": 174, "xmax": 266}}, {"tid": 1, "generated": 0, "bbox": {"xmin": 250, "ymin": 146, "ymax": 232, "xmax": 285}}, {"tid": 2, "generated": 0, "bbox": {"xmin": 177, "ymin": 77, "ymax": 234, "xmax": 252}}], [{"tid": 0, "generated": 0, "bbox": {"xmin": 230, "ymin": 112, "ymax": 173, "xmax": 266}}, {"tid": 1, "generated": 0, "bbox": {"xmin": 250, "ymin": 148, "ymax": 231, "xmax": 285}}, {"tid": 2, "generated": 0, "bbox": {"xmin": 177, "ymin": 77, "ymax": 234, "xmax": 252}}], [{"tid": 0, "generated": 0, "bbox": {"xmin": 230, "ymin": 113, "ymax": 174, "xmax": 267}}, {"tid": 1, "generated": 0, "bbox": {"xmin": 249, "ymin": 148, "ymax": 230, "xmax": 284}}, {"tid": 2, "generated": 0, "bbox": {"xmin": 177, "ymin": 77, "ymax": 234, "xmax": 252}}], [{"tid": 0, "generated": 0, "bbox": {"xmin": 230, "ymin": 112, "ymax": 173, "xmax": 266}}, {"tid": 1, "generated": 0, "bbox": {"xmin": 248, "ymin": 147, "ymax": 230, "xmax": 283}}, {"tid": 2, "generated": 0, "bbox": {"xmin": 177, "ymin": 77, "ymax": 234, "xmax": 252}}], [{"tid": 0, "generated": 0, "bbox": {"xmin": 230, "ymin": 112, "ymax": 172, "xmax": 266}}, {"tid": 1, "generated": 0, "bbox": {"xmin": 248, "ymin": 148, "ymax": 230, "xmax": 283}}, {"tid": 2, "generated": 0, "bbox": {"xmin": 177, "ymin": 77, "ymax": 234, "xmax": 252}}], [{"tid": 0, "generated": 0, "bbox": {"xmin": 228, "ymin": 112, "ymax": 172, "xmax": 264}}, {"tid": 1, "generated": 0, "bbox": {"xmin": 248, "ymin": 146, "ymax": 230, "xmax": 282}}, {"tid": 2, "generated": 0, "bbox": {"xmin": 177, "ymin": 77, "ymax": 234, "xmax": 252}}], [{"tid": 0, "generated": 0, "bbox": {"xmin": 228, "ymin": 111, "ymax": 172, "xmax": 264}}, {"tid": 1, "generated": 0, "bbox": {"xmin": 248, "ymin": 144, "ymax": 229, "xmax": 282}}, {"tid": 2, "generated": 0, "bbox": {"xmin": 177, "ymin": 77, "ymax": 234, "xmax": 252}}], [{"tid": 0, "generated": 0, "bbox": {"xmin": 228, "ymin": 110, "ymax": 171, "xmax": 264}}, {"tid": 1, "generated": 0, "bbox": {"xmin": 247, "ymin": 144, "ymax": 228, "xmax": 282}}, {"tid": 2, "generated": 0, "bbox": {"xmin": 177, "ymin": 77, "ymax": 234, "xmax": 252}}], [{"tid": 0, "generated": 0, "bbox": {"xmin": 228, "ymin": 111, "ymax": 172, "xmax": 262}}, {"tid": 1, "generated": 0, "bbox": {"xmin": 246, "ymin": 146, "ymax": 229, "xmax": 280}}, {"tid": 2, "generated": 0, "bbox": {"xmin": 177, "ymin": 77, "ymax": 234, "xmax": 252}}], [{"tid": 0, "generated": 0, "bbox": {"xmin": 229, "ymin": 111, "ymax": 172, "xmax": 263}}, {"tid": 1, "generated": 0, "bbox": {"xmin": 246, "ymin": 145, "ymax": 230, "xmax": 280}}, {"tid": 2, "generated": 0, "bbox": {"xmin": 177, "ymin": 77, "ymax": 234, "xmax": 252}}], [{"tid": 0, "generated": 0, "bbox": {"xmin": 230, "ymin": 111, "ymax": 172, "xmax": 263}}, {"tid": 1, "generated": 0, "bbox": {"xmin": 247, "ymin": 146, "ymax": 229, "xmax": 281}}, {"tid": 2, "generated": 0, "bbox": {"xmin": 177, "ymin": 77, "ymax": 234, "xmax": 252}}], [{"tid": 0, "generated": 0, "bbox": {"xmin": 230, "ymin": 111, "ymax": 172, "xmax": 263}}, {"tid": 1, "generated": 0, "bbox": {"xmin": 248, "ymin": 145, "ymax": 228, "xmax": 282}}, {"tid": 2, "generated": 0, "bbox": {"xmin": 177, "ymin": 77, "ymax": 234, "xmax": 252}}], [{"tid": 0, "generated": 0, "bbox": {"xmin": 229, "ymin": 111, "ymax": 172, "xmax": 262}}, {"tid": 1, "generated": 0, "bbox": {"xmin": 247, "ymin": 144, "ymax": 229, "xmax": 280}}, {"tid": 2, "generated": 0, "bbox": {"xmin": 177, "ymin": 77, "ymax": 234, "xmax": 252}}], [{"tid": 0, "generated": 0, "bbox": {"xmin": 229, "ymin": 111, "ymax": 172, "xmax": 262}}, {"tid": 1, "generated": 0, "bbox": {"xmin": 248, "ymin": 143, "ymax": 228, "xmax": 281}}, {"tid": 2, "generated": 0, "bbox": {"xmin": 177, "ymin": 77, "ymax": 234, "xmax": 252}}], [{"tid": 0, "generated": 0, "bbox": {"xmin": 230, "ymin": 111, "ymax": 172, "xmax": 263}}, {"tid": 1, "generated": 0, "bbox": {"xmin": 247, "ymin": 144, "ymax": 228, "xmax": 280}}, {"tid": 2, "generated": 0, "bbox": {"xmin": 177, "ymin": 77, "ymax": 234, "xmax": 252}}], [{"tid": 0, "generated": 0, "bbox": {"xmin": 230, "ymin": 111, "ymax": 172, "xmax": 263}}, {"tid": 1, "generated": 0, "bbox": {"xmin": 247, "ymin": 144, "ymax": 227, "xmax": 280}}, {"tid": 2, "generated": 0, "bbox": {"xmin": 177, "ymin": 77, "ymax": 234, "xmax": 252}}], [{"tid": 0, "generated": 0, "bbox": {"xmin": 229, "ymin": 110, "ymax": 172, "xmax": 262}}, {"tid": 1, "generated": 0, "bbox": {"xmin": 247, "ymin": 145, "ymax": 227, "xmax": 280}}, {"tid": 2, "generated": 0, "bbox": {"xmin": 177, "ymin": 77, "ymax": 234, "xmax": 252}}], [{"tid": 0, "generated": 0, "bbox": {"xmin": 231, "ymin": 110, "ymax": 172, "xmax": 263}}, {"tid": 1, "generated": 0, "bbox": {"xmin": 246, "ymin": 145, "ymax": 224, "xmax": 280}}, {"tid": 2, "generated": 0, "bbox": {"xmin": 177, "ymin": 77, "ymax": 234, "xmax": 252}}], [{"tid": 0, "generated": 0, "bbox": {"xmin": 229, "ymin": 111, "ymax": 173, "xmax": 261}}, {"tid": 1, "generated": 0, "bbox": {"xmin": 246, "ymin": 146, "ymax": 223, "xmax": 280}}, {"tid": 2, "generated": 0, "bbox": {"xmin": 177, "ymin": 77, "ymax": 234, "xmax": 252}}], [{"tid": 0, "generated": 0, "bbox": {"xmin": 229, "ymin": 110, "ymax": 174, "xmax": 260}}, {"tid": 1, "generated": 0, "bbox": {"xmin": 246, "ymin": 144, "ymax": 223, "xmax": 280}}, {"tid": 2, "generated": 0, "bbox": {"xmin": 177, "ymin": 77, "ymax": 234, "xmax": 252}}], [{"tid": 0, "generated": 0, "bbox": {"xmin": 231, "ymin": 112, "ymax": 176, "xmax": 262}}, {"tid": 1, "generated": 0, "bbox": {"xmin": 245, "ymin": 141, "ymax": 222, "xmax": 280}}, {"tid": 2, "generated": 0, "bbox": {"xmin": 177, "ymin": 77, "ymax": 234, "xmax": 252}}], [{"tid": 0, "generated": 0, "bbox": {"xmin": 232, "ymin": 113, "ymax": 179, "xmax": 263}}, {"tid": 1, "generated": 0, "bbox": {"xmin": 247, "ymin": 139, "ymax": 220, "xmax": 282}}, {"tid": 2, "generated": 0, "bbox": {"xmin": 177, "ymin": 77, "ymax": 234, "xmax": 252}}], [{"tid": 0, "generated": 0, "bbox": {"xmin": 232, "ymin": 114, "ymax": 182, "xmax": 263}}, {"tid": 1, "generated": 0, "bbox": {"xmin": 246, "ymin": 139, "ymax": 218, "xmax": 282}}, {"tid": 2, "generated": 0, "bbox": {"xmin": 177, "ymin": 77, "ymax": 234, "xmax": 252}}], [{"tid": 0, "generated": 0, "bbox": {"xmin": 231, "ymin": 116, "ymax": 184, "xmax": 261}}, {"tid": 1, "generated": 0, "bbox": {"xmin": 246, "ymin": 136, "ymax": 217, "xmax": 282}}, {"tid": 2, "generated": 0, "bbox": {"xmin": 177, "ymin": 77, "ymax": 234, "xmax": 252}}], [{"tid": 0, "generated": 0, "bbox": {"xmin": 230, "ymin": 118, "ymax": 187, "xmax": 261}}, {"tid": 1, "generated": 0, "bbox": {"xmin": 246, "ymin": 132, "ymax": 215, "xmax": 282}}, {"tid": 2, "generated": 0, "bbox": {"xmin": 177, "ymin": 77, "ymax": 234, "xmax": 252}}], [{"tid": 0, "generated": 0, "bbox": {"xmin": 229, "ymin": 118, "ymax": 188, "xmax": 260}}, {"tid": 1, "generated": 0, "bbox": {"xmin": 245, "ymin": 130, "ymax": 213, "xmax": 282}}, {"tid": 2, "generated": 0, "bbox": {"xmin": 177, "ymin": 77, "ymax": 234, "xmax": 252}}], [{"tid": 0, "generated": 0, "bbox": {"xmin": 228, "ymin": 119, "ymax": 190, "xmax": 259}}, {"tid": 1, "generated": 0, "bbox": {"xmin": 245, "ymin": 127, "ymax": 210, "xmax": 282}}, {"tid": 2, "generated": 0, "bbox": {"xmin": 177, "ymin": 77, "ymax": 234, "xmax": 252}}], [{"tid": 0, "generated": 0, "bbox": {"xmin": 227, "ymin": 120, "ymax": 192, "xmax": 258}}, {"tid": 1, "generated": 0, "bbox": {"xmin": 244, "ymin": 126, "ymax": 207, "xmax": 280}}, {"tid": 2, "generated": 0, "bbox": {"xmin": 177, "ymin": 77, "ymax": 234, "xmax": 252}}], [], [], [], [], [], [], [], [], [], [], [], [], [], [], [], [{"tid": 0, "generated": 0, "bbox": {"xmin": 221, "ymin": 129, "ymax": 209, "xmax": 253}}, {"tid": 1, "generated": 0, "bbox": {"xmin": 239, "ymin": 120, "ymax": 186, "xmax": 278}}, {"tid": 2, "generated": 0, "bbox": {"xmin": 147, "ymin": 78, "ymax": 235, "xmax": 222}}], [{"tid": 0, "generated": 0, "bbox": {"xmin": 220, "ymin": 130, "ymax": 209, "xmax": 252}}, {"tid": 1, "generated": 0, "bbox": {"xmin": 239, "ymin": 122, "ymax": 189, "xmax": 278}}, {"tid": 2, "generated": 0, "bbox": {"xmin": 147, "ymin": 78, "ymax": 235, "xmax": 222}}], [{"tid": 0, "generated": 0, "bbox": {"xmin": 220, "ymin": 130, "ymax": 209, "xmax": 251}}, {"tid": 1, "generated": 0, "bbox": {"xmin": 239, "ymin": 124, "ymax": 192, "xmax": 279}}, {"tid": 2, "generated": 0, "bbox": {"xmin": 147, "ymin": 78, "ymax": 235, "xmax": 222}}], [{"tid": 0, "generated": 0, "bbox": {"xmin": 219, "ymin": 131, "ymax": 209, "xmax": 251}}, {"tid": 1, "generated": 0, "bbox": {"xmin": 239, "ymin": 126, "ymax": 195, "xmax": 279}}, {"tid": 2, "generated": 0, "bbox": {"xmin": 147, "ymin": 78, "ymax": 235, "xmax": 222}}], [{"tid": 0, "generated": 0, "bbox": {"xmin": 219, "ymin": 131, "ymax": 209, "xmax": 250}}, {"tid": 1, "generated": 0, "bbox": {"xmin": 239, "ymin": 128, "ymax": 198, "xmax": 280}}, {"tid": 2, "generated": 0, "bbox": {"xmin": 147, "ymin": 78, "ymax": 235, "xmax": 222}}], [{"tid": 0, "generated": 0, "bbox": {"xmin": 219, "ymin": 132, "ymax": 210, "xmax": 250}}, {"tid": 1, "generated": 0, "bbox": {"xmin": 240, "ymin": 130, "ymax": 202, "xmax": 281}}, {"tid": 2, "generated": 0, "bbox": {"xmin": 147, "ymin": 78, "ymax": 235, "xmax": 222}}], [{"tid": 0, "generated": 0, "bbox": {"xmin": 219, "ymin": 131, "ymax": 206, "xmax": 250}}, {"tid": 1, "generated": 0, "bbox": {"xmin": 240, "ymin": 132, "ymax": 210, "xmax": 278}}, {"tid": 2, "generated": 0, "bbox": {"xmin": 144, "ymin": 78, "ymax": 235, "xmax": 219}}], [{"tid": 0, "generated": 0, "bbox": {"xmin": 220, "ymin": 130, "ymax": 203, "xmax": 251}}, {"tid": 1, "generated": 0, "bbox": {"xmin": 240, "ymin": 133, "ymax": 213, "xmax": 278}}, {"tid": 2, "generated": 0, "bbox": {"xmin": 141, "ymin": 78, "ymax": 235, "xmax": 216}}], [{"tid": 0, "generated": 0, "bbox": {"xmin": 220, "ymin": 129, "ymax": 199, "xmax": 252}}, {"tid": 1, "generated": 0, "bbox": {"xmin": 240, "ymin": 135, "ymax": 216, "xmax": 279}}, {"tid": 2, "generated": 0, "bbox": {"xmin": 139, "ymin": 79, "ymax": 236, "xmax": 214}}], [{"tid": 0, "generated": 0, "bbox": {"xmin": 221, "ymin": 128, "ymax": 196, "xmax": 253}}, {"tid": 1, "generated": 0, "bbox": {"xmin": 241, "ymin": 137, "ymax": 220, "xmax": 280}}, {"tid": 2, "generated": 0, "bbox": {"xmin": 136, "ymin": 79, "ymax": 236, "xmax": 211}}], [{"tid": 0, "generated": 0, "bbox": {"xmin": 221, "ymin": 128, "ymax": 193, "xmax": 254}}, {"tid": 1, "generated": 0, "bbox": {"xmin": 241, "ymin": 138, "ymax": 226, "xmax": 280}}, {"tid": 2, "generated": 0, "bbox": {"xmin": 133, "ymin": 79, "ymax": 236, "xmax": 208}}], [{"tid": 0, "generated": 0, "bbox": {"xmin": 222, "ymin": 127, "ymax": 189, "xmax": 254}}, {"tid": 1, "generated": 0, "bbox": {"xmin": 241, "ymin": 140, "ymax": 233, "xmax": 279}}, {"tid": 2, "generated": 0, "bbox": {"xmin": 133, "ymin": 79, "ymax": 236, "xmax": 208}}], [{"tid": 0, "generated": 0, "bbox": {"xmin": 222, "ymin": 126, "ymax": 186, "xmax": 255}}, {"tid": 1, "generated": 0, "bbox": {"xmin": 241, "ymin": 141, "ymax": 236, "xmax": 279}}, {"tid": 2, "generated": 0, "bbox": {"xmin": 133, "ymin": 79, "ymax": 236, "xmax": 208}}], [{"tid": 0, "generated": 0, "bbox": {"xmin": 223, "ymin": 125, "ymax": 182, "xmax": 256}}, {"tid": 1, "generated": 0, "bbox": {"xmin": 241, "ymin": 143, "ymax": 237, "xmax": 280}}, {"tid": 2, "generated": 0, "bbox": {"xmin": 133, "ymin": 79, "ymax": 236, "xmax": 208}}], [{"tid": 0, "generated": 0, "bbox": {"xmin": 223, "ymin": 124, "ymax": 179, "xmax": 257}}, {"tid": 1, "generated": 0, "bbox": {"xmin": 242, "ymin": 145, "ymax": 238, "xmax": 281}}, {"tid": 2, "generated": 0, "bbox": {"xmin": 133, "ymin": 79, "ymax": 236, "xmax": 208}}], [{"tid": 0, "generated": 0, "bbox": {"xmin": 224, "ymin": 124, "ymax": 176, "xmax": 258}}, {"tid": 1, "generated": 0, "bbox": {"xmin": 243, "ymin": 147, "ymax": 239, "xmax": 283}}, {"tid": 2, "generated": 0, "bbox": {"xmin": 133, "ymin": 79, "ymax": 236, "xmax": 208}}], [{"tid": 0, "generated": 0, "bbox": {"xmin": 224, "ymin": 123, "ymax": 175, "xmax": 258}}, {"tid": 1, "generated": 0, "bbox": {"xmin": 243, "ymin": 150, "ymax": 237, "xmax": 284}}, {"tid": 2, "generated": 0, "bbox": {"xmin": 133, "ymin": 79, "ymax": 236, "xmax": 208}}], [{"tid": 0, "generated": 0, "bbox": {"xmin": 224, "ymin": 122, "ymax": 174, "xmax": 258}}, {"tid": 1, "generated": 0, "bbox": {"xmin": 243, "ymin": 153, "ymax": 238, "xmax": 284}}, {"tid": 2, "generated": 0, "bbox": {"xmin": 133, "ymin": 79, "ymax": 236, "xmax": 208}}], [{"tid": 0, "generated": 0, "bbox": {"xmin": 224, "ymin": 122, "ymax": 174, "xmax": 259}}, {"tid": 1, "generated": 0, "bbox": {"xmin": 243, "ymin": 153, "ymax": 237, "xmax": 283}}, {"tid": 2, "generated": 0, "bbox": {"xmin": 133, "ymin": 79, "ymax": 236, "xmax": 208}}], [{"tid": 0, "generated": 0, "bbox": {"xmin": 224, "ymin": 121, "ymax": 173, "xmax": 259}}, {"tid": 1, "generated": 0, "bbox": {"xmin": 243, "ymin": 152, "ymax": 236, "xmax": 283}}, {"tid": 2, "generated": 0, "bbox": {"xmin": 133, "ymin": 79, "ymax": 236, "xmax": 208}}], [{"tid": 0, "generated": 0, "bbox": {"xmin": 225, "ymin": 121, "ymax": 173, "xmax": 260}}, {"tid": 1, "generated": 0, "bbox": {"xmin": 244, "ymin": 152, "ymax": 235, "xmax": 283}}, {"tid": 2, "generated": 0, "bbox": {"xmin": 133, "ymin": 79, "ymax": 236, "xmax": 208}}], [{"tid": 0, "generated": 0, "bbox": {"xmin": 225, "ymin": 120, "ymax": 172, "xmax": 260}}, {"tid": 1, "generated": 0, "bbox": {"xmin": 244, "ymin": 151, "ymax": 234, "xmax": 284}}, {"tid": 2, "generated": 0, "bbox": {"xmin": 133, "ymin": 79, "ymax": 236, "xmax": 208}}], [{"tid": 0, "generated": 0, "bbox": {"xmin": 225, "ymin": 119, "ymax": 171, "xmax": 260}}, {"tid": 1, "generated": 0, "bbox": {"xmin": 244, "ymin": 149, "ymax": 233, "xmax": 284}}, {"tid": 2, "generated": 0, "bbox": {"xmin": 133, "ymin": 79, "ymax": 236, "xmax": 208}}], [{"tid": 0, "generated": 0, "bbox": {"xmin": 225, "ymin": 119, "ymax": 171, "xmax": 261}}, {"tid": 1, "generated": 0, "bbox": {"xmin": 245, "ymin": 147, "ymax": 233, "xmax": 285}}, {"tid": 2, "generated": 0, "bbox": {"xmin": 133, "ymin": 79, "ymax": 236, "xmax": 208}}], [{"tid": 0, "generated": 0, "bbox": {"xmin": 225, "ymin": 118, "ymax": 170, "xmax": 261}}, {"tid": 1, "generated": 0, "bbox": {"xmin": 245, "ymin": 145, "ymax": 232, "xmax": 285}}, {"tid": 2, "generated": 0, "bbox": {"xmin": 133, "ymin": 79, "ymax": 236, "xmax": 208}}], [{"tid": 0, "generated": 0, "bbox": {"xmin": 226, "ymin": 118, "ymax": 170, "xmax": 262}}, {"tid": 1, "generated": 0, "bbox": {"xmin": 246, "ymin": 144, "ymax": 232, "xmax": 286}}, {"tid": 2, "generated": 0, "bbox": {"xmin": 133, "ymin": 79, "ymax": 236, "xmax": 208}}], [{"tid": 0, "generated": 0, "bbox": {"xmin": 225, "ymin": 118, "ymax": 172, "xmax": 261}}, {"tid": 1, "generated": 0, "bbox": {"xmin": 246, "ymin": 142, "ymax": 232, "xmax": 284}}, {"tid": 2, "generated": 0, "bbox": {"xmin": 133, "ymin": 79, "ymax": 236, "xmax": 208}}], [{"tid": 0, "generated": 0, "bbox": {"xmin": 225, "ymin": 119, "ymax": 175, "xmax": 260}}, {"tid": 1, "generated": 0, "bbox": {"xmin": 245, "ymin": 139, "ymax": 232, "xmax": 283}}, {"tid": 2, "generated": 0, "bbox": {"xmin": 133, "ymin": 79, "ymax": 236, "xmax": 208}}], [{"tid": 0, "generated": 0, "bbox": {"xmin": 224, "ymin": 120, "ymax": 178, "xmax": 259}}, {"tid": 1, "generated": 0, "bbox": {"xmin": 245, "ymin": 136, "ymax": 230, "xmax": 282}}, {"tid": 2, "generated": 0, "bbox": {"xmin": 133, "ymin": 79, "ymax": 236, "xmax": 208}}], [{"tid": 0, "generated": 0, "bbox": {"xmin": 224, "ymin": 121, "ymax": 181, "xmax": 258}}, {"tid": 1, "generated": 0, "bbox": {"xmin": 245, "ymin": 134, "ymax": 230, "xmax": 282}}, {"tid": 2, "generated": 0, "bbox": {"xmin": 133, "ymin": 79, "ymax": 236, "xmax": 208}}]], "subject/objects": [{"category": "bear", "tid": 0}, {"category": "bear", "tid": 1}, {"category": "person", "tid": 2}], "relation_instances": [{"end_fid": 30, "subject_tid": 0, "predicate": "walk_toward", "begin_fid": 0, "object_tid": 1}, {"end_fid": 30, "subject_tid": 0, "predicate": "walk_left", "begin_fid": 0, "object_tid": 1}, {"end_fid": 30, "subject_tid": 1, "predicate": "stand_right", "begin_fid": 0, "object_tid": 0}, {"end_fid": 30, "subject_tid": 0, "predicate": "walk_left", "begin_fid": 0, "object_tid": 2}, {"end_fid": 30, "subject_tid": 0, "predicate": "follow", "begin_fid": 0, "object_tid": 2}, {"end_fid": 30, "subject_tid": 2, "predicate": "walk_right", "begin_fid": 0, "object_tid": 0}, {"end_fid": 30, "subject_tid": 2, "predicate": "taller", "begin_fid": 0, "object_tid": 0}, {"end_fid": 30, "subject_tid": 1, "predicate": "stand_right", "begin_fid": 0, "object_tid": 2}, {"end_fid": 30, "subject_tid": 2, "predicate": "walk_toward", "begin_fid": 0, "object_tid": 1}, {"end_fid": 30, "subject_tid": 2, "predicate": "walk_left", "begin_fid": 0, "object_tid": 1}, {"end_fid": 30, "subject_tid": 2, "predicate": "taller", "begin_fid": 0, "object_tid": 1}, {"end_fid": 75, "subject_tid": 1, "predicate": "stand_right", "begin_fid": 45, "object_tid": 2}, {"end_fid": 75, "subject_tid": 1, "predicate": "stand_next_to", "begin_fid": 45, "object_tid": 2}, {"end_fid": 75, "subject_tid": 2, "predicate": "stand_next_to", "begin_fid": 45, "object_tid": 1}, {"end_fid": 75, "subject_tid": 2, "predicate": "stand_left", "begin_fid": 45, "object_tid": 1}, {"end_fid": 75, "subject_tid": 2, "predicate": "taller", "begin_fid": 45, "object_tid": 1}, {"end_fid": 150, "subject_tid": 0, "predicate": "sit_behind", "begin_fid": 120, "object_tid": 1}, {"end_fid": 150, "subject_tid": 0, "predicate": "play", "begin_fid": 120, "object_tid": 1}, {"end_fid": 150, "subject_tid": 1, "predicate": "sit_front", "begin_fid": 120, "object_tid": 0}, {"end_fid": 150, "subject_tid": 1, "predicate": "play", "begin_fid": 120, "object_tid": 0}, {"end_fid": 150, "subject_tid": 0, "predicate": "sit_right", "begin_fid": 120, "object_tid": 2}, {"end_fid": 150, "subject_tid": 0, "predicate": "sit_next_to", "begin_fid": 120, "object_tid": 2}, {"end_fid": 150, "subject_tid": 2, "predicate": "stand_next_to", "begin_fid": 120, "object_tid": 0}, {"end_fid": 150, "subject_tid": 2, "predicate": "stand_left", "begin_fid": 120, "object_tid": 0}, {"end_fid": 150, "subject_tid": 2, "predicate": "taller", "begin_fid": 120, "object_tid": 0}, {"end_fid": 150, "subject_tid": 1, "predicate": "sit_right", "begin_fid": 120, "object_tid": 2}, {"end_fid": 150, "subject_tid": 2, "predicate": "stand_left", "begin_fid": 120, "object_tid": 1}, {"end_fid": 150, "subject_tid": 2, "predicate": "taller", "begin_fid": 120, "object_tid": 1}, {"end_fid": 195, "subject_tid": 0, "predicate": "sit_behind", "begin_fid": 165, "object_tid": 1}, {"end_fid": 195, "subject_tid": 0, "predicate": "play", "begin_fid": 165, "object_tid": 1}, {"end_fid": 195, "subject_tid": 1, "predicate": "sit_front", "begin_fid": 165, "object_tid": 0}, {"end_fid": 195, "subject_tid": 1, "predicate": "play", "begin_fid": 165, "object_tid": 0}, {"end_fid": 195, "subject_tid": 0, "predicate": "sit_right", "begin_fid": 165, "object_tid": 2}, {"end_fid": 195, "subject_tid": 2, "predicate": "walk_away", "begin_fid": 165, "object_tid": 0}, {"end_fid": 195, "subject_tid": 2, "predicate": "walk_left", "begin_fid": 165, "object_tid": 0}, {"end_fid": 195, "subject_tid": 2, "predicate": "taller", "begin_fid": 165, "object_tid": 0}, {"end_fid": 195, "subject_tid": 1, "predicate": "sit_right", "begin_fid": 165, "object_tid": 2}, {"end_fid": 195, "subject_tid": 2, "predicate": "walk_away", "begin_fid": 165, "object_tid": 1}, {"end_fid": 195, "subject_tid": 2, "predicate": "walk_left", "begin_fid": 165, "object_tid": 1}, {"end_fid": 195, "subject_tid": 2, "predicate": "taller", "begin_fid": 165, "object_tid": 1}], "height": 360}