{"width": 1280, "frame_count": 120, "video_id": "ILSVRC2015_train_00087001", "fps": 30, "trajectories": [[], [], [], [], [], [], [], [], [], [], [], [], [], [], [], [], [], [], [], [], [], [], [], [], [], [], [], [], [], [], [{"tid": 0, "generated": 0, "bbox": {"xmin": 0, "ymin": 28, "ymax": 716, "xmax": 1278}}, {"tid": 1, "generated": 0, "bbox": {"xmin": 0, "ymin": 0, "ymax": 460, "xmax": 119}}], [{"tid": 0, "generated": 0, "bbox": {"xmin": 0, "ymin": 28, "ymax": 718, "xmax": 1276}}, {"tid": 1, "generated": 0, "bbox": {"xmin": 0, "ymin": 0, "ymax": 460, "xmax": 135}}], [{"tid": 0, "generated": 0, "bbox": {"xmin": 1, "ymin": 24, "ymax": 718, "xmax": 1274}}, {"tid": 1, "generated": 0, "bbox": {"xmin": 0, "ymin": 0, "ymax": 455, "xmax": 151}}], [{"tid": 0, "generated": 0, "bbox": {"xmin": 0, "ymin": 24, "ymax": 716, "xmax": 1274}}, {"tid": 1, "generated": 0, "bbox": {"xmin": 0, "ymin": 0, "ymax": 449, "xmax": 163}}], [{"tid": 0, "generated": 0, "bbox": {"xmin": 0, "ymin": 25, "ymax": 715, "xmax": 1275}}, {"tid": 1, "generated": 0, "bbox": {"xmin": 0, "ymin": 0, "ymax": 449, "xmax": 176}}], [{"tid": 0, "generated": 0, "bbox": {"xmin": 0, "ymin": 26, "ymax": 714, "xmax": 1276}}, {"tid": 1, "generated": 0, "bbox": {"xmin": 0, "ymin": 0, "ymax": 448, "xmax": 200}}], [{"tid": 0, "generated": 0, "bbox": {"xmin": 0, "ymin": 27, "ymax": 713, "xmax": 1276}}, {"tid": 1, "generated": 0, "bbox": {"xmin": 0, "ymin": 0, "ymax": 440, "xmax": 218}}], [{"tid": 0, "generated": 0, "bbox": {"xmin": 0, "ymin": 28, "ymax": 712, "xmax": 1276}}, {"tid": 1, "generated": 0, "bbox": {"xmin": 0, "ymin": 0, "ymax": 440, "xmax": 220}}], [{"tid": 0, "generated": 0, "bbox": {"xmin": 10, "ymin": 28, "ymax": 711, "xmax": 1276}}, {"tid": 1, "generated": 0, "bbox": {"xmin": 0, "ymin": 0, "ymax": 439, "xmax": 225}}], [{"tid": 0, "generated": 0, "bbox": {"xmin": 13, "ymin": 30, "ymax": 713, "xmax": 1277}}, {"tid": 1, "generated": 0, "bbox": {"xmin": 0, "ymin": 0, "ymax": 444, "xmax": 236}}], [{"tid": 0, "generated": 0, "bbox": {"xmin": 17, "ymin": 32, "ymax": 716, "xmax": 1278}}, {"tid": 1, "generated": 0, "bbox": {"xmin": 0, "ymin": 0, "ymax": 483, "xmax": 257}}], [{"tid": 0, "generated": 0, "bbox": {"xmin": 16, "ymin": 44, "ymax": 716, "xmax": 1276}}, {"tid": 1, "generated": 0, "bbox": {"xmin": 0, "ymin": 0, "ymax": 497, "xmax": 272}}], [{"tid": 0, "generated": 0, "bbox": {"xmin": 14, "ymin": 60, "ymax": 716, "xmax": 1274}}, {"tid": 1, "generated": 0, "bbox": {"xmin": 0, "ymin": 0, "ymax": 538, "xmax": 280}}], [{"tid": 0, "generated": 0, "bbox": {"xmin": 12, "ymin": 85, "ymax": 714, "xmax": 1272}}, {"tid": 1, "generated": 0, "bbox": {"xmin": 0, "ymin": 0, "ymax": 542, "xmax": 293}}], [{"tid": 0, "generated": 0, "bbox": {"xmin": 10, "ymin": 88, "ymax": 712, "xmax": 1278}}, {"tid": 1, "generated": 0, "bbox": {"xmin": 0, "ymin": 0, "ymax": 545, "xmax": 332}}], [{"tid": 0, "generated": 0, "bbox": {"xmin": 8, "ymin": 108, "ymax": 718, "xmax": 1274}}, {"tid": 1, "generated": 0, "bbox": {"xmin": 0, "ymin": 1, "ymax": 551, "xmax": 330}}], [{"tid": 0, "generated": 0, "bbox": {"xmin": 7, "ymin": 112, "ymax": 716, "xmax": 1269}}, {"tid": 1, "generated": 0, "bbox": {"xmin": 0, "ymin": 0, "ymax": 563, "xmax": 320}}], [{"tid": 0, "generated": 0, "bbox": {"xmin": 8, "ymin": 112, "ymax": 718, "xmax": 1276}}, {"tid": 1, "generated": 0, "bbox": {"xmin": 0, "ymin": 0, "ymax": 568, "xmax": 316}}], [{"tid": 0, "generated": 0, "bbox": {"xmin": 19, "ymin": 110, "ymax": 712, "xmax": 1278}}, {"tid": 1, "generated": 0, "bbox": {"xmin": 0, "ymin": 0, "ymax": 581, "xmax": 316}}], [{"tid": 0, "generated": 0, "bbox": {"xmin": 24, "ymin": 81, "ymax": 718, "xmax": 1276}}, {"tid": 1, "generated": 0, "bbox": {"xmin": 0, "ymin": 0, "ymax": 590, "xmax": 323}}], [{"tid": 0, "generated": 0, "bbox": {"xmin": 39, "ymin": 80, "ymax": 716, "xmax": 1276}}, {"tid": 1, "generated": 0, "bbox": {"xmin": 0, "ymin": 0, "ymax": 584, "xmax": 325}}], [{"tid": 0, "generated": 0, "bbox": {"xmin": 31, "ymin": 88, "ymax": 714, "xmax": 1274}}, {"tid": 1, "generated": 0, "bbox": {"xmin": 0, "ymin": 0, "ymax": 586, "xmax": 321}}], [{"tid": 0, "generated": 0, "bbox": {"xmin": 24, "ymin": 97, "ymax": 712, "xmax": 1272}}, {"tid": 1, "generated": 0, "bbox": {"xmin": 0, "ymin": 0, "ymax": 590, "xmax": 318}}], [{"tid": 0, "generated": 0, "bbox": {"xmin": 18, "ymin": 99, "ymax": 710, "xmax": 1275}}, {"tid": 1, "generated": 0, "bbox": {"xmin": 0, "ymin": 3, "ymax": 590, "xmax": 330}}], [{"tid": 0, "generated": 0, "bbox": {"xmin": 12, "ymin": 101, "ymax": 709, "xmax": 1278}}, {"tid": 1, "generated": 0, "bbox": {"xmin": 0, "ymin": 17, "ymax": 590, "xmax": 328}}], [{"tid": 0, "generated": 0, "bbox": {"xmin": 5, "ymin": 103, "ymax": 707, "xmax": 1278}}, {"tid": 1, "generated": 0, "bbox": {"xmin": 1, "ymin": 37, "ymax": 590, "xmax": 327}}], [{"tid": 0, "generated": 0, "bbox": {"xmin": 0, "ymin": 106, "ymax": 711, "xmax": 1276}}, {"tid": 1, "generated": 0, "bbox": {"xmin": 0, "ymin": 67, "ymax": 588, "xmax": 320}}], [{"tid": 0, "generated": 0, "bbox": {"xmin": 0, "ymin": 110, "ymax": 711, "xmax": 1278}}, {"tid": 1, "generated": 0, "bbox": {"xmin": 0, "ymin": 85, "ymax": 593, "xmax": 316}}], [{"tid": 0, "generated": 0, "bbox": {"xmin": 0, "ymin": 114, "ymax": 711, "xmax": 1277}}, {"tid": 1, "generated": 0, "bbox": {"xmin": 0, "ymin": 94, "ymax": 616, "xmax": 312}}], [{"tid": 0, "generated": 0, "bbox": {"xmin": 0, "ymin": 119, "ymax": 712, "xmax": 1276}}, {"tid": 1, "generated": 0, "bbox": {"xmin": 0, "ymin": 96, "ymax": 613, "xmax": 311}}], [{"tid": 0, "generated": 0, "bbox": {"xmin": 0, "ymin": 117, "ymax": 716, "xmax": 1278}}, {"tid": 1, "generated": 0, "bbox": {"xmin": 0, "ymin": 96, "ymax": 611, "xmax": 311}}], [{"tid": 0, "generated": 0, "bbox": {"xmin": 0, "ymin": 112, "ymax": 714, "xmax": 1278}}, {"tid": 1, "generated": 0, "bbox": {"xmin": 0, "ymin": 88, "ymax": 702, "xmax": 305}}], [{"tid": 0, "generated": 0, "bbox": {"xmin": 0, "ymin": 107, "ymax": 713, "xmax": 1278}}, {"tid": 1, "generated": 0, "bbox": {"xmin": 0, "ymin": 72, "ymax": 707, "xmax": 311}}], [{"tid": 0, "generated": 0, "bbox": {"xmin": 1, "ymin": 102, "ymax": 713, "xmax": 1278}}, {"tid": 1, "generated": 0, "bbox": {"xmin": 0, "ymin": 55, "ymax": 712, "xmax": 312}}], [{"tid": 0, "generated": 0, "bbox": {"xmin": 2, "ymin": 97, "ymax": 713, "xmax": 1278}}, {"tid": 1, "generated": 0, "bbox": {"xmin": 0, "ymin": 37, "ymax": 707, "xmax": 311}}], [{"tid": 0, "generated": 0, "bbox": {"xmin": 3, "ymin": 92, "ymax": 712, "xmax": 1278}}, {"tid": 1, "generated": 0, "bbox": {"xmin": 0, "ymin": 26, "ymax": 704, "xmax": 309}}], [{"tid": 0, "generated": 0, "bbox": {"xmin": 3, "ymin": 87, "ymax": 712, "xmax": 1278}}, {"tid": 1, "generated": 0, "bbox": {"xmin": 0, "ymin": 23, "ymax": 700, "xmax": 307}}], [{"tid": 0, "generated": 0, "bbox": {"xmin": 4, "ymin": 82, "ymax": 712, "xmax": 1278}}, {"tid": 1, "generated": 0, "bbox": {"xmin": 0, "ymin": 14, "ymax": 693, "xmax": 312}}], [{"tid": 0, "generated": 0, "bbox": {"xmin": 5, "ymin": 77, "ymax": 711, "xmax": 1278}}, {"tid": 1, "generated": 0, "bbox": {"xmin": 0, "ymin": 21, "ymax": 691, "xmax": 314}}], [{"tid": 0, "generated": 0, "bbox": {"xmin": 6, "ymin": 72, "ymax": 711, "xmax": 1278}}, {"tid": 1, "generated": 0, "bbox": {"xmin": 0, "ymin": 24, "ymax": 686, "xmax": 313}}], [{"tid": 0, "generated": 0, "bbox": {"xmin": 7, "ymin": 67, "ymax": 711, "xmax": 1278}}, {"tid": 1, "generated": 0, "bbox": {"xmin": 0, "ymin": 28, "ymax": 682, "xmax": 312}}], [{"tid": 0, "generated": 0, "bbox": {"xmin": 16, "ymin": 63, "ymax": 708, "xmax": 1277}}, {"tid": 1, "generated": 0, "bbox": {"xmin": 3, "ymin": 32, "ymax": 675, "xmax": 314}}], [{"tid": 0, "generated": 0, "bbox": {"xmin": 26, "ymin": 59, "ymax": 705, "xmax": 1277}}, {"tid": 1, "generated": 0, "bbox": {"xmin": 7, "ymin": 37, "ymax": 668, "xmax": 316}}], [{"tid": 0, "generated": 0, "bbox": {"xmin": 36, "ymin": 56, "ymax": 703, "xmax": 1276}}, {"tid": 1, "generated": 0, "bbox": {"xmin": 11, "ymin": 42, "ymax": 663, "xmax": 324}}], [{"tid": 0, "generated": 0, "bbox": {"xmin": 46, "ymin": 52, "ymax": 700, "xmax": 1276}}, {"tid": 1, "generated": 0, "bbox": {"xmin": 16, "ymin": 48, "ymax": 659, "xmax": 332}}], [{"tid": 0, "generated": 0, "bbox": {"xmin": 56, "ymin": 49, "ymax": 698, "xmax": 1276}}, {"tid": 1, "generated": 0, "bbox": {"xmin": 24, "ymin": 55, "ymax": 657, "xmax": 346}}], [{"tid": 0, "generated": 0, "bbox": {"xmin": 66, "ymin": 43, "ymax": 695, "xmax": 1276}}, {"tid": 1, "generated": 0, "bbox": {"xmin": 28, "ymin": 55, "ymax": 652, "xmax": 354}}], [{"tid": 0, "generated": 0, "bbox": {"xmin": 76, "ymin": 37, "ymax": 692, "xmax": 1276}}, {"tid": 1, "generated": 0, "bbox": {"xmin": 33, "ymin": 55, "ymax": 647, "xmax": 362}}], [{"tid": 0, "generated": 0, "bbox": {"xmin": 86, "ymin": 32, "ymax": 689, "xmax": 1276}}, {"tid": 1, "generated": 0, "bbox": {"xmin": 37, "ymin": 55, "ymax": 642, "xmax": 370}}], [{"tid": 0, "generated": 0, "bbox": {"xmin": 96, "ymin": 26, "ymax": 686, "xmax": 1276}}, {"tid": 1, "generated": 0, "bbox": {"xmin": 42, "ymin": 56, "ymax": 638, "xmax": 378}}], [{"tid": 0, "generated": 0, "bbox": {"xmin": 106, "ymin": 21, "ymax": 684, "xmax": 1276}}, {"tid": 1, "generated": 0, "bbox": {"xmin": 40, "ymin": 58, "ymax": 638, "xmax": 387}}], [{"tid": 0, "generated": 0, "bbox": {"xmin": 115, "ymin": 16, "ymax": 677, "xmax": 1278}}, {"tid": 1, "generated": 0, "bbox": {"xmin": 43, "ymin": 53, "ymax": 632, "xmax": 397}}], [{"tid": 0, "generated": 0, "bbox": {"xmin": 124, "ymin": 8, "ymax": 673, "xmax": 1278}}, {"tid": 1, "generated": 0, "bbox": {"xmin": 47, "ymin": 48, "ymax": 627, "xmax": 408}}], [{"tid": 0, "generated": 0, "bbox": {"xmin": 133, "ymin": 1, "ymax": 672, "xmax": 1278}}, {"tid": 1, "generated": 0, "bbox": {"xmin": 51, "ymin": 44, "ymax": 622, "xmax": 419}}], [{"tid": 0, "generated": 0, "bbox": {"xmin": 148, "ymin": 0, "ymax": 667, "xmax": 1278}}, {"tid": 1, "generated": 0, "bbox": {"xmin": 55, "ymin": 39, "ymax": 613, "xmax": 428}}], [{"tid": 0, "generated": 0, "bbox": {"xmin": 163, "ymin": 0, "ymax": 663, "xmax": 1278}}, {"tid": 1, "generated": 0, "bbox": {"xmin": 60, "ymin": 39, "ymax": 611, "xmax": 440}}], [{"tid": 0, "generated": 0, "bbox": {"xmin": 181, "ymin": 0, "ymax": 659, "xmax": 1278}}, {"tid": 1, "generated": 0, "bbox": {"xmin": 64, "ymin": 37, "ymax": 602, "xmax": 455}}], [{"tid": 0, "generated": 0, "bbox": {"xmin": 191, "ymin": 0, "ymax": 657, "xmax": 1277}}, {"tid": 1, "generated": 0, "bbox": {"xmin": 64, "ymin": 36, "ymax": 600, "xmax": 458}}], [{"tid": 0, "generated": 0, "bbox": {"xmin": 202, "ymin": 0, "ymax": 656, "xmax": 1276}}, {"tid": 1, "generated": 0, "bbox": {"xmin": 64, "ymin": 35, "ymax": 599, "xmax": 462}}], [{"tid": 0, "generated": 0, "bbox": {"xmin": 213, "ymin": 0, "ymax": 652, "xmax": 1276}}, {"tid": 1, "generated": 0, "bbox": {"xmin": 62, "ymin": 42, "ymax": 600, "xmax": 462}}], [{"tid": 0, "generated": 0, "bbox": {"xmin": 216, "ymin": 0, "ymax": 652, "xmax": 1278}}, {"tid": 1, "generated": 0, "bbox": {"xmin": 62, "ymin": 40, "ymax": 600, "xmax": 467}}], [{"tid": 0, "generated": 0, "bbox": {"xmin": 215, "ymin": 0, "ymax": 656, "xmax": 1276}}, {"tid": 1, "generated": 0, "bbox": {"xmin": 58, "ymin": 46, "ymax": 600, "xmax": 472}}], [{"tid": 0, "generated": 0, "bbox": {"xmin": 200, "ymin": 0, "ymax": 661, "xmax": 1276}}, {"tid": 1, "generated": 0, "bbox": {"xmin": 55, "ymin": 51, "ymax": 602, "xmax": 464}}], [{"tid": 0, "generated": 0, "bbox": {"xmin": 190, "ymin": 0, "ymax": 665, "xmax": 1276}}, {"tid": 1, "generated": 0, "bbox": {"xmin": 50, "ymin": 52, "ymax": 606, "xmax": 462}}], [{"tid": 0, "generated": 0, "bbox": {"xmin": 181, "ymin": 0, "ymax": 670, "xmax": 1276}}, {"tid": 1, "generated": 0, "bbox": {"xmin": 46, "ymin": 53, "ymax": 611, "xmax": 460}}], [{"tid": 0, "generated": 0, "bbox": {"xmin": 172, "ymin": 0, "ymax": 675, "xmax": 1276}}, {"tid": 1, "generated": 0, "bbox": {"xmin": 37, "ymin": 58, "ymax": 618, "xmax": 458}}], [{"tid": 0, "generated": 0, "bbox": {"xmin": 159, "ymin": 0, "ymax": 677, "xmax": 1275}}, {"tid": 1, "generated": 0, "bbox": {"xmin": 29, "ymin": 62, "ymax": 623, "xmax": 453}}], [{"tid": 0, "generated": 0, "bbox": {"xmin": 147, "ymin": 0, "ymax": 679, "xmax": 1274}}, {"tid": 1, "generated": 0, "bbox": {"xmin": 21, "ymin": 67, "ymax": 629, "xmax": 448}}], [{"tid": 0, "generated": 0, "bbox": {"xmin": 142, "ymin": 0, "ymax": 684, "xmax": 1276}}, {"tid": 1, "generated": 0, "bbox": {"xmin": 12, "ymin": 78, "ymax": 631, "xmax": 451}}], [{"tid": 0, "generated": 0, "bbox": {"xmin": 127, "ymin": 0, "ymax": 693, "xmax": 1277}}, {"tid": 1, "generated": 0, "bbox": {"xmin": 1, "ymin": 88, "ymax": 638, "xmax": 444}}], [{"tid": 0, "generated": 0, "bbox": {"xmin": 112, "ymin": 0, "ymax": 702, "xmax": 1278}}, {"tid": 1, "generated": 0, "bbox": {"xmin": 0, "ymin": 99, "ymax": 647, "xmax": 440}}], [{"tid": 0, "generated": 0, "bbox": {"xmin": 96, "ymin": 0, "ymax": 718, "xmax": 1276}}, {"tid": 1, "generated": 0, "bbox": {"xmin": 0, "ymin": 104, "ymax": 648, "xmax": 437}}], [{"tid": 0, "generated": 0, "bbox": {"xmin": 78, "ymin": 0, "ymax": 714, "xmax": 1278}}, {"tid": 1, "generated": 0, "bbox": {"xmin": 0, "ymin": 112, "ymax": 654, "xmax": 424}}], [{"tid": 0, "generated": 0, "bbox": {"xmin": 60, "ymin": 0, "ymax": 716, "xmax": 1276}}, {"tid": 1, "generated": 0, "bbox": {"xmin": 0, "ymin": 117, "ymax": 657, "xmax": 416}}], [{"tid": 0, "generated": 0, "bbox": {"xmin": 48, "ymin": 0, "ymax": 714, "xmax": 1274}}, {"tid": 1, "generated": 0, "bbox": {"xmin": 0, "ymin": 122, "ymax": 650, "xmax": 407}}], [{"tid": 0, "generated": 0, "bbox": {"xmin": 35, "ymin": 0, "ymax": 716, "xmax": 1240}}, {"tid": 1, "generated": 0, "bbox": {"xmin": 0, "ymin": 129, "ymax": 672, "xmax": 392}}], [{"tid": 0, "generated": 0, "bbox": {"xmin": 26, "ymin": 0, "ymax": 718, "xmax": 1201}}, {"tid": 1, "generated": 0, "bbox": {"xmin": 0, "ymin": 144, "ymax": 659, "xmax": 380}}], [{"tid": 0, "generated": 0, "bbox": {"xmin": 21, "ymin": 0, "ymax": 715, "xmax": 1185}}, {"tid": 1, "generated": 0, "bbox": {"xmin": 0, "ymin": 152, "ymax": 673, "xmax": 362}}], [{"tid": 0, "generated": 0, "bbox": {"xmin": 16, "ymin": 0, "ymax": 712, "xmax": 1169}}, {"tid": 1, "generated": 0, "bbox": {"xmin": 0, "ymin": 156, "ymax": 658, "xmax": 346}}], [{"tid": 0, "generated": 0, "bbox": {"xmin": 19, "ymin": 0, "ymax": 712, "xmax": 1153}}, {"tid": 1, "generated": 0, "bbox": {"xmin": 0, "ymin": 160, "ymax": 643, "xmax": 330}}], [{"tid": 0, "generated": 0, "bbox": {"xmin": 35, "ymin": 0, "ymax": 716, "xmax": 1137}}, {"tid": 1, "generated": 0, "bbox": {"xmin": 0, "ymin": 165, "ymax": 636, "xmax": 327}}], [{"tid": 0, "generated": 0, "bbox": {"xmin": 44, "ymin": 0, "ymax": 709, "xmax": 1134}}, {"tid": 1, "generated": 0, "bbox": {"xmin": 0, "ymin": 177, "ymax": 638, "xmax": 312}}], [{"tid": 0, "generated": 0, "bbox": {"xmin": 32, "ymin": 0, "ymax": 716, "xmax": 1128}}, {"tid": 1, "generated": 0, "bbox": {"xmin": 0, "ymin": 190, "ymax": 636, "xmax": 307}}], [{"tid": 0, "generated": 0, "bbox": {"xmin": 30, "ymin": 0, "ymax": 716, "xmax": 1121}}, {"tid": 1, "generated": 0, "bbox": {"xmin": 0, "ymin": 202, "ymax": 634, "xmax": 304}}], [{"tid": 0, "generated": 0, "bbox": {"xmin": 33, "ymin": 0, "ymax": 716, "xmax": 1121}}, {"tid": 1, "generated": 0, "bbox": {"xmin": 0, "ymin": 227, "ymax": 634, "xmax": 302}}], [{"tid": 0, "generated": 0, "bbox": {"xmin": 30, "ymin": 0, "ymax": 716, "xmax": 1120}}, {"tid": 1, "generated": 0, "bbox": {"xmin": 0, "ymin": 229, "ymax": 625, "xmax": 298}}], [{"tid": 0, "generated": 0, "bbox": {"xmin": 44, "ymin": 0, "ymax": 716, "xmax": 1120}}, {"tid": 1, "generated": 0, "bbox": {"xmin": 0, "ymin": 257, "ymax": 632, "xmax": 304}}], [{"tid": 0, "generated": 0, "bbox": {"xmin": 58, "ymin": 0, "ymax": 717, "xmax": 1120}}, {"tid": 1, "generated": 0, "bbox": {"xmin": 0, "ymin": 279, "ymax": 622, "xmax": 309}}], [{"tid": 0, "generated": 0, "bbox": {"xmin": 72, "ymin": 0, "ymax": 718, "xmax": 1120}}, {"tid": 1, "generated": 0, "bbox": {"xmin": 0, "ymin": 280, "ymax": 622, "xmax": 318}}], [{"tid": 0, "generated": 0, "bbox": {"xmin": 71, "ymin": 0, "ymax": 716, "xmax": 1111}}, {"tid": 1, "generated": 0, "bbox": {"xmin": 0, "ymin": 275, "ymax": 611, "xmax": 318}}]], "subject/objects": [{"category": "red_panda", "tid": 0}, {"category": "red_panda", "tid": 1}], "relation_instances": [{"end_fid": 60, "subject_tid": 0, "predicate": "right", "begin_fid": 30, "object_tid": 1}, {"end_fid": 60, "subject_tid": 0, "predicate": "front", "begin_fid": 30, "object_tid": 1}, {"end_fid": 60, "subject_tid": 0, "predicate": "taller", "begin_fid": 30, "object_tid": 1}, {"end_fid": 60, "subject_tid": 0, "predicate": "larger", "begin_fid": 30, "object_tid": 1}, {"end_fid": 60, "subject_tid": 0, "predicate": "touch", "begin_fid": 30, "object_tid": 1}, {"end_fid": 60, "subject_tid": 1, "predicate": "run_toward", "begin_fid": 30, "object_tid": 0}, {"end_fid": 60, "subject_tid": 1, "predicate": "run_behind", "begin_fid": 30, "object_tid": 0}, {"end_fid": 60, "subject_tid": 1, "predicate": "run_left", "begin_fid": 30, "object_tid": 0}, {"end_fid": 75, "subject_tid": 0, "predicate": "sit_right", "begin_fid": 45, "object_tid": 1}, {"end_fid": 75, "subject_tid": 0, "predicate": "taller", "begin_fid": 45, "object_tid": 1}, {"end_fid": 75, "subject_tid": 0, "predicate": "larger", "begin_fid": 45, "object_tid": 1}, {"end_fid": 75, "subject_tid": 0, "predicate": "touch", "begin_fid": 45, "object_tid": 1}, {"end_fid": 75, "subject_tid": 1, "predicate": "walk_left", "begin_fid": 45, "object_tid": 0}, {"end_fid": 90, "subject_tid": 0, "predicate": "sit_right", "begin_fid": 60, "object_tid": 1}, {"end_fid": 90, "subject_tid": 0, "predicate": "taller", "begin_fid": 60, "object_tid": 1}, {"end_fid": 90, "subject_tid": 0, "predicate": "larger", "begin_fid": 60, "object_tid": 1}, {"end_fid": 90, "subject_tid": 0, "predicate": "touch", "begin_fid": 60, "object_tid": 1}, {"end_fid": 90, "subject_tid": 1, "predicate": "walk_left", "begin_fid": 60, "object_tid": 0}, {"end_fid": 105, "subject_tid": 0, "predicate": "right", "begin_fid": 75, "object_tid": 1}, {"end_fid": 105, "subject_tid": 0, "predicate": "taller", "begin_fid": 75, "object_tid": 1}, {"end_fid": 105, "subject_tid": 0, "predicate": "larger", "begin_fid": 75, "object_tid": 1}, {"end_fid": 105, "subject_tid": 0, "predicate": "touch", "begin_fid": 75, "object_tid": 1}, {"end_fid": 105, "subject_tid": 1, "predicate": "walk_left", "begin_fid": 75, "object_tid": 0}, {"end_fid": 120, "subject_tid": 0, "predicate": "walk_right", "begin_fid": 90, "object_tid": 1}, {"end_fid": 120, "subject_tid": 0, "predicate": "walk_away", "begin_fid": 90, "object_tid": 1}, {"end_fid": 120, "subject_tid": 0, "predicate": "touch", "begin_fid": 90, "object_tid": 1}, {"end_fid": 120, "subject_tid": 1, "predicate": "stand_left", "begin_fid": 90, "object_tid": 0}, {"end_fid": 120, "subject_tid": 1, "predicate": "watch", "begin_fid": 90, "object_tid": 0}], "height": 720}