{"width": 540, "frame_count": 345, "video_id": "ILSVRC2015_train_00886000", "fps": 23, "trajectories": [[{"tid": 0, "generated": 0, "bbox": {"xmin": 332, "ymin": 212, "ymax": 245, "xmax": 377}}, {"tid": 1, "generated": 0, "bbox": {"xmin": 451, "ymin": 190, "ymax": 223, "xmax": 501}}, {"tid": 2, "generated": 0, "bbox": {"xmin": 289, "ymin": 143, "ymax": 265, "xmax": 347}}], [{"tid": 0, "generated": 0, "bbox": {"xmin": 332, "ymin": 213, "ymax": 245, "xmax": 376}}, {"tid": 1, "generated": 0, "bbox": {"xmin": 450, "ymin": 190, "ymax": 223, "xmax": 500}}, {"tid": 2, "generated": 0, "bbox": {"xmin": 289, "ymin": 143, "ymax": 265, "xmax": 347}}], [{"tid": 0, "generated": 0, "bbox": {"xmin": 332, "ymin": 214, "ymax": 245, "xmax": 375}}, {"tid": 1, "generated": 0, "bbox": {"xmin": 449, "ymin": 191, "ymax": 224, "xmax": 500}}, {"tid": 2, "generated": 0, "bbox": {"xmin": 289, "ymin": 143, "ymax": 265, "xmax": 347}}], [{"tid": 0, "generated": 0, "bbox": {"xmin": 332, "ymin": 215, "ymax": 245, "xmax": 375}}, {"tid": 1, "generated": 0, "bbox": {"xmin": 450, "ymin": 191, "ymax": 224, "xmax": 501}}, {"tid": 2, "generated": 0, "bbox": {"xmin": 289, "ymin": 143, "ymax": 265, "xmax": 347}}], [{"tid": 0, "generated": 0, "bbox": {"xmin": 332, "ymin": 215, "ymax": 248, "xmax": 374}}, {"tid": 1, "generated": 0, "bbox": {"xmin": 452, "ymin": 191, "ymax": 225, "xmax": 503}}, {"tid": 2, "generated": 0, "bbox": {"xmin": 289, "ymin": 143, "ymax": 265, "xmax": 347}}], [{"tid": 0, "generated": 0, "bbox": {"xmin": 332, "ymin": 209, "ymax": 245, "xmax": 383}}, {"tid": 1, "generated": 0, "bbox": {"xmin": 453, "ymin": 192, "ymax": 226, "xmax": 505}}, {"tid": 2, "generated": 0, "bbox": {"xmin": 289, "ymin": 143, "ymax": 265, "xmax": 347}}], [{"tid": 0, "generated": 0, "bbox": {"xmin": 332, "ymin": 209, "ymax": 254, "xmax": 383}}, {"tid": 1, "generated": 0, "bbox": {"xmin": 455, "ymin": 192, "ymax": 227, "xmax": 506}}, {"tid": 2, "generated": 0, "bbox": {"xmin": 290, "ymin": 144, "ymax": 266, "xmax": 348}}], [{"tid": 0, "generated": 0, "bbox": {"xmin": 332, "ymin": 212, "ymax": 252, "xmax": 380}}, {"tid": 1, "generated": 0, "bbox": {"xmin": 456, "ymin": 193, "ymax": 228, "xmax": 508}}, {"tid": 2, "generated": 0, "bbox": {"xmin": 291, "ymin": 144, "ymax": 266, "xmax": 349}}], [{"tid": 0, "generated": 0, "bbox": {"xmin": 332, "ymin": 215, "ymax": 252, "xmax": 380}}, {"tid": 1, "generated": 0, "bbox": {"xmin": 458, "ymin": 193, "ymax": 229, "xmax": 510}}, {"tid": 2, "generated": 0, "bbox": {"xmin": 293, "ymin": 145, "ymax": 267, "xmax": 351}}], [{"tid": 0, "generated": 0, "bbox": {"xmin": 338, "ymin": 215, "ymax": 254, "xmax": 383}}, {"tid": 1, "generated": 0, "bbox": {"xmin": 460, "ymin": 194, "ymax": 230, "xmax": 512}}, {"tid": 2, "generated": 0, "bbox": {"xmin": 294, "ymin": 145, "ymax": 267, "xmax": 352}}], [{"tid": 0, "generated": 0, "bbox": {"xmin": 347, "ymin": 221, "ymax": 257, "xmax": 396}}, {"tid": 1, "generated": 0, "bbox": {"xmin": 467, "ymin": 197, "ymax": 233, "xmax": 521}}, {"tid": 2, "generated": 0, "bbox": {"xmin": 295, "ymin": 146, "ymax": 268, "xmax": 353}}], [{"tid": 0, "generated": 0, "bbox": {"xmin": 347, "ymin": 219, "ymax": 257, "xmax": 398}}, {"tid": 1, "generated": 0, "bbox": {"xmin": 465, "ymin": 197, "ymax": 233, "xmax": 519}}, {"tid": 2, "generated": 0, "bbox": {"xmin": 297, "ymin": 147, "ymax": 269, "xmax": 355}}], [{"tid": 0, "generated": 0, "bbox": {"xmin": 347, "ymin": 221, "ymax": 255, "xmax": 395}}, {"tid": 1, "generated": 0, "bbox": {"xmin": 464, "ymin": 197, "ymax": 233, "xmax": 517}}, {"tid": 2, "generated": 0, "bbox": {"xmin": 298, "ymin": 148, "ymax": 270, "xmax": 356}}], [{"tid": 0, "generated": 0, "bbox": {"xmin": 347, "ymin": 222, "ymax": 255, "xmax": 395}}, {"tid": 1, "generated": 0, "bbox": {"xmin": 465, "ymin": 198, "ymax": 234, "xmax": 519}}, {"tid": 2, "generated": 0, "bbox": {"xmin": 300, "ymin": 149, "ymax": 271, "xmax": 358}}], [{"tid": 0, "generated": 0, "bbox": {"xmin": 347, "ymin": 224, "ymax": 255, "xmax": 395}}, {"tid": 1, "generated": 0, "bbox": {"xmin": 467, "ymin": 200, "ymax": 236, "xmax": 521}}, {"tid": 2, "generated": 0, "bbox": {"xmin": 301, "ymin": 150, "ymax": 272, "xmax": 359}}], [{"tid": 0, "generated": 0, "bbox": {"xmin": 347, "ymin": 224, "ymax": 257, "xmax": 395}}, {"tid": 1, "generated": 0, "bbox": {"xmin": 464, "ymin": 200, "ymax": 236, "xmax": 517}}, {"tid": 2, "generated": 0, "bbox": {"xmin": 303, "ymin": 151, "ymax": 273, "xmax": 361}}], [{"tid": 0, "generated": 0, "bbox": {"xmin": 347, "ymin": 224, "ymax": 258, "xmax": 388}}, {"tid": 1, "generated": 0, "bbox": {"xmin": 465, "ymin": 200, "ymax": 236, "xmax": 518}}, {"tid": 2, "generated": 0, "bbox": {"xmin": 303, "ymin": 151, "ymax": 273, "xmax": 361}}], [{"tid": 0, "generated": 0, "bbox": {"xmin": 347, "ymin": 224, "ymax": 260, "xmax": 381}}, {"tid": 1, "generated": 0, "bbox": {"xmin": 467, "ymin": 200, "ymax": 237, "xmax": 520}}, {"tid": 2, "generated": 0, "bbox": {"xmin": 303, "ymin": 151, "ymax": 273, "xmax": 361}}], [{"tid": 0, "generated": 0, "bbox": {"xmin": 347, "ymin": 219, "ymax": 260, "xmax": 380}}, {"tid": 1, "generated": 0, "bbox": {"xmin": 467, "ymin": 200, "ymax": 236, "xmax": 520}}, {"tid": 2, "generated": 0, "bbox": {"xmin": 303, "ymin": 151, "ymax": 273, "xmax": 361}}], [{"tid": 0, "generated": 0, "bbox": {"xmin": 347, "ymin": 219, "ymax": 260, "xmax": 380}}, {"tid": 1, "generated": 0, "bbox": {"xmin": 467, "ymin": 200, "ymax": 236, "xmax": 520}}, {"tid": 2, "generated": 0, "bbox": {"xmin": 303, "ymin": 151, "ymax": 273, "xmax": 361}}], [{"tid": 0, "generated": 0, "bbox": {"xmin": 347, "ymin": 218, "ymax": 261, "xmax": 380}}, {"tid": 1, "generated": 0, "bbox": {"xmin": 467, "ymin": 200, "ymax": 236, "xmax": 521}}, {"tid": 2, "generated": 0, "bbox": {"xmin": 303, "ymin": 151, "ymax": 273, "xmax": 361}}], [{"tid": 0, "generated": 0, "bbox": {"xmin": 347, "ymin": 218, "ymax": 263, "xmax": 380}}, {"tid": 1, "generated": 0, "bbox": {"xmin": 467, "ymin": 200, "ymax": 236, "xmax": 521}}, {"tid": 2, "generated": 0, "bbox": {"xmin": 303, "ymin": 151, "ymax": 273, "xmax": 361}}], [{"tid": 0, "generated": 0, "bbox": {"xmin": 347, "ymin": 218, "ymax": 263, "xmax": 386}}, {"tid": 1, "generated": 0, "bbox": {"xmin": 468, "ymin": 200, "ymax": 236, "xmax": 521}}, {"tid": 2, "generated": 0, "bbox": {"xmin": 303, "ymin": 151, "ymax": 273, "xmax": 361}}], [{"tid": 0, "generated": 0, "bbox": {"xmin": 347, "ymin": 222, "ymax": 261, "xmax": 389}}, {"tid": 1, "generated": 0, "bbox": {"xmin": 468, "ymin": 200, "ymax": 236, "xmax": 521}}, {"tid": 2, "generated": 0, "bbox": {"xmin": 303, "ymin": 151, "ymax": 273, "xmax": 361}}], [{"tid": 0, "generated": 0, "bbox": {"xmin": 347, "ymin": 222, "ymax": 266, "xmax": 389}}, {"tid": 1, "generated": 0, "bbox": {"xmin": 468, "ymin": 200, "ymax": 236, "xmax": 521}}, {"tid": 2, "generated": 0, "bbox": {"xmin": 303, "ymin": 151, "ymax": 273, "xmax": 361}}], [{"tid": 0, "generated": 0, "bbox": {"xmin": 347, "ymin": 221, "ymax": 265, "xmax": 389}}, {"tid": 1, "generated": 0, "bbox": {"xmin": 469, "ymin": 200, "ymax": 236, "xmax": 521}}, {"tid": 2, "generated": 0, "bbox": {"xmin": 303, "ymin": 151, "ymax": 273, "xmax": 361}}], [{"tid": 0, "generated": 0, "bbox": {"xmin": 347, "ymin": 221, "ymax": 264, "xmax": 389}}, {"tid": 1, "generated": 0, "bbox": {"xmin": 470, "ymin": 198, "ymax": 234, "xmax": 522}}, {"tid": 2, "generated": 0, "bbox": {"xmin": 304, "ymin": 151, "ymax": 273, "xmax": 362}}], [{"tid": 0, "generated": 0, "bbox": {"xmin": 347, "ymin": 221, "ymax": 263, "xmax": 389}}, {"tid": 1, "generated": 0, "bbox": {"xmin": 471, "ymin": 196, "ymax": 233, "xmax": 523}}, {"tid": 2, "generated": 0, "bbox": {"xmin": 304, "ymin": 151, "ymax": 273, "xmax": 362}}], [{"tid": 0, "generated": 0, "bbox": {"xmin": 350, "ymin": 216, "ymax": 261, "xmax": 384}}, {"tid": 1, "generated": 0, "bbox": {"xmin": 472, "ymin": 195, "ymax": 232, "xmax": 524}}, {"tid": 2, "generated": 0, "bbox": {"xmin": 305, "ymin": 151, "ymax": 273, "xmax": 363}}], [{"tid": 0, "generated": 0, "bbox": {"xmin": 350, "ymin": 212, "ymax": 261, "xmax": 383}}, {"tid": 1, "generated": 0, "bbox": {"xmin": 470, "ymin": 194, "ymax": 231, "xmax": 522}}, {"tid": 2, "generated": 0, "bbox": {"xmin": 305, "ymin": 151, "ymax": 273, "xmax": 363}}], [], [], [], [], [], [], [], [], [], [], [], [], [], [], [], [], [], [], [], [], [], [], [], [], [], [], [], [], [], [], [{"tid": 0, "generated": 0, "bbox": {"xmin": 332, "ymin": 221, "ymax": 269, "xmax": 371}}, {"tid": 1, "generated": 0, "bbox": {"xmin": 492, "ymin": 188, "ymax": 224, "xmax": 539}}, {"tid": 2, "generated": 0, "bbox": {"xmin": 287, "ymin": 143, "ymax": 269, "xmax": 356}}], [{"tid": 0, "generated": 0, "bbox": {"xmin": 334, "ymin": 221, "ymax": 268, "xmax": 372}}, {"tid": 1, "generated": 0, "bbox": {"xmin": 494, "ymin": 189, "ymax": 222, "xmax": 538}}, {"tid": 2, "generated": 0, "bbox": {"xmin": 289, "ymin": 143, "ymax": 269, "xmax": 358}}], [{"tid": 0, "generated": 0, "bbox": {"xmin": 336, "ymin": 221, "ymax": 267, "xmax": 373}}, {"tid": 1, "generated": 0, "bbox": {"xmin": 497, "ymin": 190, "ymax": 221, "xmax": 537}}, {"tid": 2, "generated": 0, "bbox": {"xmin": 291, "ymin": 143, "ymax": 269, "xmax": 360}}], [{"tid": 0, "generated": 0, "bbox": {"xmin": 338, "ymin": 221, "ymax": 266, "xmax": 374}}, {"tid": 1, "generated": 0, "bbox": {"xmin": 498, "ymin": 189, "ymax": 221, "xmax": 537}}, {"tid": 2, "generated": 0, "bbox": {"xmin": 293, "ymin": 143, "ymax": 269, "xmax": 362}}], [{"tid": 0, "generated": 0, "bbox": {"xmin": 338, "ymin": 209, "ymax": 269, "xmax": 380}}, {"tid": 1, "generated": 0, "bbox": {"xmin": 500, "ymin": 189, "ymax": 221, "xmax": 537}}, {"tid": 2, "generated": 0, "bbox": {"xmin": 295, "ymin": 143, "ymax": 269, "xmax": 364}}], [{"tid": 0, "generated": 0, "bbox": {"xmin": 338, "ymin": 209, "ymax": 269, "xmax": 380}}, {"tid": 1, "generated": 0, "bbox": {"xmin": 502, "ymin": 189, "ymax": 221, "xmax": 537}}, {"tid": 2, "generated": 0, "bbox": {"xmin": 297, "ymin": 143, "ymax": 269, "xmax": 366}}], [{"tid": 0, "generated": 0, "bbox": {"xmin": 338, "ymin": 210, "ymax": 269, "xmax": 381}}, {"tid": 1, "generated": 0, "bbox": {"xmin": 504, "ymin": 189, "ymax": 221, "xmax": 537}}, {"tid": 2, "generated": 0, "bbox": {"xmin": 297, "ymin": 141, "ymax": 269, "xmax": 366}}], [{"tid": 0, "generated": 0, "bbox": {"xmin": 341, "ymin": 212, "ymax": 272, "xmax": 383}}, {"tid": 1, "generated": 0, "bbox": {"xmin": 506, "ymin": 189, "ymax": 221, "xmax": 537}}, {"tid": 2, "generated": 0, "bbox": {"xmin": 297, "ymin": 140, "ymax": 269, "xmax": 366}}], [{"tid": 0, "generated": 0, "bbox": {"xmin": 341, "ymin": 221, "ymax": 270, "xmax": 386}}, {"tid": 1, "generated": 0, "bbox": {"xmin": 508, "ymin": 189, "ymax": 221, "xmax": 537}}, {"tid": 2, "generated": 0, "bbox": {"xmin": 297, "ymin": 138, "ymax": 269, "xmax": 366}}], [{"tid": 0, "generated": 0, "bbox": {"xmin": 341, "ymin": 221, "ymax": 271, "xmax": 383}}, {"tid": 1, "generated": 0, "bbox": {"xmin": 510, "ymin": 189, "ymax": 221, "xmax": 537}}, {"tid": 2, "generated": 0, "bbox": {"xmin": 297, "ymin": 137, "ymax": 269, "xmax": 366}}], [{"tid": 0, "generated": 0, "bbox": {"xmin": 341, "ymin": 221, "ymax": 273, "xmax": 380}}, {"tid": 1, "generated": 0, "bbox": {"xmin": 512, "ymin": 189, "ymax": 222, "xmax": 537}}, {"tid": 2, "generated": 0, "bbox": {"xmin": 297, "ymin": 135, "ymax": 269, "xmax": 366}}], [{"tid": 0, "generated": 0, "bbox": {"xmin": 341, "ymin": 221, "ymax": 275, "xmax": 377}}, {"tid": 1, "generated": 0, "bbox": {"xmin": 510, "ymin": 190, "ymax": 221, "xmax": 537}}, {"tid": 2, "generated": 0, "bbox": {"xmin": 296, "ymin": 135, "ymax": 269, "xmax": 365}}], [{"tid": 0, "generated": 0, "bbox": {"xmin": 338, "ymin": 213, "ymax": 275, "xmax": 375}}, {"tid": 1, "generated": 0, "bbox": {"xmin": 509, "ymin": 191, "ymax": 221, "xmax": 537}}, {"tid": 2, "generated": 0, "bbox": {"xmin": 294, "ymin": 135, "ymax": 269, "xmax": 363}}], [{"tid": 0, "generated": 0, "bbox": {"xmin": 338, "ymin": 209, "ymax": 275, "xmax": 380}}, {"tid": 1, "generated": 0, "bbox": {"xmin": 510, "ymin": 190, "ymax": 220, "xmax": 537}}, {"tid": 2, "generated": 0, "bbox": {"xmin": 293, "ymin": 135, "ymax": 269, "xmax": 362}}], [{"tid": 0, "generated": 0, "bbox": {"xmin": 339, "ymin": 209, "ymax": 275, "xmax": 380}}, {"tid": 1, "generated": 0, "bbox": {"xmin": 511, "ymin": 190, "ymax": 220, "xmax": 537}}, {"tid": 2, "generated": 0, "bbox": {"xmin": 291, "ymin": 135, "ymax": 269, "xmax": 360}}], [{"tid": 0, "generated": 0, "bbox": {"xmin": 339, "ymin": 209, "ymax": 275, "xmax": 379}}, {"tid": 1, "generated": 0, "bbox": {"xmin": 512, "ymin": 190, "ymax": 220, "xmax": 537}}, {"tid": 2, "generated": 0, "bbox": {"xmin": 290, "ymin": 135, "ymax": 269, "xmax": 359}}], [{"tid": 0, "generated": 0, "bbox": {"xmin": 339, "ymin": 210, "ymax": 275, "xmax": 379}}, {"tid": 1, "generated": 0, "bbox": {"xmin": 513, "ymin": 190, "ymax": 220, "xmax": 537}}, {"tid": 2, "generated": 0, "bbox": {"xmin": 288, "ymin": 135, "ymax": 269, "xmax": 359}}], [{"tid": 0, "generated": 0, "bbox": {"xmin": 339, "ymin": 211, "ymax": 275, "xmax": 378}}, {"tid": 1, "generated": 0, "bbox": {"xmin": 514, "ymin": 190, "ymax": 220, "xmax": 537}}, {"tid": 2, "generated": 0, "bbox": {"xmin": 286, "ymin": 135, "ymax": 269, "xmax": 359}}], [{"tid": 0, "generated": 0, "bbox": {"xmin": 339, "ymin": 212, "ymax": 275, "xmax": 378}}, {"tid": 1, "generated": 0, "bbox": {"xmin": 515, "ymin": 190, "ymax": 220, "xmax": 537}}, {"tid": 2, "generated": 0, "bbox": {"xmin": 285, "ymin": 135, "ymax": 269, "xmax": 359}}], [{"tid": 0, "generated": 0, "bbox": {"xmin": 338, "ymin": 212, "ymax": 273, "xmax": 378}}, {"tid": 1, "generated": 0, "bbox": {"xmin": 516, "ymin": 190, "ymax": 220, "xmax": 537}}, {"tid": 2, "generated": 0, "bbox": {"xmin": 283, "ymin": 135, "ymax": 269, "xmax": 359}}], [{"tid": 0, "generated": 0, "bbox": {"xmin": 338, "ymin": 218, "ymax": 272, "xmax": 386}}, {"tid": 1, "generated": 0, "bbox": {"xmin": 518, "ymin": 190, "ymax": 220, "xmax": 537}}, {"tid": 2, "generated": 0, "bbox": {"xmin": 281, "ymin": 135, "ymax": 269, "xmax": 359}}], [{"tid": 0, "generated": 0, "bbox": {"xmin": 335, "ymin": 215, "ymax": 272, "xmax": 390}}, {"tid": 1, "generated": 0, "bbox": {"xmin": 519, "ymin": 188, "ymax": 219, "xmax": 537}}, {"tid": 2, "generated": 0, "bbox": {"xmin": 281, "ymin": 135, "ymax": 269, "xmax": 359}}], [{"tid": 0, "generated": 0, "bbox": {"xmin": 335, "ymin": 215, "ymax": 275, "xmax": 389}}, {"tid": 1, "generated": 0, "bbox": {"xmin": 520, "ymin": 187, "ymax": 218, "xmax": 538}}, {"tid": 2, "generated": 0, "bbox": {"xmin": 281, "ymin": 135, "ymax": 269, "xmax": 359}}], [{"tid": 0, "generated": 0, "bbox": {"xmin": 335, "ymin": 215, "ymax": 275, "xmax": 389}}, {"tid": 1, "generated": 0, "bbox": {"xmin": 519, "ymin": 186, "ymax": 217, "xmax": 538}}, {"tid": 2, "generated": 0, "bbox": {"xmin": 281, "ymin": 135, "ymax": 269, "xmax": 359}}], [{"tid": 0, "generated": 0, "bbox": {"xmin": 330, "ymin": 215, "ymax": 275, "xmax": 389}}, {"tid": 1, "generated": 0, "bbox": {"xmin": 519, "ymin": 186, "ymax": 216, "xmax": 538}}, {"tid": 2, "generated": 0, "bbox": {"xmin": 281, "ymin": 135, "ymax": 269, "xmax": 359}}], [{"tid": 0, "generated": 0, "bbox": {"xmin": 329, "ymin": 215, "ymax": 275, "xmax": 386}}, {"tid": 1, "generated": 0, "bbox": {"xmin": 518, "ymin": 185, "ymax": 215, "xmax": 538}}, {"tid": 2, "generated": 0, "bbox": {"xmin": 281, "ymin": 135, "ymax": 269, "xmax": 359}}], [{"tid": 0, "generated": 0, "bbox": {"xmin": 326, "ymin": 218, "ymax": 275, "xmax": 386}}, {"tid": 1, "generated": 0, "bbox": {"xmin": 518, "ymin": 185, "ymax": 215, "xmax": 538}}, {"tid": 2, "generated": 0, "bbox": {"xmin": 279, "ymin": 132, "ymax": 269, "xmax": 359}}], [{"tid": 0, "generated": 0, "bbox": {"xmin": 323, "ymin": 216, "ymax": 274, "xmax": 381}}, {"tid": 1, "generated": 0, "bbox": {"xmin": 517, "ymin": 184, "ymax": 214, "xmax": 538}}, {"tid": 2, "generated": 0, "bbox": {"xmin": 277, "ymin": 130, "ymax": 269, "xmax": 359}}], [{"tid": 0, "generated": 0, "bbox": {"xmin": 320, "ymin": 215, "ymax": 273, "xmax": 377}}, {"tid": 1, "generated": 0, "bbox": {"xmin": 517, "ymin": 184, "ymax": 213, "xmax": 538}}, {"tid": 2, "generated": 0, "bbox": {"xmin": 276, "ymin": 127, "ymax": 269, "xmax": 359}}], [{"tid": 0, "generated": 0, "bbox": {"xmin": 320, "ymin": 209, "ymax": 272, "xmax": 368}}, {"tid": 1, "generated": 0, "bbox": {"xmin": 516, "ymin": 183, "ymax": 212, "xmax": 538}}, {"tid": 2, "generated": 0, "bbox": {"xmin": 274, "ymin": 125, "ymax": 269, "xmax": 359}}], [], [], [], [], [], [], [], [], [], [], [], [], [], [], [], [], [], [], [], [], [], [], [], [], [], [], [], [], [], [], [], [], [], [], [], [], [], [], [], [], [], [], [], [], [], [{"tid": 0, "generated": 0, "bbox": {"xmin": 215, "ymin": 209, "ymax": 296, "xmax": 302}}, {"tid": 2, "generated": 0, "bbox": {"xmin": 269, "ymin": 113, "ymax": 264, "xmax": 334}}], [{"tid": 0, "generated": 0, "bbox": {"xmin": 212, "ymin": 209, "ymax": 296, "xmax": 302}}, {"tid": 2, "generated": 0, "bbox": {"xmin": 269, "ymin": 112, "ymax": 264, "xmax": 334}}], [{"tid": 0, "generated": 0, "bbox": {"xmin": 209, "ymin": 212, "ymax": 293, "xmax": 296}}, {"tid": 2, "generated": 0, "bbox": {"xmin": 269, "ymin": 111, "ymax": 264, "xmax": 334}}], [{"tid": 0, "generated": 0, "bbox": {"xmin": 209, "ymin": 212, "ymax": 296, "xmax": 296}}, {"tid": 2, "generated": 0, "bbox": {"xmin": 269, "ymin": 110, "ymax": 264, "xmax": 334}}], [{"tid": 0, "generated": 0, "bbox": {"xmin": 209, "ymin": 212, "ymax": 299, "xmax": 295}}, {"tid": 2, "generated": 0, "bbox": {"xmin": 269, "ymin": 109, "ymax": 264, "xmax": 334}}], [{"tid": 0, "generated": 0, "bbox": {"xmin": 209, "ymin": 212, "ymax": 302, "xmax": 294}}, {"tid": 2, "generated": 0, "bbox": {"xmin": 269, "ymin": 108, "ymax": 264, "xmax": 334}}], [{"tid": 0, "generated": 0, "bbox": {"xmin": 206, "ymin": 212, "ymax": 302, "xmax": 293}}, {"tid": 2, "generated": 0, "bbox": {"xmin": 267, "ymin": 108, "ymax": 264, "xmax": 334}}], [{"tid": 0, "generated": 0, "bbox": {"xmin": 206, "ymin": 213, "ymax": 302, "xmax": 292}}, {"tid": 2, "generated": 0, "bbox": {"xmin": 265, "ymin": 108, "ymax": 264, "xmax": 334}}], [{"tid": 0, "generated": 0, "bbox": {"xmin": 206, "ymin": 215, "ymax": 302, "xmax": 291}}, {"tid": 2, "generated": 0, "bbox": {"xmin": 264, "ymin": 108, "ymax": 264, "xmax": 334}}], [{"tid": 0, "generated": 0, "bbox": {"xmin": 206, "ymin": 215, "ymax": 302, "xmax": 288}}, {"tid": 2, "generated": 0, "bbox": {"xmin": 262, "ymin": 108, "ymax": 264, "xmax": 334}}], [{"tid": 0, "generated": 0, "bbox": {"xmin": 206, "ymin": 218, "ymax": 305, "xmax": 290}}, {"tid": 2, "generated": 0, "bbox": {"xmin": 260, "ymin": 108, "ymax": 264, "xmax": 334}}], [{"tid": 0, "generated": 0, "bbox": {"xmin": 200, "ymin": 221, "ymax": 305, "xmax": 288}}, {"tid": 2, "generated": 0, "bbox": {"xmin": 261, "ymin": 110, "ymax": 269, "xmax": 335}}], [{"tid": 0, "generated": 0, "bbox": {"xmin": 200, "ymin": 224, "ymax": 303, "xmax": 290}}, {"tid": 2, "generated": 0, "bbox": {"xmin": 262, "ymin": 112, "ymax": 274, "xmax": 336}}], [{"tid": 0, "generated": 0, "bbox": {"xmin": 200, "ymin": 227, "ymax": 302, "xmax": 294}}, {"tid": 2, "generated": 0, "bbox": {"xmin": 264, "ymin": 113, "ymax": 280, "xmax": 338}}], [{"tid": 0, "generated": 0, "bbox": {"xmin": 200, "ymin": 227, "ymax": 303, "xmax": 296}}, {"tid": 2, "generated": 0, "bbox": {"xmin": 265, "ymin": 115, "ymax": 285, "xmax": 339}}], [{"tid": 0, "generated": 0, "bbox": {"xmin": 195, "ymin": 222, "ymax": 311, "xmax": 296}}, {"tid": 2, "generated": 0, "bbox": {"xmin": 266, "ymin": 117, "ymax": 290, "xmax": 340}}], [{"tid": 0, "generated": 0, "bbox": {"xmin": 191, "ymin": 221, "ymax": 311, "xmax": 294}}, {"tid": 2, "generated": 0, "bbox": {"xmin": 267, "ymin": 117, "ymax": 290, "xmax": 341}}], [{"tid": 0, "generated": 0, "bbox": {"xmin": 191, "ymin": 221, "ymax": 312, "xmax": 296}}, {"tid": 2, "generated": 0, "bbox": {"xmin": 268, "ymin": 116, "ymax": 289, "xmax": 342}}], [{"tid": 0, "generated": 0, "bbox": {"xmin": 191, "ymin": 221, "ymax": 314, "xmax": 299}}, {"tid": 2, "generated": 0, "bbox": {"xmin": 270, "ymin": 116, "ymax": 289, "xmax": 344}}], [{"tid": 0, "generated": 0, "bbox": {"xmin": 197, "ymin": 221, "ymax": 311, "xmax": 300}}, {"tid": 2, "generated": 0, "bbox": {"xmin": 271, "ymin": 115, "ymax": 288, "xmax": 345}}], [{"tid": 0, "generated": 0, "bbox": {"xmin": 197, "ymin": 221, "ymax": 314, "xmax": 303}}, {"tid": 2, "generated": 0, "bbox": {"xmin": 272, "ymin": 115, "ymax": 288, "xmax": 346}}], [{"tid": 0, "generated": 0, "bbox": {"xmin": 197, "ymin": 221, "ymax": 314, "xmax": 306}}, {"tid": 2, "generated": 0, "bbox": {"xmin": 272, "ymin": 115, "ymax": 288, "xmax": 346}}], [{"tid": 0, "generated": 0, "bbox": {"xmin": 200, "ymin": 215, "ymax": 311, "xmax": 308}}, {"tid": 2, "generated": 0, "bbox": {"xmin": 272, "ymin": 115, "ymax": 288, "xmax": 346}}], [{"tid": 0, "generated": 0, "bbox": {"xmin": 200, "ymin": 224, "ymax": 311, "xmax": 308}}, {"tid": 2, "generated": 0, "bbox": {"xmin": 272, "ymin": 115, "ymax": 288, "xmax": 346}}], [{"tid": 0, "generated": 0, "bbox": {"xmin": 197, "ymin": 224, "ymax": 311, "xmax": 308}}, {"tid": 2, "generated": 0, "bbox": {"xmin": 272, "ymin": 115, "ymax": 288, "xmax": 346}}], [{"tid": 0, "generated": 0, "bbox": {"xmin": 197, "ymin": 221, "ymax": 311, "xmax": 306}}, {"tid": 2, "generated": 0, "bbox": {"xmin": 272, "ymin": 115, "ymax": 288, "xmax": 346}}], [{"tid": 0, "generated": 0, "bbox": {"xmin": 200, "ymin": 225, "ymax": 309, "xmax": 305}}, {"tid": 2, "generated": 0, "bbox": {"xmin": 274, "ymin": 115, "ymax": 288, "xmax": 348}}], [{"tid": 0, "generated": 0, "bbox": {"xmin": 200, "ymin": 227, "ymax": 311, "xmax": 309}}, {"tid": 2, "generated": 0, "bbox": {"xmin": 276, "ymin": 115, "ymax": 288, "xmax": 350}}], [{"tid": 0, "generated": 0, "bbox": {"xmin": 200, "ymin": 227, "ymax": 314, "xmax": 314}}, {"tid": 2, "generated": 0, "bbox": {"xmin": 277, "ymin": 115, "ymax": 288, "xmax": 351}}], [{"tid": 0, "generated": 0, "bbox": {"xmin": 200, "ymin": 230, "ymax": 312, "xmax": 323}}, {"tid": 2, "generated": 0, "bbox": {"xmin": 279, "ymin": 115, "ymax": 288, "xmax": 353}}], [], [], [], [], [], [], [], [], [], [], [], [], [], [], [], [], [], [], [], [], [], [], [], [], [], [], [], [], [], [], [], [], [], [], [], [], [], [], [], [], [], [], [], [], [], [{"tid": 0, "generated": 0, "bbox": {"xmin": 155, "ymin": 233, "ymax": 312, "xmax": 278}}, {"tid": 2, "generated": 0, "bbox": {"xmin": 312, "ymin": 120, "ymax": 301, "xmax": 389}}], [{"tid": 0, "generated": 0, "bbox": {"xmin": 155, "ymin": 240, "ymax": 306, "xmax": 266}}, {"tid": 2, "generated": 0, "bbox": {"xmin": 307, "ymin": 119, "ymax": 302, "xmax": 391}}], [{"tid": 0, "generated": 0, "bbox": {"xmin": 155, "ymin": 240, "ymax": 306, "xmax": 269}}, {"tid": 2, "generated": 0, "bbox": {"xmin": 303, "ymin": 119, "ymax": 304, "xmax": 393}}], [{"tid": 0, "generated": 0, "bbox": {"xmin": 155, "ymin": 236, "ymax": 305, "xmax": 272}}, {"tid": 2, "generated": 0, "bbox": {"xmin": 298, "ymin": 118, "ymax": 305, "xmax": 396}}], [{"tid": 0, "generated": 0, "bbox": {"xmin": 155, "ymin": 236, "ymax": 305, "xmax": 275}}, {"tid": 2, "generated": 0, "bbox": {"xmin": 294, "ymin": 118, "ymax": 307, "xmax": 398}}], [{"tid": 0, "generated": 0, "bbox": {"xmin": 155, "ymin": 236, "ymax": 305, "xmax": 278}}, {"tid": 2, "generated": 0, "bbox": {"xmin": 289, "ymin": 117, "ymax": 308, "xmax": 400}}], [{"tid": 0, "generated": 0, "bbox": {"xmin": 155, "ymin": 230, "ymax": 305, "xmax": 276}}, {"tid": 2, "generated": 0, "bbox": {"xmin": 292, "ymin": 115, "ymax": 306, "xmax": 405}}], [{"tid": 0, "generated": 0, "bbox": {"xmin": 155, "ymin": 230, "ymax": 305, "xmax": 281}}, {"tid": 2, "generated": 0, "bbox": {"xmin": 295, "ymin": 113, "ymax": 304, "xmax": 410}}], [{"tid": 0, "generated": 0, "bbox": {"xmin": 155, "ymin": 224, "ymax": 305, "xmax": 281}}, {"tid": 2, "generated": 0, "bbox": {"xmin": 297, "ymin": 112, "ymax": 303, "xmax": 414}}], [{"tid": 0, "generated": 0, "bbox": {"xmin": 150, "ymin": 218, "ymax": 297, "xmax": 275}}, {"tid": 2, "generated": 0, "bbox": {"xmin": 300, "ymin": 110, "ymax": 301, "xmax": 419}}], [{"tid": 0, "generated": 0, "bbox": {"xmin": 167, "ymin": 206, "ymax": 285, "xmax": 290}}, {"tid": 2, "generated": 0, "bbox": {"xmin": 303, "ymin": 108, "ymax": 299, "xmax": 424}}], [{"tid": 0, "generated": 0, "bbox": {"xmin": 176, "ymin": 206, "ymax": 284, "xmax": 293}}, {"tid": 2, "generated": 0, "bbox": {"xmin": 305, "ymin": 107, "ymax": 298, "xmax": 429}}], [{"tid": 0, "generated": 0, "bbox": {"xmin": 176, "ymin": 200, "ymax": 284, "xmax": 293}}, {"tid": 2, "generated": 0, "bbox": {"xmin": 307, "ymin": 107, "ymax": 298, "xmax": 434}}], [{"tid": 0, "generated": 0, "bbox": {"xmin": 186, "ymin": 200, "ymax": 282, "xmax": 284}}, {"tid": 2, "generated": 0, "bbox": {"xmin": 308, "ymin": 106, "ymax": 297, "xmax": 439}}], [{"tid": 0, "generated": 0, "bbox": {"xmin": 188, "ymin": 200, "ymax": 281, "xmax": 284}}, {"tid": 2, "generated": 0, "bbox": {"xmin": 310, "ymin": 106, "ymax": 297, "xmax": 444}}], [{"tid": 0, "generated": 0, "bbox": {"xmin": 191, "ymin": 200, "ymax": 279, "xmax": 288}}, {"tid": 2, "generated": 0, "bbox": {"xmin": 312, "ymin": 105, "ymax": 296, "xmax": 449}}], [{"tid": 0, "generated": 0, "bbox": {"xmin": 197, "ymin": 200, "ymax": 284, "xmax": 296}}, {"tid": 2, "generated": 0, "bbox": {"xmin": 315, "ymin": 106, "ymax": 297, "xmax": 452}}], [{"tid": 0, "generated": 0, "bbox": {"xmin": 197, "ymin": 197, "ymax": 281, "xmax": 305}}, {"tid": 2, "generated": 0, "bbox": {"xmin": 318, "ymin": 107, "ymax": 298, "xmax": 455}}], [{"tid": 0, "generated": 0, "bbox": {"xmin": 199, "ymin": 197, "ymax": 282, "xmax": 304}}, {"tid": 2, "generated": 0, "bbox": {"xmin": 320, "ymin": 108, "ymax": 299, "xmax": 457}}], [{"tid": 0, "generated": 0, "bbox": {"xmin": 201, "ymin": 197, "ymax": 284, "xmax": 303}}, {"tid": 2, "generated": 0, "bbox": {"xmin": 323, "ymin": 109, "ymax": 300, "xmax": 460}}], [{"tid": 0, "generated": 0, "bbox": {"xmin": 202, "ymin": 197, "ymax": 284, "xmax": 301}}, {"tid": 2, "generated": 0, "bbox": {"xmin": 326, "ymin": 110, "ymax": 301, "xmax": 463}}], [{"tid": 0, "generated": 0, "bbox": {"xmin": 204, "ymin": 197, "ymax": 284, "xmax": 299}}, {"tid": 2, "generated": 0, "bbox": {"xmin": 329, "ymin": 109, "ymax": 301, "xmax": 463}}], [{"tid": 0, "generated": 0, "bbox": {"xmin": 204, "ymin": 197, "ymax": 284, "xmax": 305}}, {"tid": 2, "generated": 0, "bbox": {"xmin": 332, "ymin": 108, "ymax": 301, "xmax": 463}}], [{"tid": 0, "generated": 0, "bbox": {"xmin": 209, "ymin": 192, "ymax": 282, "xmax": 309}}, {"tid": 2, "generated": 0, "bbox": {"xmin": 335, "ymin": 107, "ymax": 301, "xmax": 463}}], [{"tid": 0, "generated": 0, "bbox": {"xmin": 212, "ymin": 192, "ymax": 281, "xmax": 309}}, {"tid": 2, "generated": 0, "bbox": {"xmin": 338, "ymin": 106, "ymax": 301, "xmax": 463}}], [{"tid": 0, "generated": 0, "bbox": {"xmin": 212, "ymin": 192, "ymax": 281, "xmax": 305}}, {"tid": 2, "generated": 0, "bbox": {"xmin": 341, "ymin": 105, "ymax": 301, "xmax": 463}}], [{"tid": 0, "generated": 0, "bbox": {"xmin": 218, "ymin": 192, "ymax": 281, "xmax": 305}}, {"tid": 2, "generated": 0, "bbox": {"xmin": 341, "ymin": 105, "ymax": 301, "xmax": 463}}], [{"tid": 0, "generated": 0, "bbox": {"xmin": 221, "ymin": 192, "ymax": 284, "xmax": 305}}, {"tid": 2, "generated": 0, "bbox": {"xmin": 341, "ymin": 105, "ymax": 301, "xmax": 463}}], [{"tid": 0, "generated": 0, "bbox": {"xmin": 221, "ymin": 192, "ymax": 284, "xmax": 308}}, {"tid": 2, "generated": 0, "bbox": {"xmin": 341, "ymin": 105, "ymax": 301, "xmax": 463}}], [{"tid": 0, "generated": 0, "bbox": {"xmin": 221, "ymin": 192, "ymax": 284, "xmax": 311}}, {"tid": 2, "generated": 0, "bbox": {"xmin": 341, "ymin": 105, "ymax": 301, "xmax": 463}}], [], [], [], [], [], [], [], [], [], [], [], [], [], [], [], [], [], [], [], [], [], [], [], [], [], [], [], [], [], [], [], [], [], [], [], [], [], [], [], [], [], [], [], [], [], [{"tid": 0, "generated": 0, "bbox": {"xmin": 257, "ymin": 221, "ymax": 291, "xmax": 377}}, {"tid": 2, "generated": 0, "bbox": {"xmin": 347, "ymin": 111, "ymax": 292, "xmax": 437}}], [{"tid": 0, "generated": 0, "bbox": {"xmin": 260, "ymin": 218, "ymax": 288, "xmax": 371}}, {"tid": 2, "generated": 0, "bbox": {"xmin": 349, "ymin": 109, "ymax": 290, "xmax": 439}}], [{"tid": 0, "generated": 0, "bbox": {"xmin": 257, "ymin": 216, "ymax": 287, "xmax": 368}}, {"tid": 2, "generated": 0, "bbox": {"xmin": 351, "ymin": 107, "ymax": 288, "xmax": 441}}], [{"tid": 0, "generated": 0, "bbox": {"xmin": 249, "ymin": 212, "ymax": 287, "xmax": 368}}, {"tid": 2, "generated": 0, "bbox": {"xmin": 353, "ymin": 104, "ymax": 285, "xmax": 443}}], [{"tid": 0, "generated": 0, "bbox": {"xmin": 245, "ymin": 215, "ymax": 278, "xmax": 365}}, {"tid": 2, "generated": 0, "bbox": {"xmin": 355, "ymin": 102, "ymax": 283, "xmax": 445}}], [{"tid": 0, "generated": 0, "bbox": {"xmin": 239, "ymin": 206, "ymax": 269, "xmax": 347}}, {"tid": 2, "generated": 0, "bbox": {"xmin": 357, "ymin": 100, "ymax": 281, "xmax": 447}}], [{"tid": 0, "generated": 0, "bbox": {"xmin": 231, "ymin": 210, "ymax": 266, "xmax": 332}}, {"tid": 2, "generated": 0, "bbox": {"xmin": 355, "ymin": 99, "ymax": 281, "xmax": 447}}], [{"tid": 0, "generated": 0, "bbox": {"xmin": 228, "ymin": 209, "ymax": 264, "xmax": 326}}, {"tid": 2, "generated": 0, "bbox": {"xmin": 352, "ymin": 98, "ymax": 281, "xmax": 447}}], [{"tid": 0, "generated": 0, "bbox": {"xmin": 228, "ymin": 206, "ymax": 263, "xmax": 341}}, {"tid": 2, "generated": 0, "bbox": {"xmin": 350, "ymin": 97, "ymax": 281, "xmax": 447}}], [{"tid": 0, "generated": 0, "bbox": {"xmin": 228, "ymin": 200, "ymax": 263, "xmax": 339}}, {"tid": 2, "generated": 0, "bbox": {"xmin": 347, "ymin": 96, "ymax": 281, "xmax": 447}}], [{"tid": 0, "generated": 0, "bbox": {"xmin": 221, "ymin": 194, "ymax": 263, "xmax": 332}}, {"tid": 2, "generated": 0, "bbox": {"xmin": 345, "ymin": 95, "ymax": 281, "xmax": 447}}], [{"tid": 0, "generated": 0, "bbox": {"xmin": 219, "ymin": 194, "ymax": 261, "xmax": 329}}, {"tid": 2, "generated": 0, "bbox": {"xmin": 341, "ymin": 94, "ymax": 280, "xmax": 445}}], [{"tid": 0, "generated": 0, "bbox": {"xmin": 215, "ymin": 192, "ymax": 260, "xmax": 320}}, {"tid": 2, "generated": 0, "bbox": {"xmin": 336, "ymin": 93, "ymax": 279, "xmax": 442}}], [{"tid": 0, "generated": 0, "bbox": {"xmin": 212, "ymin": 186, "ymax": 260, "xmax": 315}}, {"tid": 2, "generated": 0, "bbox": {"xmin": 332, "ymin": 93, "ymax": 279, "xmax": 440}}], [{"tid": 0, "generated": 0, "bbox": {"xmin": 212, "ymin": 184, "ymax": 259, "xmax": 316}}, {"tid": 2, "generated": 0, "bbox": {"xmin": 327, "ymin": 92, "ymax": 278, "xmax": 437}}], [{"tid": 0, "generated": 0, "bbox": {"xmin": 212, "ymin": 182, "ymax": 258, "xmax": 317}}, {"tid": 2, "generated": 0, "bbox": {"xmin": 323, "ymin": 91, "ymax": 277, "xmax": 435}}], [{"tid": 0, "generated": 0, "bbox": {"xmin": 209, "ymin": 180, "ymax": 257, "xmax": 314}}, {"tid": 2, "generated": 0, "bbox": {"xmin": 323, "ymin": 91, "ymax": 277, "xmax": 435}}], [{"tid": 0, "generated": 0, "bbox": {"xmin": 209, "ymin": 173, "ymax": 249, "xmax": 308}}, {"tid": 2, "generated": 0, "bbox": {"xmin": 323, "ymin": 91, "ymax": 277, "xmax": 435}}], [{"tid": 0, "generated": 0, "bbox": {"xmin": 213, "ymin": 173, "ymax": 248, "xmax": 309}}, {"tid": 2, "generated": 0, "bbox": {"xmin": 323, "ymin": 91, "ymax": 277, "xmax": 435}}], [{"tid": 0, "generated": 0, "bbox": {"xmin": 218, "ymin": 173, "ymax": 248, "xmax": 311}}, {"tid": 2, "generated": 0, "bbox": {"xmin": 323, "ymin": 91, "ymax": 277, "xmax": 435}}], [{"tid": 0, "generated": 0, "bbox": {"xmin": 227, "ymin": 173, "ymax": 252, "xmax": 321}}, {"tid": 2, "generated": 0, "bbox": {"xmin": 323, "ymin": 91, "ymax": 277, "xmax": 435}}], [{"tid": 0, "generated": 0, "bbox": {"xmin": 227, "ymin": 173, "ymax": 252, "xmax": 321}}, {"tid": 2, "generated": 0, "bbox": {"xmin": 323, "ymin": 91, "ymax": 277, "xmax": 435}}], [{"tid": 0, "generated": 0, "bbox": {"xmin": 234, "ymin": 171, "ymax": 252, "xmax": 329}}, {"tid": 2, "generated": 0, "bbox": {"xmin": 323, "ymin": 91, "ymax": 277, "xmax": 435}}], [{"tid": 0, "generated": 0, "bbox": {"xmin": 234, "ymin": 167, "ymax": 252, "xmax": 329}}, {"tid": 2, "generated": 0, "bbox": {"xmin": 323, "ymin": 91, "ymax": 277, "xmax": 435}}], [{"tid": 0, "generated": 0, "bbox": {"xmin": 234, "ymin": 167, "ymax": 251, "xmax": 332}}, {"tid": 2, "generated": 0, "bbox": {"xmin": 323, "ymin": 91, "ymax": 277, "xmax": 435}}], [{"tid": 0, "generated": 0, "bbox": {"xmin": 230, "ymin": 167, "ymax": 251, "xmax": 332}}, {"tid": 2, "generated": 0, "bbox": {"xmin": 323, "ymin": 91, "ymax": 277, "xmax": 435}}], [{"tid": 0, "generated": 0, "bbox": {"xmin": 230, "ymin": 162, "ymax": 248, "xmax": 330}}, {"tid": 2, "generated": 0, "bbox": {"xmin": 327, "ymin": 91, "ymax": 274, "xmax": 435}}], [{"tid": 0, "generated": 0, "bbox": {"xmin": 231, "ymin": 161, "ymax": 248, "xmax": 328}}, {"tid": 2, "generated": 0, "bbox": {"xmin": 331, "ymin": 91, "ymax": 271, "xmax": 435}}], [{"tid": 0, "generated": 0, "bbox": {"xmin": 233, "ymin": 161, "ymax": 248, "xmax": 326}}, {"tid": 2, "generated": 0, "bbox": {"xmin": 334, "ymin": 91, "ymax": 268, "xmax": 435}}], [{"tid": 0, "generated": 0, "bbox": {"xmin": 236, "ymin": 161, "ymax": 248, "xmax": 326}}, {"tid": 2, "generated": 0, "bbox": {"xmin": 338, "ymin": 91, "ymax": 265, "xmax": 435}}]], "subject/objects": [{"category": "dog", "tid": 0}, {"category": "motorcycle", "tid": 1}, {"category": "person", "tid": 2}], "relation_instances": [{"end_fid": 30, "subject_tid": 0, "predicate": "walk_front", "begin_fid": 0, "object_tid": 1}, {"end_fid": 30, "subject_tid": 0, "predicate": "walk_away", "begin_fid": 0, "object_tid": 1}, {"end_fid": 30, "subject_tid": 0, "predicate": "walk_left", "begin_fid": 0, "object_tid": 1}, {"end_fid": 30, "subject_tid": 1, "predicate": "stop_behind", "begin_fid": 0, "object_tid": 0}, {"end_fid": 30, "subject_tid": 1, "predicate": "stop_right", "begin_fid": 0, "object_tid": 0}, {"end_fid": 30, "subject_tid": 0, "predicate": "walk_right", "begin_fid": 0, "object_tid": 2}, {"end_fid": 30, "subject_tid": 0, "predicate": "walk_next_to", "begin_fid": 0, "object_tid": 2}, {"end_fid": 30, "subject_tid": 0, "predicate": "walk_behind", "begin_fid": 0, "object_tid": 2}, {"end_fid": 30, "subject_tid": 0, "predicate": "follow", "begin_fid": 0, "object_tid": 2}, {"end_fid": 30, "subject_tid": 2, "predicate": "walk_next_to", "begin_fid": 0, "object_tid": 0}, {"end_fid": 30, "subject_tid": 2, "predicate": "walk_front", "begin_fid": 0, "object_tid": 0}, {"end_fid": 30, "subject_tid": 2, "predicate": "walk_left", "begin_fid": 0, "object_tid": 0}, {"end_fid": 30, "subject_tid": 2, "predicate": "taller", "begin_fid": 0, "object_tid": 0}, {"end_fid": 30, "subject_tid": 2, "predicate": "larger", "begin_fid": 0, "object_tid": 0}, {"end_fid": 30, "subject_tid": 2, "predicate": "pull", "begin_fid": 0, "object_tid": 0}, {"end_fid": 30, "subject_tid": 1, "predicate": "stop_right", "begin_fid": 0, "object_tid": 2}, {"end_fid": 30, "subject_tid": 1, "predicate": "stop_behind", "begin_fid": 0, "object_tid": 2}, {"end_fid": 30, "subject_tid": 2, "predicate": "walk_away", "begin_fid": 0, "object_tid": 1}, {"end_fid": 30, "subject_tid": 2, "predicate": "walk_front", "begin_fid": 0, "object_tid": 1}, {"end_fid": 30, "subject_tid": 2, "predicate": "walk_left", "begin_fid": 0, "object_tid": 1}, {"end_fid": 90, "subject_tid": 0, "predicate": "walk_front", "begin_fid": 60, "object_tid": 1}, {"end_fid": 90, "subject_tid": 0, "predicate": "walk_away", "begin_fid": 60, "object_tid": 1}, {"end_fid": 90, "subject_tid": 0, "predicate": "walk_left", "begin_fid": 60, "object_tid": 1}, {"end_fid": 90, "subject_tid": 1, "predicate": "stop_behind", "begin_fid": 60, "object_tid": 0}, {"end_fid": 90, "subject_tid": 1, "predicate": "stop_right", "begin_fid": 60, "object_tid": 0}, {"end_fid": 90, "subject_tid": 0, "predicate": "walk_right", "begin_fid": 60, "object_tid": 2}, {"end_fid": 90, "subject_tid": 0, "predicate": "walk_next_to", "begin_fid": 60, "object_tid": 2}, {"end_fid": 90, "subject_tid": 2, "predicate": "walk_next_to", "begin_fid": 60, "object_tid": 0}, {"end_fid": 90, "subject_tid": 2, "predicate": "walk_left", "begin_fid": 60, "object_tid": 0}, {"end_fid": 90, "subject_tid": 2, "predicate": "taller", "begin_fid": 60, "object_tid": 0}, {"end_fid": 90, "subject_tid": 2, "predicate": "larger", "begin_fid": 60, "object_tid": 0}, {"end_fid": 90, "subject_tid": 2, "predicate": "pull", "begin_fid": 60, "object_tid": 0}, {"end_fid": 90, "subject_tid": 1, "predicate": "stop_right", "begin_fid": 60, "object_tid": 2}, {"end_fid": 90, "subject_tid": 1, "predicate": "stop_behind", "begin_fid": 60, "object_tid": 2}, {"end_fid": 90, "subject_tid": 2, "predicate": "walk_away", "begin_fid": 60, "object_tid": 1}, {"end_fid": 90, "subject_tid": 2, "predicate": "walk_front", "begin_fid": 60, "object_tid": 1}, {"end_fid": 90, "subject_tid": 2, "predicate": "walk_left", "begin_fid": 60, "object_tid": 1}, {"end_fid": 165, "subject_tid": 0, "predicate": "walk_front", "begin_fid": 135, "object_tid": 2}, {"end_fid": 165, "subject_tid": 0, "predicate": "walk_left", "begin_fid": 135, "object_tid": 2}, {"end_fid": 165, "subject_tid": 2, "predicate": "stand_behind", "begin_fid": 135, "object_tid": 0}, {"end_fid": 165, "subject_tid": 2, "predicate": "stand_right", "begin_fid": 135, "object_tid": 0}, {"end_fid": 165, "subject_tid": 2, "predicate": "taller", "begin_fid": 135, "object_tid": 0}, {"end_fid": 165, "subject_tid": 2, "predicate": "larger", "begin_fid": 135, "object_tid": 0}, {"end_fid": 165, "subject_tid": 2, "predicate": "pull", "begin_fid": 135, "object_tid": 0}, {"end_fid": 240, "subject_tid": 0, "predicate": "walk_away", "begin_fid": 210, "object_tid": 2}, {"end_fid": 240, "subject_tid": 0, "predicate": "walk_left", "begin_fid": 210, "object_tid": 2}, {"end_fid": 240, "subject_tid": 2, "predicate": "walk_right", "begin_fid": 210, "object_tid": 0}, {"end_fid": 240, "subject_tid": 2, "predicate": "taller", "begin_fid": 210, "object_tid": 0}, {"end_fid": 240, "subject_tid": 2, "predicate": "larger", "begin_fid": 210, "object_tid": 0}, {"end_fid": 240, "subject_tid": 2, "predicate": "pull", "begin_fid": 210, "object_tid": 0}, {"end_fid": 240, "subject_tid": 2, "predicate": "watch", "begin_fid": 210, "object_tid": 0}, {"end_fid": 315, "subject_tid": 0, "predicate": "run_away", "begin_fid": 285, "object_tid": 2}, {"end_fid": 315, "subject_tid": 0, "predicate": "run_left", "begin_fid": 285, "object_tid": 2}, {"end_fid": 315, "subject_tid": 2, "predicate": "walk_right", "begin_fid": 285, "object_tid": 0}, {"end_fid": 315, "subject_tid": 2, "predicate": "taller", "begin_fid": 285, "object_tid": 0}, {"end_fid": 315, "subject_tid": 2, "predicate": "larger", "begin_fid": 285, "object_tid": 0}, {"end_fid": 315, "subject_tid": 2, "predicate": "pull", "begin_fid": 285, "object_tid": 0}, {"end_fid": 315, "subject_tid": 2, "predicate": "watch", "begin_fid": 285, "object_tid": 0}], "height": 360}