{"width": 1280, "frame_count": 33, "video_id": "ILSVRC2015_train_00119013", "fps": 30, "trajectories": [[{"tid": 0, "generated": 0, "bbox": {"xmin": 392, "ymin": 300, "ymax": 419, "xmax": 481}}, {"tid": 1, "generated": 0, "bbox": {"xmin": 396, "ymin": 225, "ymax": 411, "xmax": 484}}], [{"tid": 0, "generated": 0, "bbox": {"xmin": 397, "ymin": 299, "ymax": 418, "xmax": 489}}, {"tid": 1, "generated": 0, "bbox": {"xmin": 400, "ymin": 221, "ymax": 407, "xmax": 488}}], [{"tid": 0, "generated": 0, "bbox": {"xmin": 403, "ymin": 298, "ymax": 417, "xmax": 497}}, {"tid": 1, "generated": 0, "bbox": {"xmin": 403, "ymin": 218, "ymax": 404, "xmax": 492}}], [{"tid": 0, "generated": 0, "bbox": {"xmin": 406, "ymin": 295, "ymax": 420, "xmax": 500}}, {"tid": 1, "generated": 0, "bbox": {"xmin": 407, "ymin": 214, "ymax": 400, "xmax": 497}}], [{"tid": 0, "generated": 0, "bbox": {"xmin": 409, "ymin": 293, "ymax": 423, "xmax": 503}}, {"tid": 1, "generated": 0, "bbox": {"xmin": 410, "ymin": 211, "ymax": 397, "xmax": 501}}], [{"tid": 0, "generated": 0, "bbox": {"xmin": 412, "ymin": 291, "ymax": 426, "xmax": 506}}, {"tid": 1, "generated": 0, "bbox": {"xmin": 414, "ymin": 207, "ymax": 393, "xmax": 505}}], [{"tid": 0, "generated": 0, "bbox": {"xmin": 416, "ymin": 291, "ymax": 426, "xmax": 512}}, {"tid": 1, "generated": 0, "bbox": {"xmin": 418, "ymin": 202, "ymax": 394, "xmax": 515}}], [{"tid": 0, "generated": 0, "bbox": {"xmin": 420, "ymin": 291, "ymax": 426, "xmax": 519}}, {"tid": 1, "generated": 0, "bbox": {"xmin": 423, "ymin": 197, "ymax": 395, "xmax": 525}}], [{"tid": 0, "generated": 0, "bbox": {"xmin": 424, "ymin": 291, "ymax": 426, "xmax": 526}}, {"tid": 1, "generated": 0, "bbox": {"xmin": 427, "ymin": 193, "ymax": 396, "xmax": 535}}], [{"tid": 0, "generated": 0, "bbox": {"xmin": 431, "ymin": 287, "ymax": 430, "xmax": 536}}, {"tid": 1, "generated": 0, "bbox": {"xmin": 432, "ymin": 188, "ymax": 397, "xmax": 545}}], [{"tid": 0, "generated": 0, "bbox": {"xmin": 438, "ymin": 283, "ymax": 434, "xmax": 547}}, {"tid": 1, "generated": 0, "bbox": {"xmin": 436, "ymin": 183, "ymax": 398, "xmax": 555}}], [{"tid": 0, "generated": 0, "bbox": {"xmin": 446, "ymin": 280, "ymax": 439, "xmax": 558}}, {"tid": 1, "generated": 0, "bbox": {"xmin": 445, "ymin": 178, "ymax": 407, "xmax": 572}}], [{"tid": 0, "generated": 0, "bbox": {"xmin": 457, "ymin": 278, "ymax": 449, "xmax": 576}}, {"tid": 1, "generated": 0, "bbox": {"xmin": 454, "ymin": 172, "ymax": 416, "xmax": 589}}], [{"tid": 0, "generated": 0, "bbox": {"xmin": 468, "ymin": 276, "ymax": 459, "xmax": 594}}, {"tid": 1, "generated": 0, "bbox": {"xmin": 464, "ymin": 167, "ymax": 424, "xmax": 606}}], [{"tid": 0, "generated": 0, "bbox": {"xmin": 480, "ymin": 275, "ymax": 469, "xmax": 613}}, {"tid": 1, "generated": 0, "bbox": {"xmin": 473, "ymin": 161, "ymax": 433, "xmax": 623}}], [{"tid": 0, "generated": 0, "bbox": {"xmin": 488, "ymin": 277, "ymax": 472, "xmax": 632}}, {"tid": 1, "generated": 0, "bbox": {"xmin": 482, "ymin": 156, "ymax": 442, "xmax": 640}}], [{"tid": 0, "generated": 0, "bbox": {"xmin": 497, "ymin": 279, "ymax": 475, "xmax": 651}}, {"tid": 1, "generated": 0, "bbox": {"xmin": 499, "ymin": 153, "ymax": 439, "xmax": 657}}], [{"tid": 0, "generated": 0, "bbox": {"xmin": 506, "ymin": 282, "ymax": 478, "xmax": 670}}, {"tid": 1, "generated": 0, "bbox": {"xmin": 515, "ymin": 150, "ymax": 436, "xmax": 673}}], [{"tid": 0, "generated": 0, "bbox": {"xmin": 525, "ymin": 283, "ymax": 482, "xmax": 690}}, {"tid": 1, "generated": 0, "bbox": {"xmin": 532, "ymin": 147, "ymax": 433, "xmax": 690}}], [{"tid": 0, "generated": 0, "bbox": {"xmin": 544, "ymin": 284, "ymax": 487, "xmax": 711}}, {"tid": 1, "generated": 0, "bbox": {"xmin": 548, "ymin": 144, "ymax": 430, "xmax": 706}}], [{"tid": 0, "generated": 0, "bbox": {"xmin": 563, "ymin": 286, "ymax": 492, "xmax": 732}}, {"tid": 1, "generated": 0, "bbox": {"xmin": 565, "ymin": 141, "ymax": 427, "xmax": 723}}], [{"tid": 0, "generated": 0, "bbox": {"xmin": 588, "ymin": 283, "ymax": 501, "xmax": 767}}, {"tid": 1, "generated": 0, "bbox": {"xmin": 599, "ymin": 131, "ymax": 441, "xmax": 767}}], [{"tid": 0, "generated": 0, "bbox": {"xmin": 613, "ymin": 280, "ymax": 510, "xmax": 803}}, {"tid": 1, "generated": 0, "bbox": {"xmin": 633, "ymin": 121, "ymax": 454, "xmax": 810}}], [{"tid": 0, "generated": 0, "bbox": {"xmin": 638, "ymin": 277, "ymax": 520, "xmax": 839}}, {"tid": 1, "generated": 0, "bbox": {"xmin": 667, "ymin": 110, "ymax": 468, "xmax": 854}}], [{"tid": 0, "generated": 0, "bbox": {"xmin": 669, "ymin": 275, "ymax": 534, "xmax": 887}}, {"tid": 1, "generated": 0, "bbox": {"xmin": 701, "ymin": 100, "ymax": 481, "xmax": 897}}], [{"tid": 0, "generated": 0, "bbox": {"xmin": 700, "ymin": 273, "ymax": 548, "xmax": 935}}, {"tid": 1, "generated": 0, "bbox": {"xmin": 735, "ymin": 90, "ymax": 495, "xmax": 941}}], [{"tid": 0, "generated": 0, "bbox": {"xmin": 732, "ymin": 272, "ymax": 563, "xmax": 984}}, {"tid": 1, "generated": 0, "bbox": {"xmin": 787, "ymin": 72, "ymax": 497, "xmax": 1008}}], [{"tid": 0, "generated": 0, "bbox": {"xmin": 777, "ymin": 270, "ymax": 584, "xmax": 1070}}, {"tid": 1, "generated": 0, "bbox": {"xmin": 838, "ymin": 55, "ymax": 500, "xmax": 1075}}], [{"tid": 0, "generated": 0, "bbox": {"xmin": 822, "ymin": 269, "ymax": 605, "xmax": 1157}}, {"tid": 1, "generated": 0, "bbox": {"xmin": 890, "ymin": 37, "ymax": 502, "xmax": 1143}}], [{"tid": 0, "generated": 0, "bbox": {"xmin": 867, "ymin": 268, "ymax": 627, "xmax": 1244}}, {"tid": 1, "generated": 0, "bbox": {"xmin": 941, "ymin": 20, "ymax": 505, "xmax": 1210}}]], "subject/objects": [{"category": "bicycle", "tid": 0}, {"category": "person", "tid": 1}], "relation_instances": [{"end_fid": 30, "subject_tid": 0, "predicate": "move_beneath", "begin_fid": 0, "object_tid": 1}, {"end_fid": 30, "subject_tid": 1, "predicate": "sit_above", "begin_fid": 0, "object_tid": 0}, {"end_fid": 30, "subject_tid": 1, "predicate": "ride", "begin_fid": 0, "object_tid": 0}], "height": 720}