{"width": 480, "frame_count": 157, "video_id": "ILSVRC2015_train_00494000", "fps": 30, "trajectories": [[{"tid": 0, "generated": 0, "bbox": {"xmin": 243, "ymin": 158, "ymax": 356, "xmax": 404}}, {"tid": 1, "generated": 0, "bbox": {"xmin": 40, "ymin": 165, "ymax": 335, "xmax": 262}}], [{"tid": 0, "generated": 0, "bbox": {"xmin": 246, "ymin": 156, "ymax": 353, "xmax": 404}}, {"tid": 1, "generated": 0, "bbox": {"xmin": 41, "ymin": 165, "ymax": 330, "xmax": 262}}], [{"tid": 0, "generated": 0, "bbox": {"xmin": 249, "ymin": 155, "ymax": 350, "xmax": 405}}, {"tid": 1, "generated": 0, "bbox": {"xmin": 42, "ymin": 160, "ymax": 325, "xmax": 262}}], [{"tid": 0, "generated": 0, "bbox": {"xmin": 246, "ymin": 149, "ymax": 344, "xmax": 405}}, {"tid": 1, "generated": 0, "bbox": {"xmin": 43, "ymin": 155, "ymax": 320, "xmax": 262}}], [{"tid": 0, "generated": 0, "bbox": {"xmin": 244, "ymin": 144, "ymax": 339, "xmax": 406}}, {"tid": 1, "generated": 0, "bbox": {"xmin": 45, "ymin": 150, "ymax": 315, "xmax": 263}}], [{"tid": 0, "generated": 0, "bbox": {"xmin": 248, "ymin": 139, "ymax": 334, "xmax": 408}}, {"tid": 1, "generated": 0, "bbox": {"xmin": 47, "ymin": 146, "ymax": 311, "xmax": 264}}], [{"tid": 0, "generated": 0, "bbox": {"xmin": 247, "ymin": 133, "ymax": 328, "xmax": 409}}, {"tid": 1, "generated": 0, "bbox": {"xmin": 49, "ymin": 138, "ymax": 306, "xmax": 267}}], [{"tid": 0, "generated": 0, "bbox": {"xmin": 247, "ymin": 128, "ymax": 322, "xmax": 410}}, {"tid": 1, "generated": 0, "bbox": {"xmin": 51, "ymin": 133, "ymax": 301, "xmax": 268}}], [{"tid": 0, "generated": 0, "bbox": {"xmin": 246, "ymin": 123, "ymax": 317, "xmax": 411}}, {"tid": 1, "generated": 0, "bbox": {"xmin": 53, "ymin": 129, "ymax": 297, "xmax": 270}}], [{"tid": 0, "generated": 0, "bbox": {"xmin": 246, "ymin": 118, "ymax": 311, "xmax": 412}}, {"tid": 1, "generated": 0, "bbox": {"xmin": 55, "ymin": 125, "ymax": 292, "xmax": 271}}], [{"tid": 0, "generated": 0, "bbox": {"xmin": 246, "ymin": 113, "ymax": 306, "xmax": 413}}, {"tid": 1, "generated": 0, "bbox": {"xmin": 57, "ymin": 121, "ymax": 288, "xmax": 273}}], [{"tid": 0, "generated": 0, "bbox": {"xmin": 250, "ymin": 107, "ymax": 302, "xmax": 414}}, {"tid": 1, "generated": 0, "bbox": {"xmin": 56, "ymin": 118, "ymax": 278, "xmax": 272}}], [{"tid": 0, "generated": 0, "bbox": {"xmin": 250, "ymin": 101, "ymax": 298, "xmax": 415}}, {"tid": 1, "generated": 0, "bbox": {"xmin": 56, "ymin": 108, "ymax": 275, "xmax": 272}}], [{"tid": 0, "generated": 0, "bbox": {"xmin": 251, "ymin": 96, "ymax": 294, "xmax": 416}}, {"tid": 1, "generated": 0, "bbox": {"xmin": 55, "ymin": 106, "ymax": 272, "xmax": 272}}], [{"tid": 0, "generated": 0, "bbox": {"xmin": 254, "ymin": 90, "ymax": 290, "xmax": 417}}, {"tid": 1, "generated": 0, "bbox": {"xmin": 54, "ymin": 98, "ymax": 270, "xmax": 272}}], [{"tid": 0, "generated": 0, "bbox": {"xmin": 258, "ymin": 85, "ymax": 286, "xmax": 418}}, {"tid": 1, "generated": 0, "bbox": {"xmin": 54, "ymin": 94, "ymax": 268, "xmax": 273}}], [{"tid": 0, "generated": 0, "bbox": {"xmin": 262, "ymin": 80, "ymax": 282, "xmax": 420}}, {"tid": 1, "generated": 0, "bbox": {"xmin": 53, "ymin": 94, "ymax": 255, "xmax": 273}}], [{"tid": 0, "generated": 0, "bbox": {"xmin": 260, "ymin": 79, "ymax": 278, "xmax": 419}}, {"tid": 1, "generated": 0, "bbox": {"xmin": 54, "ymin": 89, "ymax": 254, "xmax": 273}}], [{"tid": 0, "generated": 0, "bbox": {"xmin": 258, "ymin": 78, "ymax": 274, "xmax": 419}}, {"tid": 1, "generated": 0, "bbox": {"xmin": 56, "ymin": 84, "ymax": 253, "xmax": 273}}], [{"tid": 0, "generated": 0, "bbox": {"xmin": 256, "ymin": 77, "ymax": 270, "xmax": 418}}, {"tid": 1, "generated": 0, "bbox": {"xmin": 58, "ymin": 84, "ymax": 252, "xmax": 274}}], [{"tid": 0, "generated": 0, "bbox": {"xmin": 254, "ymin": 76, "ymax": 266, "xmax": 418}}, {"tid": 1, "generated": 0, "bbox": {"xmin": 60, "ymin": 84, "ymax": 252, "xmax": 275}}], [{"tid": 0, "generated": 0, "bbox": {"xmin": 254, "ymin": 79, "ymax": 269, "xmax": 418}}, {"tid": 1, "generated": 0, "bbox": {"xmin": 59, "ymin": 87, "ymax": 255, "xmax": 275}}], [{"tid": 0, "generated": 0, "bbox": {"xmin": 255, "ymin": 82, "ymax": 273, "xmax": 419}}, {"tid": 1, "generated": 0, "bbox": {"xmin": 59, "ymin": 91, "ymax": 258, "xmax": 276}}], [{"tid": 0, "generated": 0, "bbox": {"xmin": 255, "ymin": 85, "ymax": 277, "xmax": 420}}, {"tid": 1, "generated": 0, "bbox": {"xmin": 58, "ymin": 95, "ymax": 261, "xmax": 276}}], [{"tid": 0, "generated": 0, "bbox": {"xmin": 256, "ymin": 88, "ymax": 280, "xmax": 421}}, {"tid": 1, "generated": 0, "bbox": {"xmin": 58, "ymin": 98, "ymax": 264, "xmax": 277}}], [{"tid": 0, "generated": 0, "bbox": {"xmin": 256, "ymin": 91, "ymax": 284, "xmax": 422}}, {"tid": 1, "generated": 0, "bbox": {"xmin": 57, "ymin": 102, "ymax": 267, "xmax": 277}}], [{"tid": 0, "generated": 0, "bbox": {"xmin": 257, "ymin": 94, "ymax": 288, "xmax": 423}}, {"tid": 1, "generated": 0, "bbox": {"xmin": 57, "ymin": 106, "ymax": 270, "xmax": 278}}], [{"tid": 0, "generated": 0, "bbox": {"xmin": 255, "ymin": 97, "ymax": 291, "xmax": 422}}, {"tid": 1, "generated": 0, "bbox": {"xmin": 58, "ymin": 109, "ymax": 274, "xmax": 278}}], [{"tid": 0, "generated": 0, "bbox": {"xmin": 253, "ymin": 101, "ymax": 295, "xmax": 421}}, {"tid": 1, "generated": 0, "bbox": {"xmin": 60, "ymin": 112, "ymax": 278, "xmax": 278}}], [{"tid": 0, "generated": 0, "bbox": {"xmin": 251, "ymin": 104, "ymax": 298, "xmax": 420}}, {"tid": 1, "generated": 0, "bbox": {"xmin": 62, "ymin": 115, "ymax": 282, "xmax": 278}}], [], [], [], [], [], [], [], [], [], [], [], [], [], [], [], [], [], [], [], [], [], [], [], [], [], [], [], [], [], [], [], [], [], [], [], [], [], [], [], [], [], [], [], [], [], [], [], [], [], [], [], [], [], [], [], [], [], [], [], [], [], [], [], [], [], [], [], [], [], [], [], [], [], [], [], [], [], [], [], [], [], [], [], [], [], [], [], [], [], [], [{"tid": 0, "generated": 0, "bbox": {"xmin": 256, "ymin": 90, "ymax": 294, "xmax": 421}}, {"tid": 1, "generated": 0, "bbox": {"xmin": 64, "ymin": 114, "ymax": 272, "xmax": 280}}], [{"tid": 0, "generated": 0, "bbox": {"xmin": 259, "ymin": 88, "ymax": 294, "xmax": 421}}, {"tid": 1, "generated": 0, "bbox": {"xmin": 63, "ymin": 113, "ymax": 271, "xmax": 280}}], [{"tid": 0, "generated": 0, "bbox": {"xmin": 262, "ymin": 87, "ymax": 294, "xmax": 422}}, {"tid": 1, "generated": 0, "bbox": {"xmin": 62, "ymin": 113, "ymax": 271, "xmax": 281}}], [{"tid": 0, "generated": 0, "bbox": {"xmin": 265, "ymin": 87, "ymax": 294, "xmax": 423}}, {"tid": 1, "generated": 0, "bbox": {"xmin": 61, "ymin": 113, "ymax": 271, "xmax": 282}}], [{"tid": 0, "generated": 0, "bbox": {"xmin": 268, "ymin": 87, "ymax": 294, "xmax": 424}}, {"tid": 1, "generated": 0, "bbox": {"xmin": 60, "ymin": 112, "ymax": 270, "xmax": 282}}], [{"tid": 0, "generated": 0, "bbox": {"xmin": 271, "ymin": 87, "ymax": 294, "xmax": 425}}, {"tid": 1, "generated": 0, "bbox": {"xmin": 59, "ymin": 112, "ymax": 270, "xmax": 283}}], [{"tid": 0, "generated": 0, "bbox": {"xmin": 274, "ymin": 88, "ymax": 295, "xmax": 427}}, {"tid": 1, "generated": 0, "bbox": {"xmin": 58, "ymin": 112, "ymax": 270, "xmax": 284}}], [{"tid": 0, "generated": 0, "bbox": {"xmin": 273, "ymin": 87, "ymax": 294, "xmax": 428}}, {"tid": 1, "generated": 0, "bbox": {"xmin": 59, "ymin": 111, "ymax": 270, "xmax": 284}}], [{"tid": 0, "generated": 0, "bbox": {"xmin": 272, "ymin": 86, "ymax": 294, "xmax": 429}}, {"tid": 1, "generated": 0, "bbox": {"xmin": 61, "ymin": 111, "ymax": 270, "xmax": 285}}], [{"tid": 0, "generated": 0, "bbox": {"xmin": 271, "ymin": 85, "ymax": 294, "xmax": 430}}, {"tid": 1, "generated": 0, "bbox": {"xmin": 62, "ymin": 111, "ymax": 270, "xmax": 285}}], [{"tid": 0, "generated": 0, "bbox": {"xmin": 270, "ymin": 85, "ymax": 294, "xmax": 432}}, {"tid": 1, "generated": 0, "bbox": {"xmin": 64, "ymin": 111, "ymax": 270, "xmax": 286}}], [{"tid": 0, "generated": 0, "bbox": {"xmin": 271, "ymin": 84, "ymax": 294, "xmax": 429}}, {"tid": 1, "generated": 0, "bbox": {"xmin": 63, "ymin": 110, "ymax": 269, "xmax": 285}}], [{"tid": 0, "generated": 0, "bbox": {"xmin": 272, "ymin": 83, "ymax": 294, "xmax": 426}}, {"tid": 1, "generated": 0, "bbox": {"xmin": 62, "ymin": 110, "ymax": 269, "xmax": 285}}], [{"tid": 0, "generated": 0, "bbox": {"xmin": 274, "ymin": 86, "ymax": 295, "xmax": 425}}, {"tid": 1, "generated": 0, "bbox": {"xmin": 62, "ymin": 110, "ymax": 269, "xmax": 285}}], [{"tid": 0, "generated": 0, "bbox": {"xmin": 274, "ymin": 83, "ymax": 295, "xmax": 424}}, {"tid": 1, "generated": 0, "bbox": {"xmin": 61, "ymin": 109, "ymax": 268, "xmax": 284}}], [{"tid": 0, "generated": 0, "bbox": {"xmin": 276, "ymin": 84, "ymax": 295, "xmax": 425}}, {"tid": 1, "generated": 0, "bbox": {"xmin": 60, "ymin": 109, "ymax": 268, "xmax": 284}}], [{"tid": 0, "generated": 0, "bbox": {"xmin": 277, "ymin": 85, "ymax": 295, "xmax": 425}}, {"tid": 1, "generated": 0, "bbox": {"xmin": 60, "ymin": 109, "ymax": 268, "xmax": 284}}], [{"tid": 0, "generated": 0, "bbox": {"xmin": 278, "ymin": 86, "ymax": 295, "xmax": 426}}, {"tid": 1, "generated": 0, "bbox": {"xmin": 60, "ymin": 108, "ymax": 271, "xmax": 283}}], [{"tid": 0, "generated": 0, "bbox": {"xmin": 279, "ymin": 87, "ymax": 295, "xmax": 426}}, {"tid": 1, "generated": 0, "bbox": {"xmin": 60, "ymin": 108, "ymax": 274, "xmax": 282}}], [{"tid": 0, "generated": 0, "bbox": {"xmin": 280, "ymin": 88, "ymax": 296, "xmax": 427}}, {"tid": 1, "generated": 0, "bbox": {"xmin": 59, "ymin": 107, "ymax": 273, "xmax": 282}}], [{"tid": 0, "generated": 0, "bbox": {"xmin": 268, "ymin": 86, "ymax": 295, "xmax": 428}}, {"tid": 1, "generated": 0, "bbox": {"xmin": 59, "ymin": 107, "ymax": 273, "xmax": 282}}], [{"tid": 0, "generated": 0, "bbox": {"xmin": 268, "ymin": 86, "ymax": 294, "xmax": 426}}, {"tid": 1, "generated": 0, "bbox": {"xmin": 59, "ymin": 107, "ymax": 272, "xmax": 282}}], [{"tid": 0, "generated": 0, "bbox": {"xmin": 268, "ymin": 86, "ymax": 294, "xmax": 424}}, {"tid": 1, "generated": 0, "bbox": {"xmin": 59, "ymin": 106, "ymax": 272, "xmax": 282}}], [{"tid": 0, "generated": 0, "bbox": {"xmin": 268, "ymin": 85, "ymax": 293, "xmax": 423}}, {"tid": 1, "generated": 0, "bbox": {"xmin": 59, "ymin": 106, "ymax": 271, "xmax": 282}}], [{"tid": 0, "generated": 0, "bbox": {"xmin": 268, "ymin": 85, "ymax": 293, "xmax": 423}}, {"tid": 1, "generated": 0, "bbox": {"xmin": 59, "ymin": 106, "ymax": 271, "xmax": 282}}], [{"tid": 0, "generated": 0, "bbox": {"xmin": 268, "ymin": 84, "ymax": 292, "xmax": 422}}, {"tid": 1, "generated": 0, "bbox": {"xmin": 59, "ymin": 105, "ymax": 271, "xmax": 282}}], [{"tid": 0, "generated": 0, "bbox": {"xmin": 268, "ymin": 84, "ymax": 292, "xmax": 422}}, {"tid": 1, "generated": 0, "bbox": {"xmin": 59, "ymin": 105, "ymax": 270, "xmax": 282}}], [{"tid": 0, "generated": 0, "bbox": {"xmin": 268, "ymin": 83, "ymax": 291, "xmax": 421}}, {"tid": 1, "generated": 0, "bbox": {"xmin": 59, "ymin": 105, "ymax": 270, "xmax": 282}}], [{"tid": 0, "generated": 0, "bbox": {"xmin": 268, "ymin": 83, "ymax": 290, "xmax": 421}}, {"tid": 1, "generated": 0, "bbox": {"xmin": 59, "ymin": 104, "ymax": 269, "xmax": 282}}], [{"tid": 0, "generated": 0, "bbox": {"xmin": 268, "ymin": 82, "ymax": 289, "xmax": 420}}, {"tid": 1, "generated": 0, "bbox": {"xmin": 59, "ymin": 104, "ymax": 269, "xmax": 282}}]], "subject/objects": [{"category": "bear", "tid": 0}, {"category": "bear", "tid": 1}], "relation_instances": [{"end_fid": 30, "subject_tid": 0, "predicate": "stand_right", "begin_fid": 0, "object_tid": 1}, {"end_fid": 30, "subject_tid": 0, "predicate": "stand_next_to", "begin_fid": 0, "object_tid": 1}, {"end_fid": 30, "subject_tid": 1, "predicate": "stand_next_to", "begin_fid": 0, "object_tid": 0}, {"end_fid": 30, "subject_tid": 1, "predicate": "stand_left", "begin_fid": 0, "object_tid": 0}, {"end_fid": 150, "subject_tid": 0, "predicate": "stand_right", "begin_fid": 120, "object_tid": 1}, {"end_fid": 150, "subject_tid": 0, "predicate": "stand_next_to", "begin_fid": 120, "object_tid": 1}, {"end_fid": 150, "subject_tid": 1, "predicate": "stand_next_to", "begin_fid": 120, "object_tid": 0}, {"end_fid": 150, "subject_tid": 1, "predicate": "stand_left", "begin_fid": 120, "object_tid": 0}], "height": 360}