{"width": 1280, "frame_count": 348, "video_id": "ILSVRC2015_train_00645002", "fps": 29, "trajectories": [[], [], [], [], [], [], [], [], [], [], [], [], [], [], [], [], [], [], [], [], [], [], [], [], [], [], [], [], [], [], [], [], [], [], [], [], [], [], [], [], [], [], [], [], [], [], [], [], [], [], [], [], [], [], [], [], [], [], [], [], [], [], [], [], [], [], [], [], [], [], [], [], [], [], [], [], [], [], [], [], [], [], [], [], [], [], [], [], [], [], [{"tid": 0, "generated": 0, "bbox": {"xmin": 741, "ymin": 483, "ymax": 604, "xmax": 938}}, {"tid": 1, "generated": 0, "bbox": {"xmin": 1192, "ymin": 213, "ymax": 604, "xmax": 1276}}], [{"tid": 0, "generated": 0, "bbox": {"xmin": 752, "ymin": 485, "ymax": 606, "xmax": 949}}, {"tid": 1, "generated": 0, "bbox": {"xmin": 1196, "ymin": 220, "ymax": 611, "xmax": 1278}}], [{"tid": 0, "generated": 0, "bbox": {"xmin": 753, "ymin": 482, "ymax": 603, "xmax": 950}}, {"tid": 1, "generated": 0, "bbox": {"xmin": 1198, "ymin": 221, "ymax": 605, "xmax": 1277}}], [{"tid": 0, "generated": 0, "bbox": {"xmin": 755, "ymin": 480, "ymax": 601, "xmax": 952}}, {"tid": 1, "generated": 0, "bbox": {"xmin": 1200, "ymin": 222, "ymax": 600, "xmax": 1276}}], [{"tid": 0, "generated": 0, "bbox": {"xmin": 757, "ymin": 478, "ymax": 599, "xmax": 954}}, {"tid": 1, "generated": 0, "bbox": {"xmin": 1203, "ymin": 224, "ymax": 595, "xmax": 1276}}], [{"tid": 0, "generated": 0, "bbox": {"xmin": 761, "ymin": 475, "ymax": 596, "xmax": 958}}, {"tid": 1, "generated": 0, "bbox": {"xmin": 1210, "ymin": 232, "ymax": 589, "xmax": 1276}}], [{"tid": 0, "generated": 0, "bbox": {"xmin": 765, "ymin": 472, "ymax": 593, "xmax": 962}}, {"tid": 1, "generated": 0, "bbox": {"xmin": 1218, "ymin": 241, "ymax": 584, "xmax": 1276}}], [{"tid": 0, "generated": 0, "bbox": {"xmin": 769, "ymin": 469, "ymax": 590, "xmax": 967}}, {"tid": 1, "generated": 0, "bbox": {"xmin": 1226, "ymin": 250, "ymax": 579, "xmax": 1276}}], [{"tid": 0, "generated": 0, "bbox": {"xmin": 769, "ymin": 469, "ymax": 588, "xmax": 993}}, {"tid": 1, "generated": 0, "bbox": {"xmin": 1226, "ymin": 250, "ymax": 574, "xmax": 1275}}], [{"tid": 0, "generated": 0, "bbox": {"xmin": 771, "ymin": 460, "ymax": 579, "xmax": 995}}, {"tid": 1, "generated": 0, "bbox": {"xmin": 1226, "ymin": 250, "ymax": 569, "xmax": 1275}}], [{"tid": 0, "generated": 0, "bbox": {"xmin": 771, "ymin": 455, "ymax": 573, "xmax": 1000}}, {"tid": 1, "generated": 0, "bbox": {"xmin": 1226, "ymin": 250, "ymax": 565, "xmax": 1274}}], [{"tid": 0, "generated": 0, "bbox": {"xmin": 771, "ymin": 451, "ymax": 568, "xmax": 1006}}, {"tid": 1, "generated": 0, "bbox": {"xmin": 1226, "ymin": 250, "ymax": 560, "xmax": 1274}}], [{"tid": 0, "generated": 0, "bbox": {"xmin": 764, "ymin": 444, "ymax": 561, "xmax": 999}}, {"tid": 1, "generated": 0, "bbox": {"xmin": 1226, "ymin": 250, "ymax": 556, "xmax": 1274}}], [{"tid": 0, "generated": 0, "bbox": {"xmin": 764, "ymin": 430, "ymax": 547, "xmax": 999}}, {"tid": 1, "generated": 0, "bbox": {"xmin": 1217, "ymin": 231, "ymax": 552, "xmax": 1278}}], [{"tid": 0, "generated": 0, "bbox": {"xmin": 759, "ymin": 419, "ymax": 535, "xmax": 999}}, {"tid": 1, "generated": 0, "bbox": {"xmin": 1214, "ymin": 222, "ymax": 542, "xmax": 1278}}], [{"tid": 0, "generated": 0, "bbox": {"xmin": 754, "ymin": 415, "ymax": 532, "xmax": 991}}, {"tid": 1, "generated": 0, "bbox": {"xmin": 1212, "ymin": 213, "ymax": 533, "xmax": 1278}}], [{"tid": 0, "generated": 0, "bbox": {"xmin": 750, "ymin": 412, "ymax": 529, "xmax": 984}}, {"tid": 1, "generated": 0, "bbox": {"xmin": 1203, "ymin": 200, "ymax": 532, "xmax": 1277}}], [{"tid": 0, "generated": 0, "bbox": {"xmin": 750, "ymin": 405, "ymax": 517, "xmax": 982}}, {"tid": 1, "generated": 0, "bbox": {"xmin": 1194, "ymin": 188, "ymax": 531, "xmax": 1276}}], [{"tid": 0, "generated": 0, "bbox": {"xmin": 750, "ymin": 398, "ymax": 506, "xmax": 981}}, {"tid": 1, "generated": 0, "bbox": {"xmin": 1197, "ymin": 182, "ymax": 525, "xmax": 1277}}], [{"tid": 0, "generated": 0, "bbox": {"xmin": 746, "ymin": 398, "ymax": 506, "xmax": 977}}, {"tid": 1, "generated": 0, "bbox": {"xmin": 1200, "ymin": 177, "ymax": 520, "xmax": 1278}}], [{"tid": 0, "generated": 0, "bbox": {"xmin": 747, "ymin": 394, "ymax": 502, "xmax": 978}}, {"tid": 1, "generated": 0, "bbox": {"xmin": 1201, "ymin": 173, "ymax": 516, "xmax": 1278}}], [{"tid": 0, "generated": 0, "bbox": {"xmin": 748, "ymin": 390, "ymax": 499, "xmax": 979}}, {"tid": 1, "generated": 0, "bbox": {"xmin": 1202, "ymin": 169, "ymax": 512, "xmax": 1278}}], [{"tid": 0, "generated": 0, "bbox": {"xmin": 750, "ymin": 387, "ymax": 496, "xmax": 981}}, {"tid": 1, "generated": 0, "bbox": {"xmin": 1204, "ymin": 166, "ymax": 509, "xmax": 1278}}], [{"tid": 0, "generated": 0, "bbox": {"xmin": 750, "ymin": 384, "ymax": 493, "xmax": 981}}, {"tid": 1, "generated": 0, "bbox": {"xmin": 1205, "ymin": 162, "ymax": 505, "xmax": 1278}}], [{"tid": 0, "generated": 0, "bbox": {"xmin": 750, "ymin": 382, "ymax": 490, "xmax": 981}}, {"tid": 1, "generated": 0, "bbox": {"xmin": 1206, "ymin": 158, "ymax": 501, "xmax": 1278}}], [{"tid": 0, "generated": 0, "bbox": {"xmin": 754, "ymin": 377, "ymax": 485, "xmax": 985}}, {"tid": 1, "generated": 0, "bbox": {"xmin": 1208, "ymin": 155, "ymax": 498, "xmax": 1278}}], [{"tid": 0, "generated": 0, "bbox": {"xmin": 759, "ymin": 373, "ymax": 481, "xmax": 990}}, {"tid": 1, "generated": 0, "bbox": {"xmin": 1209, "ymin": 151, "ymax": 494, "xmax": 1278}}], [{"tid": 0, "generated": 0, "bbox": {"xmin": 764, "ymin": 371, "ymax": 479, "xmax": 995}}, {"tid": 1, "generated": 0, "bbox": {"xmin": 1210, "ymin": 147, "ymax": 490, "xmax": 1278}}], [{"tid": 0, "generated": 0, "bbox": {"xmin": 769, "ymin": 369, "ymax": 478, "xmax": 1000}}, {"tid": 1, "generated": 0, "bbox": {"xmin": 1212, "ymin": 144, "ymax": 487, "xmax": 1278}}], [{"tid": 0, "generated": 0, "bbox": {"xmin": 767, "ymin": 367, "ymax": 476, "xmax": 998}}, {"tid": 1, "generated": 0, "bbox": {"xmin": 1200, "ymin": 144, "ymax": 485, "xmax": 1278}}], [], [], [], [], [], [], [], [], [], [], [], [], [], [], [], [], [], [], [], [], [], [], [], [], [], [], [], [], [], [], [], [], [], [], [], [], [], [], [], [], [], [], [], [], [], [], [], [], [], [], [], [], [], [], [], [], [], [], [], [], [], [], [], [], [], [], [], [], [], [], [], [], [], [], [], [], [], [], [], [], [], [], [], [], [], [], [], [], [], [], [{"tid": 0, "generated": 0, "bbox": {"xmin": 702, "ymin": 307, "ymax": 419, "xmax": 915}}, {"tid": 1, "generated": 0, "bbox": {"xmin": 1121, "ymin": 40, "ymax": 423, "xmax": 1278}}], [{"tid": 0, "generated": 0, "bbox": {"xmin": 702, "ymin": 306, "ymax": 418, "xmax": 915}}, {"tid": 1, "generated": 0, "bbox": {"xmin": 1120, "ymin": 40, "ymax": 423, "xmax": 1278}}], [{"tid": 0, "generated": 0, "bbox": {"xmin": 702, "ymin": 305, "ymax": 417, "xmax": 915}}, {"tid": 1, "generated": 0, "bbox": {"xmin": 1119, "ymin": 40, "ymax": 423, "xmax": 1278}}], [{"tid": 0, "generated": 0, "bbox": {"xmin": 702, "ymin": 303, "ymax": 415, "xmax": 915}}, {"tid": 1, "generated": 0, "bbox": {"xmin": 1118, "ymin": 40, "ymax": 423, "xmax": 1278}}], [{"tid": 0, "generated": 0, "bbox": {"xmin": 702, "ymin": 302, "ymax": 414, "xmax": 915}}, {"tid": 1, "generated": 0, "bbox": {"xmin": 1117, "ymin": 40, "ymax": 423, "xmax": 1278}}], [{"tid": 0, "generated": 0, "bbox": {"xmin": 702, "ymin": 301, "ymax": 413, "xmax": 915}}, {"tid": 1, "generated": 0, "bbox": {"xmin": 1116, "ymin": 40, "ymax": 423, "xmax": 1278}}], [{"tid": 0, "generated": 0, "bbox": {"xmin": 702, "ymin": 300, "ymax": 412, "xmax": 915}}, {"tid": 1, "generated": 0, "bbox": {"xmin": 1115, "ymin": 40, "ymax": 423, "xmax": 1278}}], [{"tid": 0, "generated": 0, "bbox": {"xmin": 705, "ymin": 296, "ymax": 408, "xmax": 919}}, {"tid": 1, "generated": 0, "bbox": {"xmin": 1114, "ymin": 40, "ymax": 423, "xmax": 1278}}], [{"tid": 0, "generated": 0, "bbox": {"xmin": 705, "ymin": 298, "ymax": 410, "xmax": 919}}, {"tid": 1, "generated": 0, "bbox": {"xmin": 1113, "ymin": 40, "ymax": 423, "xmax": 1278}}], [{"tid": 0, "generated": 0, "bbox": {"xmin": 705, "ymin": 301, "ymax": 413, "xmax": 919}}, {"tid": 1, "generated": 0, "bbox": {"xmin": 1112, "ymin": 40, "ymax": 423, "xmax": 1278}}], [{"tid": 0, "generated": 0, "bbox": {"xmin": 705, "ymin": 304, "ymax": 416, "xmax": 919}}, {"tid": 1, "generated": 0, "bbox": {"xmin": 1111, "ymin": 40, "ymax": 423, "xmax": 1278}}], [{"tid": 0, "generated": 0, "bbox": {"xmin": 700, "ymin": 304, "ymax": 415, "xmax": 910}}, {"tid": 1, "generated": 0, "bbox": {"xmin": 1110, "ymin": 40, "ymax": 423, "xmax": 1278}}], [{"tid": 0, "generated": 0, "bbox": {"xmin": 696, "ymin": 304, "ymax": 414, "xmax": 901}}, {"tid": 1, "generated": 0, "bbox": {"xmin": 1109, "ymin": 40, "ymax": 423, "xmax": 1278}}], [{"tid": 0, "generated": 0, "bbox": {"xmin": 693, "ymin": 304, "ymax": 416, "xmax": 906}}, {"tid": 1, "generated": 0, "bbox": {"xmin": 1108, "ymin": 40, "ymax": 423, "xmax": 1278}}], [{"tid": 0, "generated": 0, "bbox": {"xmin": 691, "ymin": 305, "ymax": 417, "xmax": 904}}, {"tid": 1, "generated": 0, "bbox": {"xmin": 1107, "ymin": 40, "ymax": 423, "xmax": 1278}}], [{"tid": 0, "generated": 0, "bbox": {"xmin": 689, "ymin": 307, "ymax": 419, "xmax": 902}}, {"tid": 1, "generated": 0, "bbox": {"xmin": 1104, "ymin": 40, "ymax": 422, "xmax": 1278}}], [{"tid": 0, "generated": 0, "bbox": {"xmin": 687, "ymin": 309, "ymax": 421, "xmax": 900}}, {"tid": 1, "generated": 0, "bbox": {"xmin": 1101, "ymin": 40, "ymax": 422, "xmax": 1278}}], [{"tid": 0, "generated": 0, "bbox": {"xmin": 686, "ymin": 311, "ymax": 423, "xmax": 899}}, {"tid": 1, "generated": 0, "bbox": {"xmin": 1098, "ymin": 40, "ymax": 421, "xmax": 1278}}], [{"tid": 0, "generated": 0, "bbox": {"xmin": 683, "ymin": 312, "ymax": 424, "xmax": 896}}, {"tid": 1, "generated": 0, "bbox": {"xmin": 1096, "ymin": 40, "ymax": 421, "xmax": 1278}}], [{"tid": 0, "generated": 0, "bbox": {"xmin": 680, "ymin": 314, "ymax": 426, "xmax": 894}}, {"tid": 1, "generated": 0, "bbox": {"xmin": 1096, "ymin": 40, "ymax": 420, "xmax": 1278}}], [{"tid": 0, "generated": 0, "bbox": {"xmin": 679, "ymin": 312, "ymax": 424, "xmax": 892}}, {"tid": 1, "generated": 0, "bbox": {"xmin": 1097, "ymin": 40, "ymax": 420, "xmax": 1278}}], [{"tid": 0, "generated": 0, "bbox": {"xmin": 672, "ymin": 311, "ymax": 423, "xmax": 885}}, {"tid": 1, "generated": 0, "bbox": {"xmin": 1098, "ymin": 40, "ymax": 420, "xmax": 1278}}], [{"tid": 0, "generated": 0, "bbox": {"xmin": 672, "ymin": 311, "ymax": 423, "xmax": 885}}, {"tid": 1, "generated": 0, "bbox": {"xmin": 1098, "ymin": 40, "ymax": 420, "xmax": 1278}}], [{"tid": 0, "generated": 0, "bbox": {"xmin": 673, "ymin": 311, "ymax": 423, "xmax": 886}}, {"tid": 1, "generated": 0, "bbox": {"xmin": 1099, "ymin": 40, "ymax": 420, "xmax": 1278}}], [{"tid": 0, "generated": 0, "bbox": {"xmin": 674, "ymin": 311, "ymax": 423, "xmax": 887}}, {"tid": 1, "generated": 0, "bbox": {"xmin": 1100, "ymin": 40, "ymax": 419, "xmax": 1278}}], [{"tid": 0, "generated": 0, "bbox": {"xmin": 675, "ymin": 311, "ymax": 423, "xmax": 888}}, {"tid": 1, "generated": 0, "bbox": {"xmin": 1100, "ymin": 40, "ymax": 419, "xmax": 1278}}], [{"tid": 0, "generated": 0, "bbox": {"xmin": 675, "ymin": 311, "ymax": 423, "xmax": 888}}, {"tid": 1, "generated": 0, "bbox": {"xmin": 1101, "ymin": 40, "ymax": 419, "xmax": 1278}}], [{"tid": 0, "generated": 0, "bbox": {"xmin": 676, "ymin": 311, "ymax": 423, "xmax": 889}}, {"tid": 1, "generated": 0, "bbox": {"xmin": 1102, "ymin": 40, "ymax": 419, "xmax": 1278}}], [{"tid": 0, "generated": 0, "bbox": {"xmin": 677, "ymin": 311, "ymax": 423, "xmax": 890}}, {"tid": 1, "generated": 0, "bbox": {"xmin": 1102, "ymin": 40, "ymax": 419, "xmax": 1278}}], [{"tid": 0, "generated": 0, "bbox": {"xmin": 678, "ymin": 311, "ymax": 423, "xmax": 891}}, {"tid": 1, "generated": 0, "bbox": {"xmin": 1103, "ymin": 40, "ymax": 419, "xmax": 1278}}], [], [], [], [], [], [], [], [], [], [], [], [], [], [], [], [], [], [], [], [], [], [], [], [], [], [], [], [], [], [], [{"tid": 0, "generated": 0, "bbox": {"xmin": 744, "ymin": 327, "ymax": 446, "xmax": 842}}, {"tid": 1, "generated": 0, "bbox": {"xmin": 1056, "ymin": 58, "ymax": 444, "xmax": 1276}}], [{"tid": 0, "generated": 0, "bbox": {"xmin": 741, "ymin": 328, "ymax": 444, "xmax": 837}}, {"tid": 1, "generated": 0, "bbox": {"xmin": 1051, "ymin": 60, "ymax": 446, "xmax": 1276}}], [{"tid": 0, "generated": 0, "bbox": {"xmin": 739, "ymin": 325, "ymax": 444, "xmax": 837}}, {"tid": 1, "generated": 0, "bbox": {"xmin": 1047, "ymin": 63, "ymax": 448, "xmax": 1276}}], [{"tid": 0, "generated": 0, "bbox": {"xmin": 734, "ymin": 325, "ymax": 444, "xmax": 832}}, {"tid": 1, "generated": 0, "bbox": {"xmin": 1042, "ymin": 65, "ymax": 450, "xmax": 1277}}], [{"tid": 0, "generated": 0, "bbox": {"xmin": 727, "ymin": 325, "ymax": 444, "xmax": 824}}, {"tid": 1, "generated": 0, "bbox": {"xmin": 1038, "ymin": 68, "ymax": 452, "xmax": 1277}}], [{"tid": 0, "generated": 0, "bbox": {"xmin": 724, "ymin": 326, "ymax": 445, "xmax": 821}}, {"tid": 1, "generated": 0, "bbox": {"xmin": 1034, "ymin": 71, "ymax": 455, "xmax": 1278}}], [{"tid": 0, "generated": 0, "bbox": {"xmin": 721, "ymin": 328, "ymax": 447, "xmax": 818}}, {"tid": 1, "generated": 0, "bbox": {"xmin": 1028, "ymin": 71, "ymax": 457, "xmax": 1277}}], [{"tid": 0, "generated": 0, "bbox": {"xmin": 718, "ymin": 330, "ymax": 449, "xmax": 816}}, {"tid": 1, "generated": 0, "bbox": {"xmin": 1022, "ymin": 71, "ymax": 459, "xmax": 1276}}], [{"tid": 0, "generated": 0, "bbox": {"xmin": 714, "ymin": 332, "ymax": 449, "xmax": 810}}, {"tid": 1, "generated": 0, "bbox": {"xmin": 1016, "ymin": 71, "ymax": 462, "xmax": 1276}}], [{"tid": 0, "generated": 0, "bbox": {"xmin": 711, "ymin": 332, "ymax": 451, "xmax": 808}}, {"tid": 1, "generated": 0, "bbox": {"xmin": 1004, "ymin": 71, "ymax": 461, "xmax": 1276}}], [{"tid": 0, "generated": 0, "bbox": {"xmin": 702, "ymin": 339, "ymax": 458, "xmax": 800}}, {"tid": 1, "generated": 0, "bbox": {"xmin": 993, "ymin": 71, "ymax": 460, "xmax": 1276}}], [{"tid": 0, "generated": 0, "bbox": {"xmin": 696, "ymin": 341, "ymax": 460, "xmax": 794}}, {"tid": 1, "generated": 0, "bbox": {"xmin": 984, "ymin": 71, "ymax": 459, "xmax": 1276}}], [{"tid": 0, "generated": 0, "bbox": {"xmin": 691, "ymin": 343, "ymax": 462, "xmax": 789}}, {"tid": 1, "generated": 0, "bbox": {"xmin": 975, "ymin": 71, "ymax": 458, "xmax": 1276}}], [{"tid": 0, "generated": 0, "bbox": {"xmin": 686, "ymin": 346, "ymax": 465, "xmax": 784}}, {"tid": 1, "generated": 0, "bbox": {"xmin": 967, "ymin": 71, "ymax": 458, "xmax": 1276}}], [{"tid": 0, "generated": 0, "bbox": {"xmin": 677, "ymin": 346, "ymax": 453, "xmax": 773}}, {"tid": 1, "generated": 0, "bbox": {"xmin": 968, "ymin": 76, "ymax": 463, "xmax": 1277}}], [{"tid": 0, "generated": 0, "bbox": {"xmin": 672, "ymin": 350, "ymax": 455, "xmax": 794}}, {"tid": 1, "generated": 0, "bbox": {"xmin": 970, "ymin": 81, "ymax": 469, "xmax": 1278}}], [{"tid": 0, "generated": 0, "bbox": {"xmin": 668, "ymin": 355, "ymax": 458, "xmax": 816}}, {"tid": 1, "generated": 0, "bbox": {"xmin": 936, "ymin": 81, "ymax": 467, "xmax": 1278}}], [{"tid": 0, "generated": 0, "bbox": {"xmin": 677, "ymin": 346, "ymax": 451, "xmax": 821}}, {"tid": 1, "generated": 0, "bbox": {"xmin": 936, "ymin": 84, "ymax": 477, "xmax": 1277}}], [{"tid": 0, "generated": 0, "bbox": {"xmin": 652, "ymin": 346, "ymax": 460, "xmax": 819}}, {"tid": 1, "generated": 0, "bbox": {"xmin": 936, "ymin": 88, "ymax": 488, "xmax": 1276}}], [{"tid": 0, "generated": 0, "bbox": {"xmin": 654, "ymin": 351, "ymax": 460, "xmax": 820}}, {"tid": 1, "generated": 0, "bbox": {"xmin": 936, "ymin": 92, "ymax": 499, "xmax": 1276}}], [{"tid": 0, "generated": 0, "bbox": {"xmin": 656, "ymin": 357, "ymax": 460, "xmax": 821}}, {"tid": 1, "generated": 0, "bbox": {"xmin": 927, "ymin": 92, "ymax": 497, "xmax": 1276}}], [{"tid": 0, "generated": 0, "bbox": {"xmin": 656, "ymin": 350, "ymax": 458, "xmax": 824}}, {"tid": 1, "generated": 0, "bbox": {"xmin": 919, "ymin": 92, "ymax": 496, "xmax": 1276}}], [{"tid": 0, "generated": 0, "bbox": {"xmin": 656, "ymin": 346, "ymax": 456, "xmax": 830}}, {"tid": 1, "generated": 0, "bbox": {"xmin": 914, "ymin": 91, "ymax": 494, "xmax": 1272}}], [{"tid": 0, "generated": 0, "bbox": {"xmin": 656, "ymin": 355, "ymax": 460, "xmax": 833}}, {"tid": 1, "generated": 0, "bbox": {"xmin": 910, "ymin": 90, "ymax": 492, "xmax": 1269}}], [{"tid": 0, "generated": 0, "bbox": {"xmin": 656, "ymin": 350, "ymax": 462, "xmax": 838}}, {"tid": 1, "generated": 0, "bbox": {"xmin": 910, "ymin": 99, "ymax": 499, "xmax": 1278}}], [{"tid": 0, "generated": 0, "bbox": {"xmin": 656, "ymin": 346, "ymax": 465, "xmax": 844}}, {"tid": 1, "generated": 0, "bbox": {"xmin": 899, "ymin": 99, "ymax": 498, "xmax": 1278}}], [{"tid": 0, "generated": 0, "bbox": {"xmin": 650, "ymin": 360, "ymax": 465, "xmax": 842}}, {"tid": 1, "generated": 0, "bbox": {"xmin": 888, "ymin": 99, "ymax": 497, "xmax": 1278}}], [{"tid": 0, "generated": 0, "bbox": {"xmin": 645, "ymin": 355, "ymax": 453, "xmax": 840}}, {"tid": 1, "generated": 0, "bbox": {"xmin": 888, "ymin": 115, "ymax": 529, "xmax": 1276}}], [{"tid": 0, "generated": 0, "bbox": {"xmin": 648, "ymin": 359, "ymax": 455, "xmax": 849}}, {"tid": 1, "generated": 0, "bbox": {"xmin": 881, "ymin": 115, "ymax": 528, "xmax": 1276}}], [{"tid": 0, "generated": 0, "bbox": {"xmin": 647, "ymin": 357, "ymax": 451, "xmax": 846}}, {"tid": 1, "generated": 0, "bbox": {"xmin": 874, "ymin": 115, "ymax": 528, "xmax": 1276}}]], "subject/objects": [{"category": "fox", "tid": 0}, {"category": "car", "tid": 1}], "relation_instances": [{"end_fid": 120, "subject_tid": 0, "predicate": "stand_left", "begin_fid": 90, "object_tid": 1}, {"end_fid": 120, "subject_tid": 1, "predicate": "stop_right", "begin_fid": 90, "object_tid": 0}, {"end_fid": 120, "subject_tid": 1, "predicate": "taller", "begin_fid": 90, "object_tid": 0}, {"end_fid": 120, "subject_tid": 1, "predicate": "larger", "begin_fid": 90, "object_tid": 0}, {"end_fid": 240, "subject_tid": 0, "predicate": "stand_left", "begin_fid": 210, "object_tid": 1}, {"end_fid": 240, "subject_tid": 1, "predicate": "stop_right", "begin_fid": 210, "object_tid": 0}, {"end_fid": 240, "subject_tid": 1, "predicate": "taller", "begin_fid": 210, "object_tid": 0}, {"end_fid": 240, "subject_tid": 1, "predicate": "larger", "begin_fid": 210, "object_tid": 0}, {"end_fid": 300, "subject_tid": 0, "predicate": "walk_left", "begin_fid": 270, "object_tid": 1}, {"end_fid": 300, "subject_tid": 1, "predicate": "stop_right", "begin_fid": 270, "object_tid": 0}, {"end_fid": 300, "subject_tid": 1, "predicate": "taller", "begin_fid": 270, "object_tid": 0}, {"end_fid": 300, "subject_tid": 1, "predicate": "larger", "begin_fid": 270, "object_tid": 0}], "height": 720}