{"width": 640, "frame_count": 72, "video_id": "ILSVRC2015_train_00223003", "fps": 25, "trajectories": [[{"tid": 0, "generated": 0, "bbox": {"xmin": 254, "ymin": 90, "ymax": 297, "xmax": 625}}, {"tid": 1, "generated": 0, "bbox": {"xmin": 0, "ymin": 109, "ymax": 297, "xmax": 153}}, {"tid": 2, "generated": 0, "bbox": {"xmin": 230, "ymin": 48, "ymax": 160, "xmax": 385}}, {"tid": 3, "generated": 0, "bbox": {"xmin": 55, "ymin": 93, "ymax": 244, "xmax": 272}}], [{"tid": 0, "generated": 0, "bbox": {"xmin": 254, "ymin": 90, "ymax": 296, "xmax": 624}}, {"tid": 1, "generated": 0, "bbox": {"xmin": 0, "ymin": 109, "ymax": 296, "xmax": 152}}, {"tid": 2, "generated": 0, "bbox": {"xmin": 231, "ymin": 48, "ymax": 159, "xmax": 385}}, {"tid": 3, "generated": 0, "bbox": {"xmin": 50, "ymin": 94, "ymax": 241, "xmax": 279}}], [{"tid": 0, "generated": 0, "bbox": {"xmin": 254, "ymin": 90, "ymax": 296, "xmax": 624}}, {"tid": 1, "generated": 0, "bbox": {"xmin": 0, "ymin": 109, "ymax": 296, "xmax": 152}}, {"tid": 2, "generated": 0, "bbox": {"xmin": 184, "ymin": 48, "ymax": 159, "xmax": 385}}, {"tid": 3, "generated": 0, "bbox": {"xmin": 48, "ymin": 95, "ymax": 245, "xmax": 280}}], [{"tid": 0, "generated": 0, "bbox": {"xmin": 254, "ymin": 90, "ymax": 296, "xmax": 624}}, {"tid": 1, "generated": 0, "bbox": {"xmin": 0, "ymin": 109, "ymax": 296, "xmax": 152}}, {"tid": 2, "generated": 0, "bbox": {"xmin": 174, "ymin": 48, "ymax": 158, "xmax": 385}}, {"tid": 3, "generated": 0, "bbox": {"xmin": 48, "ymin": 96, "ymax": 245, "xmax": 282}}], [{"tid": 0, "generated": 0, "bbox": {"xmin": 254, "ymin": 90, "ymax": 296, "xmax": 624}}, {"tid": 1, "generated": 0, "bbox": {"xmin": 0, "ymin": 109, "ymax": 296, "xmax": 152}}, {"tid": 2, "generated": 0, "bbox": {"xmin": 167, "ymin": 48, "ymax": 157, "xmax": 385}}, {"tid": 3, "generated": 0, "bbox": {"xmin": 48, "ymin": 96, "ymax": 244, "xmax": 280}}], [{"tid": 0, "generated": 0, "bbox": {"xmin": 254, "ymin": 90, "ymax": 296, "xmax": 624}}, {"tid": 1, "generated": 0, "bbox": {"xmin": 0, "ymin": 109, "ymax": 296, "xmax": 152}}, {"tid": 2, "generated": 0, "bbox": {"xmin": 221, "ymin": 48, "ymax": 152, "xmax": 389}}, {"tid": 3, "generated": 0, "bbox": {"xmin": 48, "ymin": 96, "ymax": 244, "xmax": 272}}], [{"tid": 0, "generated": 0, "bbox": {"xmin": 254, "ymin": 90, "ymax": 296, "xmax": 624}}, {"tid": 1, "generated": 0, "bbox": {"xmin": 0, "ymin": 109, "ymax": 296, "xmax": 152}}, {"tid": 2, "generated": 0, "bbox": {"xmin": 221, "ymin": 48, "ymax": 152, "xmax": 388}}, {"tid": 3, "generated": 0, "bbox": {"xmin": 48, "ymin": 95, "ymax": 241, "xmax": 266}}], [{"tid": 0, "generated": 0, "bbox": {"xmin": 254, "ymin": 90, "ymax": 296, "xmax": 624}}, {"tid": 1, "generated": 0, "bbox": {"xmin": 0, "ymin": 109, "ymax": 296, "xmax": 152}}, {"tid": 2, "generated": 0, "bbox": {"xmin": 222, "ymin": 48, "ymax": 152, "xmax": 388}}, {"tid": 3, "generated": 0, "bbox": {"xmin": 48, "ymin": 94, "ymax": 243, "xmax": 267}}], [{"tid": 0, "generated": 0, "bbox": {"xmin": 254, "ymin": 90, "ymax": 296, "xmax": 624}}, {"tid": 1, "generated": 0, "bbox": {"xmin": 0, "ymin": 109, "ymax": 296, "xmax": 152}}, {"tid": 2, "generated": 0, "bbox": {"xmin": 224, "ymin": 48, "ymax": 152, "xmax": 385}}, {"tid": 3, "generated": 0, "bbox": {"xmin": 48, "ymin": 93, "ymax": 245, "xmax": 268}}], [{"tid": 0, "generated": 0, "bbox": {"xmin": 254, "ymin": 90, "ymax": 296, "xmax": 624}}, {"tid": 1, "generated": 0, "bbox": {"xmin": 0, "ymin": 109, "ymax": 296, "xmax": 152}}, {"tid": 2, "generated": 0, "bbox": {"xmin": 224, "ymin": 48, "ymax": 152, "xmax": 385}}, {"tid": 3, "generated": 0, "bbox": {"xmin": 48, "ymin": 92, "ymax": 244, "xmax": 271}}], [{"tid": 0, "generated": 0, "bbox": {"xmin": 254, "ymin": 90, "ymax": 296, "xmax": 624}}, {"tid": 1, "generated": 0, "bbox": {"xmin": 0, "ymin": 109, "ymax": 296, "xmax": 152}}, {"tid": 2, "generated": 0, "bbox": {"xmin": 224, "ymin": 48, "ymax": 152, "xmax": 384}}, {"tid": 3, "generated": 0, "bbox": {"xmin": 48, "ymin": 93, "ymax": 245, "xmax": 274}}], [{"tid": 0, "generated": 0, "bbox": {"xmin": 254, "ymin": 90, "ymax": 296, "xmax": 624}}, {"tid": 1, "generated": 0, "bbox": {"xmin": 0, "ymin": 109, "ymax": 296, "xmax": 152}}, {"tid": 2, "generated": 0, "bbox": {"xmin": 223, "ymin": 48, "ymax": 152, "xmax": 383}}, {"tid": 3, "generated": 0, "bbox": {"xmin": 48, "ymin": 94, "ymax": 244, "xmax": 276}}], [{"tid": 0, "generated": 0, "bbox": {"xmin": 254, "ymin": 90, "ymax": 296, "xmax": 624}}, {"tid": 1, "generated": 0, "bbox": {"xmin": 0, "ymin": 109, "ymax": 296, "xmax": 152}}, {"tid": 2, "generated": 0, "bbox": {"xmin": 223, "ymin": 48, "ymax": 152, "xmax": 383}}, {"tid": 3, "generated": 0, "bbox": {"xmin": 48, "ymin": 93, "ymax": 244, "xmax": 277}}], [{"tid": 0, "generated": 0, "bbox": {"xmin": 254, "ymin": 90, "ymax": 296, "xmax": 624}}, {"tid": 1, "generated": 0, "bbox": {"xmin": 0, "ymin": 109, "ymax": 296, "xmax": 152}}, {"tid": 2, "generated": 0, "bbox": {"xmin": 218, "ymin": 48, "ymax": 152, "xmax": 383}}, {"tid": 3, "generated": 0, "bbox": {"xmin": 48, "ymin": 92, "ymax": 242, "xmax": 280}}], [{"tid": 0, "generated": 0, "bbox": {"xmin": 254, "ymin": 90, "ymax": 296, "xmax": 624}}, {"tid": 1, "generated": 0, "bbox": {"xmin": 0, "ymin": 109, "ymax": 296, "xmax": 151}}, {"tid": 2, "generated": 0, "bbox": {"xmin": 224, "ymin": 48, "ymax": 152, "xmax": 384}}, {"tid": 3, "generated": 0, "bbox": {"xmin": 48, "ymin": 92, "ymax": 245, "xmax": 279}}], [{"tid": 0, "generated": 0, "bbox": {"xmin": 254, "ymin": 90, "ymax": 296, "xmax": 624}}, {"tid": 1, "generated": 0, "bbox": {"xmin": 0, "ymin": 109, "ymax": 296, "xmax": 151}}, {"tid": 2, "generated": 0, "bbox": {"xmin": 223, "ymin": 48, "ymax": 152, "xmax": 386}}, {"tid": 3, "generated": 0, "bbox": {"xmin": 48, "ymin": 94, "ymax": 244, "xmax": 279}}], [{"tid": 0, "generated": 0, "bbox": {"xmin": 254, "ymin": 90, "ymax": 296, "xmax": 624}}, {"tid": 1, "generated": 0, "bbox": {"xmin": 0, "ymin": 109, "ymax": 296, "xmax": 151}}, {"tid": 2, "generated": 0, "bbox": {"xmin": 182, "ymin": 48, "ymax": 153, "xmax": 388}}, {"tid": 3, "generated": 0, "bbox": {"xmin": 48, "ymin": 93, "ymax": 242, "xmax": 276}}], [{"tid": 0, "generated": 0, "bbox": {"xmin": 254, "ymin": 90, "ymax": 296, "xmax": 624}}, {"tid": 1, "generated": 0, "bbox": {"xmin": 0, "ymin": 109, "ymax": 296, "xmax": 150}}, {"tid": 2, "generated": 0, "bbox": {"xmin": 225, "ymin": 48, "ymax": 153, "xmax": 385}}, {"tid": 3, "generated": 0, "bbox": {"xmin": 48, "ymin": 94, "ymax": 242, "xmax": 274}}], [{"tid": 0, "generated": 0, "bbox": {"xmin": 254, "ymin": 90, "ymax": 296, "xmax": 624}}, {"tid": 1, "generated": 0, "bbox": {"xmin": 0, "ymin": 109, "ymax": 296, "xmax": 150}}, {"tid": 2, "generated": 0, "bbox": {"xmin": 224, "ymin": 48, "ymax": 152, "xmax": 385}}, {"tid": 3, "generated": 0, "bbox": {"xmin": 48, "ymin": 94, "ymax": 241, "xmax": 275}}], [{"tid": 0, "generated": 0, "bbox": {"xmin": 254, "ymin": 90, "ymax": 296, "xmax": 624}}, {"tid": 1, "generated": 0, "bbox": {"xmin": 0, "ymin": 109, "ymax": 296, "xmax": 150}}, {"tid": 2, "generated": 0, "bbox": {"xmin": 224, "ymin": 48, "ymax": 152, "xmax": 385}}, {"tid": 3, "generated": 0, "bbox": {"xmin": 49, "ymin": 95, "ymax": 241, "xmax": 277}}], [{"tid": 0, "generated": 0, "bbox": {"xmin": 254, "ymin": 90, "ymax": 296, "xmax": 624}}, {"tid": 1, "generated": 0, "bbox": {"xmin": 0, "ymin": 109, "ymax": 296, "xmax": 150}}, {"tid": 2, "generated": 0, "bbox": {"xmin": 224, "ymin": 48, "ymax": 152, "xmax": 386}}, {"tid": 3, "generated": 0, "bbox": {"xmin": 52, "ymin": 94, "ymax": 243, "xmax": 278}}], [{"tid": 0, "generated": 0, "bbox": {"xmin": 254, "ymin": 90, "ymax": 296, "xmax": 624}}, {"tid": 1, "generated": 0, "bbox": {"xmin": 0, "ymin": 109, "ymax": 296, "xmax": 150}}, {"tid": 2, "generated": 0, "bbox": {"xmin": 224, "ymin": 48, "ymax": 152, "xmax": 386}}, {"tid": 3, "generated": 0, "bbox": {"xmin": 55, "ymin": 93, "ymax": 245, "xmax": 279}}], [{"tid": 0, "generated": 0, "bbox": {"xmin": 254, "ymin": 90, "ymax": 296, "xmax": 624}}, {"tid": 1, "generated": 0, "bbox": {"xmin": 0, "ymin": 109, "ymax": 296, "xmax": 150}}, {"tid": 2, "generated": 0, "bbox": {"xmin": 224, "ymin": 48, "ymax": 152, "xmax": 386}}, {"tid": 3, "generated": 0, "bbox": {"xmin": 58, "ymin": 93, "ymax": 245, "xmax": 278}}], [{"tid": 0, "generated": 0, "bbox": {"xmin": 254, "ymin": 90, "ymax": 296, "xmax": 624}}, {"tid": 1, "generated": 0, "bbox": {"xmin": 0, "ymin": 109, "ymax": 296, "xmax": 150}}, {"tid": 2, "generated": 0, "bbox": {"xmin": 224, "ymin": 48, "ymax": 152, "xmax": 387}}, {"tid": 3, "generated": 0, "bbox": {"xmin": 61, "ymin": 93, "ymax": 245, "xmax": 277}}], [{"tid": 0, "generated": 0, "bbox": {"xmin": 254, "ymin": 90, "ymax": 296, "xmax": 623}}, {"tid": 1, "generated": 0, "bbox": {"xmin": 0, "ymin": 109, "ymax": 296, "xmax": 150}}, {"tid": 2, "generated": 0, "bbox": {"xmin": 224, "ymin": 48, "ymax": 152, "xmax": 387}}, {"tid": 3, "generated": 0, "bbox": {"xmin": 64, "ymin": 93, "ymax": 245, "xmax": 277}}], [{"tid": 0, "generated": 0, "bbox": {"xmin": 254, "ymin": 90, "ymax": 296, "xmax": 623}}, {"tid": 1, "generated": 0, "bbox": {"xmin": 0, "ymin": 109, "ymax": 296, "xmax": 150}}, {"tid": 2, "generated": 0, "bbox": {"xmin": 224, "ymin": 48, "ymax": 152, "xmax": 387}}, {"tid": 3, "generated": 0, "bbox": {"xmin": 65, "ymin": 92, "ymax": 244, "xmax": 279}}], [{"tid": 0, "generated": 0, "bbox": {"xmin": 254, "ymin": 90, "ymax": 296, "xmax": 623}}, {"tid": 1, "generated": 0, "bbox": {"xmin": 0, "ymin": 109, "ymax": 296, "xmax": 151}}, {"tid": 2, "generated": 0, "bbox": {"xmin": 224, "ymin": 48, "ymax": 152, "xmax": 388}}, {"tid": 3, "generated": 0, "bbox": {"xmin": 68, "ymin": 88, "ymax": 242, "xmax": 278}}], [{"tid": 0, "generated": 0, "bbox": {"xmin": 254, "ymin": 90, "ymax": 296, "xmax": 623}}, {"tid": 1, "generated": 0, "bbox": {"xmin": 0, "ymin": 109, "ymax": 296, "xmax": 151}}, {"tid": 2, "generated": 0, "bbox": {"xmin": 224, "ymin": 48, "ymax": 152, "xmax": 388}}, {"tid": 3, "generated": 0, "bbox": {"xmin": 68, "ymin": 88, "ymax": 244, "xmax": 276}}], [{"tid": 0, "generated": 0, "bbox": {"xmin": 254, "ymin": 90, "ymax": 296, "xmax": 623}}, {"tid": 1, "generated": 0, "bbox": {"xmin": 0, "ymin": 109, "ymax": 296, "xmax": 151}}, {"tid": 2, "generated": 0, "bbox": {"xmin": 224, "ymin": 48, "ymax": 152, "xmax": 389}}, {"tid": 3, "generated": 0, "bbox": {"xmin": 68, "ymin": 88, "ymax": 242, "xmax": 280}}], [{"tid": 0, "generated": 0, "bbox": {"xmin": 254, "ymin": 90, "ymax": 296, "xmax": 623}}, {"tid": 1, "generated": 0, "bbox": {"xmin": 0, "ymin": 109, "ymax": 296, "xmax": 151}}, {"tid": 2, "generated": 0, "bbox": {"xmin": 224, "ymin": 48, "ymax": 152, "xmax": 389}}, {"tid": 3, "generated": 0, "bbox": {"xmin": 71, "ymin": 86, "ymax": 241, "xmax": 281}}]], "subject/objects": [{"category": "zebra", "tid": 0}, {"category": "zebra", "tid": 1}, {"category": "zebra", "tid": 2}, {"category": "zebra", "tid": 3}], "relation_instances": [{"end_fid": 30, "subject_tid": 0, "predicate": "stand_right", "begin_fid": 0, "object_tid": 1}, {"end_fid": 30, "subject_tid": 0, "predicate": "stand_next_to", "begin_fid": 0, "object_tid": 1}, {"end_fid": 30, "subject_tid": 0, "predicate": "stand_with", "begin_fid": 0, "object_tid": 1}, {"end_fid": 30, "subject_tid": 1, "predicate": "stand_next_to", "begin_fid": 0, "object_tid": 0}, {"end_fid": 30, "subject_tid": 1, "predicate": "stand_with", "begin_fid": 0, "object_tid": 0}, {"end_fid": 30, "subject_tid": 1, "predicate": "stand_left", "begin_fid": 0, "object_tid": 0}, {"end_fid": 30, "subject_tid": 0, "predicate": "stand_front", "begin_fid": 0, "object_tid": 2}, {"end_fid": 30, "subject_tid": 0, "predicate": "stand_with", "begin_fid": 0, "object_tid": 2}, {"end_fid": 30, "subject_tid": 2, "predicate": "stand_behind", "begin_fid": 0, "object_tid": 0}, {"end_fid": 30, "subject_tid": 2, "predicate": "stand_with", "begin_fid": 0, "object_tid": 0}, {"end_fid": 30, "subject_tid": 0, "predicate": "stand_right", "begin_fid": 0, "object_tid": 3}, {"end_fid": 30, "subject_tid": 0, "predicate": "stand_front", "begin_fid": 0, "object_tid": 3}, {"end_fid": 30, "subject_tid": 0, "predicate": "stand_with", "begin_fid": 0, "object_tid": 3}, {"end_fid": 30, "subject_tid": 3, "predicate": "stand_behind", "begin_fid": 0, "object_tid": 0}, {"end_fid": 30, "subject_tid": 3, "predicate": "stand_with", "begin_fid": 0, "object_tid": 0}, {"end_fid": 30, "subject_tid": 3, "predicate": "stand_left", "begin_fid": 0, "object_tid": 0}, {"end_fid": 30, "subject_tid": 1, "predicate": "stand_front", "begin_fid": 0, "object_tid": 2}, {"end_fid": 30, "subject_tid": 1, "predicate": "stand_with", "begin_fid": 0, "object_tid": 2}, {"end_fid": 30, "subject_tid": 1, "predicate": "stand_left", "begin_fid": 0, "object_tid": 2}, {"end_fid": 30, "subject_tid": 2, "predicate": "stand_right", "begin_fid": 0, "object_tid": 1}, {"end_fid": 30, "subject_tid": 2, "predicate": "stand_behind", "begin_fid": 0, "object_tid": 1}, {"end_fid": 30, "subject_tid": 2, "predicate": "stand_with", "begin_fid": 0, "object_tid": 1}, {"end_fid": 30, "subject_tid": 1, "predicate": "stand_next_to", "begin_fid": 0, "object_tid": 3}, {"end_fid": 30, "subject_tid": 1, "predicate": "stand_front", "begin_fid": 0, "object_tid": 3}, {"end_fid": 30, "subject_tid": 1, "predicate": "stand_with", "begin_fid": 0, "object_tid": 3}, {"end_fid": 30, "subject_tid": 1, "predicate": "stand_left", "begin_fid": 0, "object_tid": 3}, {"end_fid": 30, "subject_tid": 3, "predicate": "stand_right", "begin_fid": 0, "object_tid": 1}, {"end_fid": 30, "subject_tid": 3, "predicate": "stand_next_to", "begin_fid": 0, "object_tid": 1}, {"end_fid": 30, "subject_tid": 3, "predicate": "stand_behind", "begin_fid": 0, "object_tid": 1}, {"end_fid": 30, "subject_tid": 3, "predicate": "stand_with", "begin_fid": 0, "object_tid": 1}, {"end_fid": 30, "subject_tid": 2, "predicate": "stand_right", "begin_fid": 0, "object_tid": 3}, {"end_fid": 30, "subject_tid": 2, "predicate": "stand_next_to", "begin_fid": 0, "object_tid": 3}, {"end_fid": 30, "subject_tid": 2, "predicate": "stand_behind", "begin_fid": 0, "object_tid": 3}, {"end_fid": 30, "subject_tid": 2, "predicate": "stand_with", "begin_fid": 0, "object_tid": 3}, {"end_fid": 30, "subject_tid": 3, "predicate": "stand_next_to", "begin_fid": 0, "object_tid": 2}, {"end_fid": 30, "subject_tid": 3, "predicate": "stand_front", "begin_fid": 0, "object_tid": 2}, {"end_fid": 30, "subject_tid": 3, "predicate": "stand_with", "begin_fid": 0, "object_tid": 2}, {"end_fid": 30, "subject_tid": 3, "predicate": "stand_left", "begin_fid": 0, "object_tid": 2}], "height": 360}