{"width": 1280, "frame_count": 166, "video_id": "ILSVRC2015_train_00538000", "fps": 30, "trajectories": [[], [], [], [], [], [], [], [], [], [], [], [], [], [], [], [], [], [], [], [], [], [], [], [], [], [], [], [], [], [], [], [], [], [], [], [], [], [], [], [], [], [], [], [], [], [], [], [], [], [], [], [], [], [], [], [], [], [], [], [], [], [], [], [], [], [], [], [], [], [], [], [], [], [], [], [{"tid": 0, "generated": 0, "bbox": {"xmin": 240, "ymin": 259, "ymax": 501, "xmax": 823}}, {"tid": 1, "generated": 0, "bbox": {"xmin": 1117, "ymin": 235, "ymax": 327, "xmax": 1247}}, {"tid": 2, "generated": 0, "bbox": {"xmin": 1228, "ymin": 241, "ymax": 304, "xmax": 1278}}], [{"tid": 0, "generated": 0, "bbox": {"xmin": 252, "ymin": 261, "ymax": 492, "xmax": 819}}, {"tid": 1, "generated": 0, "bbox": {"xmin": 1104, "ymin": 236, "ymax": 327, "xmax": 1232}}, {"tid": 2, "generated": 0, "bbox": {"xmin": 1219, "ymin": 245, "ymax": 304, "xmax": 1264}}], [{"tid": 0, "generated": 0, "bbox": {"xmin": 261, "ymin": 261, "ymax": 485, "xmax": 817}}, {"tid": 1, "generated": 0, "bbox": {"xmin": 1093, "ymin": 236, "ymax": 325, "xmax": 1218}}, {"tid": 2, "generated": 0, "bbox": {"xmin": 1201, "ymin": 243, "ymax": 302, "xmax": 1246}}], [{"tid": 0, "generated": 0, "bbox": {"xmin": 270, "ymin": 261, "ymax": 490, "xmax": 812}}, {"tid": 1, "generated": 0, "bbox": {"xmin": 1082, "ymin": 237, "ymax": 323, "xmax": 1205}}, {"tid": 2, "generated": 0, "bbox": {"xmin": 1187, "ymin": 245, "ymax": 303, "xmax": 1233}}], [{"tid": 0, "generated": 0, "bbox": {"xmin": 277, "ymin": 261, "ymax": 485, "xmax": 808}}, {"tid": 1, "generated": 0, "bbox": {"xmin": 1072, "ymin": 238, "ymax": 321, "xmax": 1192}}, {"tid": 2, "generated": 0, "bbox": {"xmin": 1173, "ymin": 247, "ymax": 305, "xmax": 1220}}], [{"tid": 0, "generated": 0, "bbox": {"xmin": 288, "ymin": 263, "ymax": 487, "xmax": 807}}, {"tid": 1, "generated": 0, "bbox": {"xmin": 1059, "ymin": 240, "ymax": 325, "xmax": 1184}}, {"tid": 2, "generated": 0, "bbox": {"xmin": 1160, "ymin": 250, "ymax": 307, "xmax": 1208}}], [{"tid": 0, "generated": 0, "bbox": {"xmin": 300, "ymin": 264, "ymax": 480, "xmax": 803}}, {"tid": 1, "generated": 0, "bbox": {"xmin": 1049, "ymin": 240, "ymax": 325, "xmax": 1172}}, {"tid": 2, "generated": 0, "bbox": {"xmin": 1149, "ymin": 251, "ymax": 307, "xmax": 1197}}], [{"tid": 0, "generated": 0, "bbox": {"xmin": 305, "ymin": 263, "ymax": 474, "xmax": 801}}, {"tid": 1, "generated": 0, "bbox": {"xmin": 1040, "ymin": 241, "ymax": 325, "xmax": 1160}}, {"tid": 2, "generated": 0, "bbox": {"xmin": 1139, "ymin": 252, "ymax": 308, "xmax": 1186}}], [{"tid": 0, "generated": 0, "bbox": {"xmin": 314, "ymin": 263, "ymax": 472, "xmax": 800}}, {"tid": 1, "generated": 0, "bbox": {"xmin": 1030, "ymin": 242, "ymax": 326, "xmax": 1148}}, {"tid": 2, "generated": 0, "bbox": {"xmin": 1129, "ymin": 253, "ymax": 309, "xmax": 1175}}], [{"tid": 0, "generated": 0, "bbox": {"xmin": 321, "ymin": 268, "ymax": 467, "xmax": 798}}, {"tid": 1, "generated": 0, "bbox": {"xmin": 1021, "ymin": 243, "ymax": 326, "xmax": 1136}}, {"tid": 2, "generated": 0, "bbox": {"xmin": 1119, "ymin": 254, "ymax": 310, "xmax": 1164}}], [{"tid": 0, "generated": 0, "bbox": {"xmin": 328, "ymin": 268, "ymax": 464, "xmax": 791}}, {"tid": 1, "generated": 0, "bbox": {"xmin": 1011, "ymin": 244, "ymax": 326, "xmax": 1124}}, {"tid": 2, "generated": 0, "bbox": {"xmin": 1109, "ymin": 255, "ymax": 311, "xmax": 1154}}], [{"tid": 0, "generated": 0, "bbox": {"xmin": 337, "ymin": 270, "ymax": 465, "xmax": 785}}, {"tid": 1, "generated": 0, "bbox": {"xmin": 1002, "ymin": 245, "ymax": 327, "xmax": 1112}}, {"tid": 2, "generated": 0, "bbox": {"xmin": 1099, "ymin": 256, "ymax": 312, "xmax": 1143}}], [{"tid": 0, "generated": 0, "bbox": {"xmin": 341, "ymin": 268, "ymax": 462, "xmax": 787}}, {"tid": 1, "generated": 0, "bbox": {"xmin": 992, "ymin": 246, "ymax": 327, "xmax": 1100}}, {"tid": 2, "generated": 0, "bbox": {"xmin": 1089, "ymin": 257, "ymax": 313, "xmax": 1132}}], [{"tid": 0, "generated": 0, "bbox": {"xmin": 348, "ymin": 270, "ymax": 463, "xmax": 783}}, {"tid": 1, "generated": 0, "bbox": {"xmin": 983, "ymin": 247, "ymax": 328, "xmax": 1088}}, {"tid": 2, "generated": 0, "bbox": {"xmin": 1079, "ymin": 258, "ymax": 314, "xmax": 1121}}], [{"tid": 0, "generated": 0, "bbox": {"xmin": 355, "ymin": 272, "ymax": 464, "xmax": 780}}, {"tid": 1, "generated": 0, "bbox": {"xmin": 974, "ymin": 248, "ymax": 331, "xmax": 1080}}, {"tid": 2, "generated": 0, "bbox": {"xmin": 1069, "ymin": 259, "ymax": 315, "xmax": 1110}}], [{"tid": 0, "generated": 0, "bbox": {"xmin": 360, "ymin": 270, "ymax": 460, "xmax": 782}}, {"tid": 1, "generated": 0, "bbox": {"xmin": 965, "ymin": 250, "ymax": 334, "xmax": 1073}}, {"tid": 2, "generated": 0, "bbox": {"xmin": 1059, "ymin": 261, "ymax": 316, "xmax": 1100}}], [{"tid": 0, "generated": 0, "bbox": {"xmin": 369, "ymin": 271, "ymax": 455, "xmax": 779}}, {"tid": 1, "generated": 0, "bbox": {"xmin": 957, "ymin": 251, "ymax": 334, "xmax": 1064}}, {"tid": 2, "generated": 0, "bbox": {"xmin": 1051, "ymin": 261, "ymax": 316, "xmax": 1091}}], [{"tid": 0, "generated": 0, "bbox": {"xmin": 378, "ymin": 273, "ymax": 451, "xmax": 776}}, {"tid": 1, "generated": 0, "bbox": {"xmin": 950, "ymin": 253, "ymax": 335, "xmax": 1056}}, {"tid": 2, "generated": 0, "bbox": {"xmin": 1044, "ymin": 261, "ymax": 316, "xmax": 1083}}], [{"tid": 0, "generated": 0, "bbox": {"xmin": 376, "ymin": 272, "ymax": 444, "xmax": 773}}, {"tid": 1, "generated": 0, "bbox": {"xmin": 943, "ymin": 254, "ymax": 335, "xmax": 1048}}, {"tid": 2, "generated": 0, "bbox": {"xmin": 1036, "ymin": 262, "ymax": 316, "xmax": 1075}}], [{"tid": 0, "generated": 0, "bbox": {"xmin": 382, "ymin": 272, "ymax": 439, "xmax": 769}}, {"tid": 1, "generated": 0, "bbox": {"xmin": 936, "ymin": 256, "ymax": 336, "xmax": 1040}}, {"tid": 2, "generated": 0, "bbox": {"xmin": 1029, "ymin": 262, "ymax": 316, "xmax": 1067}}], [{"tid": 0, "generated": 0, "bbox": {"xmin": 391, "ymin": 272, "ymax": 437, "xmax": 769}}, {"tid": 1, "generated": 0, "bbox": {"xmin": 930, "ymin": 256, "ymax": 335, "xmax": 1032}}, {"tid": 2, "generated": 0, "bbox": {"xmin": 1022, "ymin": 263, "ymax": 316, "xmax": 1059}}], [{"tid": 0, "generated": 0, "bbox": {"xmin": 394, "ymin": 272, "ymax": 437, "xmax": 768}}, {"tid": 1, "generated": 0, "bbox": {"xmin": 925, "ymin": 256, "ymax": 334, "xmax": 1025}}, {"tid": 2, "generated": 0, "bbox": {"xmin": 1014, "ymin": 263, "ymax": 316, "xmax": 1052}}], [{"tid": 0, "generated": 0, "bbox": {"xmin": 398, "ymin": 272, "ymax": 439, "xmax": 764}}, {"tid": 1, "generated": 0, "bbox": {"xmin": 920, "ymin": 256, "ymax": 333, "xmax": 1018}}, {"tid": 2, "generated": 0, "bbox": {"xmin": 1007, "ymin": 263, "ymax": 317, "xmax": 1046}}], [{"tid": 0, "generated": 0, "bbox": {"xmin": 407, "ymin": 273, "ymax": 437, "xmax": 764}}, {"tid": 1, "generated": 0, "bbox": {"xmin": 915, "ymin": 256, "ymax": 332, "xmax": 1011}}, {"tid": 2, "generated": 0, "bbox": {"xmin": 1000, "ymin": 264, "ymax": 318, "xmax": 1040}}], [{"tid": 0, "generated": 0, "bbox": {"xmin": 410, "ymin": 273, "ymax": 440, "xmax": 766}}, {"tid": 1, "generated": 0, "bbox": {"xmin": 913, "ymin": 257, "ymax": 334, "xmax": 1008}}, {"tid": 2, "generated": 0, "bbox": {"xmin": 995, "ymin": 266, "ymax": 320, "xmax": 1034}}], [{"tid": 0, "generated": 0, "bbox": {"xmin": 417, "ymin": 272, "ymax": 440, "xmax": 768}}, {"tid": 1, "generated": 0, "bbox": {"xmin": 906, "ymin": 257, "ymax": 339, "xmax": 1008}}, {"tid": 2, "generated": 0, "bbox": {"xmin": 995, "ymin": 268, "ymax": 323, "xmax": 1036}}], [{"tid": 0, "generated": 0, "bbox": {"xmin": 419, "ymin": 270, "ymax": 432, "xmax": 764}}, {"tid": 1, "generated": 0, "bbox": {"xmin": 902, "ymin": 257, "ymax": 338, "xmax": 1003}}, {"tid": 2, "generated": 0, "bbox": {"xmin": 992, "ymin": 268, "ymax": 321, "xmax": 1027}}], [{"tid": 0, "generated": 0, "bbox": {"xmin": 425, "ymin": 271, "ymax": 432, "xmax": 764}}, {"tid": 1, "generated": 0, "bbox": {"xmin": 899, "ymin": 257, "ymax": 337, "xmax": 999}}, {"tid": 2, "generated": 0, "bbox": {"xmin": 989, "ymin": 268, "ymax": 320, "xmax": 1023}}], [{"tid": 0, "generated": 0, "bbox": {"xmin": 432, "ymin": 272, "ymax": 432, "xmax": 764}}, {"tid": 1, "generated": 0, "bbox": {"xmin": 896, "ymin": 257, "ymax": 336, "xmax": 995}}, {"tid": 2, "generated": 0, "bbox": {"xmin": 986, "ymin": 268, "ymax": 319, "xmax": 1019}}], [{"tid": 0, "generated": 0, "bbox": {"xmin": 437, "ymin": 272, "ymax": 430, "xmax": 764}}, {"tid": 1, "generated": 0, "bbox": {"xmin": 893, "ymin": 257, "ymax": 335, "xmax": 992}}, {"tid": 2, "generated": 0, "bbox": {"xmin": 983, "ymin": 268, "ymax": 319, "xmax": 1016}}], [{"tid": 0, "generated": 0, "bbox": {"xmin": 442, "ymin": 271, "ymax": 428, "xmax": 764}}, {"tid": 1, "generated": 0, "bbox": {"xmin": 891, "ymin": 257, "ymax": 334, "xmax": 990}}, {"tid": 2, "generated": 0, "bbox": {"xmin": 980, "ymin": 268, "ymax": 318, "xmax": 1012}}, {"tid": 3, "generated": 0, "bbox": {"xmin": 1008, "ymin": 267, "ymax": 301, "xmax": 1062}}, {"tid": 4, "generated": 0, "bbox": {"xmin": 1078, "ymin": 264, "ymax": 299, "xmax": 1118}}], [{"tid": 0, "generated": 0, "bbox": {"xmin": 447, "ymin": 271, "ymax": 427, "xmax": 765}}, {"tid": 1, "generated": 0, "bbox": {"xmin": 889, "ymin": 257, "ymax": 334, "xmax": 988}}, {"tid": 2, "generated": 0, "bbox": {"xmin": 978, "ymin": 268, "ymax": 318, "xmax": 1009}}, {"tid": 3, "generated": 0, "bbox": {"xmin": 1004, "ymin": 266, "ymax": 300, "xmax": 1058}}, {"tid": 4, "generated": 0, "bbox": {"xmin": 1075, "ymin": 263, "ymax": 298, "xmax": 1116}}], [{"tid": 0, "generated": 0, "bbox": {"xmin": 452, "ymin": 271, "ymax": 426, "xmax": 766}}, {"tid": 1, "generated": 0, "bbox": {"xmin": 887, "ymin": 257, "ymax": 333, "xmax": 985}}, {"tid": 2, "generated": 0, "bbox": {"xmin": 975, "ymin": 268, "ymax": 317, "xmax": 1005}}, {"tid": 3, "generated": 0, "bbox": {"xmin": 1001, "ymin": 266, "ymax": 300, "xmax": 1054}}, {"tid": 4, "generated": 0, "bbox": {"xmin": 1071, "ymin": 263, "ymax": 297, "xmax": 1113}}], [{"tid": 0, "generated": 0, "bbox": {"xmin": 457, "ymin": 270, "ymax": 425, "xmax": 767}}, {"tid": 1, "generated": 0, "bbox": {"xmin": 885, "ymin": 257, "ymax": 333, "xmax": 983}}, {"tid": 2, "generated": 0, "bbox": {"xmin": 972, "ymin": 268, "ymax": 317, "xmax": 1002}}, {"tid": 3, "generated": 0, "bbox": {"xmin": 997, "ymin": 266, "ymax": 300, "xmax": 1050}}, {"tid": 4, "generated": 0, "bbox": {"xmin": 1067, "ymin": 263, "ymax": 296, "xmax": 1110}}], [{"tid": 0, "generated": 0, "bbox": {"xmin": 462, "ymin": 270, "ymax": 424, "xmax": 768}}, {"tid": 1, "generated": 0, "bbox": {"xmin": 883, "ymin": 257, "ymax": 332, "xmax": 981}}, {"tid": 2, "generated": 0, "bbox": {"xmin": 969, "ymin": 268, "ymax": 316, "xmax": 998}}, {"tid": 3, "generated": 0, "bbox": {"xmin": 993, "ymin": 266, "ymax": 300, "xmax": 1046}}, {"tid": 4, "generated": 0, "bbox": {"xmin": 1064, "ymin": 263, "ymax": 296, "xmax": 1107}}], [{"tid": 0, "generated": 0, "bbox": {"xmin": 467, "ymin": 270, "ymax": 423, "xmax": 769}}, {"tid": 1, "generated": 0, "bbox": {"xmin": 881, "ymin": 257, "ymax": 332, "xmax": 979}}, {"tid": 2, "generated": 0, "bbox": {"xmin": 967, "ymin": 268, "ymax": 316, "xmax": 995}}, {"tid": 3, "generated": 0, "bbox": {"xmin": 990, "ymin": 266, "ymax": 300, "xmax": 1043}}, {"tid": 4, "generated": 0, "bbox": {"xmin": 1066, "ymin": 261, "ymax": 302, "xmax": 1111}}], [{"tid": 0, "generated": 0, "bbox": {"xmin": 473, "ymin": 268, "ymax": 419, "xmax": 771}}, {"tid": 1, "generated": 0, "bbox": {"xmin": 880, "ymin": 256, "ymax": 330, "xmax": 978}}, {"tid": 2, "generated": 0, "bbox": {"xmin": 966, "ymin": 267, "ymax": 315, "xmax": 993}}, {"tid": 3, "generated": 0, "bbox": {"xmin": 989, "ymin": 265, "ymax": 299, "xmax": 1042}}, {"tid": 4, "generated": 0, "bbox": {"xmin": 1061, "ymin": 264, "ymax": 296, "xmax": 1102}}], [{"tid": 0, "generated": 0, "bbox": {"xmin": 479, "ymin": 267, "ymax": 415, "xmax": 773}}, {"tid": 1, "generated": 0, "bbox": {"xmin": 880, "ymin": 256, "ymax": 329, "xmax": 978}}, {"tid": 2, "generated": 0, "bbox": {"xmin": 965, "ymin": 267, "ymax": 314, "xmax": 992}}, {"tid": 3, "generated": 0, "bbox": {"xmin": 988, "ymin": 265, "ymax": 299, "xmax": 1041}}, {"tid": 4, "generated": 0, "bbox": {"xmin": 1058, "ymin": 264, "ymax": 297, "xmax": 1099}}], [{"tid": 0, "generated": 0, "bbox": {"xmin": 485, "ymin": 266, "ymax": 412, "xmax": 775}}, {"tid": 1, "generated": 0, "bbox": {"xmin": 880, "ymin": 255, "ymax": 328, "xmax": 977}}, {"tid": 2, "generated": 0, "bbox": {"xmin": 964, "ymin": 266, "ymax": 313, "xmax": 990}}, {"tid": 3, "generated": 0, "bbox": {"xmin": 987, "ymin": 264, "ymax": 298, "xmax": 1040}}, {"tid": 4, "generated": 0, "bbox": {"xmin": 1056, "ymin": 264, "ymax": 298, "xmax": 1096}}], [{"tid": 0, "generated": 0, "bbox": {"xmin": 490, "ymin": 265, "ymax": 409, "xmax": 776}}, {"tid": 1, "generated": 0, "bbox": {"xmin": 880, "ymin": 255, "ymax": 327, "xmax": 977}}, {"tid": 2, "generated": 0, "bbox": {"xmin": 963, "ymin": 266, "ymax": 313, "xmax": 989}}, {"tid": 3, "generated": 0, "bbox": {"xmin": 986, "ymin": 264, "ymax": 298, "xmax": 1039}}, {"tid": 4, "generated": 0, "bbox": {"xmin": 1052, "ymin": 261, "ymax": 298, "xmax": 1095}}], [{"tid": 0, "generated": 0, "bbox": {"xmin": 495, "ymin": 264, "ymax": 407, "xmax": 778}}, {"tid": 1, "generated": 0, "bbox": {"xmin": 880, "ymin": 254, "ymax": 326, "xmax": 976}}, {"tid": 2, "generated": 0, "bbox": {"xmin": 962, "ymin": 265, "ymax": 312, "xmax": 988}}, {"tid": 3, "generated": 0, "bbox": {"xmin": 985, "ymin": 263, "ymax": 297, "xmax": 1038}}, {"tid": 4, "generated": 0, "bbox": {"xmin": 1054, "ymin": 264, "ymax": 295, "xmax": 1095}}], [{"tid": 0, "generated": 0, "bbox": {"xmin": 501, "ymin": 264, "ymax": 405, "xmax": 780}}, {"tid": 1, "generated": 0, "bbox": {"xmin": 880, "ymin": 254, "ymax": 325, "xmax": 976}}, {"tid": 2, "generated": 0, "bbox": {"xmin": 961, "ymin": 265, "ymax": 311, "xmax": 986}}, {"tid": 3, "generated": 0, "bbox": {"xmin": 984, "ymin": 263, "ymax": 297, "xmax": 1037}}, {"tid": 4, "generated": 0, "bbox": {"xmin": 1054, "ymin": 261, "ymax": 296, "xmax": 1096}}], [{"tid": 0, "generated": 0, "bbox": {"xmin": 506, "ymin": 263, "ymax": 403, "xmax": 782}}, {"tid": 1, "generated": 0, "bbox": {"xmin": 879, "ymin": 253, "ymax": 326, "xmax": 971}}, {"tid": 2, "generated": 0, "bbox": {"xmin": 960, "ymin": 264, "ymax": 311, "xmax": 985}}, {"tid": 3, "generated": 0, "bbox": {"xmin": 983, "ymin": 262, "ymax": 296, "xmax": 1036}}, {"tid": 4, "generated": 0, "bbox": {"xmin": 1052, "ymin": 260, "ymax": 293, "xmax": 1092}}], [{"tid": 0, "generated": 0, "bbox": {"xmin": 512, "ymin": 263, "ymax": 401, "xmax": 784}}, {"tid": 1, "generated": 0, "bbox": {"xmin": 878, "ymin": 252, "ymax": 327, "xmax": 967}}, {"tid": 2, "generated": 0, "bbox": {"xmin": 959, "ymin": 264, "ymax": 310, "xmax": 983}}, {"tid": 3, "generated": 0, "bbox": {"xmin": 982, "ymin": 262, "ymax": 296, "xmax": 1035}}, {"tid": 4, "generated": 0, "bbox": {"xmin": 1050, "ymin": 259, "ymax": 291, "xmax": 1089}}], [{"tid": 0, "generated": 0, "bbox": {"xmin": 517, "ymin": 263, "ymax": 398, "xmax": 784}}, {"tid": 1, "generated": 0, "bbox": {"xmin": 878, "ymin": 250, "ymax": 325, "xmax": 968}}, {"tid": 2, "generated": 0, "bbox": {"xmin": 958, "ymin": 263, "ymax": 309, "xmax": 982}}, {"tid": 3, "generated": 0, "bbox": {"xmin": 981, "ymin": 261, "ymax": 295, "xmax": 1034}}, {"tid": 4, "generated": 0, "bbox": {"xmin": 1049, "ymin": 258, "ymax": 290, "xmax": 1090}}], [{"tid": 0, "generated": 0, "bbox": {"xmin": 519, "ymin": 263, "ymax": 400, "xmax": 784}}, {"tid": 1, "generated": 0, "bbox": {"xmin": 878, "ymin": 250, "ymax": 323, "xmax": 958}}, {"tid": 2, "generated": 0, "bbox": {"xmin": 958, "ymin": 263, "ymax": 309, "xmax": 981}}, {"tid": 3, "generated": 0, "bbox": {"xmin": 981, "ymin": 261, "ymax": 295, "xmax": 1034}}, {"tid": 4, "generated": 0, "bbox": {"xmin": 1048, "ymin": 257, "ymax": 289, "xmax": 1091}}], [{"tid": 0, "generated": 0, "bbox": {"xmin": 524, "ymin": 261, "ymax": 396, "xmax": 787}}, {"tid": 1, "generated": 0, "bbox": {"xmin": 877, "ymin": 249, "ymax": 321, "xmax": 958}}, {"tid": 2, "generated": 0, "bbox": {"xmin": 956, "ymin": 261, "ymax": 307, "xmax": 980}}, {"tid": 3, "generated": 0, "bbox": {"xmin": 980, "ymin": 260, "ymax": 294, "xmax": 1033}}, {"tid": 4, "generated": 0, "bbox": {"xmin": 1045, "ymin": 256, "ymax": 288, "xmax": 1088}}], [{"tid": 0, "generated": 0, "bbox": {"xmin": 528, "ymin": 260, "ymax": 393, "xmax": 789}}, {"tid": 1, "generated": 0, "bbox": {"xmin": 877, "ymin": 248, "ymax": 320, "xmax": 958}}, {"tid": 2, "generated": 0, "bbox": {"xmin": 955, "ymin": 259, "ymax": 306, "xmax": 979}}, {"tid": 3, "generated": 0, "bbox": {"xmin": 979, "ymin": 259, "ymax": 293, "xmax": 1032}}, {"tid": 4, "generated": 0, "bbox": {"xmin": 1043, "ymin": 255, "ymax": 287, "xmax": 1086}}], [{"tid": 0, "generated": 0, "bbox": {"xmin": 533, "ymin": 259, "ymax": 391, "xmax": 791}}, {"tid": 1, "generated": 0, "bbox": {"xmin": 877, "ymin": 247, "ymax": 318, "xmax": 958}}, {"tid": 2, "generated": 0, "bbox": {"xmin": 954, "ymin": 258, "ymax": 304, "xmax": 978}}, {"tid": 3, "generated": 0, "bbox": {"xmin": 978, "ymin": 258, "ymax": 292, "xmax": 1031}}, {"tid": 4, "generated": 0, "bbox": {"xmin": 1042, "ymin": 255, "ymax": 287, "xmax": 1084}}], [{"tid": 0, "generated": 0, "bbox": {"xmin": 538, "ymin": 258, "ymax": 389, "xmax": 791}}, {"tid": 1, "generated": 0, "bbox": {"xmin": 877, "ymin": 247, "ymax": 317, "xmax": 958}}, {"tid": 2, "generated": 0, "bbox": {"xmin": 953, "ymin": 256, "ymax": 303, "xmax": 978}}, {"tid": 3, "generated": 0, "bbox": {"xmin": 977, "ymin": 257, "ymax": 291, "xmax": 1030}}, {"tid": 4, "generated": 0, "bbox": {"xmin": 1041, "ymin": 254, "ymax": 286, "xmax": 1082}}], [{"tid": 0, "generated": 0, "bbox": {"xmin": 544, "ymin": 257, "ymax": 387, "xmax": 791}}, {"tid": 1, "generated": 0, "bbox": {"xmin": 877, "ymin": 246, "ymax": 316, "xmax": 958}}, {"tid": 2, "generated": 0, "bbox": {"xmin": 952, "ymin": 255, "ymax": 302, "xmax": 977}}, {"tid": 3, "generated": 0, "bbox": {"xmin": 976, "ymin": 256, "ymax": 290, "xmax": 1029}}, {"tid": 4, "generated": 0, "bbox": {"xmin": 1040, "ymin": 254, "ymax": 286, "xmax": 1080}}], [{"tid": 0, "generated": 0, "bbox": {"xmin": 544, "ymin": 255, "ymax": 382, "xmax": 791}}, {"tid": 1, "generated": 0, "bbox": {"xmin": 876, "ymin": 245, "ymax": 314, "xmax": 958}}, {"tid": 2, "generated": 0, "bbox": {"xmin": 951, "ymin": 253, "ymax": 300, "xmax": 976}}, {"tid": 3, "generated": 0, "bbox": {"xmin": 975, "ymin": 255, "ymax": 289, "xmax": 1028}}, {"tid": 4, "generated": 0, "bbox": {"xmin": 1043, "ymin": 252, "ymax": 282, "xmax": 1080}}], [{"tid": 0, "generated": 0, "bbox": {"xmin": 545, "ymin": 254, "ymax": 378, "xmax": 791}}, {"tid": 1, "generated": 0, "bbox": {"xmin": 876, "ymin": 245, "ymax": 313, "xmax": 958}}, {"tid": 2, "generated": 0, "bbox": {"xmin": 950, "ymin": 251, "ymax": 299, "xmax": 976}}, {"tid": 3, "generated": 0, "bbox": {"xmin": 974, "ymin": 254, "ymax": 288, "xmax": 1027}}, {"tid": 4, "generated": 0, "bbox": {"xmin": 1042, "ymin": 250, "ymax": 280, "xmax": 1079}}], [{"tid": 0, "generated": 0, "bbox": {"xmin": 551, "ymin": 256, "ymax": 378, "xmax": 792}}, {"tid": 1, "generated": 0, "bbox": {"xmin": 876, "ymin": 244, "ymax": 311, "xmax": 958}}, {"tid": 2, "generated": 0, "bbox": {"xmin": 949, "ymin": 250, "ymax": 297, "xmax": 975}}, {"tid": 3, "generated": 0, "bbox": {"xmin": 973, "ymin": 253, "ymax": 287, "xmax": 1026}}, {"tid": 4, "generated": 0, "bbox": {"xmin": 1041, "ymin": 249, "ymax": 278, "xmax": 1078}}], [{"tid": 0, "generated": 0, "bbox": {"xmin": 554, "ymin": 254, "ymax": 380, "xmax": 796}}, {"tid": 1, "generated": 0, "bbox": {"xmin": 876, "ymin": 243, "ymax": 310, "xmax": 958}}, {"tid": 2, "generated": 0, "bbox": {"xmin": 948, "ymin": 248, "ymax": 296, "xmax": 974}}, {"tid": 3, "generated": 0, "bbox": {"xmin": 972, "ymin": 252, "ymax": 286, "xmax": 1025}}, {"tid": 4, "generated": 0, "bbox": {"xmin": 1040, "ymin": 248, "ymax": 276, "xmax": 1077}}], [{"tid": 0, "generated": 0, "bbox": {"xmin": 560, "ymin": 252, "ymax": 376, "xmax": 798}}, {"tid": 1, "generated": 0, "bbox": {"xmin": 876, "ymin": 243, "ymax": 309, "xmax": 958}}, {"tid": 2, "generated": 0, "bbox": {"xmin": 947, "ymin": 247, "ymax": 295, "xmax": 974}}, {"tid": 3, "generated": 0, "bbox": {"xmin": 972, "ymin": 252, "ymax": 286, "xmax": 1025}}, {"tid": 4, "generated": 0, "bbox": {"xmin": 1040, "ymin": 247, "ymax": 275, "xmax": 1077}}], [{"tid": 0, "generated": 0, "bbox": {"xmin": 563, "ymin": 251, "ymax": 374, "xmax": 799}}, {"tid": 1, "generated": 0, "bbox": {"xmin": 875, "ymin": 242, "ymax": 307, "xmax": 952}}, {"tid": 2, "generated": 0, "bbox": {"xmin": 946, "ymin": 246, "ymax": 294, "xmax": 973}}, {"tid": 3, "generated": 0, "bbox": {"xmin": 971, "ymin": 250, "ymax": 284, "xmax": 1024}}, {"tid": 4, "generated": 0, "bbox": {"xmin": 1038, "ymin": 245, "ymax": 274, "xmax": 1076}}], [{"tid": 0, "generated": 0, "bbox": {"xmin": 566, "ymin": 250, "ymax": 372, "xmax": 800}}, {"tid": 1, "generated": 0, "bbox": {"xmin": 874, "ymin": 241, "ymax": 305, "xmax": 947}}, {"tid": 2, "generated": 0, "bbox": {"xmin": 945, "ymin": 245, "ymax": 293, "xmax": 973}}, {"tid": 3, "generated": 0, "bbox": {"xmin": 971, "ymin": 248, "ymax": 282, "xmax": 1023}}, {"tid": 4, "generated": 0, "bbox": {"xmin": 1037, "ymin": 244, "ymax": 274, "xmax": 1075}}], [{"tid": 0, "generated": 0, "bbox": {"xmin": 569, "ymin": 249, "ymax": 370, "xmax": 801}}, {"tid": 1, "generated": 0, "bbox": {"xmin": 874, "ymin": 240, "ymax": 303, "xmax": 948}}, {"tid": 2, "generated": 0, "bbox": {"xmin": 944, "ymin": 244, "ymax": 292, "xmax": 972}}, {"tid": 3, "generated": 0, "bbox": {"xmin": 970, "ymin": 247, "ymax": 281, "xmax": 1022}}, {"tid": 4, "generated": 0, "bbox": {"xmin": 1036, "ymin": 243, "ymax": 274, "xmax": 1074}}], [{"tid": 0, "generated": 0, "bbox": {"xmin": 573, "ymin": 248, "ymax": 368, "xmax": 802}}, {"tid": 1, "generated": 0, "bbox": {"xmin": 874, "ymin": 239, "ymax": 302, "xmax": 949}}, {"tid": 2, "generated": 0, "bbox": {"xmin": 944, "ymin": 243, "ymax": 292, "xmax": 972}}, {"tid": 3, "generated": 0, "bbox": {"xmin": 970, "ymin": 245, "ymax": 279, "xmax": 1022}}, {"tid": 4, "generated": 0, "bbox": {"xmin": 1035, "ymin": 242, "ymax": 274, "xmax": 1074}}]], "subject/objects": [{"category": "car", "tid": 0}, {"category": "car", "tid": 1}, {"category": "car", "tid": 2}, {"category": "car", "tid": 3}, {"category": "car", "tid": 4}], "relation_instances": [{"end_fid": 105, "subject_tid": 0, "predicate": "move_behind", "begin_fid": 75, "object_tid": 1}, {"end_fid": 105, "subject_tid": 1, "predicate": "move_front", "begin_fid": 75, "object_tid": 0}, {"end_fid": 105, "subject_tid": 0, "predicate": "move_behind", "begin_fid": 75, "object_tid": 2}, {"end_fid": 105, "subject_tid": 2, "predicate": "move_front", "begin_fid": 75, "object_tid": 0}, {"end_fid": 105, "subject_tid": 1, "predicate": "move_next_to", "begin_fid": 75, "object_tid": 2}, {"end_fid": 105, "subject_tid": 1, "predicate": "move_behind", "begin_fid": 75, "object_tid": 2}, {"end_fid": 105, "subject_tid": 2, "predicate": "move_next_to", "begin_fid": 75, "object_tid": 1}, {"end_fid": 105, "subject_tid": 2, "predicate": "move_front", "begin_fid": 75, "object_tid": 1}, {"end_fid": 135, "subject_tid": 0, "predicate": "move_behind", "begin_fid": 105, "object_tid": 1}, {"end_fid": 135, "subject_tid": 0, "predicate": "follow", "begin_fid": 105, "object_tid": 1}, {"end_fid": 135, "subject_tid": 1, "predicate": "move_front", "begin_fid": 105, "object_tid": 0}, {"end_fid": 135, "subject_tid": 0, "predicate": "move_behind", "begin_fid": 105, "object_tid": 2}, {"end_fid": 135, "subject_tid": 2, "predicate": "move_front", "begin_fid": 105, "object_tid": 0}, {"end_fid": 135, "subject_tid": 0, "predicate": "move_behind", "begin_fid": 105, "object_tid": 3}, {"end_fid": 135, "subject_tid": 3, "predicate": "move_front", "begin_fid": 105, "object_tid": 0}, {"end_fid": 135, "subject_tid": 0, "predicate": "move_behind", "begin_fid": 105, "object_tid": 4}, {"end_fid": 135, "subject_tid": 0, "predicate": "move_left", "begin_fid": 105, "object_tid": 4}, {"end_fid": 135, "subject_tid": 4, "predicate": "move_right", "begin_fid": 105, "object_tid": 0}, {"end_fid": 135, "subject_tid": 4, "predicate": "move_front", "begin_fid": 105, "object_tid": 0}, {"end_fid": 135, "subject_tid": 1, "predicate": "move_next_to", "begin_fid": 105, "object_tid": 2}, {"end_fid": 135, "subject_tid": 1, "predicate": "move_behind", "begin_fid": 105, "object_tid": 2}, {"end_fid": 135, "subject_tid": 2, "predicate": "move_next_to", "begin_fid": 105, "object_tid": 1}, {"end_fid": 135, "subject_tid": 2, "predicate": "move_front", "begin_fid": 105, "object_tid": 1}, {"end_fid": 135, "subject_tid": 1, "predicate": "move_behind", "begin_fid": 105, "object_tid": 3}, {"end_fid": 135, "subject_tid": 3, "predicate": "move_front", "begin_fid": 105, "object_tid": 1}, {"end_fid": 135, "subject_tid": 1, "predicate": "move_behind", "begin_fid": 105, "object_tid": 4}, {"end_fid": 135, "subject_tid": 1, "predicate": "move_left", "begin_fid": 105, "object_tid": 4}, {"end_fid": 135, "subject_tid": 4, "predicate": "move_right", "begin_fid": 105, "object_tid": 1}, {"end_fid": 135, "subject_tid": 4, "predicate": "move_front", "begin_fid": 105, "object_tid": 1}, {"end_fid": 135, "subject_tid": 2, "predicate": "move_next_to", "begin_fid": 105, "object_tid": 3}, {"end_fid": 135, "subject_tid": 2, "predicate": "move_behind", "begin_fid": 105, "object_tid": 3}, {"end_fid": 135, "subject_tid": 3, "predicate": "move_next_to", "begin_fid": 105, "object_tid": 2}, {"end_fid": 135, "subject_tid": 3, "predicate": "move_front", "begin_fid": 105, "object_tid": 2}, {"end_fid": 135, "subject_tid": 2, "predicate": "move_behind", "begin_fid": 105, "object_tid": 4}, {"end_fid": 135, "subject_tid": 2, "predicate": "move_left", "begin_fid": 105, "object_tid": 4}, {"end_fid": 135, "subject_tid": 4, "predicate": "move_right", "begin_fid": 105, "object_tid": 2}, {"end_fid": 135, "subject_tid": 4, "predicate": "move_front", "begin_fid": 105, "object_tid": 2}, {"end_fid": 135, "subject_tid": 3, "predicate": "move_behind", "begin_fid": 105, "object_tid": 4}, {"end_fid": 135, "subject_tid": 3, "predicate": "move_left", "begin_fid": 105, "object_tid": 4}, {"end_fid": 135, "subject_tid": 4, "predicate": "move_right", "begin_fid": 105, "object_tid": 3}, {"end_fid": 135, "subject_tid": 4, "predicate": "move_front", "begin_fid": 105, "object_tid": 3}], "height": 720}