{"width": 1280, "frame_count": 65, "video_id": "ILSVRC2015_train_00119037", "fps": 30, "trajectories": [[{"tid": 0, "generated": 0, "bbox": {"xmin": 679, "ymin": 147, "ymax": 225, "xmax": 780}}, {"tid": 1, "generated": 0, "bbox": {"xmin": 965, "ymin": 176, "ymax": 245, "xmax": 1059}}, {"tid": 2, "generated": 0, "bbox": {"xmin": 689, "ymin": 94, "ymax": 221, "xmax": 800}}, {"tid": 4, "generated": 0, "bbox": {"xmin": 1220, "ymin": 203, "ymax": 281, "xmax": 1277}}], [{"tid": 0, "generated": 0, "bbox": {"xmin": 671, "ymin": 142, "ymax": 227, "xmax": 772}}, {"tid": 1, "generated": 0, "bbox": {"xmin": 958, "ymin": 176, "ymax": 245, "xmax": 1052}}, {"tid": 2, "generated": 0, "bbox": {"xmin": 688, "ymin": 88, "ymax": 220, "xmax": 799}}, {"tid": 4, "generated": 0, "bbox": {"xmin": 1220, "ymin": 203, "ymax": 281, "xmax": 1277}}], [{"tid": 0, "generated": 0, "bbox": {"xmin": 663, "ymin": 138, "ymax": 229, "xmax": 764}}, {"tid": 1, "generated": 0, "bbox": {"xmin": 951, "ymin": 176, "ymax": 245, "xmax": 1045}}, {"tid": 2, "generated": 0, "bbox": {"xmin": 687, "ymin": 82, "ymax": 219, "xmax": 798}}, {"tid": 4, "generated": 0, "bbox": {"xmin": 1220, "ymin": 203, "ymax": 281, "xmax": 1277}}], [{"tid": 0, "generated": 0, "bbox": {"xmin": 654, "ymin": 124, "ymax": 220, "xmax": 753}}, {"tid": 1, "generated": 0, "bbox": {"xmin": 943, "ymin": 176, "ymax": 245, "xmax": 1037}}, {"tid": 2, "generated": 0, "bbox": {"xmin": 686, "ymin": 77, "ymax": 217, "xmax": 797}}, {"tid": 4, "generated": 0, "bbox": {"xmin": 1220, "ymin": 203, "ymax": 281, "xmax": 1277}}], [{"tid": 0, "generated": 0, "bbox": {"xmin": 654, "ymin": 118, "ymax": 223, "xmax": 748}}, {"tid": 1, "generated": 0, "bbox": {"xmin": 936, "ymin": 176, "ymax": 245, "xmax": 1030}}, {"tid": 2, "generated": 0, "bbox": {"xmin": 685, "ymin": 71, "ymax": 216, "xmax": 796}}, {"tid": 4, "generated": 0, "bbox": {"xmin": 1220, "ymin": 203, "ymax": 281, "xmax": 1277}}], [{"tid": 0, "generated": 0, "bbox": {"xmin": 654, "ymin": 112, "ymax": 227, "xmax": 743}}, {"tid": 1, "generated": 0, "bbox": {"xmin": 929, "ymin": 176, "ymax": 245, "xmax": 1023}}, {"tid": 2, "generated": 0, "bbox": {"xmin": 684, "ymin": 65, "ymax": 215, "xmax": 795}}, {"tid": 4, "generated": 0, "bbox": {"xmin": 1220, "ymin": 203, "ymax": 281, "xmax": 1277}}], [{"tid": 0, "generated": 0, "bbox": {"xmin": 652, "ymin": 101, "ymax": 225, "xmax": 736}}, {"tid": 1, "generated": 0, "bbox": {"xmin": 929, "ymin": 176, "ymax": 245, "xmax": 1023}}, {"tid": 2, "generated": 0, "bbox": {"xmin": 679, "ymin": 58, "ymax": 208, "xmax": 790}}, {"tid": 4, "generated": 0, "bbox": {"xmin": 1220, "ymin": 203, "ymax": 281, "xmax": 1277}}], [{"tid": 0, "generated": 0, "bbox": {"xmin": 653, "ymin": 101, "ymax": 220, "xmax": 740}}, {"tid": 1, "generated": 0, "bbox": {"xmin": 929, "ymin": 176, "ymax": 245, "xmax": 1023}}, {"tid": 2, "generated": 0, "bbox": {"xmin": 675, "ymin": 52, "ymax": 202, "xmax": 786}}, {"tid": 4, "generated": 0, "bbox": {"xmin": 1220, "ymin": 203, "ymax": 281, "xmax": 1277}}], [{"tid": 0, "generated": 0, "bbox": {"xmin": 655, "ymin": 101, "ymax": 215, "xmax": 744}}, {"tid": 1, "generated": 0, "bbox": {"xmin": 929, "ymin": 176, "ymax": 245, "xmax": 1023}}, {"tid": 2, "generated": 0, "bbox": {"xmin": 670, "ymin": 45, "ymax": 195, "xmax": 781}}, {"tid": 4, "generated": 0, "bbox": {"xmin": 1220, "ymin": 203, "ymax": 281, "xmax": 1277}}], [{"tid": 0, "generated": 0, "bbox": {"xmin": 657, "ymin": 101, "ymax": 211, "xmax": 748}}, {"tid": 1, "generated": 0, "bbox": {"xmin": 929, "ymin": 176, "ymax": 245, "xmax": 1023}}, {"tid": 2, "generated": 0, "bbox": {"xmin": 666, "ymin": 39, "ymax": 189, "xmax": 777}}, {"tid": 4, "generated": 0, "bbox": {"xmin": 1220, "ymin": 203, "ymax": 281, "xmax": 1277}}], [{"tid": 0, "generated": 0, "bbox": {"xmin": 647, "ymin": 95, "ymax": 202, "xmax": 750}}, {"tid": 1, "generated": 0, "bbox": {"xmin": 929, "ymin": 176, "ymax": 245, "xmax": 1023}}, {"tid": 2, "generated": 0, "bbox": {"xmin": 661, "ymin": 32, "ymax": 182, "xmax": 772}}, {"tid": 4, "generated": 0, "bbox": {"xmin": 1220, "ymin": 203, "ymax": 281, "xmax": 1277}}], [{"tid": 0, "generated": 0, "bbox": {"xmin": 637, "ymin": 90, "ymax": 194, "xmax": 752}}, {"tid": 1, "generated": 0, "bbox": {"xmin": 927, "ymin": 176, "ymax": 245, "xmax": 1021}}, {"tid": 2, "generated": 0, "bbox": {"xmin": 657, "ymin": 30, "ymax": 180, "xmax": 768}}, {"tid": 4, "generated": 0, "bbox": {"xmin": 1220, "ymin": 203, "ymax": 281, "xmax": 1277}}], [{"tid": 0, "generated": 0, "bbox": {"xmin": 627, "ymin": 85, "ymax": 186, "xmax": 755}}, {"tid": 1, "generated": 0, "bbox": {"xmin": 925, "ymin": 176, "ymax": 245, "xmax": 1019}}, {"tid": 2, "generated": 0, "bbox": {"xmin": 654, "ymin": 28, "ymax": 178, "xmax": 765}}, {"tid": 4, "generated": 0, "bbox": {"xmin": 1220, "ymin": 203, "ymax": 281, "xmax": 1277}}], [{"tid": 0, "generated": 0, "bbox": {"xmin": 627, "ymin": 85, "ymax": 186, "xmax": 750}}, {"tid": 1, "generated": 0, "bbox": {"xmin": 923, "ymin": 176, "ymax": 245, "xmax": 1017}}, {"tid": 2, "generated": 0, "bbox": {"xmin": 650, "ymin": 26, "ymax": 176, "xmax": 761}}, {"tid": 4, "generated": 0, "bbox": {"xmin": 1220, "ymin": 203, "ymax": 281, "xmax": 1277}}], [{"tid": 0, "generated": 0, "bbox": {"xmin": 629, "ymin": 89, "ymax": 190, "xmax": 745}}, {"tid": 1, "generated": 0, "bbox": {"xmin": 921, "ymin": 176, "ymax": 245, "xmax": 1015}}, {"tid": 2, "generated": 0, "bbox": {"xmin": 647, "ymin": 24, "ymax": 174, "xmax": 758}}, {"tid": 4, "generated": 0, "bbox": {"xmin": 1220, "ymin": 203, "ymax": 281, "xmax": 1277}}], [{"tid": 0, "generated": 0, "bbox": {"xmin": 631, "ymin": 94, "ymax": 195, "xmax": 741}}, {"tid": 1, "generated": 0, "bbox": {"xmin": 919, "ymin": 176, "ymax": 245, "xmax": 1013}}, {"tid": 2, "generated": 0, "bbox": {"xmin": 643, "ymin": 22, "ymax": 172, "xmax": 754}}, {"tid": 4, "generated": 0, "bbox": {"xmin": 1220, "ymin": 203, "ymax": 281, "xmax": 1277}}], [{"tid": 0, "generated": 0, "bbox": {"xmin": 629, "ymin": 95, "ymax": 194, "xmax": 731}}, {"tid": 1, "generated": 0, "bbox": {"xmin": 916, "ymin": 176, "ymax": 245, "xmax": 1010}}, {"tid": 2, "generated": 0, "bbox": {"xmin": 640, "ymin": 23, "ymax": 173, "xmax": 751}}, {"tid": 4, "generated": 0, "bbox": {"xmin": 1220, "ymin": 203, "ymax": 281, "xmax": 1277}}], [{"tid": 0, "generated": 0, "bbox": {"xmin": 627, "ymin": 97, "ymax": 193, "xmax": 721}}, {"tid": 1, "generated": 0, "bbox": {"xmin": 913, "ymin": 176, "ymax": 245, "xmax": 1007}}, {"tid": 2, "generated": 0, "bbox": {"xmin": 636, "ymin": 24, "ymax": 174, "xmax": 747}}, {"tid": 4, "generated": 0, "bbox": {"xmin": 1220, "ymin": 203, "ymax": 281, "xmax": 1277}}], [{"tid": 0, "generated": 0, "bbox": {"xmin": 625, "ymin": 99, "ymax": 192, "xmax": 711}}, {"tid": 1, "generated": 0, "bbox": {"xmin": 911, "ymin": 176, "ymax": 245, "xmax": 1005}}, {"tid": 2, "generated": 0, "bbox": {"xmin": 633, "ymin": 24, "ymax": 174, "xmax": 744}}, {"tid": 4, "generated": 0, "bbox": {"xmin": 1220, "ymin": 203, "ymax": 281, "xmax": 1277}}], [{"tid": 0, "generated": 0, "bbox": {"xmin": 611, "ymin": 105, "ymax": 205, "xmax": 715}}, {"tid": 1, "generated": 0, "bbox": {"xmin": 908, "ymin": 176, "ymax": 245, "xmax": 1002}}, {"tid": 2, "generated": 0, "bbox": {"xmin": 629, "ymin": 25, "ymax": 175, "xmax": 740}}, {"tid": 4, "generated": 0, "bbox": {"xmin": 1220, "ymin": 203, "ymax": 281, "xmax": 1277}}], [{"tid": 0, "generated": 0, "bbox": {"xmin": 597, "ymin": 111, "ymax": 218, "xmax": 720}}, {"tid": 1, "generated": 0, "bbox": {"xmin": 905, "ymin": 176, "ymax": 245, "xmax": 999}}, {"tid": 2, "generated": 0, "bbox": {"xmin": 626, "ymin": 26, "ymax": 176, "xmax": 737}}, {"tid": 4, "generated": 0, "bbox": {"xmin": 1220, "ymin": 203, "ymax": 281, "xmax": 1277}}], [{"tid": 0, "generated": 0, "bbox": {"xmin": 583, "ymin": 117, "ymax": 231, "xmax": 725}}, {"tid": 1, "generated": 0, "bbox": {"xmin": 903, "ymin": 176, "ymax": 245, "xmax": 997}}, {"tid": 2, "generated": 0, "bbox": {"xmin": 621, "ymin": 34, "ymax": 184, "xmax": 732}}, {"tid": 4, "generated": 0, "bbox": {"xmin": 1220, "ymin": 203, "ymax": 281, "xmax": 1277}}], [{"tid": 0, "generated": 0, "bbox": {"xmin": 577, "ymin": 128, "ymax": 257, "xmax": 714}}, {"tid": 1, "generated": 0, "bbox": {"xmin": 901, "ymin": 176, "ymax": 245, "xmax": 995}}, {"tid": 2, "generated": 0, "bbox": {"xmin": 617, "ymin": 41, "ymax": 191, "xmax": 728}}, {"tid": 4, "generated": 0, "bbox": {"xmin": 1220, "ymin": 203, "ymax": 281, "xmax": 1277}}], [{"tid": 0, "generated": 0, "bbox": {"xmin": 575, "ymin": 139, "ymax": 270, "xmax": 697}}, {"tid": 1, "generated": 0, "bbox": {"xmin": 899, "ymin": 176, "ymax": 245, "xmax": 993}}, {"tid": 2, "generated": 0, "bbox": {"xmin": 612, "ymin": 49, "ymax": 199, "xmax": 723}}, {"tid": 4, "generated": 0, "bbox": {"xmin": 1220, "ymin": 203, "ymax": 281, "xmax": 1277}}], [{"tid": 0, "generated": 0, "bbox": {"xmin": 574, "ymin": 151, "ymax": 284, "xmax": 680}}, {"tid": 1, "generated": 0, "bbox": {"xmin": 897, "ymin": 176, "ymax": 245, "xmax": 991}}, {"tid": 2, "generated": 0, "bbox": {"xmin": 608, "ymin": 56, "ymax": 206, "xmax": 719}}, {"tid": 4, "generated": 0, "bbox": {"xmin": 1220, "ymin": 203, "ymax": 281, "xmax": 1277}}], [{"tid": 0, "generated": 0, "bbox": {"xmin": 577, "ymin": 156, "ymax": 298, "xmax": 663}}, {"tid": 1, "generated": 0, "bbox": {"xmin": 895, "ymin": 176, "ymax": 245, "xmax": 989}}, {"tid": 2, "generated": 0, "bbox": {"xmin": 603, "ymin": 64, "ymax": 214, "xmax": 714}}, {"tid": 4, "generated": 0, "bbox": {"xmin": 1220, "ymin": 203, "ymax": 281, "xmax": 1277}}], [{"tid": 0, "generated": 0, "bbox": {"xmin": 580, "ymin": 166, "ymax": 305, "xmax": 657}}, {"tid": 1, "generated": 0, "bbox": {"xmin": 889, "ymin": 176, "ymax": 245, "xmax": 983}}, {"tid": 2, "generated": 0, "bbox": {"xmin": 601, "ymin": 82, "ymax": 232, "xmax": 712}}, {"tid": 4, "generated": 0, "bbox": {"xmin": 1220, "ymin": 203, "ymax": 281, "xmax": 1277}}], [{"tid": 0, "generated": 0, "bbox": {"xmin": 584, "ymin": 177, "ymax": 312, "xmax": 652}}, {"tid": 1, "generated": 0, "bbox": {"xmin": 883, "ymin": 176, "ymax": 245, "xmax": 977}}, {"tid": 2, "generated": 0, "bbox": {"xmin": 598, "ymin": 100, "ymax": 250, "xmax": 709}}, {"tid": 4, "generated": 0, "bbox": {"xmin": 1220, "ymin": 203, "ymax": 281, "xmax": 1277}}], [{"tid": 0, "generated": 0, "bbox": {"xmin": 582, "ymin": 191, "ymax": 326, "xmax": 649}}, {"tid": 1, "generated": 0, "bbox": {"xmin": 878, "ymin": 176, "ymax": 245, "xmax": 972}}, {"tid": 2, "generated": 0, "bbox": {"xmin": 596, "ymin": 118, "ymax": 268, "xmax": 707}}, {"tid": 4, "generated": 0, "bbox": {"xmin": 1220, "ymin": 203, "ymax": 281, "xmax": 1277}}], [{"tid": 0, "generated": 0, "bbox": {"xmin": 580, "ymin": 205, "ymax": 340, "xmax": 646}}, {"tid": 1, "generated": 0, "bbox": {"xmin": 872, "ymin": 176, "ymax": 245, "xmax": 966}}, {"tid": 2, "generated": 0, "bbox": {"xmin": 593, "ymin": 136, "ymax": 286, "xmax": 704}}, {"tid": 4, "generated": 0, "bbox": {"xmin": 1220, "ymin": 203, "ymax": 281, "xmax": 1277}}], [{"tid": 1, "generated": 0, "bbox": {"xmin": 866, "ymin": 176, "ymax": 245, "xmax": 960}}, {"tid": 2, "generated": 0, "bbox": {"xmin": 591, "ymin": 154, "ymax": 304, "xmax": 702}}, {"tid": 4, "generated": 0, "bbox": {"xmin": 1220, "ymin": 203, "ymax": 281, "xmax": 1277}}], [{"tid": 1, "generated": 0, "bbox": {"xmin": 866, "ymin": 177, "ymax": 246, "xmax": 960}}, {"tid": 2, "generated": 0, "bbox": {"xmin": 587, "ymin": 171, "ymax": 335, "xmax": 698}}, {"tid": 4, "generated": 0, "bbox": {"xmin": 1220, "ymin": 203, "ymax": 281, "xmax": 1277}}], [{"tid": 1, "generated": 0, "bbox": {"xmin": 867, "ymin": 178, "ymax": 247, "xmax": 961}}, {"tid": 2, "generated": 0, "bbox": {"xmin": 583, "ymin": 188, "ymax": 367, "xmax": 694}}, {"tid": 4, "generated": 0, "bbox": {"xmin": 1220, "ymin": 203, "ymax": 281, "xmax": 1277}}], [{"tid": 1, "generated": 0, "bbox": {"xmin": 867, "ymin": 178, "ymax": 247, "xmax": 961}}, {"tid": 2, "generated": 0, "bbox": {"xmin": 580, "ymin": 204, "ymax": 398, "xmax": 691}}, {"tid": 4, "generated": 0, "bbox": {"xmin": 1220, "ymin": 203, "ymax": 281, "xmax": 1277}}], [{"tid": 1, "generated": 0, "bbox": {"xmin": 868, "ymin": 179, "ymax": 248, "xmax": 962}}, {"tid": 2, "generated": 0, "bbox": {"xmin": 576, "ymin": 221, "ymax": 430, "xmax": 687}}, {"tid": 4, "generated": 0, "bbox": {"xmin": 1220, "ymin": 203, "ymax": 281, "xmax": 1277}}], [{"tid": 1, "generated": 0, "bbox": {"xmin": 868, "ymin": 180, "ymax": 249, "xmax": 962}}, {"tid": 2, "generated": 0, "bbox": {"xmin": 572, "ymin": 238, "ymax": 461, "xmax": 683}}, {"tid": 4, "generated": 0, "bbox": {"xmin": 1220, "ymin": 203, "ymax": 281, "xmax": 1277}}], [{"tid": 1, "generated": 0, "bbox": {"xmin": 868, "ymin": 181, "ymax": 250, "xmax": 962}}, {"tid": 2, "generated": 0, "bbox": {"xmin": 564, "ymin": 275, "ymax": 498, "xmax": 675}}, {"tid": 4, "generated": 0, "bbox": {"xmin": 1220, "ymin": 203, "ymax": 281, "xmax": 1277}}], [{"tid": 1, "generated": 0, "bbox": {"xmin": 868, "ymin": 182, "ymax": 251, "xmax": 962}}, {"tid": 2, "generated": 0, "bbox": {"xmin": 555, "ymin": 311, "ymax": 534, "xmax": 666}}, {"tid": 4, "generated": 0, "bbox": {"xmin": 1220, "ymin": 203, "ymax": 281, "xmax": 1277}}], [{"tid": 1, "generated": 0, "bbox": {"xmin": 868, "ymin": 183, "ymax": 252, "xmax": 962}}, {"tid": 2, "generated": 0, "bbox": {"xmin": 547, "ymin": 348, "ymax": 571, "xmax": 658}}, {"tid": 4, "generated": 0, "bbox": {"xmin": 1220, "ymin": 203, "ymax": 281, "xmax": 1277}}], [{"tid": 1, "generated": 0, "bbox": {"xmin": 868, "ymin": 184, "ymax": 253, "xmax": 962}}, {"tid": 2, "generated": 0, "bbox": {"xmin": 538, "ymin": 384, "ymax": 607, "xmax": 649}}, {"tid": 4, "generated": 0, "bbox": {"xmin": 1220, "ymin": 203, "ymax": 281, "xmax": 1277}}], [{"tid": 1, "generated": 0, "bbox": {"xmin": 868, "ymin": 185, "ymax": 254, "xmax": 962}}, {"tid": 2, "generated": 0, "bbox": {"xmin": 530, "ymin": 421, "ymax": 644, "xmax": 641}}, {"tid": 4, "generated": 0, "bbox": {"xmin": 1220, "ymin": 203, "ymax": 281, "xmax": 1277}}], [{"tid": 1, "generated": 0, "bbox": {"xmin": 868, "ymin": 186, "ymax": 255, "xmax": 962}}, {"tid": 2, "generated": 0, "bbox": {"xmin": 520, "ymin": 434, "ymax": 657, "xmax": 631}}, {"tid": 4, "generated": 0, "bbox": {"xmin": 1220, "ymin": 203, "ymax": 281, "xmax": 1277}}], [{"tid": 1, "generated": 0, "bbox": {"xmin": 868, "ymin": 187, "ymax": 256, "xmax": 962}}, {"tid": 2, "generated": 0, "bbox": {"xmin": 510, "ymin": 447, "ymax": 670, "xmax": 621}}, {"tid": 4, "generated": 0, "bbox": {"xmin": 1220, "ymin": 203, "ymax": 281, "xmax": 1277}}], [{"tid": 1, "generated": 0, "bbox": {"xmin": 869, "ymin": 189, "ymax": 258, "xmax": 963}}, {"tid": 2, "generated": 0, "bbox": {"xmin": 499, "ymin": 461, "ymax": 684, "xmax": 610}}, {"tid": 4, "generated": 0, "bbox": {"xmin": 1220, "ymin": 203, "ymax": 281, "xmax": 1277}}], [{"tid": 1, "generated": 0, "bbox": {"xmin": 869, "ymin": 190, "ymax": 259, "xmax": 963}}, {"tid": 2, "generated": 0, "bbox": {"xmin": 489, "ymin": 474, "ymax": 697, "xmax": 600}}, {"tid": 4, "generated": 0, "bbox": {"xmin": 1220, "ymin": 203, "ymax": 281, "xmax": 1277}}], [{"tid": 1, "generated": 0, "bbox": {"xmin": 869, "ymin": 191, "ymax": 260, "xmax": 963}}, {"tid": 2, "generated": 0, "bbox": {"xmin": 479, "ymin": 487, "ymax": 710, "xmax": 590}}, {"tid": 4, "generated": 0, "bbox": {"xmin": 1220, "ymin": 203, "ymax": 281, "xmax": 1277}}], [{"tid": 1, "generated": 0, "bbox": {"xmin": 869, "ymin": 191, "ymax": 260, "xmax": 963}}, {"tid": 2, "generated": 0, "bbox": {"xmin": 467, "ymin": 487, "ymax": 710, "xmax": 580}}, {"tid": 4, "generated": 0, "bbox": {"xmin": 1220, "ymin": 203, "ymax": 281, "xmax": 1277}}], [{"tid": 1, "generated": 0, "bbox": {"xmin": 869, "ymin": 191, "ymax": 260, "xmax": 963}}, {"tid": 2, "generated": 0, "bbox": {"xmin": 454, "ymin": 487, "ymax": 710, "xmax": 570}}, {"tid": 4, "generated": 0, "bbox": {"xmin": 1220, "ymin": 203, "ymax": 281, "xmax": 1277}}], [{"tid": 1, "generated": 0, "bbox": {"xmin": 869, "ymin": 191, "ymax": 260, "xmax": 963}}, {"tid": 2, "generated": 0, "bbox": {"xmin": 442, "ymin": 486, "ymax": 709, "xmax": 560}}, {"tid": 4, "generated": 0, "bbox": {"xmin": 1220, "ymin": 203, "ymax": 281, "xmax": 1277}}], [{"tid": 1, "generated": 0, "bbox": {"xmin": 869, "ymin": 191, "ymax": 260, "xmax": 963}}, {"tid": 2, "generated": 0, "bbox": {"xmin": 429, "ymin": 486, "ymax": 709, "xmax": 550}}, {"tid": 4, "generated": 0, "bbox": {"xmin": 1220, "ymin": 203, "ymax": 281, "xmax": 1277}}], [{"tid": 1, "generated": 0, "bbox": {"xmin": 869, "ymin": 191, "ymax": 260, "xmax": 963}}, {"tid": 2, "generated": 0, "bbox": {"xmin": 417, "ymin": 486, "ymax": 709, "xmax": 540}}, {"tid": 4, "generated": 0, "bbox": {"xmin": 1220, "ymin": 203, "ymax": 281, "xmax": 1277}}], [{"tid": 1, "generated": 0, "bbox": {"xmin": 869, "ymin": 191, "ymax": 260, "xmax": 963}}, {"tid": 2, "generated": 0, "bbox": {"xmin": 384, "ymin": 475, "ymax": 690, "xmax": 513}}, {"tid": 4, "generated": 0, "bbox": {"xmin": 1220, "ymin": 203, "ymax": 281, "xmax": 1277}}], [{"tid": 1, "generated": 0, "bbox": {"xmin": 869, "ymin": 191, "ymax": 260, "xmax": 963}}, {"tid": 2, "generated": 0, "bbox": {"xmin": 351, "ymin": 464, "ymax": 671, "xmax": 486}}, {"tid": 4, "generated": 0, "bbox": {"xmin": 1220, "ymin": 203, "ymax": 281, "xmax": 1277}}], [{"tid": 1, "generated": 0, "bbox": {"xmin": 869, "ymin": 191, "ymax": 260, "xmax": 963}}, {"tid": 2, "generated": 0, "bbox": {"xmin": 318, "ymin": 452, "ymax": 652, "xmax": 460}}, {"tid": 4, "generated": 0, "bbox": {"xmin": 1220, "ymin": 203, "ymax": 281, "xmax": 1277}}], [{"tid": 1, "generated": 0, "bbox": {"xmin": 869, "ymin": 191, "ymax": 260, "xmax": 963}}, {"tid": 2, "generated": 0, "bbox": {"xmin": 285, "ymin": 441, "ymax": 633, "xmax": 433}}, {"tid": 4, "generated": 0, "bbox": {"xmin": 1220, "ymin": 203, "ymax": 281, "xmax": 1277}}], [{"tid": 1, "generated": 0, "bbox": {"xmin": 869, "ymin": 191, "ymax": 260, "xmax": 963}}, {"tid": 2, "generated": 0, "bbox": {"xmin": 252, "ymin": 430, "ymax": 614, "xmax": 406}}, {"tid": 4, "generated": 0, "bbox": {"xmin": 1220, "ymin": 203, "ymax": 281, "xmax": 1277}}], [{"tid": 1, "generated": 0, "bbox": {"xmin": 869, "ymin": 191, "ymax": 260, "xmax": 963}}, {"tid": 2, "generated": 0, "bbox": {"xmin": 213, "ymin": 405, "ymax": 606, "xmax": 379}}, {"tid": 4, "generated": 0, "bbox": {"xmin": 1220, "ymin": 203, "ymax": 281, "xmax": 1277}}], [{"tid": 1, "generated": 0, "bbox": {"xmin": 869, "ymin": 191, "ymax": 260, "xmax": 963}}, {"tid": 2, "generated": 0, "bbox": {"xmin": 175, "ymin": 381, "ymax": 598, "xmax": 352}}, {"tid": 4, "generated": 0, "bbox": {"xmin": 1220, "ymin": 203, "ymax": 281, "xmax": 1277}}], [{"tid": 1, "generated": 0, "bbox": {"xmin": 869, "ymin": 191, "ymax": 260, "xmax": 963}}, {"tid": 2, "generated": 0, "bbox": {"xmin": 136, "ymin": 356, "ymax": 591, "xmax": 324}}, {"tid": 4, "generated": 0, "bbox": {"xmin": 1220, "ymin": 203, "ymax": 281, "xmax": 1277}}], [{"tid": 1, "generated": 0, "bbox": {"xmin": 869, "ymin": 191, "ymax": 260, "xmax": 963}}, {"tid": 2, "generated": 0, "bbox": {"xmin": 98, "ymin": 332, "ymax": 583, "xmax": 297}}, {"tid": 4, "generated": 0, "bbox": {"xmin": 1220, "ymin": 203, "ymax": 281, "xmax": 1277}}]], "subject/objects": [{"category": "bicycle", "tid": 0}, {"category": "person", "tid": 1}, {"category": "person", "tid": 2}, {"category": "person", "tid": 4}], "relation_instances": [{"end_fid": 30, "subject_tid": 0, "predicate": "jump_left", "begin_fid": 0, "object_tid": 1}, {"end_fid": 30, "subject_tid": 1, "predicate": "walk_right", "begin_fid": 0, "object_tid": 0}, {"end_fid": 30, "subject_tid": 1, "predicate": "watch", "begin_fid": 0, "object_tid": 0}, {"end_fid": 30, "subject_tid": 0, "predicate": "jump_beneath", "begin_fid": 0, "object_tid": 2}, {"end_fid": 30, "subject_tid": 2, "predicate": "sit_above", "begin_fid": 0, "object_tid": 0}, {"end_fid": 30, "subject_tid": 2, "predicate": "ride", "begin_fid": 0, "object_tid": 0}, {"end_fid": 30, "subject_tid": 0, "predicate": "jump_left", "begin_fid": 0, "object_tid": 4}, {"end_fid": 30, "subject_tid": 4, "predicate": "stand_right", "begin_fid": 0, "object_tid": 0}, {"end_fid": 30, "subject_tid": 4, "predicate": "watch", "begin_fid": 0, "object_tid": 0}, {"end_fid": 30, "subject_tid": 1, "predicate": "walk_right", "begin_fid": 0, "object_tid": 2}, {"end_fid": 30, "subject_tid": 1, "predicate": "watch", "begin_fid": 0, "object_tid": 2}, {"end_fid": 30, "subject_tid": 2, "predicate": "left", "begin_fid": 0, "object_tid": 1}, {"end_fid": 30, "subject_tid": 1, "predicate": "walk_away", "begin_fid": 0, "object_tid": 4}, {"end_fid": 30, "subject_tid": 1, "predicate": "walk_left", "begin_fid": 0, "object_tid": 4}, {"end_fid": 30, "subject_tid": 4, "predicate": "stand_right", "begin_fid": 0, "object_tid": 1}, {"end_fid": 30, "subject_tid": 2, "predicate": "left", "begin_fid": 0, "object_tid": 4}, {"end_fid": 30, "subject_tid": 4, "predicate": "stand_right", "begin_fid": 0, "object_tid": 2}, {"end_fid": 30, "subject_tid": 4, "predicate": "watch", "begin_fid": 0, "object_tid": 2}, {"end_fid": 60, "subject_tid": 1, "predicate": "stand_right", "begin_fid": 30, "object_tid": 2}, {"end_fid": 60, "subject_tid": 1, "predicate": "stand_above", "begin_fid": 30, "object_tid": 2}, {"end_fid": 60, "subject_tid": 1, "predicate": "watch", "begin_fid": 30, "object_tid": 2}, {"end_fid": 60, "subject_tid": 2, "predicate": "beneath", "begin_fid": 30, "object_tid": 1}, {"end_fid": 60, "subject_tid": 2, "predicate": "left", "begin_fid": 30, "object_tid": 1}, {"end_fid": 60, "subject_tid": 1, "predicate": "stand_left", "begin_fid": 30, "object_tid": 4}, {"end_fid": 60, "subject_tid": 4, "predicate": "stand_right", "begin_fid": 30, "object_tid": 1}, {"end_fid": 60, "subject_tid": 2, "predicate": "beneath", "begin_fid": 30, "object_tid": 4}, {"end_fid": 60, "subject_tid": 2, "predicate": "left", "begin_fid": 30, "object_tid": 4}, {"end_fid": 60, "subject_tid": 4, "predicate": "stand_right", "begin_fid": 30, "object_tid": 2}, {"end_fid": 60, "subject_tid": 4, "predicate": "stand_above", "begin_fid": 30, "object_tid": 2}, {"end_fid": 60, "subject_tid": 4, "predicate": "watch", "begin_fid": 30, "object_tid": 2}], "height": 720}