{"width": 1280, "frame_count": 300, "video_id": "ILSVRC2015_train_00219002", "fps": 30, "trajectories": [[{"tid": 0, "generated": 0, "bbox": {"xmin": 188, "ymin": 327, "ymax": 458, "xmax": 323}}, {"tid": 1, "generated": 0, "bbox": {"xmin": 833, "ymin": 254, "ymax": 417, "xmax": 1029}}, {"tid": 2, "generated": 0, "bbox": {"xmin": 931, "ymin": 256, "ymax": 421, "xmax": 1098}}], [{"tid": 0, "generated": 0, "bbox": {"xmin": 193, "ymin": 327, "ymax": 456, "xmax": 325}}, {"tid": 1, "generated": 0, "bbox": {"xmin": 837, "ymin": 254, "ymax": 417, "xmax": 1032}}, {"tid": 2, "generated": 0, "bbox": {"xmin": 933, "ymin": 256, "ymax": 419, "xmax": 1098}}], [{"tid": 0, "generated": 0, "bbox": {"xmin": 200, "ymin": 325, "ymax": 455, "xmax": 332}}, {"tid": 1, "generated": 0, "bbox": {"xmin": 835, "ymin": 254, "ymax": 416, "xmax": 1057}}, {"tid": 2, "generated": 0, "bbox": {"xmin": 935, "ymin": 256, "ymax": 416, "xmax": 1104}}], [{"tid": 0, "generated": 0, "bbox": {"xmin": 198, "ymin": 326, "ymax": 457, "xmax": 330}}, {"tid": 1, "generated": 0, "bbox": {"xmin": 842, "ymin": 248, "ymax": 414, "xmax": 1070}}, {"tid": 2, "generated": 0, "bbox": {"xmin": 935, "ymin": 254, "ymax": 412, "xmax": 1102}}], [{"tid": 0, "generated": 0, "bbox": {"xmin": 197, "ymin": 328, "ymax": 460, "xmax": 328}}, {"tid": 1, "generated": 0, "bbox": {"xmin": 840, "ymin": 257, "ymax": 419, "xmax": 1075}}, {"tid": 2, "generated": 0, "bbox": {"xmin": 944, "ymin": 254, "ymax": 419, "xmax": 1098}}], [{"tid": 0, "generated": 0, "bbox": {"xmin": 202, "ymin": 328, "ymax": 458, "xmax": 334}}, {"tid": 1, "generated": 0, "bbox": {"xmin": 842, "ymin": 252, "ymax": 416, "xmax": 1082}}, {"tid": 2, "generated": 0, "bbox": {"xmin": 944, "ymin": 254, "ymax": 401, "xmax": 1104}}], [{"tid": 0, "generated": 0, "bbox": {"xmin": 202, "ymin": 328, "ymax": 456, "xmax": 332}}, {"tid": 1, "generated": 0, "bbox": {"xmin": 844, "ymin": 250, "ymax": 410, "xmax": 1089}}, {"tid": 2, "generated": 0, "bbox": {"xmin": 931, "ymin": 254, "ymax": 414, "xmax": 1100}}], [{"tid": 0, "generated": 0, "bbox": {"xmin": 204, "ymin": 328, "ymax": 456, "xmax": 336}}, {"tid": 1, "generated": 0, "bbox": {"xmin": 840, "ymin": 250, "ymax": 417, "xmax": 1096}}, {"tid": 2, "generated": 0, "bbox": {"xmin": 933, "ymin": 253, "ymax": 411, "xmax": 1097}}], [{"tid": 0, "generated": 0, "bbox": {"xmin": 206, "ymin": 330, "ymax": 460, "xmax": 337}}, {"tid": 1, "generated": 0, "bbox": {"xmin": 842, "ymin": 240, "ymax": 417, "xmax": 1098}}, {"tid": 2, "generated": 0, "bbox": {"xmin": 936, "ymin": 252, "ymax": 408, "xmax": 1095}}], [{"tid": 0, "generated": 0, "bbox": {"xmin": 206, "ymin": 334, "ymax": 456, "xmax": 337}}, {"tid": 1, "generated": 0, "bbox": {"xmin": 839, "ymin": 245, "ymax": 417, "xmax": 1107}}, {"tid": 2, "generated": 0, "bbox": {"xmin": 940, "ymin": 254, "ymax": 406, "xmax": 1095}}], [{"tid": 0, "generated": 0, "bbox": {"xmin": 211, "ymin": 327, "ymax": 456, "xmax": 344}}, {"tid": 1, "generated": 0, "bbox": {"xmin": 835, "ymin": 224, "ymax": 416, "xmax": 1121}}, {"tid": 2, "generated": 0, "bbox": {"xmin": 944, "ymin": 256, "ymax": 405, "xmax": 1096}}], [{"tid": 0, "generated": 0, "bbox": {"xmin": 209, "ymin": 325, "ymax": 455, "xmax": 343}}, {"tid": 1, "generated": 0, "bbox": {"xmin": 835, "ymin": 222, "ymax": 416, "xmax": 1120}}, {"tid": 2, "generated": 0, "bbox": {"xmin": 943, "ymin": 255, "ymax": 405, "xmax": 1093}}], [{"tid": 0, "generated": 0, "bbox": {"xmin": 209, "ymin": 330, "ymax": 462, "xmax": 343}}, {"tid": 1, "generated": 0, "bbox": {"xmin": 835, "ymin": 222, "ymax": 417, "xmax": 1118}}, {"tid": 2, "generated": 0, "bbox": {"xmin": 943, "ymin": 254, "ymax": 406, "xmax": 1091}}], [{"tid": 0, "generated": 0, "bbox": {"xmin": 213, "ymin": 327, "ymax": 460, "xmax": 346}}, {"tid": 1, "generated": 0, "bbox": {"xmin": 835, "ymin": 218, "ymax": 416, "xmax": 1118}}, {"tid": 2, "generated": 0, "bbox": {"xmin": 943, "ymin": 254, "ymax": 406, "xmax": 1089}}], [{"tid": 0, "generated": 0, "bbox": {"xmin": 213, "ymin": 321, "ymax": 455, "xmax": 346}}, {"tid": 1, "generated": 0, "bbox": {"xmin": 835, "ymin": 218, "ymax": 419, "xmax": 1114}}, {"tid": 2, "generated": 0, "bbox": {"xmin": 943, "ymin": 253, "ymax": 407, "xmax": 1087}}], [{"tid": 0, "generated": 0, "bbox": {"xmin": 211, "ymin": 323, "ymax": 460, "xmax": 341}}, {"tid": 1, "generated": 0, "bbox": {"xmin": 835, "ymin": 218, "ymax": 416, "xmax": 1112}}, {"tid": 2, "generated": 0, "bbox": {"xmin": 943, "ymin": 253, "ymax": 407, "xmax": 1085}}], [{"tid": 0, "generated": 0, "bbox": {"xmin": 211, "ymin": 321, "ymax": 456, "xmax": 343}}, {"tid": 1, "generated": 0, "bbox": {"xmin": 835, "ymin": 220, "ymax": 414, "xmax": 1116}}, {"tid": 2, "generated": 0, "bbox": {"xmin": 942, "ymin": 252, "ymax": 408, "xmax": 1083}}], [{"tid": 0, "generated": 0, "bbox": {"xmin": 211, "ymin": 325, "ymax": 458, "xmax": 348}}, {"tid": 1, "generated": 0, "bbox": {"xmin": 835, "ymin": 227, "ymax": 416, "xmax": 1114}}, {"tid": 2, "generated": 0, "bbox": {"xmin": 942, "ymin": 251, "ymax": 408, "xmax": 1081}}], [{"tid": 0, "generated": 0, "bbox": {"xmin": 211, "ymin": 323, "ymax": 456, "xmax": 346}}, {"tid": 1, "generated": 0, "bbox": {"xmin": 839, "ymin": 227, "ymax": 417, "xmax": 1116}}, {"tid": 2, "generated": 0, "bbox": {"xmin": 942, "ymin": 251, "ymax": 409, "xmax": 1079}}], [{"tid": 0, "generated": 0, "bbox": {"xmin": 215, "ymin": 321, "ymax": 456, "xmax": 344}}, {"tid": 1, "generated": 0, "bbox": {"xmin": 839, "ymin": 225, "ymax": 414, "xmax": 1118}}, {"tid": 2, "generated": 0, "bbox": {"xmin": 942, "ymin": 250, "ymax": 409, "xmax": 1077}}], [{"tid": 0, "generated": 0, "bbox": {"xmin": 213, "ymin": 321, "ymax": 458, "xmax": 337}}, {"tid": 1, "generated": 0, "bbox": {"xmin": 840, "ymin": 224, "ymax": 414, "xmax": 1116}}, {"tid": 2, "generated": 0, "bbox": {"xmin": 942, "ymin": 250, "ymax": 410, "xmax": 1075}}], [{"tid": 0, "generated": 0, "bbox": {"xmin": 213, "ymin": 318, "ymax": 456, "xmax": 325}}, {"tid": 1, "generated": 0, "bbox": {"xmin": 840, "ymin": 224, "ymax": 416, "xmax": 1114}}, {"tid": 2, "generated": 0, "bbox": {"xmin": 941, "ymin": 250, "ymax": 409, "xmax": 1074}}], [{"tid": 0, "generated": 0, "bbox": {"xmin": 213, "ymin": 320, "ymax": 451, "xmax": 327}}, {"tid": 1, "generated": 0, "bbox": {"xmin": 840, "ymin": 224, "ymax": 414, "xmax": 1116}}, {"tid": 2, "generated": 0, "bbox": {"xmin": 941, "ymin": 250, "ymax": 409, "xmax": 1074}}], [{"tid": 0, "generated": 0, "bbox": {"xmin": 213, "ymin": 316, "ymax": 453, "xmax": 332}}, {"tid": 1, "generated": 0, "bbox": {"xmin": 842, "ymin": 224, "ymax": 414, "xmax": 1116}}, {"tid": 2, "generated": 0, "bbox": {"xmin": 941, "ymin": 250, "ymax": 408, "xmax": 1074}}], [{"tid": 0, "generated": 0, "bbox": {"xmin": 213, "ymin": 318, "ymax": 460, "xmax": 334}}, {"tid": 1, "generated": 0, "bbox": {"xmin": 842, "ymin": 224, "ymax": 421, "xmax": 1112}}, {"tid": 2, "generated": 0, "bbox": {"xmin": 941, "ymin": 250, "ymax": 408, "xmax": 1073}}], [{"tid": 0, "generated": 0, "bbox": {"xmin": 208, "ymin": 311, "ymax": 456, "xmax": 332}}, {"tid": 1, "generated": 0, "bbox": {"xmin": 842, "ymin": 220, "ymax": 421, "xmax": 1111}}, {"tid": 2, "generated": 0, "bbox": {"xmin": 941, "ymin": 251, "ymax": 407, "xmax": 1073}}], [{"tid": 0, "generated": 0, "bbox": {"xmin": 209, "ymin": 307, "ymax": 453, "xmax": 332}}, {"tid": 1, "generated": 0, "bbox": {"xmin": 842, "ymin": 222, "ymax": 419, "xmax": 1109}}, {"tid": 2, "generated": 0, "bbox": {"xmin": 940, "ymin": 251, "ymax": 407, "xmax": 1073}}], [{"tid": 0, "generated": 0, "bbox": {"xmin": 211, "ymin": 304, "ymax": 451, "xmax": 339}}, {"tid": 1, "generated": 0, "bbox": {"xmin": 842, "ymin": 222, "ymax": 412, "xmax": 1112}}, {"tid": 2, "generated": 0, "bbox": {"xmin": 940, "ymin": 251, "ymax": 406, "xmax": 1072}}], [{"tid": 0, "generated": 0, "bbox": {"xmin": 209, "ymin": 302, "ymax": 449, "xmax": 339}}, {"tid": 1, "generated": 0, "bbox": {"xmin": 844, "ymin": 222, "ymax": 412, "xmax": 1111}}, {"tid": 2, "generated": 0, "bbox": {"xmin": 940, "ymin": 251, "ymax": 406, "xmax": 1072}}], [{"tid": 0, "generated": 0, "bbox": {"xmin": 209, "ymin": 300, "ymax": 448, "xmax": 337}}, {"tid": 1, "generated": 0, "bbox": {"xmin": 844, "ymin": 224, "ymax": 417, "xmax": 1111}}, {"tid": 2, "generated": 0, "bbox": {"xmin": 940, "ymin": 251, "ymax": 405, "xmax": 1072}}], [], [], [], [], [], [], [], [], [], [], [], [], [], [], [], [], [], [], [], [], [], [], [], [], [], [], [], [], [], [], [{"tid": 0, "generated": 0, "bbox": {"xmin": 202, "ymin": 305, "ymax": 458, "xmax": 332}}, {"tid": 1, "generated": 0, "bbox": {"xmin": 823, "ymin": 252, "ymax": 416, "xmax": 1034}}, {"tid": 2, "generated": 0, "bbox": {"xmin": 917, "ymin": 250, "ymax": 407, "xmax": 1047}}], [{"tid": 0, "generated": 0, "bbox": {"xmin": 204, "ymin": 302, "ymax": 455, "xmax": 334}}, {"tid": 1, "generated": 0, "bbox": {"xmin": 819, "ymin": 250, "ymax": 414, "xmax": 1027}}, {"tid": 2, "generated": 0, "bbox": {"xmin": 917, "ymin": 248, "ymax": 403, "xmax": 1050}}], [{"tid": 0, "generated": 0, "bbox": {"xmin": 206, "ymin": 298, "ymax": 455, "xmax": 336}}, {"tid": 1, "generated": 0, "bbox": {"xmin": 816, "ymin": 250, "ymax": 412, "xmax": 1027}}, {"tid": 2, "generated": 0, "bbox": {"xmin": 913, "ymin": 250, "ymax": 405, "xmax": 1047}}], [{"tid": 0, "generated": 0, "bbox": {"xmin": 209, "ymin": 296, "ymax": 456, "xmax": 339}}, {"tid": 1, "generated": 0, "bbox": {"xmin": 816, "ymin": 248, "ymax": 410, "xmax": 1025}}, {"tid": 2, "generated": 0, "bbox": {"xmin": 912, "ymin": 245, "ymax": 400, "xmax": 1045}}], [{"tid": 0, "generated": 0, "bbox": {"xmin": 215, "ymin": 289, "ymax": 449, "xmax": 341}}, {"tid": 1, "generated": 0, "bbox": {"xmin": 812, "ymin": 247, "ymax": 408, "xmax": 1020}}, {"tid": 2, "generated": 0, "bbox": {"xmin": 912, "ymin": 245, "ymax": 398, "xmax": 1041}}], [{"tid": 0, "generated": 0, "bbox": {"xmin": 218, "ymin": 291, "ymax": 451, "xmax": 343}}, {"tid": 1, "generated": 0, "bbox": {"xmin": 810, "ymin": 245, "ymax": 407, "xmax": 1015}}, {"tid": 2, "generated": 0, "bbox": {"xmin": 912, "ymin": 245, "ymax": 394, "xmax": 1043}}], [{"tid": 0, "generated": 0, "bbox": {"xmin": 232, "ymin": 288, "ymax": 448, "xmax": 350}}, {"tid": 1, "generated": 0, "bbox": {"xmin": 816, "ymin": 245, "ymax": 407, "xmax": 1015}}, {"tid": 2, "generated": 0, "bbox": {"xmin": 912, "ymin": 241, "ymax": 391, "xmax": 1043}}], [{"tid": 0, "generated": 0, "bbox": {"xmin": 232, "ymin": 282, "ymax": 448, "xmax": 353}}, {"tid": 1, "generated": 0, "bbox": {"xmin": 817, "ymin": 243, "ymax": 405, "xmax": 1015}}, {"tid": 2, "generated": 0, "bbox": {"xmin": 913, "ymin": 238, "ymax": 389, "xmax": 1043}}], [{"tid": 0, "generated": 0, "bbox": {"xmin": 234, "ymin": 273, "ymax": 449, "xmax": 360}}, {"tid": 1, "generated": 0, "bbox": {"xmin": 816, "ymin": 243, "ymax": 405, "xmax": 1011}}, {"tid": 2, "generated": 0, "bbox": {"xmin": 915, "ymin": 236, "ymax": 387, "xmax": 1043}}], [{"tid": 0, "generated": 0, "bbox": {"xmin": 232, "ymin": 268, "ymax": 449, "xmax": 364}}, {"tid": 1, "generated": 0, "bbox": {"xmin": 816, "ymin": 243, "ymax": 407, "xmax": 1008}}, {"tid": 2, "generated": 0, "bbox": {"xmin": 917, "ymin": 240, "ymax": 392, "xmax": 1045}}], [{"tid": 0, "generated": 0, "bbox": {"xmin": 234, "ymin": 268, "ymax": 448, "xmax": 371}}, {"tid": 1, "generated": 0, "bbox": {"xmin": 821, "ymin": 243, "ymax": 407, "xmax": 1011}}, {"tid": 2, "generated": 0, "bbox": {"xmin": 919, "ymin": 240, "ymax": 392, "xmax": 1047}}], [{"tid": 0, "generated": 0, "bbox": {"xmin": 232, "ymin": 270, "ymax": 446, "xmax": 380}}, {"tid": 1, "generated": 0, "bbox": {"xmin": 817, "ymin": 241, "ymax": 405, "xmax": 1006}}, {"tid": 2, "generated": 0, "bbox": {"xmin": 924, "ymin": 236, "ymax": 389, "xmax": 1050}}], [{"tid": 0, "generated": 0, "bbox": {"xmin": 225, "ymin": 268, "ymax": 449, "xmax": 385}}, {"tid": 1, "generated": 0, "bbox": {"xmin": 816, "ymin": 236, "ymax": 400, "xmax": 1002}}, {"tid": 2, "generated": 0, "bbox": {"xmin": 920, "ymin": 234, "ymax": 387, "xmax": 1045}}], [{"tid": 0, "generated": 0, "bbox": {"xmin": 218, "ymin": 273, "ymax": 444, "xmax": 396}}, {"tid": 1, "generated": 0, "bbox": {"xmin": 816, "ymin": 236, "ymax": 400, "xmax": 1002}}, {"tid": 2, "generated": 0, "bbox": {"xmin": 922, "ymin": 232, "ymax": 391, "xmax": 1041}}], [{"tid": 0, "generated": 0, "bbox": {"xmin": 222, "ymin": 272, "ymax": 439, "xmax": 408}}, {"tid": 1, "generated": 0, "bbox": {"xmin": 819, "ymin": 234, "ymax": 396, "xmax": 1002}}, {"tid": 2, "generated": 0, "bbox": {"xmin": 924, "ymin": 231, "ymax": 387, "xmax": 1043}}], [{"tid": 0, "generated": 0, "bbox": {"xmin": 227, "ymin": 270, "ymax": 440, "xmax": 414}}, {"tid": 1, "generated": 0, "bbox": {"xmin": 817, "ymin": 234, "ymax": 396, "xmax": 999}}, {"tid": 2, "generated": 0, "bbox": {"xmin": 929, "ymin": 231, "ymax": 387, "xmax": 1045}}], [{"tid": 0, "generated": 0, "bbox": {"xmin": 234, "ymin": 261, "ymax": 435, "xmax": 421}}, {"tid": 1, "generated": 0, "bbox": {"xmin": 821, "ymin": 234, "ymax": 396, "xmax": 1002}}, {"tid": 2, "generated": 0, "bbox": {"xmin": 931, "ymin": 229, "ymax": 385, "xmax": 1041}}], [{"tid": 0, "generated": 0, "bbox": {"xmin": 243, "ymin": 257, "ymax": 435, "xmax": 430}}, {"tid": 1, "generated": 0, "bbox": {"xmin": 823, "ymin": 234, "ymax": 405, "xmax": 1000}}, {"tid": 2, "generated": 0, "bbox": {"xmin": 936, "ymin": 227, "ymax": 384, "xmax": 1045}}], [{"tid": 0, "generated": 0, "bbox": {"xmin": 248, "ymin": 254, "ymax": 426, "xmax": 435}}, {"tid": 1, "generated": 0, "bbox": {"xmin": 819, "ymin": 232, "ymax": 401, "xmax": 997}}, {"tid": 2, "generated": 0, "bbox": {"xmin": 938, "ymin": 227, "ymax": 384, "xmax": 1045}}], [{"tid": 0, "generated": 0, "bbox": {"xmin": 252, "ymin": 257, "ymax": 430, "xmax": 440}}, {"tid": 1, "generated": 0, "bbox": {"xmin": 819, "ymin": 231, "ymax": 396, "xmax": 999}}, {"tid": 2, "generated": 0, "bbox": {"xmin": 938, "ymin": 225, "ymax": 380, "xmax": 1043}}], [{"tid": 0, "generated": 0, "bbox": {"xmin": 257, "ymin": 266, "ymax": 440, "xmax": 449}}, {"tid": 1, "generated": 0, "bbox": {"xmin": 814, "ymin": 229, "ymax": 392, "xmax": 993}}, {"tid": 2, "generated": 0, "bbox": {"xmin": 940, "ymin": 224, "ymax": 382, "xmax": 1043}}], [{"tid": 0, "generated": 0, "bbox": {"xmin": 263, "ymin": 266, "ymax": 440, "xmax": 455}}, {"tid": 1, "generated": 0, "bbox": {"xmin": 816, "ymin": 232, "ymax": 396, "xmax": 993}}, {"tid": 2, "generated": 0, "bbox": {"xmin": 941, "ymin": 224, "ymax": 383, "xmax": 1041}}], [{"tid": 0, "generated": 0, "bbox": {"xmin": 270, "ymin": 266, "ymax": 439, "xmax": 464}}, {"tid": 1, "generated": 0, "bbox": {"xmin": 819, "ymin": 229, "ymax": 392, "xmax": 995}}, {"tid": 2, "generated": 0, "bbox": {"xmin": 942, "ymin": 224, "ymax": 385, "xmax": 1040}}], [{"tid": 0, "generated": 0, "bbox": {"xmin": 277, "ymin": 264, "ymax": 432, "xmax": 462}}, {"tid": 1, "generated": 0, "bbox": {"xmin": 819, "ymin": 229, "ymax": 392, "xmax": 993}}, {"tid": 2, "generated": 0, "bbox": {"xmin": 943, "ymin": 223, "ymax": 383, "xmax": 1040}}], [{"tid": 0, "generated": 0, "bbox": {"xmin": 280, "ymin": 259, "ymax": 433, "xmax": 465}}, {"tid": 1, "generated": 0, "bbox": {"xmin": 819, "ymin": 229, "ymax": 391, "xmax": 995}}, {"tid": 2, "generated": 0, "bbox": {"xmin": 945, "ymin": 222, "ymax": 382, "xmax": 1041}}], [{"tid": 0, "generated": 0, "bbox": {"xmin": 284, "ymin": 261, "ymax": 437, "xmax": 474}}, {"tid": 1, "generated": 0, "bbox": {"xmin": 817, "ymin": 232, "ymax": 394, "xmax": 990}}, {"tid": 2, "generated": 0, "bbox": {"xmin": 947, "ymin": 224, "ymax": 384, "xmax": 1043}}], [{"tid": 0, "generated": 0, "bbox": {"xmin": 280, "ymin": 256, "ymax": 428, "xmax": 487}}, {"tid": 1, "generated": 0, "bbox": {"xmin": 819, "ymin": 231, "ymax": 392, "xmax": 988}}, {"tid": 2, "generated": 0, "bbox": {"xmin": 949, "ymin": 225, "ymax": 385, "xmax": 1043}}], [{"tid": 0, "generated": 0, "bbox": {"xmin": 280, "ymin": 261, "ymax": 430, "xmax": 496}}, {"tid": 1, "generated": 0, "bbox": {"xmin": 821, "ymin": 231, "ymax": 391, "xmax": 992}}, {"tid": 2, "generated": 0, "bbox": {"xmin": 952, "ymin": 220, "ymax": 378, "xmax": 1045}}], [{"tid": 0, "generated": 0, "bbox": {"xmin": 284, "ymin": 272, "ymax": 437, "xmax": 506}}, {"tid": 1, "generated": 0, "bbox": {"xmin": 817, "ymin": 227, "ymax": 389, "xmax": 992}}, {"tid": 2, "generated": 0, "bbox": {"xmin": 952, "ymin": 224, "ymax": 382, "xmax": 1043}}], [{"tid": 0, "generated": 0, "bbox": {"xmin": 291, "ymin": 275, "ymax": 433, "xmax": 512}}, {"tid": 1, "generated": 0, "bbox": {"xmin": 817, "ymin": 231, "ymax": 391, "xmax": 976}}, {"tid": 2, "generated": 0, "bbox": {"xmin": 954, "ymin": 224, "ymax": 382, "xmax": 1043}}], [], [], [], [], [], [], [], [], [], [], [], [], [], [], [], [{"tid": 0, "generated": 0, "bbox": {"xmin": 411, "ymin": 285, "ymax": 452, "xmax": 612}}, {"tid": 1, "generated": 0, "bbox": {"xmin": 804, "ymin": 231, "ymax": 392, "xmax": 928}}, {"tid": 2, "generated": 0, "bbox": {"xmin": 919, "ymin": 225, "ymax": 385, "xmax": 1028}}, {"tid": 3, "generated": 0, "bbox": {"xmin": 1189, "ymin": 219, "ymax": 363, "xmax": 1277}}], [{"tid": 0, "generated": 0, "bbox": {"xmin": 423, "ymin": 280, "ymax": 451, "xmax": 620}}, {"tid": 1, "generated": 0, "bbox": {"xmin": 806, "ymin": 231, "ymax": 392, "xmax": 928}}, {"tid": 2, "generated": 0, "bbox": {"xmin": 919, "ymin": 226, "ymax": 386, "xmax": 1027}}, {"tid": 3, "generated": 0, "bbox": {"xmin": 1187, "ymin": 216, "ymax": 360, "xmax": 1276}}], [{"tid": 0, "generated": 0, "bbox": {"xmin": 435, "ymin": 280, "ymax": 453, "xmax": 629}}, {"tid": 1, "generated": 0, "bbox": {"xmin": 808, "ymin": 232, "ymax": 392, "xmax": 928}}, {"tid": 2, "generated": 0, "bbox": {"xmin": 919, "ymin": 227, "ymax": 387, "xmax": 1027}}, {"tid": 3, "generated": 0, "bbox": {"xmin": 1185, "ymin": 222, "ymax": 368, "xmax": 1278}}], [{"tid": 0, "generated": 0, "bbox": {"xmin": 444, "ymin": 279, "ymax": 456, "xmax": 631}}, {"tid": 1, "generated": 0, "bbox": {"xmin": 805, "ymin": 231, "ymax": 391, "xmax": 922}}, {"tid": 2, "generated": 0, "bbox": {"xmin": 908, "ymin": 227, "ymax": 385, "xmax": 1024}}, {"tid": 3, "generated": 0, "bbox": {"xmin": 1178, "ymin": 220, "ymax": 366, "xmax": 1276}}], [{"tid": 0, "generated": 0, "bbox": {"xmin": 449, "ymin": 295, "ymax": 462, "xmax": 634}}, {"tid": 1, "generated": 0, "bbox": {"xmin": 801, "ymin": 231, "ymax": 389, "xmax": 917}}, {"tid": 2, "generated": 0, "bbox": {"xmin": 913, "ymin": 229, "ymax": 389, "xmax": 1025}}, {"tid": 3, "generated": 0, "bbox": {"xmin": 1176, "ymin": 224, "ymax": 369, "xmax": 1276}}], [{"tid": 0, "generated": 0, "bbox": {"xmin": 453, "ymin": 296, "ymax": 458, "xmax": 641}}, {"tid": 1, "generated": 0, "bbox": {"xmin": 800, "ymin": 236, "ymax": 394, "xmax": 912}}, {"tid": 2, "generated": 0, "bbox": {"xmin": 915, "ymin": 227, "ymax": 387, "xmax": 1024}}, {"tid": 3, "generated": 0, "bbox": {"xmin": 1171, "ymin": 224, "ymax": 369, "xmax": 1276}}], [{"tid": 0, "generated": 0, "bbox": {"xmin": 457, "ymin": 297, "ymax": 459, "xmax": 648}}, {"tid": 1, "generated": 0, "bbox": {"xmin": 797, "ymin": 236, "ymax": 394, "xmax": 909}}, {"tid": 2, "generated": 0, "bbox": {"xmin": 903, "ymin": 227, "ymax": 387, "xmax": 1025}}, {"tid": 3, "generated": 0, "bbox": {"xmin": 1168, "ymin": 225, "ymax": 371, "xmax": 1276}}], [{"tid": 0, "generated": 0, "bbox": {"xmin": 462, "ymin": 298, "ymax": 460, "xmax": 656}}, {"tid": 1, "generated": 0, "bbox": {"xmin": 794, "ymin": 237, "ymax": 395, "xmax": 906}}, {"tid": 2, "generated": 0, "bbox": {"xmin": 899, "ymin": 225, "ymax": 385, "xmax": 1020}}, {"tid": 3, "generated": 0, "bbox": {"xmin": 1161, "ymin": 220, "ymax": 367, "xmax": 1277}}], [{"tid": 0, "generated": 0, "bbox": {"xmin": 469, "ymin": 288, "ymax": 462, "xmax": 664}}, {"tid": 1, "generated": 0, "bbox": {"xmin": 792, "ymin": 238, "ymax": 396, "xmax": 904}}, {"tid": 2, "generated": 0, "bbox": {"xmin": 896, "ymin": 224, "ymax": 384, "xmax": 1016}}, {"tid": 3, "generated": 0, "bbox": {"xmin": 1155, "ymin": 215, "ymax": 364, "xmax": 1278}}], [{"tid": 0, "generated": 0, "bbox": {"xmin": 471, "ymin": 284, "ymax": 465, "xmax": 677}}, {"tid": 1, "generated": 0, "bbox": {"xmin": 789, "ymin": 241, "ymax": 401, "xmax": 901}}, {"tid": 2, "generated": 0, "bbox": {"xmin": 890, "ymin": 225, "ymax": 384, "xmax": 1015}}, {"tid": 3, "generated": 0, "bbox": {"xmin": 1152, "ymin": 218, "ymax": 371, "xmax": 1278}}], [{"tid": 0, "generated": 0, "bbox": {"xmin": 469, "ymin": 284, "ymax": 471, "xmax": 677}}, {"tid": 1, "generated": 0, "bbox": {"xmin": 789, "ymin": 238, "ymax": 398, "xmax": 901}}, {"tid": 2, "generated": 0, "bbox": {"xmin": 888, "ymin": 227, "ymax": 391, "xmax": 1013}}, {"tid": 3, "generated": 0, "bbox": {"xmin": 1143, "ymin": 218, "ymax": 371, "xmax": 1278}}], [{"tid": 0, "generated": 0, "bbox": {"xmin": 467, "ymin": 288, "ymax": 469, "xmax": 688}}, {"tid": 1, "generated": 0, "bbox": {"xmin": 784, "ymin": 241, "ymax": 401, "xmax": 896}}, {"tid": 2, "generated": 0, "bbox": {"xmin": 883, "ymin": 231, "ymax": 392, "xmax": 1008}}, {"tid": 3, "generated": 0, "bbox": {"xmin": 1136, "ymin": 221, "ymax": 373, "xmax": 1277}}], [{"tid": 0, "generated": 0, "bbox": {"xmin": 471, "ymin": 293, "ymax": 471, "xmax": 696}}, {"tid": 1, "generated": 0, "bbox": {"xmin": 782, "ymin": 241, "ymax": 401, "xmax": 892}}, {"tid": 2, "generated": 0, "bbox": {"xmin": 887, "ymin": 227, "ymax": 391, "xmax": 1009}}, {"tid": 3, "generated": 0, "bbox": {"xmin": 1130, "ymin": 224, "ymax": 376, "xmax": 1276}}], [{"tid": 0, "generated": 0, "bbox": {"xmin": 471, "ymin": 302, "ymax": 476, "xmax": 705}}, {"tid": 1, "generated": 0, "bbox": {"xmin": 782, "ymin": 243, "ymax": 403, "xmax": 892}}, {"tid": 2, "generated": 0, "bbox": {"xmin": 887, "ymin": 229, "ymax": 392, "xmax": 1008}}, {"tid": 3, "generated": 0, "bbox": {"xmin": 1121, "ymin": 227, "ymax": 378, "xmax": 1278}}], [{"tid": 0, "generated": 0, "bbox": {"xmin": 467, "ymin": 309, "ymax": 481, "xmax": 709}}, {"tid": 1, "generated": 0, "bbox": {"xmin": 775, "ymin": 245, "ymax": 405, "xmax": 885}}, {"tid": 2, "generated": 0, "bbox": {"xmin": 882, "ymin": 230, "ymax": 393, "xmax": 1004}}, {"tid": 3, "generated": 0, "bbox": {"xmin": 1105, "ymin": 231, "ymax": 382, "xmax": 1278}}], [{"tid": 0, "generated": 0, "bbox": {"xmin": 469, "ymin": 309, "ymax": 478, "xmax": 718}}, {"tid": 1, "generated": 0, "bbox": {"xmin": 776, "ymin": 248, "ymax": 408, "xmax": 887}}, {"tid": 2, "generated": 0, "bbox": {"xmin": 878, "ymin": 232, "ymax": 394, "xmax": 1000}}, {"tid": 3, "generated": 0, "bbox": {"xmin": 1096, "ymin": 232, "ymax": 380, "xmax": 1278}}], [{"tid": 0, "generated": 0, "bbox": {"xmin": 469, "ymin": 309, "ymax": 478, "xmax": 718}}, {"tid": 1, "generated": 0, "bbox": {"xmin": 773, "ymin": 247, "ymax": 407, "xmax": 883}}, {"tid": 2, "generated": 0, "bbox": {"xmin": 876, "ymin": 232, "ymax": 394, "xmax": 997}}, {"tid": 3, "generated": 0, "bbox": {"xmin": 1084, "ymin": 232, "ymax": 382, "xmax": 1278}}], [{"tid": 0, "generated": 0, "bbox": {"xmin": 467, "ymin": 302, "ymax": 476, "xmax": 721}}, {"tid": 1, "generated": 0, "bbox": {"xmin": 764, "ymin": 248, "ymax": 408, "xmax": 874}}, {"tid": 2, "generated": 0, "bbox": {"xmin": 872, "ymin": 236, "ymax": 398, "xmax": 992}}, {"tid": 3, "generated": 0, "bbox": {"xmin": 1068, "ymin": 234, "ymax": 382, "xmax": 1278}}], [{"tid": 0, "generated": 0, "bbox": {"xmin": 471, "ymin": 304, "ymax": 478, "xmax": 721}}, {"tid": 1, "generated": 0, "bbox": {"xmin": 762, "ymin": 250, "ymax": 410, "xmax": 874}}, {"tid": 2, "generated": 0, "bbox": {"xmin": 871, "ymin": 236, "ymax": 396, "xmax": 988}}, {"tid": 3, "generated": 0, "bbox": {"xmin": 1059, "ymin": 232, "ymax": 378, "xmax": 1278}}], [{"tid": 0, "generated": 0, "bbox": {"xmin": 474, "ymin": 307, "ymax": 481, "xmax": 725}}, {"tid": 1, "generated": 0, "bbox": {"xmin": 760, "ymin": 250, "ymax": 410, "xmax": 872}}, {"tid": 2, "generated": 0, "bbox": {"xmin": 872, "ymin": 238, "ymax": 398, "xmax": 990}}, {"tid": 3, "generated": 0, "bbox": {"xmin": 1050, "ymin": 238, "ymax": 387, "xmax": 1278}}], [{"tid": 0, "generated": 0, "bbox": {"xmin": 471, "ymin": 312, "ymax": 481, "xmax": 721}}, {"tid": 1, "generated": 0, "bbox": {"xmin": 757, "ymin": 252, "ymax": 412, "xmax": 871}}, {"tid": 2, "generated": 0, "bbox": {"xmin": 867, "ymin": 243, "ymax": 403, "xmax": 984}}, {"tid": 3, "generated": 0, "bbox": {"xmin": 1031, "ymin": 238, "ymax": 392, "xmax": 1260}}], [{"tid": 0, "generated": 0, "bbox": {"xmin": 472, "ymin": 312, "ymax": 483, "xmax": 718}}, {"tid": 1, "generated": 0, "bbox": {"xmin": 750, "ymin": 254, "ymax": 414, "xmax": 865}}, {"tid": 2, "generated": 0, "bbox": {"xmin": 858, "ymin": 243, "ymax": 403, "xmax": 974}}, {"tid": 3, "generated": 0, "bbox": {"xmin": 1018, "ymin": 240, "ymax": 394, "xmax": 1251}}], [{"tid": 0, "generated": 0, "bbox": {"xmin": 466, "ymin": 313, "ymax": 485, "xmax": 706}}, {"tid": 1, "generated": 0, "bbox": {"xmin": 732, "ymin": 257, "ymax": 417, "xmax": 848}}, {"tid": 2, "generated": 0, "bbox": {"xmin": 848, "ymin": 248, "ymax": 408, "xmax": 961}}, {"tid": 3, "generated": 0, "bbox": {"xmin": 997, "ymin": 241, "ymax": 394, "xmax": 1235}}], [{"tid": 0, "generated": 0, "bbox": {"xmin": 460, "ymin": 314, "ymax": 487, "xmax": 695}}, {"tid": 1, "generated": 0, "bbox": {"xmin": 720, "ymin": 256, "ymax": 416, "xmax": 835}}, {"tid": 2, "generated": 0, "bbox": {"xmin": 833, "ymin": 248, "ymax": 408, "xmax": 945}}, {"tid": 3, "generated": 0, "bbox": {"xmin": 979, "ymin": 243, "ymax": 396, "xmax": 1219}}], [{"tid": 0, "generated": 0, "bbox": {"xmin": 453, "ymin": 314, "ymax": 487, "xmax": 684}}, {"tid": 1, "generated": 0, "bbox": {"xmin": 704, "ymin": 257, "ymax": 416, "xmax": 821}}, {"tid": 2, "generated": 0, "bbox": {"xmin": 819, "ymin": 248, "ymax": 408, "xmax": 931}}, {"tid": 3, "generated": 0, "bbox": {"xmin": 956, "ymin": 245, "ymax": 396, "xmax": 1201}}], [{"tid": 0, "generated": 0, "bbox": {"xmin": 440, "ymin": 316, "ymax": 490, "xmax": 672}}, {"tid": 1, "generated": 0, "bbox": {"xmin": 688, "ymin": 261, "ymax": 421, "xmax": 803}}, {"tid": 2, "generated": 0, "bbox": {"xmin": 801, "ymin": 248, "ymax": 408, "xmax": 913}}, {"tid": 3, "generated": 0, "bbox": {"xmin": 929, "ymin": 247, "ymax": 401, "xmax": 1178}}], [{"tid": 0, "generated": 0, "bbox": {"xmin": 424, "ymin": 316, "ymax": 490, "xmax": 659}}, {"tid": 1, "generated": 0, "bbox": {"xmin": 668, "ymin": 261, "ymax": 421, "xmax": 784}}, {"tid": 2, "generated": 0, "bbox": {"xmin": 787, "ymin": 248, "ymax": 408, "xmax": 899}}, {"tid": 3, "generated": 0, "bbox": {"xmin": 906, "ymin": 256, "ymax": 405, "xmax": 1153}}], [{"tid": 0, "generated": 0, "bbox": {"xmin": 414, "ymin": 318, "ymax": 492, "xmax": 645}}, {"tid": 1, "generated": 0, "bbox": {"xmin": 656, "ymin": 261, "ymax": 421, "xmax": 773}}, {"tid": 2, "generated": 0, "bbox": {"xmin": 773, "ymin": 252, "ymax": 412, "xmax": 885}}, {"tid": 3, "generated": 0, "bbox": {"xmin": 883, "ymin": 256, "ymax": 405, "xmax": 1137}}], [{"tid": 0, "generated": 0, "bbox": {"xmin": 414, "ymin": 318, "ymax": 492, "xmax": 645}}, {"tid": 1, "generated": 0, "bbox": {"xmin": 647, "ymin": 261, "ymax": 421, "xmax": 764}}, {"tid": 2, "generated": 0, "bbox": {"xmin": 766, "ymin": 252, "ymax": 412, "xmax": 876}}, {"tid": 3, "generated": 0, "bbox": {"xmin": 871, "ymin": 256, "ymax": 407, "xmax": 1132}}], [{"tid": 0, "generated": 0, "bbox": {"xmin": 410, "ymin": 318, "ymax": 497, "xmax": 643}}, {"tid": 1, "generated": 0, "bbox": {"xmin": 645, "ymin": 261, "ymax": 421, "xmax": 762}}, {"tid": 2, "generated": 0, "bbox": {"xmin": 762, "ymin": 252, "ymax": 410, "xmax": 865}}, {"tid": 3, "generated": 0, "bbox": {"xmin": 860, "ymin": 257, "ymax": 410, "xmax": 1127}}], [{"tid": 0, "generated": 0, "bbox": {"xmin": 405, "ymin": 319, "ymax": 497, "xmax": 646}}, {"tid": 1, "generated": 0, "bbox": {"xmin": 634, "ymin": 263, "ymax": 421, "xmax": 757}}, {"tid": 2, "generated": 0, "bbox": {"xmin": 759, "ymin": 252, "ymax": 414, "xmax": 862}}, {"tid": 3, "generated": 0, "bbox": {"xmin": 849, "ymin": 257, "ymax": 410, "xmax": 1125}}], [{"tid": 0, "generated": 0, "bbox": {"xmin": 401, "ymin": 320, "ymax": 497, "xmax": 650}}, {"tid": 1, "generated": 0, "bbox": {"xmin": 632, "ymin": 263, "ymax": 423, "xmax": 753}}, {"tid": 2, "generated": 0, "bbox": {"xmin": 762, "ymin": 254, "ymax": 416, "xmax": 867}}, {"tid": 3, "generated": 0, "bbox": {"xmin": 832, "ymin": 259, "ymax": 408, "xmax": 1123}}], [{"tid": 0, "generated": 0, "bbox": {"xmin": 398, "ymin": 320, "ymax": 494, "xmax": 647}}, {"tid": 1, "generated": 0, "bbox": {"xmin": 629, "ymin": 266, "ymax": 426, "xmax": 752}}, {"tid": 2, "generated": 0, "bbox": {"xmin": 757, "ymin": 253, "ymax": 415, "xmax": 862}}, {"tid": 3, "generated": 0, "bbox": {"xmin": 817, "ymin": 256, "ymax": 407, "xmax": 1118}}], [{"tid": 0, "generated": 0, "bbox": {"xmin": 400, "ymin": 320, "ymax": 496, "xmax": 652}}, {"tid": 1, "generated": 0, "bbox": {"xmin": 624, "ymin": 264, "ymax": 428, "xmax": 744}}, {"tid": 2, "generated": 0, "bbox": {"xmin": 752, "ymin": 252, "ymax": 414, "xmax": 858}}, {"tid": 3, "generated": 0, "bbox": {"xmin": 817, "ymin": 254, "ymax": 407, "xmax": 1120}}], [{"tid": 0, "generated": 0, "bbox": {"xmin": 396, "ymin": 316, "ymax": 492, "xmax": 648}}, {"tid": 1, "generated": 0, "bbox": {"xmin": 618, "ymin": 266, "ymax": 430, "xmax": 737}}, {"tid": 2, "generated": 0, "bbox": {"xmin": 744, "ymin": 252, "ymax": 414, "xmax": 853}}, {"tid": 3, "generated": 0, "bbox": {"xmin": 803, "ymin": 256, "ymax": 412, "xmax": 1107}}], [{"tid": 0, "generated": 0, "bbox": {"xmin": 389, "ymin": 318, "ymax": 499, "xmax": 647}}, {"tid": 1, "generated": 0, "bbox": {"xmin": 616, "ymin": 264, "ymax": 424, "xmax": 739}}, {"tid": 2, "generated": 0, "bbox": {"xmin": 744, "ymin": 252, "ymax": 414, "xmax": 855}}, {"tid": 3, "generated": 0, "bbox": {"xmin": 798, "ymin": 256, "ymax": 414, "xmax": 1104}}], [{"tid": 0, "generated": 0, "bbox": {"xmin": 384, "ymin": 317, "ymax": 497, "xmax": 645}}, {"tid": 1, "generated": 0, "bbox": {"xmin": 611, "ymin": 263, "ymax": 423, "xmax": 734}}, {"tid": 2, "generated": 0, "bbox": {"xmin": 740, "ymin": 251, "ymax": 414, "xmax": 851}}, {"tid": 3, "generated": 0, "bbox": {"xmin": 790, "ymin": 255, "ymax": 412, "xmax": 1095}}], [{"tid": 0, "generated": 0, "bbox": {"xmin": 380, "ymin": 316, "ymax": 496, "xmax": 643}}, {"tid": 1, "generated": 0, "bbox": {"xmin": 606, "ymin": 262, "ymax": 423, "xmax": 729}}, {"tid": 2, "generated": 0, "bbox": {"xmin": 737, "ymin": 250, "ymax": 414, "xmax": 847}}, {"tid": 3, "generated": 0, "bbox": {"xmin": 783, "ymin": 254, "ymax": 411, "xmax": 1087}}], [{"tid": 0, "generated": 0, "bbox": {"xmin": 375, "ymin": 315, "ymax": 495, "xmax": 641}}, {"tid": 1, "generated": 0, "bbox": {"xmin": 602, "ymin": 261, "ymax": 423, "xmax": 725}}, {"tid": 2, "generated": 0, "bbox": {"xmin": 734, "ymin": 249, "ymax": 414, "xmax": 843}}, {"tid": 3, "generated": 0, "bbox": {"xmin": 776, "ymin": 254, "ymax": 410, "xmax": 1079}}], [{"tid": 0, "generated": 0, "bbox": {"xmin": 371, "ymin": 314, "ymax": 494, "xmax": 640}}, {"tid": 1, "generated": 0, "bbox": {"xmin": 597, "ymin": 260, "ymax": 422, "xmax": 722}}, {"tid": 2, "generated": 0, "bbox": {"xmin": 731, "ymin": 248, "ymax": 414, "xmax": 839}}, {"tid": 3, "generated": 0, "bbox": {"xmin": 765, "ymin": 254, "ymax": 409, "xmax": 1069}}], [{"tid": 0, "generated": 0, "bbox": {"xmin": 369, "ymin": 313, "ymax": 493, "xmax": 638}}, {"tid": 1, "generated": 0, "bbox": {"xmin": 593, "ymin": 259, "ymax": 421, "xmax": 719}}, {"tid": 2, "generated": 0, "bbox": {"xmin": 728, "ymin": 247, "ymax": 414, "xmax": 835}}, {"tid": 3, "generated": 0, "bbox": {"xmin": 755, "ymin": 254, "ymax": 408, "xmax": 1059}}], [{"tid": 0, "generated": 0, "bbox": {"xmin": 367, "ymin": 313, "ymax": 493, "xmax": 637}}, {"tid": 1, "generated": 0, "bbox": {"xmin": 589, "ymin": 259, "ymax": 421, "xmax": 716}}, {"tid": 2, "generated": 0, "bbox": {"xmin": 725, "ymin": 247, "ymax": 414, "xmax": 832}}, {"tid": 3, "generated": 0, "bbox": {"xmin": 744, "ymin": 252, "ymax": 406, "xmax": 1047}}], [{"tid": 0, "generated": 0, "bbox": {"xmin": 365, "ymin": 312, "ymax": 493, "xmax": 635}}, {"tid": 1, "generated": 0, "bbox": {"xmin": 584, "ymin": 258, "ymax": 420, "xmax": 713}}, {"tid": 2, "generated": 0, "bbox": {"xmin": 722, "ymin": 246, "ymax": 412, "xmax": 829}}, {"tid": 3, "generated": 0, "bbox": {"xmin": 733, "ymin": 251, "ymax": 404, "xmax": 1036}}], [{"tid": 0, "generated": 0, "bbox": {"xmin": 363, "ymin": 312, "ymax": 492, "xmax": 634}}, {"tid": 1, "generated": 0, "bbox": {"xmin": 580, "ymin": 258, "ymax": 420, "xmax": 710}}, {"tid": 2, "generated": 0, "bbox": {"xmin": 719, "ymin": 245, "ymax": 411, "xmax": 827}}, {"tid": 3, "generated": 0, "bbox": {"xmin": 723, "ymin": 250, "ymax": 403, "xmax": 1025}}], [{"tid": 0, "generated": 0, "bbox": {"xmin": 361, "ymin": 311, "ymax": 492, "xmax": 632}}, {"tid": 1, "generated": 0, "bbox": {"xmin": 576, "ymin": 257, "ymax": 419, "xmax": 707}}, {"tid": 2, "generated": 0, "bbox": {"xmin": 716, "ymin": 244, "ymax": 409, "xmax": 825}}, {"tid": 3, "generated": 0, "bbox": {"xmin": 721, "ymin": 250, "ymax": 403, "xmax": 1025}}], [{"tid": 0, "generated": 0, "bbox": {"xmin": 359, "ymin": 311, "ymax": 492, "xmax": 631}}, {"tid": 1, "generated": 0, "bbox": {"xmin": 572, "ymin": 257, "ymax": 419, "xmax": 704}}, {"tid": 2, "generated": 0, "bbox": {"xmin": 714, "ymin": 243, "ymax": 408, "xmax": 823}}, {"tid": 3, "generated": 0, "bbox": {"xmin": 720, "ymin": 250, "ymax": 401, "xmax": 1016}}], [{"tid": 0, "generated": 0, "bbox": {"xmin": 359, "ymin": 310, "ymax": 490, "xmax": 627}}, {"tid": 1, "generated": 0, "bbox": {"xmin": 567, "ymin": 256, "ymax": 418, "xmax": 701}}, {"tid": 2, "generated": 0, "bbox": {"xmin": 712, "ymin": 242, "ymax": 407, "xmax": 821}}, {"tid": 3, "generated": 0, "bbox": {"xmin": 711, "ymin": 254, "ymax": 407, "xmax": 1006}}], [{"tid": 0, "generated": 0, "bbox": {"xmin": 359, "ymin": 309, "ymax": 489, "xmax": 623}}, {"tid": 1, "generated": 0, "bbox": {"xmin": 562, "ymin": 256, "ymax": 417, "xmax": 699}}, {"tid": 2, "generated": 0, "bbox": {"xmin": 711, "ymin": 242, "ymax": 406, "xmax": 820}}, {"tid": 3, "generated": 0, "bbox": {"xmin": 698, "ymin": 252, "ymax": 403, "xmax": 999}}], [{"tid": 0, "generated": 0, "bbox": {"xmin": 359, "ymin": 309, "ymax": 488, "xmax": 620}}, {"tid": 1, "generated": 0, "bbox": {"xmin": 557, "ymin": 255, "ymax": 416, "xmax": 697}}, {"tid": 2, "generated": 0, "bbox": {"xmin": 710, "ymin": 241, "ymax": 405, "xmax": 819}}, {"tid": 3, "generated": 0, "bbox": {"xmin": 695, "ymin": 247, "ymax": 402, "xmax": 992}}], [{"tid": 0, "generated": 0, "bbox": {"xmin": 359, "ymin": 307, "ymax": 485, "xmax": 622}}, {"tid": 1, "generated": 0, "bbox": {"xmin": 552, "ymin": 255, "ymax": 415, "xmax": 695}}, {"tid": 2, "generated": 0, "bbox": {"xmin": 709, "ymin": 241, "ymax": 405, "xmax": 817}}, {"tid": 3, "generated": 0, "bbox": {"xmin": 693, "ymin": 243, "ymax": 401, "xmax": 986}}], [{"tid": 0, "generated": 0, "bbox": {"xmin": 359, "ymin": 305, "ymax": 487, "xmax": 615}}, {"tid": 1, "generated": 0, "bbox": {"xmin": 547, "ymin": 254, "ymax": 414, "xmax": 693}}, {"tid": 2, "generated": 0, "bbox": {"xmin": 708, "ymin": 240, "ymax": 404, "xmax": 816}}, {"tid": 3, "generated": 0, "bbox": {"xmin": 689, "ymin": 243, "ymax": 398, "xmax": 979}}], [{"tid": 0, "generated": 0, "bbox": {"xmin": 359, "ymin": 305, "ymax": 485, "xmax": 608}}, {"tid": 1, "generated": 0, "bbox": {"xmin": 542, "ymin": 254, "ymax": 414, "xmax": 691}}, {"tid": 2, "generated": 0, "bbox": {"xmin": 706, "ymin": 240, "ymax": 403, "xmax": 815}}, {"tid": 3, "generated": 0, "bbox": {"xmin": 686, "ymin": 243, "ymax": 398, "xmax": 974}}], [{"tid": 0, "generated": 0, "bbox": {"xmin": 359, "ymin": 305, "ymax": 484, "xmax": 602}}, {"tid": 1, "generated": 0, "bbox": {"xmin": 536, "ymin": 252, "ymax": 410, "xmax": 688}}, {"tid": 2, "generated": 0, "bbox": {"xmin": 705, "ymin": 239, "ymax": 403, "xmax": 813}}, {"tid": 3, "generated": 0, "bbox": {"xmin": 684, "ymin": 243, "ymax": 398, "xmax": 969}}], [{"tid": 0, "generated": 0, "bbox": {"xmin": 359, "ymin": 305, "ymax": 482, "xmax": 596}}, {"tid": 1, "generated": 0, "bbox": {"xmin": 537, "ymin": 252, "ymax": 410, "xmax": 686}}, {"tid": 2, "generated": 0, "bbox": {"xmin": 704, "ymin": 239, "ymax": 402, "xmax": 812}}, {"tid": 3, "generated": 0, "bbox": {"xmin": 681, "ymin": 243, "ymax": 399, "xmax": 964}}], [{"tid": 0, "generated": 0, "bbox": {"xmin": 359, "ymin": 305, "ymax": 481, "xmax": 590}}, {"tid": 1, "generated": 0, "bbox": {"xmin": 538, "ymin": 252, "ymax": 411, "xmax": 685}}, {"tid": 2, "generated": 0, "bbox": {"xmin": 703, "ymin": 238, "ymax": 401, "xmax": 811}}, {"tid": 3, "generated": 0, "bbox": {"xmin": 679, "ymin": 243, "ymax": 399, "xmax": 959}}], [{"tid": 0, "generated": 0, "bbox": {"xmin": 359, "ymin": 305, "ymax": 487, "xmax": 590}}, {"tid": 1, "generated": 0, "bbox": {"xmin": 540, "ymin": 252, "ymax": 412, "xmax": 684}}, {"tid": 2, "generated": 0, "bbox": {"xmin": 702, "ymin": 238, "ymax": 401, "xmax": 810}}, {"tid": 3, "generated": 0, "bbox": {"xmin": 677, "ymin": 243, "ymax": 400, "xmax": 954}}], [{"tid": 0, "generated": 0, "bbox": {"xmin": 359, "ymin": 304, "ymax": 485, "xmax": 589}}, {"tid": 1, "generated": 0, "bbox": {"xmin": 537, "ymin": 251, "ymax": 411, "xmax": 682}}, {"tid": 2, "generated": 0, "bbox": {"xmin": 699, "ymin": 238, "ymax": 400, "xmax": 811}}, {"tid": 3, "generated": 0, "bbox": {"xmin": 675, "ymin": 243, "ymax": 400, "xmax": 955}}], [{"tid": 0, "generated": 0, "bbox": {"xmin": 359, "ymin": 304, "ymax": 483, "xmax": 588}}, {"tid": 1, "generated": 0, "bbox": {"xmin": 534, "ymin": 251, "ymax": 411, "xmax": 680}}, {"tid": 2, "generated": 0, "bbox": {"xmin": 697, "ymin": 238, "ymax": 400, "xmax": 813}}, {"tid": 3, "generated": 0, "bbox": {"xmin": 673, "ymin": 244, "ymax": 400, "xmax": 956}}], [{"tid": 0, "generated": 0, "bbox": {"xmin": 359, "ymin": 304, "ymax": 483, "xmax": 586}}, {"tid": 1, "generated": 0, "bbox": {"xmin": 531, "ymin": 250, "ymax": 410, "xmax": 678}}, {"tid": 2, "generated": 0, "bbox": {"xmin": 694, "ymin": 238, "ymax": 400, "xmax": 815}}, {"tid": 3, "generated": 0, "bbox": {"xmin": 671, "ymin": 244, "ymax": 400, "xmax": 957}}], [{"tid": 0, "generated": 0, "bbox": {"xmin": 360, "ymin": 305, "ymax": 483, "xmax": 584}}, {"tid": 1, "generated": 0, "bbox": {"xmin": 528, "ymin": 250, "ymax": 410, "xmax": 676}}, {"tid": 2, "generated": 0, "bbox": {"xmin": 692, "ymin": 238, "ymax": 399, "xmax": 817}}, {"tid": 3, "generated": 0, "bbox": {"xmin": 670, "ymin": 245, "ymax": 400, "xmax": 958}}], [], [], [], [], [], [], [], [], [], [], [], [], [], [], [], [], [], [], [], [], [], [], [], [], [], [], [], [], [], [], [], [], [], [], [], [], [], [], [], [], [], [], [], [], [], [], [], [], [], [], [], [], [], [], [], [], [], [], [], [], [{"tid": 0, "generated": 0, "bbox": {"xmin": 378, "ymin": 328, "ymax": 467, "xmax": 698}}, {"tid": 1, "generated": 0, "bbox": {"xmin": 580, "ymin": 233, "ymax": 371, "xmax": 691}}, {"tid": 2, "generated": 0, "bbox": {"xmin": 766, "ymin": 218, "ymax": 380, "xmax": 916}}, {"tid": 3, "generated": 0, "bbox": {"xmin": 668, "ymin": 254, "ymax": 403, "xmax": 773}}], [{"tid": 0, "generated": 0, "bbox": {"xmin": 375, "ymin": 337, "ymax": 471, "xmax": 693}}, {"tid": 1, "generated": 0, "bbox": {"xmin": 582, "ymin": 233, "ymax": 370, "xmax": 688}}, {"tid": 2, "generated": 0, "bbox": {"xmin": 764, "ymin": 218, "ymax": 380, "xmax": 918}}, {"tid": 3, "generated": 0, "bbox": {"xmin": 664, "ymin": 250, "ymax": 400, "xmax": 771}}], [{"tid": 0, "generated": 0, "bbox": {"xmin": 376, "ymin": 335, "ymax": 469, "xmax": 695}}, {"tid": 1, "generated": 0, "bbox": {"xmin": 584, "ymin": 234, "ymax": 368, "xmax": 686}}, {"tid": 2, "generated": 0, "bbox": {"xmin": 762, "ymin": 218, "ymax": 381, "xmax": 920}}, {"tid": 3, "generated": 0, "bbox": {"xmin": 659, "ymin": 248, "ymax": 398, "xmax": 768}}], [{"tid": 0, "generated": 0, "bbox": {"xmin": 378, "ymin": 334, "ymax": 467, "xmax": 698}}, {"tid": 1, "generated": 0, "bbox": {"xmin": 586, "ymin": 234, "ymax": 367, "xmax": 683}}, {"tid": 2, "generated": 0, "bbox": {"xmin": 759, "ymin": 218, "ymax": 381, "xmax": 922}}, {"tid": 3, "generated": 0, "bbox": {"xmin": 656, "ymin": 250, "ymax": 405, "xmax": 766}}], [{"tid": 0, "generated": 0, "bbox": {"xmin": 381, "ymin": 337, "ymax": 469, "xmax": 697}}, {"tid": 1, "generated": 0, "bbox": {"xmin": 588, "ymin": 235, "ymax": 365, "xmax": 681}}, {"tid": 2, "generated": 0, "bbox": {"xmin": 757, "ymin": 218, "ymax": 381, "xmax": 924}}, {"tid": 3, "generated": 0, "bbox": {"xmin": 648, "ymin": 248, "ymax": 400, "xmax": 760}}], [{"tid": 0, "generated": 0, "bbox": {"xmin": 384, "ymin": 341, "ymax": 471, "xmax": 696}}, {"tid": 1, "generated": 0, "bbox": {"xmin": 590, "ymin": 236, "ymax": 364, "xmax": 679}}, {"tid": 2, "generated": 0, "bbox": {"xmin": 755, "ymin": 218, "ymax": 382, "xmax": 926}}, {"tid": 3, "generated": 0, "bbox": {"xmin": 647, "ymin": 257, "ymax": 405, "xmax": 762}}], [{"tid": 0, "generated": 0, "bbox": {"xmin": 382, "ymin": 341, "ymax": 469, "xmax": 696}}, {"tid": 1, "generated": 0, "bbox": {"xmin": 590, "ymin": 234, "ymax": 364, "xmax": 691}}, {"tid": 2, "generated": 0, "bbox": {"xmin": 753, "ymin": 215, "ymax": 375, "xmax": 929}}, {"tid": 3, "generated": 0, "bbox": {"xmin": 652, "ymin": 264, "ymax": 410, "xmax": 762}}], [{"tid": 0, "generated": 0, "bbox": {"xmin": 382, "ymin": 341, "ymax": 465, "xmax": 693}}, {"tid": 1, "generated": 0, "bbox": {"xmin": 590, "ymin": 234, "ymax": 365, "xmax": 713}}, {"tid": 2, "generated": 0, "bbox": {"xmin": 750, "ymin": 218, "ymax": 373, "xmax": 926}}, {"tid": 3, "generated": 0, "bbox": {"xmin": 647, "ymin": 262, "ymax": 407, "xmax": 759}}], [{"tid": 0, "generated": 0, "bbox": {"xmin": 382, "ymin": 341, "ymax": 464, "xmax": 698}}, {"tid": 1, "generated": 0, "bbox": {"xmin": 591, "ymin": 234, "ymax": 366, "xmax": 735}}, {"tid": 2, "generated": 0, "bbox": {"xmin": 752, "ymin": 215, "ymax": 368, "xmax": 931}}, {"tid": 3, "generated": 0, "bbox": {"xmin": 643, "ymin": 261, "ymax": 405, "xmax": 757}}], [{"tid": 0, "generated": 0, "bbox": {"xmin": 382, "ymin": 341, "ymax": 464, "xmax": 693}}, {"tid": 1, "generated": 0, "bbox": {"xmin": 591, "ymin": 234, "ymax": 367, "xmax": 757}}, {"tid": 2, "generated": 0, "bbox": {"xmin": 750, "ymin": 218, "ymax": 369, "xmax": 929}}, {"tid": 3, "generated": 0, "bbox": {"xmin": 637, "ymin": 255, "ymax": 398, "xmax": 748}}], [{"tid": 0, "generated": 0, "bbox": {"xmin": 382, "ymin": 341, "ymax": 464, "xmax": 688}}, {"tid": 1, "generated": 0, "bbox": {"xmin": 592, "ymin": 234, "ymax": 368, "xmax": 780}}, {"tid": 2, "generated": 0, "bbox": {"xmin": 755, "ymin": 215, "ymax": 375, "xmax": 931}}, {"tid": 3, "generated": 0, "bbox": {"xmin": 631, "ymin": 250, "ymax": 391, "xmax": 739}}], [{"tid": 0, "generated": 0, "bbox": {"xmin": 382, "ymin": 341, "ymax": 463, "xmax": 686}}, {"tid": 1, "generated": 0, "bbox": {"xmin": 594, "ymin": 234, "ymax": 369, "xmax": 785}}, {"tid": 2, "generated": 0, "bbox": {"xmin": 764, "ymin": 215, "ymax": 375, "xmax": 929}}, {"tid": 3, "generated": 0, "bbox": {"xmin": 624, "ymin": 252, "ymax": 403, "xmax": 734}}], [{"tid": 0, "generated": 0, "bbox": {"xmin": 382, "ymin": 341, "ymax": 463, "xmax": 685}}, {"tid": 1, "generated": 0, "bbox": {"xmin": 597, "ymin": 234, "ymax": 370, "xmax": 791}}, {"tid": 2, "generated": 0, "bbox": {"xmin": 776, "ymin": 215, "ymax": 373, "xmax": 928}}, {"tid": 3, "generated": 0, "bbox": {"xmin": 618, "ymin": 255, "ymax": 403, "xmax": 732}}], [{"tid": 0, "generated": 0, "bbox": {"xmin": 382, "ymin": 342, "ymax": 462, "xmax": 684}}, {"tid": 1, "generated": 0, "bbox": {"xmin": 599, "ymin": 234, "ymax": 371, "xmax": 797}}, {"tid": 2, "generated": 0, "bbox": {"xmin": 782, "ymin": 215, "ymax": 372, "xmax": 927}}, {"tid": 3, "generated": 0, "bbox": {"xmin": 612, "ymin": 258, "ymax": 403, "xmax": 731}}], [{"tid": 0, "generated": 0, "bbox": {"xmin": 382, "ymin": 342, "ymax": 462, "xmax": 683}}, {"tid": 1, "generated": 0, "bbox": {"xmin": 602, "ymin": 234, "ymax": 373, "xmax": 803}}, {"tid": 2, "generated": 0, "bbox": {"xmin": 789, "ymin": 215, "ymax": 371, "xmax": 926}}, {"tid": 3, "generated": 0, "bbox": {"xmin": 606, "ymin": 261, "ymax": 403, "xmax": 729}}], [{"tid": 0, "generated": 0, "bbox": {"xmin": 382, "ymin": 343, "ymax": 462, "xmax": 682}}, {"tid": 1, "generated": 0, "bbox": {"xmin": 597, "ymin": 234, "ymax": 376, "xmax": 808}}, {"tid": 2, "generated": 0, "bbox": {"xmin": 796, "ymin": 215, "ymax": 371, "xmax": 926}}, {"tid": 3, "generated": 0, "bbox": {"xmin": 600, "ymin": 264, "ymax": 403, "xmax": 728}}], [{"tid": 0, "generated": 0, "bbox": {"xmin": 383, "ymin": 343, "ymax": 461, "xmax": 685}}, {"tid": 1, "generated": 0, "bbox": {"xmin": 602, "ymin": 231, "ymax": 375, "xmax": 811}}, {"tid": 2, "generated": 0, "bbox": {"xmin": 799, "ymin": 215, "ymax": 370, "xmax": 926}}, {"tid": 3, "generated": 0, "bbox": {"xmin": 599, "ymin": 262, "ymax": 401, "xmax": 727}}], [{"tid": 0, "generated": 0, "bbox": {"xmin": 384, "ymin": 343, "ymax": 460, "xmax": 688}}, {"tid": 1, "generated": 0, "bbox": {"xmin": 607, "ymin": 228, "ymax": 374, "xmax": 814}}, {"tid": 2, "generated": 0, "bbox": {"xmin": 803, "ymin": 215, "ymax": 369, "xmax": 927}}, {"tid": 3, "generated": 0, "bbox": {"xmin": 598, "ymin": 260, "ymax": 399, "xmax": 726}}], [{"tid": 0, "generated": 0, "bbox": {"xmin": 385, "ymin": 343, "ymax": 460, "xmax": 688}}, {"tid": 1, "generated": 0, "bbox": {"xmin": 613, "ymin": 225, "ymax": 373, "xmax": 817}}, {"tid": 2, "generated": 0, "bbox": {"xmin": 806, "ymin": 215, "ymax": 369, "xmax": 927}}, {"tid": 3, "generated": 0, "bbox": {"xmin": 597, "ymin": 258, "ymax": 397, "xmax": 725}}], [{"tid": 0, "generated": 0, "bbox": {"xmin": 386, "ymin": 344, "ymax": 461, "xmax": 688}}, {"tid": 1, "generated": 0, "bbox": {"xmin": 613, "ymin": 226, "ymax": 372, "xmax": 820}}, {"tid": 2, "generated": 0, "bbox": {"xmin": 810, "ymin": 215, "ymax": 368, "xmax": 928}}, {"tid": 3, "generated": 0, "bbox": {"xmin": 596, "ymin": 257, "ymax": 395, "xmax": 724}}], [{"tid": 0, "generated": 0, "bbox": {"xmin": 387, "ymin": 344, "ymax": 462, "xmax": 688}}, {"tid": 1, "generated": 0, "bbox": {"xmin": 613, "ymin": 227, "ymax": 371, "xmax": 824}}, {"tid": 2, "generated": 0, "bbox": {"xmin": 814, "ymin": 215, "ymax": 368, "xmax": 929}}, {"tid": 3, "generated": 0, "bbox": {"xmin": 596, "ymin": 255, "ymax": 393, "xmax": 723}}], [{"tid": 0, "generated": 0, "bbox": {"xmin": 388, "ymin": 345, "ymax": 462, "xmax": 688}}, {"tid": 1, "generated": 0, "bbox": {"xmin": 621, "ymin": 228, "ymax": 371, "xmax": 829}}, {"tid": 2, "generated": 0, "bbox": {"xmin": 819, "ymin": 215, "ymax": 368, "xmax": 931}}, {"tid": 3, "generated": 0, "bbox": {"xmin": 595, "ymin": 253, "ymax": 391, "xmax": 722}}], [{"tid": 0, "generated": 0, "bbox": {"xmin": 389, "ymin": 345, "ymax": 463, "xmax": 688}}, {"tid": 1, "generated": 0, "bbox": {"xmin": 629, "ymin": 229, "ymax": 371, "xmax": 834}}, {"tid": 2, "generated": 0, "bbox": {"xmin": 823, "ymin": 215, "ymax": 368, "xmax": 933}}, {"tid": 3, "generated": 0, "bbox": {"xmin": 594, "ymin": 252, "ymax": 389, "xmax": 721}}], [{"tid": 0, "generated": 0, "bbox": {"xmin": 391, "ymin": 346, "ymax": 464, "xmax": 688}}, {"tid": 1, "generated": 0, "bbox": {"xmin": 637, "ymin": 230, "ymax": 372, "xmax": 839}}, {"tid": 2, "generated": 0, "bbox": {"xmin": 826, "ymin": 215, "ymax": 368, "xmax": 935}}, {"tid": 3, "generated": 0, "bbox": {"xmin": 593, "ymin": 250, "ymax": 387, "xmax": 720}}], [{"tid": 0, "generated": 0, "bbox": {"xmin": 392, "ymin": 346, "ymax": 458, "xmax": 695}}, {"tid": 1, "generated": 0, "bbox": {"xmin": 645, "ymin": 231, "ymax": 372, "xmax": 844}}, {"tid": 2, "generated": 0, "bbox": {"xmin": 830, "ymin": 215, "ymax": 368, "xmax": 936}}, {"tid": 3, "generated": 0, "bbox": {"xmin": 592, "ymin": 248, "ymax": 385, "xmax": 719}}], [{"tid": 0, "generated": 0, "bbox": {"xmin": 394, "ymin": 348, "ymax": 467, "xmax": 693}}, {"tid": 1, "generated": 0, "bbox": {"xmin": 654, "ymin": 232, "ymax": 373, "xmax": 849}}, {"tid": 2, "generated": 0, "bbox": {"xmin": 833, "ymin": 215, "ymax": 369, "xmax": 938}}, {"tid": 3, "generated": 0, "bbox": {"xmin": 592, "ymin": 247, "ymax": 384, "xmax": 718}}], [{"tid": 0, "generated": 0, "bbox": {"xmin": 394, "ymin": 348, "ymax": 464, "xmax": 695}}, {"tid": 1, "generated": 0, "bbox": {"xmin": 657, "ymin": 232, "ymax": 374, "xmax": 849}}, {"tid": 2, "generated": 0, "bbox": {"xmin": 835, "ymin": 215, "ymax": 369, "xmax": 938}}, {"tid": 3, "generated": 0, "bbox": {"xmin": 589, "ymin": 247, "ymax": 385, "xmax": 715}}], [{"tid": 0, "generated": 0, "bbox": {"xmin": 394, "ymin": 348, "ymax": 462, "xmax": 695}}, {"tid": 1, "generated": 0, "bbox": {"xmin": 660, "ymin": 232, "ymax": 375, "xmax": 850}}, {"tid": 2, "generated": 0, "bbox": {"xmin": 837, "ymin": 216, "ymax": 370, "xmax": 939}}, {"tid": 3, "generated": 0, "bbox": {"xmin": 586, "ymin": 248, "ymax": 386, "xmax": 712}}], [{"tid": 0, "generated": 0, "bbox": {"xmin": 394, "ymin": 350, "ymax": 465, "xmax": 693}}, {"tid": 1, "generated": 0, "bbox": {"xmin": 663, "ymin": 232, "ymax": 376, "xmax": 850}}, {"tid": 2, "generated": 0, "bbox": {"xmin": 839, "ymin": 217, "ymax": 371, "xmax": 940}}, {"tid": 3, "generated": 0, "bbox": {"xmin": 583, "ymin": 249, "ymax": 387, "xmax": 709}}], [{"tid": 0, "generated": 0, "bbox": {"xmin": 394, "ymin": 350, "ymax": 464, "xmax": 693}}, {"tid": 1, "generated": 0, "bbox": {"xmin": 667, "ymin": 233, "ymax": 377, "xmax": 851}}, {"tid": 2, "generated": 0, "bbox": {"xmin": 841, "ymin": 218, "ymax": 372, "xmax": 940}}, {"tid": 3, "generated": 0, "bbox": {"xmin": 581, "ymin": 250, "ymax": 389, "xmax": 707}}]], "subject/objects": [{"category": "fox", "tid": 0}, {"category": "fox", "tid": 1}, {"category": "fox", "tid": 2}, {"category": "fox", "tid": 3}], "relation_instances": [{"end_fid": 30, "subject_tid": 0, "predicate": "stand_left", "begin_fid": 0, "object_tid": 1}, {"end_fid": 30, "subject_tid": 1, "predicate": "stand_right", "begin_fid": 0, "object_tid": 0}, {"end_fid": 30, "subject_tid": 0, "predicate": "stand_front", "begin_fid": 0, "object_tid": 2}, {"end_fid": 30, "subject_tid": 0, "predicate": "stand_left", "begin_fid": 0, "object_tid": 2}, {"end_fid": 30, "subject_tid": 2, "predicate": "stand_behind", "begin_fid": 0, "object_tid": 0}, {"end_fid": 30, "subject_tid": 2, "predicate": "stand_right", "begin_fid": 0, "object_tid": 0}, {"end_fid": 30, "subject_tid": 1, "predicate": "stand_front", "begin_fid": 0, "object_tid": 2}, {"end_fid": 30, "subject_tid": 1, "predicate": "play", "begin_fid": 0, "object_tid": 2}, {"end_fid": 30, "subject_tid": 2, "predicate": "stand_behind", "begin_fid": 0, "object_tid": 1}, {"end_fid": 30, "subject_tid": 2, "predicate": "play", "begin_fid": 0, "object_tid": 1}, {"end_fid": 90, "subject_tid": 0, "predicate": "walk_away", "begin_fid": 60, "object_tid": 1}, {"end_fid": 90, "subject_tid": 0, "predicate": "walk_left", "begin_fid": 60, "object_tid": 1}, {"end_fid": 90, "subject_tid": 1, "predicate": "stand_right", "begin_fid": 60, "object_tid": 0}, {"end_fid": 90, "subject_tid": 0, "predicate": "walk_front", "begin_fid": 60, "object_tid": 2}, {"end_fid": 90, "subject_tid": 0, "predicate": "walk_left", "begin_fid": 60, "object_tid": 2}, {"end_fid": 90, "subject_tid": 2, "predicate": "stand_behind", "begin_fid": 60, "object_tid": 0}, {"end_fid": 90, "subject_tid": 2, "predicate": "stand_right", "begin_fid": 60, "object_tid": 0}, {"end_fid": 90, "subject_tid": 1, "predicate": "stand_front", "begin_fid": 60, "object_tid": 2}, {"end_fid": 90, "subject_tid": 1, "predicate": "play", "begin_fid": 60, "object_tid": 2}, {"end_fid": 90, "subject_tid": 2, "predicate": "stand_behind", "begin_fid": 60, "object_tid": 1}, {"end_fid": 90, "subject_tid": 2, "predicate": "play", "begin_fid": 60, "object_tid": 1}, {"end_fid": 135, "subject_tid": 0, "predicate": "walk_front", "begin_fid": 105, "object_tid": 1}, {"end_fid": 135, "subject_tid": 0, "predicate": "walk_left", "begin_fid": 105, "object_tid": 1}, {"end_fid": 135, "subject_tid": 1, "predicate": "stand_behind", "begin_fid": 105, "object_tid": 0}, {"end_fid": 135, "subject_tid": 1, "predicate": "stand_right", "begin_fid": 105, "object_tid": 0}, {"end_fid": 135, "subject_tid": 0, "predicate": "walk_front", "begin_fid": 105, "object_tid": 2}, {"end_fid": 135, "subject_tid": 0, "predicate": "walk_left", "begin_fid": 105, "object_tid": 2}, {"end_fid": 135, "subject_tid": 2, "predicate": "stand_behind", "begin_fid": 105, "object_tid": 0}, {"end_fid": 135, "subject_tid": 2, "predicate": "stand_right", "begin_fid": 105, "object_tid": 0}, {"end_fid": 135, "subject_tid": 0, "predicate": "walk_front", "begin_fid": 105, "object_tid": 3}, {"end_fid": 135, "subject_tid": 0, "predicate": "walk_left", "begin_fid": 105, "object_tid": 3}, {"end_fid": 135, "subject_tid": 3, "predicate": "walk_behind", "begin_fid": 105, "object_tid": 0}, {"end_fid": 135, "subject_tid": 3, "predicate": "walk_right", "begin_fid": 105, "object_tid": 0}, {"end_fid": 135, "subject_tid": 1, "predicate": "stand_next_to", "begin_fid": 105, "object_tid": 2}, {"end_fid": 135, "subject_tid": 1, "predicate": "stand_left", "begin_fid": 105, "object_tid": 2}, {"end_fid": 135, "subject_tid": 1, "predicate": "play", "begin_fid": 105, "object_tid": 2}, {"end_fid": 135, "subject_tid": 2, "predicate": "stand_next_to", "begin_fid": 105, "object_tid": 1}, {"end_fid": 135, "subject_tid": 2, "predicate": "stand_right", "begin_fid": 105, "object_tid": 1}, {"end_fid": 135, "subject_tid": 2, "predicate": "play", "begin_fid": 105, "object_tid": 1}, {"end_fid": 135, "subject_tid": 1, "predicate": "stand_left", "begin_fid": 105, "object_tid": 3}, {"end_fid": 135, "subject_tid": 3, "predicate": "walk_toward", "begin_fid": 105, "object_tid": 1}, {"end_fid": 135, "subject_tid": 3, "predicate": "walk_right", "begin_fid": 105, "object_tid": 1}, {"end_fid": 135, "subject_tid": 2, "predicate": "stand_left", "begin_fid": 105, "object_tid": 3}, {"end_fid": 135, "subject_tid": 3, "predicate": "walk_toward", "begin_fid": 105, "object_tid": 2}, {"end_fid": 135, "subject_tid": 3, "predicate": "walk_right", "begin_fid": 105, "object_tid": 2}, {"end_fid": 165, "subject_tid": 0, "predicate": "stand_front", "begin_fid": 135, "object_tid": 1}, {"end_fid": 165, "subject_tid": 1, "predicate": "walk_behind", "begin_fid": 135, "object_tid": 0}, {"end_fid": 165, "subject_tid": 0, "predicate": "stand_front", "begin_fid": 135, "object_tid": 2}, {"end_fid": 165, "subject_tid": 0, "predicate": "stand_left", "begin_fid": 135, "object_tid": 2}, {"end_fid": 165, "subject_tid": 2, "predicate": "stand_right", "begin_fid": 135, "object_tid": 0}, {"end_fid": 165, "subject_tid": 2, "predicate": "stand_behind", "begin_fid": 135, "object_tid": 0}, {"end_fid": 165, "subject_tid": 0, "predicate": "stand_front", "begin_fid": 135, "object_tid": 3}, {"end_fid": 165, "subject_tid": 0, "predicate": "stand_left", "begin_fid": 135, "object_tid": 3}, {"end_fid": 165, "subject_tid": 3, "predicate": "walk_right", "begin_fid": 135, "object_tid": 0}, {"end_fid": 165, "subject_tid": 3, "predicate": "walk_behind", "begin_fid": 135, "object_tid": 0}, {"end_fid": 165, "subject_tid": 1, "predicate": "walk_next_to", "begin_fid": 135, "object_tid": 2}, {"end_fid": 165, "subject_tid": 1, "predicate": "walk_left", "begin_fid": 135, "object_tid": 2}, {"end_fid": 165, "subject_tid": 2, "predicate": "stand_right", "begin_fid": 135, "object_tid": 1}, {"end_fid": 165, "subject_tid": 2, "predicate": "stand_next_to", "begin_fid": 135, "object_tid": 1}, {"end_fid": 165, "subject_tid": 1, "predicate": "walk_next_to", "begin_fid": 135, "object_tid": 3}, {"end_fid": 165, "subject_tid": 1, "predicate": "walk_left", "begin_fid": 135, "object_tid": 3}, {"end_fid": 165, "subject_tid": 3, "predicate": "walk_right", "begin_fid": 135, "object_tid": 1}, {"end_fid": 165, "subject_tid": 3, "predicate": "walk_next_to", "begin_fid": 135, "object_tid": 1}, {"end_fid": 165, "subject_tid": 3, "predicate": "walk_toward", "begin_fid": 135, "object_tid": 1}, {"end_fid": 165, "subject_tid": 2, "predicate": "stand_behind", "begin_fid": 135, "object_tid": 3}, {"end_fid": 165, "subject_tid": 2, "predicate": "play", "begin_fid": 135, "object_tid": 3}, {"end_fid": 165, "subject_tid": 3, "predicate": "walk_past", "begin_fid": 135, "object_tid": 2}, {"end_fid": 165, "subject_tid": 3, "predicate": "walk_front", "begin_fid": 135, "object_tid": 2}, {"end_fid": 165, "subject_tid": 3, "predicate": "play", "begin_fid": 135, "object_tid": 2}, {"end_fid": 255, "subject_tid": 0, "predicate": "lie_front", "begin_fid": 225, "object_tid": 1}, {"end_fid": 255, "subject_tid": 1, "predicate": "walk_behind", "begin_fid": 225, "object_tid": 0}, {"end_fid": 255, "subject_tid": 0, "predicate": "lie_front", "begin_fid": 225, "object_tid": 2}, {"end_fid": 255, "subject_tid": 0, "predicate": "lie_left", "begin_fid": 225, "object_tid": 2}, {"end_fid": 255, "subject_tid": 2, "predicate": "stand_behind", "begin_fid": 225, "object_tid": 0}, {"end_fid": 255, "subject_tid": 2, "predicate": "stand_right", "begin_fid": 225, "object_tid": 0}, {"end_fid": 255, "subject_tid": 0, "predicate": "lie_front", "begin_fid": 225, "object_tid": 3}, {"end_fid": 255, "subject_tid": 3, "predicate": "walk_toward", "begin_fid": 225, "object_tid": 0}, {"end_fid": 255, "subject_tid": 3, "predicate": "walk_behind", "begin_fid": 225, "object_tid": 0}, {"end_fid": 255, "subject_tid": 1, "predicate": "walk_next_to", "begin_fid": 225, "object_tid": 2}, {"end_fid": 255, "subject_tid": 1, "predicate": "walk_left", "begin_fid": 225, "object_tid": 2}, {"end_fid": 255, "subject_tid": 1, "predicate": "play", "begin_fid": 225, "object_tid": 2}, {"end_fid": 255, "subject_tid": 2, "predicate": "stand_next_to", "begin_fid": 225, "object_tid": 1}, {"end_fid": 255, "subject_tid": 2, "predicate": "stand_right", "begin_fid": 225, "object_tid": 1}, {"end_fid": 255, "subject_tid": 2, "predicate": "play", "begin_fid": 225, "object_tid": 1}, {"end_fid": 255, "subject_tid": 1, "predicate": "walk_behind", "begin_fid": 225, "object_tid": 3}, {"end_fid": 255, "subject_tid": 3, "predicate": "walk_front", "begin_fid": 225, "object_tid": 1}, {"end_fid": 255, "subject_tid": 2, "predicate": "stand_right", "begin_fid": 225, "object_tid": 3}, {"end_fid": 255, "subject_tid": 2, "predicate": "stand_behind", "begin_fid": 225, "object_tid": 3}, {"end_fid": 255, "subject_tid": 3, "predicate": "walk_front", "begin_fid": 225, "object_tid": 2}, {"end_fid": 255, "subject_tid": 3, "predicate": "walk_left", "begin_fid": 225, "object_tid": 2}], "height": 720}