{"width": 1280, "frame_count": 416, "video_id": "ILSVRC2015_train_00463000", "fps": 24, "trajectories": [[], [], [], [], [], [], [], [], [], [], [], [], [], [], [], [], [], [], [], [], [], [], [], [], [], [], [], [], [], [], [], [], [], [], [], [], [], [], [], [], [], [], [], [], [], [], [], [], [], [], [], [], [], [], [], [], [], [], [], [], [], [], [], [], [], [], [], [], [], [], [], [], [], [], [], [], [], [], [], [], [], [], [], [], [], [], [], [], [], [], [], [], [], [], [], [], [], [], [], [], [], [], [], [], [], [], [], [], [], [], [], [], [], [], [], [], [], [], [], [], [], [], [], [], [], [], [], [], [], [], [], [], [], [], [], [], [], [], [], [], [], [], [], [], [], [], [], [], [], [], [], [], [], [], [], [], [], [], [], [], [], [], [], [], [], [], [], [], [], [], [], [], [], [], [], [], [], [], [], [], [], [], [], [], [], [], [], [], [], [], [], [], [], [], [], [], [], [], [], [], [], [], [], [], [], [], [], [], [], [], [], [], [], [], [], [], [], [], [], [], [], [], [], [], [], [], [], [], [], [], [], [], [], [], [], [], [], [], [], [], [], [], [], [], [], [], [], [], [], [], [], [], [], [], [], [{"tid": 0, "generated": 0, "bbox": {"xmin": 67, "ymin": 163, "ymax": 693, "xmax": 1271}}, {"tid": 1, "generated": 0, "bbox": {"xmin": 0, "ymin": 655, "ymax": 715, "xmax": 97}}, {"tid": 2, "generated": 0, "bbox": {"xmin": 4, "ymin": 333, "ymax": 610, "xmax": 92}}], [{"tid": 0, "generated": 0, "bbox": {"xmin": 66, "ymin": 162, "ymax": 693, "xmax": 1272}}, {"tid": 1, "generated": 0, "bbox": {"xmin": 0, "ymin": 655, "ymax": 715, "xmax": 99}}, {"tid": 2, "generated": 0, "bbox": {"xmin": 3, "ymin": 332, "ymax": 609, "xmax": 90}}], [{"tid": 0, "generated": 0, "bbox": {"xmin": 66, "ymin": 161, "ymax": 693, "xmax": 1273}}, {"tid": 1, "generated": 0, "bbox": {"xmin": 0, "ymin": 655, "ymax": 715, "xmax": 101}}, {"tid": 2, "generated": 0, "bbox": {"xmin": 2, "ymin": 330, "ymax": 607, "xmax": 87}}], [{"tid": 0, "generated": 0, "bbox": {"xmin": 65, "ymin": 160, "ymax": 693, "xmax": 1275}}, {"tid": 1, "generated": 0, "bbox": {"xmin": 0, "ymin": 656, "ymax": 716, "xmax": 104}}, {"tid": 2, "generated": 0, "bbox": {"xmin": 2, "ymin": 329, "ymax": 606, "xmax": 85}}], [{"tid": 0, "generated": 0, "bbox": {"xmin": 65, "ymin": 159, "ymax": 693, "xmax": 1276}}, {"tid": 1, "generated": 0, "bbox": {"xmin": 0, "ymin": 640, "ymax": 716, "xmax": 107}}, {"tid": 2, "generated": 0, "bbox": {"xmin": 1, "ymin": 327, "ymax": 604, "xmax": 82}}], [{"tid": 0, "generated": 0, "bbox": {"xmin": 65, "ymin": 158, "ymax": 693, "xmax": 1278}}, {"tid": 1, "generated": 0, "bbox": {"xmin": 0, "ymin": 624, "ymax": 716, "xmax": 111}}, {"tid": 2, "generated": 0, "bbox": {"xmin": 0, "ymin": 326, "ymax": 603, "xmax": 80}}], [{"tid": 0, "generated": 0, "bbox": {"xmin": 70, "ymin": 157, "ymax": 689, "xmax": 1278}}, {"tid": 1, "generated": 0, "bbox": {"xmin": 0, "ymin": 608, "ymax": 716, "xmax": 114}}, {"tid": 2, "generated": 0, "bbox": {"xmin": 0, "ymin": 326, "ymax": 603, "xmax": 80}}], [{"tid": 0, "generated": 0, "bbox": {"xmin": 76, "ymin": 157, "ymax": 686, "xmax": 1278}}, {"tid": 1, "generated": 0, "bbox": {"xmin": 0, "ymin": 592, "ymax": 716, "xmax": 118}}, {"tid": 2, "generated": 0, "bbox": {"xmin": 0, "ymin": 326, "ymax": 603, "xmax": 80}}], [{"tid": 0, "generated": 0, "bbox": {"xmin": 81, "ymin": 156, "ymax": 683, "xmax": 1278}}, {"tid": 1, "generated": 0, "bbox": {"xmin": 0, "ymin": 576, "ymax": 716, "xmax": 122}}, {"tid": 2, "generated": 0, "bbox": {"xmin": 0, "ymin": 326, "ymax": 603, "xmax": 80}}], [{"tid": 0, "generated": 0, "bbox": {"xmin": 87, "ymin": 156, "ymax": 680, "xmax": 1278}}, {"tid": 1, "generated": 0, "bbox": {"xmin": 0, "ymin": 560, "ymax": 716, "xmax": 125}}, {"tid": 2, "generated": 0, "bbox": {"xmin": 0, "ymin": 326, "ymax": 603, "xmax": 80}}], [{"tid": 0, "generated": 0, "bbox": {"xmin": 92, "ymin": 156, "ymax": 677, "xmax": 1278}}, {"tid": 1, "generated": 0, "bbox": {"xmin": 0, "ymin": 544, "ymax": 716, "xmax": 129}}, {"tid": 2, "generated": 0, "bbox": {"xmin": 0, "ymin": 326, "ymax": 603, "xmax": 80}}], [{"tid": 0, "generated": 0, "bbox": {"xmin": 98, "ymin": 155, "ymax": 673, "xmax": 1278}}, {"tid": 1, "generated": 0, "bbox": {"xmin": 0, "ymin": 528, "ymax": 716, "xmax": 132}}, {"tid": 2, "generated": 0, "bbox": {"xmin": 4, "ymin": 324, "ymax": 601, "xmax": 91}}], [{"tid": 0, "generated": 0, "bbox": {"xmin": 103, "ymin": 155, "ymax": 670, "xmax": 1278}}, {"tid": 1, "generated": 0, "bbox": {"xmin": 0, "ymin": 512, "ymax": 716, "xmax": 136}}, {"tid": 2, "generated": 0, "bbox": {"xmin": 8, "ymin": 322, "ymax": 599, "xmax": 102}}], [{"tid": 0, "generated": 0, "bbox": {"xmin": 109, "ymin": 154, "ymax": 667, "xmax": 1278}}, {"tid": 1, "generated": 0, "bbox": {"xmin": 0, "ymin": 497, "ymax": 716, "xmax": 140}}, {"tid": 2, "generated": 0, "bbox": {"xmin": 12, "ymin": 320, "ymax": 597, "xmax": 114}}], [{"tid": 0, "generated": 0, "bbox": {"xmin": 114, "ymin": 154, "ymax": 664, "xmax": 1278}}, {"tid": 1, "generated": 0, "bbox": {"xmin": 0, "ymin": 495, "ymax": 715, "xmax": 143}}, {"tid": 2, "generated": 0, "bbox": {"xmin": 16, "ymin": 318, "ymax": 595, "xmax": 125}}], [{"tid": 0, "generated": 0, "bbox": {"xmin": 120, "ymin": 154, "ymax": 661, "xmax": 1278}}, {"tid": 1, "generated": 0, "bbox": {"xmin": 0, "ymin": 494, "ymax": 714, "xmax": 147}}, {"tid": 2, "generated": 0, "bbox": {"xmin": 20, "ymin": 316, "ymax": 593, "xmax": 136}}], [{"tid": 0, "generated": 0, "bbox": {"xmin": 121, "ymin": 155, "ymax": 662, "xmax": 1278}}, {"tid": 1, "generated": 0, "bbox": {"xmin": 0, "ymin": 492, "ymax": 713, "xmax": 150}}, {"tid": 2, "generated": 0, "bbox": {"xmin": 20, "ymin": 314, "ymax": 591, "xmax": 136}}], [{"tid": 0, "generated": 0, "bbox": {"xmin": 122, "ymin": 157, "ymax": 664, "xmax": 1278}}, {"tid": 1, "generated": 0, "bbox": {"xmin": 0, "ymin": 491, "ymax": 712, "xmax": 154}}, {"tid": 2, "generated": 0, "bbox": {"xmin": 19, "ymin": 312, "ymax": 589, "xmax": 135}}], [{"tid": 0, "generated": 0, "bbox": {"xmin": 123, "ymin": 159, "ymax": 666, "xmax": 1278}}, {"tid": 1, "generated": 0, "bbox": {"xmin": 0, "ymin": 490, "ymax": 712, "xmax": 158}}, {"tid": 2, "generated": 0, "bbox": {"xmin": 19, "ymin": 311, "ymax": 588, "xmax": 135}}], [{"tid": 0, "generated": 0, "bbox": {"xmin": 124, "ymin": 161, "ymax": 668, "xmax": 1278}}, {"tid": 1, "generated": 0, "bbox": {"xmin": 0, "ymin": 489, "ymax": 712, "xmax": 157}}, {"tid": 2, "generated": 0, "bbox": {"xmin": 18, "ymin": 309, "ymax": 586, "xmax": 134}}], [{"tid": 0, "generated": 0, "bbox": {"xmin": 126, "ymin": 163, "ymax": 670, "xmax": 1278}}, {"tid": 1, "generated": 0, "bbox": {"xmin": 0, "ymin": 488, "ymax": 713, "xmax": 156}}, {"tid": 2, "generated": 0, "bbox": {"xmin": 18, "ymin": 307, "ymax": 584, "xmax": 134}}], [{"tid": 0, "generated": 0, "bbox": {"xmin": 127, "ymin": 162, "ymax": 668, "xmax": 1278}}, {"tid": 1, "generated": 0, "bbox": {"xmin": 0, "ymin": 487, "ymax": 714, "xmax": 155}}, {"tid": 2, "generated": 0, "bbox": {"xmin": 18, "ymin": 307, "ymax": 584, "xmax": 134}}], [{"tid": 0, "generated": 0, "bbox": {"xmin": 128, "ymin": 161, "ymax": 667, "xmax": 1278}}, {"tid": 1, "generated": 0, "bbox": {"xmin": 0, "ymin": 486, "ymax": 715, "xmax": 154}}, {"tid": 2, "generated": 0, "bbox": {"xmin": 18, "ymin": 307, "ymax": 584, "xmax": 134}}], [{"tid": 0, "generated": 0, "bbox": {"xmin": 129, "ymin": 160, "ymax": 665, "xmax": 1278}}, {"tid": 1, "generated": 0, "bbox": {"xmin": 0, "ymin": 485, "ymax": 716, "xmax": 154}}, {"tid": 2, "generated": 0, "bbox": {"xmin": 18, "ymin": 307, "ymax": 584, "xmax": 134}}], [{"tid": 0, "generated": 0, "bbox": {"xmin": 130, "ymin": 159, "ymax": 664, "xmax": 1278}}, {"tid": 1, "generated": 0, "bbox": {"xmin": 0, "ymin": 484, "ymax": 716, "xmax": 159}}, {"tid": 2, "generated": 0, "bbox": {"xmin": 18, "ymin": 307, "ymax": 584, "xmax": 134}}], [{"tid": 0, "generated": 0, "bbox": {"xmin": 131, "ymin": 158, "ymax": 663, "xmax": 1278}}, {"tid": 1, "generated": 0, "bbox": {"xmin": 0, "ymin": 483, "ymax": 716, "xmax": 165}}, {"tid": 2, "generated": 0, "bbox": {"xmin": 18, "ymin": 307, "ymax": 584, "xmax": 134}}], [{"tid": 0, "generated": 0, "bbox": {"xmin": 140, "ymin": 157, "ymax": 662, "xmax": 1277}}, {"tid": 1, "generated": 0, "bbox": {"xmin": 0, "ymin": 480, "ymax": 714, "xmax": 175}}, {"tid": 2, "generated": 0, "bbox": {"xmin": 33, "ymin": 308, "ymax": 578, "xmax": 141}}], [{"tid": 0, "generated": 0, "bbox": {"xmin": 149, "ymin": 157, "ymax": 661, "xmax": 1277}}, {"tid": 1, "generated": 0, "bbox": {"xmin": 0, "ymin": 478, "ymax": 713, "xmax": 185}}, {"tid": 2, "generated": 0, "bbox": {"xmin": 47, "ymin": 308, "ymax": 572, "xmax": 149}}], [{"tid": 0, "generated": 0, "bbox": {"xmin": 158, "ymin": 156, "ymax": 660, "xmax": 1276}}, {"tid": 1, "generated": 0, "bbox": {"xmin": 0, "ymin": 476, "ymax": 712, "xmax": 195}}, {"tid": 2, "generated": 0, "bbox": {"xmin": 62, "ymin": 309, "ymax": 565, "xmax": 156}}], [{"tid": 0, "generated": 0, "bbox": {"xmin": 167, "ymin": 156, "ymax": 659, "xmax": 1276}}, {"tid": 1, "generated": 0, "bbox": {"xmin": 0, "ymin": 474, "ymax": 712, "xmax": 201}}, {"tid": 2, "generated": 0, "bbox": {"xmin": 76, "ymin": 309, "ymax": 559, "xmax": 164}}]], "subject/objects": [{"category": "train", "tid": 0}, {"category": "bicycle", "tid": 1}, {"category": "person", "tid": 2}], "relation_instances": [{"end_fid": 285, "subject_tid": 0, "predicate": "stop_right", "begin_fid": 255, "object_tid": 1}, {"end_fid": 285, "subject_tid": 0, "predicate": "taller", "begin_fid": 255, "object_tid": 1}, {"end_fid": 285, "subject_tid": 0, "predicate": "larger", "begin_fid": 255, "object_tid": 1}, {"end_fid": 285, "subject_tid": 1, "predicate": "stop_left", "begin_fid": 255, "object_tid": 0}, {"end_fid": 285, "subject_tid": 0, "predicate": "stop_right", "begin_fid": 255, "object_tid": 2}, {"end_fid": 285, "subject_tid": 0, "predicate": "taller", "begin_fid": 255, "object_tid": 2}, {"end_fid": 285, "subject_tid": 0, "predicate": "larger", "begin_fid": 255, "object_tid": 2}, {"end_fid": 285, "subject_tid": 2, "predicate": "walk_left", "begin_fid": 255, "object_tid": 0}, {"end_fid": 285, "subject_tid": 2, "predicate": "watch", "begin_fid": 255, "object_tid": 0}, {"end_fid": 285, "subject_tid": 1, "predicate": "stop_front", "begin_fid": 255, "object_tid": 2}, {"end_fid": 285, "subject_tid": 2, "predicate": "walk_away", "begin_fid": 255, "object_tid": 1}, {"end_fid": 285, "subject_tid": 2, "predicate": "walk_behind", "begin_fid": 255, "object_tid": 1}], "height": 720}