{"width": 1920, "frame_count": 42, "video_id": "ILSVRC2015_train_00265042", "fps": 25, "trajectories": [[{"tid": 0, "generated": 0, "bbox": {"xmin": 45, "ymin": 576, "ymax": 1079, "xmax": 1656}}, {"tid": 2, "generated": 0, "bbox": {"xmin": 7, "ymin": 596, "ymax": 1076, "xmax": 1917}}], [{"tid": 0, "generated": 0, "bbox": {"xmin": 93, "ymin": 565, "ymax": 1066, "xmax": 1741}}, {"tid": 2, "generated": 0, "bbox": {"xmin": 7, "ymin": 596, "ymax": 1076, "xmax": 1917}}], [{"tid": 0, "generated": 0, "bbox": {"xmin": 141, "ymin": 597, "ymax": 1079, "xmax": 1741}}, {"tid": 2, "generated": 0, "bbox": {"xmin": 7, "ymin": 596, "ymax": 1076, "xmax": 1917}}], [{"tid": 0, "generated": 0, "bbox": {"xmin": 192, "ymin": 597, "ymax": 1079, "xmax": 1725}}, {"tid": 2, "generated": 0, "bbox": {"xmin": 7, "ymin": 596, "ymax": 1076, "xmax": 1917}}], [{"tid": 0, "generated": 0, "bbox": {"xmin": 242, "ymin": 586, "ymax": 1079, "xmax": 1690}}, {"tid": 2, "generated": 0, "bbox": {"xmin": 7, "ymin": 596, "ymax": 1076, "xmax": 1917}}], [{"tid": 0, "generated": 0, "bbox": {"xmin": 282, "ymin": 533, "ymax": 1079, "xmax": 1669}}, {"tid": 2, "generated": 0, "bbox": {"xmin": 7, "ymin": 596, "ymax": 1076, "xmax": 1917}}], [{"tid": 0, "generated": 0, "bbox": {"xmin": 328, "ymin": 509, "ymax": 1079, "xmax": 1621}}, {"tid": 2, "generated": 0, "bbox": {"xmin": 7, "ymin": 584, "ymax": 1076, "xmax": 1917}}], [{"tid": 0, "generated": 0, "bbox": {"xmin": 357, "ymin": 501, "ymax": 1072, "xmax": 1573}}, {"tid": 2, "generated": 0, "bbox": {"xmin": 7, "ymin": 572, "ymax": 1076, "xmax": 1917}}], [{"tid": 0, "generated": 0, "bbox": {"xmin": 360, "ymin": 485, "ymax": 1079, "xmax": 1562}}, {"tid": 2, "generated": 0, "bbox": {"xmin": 7, "ymin": 561, "ymax": 1076, "xmax": 1917}}], [{"tid": 0, "generated": 0, "bbox": {"xmin": 378, "ymin": 453, "ymax": 1079, "xmax": 1546}}, {"tid": 2, "generated": 0, "bbox": {"xmin": 7, "ymin": 549, "ymax": 1076, "xmax": 1917}}], [{"tid": 0, "generated": 0, "bbox": {"xmin": 397, "ymin": 493, "ymax": 1079, "xmax": 1568}}, {"tid": 2, "generated": 0, "bbox": {"xmin": 7, "ymin": 537, "ymax": 1076, "xmax": 1917}}], [{"tid": 0, "generated": 0, "bbox": {"xmin": 392, "ymin": 562, "ymax": 1079, "xmax": 1576}}, {"tid": 2, "generated": 0, "bbox": {"xmin": 7, "ymin": 569, "ymax": 1076, "xmax": 1917}}], [{"tid": 0, "generated": 0, "bbox": {"xmin": 349, "ymin": 602, "ymax": 1079, "xmax": 1586}}, {"tid": 2, "generated": 0, "bbox": {"xmin": 7, "ymin": 601, "ymax": 1076, "xmax": 1917}}], [{"tid": 0, "generated": 0, "bbox": {"xmin": 317, "ymin": 613, "ymax": 1069, "xmax": 1616}}, {"tid": 2, "generated": 0, "bbox": {"xmin": 7, "ymin": 634, "ymax": 1076, "xmax": 1917}}], [{"tid": 0, "generated": 0, "bbox": {"xmin": 264, "ymin": 573, "ymax": 1079, "xmax": 1680}}, {"tid": 2, "generated": 0, "bbox": {"xmin": 7, "ymin": 666, "ymax": 1076, "xmax": 1917}}], [{"tid": 0, "generated": 0, "bbox": {"xmin": 293, "ymin": 533, "ymax": 1079, "xmax": 1738}}, {"tid": 2, "generated": 0, "bbox": {"xmin": 7, "ymin": 698, "ymax": 1076, "xmax": 1917}}], [{"tid": 0, "generated": 0, "bbox": {"xmin": 264, "ymin": 557, "ymax": 1079, "xmax": 1768}}, {"tid": 2, "generated": 0, "bbox": {"xmin": 7, "ymin": 637, "ymax": 1076, "xmax": 1917}}], [{"tid": 0, "generated": 0, "bbox": {"xmin": 240, "ymin": 514, "ymax": 1072, "xmax": 1816}}, {"tid": 2, "generated": 0, "bbox": {"xmin": 7, "ymin": 576, "ymax": 1076, "xmax": 1917}}], [{"tid": 0, "generated": 0, "bbox": {"xmin": 229, "ymin": 477, "ymax": 1066, "xmax": 1834}}, {"tid": 2, "generated": 0, "bbox": {"xmin": 7, "ymin": 515, "ymax": 1076, "xmax": 1917}}], [{"tid": 0, "generated": 0, "bbox": {"xmin": 221, "ymin": 517, "ymax": 1066, "xmax": 1848}}, {"tid": 2, "generated": 0, "bbox": {"xmin": 7, "ymin": 454, "ymax": 1076, "xmax": 1917}}], [{"tid": 0, "generated": 0, "bbox": {"xmin": 189, "ymin": 480, "ymax": 1079, "xmax": 1832}}, {"tid": 2, "generated": 0, "bbox": {"xmin": 7, "ymin": 393, "ymax": 1076, "xmax": 1917}}], [{"tid": 0, "generated": 0, "bbox": {"xmin": 157, "ymin": 440, "ymax": 1077, "xmax": 1810}}, {"tid": 2, "generated": 0, "bbox": {"xmin": 7, "ymin": 376, "ymax": 1076, "xmax": 1917}}], [{"tid": 0, "generated": 0, "bbox": {"xmin": 152, "ymin": 421, "ymax": 1079, "xmax": 1760}}, {"tid": 2, "generated": 0, "bbox": {"xmin": 7, "ymin": 359, "ymax": 1076, "xmax": 1917}}], [{"tid": 0, "generated": 0, "bbox": {"xmin": 170, "ymin": 400, "ymax": 1079, "xmax": 1688}}, {"tid": 2, "generated": 0, "bbox": {"xmin": 7, "ymin": 342, "ymax": 1076, "xmax": 1917}}], [{"tid": 0, "generated": 0, "bbox": {"xmin": 226, "ymin": 405, "ymax": 1079, "xmax": 1576}}, {"tid": 2, "generated": 0, "bbox": {"xmin": 7, "ymin": 325, "ymax": 1076, "xmax": 1917}}], [{"tid": 0, "generated": 0, "bbox": {"xmin": 274, "ymin": 378, "ymax": 1079, "xmax": 1488}}, {"tid": 2, "generated": 0, "bbox": {"xmin": 7, "ymin": 308, "ymax": 1076, "xmax": 1917}}], [{"tid": 0, "generated": 0, "bbox": {"xmin": 266, "ymin": 354, "ymax": 1072, "xmax": 1448}}, {"tid": 2, "generated": 0, "bbox": {"xmin": 7, "ymin": 305, "ymax": 1010, "xmax": 1917}}], [{"tid": 0, "generated": 0, "bbox": {"xmin": 250, "ymin": 304, "ymax": 1079, "xmax": 1432}}, {"tid": 2, "generated": 0, "bbox": {"xmin": 7, "ymin": 302, "ymax": 944, "xmax": 1917}}], [{"tid": 0, "generated": 0, "bbox": {"xmin": 266, "ymin": 330, "ymax": 1079, "xmax": 1429}}, {"tid": 2, "generated": 0, "bbox": {"xmin": 7, "ymin": 299, "ymax": 879, "xmax": 1917}}], [{"tid": 0, "generated": 0, "bbox": {"xmin": 293, "ymin": 320, "ymax": 1069, "xmax": 1488}}, {"tid": 2, "generated": 0, "bbox": {"xmin": 7, "ymin": 296, "ymax": 813, "xmax": 1917}}]], "subject/objects": [{"category": "bicycle", "tid": 0}, {"category": "person", "tid": 2}], "relation_instances": [{"end_fid": 30, "subject_tid": 0, "predicate": "move_beneath", "begin_fid": 0, "object_tid": 2}, {"end_fid": 30, "subject_tid": 2, "predicate": "sit_above", "begin_fid": 0, "object_tid": 0}, {"end_fid": 30, "subject_tid": 2, "predicate": "ride", "begin_fid": 0, "object_tid": 0}], "height": 1080}