{"width": 1280, "frame_count": 1060, "video_id": "ILSVRC2015_train_00661004", "fps": 30, "trajectories": [[], [], [], [], [], [], [], [], [], [], [], [], [], [], [], [], [], [], [], [], [], [], [], [], [], [], [], [], [], [], [], [], [], [], [], [], [], [], [], [], [], [], [], [], [], [], [], [], [], [], [], [], [], [], [], [], [], [], [], [], [], [], [], [], [], [], [], [], [], [], [], [], [], [], [], [], [], [], [], [], [], [], [], [], [], [], [], [], [], [], [], [], [], [], [], [], [], [], [], [], [], [], [], [], [], [], [], [], [], [], [], [], [], [], [], [], [], [], [], [], [], [], [], [], [], [], [], [], [], [], [], [], [], [], [], [], [], [], [], [], [], [], [], [], [], [], [], [], [], [], [], [], [], [], [], [], [], [], [], [], [], [], [], [], [], [], [], [], [], [], [], [], [], [], [], [], [], [], [], [], [], [], [], [], [], [], [], [], [], [], [], [], [], [], [], [], [], [], [], [], [], [], [], [], [], [], [], [], [], [], [], [], [], [], [], [], [], [], [], [], [], [], [], [], [], [], [], [], [], [], [], [], [], [], [], [], [], [], [], [], [], [], [], [], [], [], [], [], [], [], [], [], [], [], [], [], [], [], [], [], [], [], [], [], [], [], [], [], [], [], [], [], [], [], [], [], [], [], [], [], [], [], [], [], [], [], [], [], [], [], [], [], [], [], [], [], [], [], [], [], [], [], [], [], [], [], [], [], [], [], [], [], [], [], [], [], [], [], [], [], [], [], [], [], [], [], [], [], [], [], [], [], [], [], [], [], [], [], [], [], [], [], [], [], [], [], [], [], [], [], [], [], [], [], [], [], [], [], [], [], [], [], [], [], [], [], [], [], [], [], [], [], [], [], [], [], [], [], [], [], [], [], [], [], [], [], [], [], [], [], [], [], [], [], [], [], [], [], [], [], [], [], [], [], [], [], [], [], [], [], [], [], [], [], [], [], [], [], [], [], [], [], [], [], [], [], [], [], [], [], [], [], [], [], [], [], [], [], [], [], [], [], [], [], [], [], [], [], [], [], [], [], [], [], [], [], [], [], [], [], [], [], [], [], [], [], [], [], [], [], [], [], [], [], [], [], [], [], [], [], [], [], [], [], [], [], [], [], [], [], [], [], [], [], [], [], [], [], [], [], [], [], [], [], [], [], [], [], [], [], [], [], [], [], [], [], [], [], [], [], [], [], [], [], [], [], [], [], [], [], [], [], [], [], [], [], [], [], [], [], [], [], [], [], [], [], [], [], [], [], [], [], [], [], [], [], [], [], [], [], [], [], [], [], [], [], [], [], [], [], [], [], [], [], [], [], [], [], [], [], [], [], [], [], [], [], [], [], [], [], [], [], [], [], [], [], [], [], [], [], [], [], [], [], [], [], [], [], [], [], [], [], [], [], [], [], [], [], [], [], [], [], [], [], [], [], [], [], [], [], [], [], [], [], [], [], [], [], [], [], [], [], [], [], [], [], [], [], [], [], [], [], [], [], [], [], [], [], [], [], [], [], [], [], [], [], [], [], [], [], [], [], [], [], [], [], [], [], [], [], [], [], [], [], [], [], [], [], [], [], [], [], [], [], [], [], [], [], [], [], [], [], [], [], [], [], [], [], [], [], [], [], [], [], [], [], [], [], [], [], [], [], [], [], [], [], [], [], [], [], [], [], [], [], [], [], [], [], [], [], [], [], [], [], [], [], [], [], [], [], [], [], [], [], [], [], [], [], [], [], [], [], [], [], [], [], [], [], [], [], [], [], [], [], [], [], [], [], [], [], [], [], [], [], [], [], [], [], [], [], [], [], [], [], [], [], [], [], [], [], [], [], [], [], [], [], [], [], [], [], [], [], [], [], [], [], [], [], [], [], [], [], [], [], [], [], [], [], [], [], [], [], [], [], [], [], [], [], [], [], [], [], [], [], [], [], [], [], [], [], [], [], [], [], [], [], [], [], [], [], [], [], [], [], [], [], [], [], [], [], [{"tid": 0, "generated": 0, "bbox": {"xmin": 371, "ymin": 222, "ymax": 481, "xmax": 752}}, {"tid": 1, "generated": 0, "bbox": {"xmin": 183, "ymin": 392, "ymax": 442, "xmax": 224}}], [{"tid": 0, "generated": 0, "bbox": {"xmin": 371, "ymin": 219, "ymax": 481, "xmax": 752}}, {"tid": 1, "generated": 0, "bbox": {"xmin": 181, "ymin": 391, "ymax": 442, "xmax": 222}}], [{"tid": 0, "generated": 0, "bbox": {"xmin": 371, "ymin": 216, "ymax": 481, "xmax": 752}}, {"tid": 1, "generated": 0, "bbox": {"xmin": 179, "ymin": 391, "ymax": 443, "xmax": 220}}], [{"tid": 0, "generated": 0, "bbox": {"xmin": 371, "ymin": 213, "ymax": 481, "xmax": 753}}, {"tid": 1, "generated": 0, "bbox": {"xmin": 177, "ymin": 391, "ymax": 444, "xmax": 218}}], [{"tid": 0, "generated": 0, "bbox": {"xmin": 400, "ymin": 212, "ymax": 478, "xmax": 784}}, {"tid": 1, "generated": 0, "bbox": {"xmin": 193, "ymin": 392, "ymax": 446, "xmax": 234}}], [{"tid": 0, "generated": 0, "bbox": {"xmin": 430, "ymin": 211, "ymax": 476, "xmax": 816}}, {"tid": 1, "generated": 0, "bbox": {"xmin": 238, "ymin": 391, "ymax": 444, "xmax": 279}}], [{"tid": 0, "generated": 0, "bbox": {"xmin": 469, "ymin": 208, "ymax": 479, "xmax": 856}}, {"tid": 1, "generated": 0, "bbox": {"xmin": 289, "ymin": 389, "ymax": 442, "xmax": 328}}], [{"tid": 0, "generated": 0, "bbox": {"xmin": 508, "ymin": 206, "ymax": 483, "xmax": 897}}, {"tid": 1, "generated": 0, "bbox": {"xmin": 316, "ymin": 387, "ymax": 442, "xmax": 357}}], [{"tid": 0, "generated": 0, "bbox": {"xmin": 522, "ymin": 204, "ymax": 481, "xmax": 915}}, {"tid": 1, "generated": 0, "bbox": {"xmin": 330, "ymin": 385, "ymax": 442, "xmax": 369}}], [{"tid": 0, "generated": 0, "bbox": {"xmin": 537, "ymin": 203, "ymax": 479, "xmax": 933}}, {"tid": 1, "generated": 0, "bbox": {"xmin": 341, "ymin": 384, "ymax": 442, "xmax": 380}}], [{"tid": 0, "generated": 0, "bbox": {"xmin": 552, "ymin": 202, "ymax": 478, "xmax": 952}}, {"tid": 1, "generated": 0, "bbox": {"xmin": 346, "ymin": 385, "ymax": 444, "xmax": 385}}], [{"tid": 0, "generated": 0, "bbox": {"xmin": 551, "ymin": 200, "ymax": 477, "xmax": 953}}, {"tid": 1, "generated": 0, "bbox": {"xmin": 345, "ymin": 384, "ymax": 443, "xmax": 385}}], [{"tid": 0, "generated": 0, "bbox": {"xmin": 550, "ymin": 198, "ymax": 477, "xmax": 955}}, {"tid": 1, "generated": 0, "bbox": {"xmin": 345, "ymin": 383, "ymax": 443, "xmax": 385}}], [{"tid": 0, "generated": 0, "bbox": {"xmin": 550, "ymin": 196, "ymax": 476, "xmax": 957}}, {"tid": 1, "generated": 0, "bbox": {"xmin": 344, "ymin": 383, "ymax": 442, "xmax": 386}}], [{"tid": 0, "generated": 0, "bbox": {"xmin": 549, "ymin": 194, "ymax": 476, "xmax": 959}}, {"tid": 1, "generated": 0, "bbox": {"xmin": 344, "ymin": 382, "ymax": 442, "xmax": 386}}], [{"tid": 0, "generated": 0, "bbox": {"xmin": 549, "ymin": 193, "ymax": 476, "xmax": 961}}, {"tid": 1, "generated": 0, "bbox": {"xmin": 344, "ymin": 382, "ymax": 442, "xmax": 387}}], [{"tid": 0, "generated": 0, "bbox": {"xmin": 548, "ymin": 189, "ymax": 476, "xmax": 963}}, {"tid": 1, "generated": 0, "bbox": {"xmin": 340, "ymin": 379, "ymax": 439, "xmax": 384}}], [{"tid": 0, "generated": 0, "bbox": {"xmin": 547, "ymin": 186, "ymax": 476, "xmax": 965}}, {"tid": 1, "generated": 0, "bbox": {"xmin": 336, "ymin": 377, "ymax": 437, "xmax": 381}}], [{"tid": 0, "generated": 0, "bbox": {"xmin": 546, "ymin": 183, "ymax": 477, "xmax": 967}}, {"tid": 1, "generated": 0, "bbox": {"xmin": 332, "ymin": 375, "ymax": 434, "xmax": 378}}], [{"tid": 0, "generated": 0, "bbox": {"xmin": 545, "ymin": 180, "ymax": 477, "xmax": 969}}, {"tid": 1, "generated": 0, "bbox": {"xmin": 328, "ymin": 373, "ymax": 432, "xmax": 375}}], [{"tid": 0, "generated": 0, "bbox": {"xmin": 544, "ymin": 177, "ymax": 478, "xmax": 972}}, {"tid": 1, "generated": 0, "bbox": {"xmin": 321, "ymin": 373, "ymax": 430, "xmax": 369}}], [{"tid": 0, "generated": 0, "bbox": {"xmin": 539, "ymin": 174, "ymax": 476, "xmax": 970}}, {"tid": 1, "generated": 0, "bbox": {"xmin": 315, "ymin": 374, "ymax": 432, "xmax": 363}}], [{"tid": 0, "generated": 0, "bbox": {"xmin": 534, "ymin": 172, "ymax": 475, "xmax": 968}}, {"tid": 1, "generated": 0, "bbox": {"xmin": 309, "ymin": 375, "ymax": 435, "xmax": 357}}], [{"tid": 0, "generated": 0, "bbox": {"xmin": 529, "ymin": 169, "ymax": 473, "xmax": 966}}, {"tid": 1, "generated": 0, "bbox": {"xmin": 304, "ymin": 375, "ymax": 435, "xmax": 352}}], [{"tid": 0, "generated": 0, "bbox": {"xmin": 524, "ymin": 167, "ymax": 472, "xmax": 964}}, {"tid": 1, "generated": 0, "bbox": {"xmin": 300, "ymin": 375, "ymax": 435, "xmax": 348}}], [{"tid": 0, "generated": 0, "bbox": {"xmin": 520, "ymin": 165, "ymax": 471, "xmax": 963}}, {"tid": 1, "generated": 0, "bbox": {"xmin": 294, "ymin": 375, "ymax": 437, "xmax": 342}}], [{"tid": 0, "generated": 0, "bbox": {"xmin": 515, "ymin": 165, "ymax": 473, "xmax": 960}}, {"tid": 1, "generated": 0, "bbox": {"xmin": 288, "ymin": 375, "ymax": 439, "xmax": 336}}], [{"tid": 0, "generated": 0, "bbox": {"xmin": 511, "ymin": 166, "ymax": 475, "xmax": 958}}, {"tid": 1, "generated": 0, "bbox": {"xmin": 283, "ymin": 375, "ymax": 441, "xmax": 330}}], [{"tid": 0, "generated": 0, "bbox": {"xmin": 507, "ymin": 166, "ymax": 478, "xmax": 956}}, {"tid": 1, "generated": 0, "bbox": {"xmin": 277, "ymin": 375, "ymax": 443, "xmax": 324}}], [{"tid": 0, "generated": 0, "bbox": {"xmin": 503, "ymin": 167, "ymax": 480, "xmax": 954}}, {"tid": 1, "generated": 0, "bbox": {"xmin": 272, "ymin": 376, "ymax": 446, "xmax": 318}}], [], [], [], [], [], [], [], [], [], [], [], [], [], [], [], [], [], [], [], [], [], [], [], [], [], [], [], [], [], [], [], [], [], [], [], [], [], [], [], [], [], [], [], [], [], [], [], [], [], [], [], [], [], [], [], [], [], [], [], [], [], [], [], [], [], [], [], [], [], [], [], [], [], [], [], [], [], [], [], [], [], [], [], [], [], [], [], [], [], [], [], [], [], [], [], [], [], [], [], [], [], [], [], [], [], [], [], [], [], [], [], [], [], [], [], [], [], [], [], [], [{"tid": 0, "generated": 0, "bbox": {"xmin": 398, "ymin": 205, "ymax": 445, "xmax": 729}}, {"tid": 1, "generated": 0, "bbox": {"xmin": 199, "ymin": 344, "ymax": 417, "xmax": 250}}], [{"tid": 0, "generated": 0, "bbox": {"xmin": 398, "ymin": 206, "ymax": 444, "xmax": 727}}, {"tid": 1, "generated": 0, "bbox": {"xmin": 198, "ymin": 343, "ymax": 416, "xmax": 249}}], [{"tid": 0, "generated": 0, "bbox": {"xmin": 397, "ymin": 206, "ymax": 444, "xmax": 726}}, {"tid": 1, "generated": 0, "bbox": {"xmin": 198, "ymin": 343, "ymax": 416, "xmax": 249}}], [{"tid": 0, "generated": 0, "bbox": {"xmin": 396, "ymin": 207, "ymax": 444, "xmax": 724}}, {"tid": 1, "generated": 0, "bbox": {"xmin": 198, "ymin": 343, "ymax": 416, "xmax": 249}}], [{"tid": 0, "generated": 0, "bbox": {"xmin": 396, "ymin": 207, "ymax": 443, "xmax": 723}}, {"tid": 1, "generated": 0, "bbox": {"xmin": 198, "ymin": 343, "ymax": 416, "xmax": 249}}], [{"tid": 0, "generated": 0, "bbox": {"xmin": 395, "ymin": 208, "ymax": 443, "xmax": 721}}, {"tid": 1, "generated": 0, "bbox": {"xmin": 198, "ymin": 343, "ymax": 416, "xmax": 249}}], [{"tid": 0, "generated": 0, "bbox": {"xmin": 394, "ymin": 208, "ymax": 443, "xmax": 720}}, {"tid": 1, "generated": 0, "bbox": {"xmin": 198, "ymin": 343, "ymax": 416, "xmax": 249}}], [{"tid": 0, "generated": 0, "bbox": {"xmin": 394, "ymin": 209, "ymax": 442, "xmax": 718}}, {"tid": 1, "generated": 0, "bbox": {"xmin": 198, "ymin": 343, "ymax": 416, "xmax": 249}}], [{"tid": 0, "generated": 0, "bbox": {"xmin": 393, "ymin": 209, "ymax": 442, "xmax": 717}}, {"tid": 1, "generated": 0, "bbox": {"xmin": 197, "ymin": 343, "ymax": 416, "xmax": 249}}], [{"tid": 0, "generated": 0, "bbox": {"xmin": 392, "ymin": 210, "ymax": 442, "xmax": 715}}, {"tid": 1, "generated": 0, "bbox": {"xmin": 197, "ymin": 343, "ymax": 416, "xmax": 249}}], [{"tid": 0, "generated": 0, "bbox": {"xmin": 392, "ymin": 211, "ymax": 442, "xmax": 714}}, {"tid": 1, "generated": 0, "bbox": {"xmin": 197, "ymin": 343, "ymax": 416, "xmax": 249}}], [{"tid": 0, "generated": 0, "bbox": {"xmin": 391, "ymin": 211, "ymax": 441, "xmax": 712}}, {"tid": 1, "generated": 0, "bbox": {"xmin": 197, "ymin": 342, "ymax": 415, "xmax": 248}}], [{"tid": 0, "generated": 0, "bbox": {"xmin": 391, "ymin": 211, "ymax": 441, "xmax": 711}}, {"tid": 1, "generated": 0, "bbox": {"xmin": 197, "ymin": 342, "ymax": 415, "xmax": 248}}], [{"tid": 0, "generated": 0, "bbox": {"xmin": 391, "ymin": 211, "ymax": 441, "xmax": 710}}, {"tid": 1, "generated": 0, "bbox": {"xmin": 197, "ymin": 342, "ymax": 415, "xmax": 248}}], [{"tid": 0, "generated": 0, "bbox": {"xmin": 391, "ymin": 211, "ymax": 441, "xmax": 709}}, {"tid": 1, "generated": 0, "bbox": {"xmin": 197, "ymin": 342, "ymax": 415, "xmax": 248}}], [{"tid": 0, "generated": 0, "bbox": {"xmin": 391, "ymin": 211, "ymax": 441, "xmax": 707}}, {"tid": 1, "generated": 0, "bbox": {"xmin": 197, "ymin": 342, "ymax": 415, "xmax": 248}}], [{"tid": 0, "generated": 0, "bbox": {"xmin": 391, "ymin": 211, "ymax": 441, "xmax": 706}}, {"tid": 1, "generated": 0, "bbox": {"xmin": 196, "ymin": 342, "ymax": 415, "xmax": 248}}], [{"tid": 0, "generated": 0, "bbox": {"xmin": 391, "ymin": 211, "ymax": 441, "xmax": 705}}, {"tid": 1, "generated": 0, "bbox": {"xmin": 196, "ymin": 342, "ymax": 415, "xmax": 248}}], [{"tid": 0, "generated": 0, "bbox": {"xmin": 391, "ymin": 211, "ymax": 441, "xmax": 704}}, {"tid": 1, "generated": 0, "bbox": {"xmin": 196, "ymin": 342, "ymax": 415, "xmax": 248}}], [{"tid": 0, "generated": 0, "bbox": {"xmin": 391, "ymin": 211, "ymax": 441, "xmax": 703}}, {"tid": 1, "generated": 0, "bbox": {"xmin": 196, "ymin": 342, "ymax": 415, "xmax": 248}}], [{"tid": 0, "generated": 0, "bbox": {"xmin": 391, "ymin": 212, "ymax": 440, "xmax": 701}}, {"tid": 1, "generated": 0, "bbox": {"xmin": 196, "ymin": 342, "ymax": 415, "xmax": 248}}], [{"tid": 0, "generated": 0, "bbox": {"xmin": 391, "ymin": 212, "ymax": 440, "xmax": 700}}, {"tid": 1, "generated": 0, "bbox": {"xmin": 196, "ymin": 341, "ymax": 414, "xmax": 247}}], [{"tid": 0, "generated": 0, "bbox": {"xmin": 391, "ymin": 212, "ymax": 440, "xmax": 699}}, {"tid": 1, "generated": 0, "bbox": {"xmin": 196, "ymin": 341, "ymax": 414, "xmax": 247}}], [{"tid": 0, "generated": 0, "bbox": {"xmin": 391, "ymin": 212, "ymax": 440, "xmax": 698}}, {"tid": 1, "generated": 0, "bbox": {"xmin": 195, "ymin": 341, "ymax": 414, "xmax": 247}}], [{"tid": 0, "generated": 0, "bbox": {"xmin": 391, "ymin": 212, "ymax": 440, "xmax": 697}}, {"tid": 1, "generated": 0, "bbox": {"xmin": 195, "ymin": 341, "ymax": 414, "xmax": 247}}], [{"tid": 0, "generated": 0, "bbox": {"xmin": 391, "ymin": 212, "ymax": 440, "xmax": 695}}, {"tid": 1, "generated": 0, "bbox": {"xmin": 195, "ymin": 341, "ymax": 414, "xmax": 247}}], [{"tid": 0, "generated": 0, "bbox": {"xmin": 391, "ymin": 212, "ymax": 440, "xmax": 694}}, {"tid": 1, "generated": 0, "bbox": {"xmin": 195, "ymin": 341, "ymax": 414, "xmax": 247}}], [{"tid": 0, "generated": 0, "bbox": {"xmin": 391, "ymin": 212, "ymax": 440, "xmax": 693}}, {"tid": 1, "generated": 0, "bbox": {"xmin": 195, "ymin": 341, "ymax": 414, "xmax": 247}}], [{"tid": 0, "generated": 0, "bbox": {"xmin": 391, "ymin": 212, "ymax": 440, "xmax": 692}}, {"tid": 1, "generated": 0, "bbox": {"xmin": 195, "ymin": 341, "ymax": 414, "xmax": 247}}], [{"tid": 0, "generated": 0, "bbox": {"xmin": 391, "ymin": 213, "ymax": 440, "xmax": 691}}, {"tid": 1, "generated": 0, "bbox": {"xmin": 195, "ymin": 341, "ymax": 414, "xmax": 247}}]], "subject/objects": [{"category": "train", "tid": 0}, {"category": "train", "tid": 1}], "relation_instances": [{"end_fid": 900, "subject_tid": 0, "predicate": "move_front", "begin_fid": 870, "object_tid": 1}, {"end_fid": 900, "subject_tid": 0, "predicate": "move_toward", "begin_fid": 870, "object_tid": 1}, {"end_fid": 900, "subject_tid": 1, "predicate": "move_behind", "begin_fid": 870, "object_tid": 0}, {"end_fid": 900, "subject_tid": 1, "predicate": "move_toward", "begin_fid": 870, "object_tid": 0}, {"end_fid": 1050, "subject_tid": 0, "predicate": "move_front", "begin_fid": 1020, "object_tid": 1}, {"end_fid": 1050, "subject_tid": 0, "predicate": "move_toward", "begin_fid": 1020, "object_tid": 1}, {"end_fid": 1050, "subject_tid": 1, "predicate": "move_behind", "begin_fid": 1020, "object_tid": 0}, {"end_fid": 1050, "subject_tid": 1, "predicate": "move_toward", "begin_fid": 1020, "object_tid": 0}], "height": 720}