{"width": 640, "frame_count": 942, "video_id": "ILSVRC2015_train_00660000", "fps": 30, "trajectories": [[{"tid": 0, "generated": 0, "bbox": {"xmin": 0, "ymin": 126, "ymax": 231, "xmax": 531}}, {"tid": 1, "generated": 0, "bbox": {"xmin": 602, "ymin": 190, "ymax": 213, "xmax": 639}}], [{"tid": 0, "generated": 0, "bbox": {"xmin": 0, "ymin": 125, "ymax": 230, "xmax": 531}}, {"tid": 1, "generated": 0, "bbox": {"xmin": 602, "ymin": 190, "ymax": 212, "xmax": 639}}], [{"tid": 0, "generated": 0, "bbox": {"xmin": 0, "ymin": 125, "ymax": 230, "xmax": 532}}, {"tid": 1, "generated": 0, "bbox": {"xmin": 602, "ymin": 190, "ymax": 212, "xmax": 639}}], [{"tid": 0, "generated": 0, "bbox": {"xmin": 0, "ymin": 125, "ymax": 230, "xmax": 533}}, {"tid": 1, "generated": 0, "bbox": {"xmin": 602, "ymin": 190, "ymax": 212, "xmax": 639}}], [{"tid": 0, "generated": 0, "bbox": {"xmin": 0, "ymin": 125, "ymax": 230, "xmax": 534}}, {"tid": 1, "generated": 0, "bbox": {"xmin": 602, "ymin": 190, "ymax": 212, "xmax": 639}}], [{"tid": 0, "generated": 0, "bbox": {"xmin": 0, "ymin": 125, "ymax": 230, "xmax": 535}}, {"tid": 1, "generated": 0, "bbox": {"xmin": 602, "ymin": 190, "ymax": 212, "xmax": 639}}], [{"tid": 0, "generated": 0, "bbox": {"xmin": 0, "ymin": 125, "ymax": 229, "xmax": 535}}, {"tid": 1, "generated": 0, "bbox": {"xmin": 602, "ymin": 190, "ymax": 212, "xmax": 639}}], [{"tid": 0, "generated": 0, "bbox": {"xmin": 0, "ymin": 125, "ymax": 229, "xmax": 536}}, {"tid": 1, "generated": 0, "bbox": {"xmin": 602, "ymin": 190, "ymax": 212, "xmax": 639}}], [{"tid": 0, "generated": 0, "bbox": {"xmin": 0, "ymin": 125, "ymax": 229, "xmax": 537}}, {"tid": 1, "generated": 0, "bbox": {"xmin": 602, "ymin": 190, "ymax": 212, "xmax": 639}}], [{"tid": 0, "generated": 0, "bbox": {"xmin": 0, "ymin": 125, "ymax": 229, "xmax": 538}}, {"tid": 1, "generated": 0, "bbox": {"xmin": 602, "ymin": 190, "ymax": 212, "xmax": 639}}], [{"tid": 0, "generated": 0, "bbox": {"xmin": 0, "ymin": 125, "ymax": 229, "xmax": 539}}, {"tid": 1, "generated": 0, "bbox": {"xmin": 602, "ymin": 190, "ymax": 212, "xmax": 639}}], [{"tid": 0, "generated": 0, "bbox": {"xmin": 0, "ymin": 124, "ymax": 228, "xmax": 539}}, {"tid": 1, "generated": 0, "bbox": {"xmin": 602, "ymin": 190, "ymax": 212, "xmax": 639}}], [{"tid": 0, "generated": 0, "bbox": {"xmin": 0, "ymin": 124, "ymax": 228, "xmax": 540}}, {"tid": 1, "generated": 0, "bbox": {"xmin": 602, "ymin": 190, "ymax": 212, "xmax": 639}}], [{"tid": 0, "generated": 0, "bbox": {"xmin": 0, "ymin": 124, "ymax": 228, "xmax": 540}}, {"tid": 1, "generated": 0, "bbox": {"xmin": 602, "ymin": 190, "ymax": 212, "xmax": 639}}], [{"tid": 0, "generated": 0, "bbox": {"xmin": 0, "ymin": 124, "ymax": 228, "xmax": 541}}, {"tid": 1, "generated": 0, "bbox": {"xmin": 602, "ymin": 190, "ymax": 212, "xmax": 639}}], [{"tid": 0, "generated": 0, "bbox": {"xmin": 0, "ymin": 124, "ymax": 228, "xmax": 542}}, {"tid": 1, "generated": 0, "bbox": {"xmin": 602, "ymin": 190, "ymax": 212, "xmax": 639}}], [{"tid": 0, "generated": 0, "bbox": {"xmin": 0, "ymin": 124, "ymax": 228, "xmax": 542}}, {"tid": 1, "generated": 0, "bbox": {"xmin": 602, "ymin": 190, "ymax": 212, "xmax": 639}}], [{"tid": 0, "generated": 0, "bbox": {"xmin": 0, "ymin": 124, "ymax": 228, "xmax": 543}}, {"tid": 1, "generated": 0, "bbox": {"xmin": 602, "ymin": 190, "ymax": 212, "xmax": 639}}], [{"tid": 0, "generated": 0, "bbox": {"xmin": 0, "ymin": 124, "ymax": 228, "xmax": 543}}, {"tid": 1, "generated": 0, "bbox": {"xmin": 602, "ymin": 190, "ymax": 212, "xmax": 639}}], [{"tid": 0, "generated": 0, "bbox": {"xmin": 0, "ymin": 124, "ymax": 228, "xmax": 544}}, {"tid": 1, "generated": 0, "bbox": {"xmin": 602, "ymin": 190, "ymax": 212, "xmax": 639}}], [{"tid": 0, "generated": 0, "bbox": {"xmin": 0, "ymin": 124, "ymax": 228, "xmax": 545}}, {"tid": 1, "generated": 0, "bbox": {"xmin": 602, "ymin": 190, "ymax": 212, "xmax": 639}}], [{"tid": 0, "generated": 0, "bbox": {"xmin": 0, "ymin": 124, "ymax": 228, "xmax": 545}}, {"tid": 1, "generated": 0, "bbox": {"xmin": 602, "ymin": 190, "ymax": 212, "xmax": 639}}], [{"tid": 0, "generated": 0, "bbox": {"xmin": 0, "ymin": 124, "ymax": 228, "xmax": 546}}, {"tid": 1, "generated": 0, "bbox": {"xmin": 602, "ymin": 190, "ymax": 212, "xmax": 639}}], [{"tid": 0, "generated": 0, "bbox": {"xmin": 0, "ymin": 124, "ymax": 228, "xmax": 546}}, {"tid": 1, "generated": 0, "bbox": {"xmin": 602, "ymin": 190, "ymax": 212, "xmax": 639}}], [{"tid": 0, "generated": 0, "bbox": {"xmin": 0, "ymin": 124, "ymax": 228, "xmax": 547}}, {"tid": 1, "generated": 0, "bbox": {"xmin": 602, "ymin": 190, "ymax": 212, "xmax": 639}}], [{"tid": 0, "generated": 0, "bbox": {"xmin": 0, "ymin": 124, "ymax": 228, "xmax": 548}}, {"tid": 1, "generated": 0, "bbox": {"xmin": 602, "ymin": 190, "ymax": 212, "xmax": 639}}], [{"tid": 0, "generated": 0, "bbox": {"xmin": 0, "ymin": 124, "ymax": 228, "xmax": 548}}, {"tid": 1, "generated": 0, "bbox": {"xmin": 602, "ymin": 190, "ymax": 212, "xmax": 639}}], [{"tid": 0, "generated": 0, "bbox": {"xmin": 0, "ymin": 124, "ymax": 228, "xmax": 549}}, {"tid": 1, "generated": 0, "bbox": {"xmin": 602, "ymin": 190, "ymax": 212, "xmax": 639}}], [{"tid": 0, "generated": 0, "bbox": {"xmin": 0, "ymin": 124, "ymax": 228, "xmax": 549}}, {"tid": 1, "generated": 0, "bbox": {"xmin": 602, "ymin": 190, "ymax": 212, "xmax": 639}}], [{"tid": 0, "generated": 0, "bbox": {"xmin": 0, "ymin": 124, "ymax": 228, "xmax": 550}}, {"tid": 1, "generated": 0, "bbox": {"xmin": 602, "ymin": 190, "ymax": 212, "xmax": 639}}], [], [], [], [], [], [], [], [], [], [], [], [], [], [], [], [], [], [], [], [], [], [], [], [], [], [], [], [], [], [], [], [], [], [], [], [], [], [], [], [], [], [], [], [], [], [], [], [], [], [], [], [], [], [], [], [], [], [], [], [], [], [], [], [], [], [], [], [], [], [], [], [], [], [], [], [], [], [], [], [], [], [], [], [], [], [], [], [], [], [], [], [], [], [], [], [], [], [], [], [], [], [], [], [], [], [], [], [], [], [], [], [], [], [], [], [], [], [], [], [], [], [], [], [], [], [], [], [], [], [], [], [], [], [], [], [], [], [], [], [], [], [], [], [], [], [], [], [], [], [], [], [], [], [], [], [], [], [], [], [], [], [], [], [], [], [], [], [], [], [], [], [], [], [], [], [], [], [], [], [], [], [], [], [], [], [], [], [], [], [], [], [], [], [], [], [], [], [], [], [], [], [], [], [], [], [], [], [], [], [], [], [], [], [], [], [], [], [], [], [], [], [], [], [], [], [], [], [], [], [], [], [], [], [], [], [], [], [], [], [], [], [], [], [], [], [], [], [], [], [], [], [], [], [], [], [], [], [], [], [], [], [], [], [], [], [], [], [], [], [], [], [], [], [], [], [], [], [], [], [], [], [], [], [], [], [], [], [], [], [], [], [], [], [], [], [], [], [], [], [], [], [], [], [], [], [], [], [], [], [], [], [], [], [], [], [], [], [], [], [], [], [], [], [], [], [], [], [], [], [], [], [], [], [], [], [], [], [], [], [], [], [], [], [], [], [], [], [], [], [], [], [], [], [], [], [], [], [], [], [], [{"tid": 0, "generated": 0, "bbox": {"xmin": 360, "ymin": 142, "ymax": 194, "xmax": 621}}, {"tid": 1, "generated": 0, "bbox": {"xmin": 602, "ymin": 190, "ymax": 212, "xmax": 639}}, {"tid": 2, "generated": 0, "bbox": {"xmin": 41, "ymin": 176, "ymax": 197, "xmax": 64}}], [{"tid": 0, "generated": 0, "bbox": {"xmin": 362, "ymin": 142, "ymax": 193, "xmax": 621}}, {"tid": 1, "generated": 0, "bbox": {"xmin": 602, "ymin": 190, "ymax": 212, "xmax": 639}}, {"tid": 2, "generated": 0, "bbox": {"xmin": 41, "ymin": 176, "ymax": 197, "xmax": 64}}], [{"tid": 0, "generated": 0, "bbox": {"xmin": 365, "ymin": 142, "ymax": 193, "xmax": 621}}, {"tid": 1, "generated": 0, "bbox": {"xmin": 602, "ymin": 190, "ymax": 212, "xmax": 639}}, {"tid": 2, "generated": 0, "bbox": {"xmin": 41, "ymin": 176, "ymax": 197, "xmax": 64}}], [{"tid": 0, "generated": 0, "bbox": {"xmin": 367, "ymin": 142, "ymax": 193, "xmax": 621}}, {"tid": 1, "generated": 0, "bbox": {"xmin": 602, "ymin": 190, "ymax": 212, "xmax": 639}}, {"tid": 2, "generated": 0, "bbox": {"xmin": 41, "ymin": 176, "ymax": 197, "xmax": 64}}], [{"tid": 0, "generated": 0, "bbox": {"xmin": 370, "ymin": 142, "ymax": 193, "xmax": 621}}, {"tid": 1, "generated": 0, "bbox": {"xmin": 602, "ymin": 190, "ymax": 212, "xmax": 639}}, {"tid": 2, "generated": 0, "bbox": {"xmin": 41, "ymin": 176, "ymax": 197, "xmax": 64}}], [{"tid": 0, "generated": 0, "bbox": {"xmin": 372, "ymin": 143, "ymax": 193, "xmax": 621}}, {"tid": 1, "generated": 0, "bbox": {"xmin": 602, "ymin": 190, "ymax": 212, "xmax": 639}}, {"tid": 2, "generated": 0, "bbox": {"xmin": 41, "ymin": 176, "ymax": 197, "xmax": 64}}], [{"tid": 0, "generated": 0, "bbox": {"xmin": 375, "ymin": 143, "ymax": 192, "xmax": 621}}, {"tid": 1, "generated": 0, "bbox": {"xmin": 602, "ymin": 190, "ymax": 212, "xmax": 639}}, {"tid": 2, "generated": 0, "bbox": {"xmin": 41, "ymin": 176, "ymax": 197, "xmax": 64}}], [{"tid": 0, "generated": 0, "bbox": {"xmin": 377, "ymin": 143, "ymax": 192, "xmax": 621}}, {"tid": 1, "generated": 0, "bbox": {"xmin": 602, "ymin": 190, "ymax": 212, "xmax": 639}}, {"tid": 2, "generated": 0, "bbox": {"xmin": 41, "ymin": 176, "ymax": 197, "xmax": 64}}], [{"tid": 0, "generated": 0, "bbox": {"xmin": 380, "ymin": 143, "ymax": 192, "xmax": 621}}, {"tid": 1, "generated": 0, "bbox": {"xmin": 602, "ymin": 190, "ymax": 212, "xmax": 639}}, {"tid": 2, "generated": 0, "bbox": {"xmin": 41, "ymin": 176, "ymax": 197, "xmax": 64}}], [{"tid": 0, "generated": 0, "bbox": {"xmin": 382, "ymin": 143, "ymax": 192, "xmax": 621}}, {"tid": 1, "generated": 0, "bbox": {"xmin": 602, "ymin": 190, "ymax": 212, "xmax": 639}}, {"tid": 2, "generated": 0, "bbox": {"xmin": 41, "ymin": 176, "ymax": 197, "xmax": 64}}], [{"tid": 0, "generated": 0, "bbox": {"xmin": 385, "ymin": 144, "ymax": 192, "xmax": 621}}, {"tid": 1, "generated": 0, "bbox": {"xmin": 602, "ymin": 190, "ymax": 212, "xmax": 639}}, {"tid": 2, "generated": 0, "bbox": {"xmin": 41, "ymin": 176, "ymax": 197, "xmax": 64}}], [{"tid": 0, "generated": 0, "bbox": {"xmin": 387, "ymin": 144, "ymax": 191, "xmax": 621}}, {"tid": 1, "generated": 0, "bbox": {"xmin": 602, "ymin": 190, "ymax": 212, "xmax": 639}}, {"tid": 2, "generated": 0, "bbox": {"xmin": 41, "ymin": 176, "ymax": 197, "xmax": 64}}], [{"tid": 0, "generated": 0, "bbox": {"xmin": 390, "ymin": 144, "ymax": 191, "xmax": 621}}, {"tid": 1, "generated": 0, "bbox": {"xmin": 602, "ymin": 190, "ymax": 212, "xmax": 639}}, {"tid": 2, "generated": 0, "bbox": {"xmin": 41, "ymin": 176, "ymax": 197, "xmax": 64}}], [{"tid": 0, "generated": 0, "bbox": {"xmin": 393, "ymin": 144, "ymax": 191, "xmax": 621}}, {"tid": 1, "generated": 0, "bbox": {"xmin": 602, "ymin": 190, "ymax": 212, "xmax": 639}}, {"tid": 2, "generated": 0, "bbox": {"xmin": 41, "ymin": 176, "ymax": 197, "xmax": 64}}], [{"tid": 0, "generated": 0, "bbox": {"xmin": 395, "ymin": 144, "ymax": 191, "xmax": 621}}, {"tid": 1, "generated": 0, "bbox": {"xmin": 602, "ymin": 190, "ymax": 212, "xmax": 639}}, {"tid": 2, "generated": 0, "bbox": {"xmin": 41, "ymin": 176, "ymax": 197, "xmax": 64}}], [{"tid": 0, "generated": 0, "bbox": {"xmin": 398, "ymin": 144, "ymax": 191, "xmax": 621}}, {"tid": 1, "generated": 0, "bbox": {"xmin": 602, "ymin": 190, "ymax": 212, "xmax": 639}}, {"tid": 2, "generated": 0, "bbox": {"xmin": 41, "ymin": 176, "ymax": 197, "xmax": 64}}], [{"tid": 0, "generated": 0, "bbox": {"xmin": 401, "ymin": 144, "ymax": 190, "xmax": 621}}, {"tid": 1, "generated": 0, "bbox": {"xmin": 602, "ymin": 190, "ymax": 212, "xmax": 639}}, {"tid": 2, "generated": 0, "bbox": {"xmin": 41, "ymin": 176, "ymax": 197, "xmax": 64}}], [{"tid": 0, "generated": 0, "bbox": {"xmin": 403, "ymin": 144, "ymax": 190, "xmax": 621}}, {"tid": 1, "generated": 0, "bbox": {"xmin": 602, "ymin": 190, "ymax": 212, "xmax": 639}}, {"tid": 2, "generated": 0, "bbox": {"xmin": 41, "ymin": 176, "ymax": 197, "xmax": 64}}], [{"tid": 0, "generated": 0, "bbox": {"xmin": 406, "ymin": 144, "ymax": 190, "xmax": 621}}, {"tid": 1, "generated": 0, "bbox": {"xmin": 602, "ymin": 190, "ymax": 212, "xmax": 639}}, {"tid": 2, "generated": 0, "bbox": {"xmin": 41, "ymin": 176, "ymax": 197, "xmax": 64}}], [{"tid": 0, "generated": 0, "bbox": {"xmin": 409, "ymin": 144, "ymax": 190, "xmax": 621}}, {"tid": 1, "generated": 0, "bbox": {"xmin": 602, "ymin": 190, "ymax": 212, "xmax": 639}}, {"tid": 2, "generated": 0, "bbox": {"xmin": 42, "ymin": 176, "ymax": 197, "xmax": 64}}], [{"tid": 0, "generated": 0, "bbox": {"xmin": 412, "ymin": 145, "ymax": 190, "xmax": 621}}, {"tid": 1, "generated": 0, "bbox": {"xmin": 602, "ymin": 190, "ymax": 212, "xmax": 639}}, {"tid": 2, "generated": 0, "bbox": {"xmin": 42, "ymin": 176, "ymax": 196, "xmax": 64}}], [{"tid": 0, "generated": 0, "bbox": {"xmin": 414, "ymin": 145, "ymax": 189, "xmax": 621}}, {"tid": 1, "generated": 0, "bbox": {"xmin": 602, "ymin": 190, "ymax": 212, "xmax": 639}}, {"tid": 2, "generated": 0, "bbox": {"xmin": 42, "ymin": 176, "ymax": 196, "xmax": 64}}], [{"tid": 0, "generated": 0, "bbox": {"xmin": 416, "ymin": 145, "ymax": 189, "xmax": 621}}, {"tid": 1, "generated": 0, "bbox": {"xmin": 602, "ymin": 190, "ymax": 212, "xmax": 639}}, {"tid": 2, "generated": 0, "bbox": {"xmin": 42, "ymin": 176, "ymax": 196, "xmax": 64}}], [{"tid": 0, "generated": 0, "bbox": {"xmin": 418, "ymin": 145, "ymax": 189, "xmax": 621}}, {"tid": 1, "generated": 0, "bbox": {"xmin": 602, "ymin": 190, "ymax": 212, "xmax": 639}}, {"tid": 2, "generated": 0, "bbox": {"xmin": 42, "ymin": 176, "ymax": 196, "xmax": 64}}], [{"tid": 0, "generated": 0, "bbox": {"xmin": 420, "ymin": 145, "ymax": 189, "xmax": 621}}, {"tid": 1, "generated": 0, "bbox": {"xmin": 602, "ymin": 190, "ymax": 212, "xmax": 639}}, {"tid": 2, "generated": 0, "bbox": {"xmin": 42, "ymin": 176, "ymax": 196, "xmax": 64}}], [{"tid": 0, "generated": 0, "bbox": {"xmin": 422, "ymin": 146, "ymax": 189, "xmax": 621}}, {"tid": 1, "generated": 0, "bbox": {"xmin": 602, "ymin": 190, "ymax": 212, "xmax": 639}}, {"tid": 2, "generated": 0, "bbox": {"xmin": 42, "ymin": 176, "ymax": 196, "xmax": 64}}], [{"tid": 0, "generated": 0, "bbox": {"xmin": 424, "ymin": 146, "ymax": 188, "xmax": 621}}, {"tid": 1, "generated": 0, "bbox": {"xmin": 602, "ymin": 190, "ymax": 212, "xmax": 639}}, {"tid": 2, "generated": 0, "bbox": {"xmin": 42, "ymin": 176, "ymax": 196, "xmax": 64}}], [{"tid": 0, "generated": 0, "bbox": {"xmin": 426, "ymin": 146, "ymax": 188, "xmax": 621}}, {"tid": 1, "generated": 0, "bbox": {"xmin": 602, "ymin": 190, "ymax": 212, "xmax": 639}}, {"tid": 2, "generated": 0, "bbox": {"xmin": 42, "ymin": 176, "ymax": 196, "xmax": 64}}], [{"tid": 0, "generated": 0, "bbox": {"xmin": 428, "ymin": 146, "ymax": 188, "xmax": 621}}, {"tid": 1, "generated": 0, "bbox": {"xmin": 602, "ymin": 190, "ymax": 212, "xmax": 639}}, {"tid": 2, "generated": 0, "bbox": {"xmin": 42, "ymin": 176, "ymax": 196, "xmax": 64}}], [{"tid": 0, "generated": 0, "bbox": {"xmin": 430, "ymin": 146, "ymax": 188, "xmax": 621}}, {"tid": 1, "generated": 0, "bbox": {"xmin": 602, "ymin": 190, "ymax": 212, "xmax": 639}}, {"tid": 2, "generated": 0, "bbox": {"xmin": 42, "ymin": 176, "ymax": 196, "xmax": 64}}], [], [], [], [], [], [], [], [], [], [], [], [], [], [], [], [], [], [], [], [], [], [], [], [], [], [], [], [], [], [], [], [], [], [], [], [], [], [], [], [], [], [], [], [], [], [], [], [], [], [], [], [], [], [], [], [], [], [], [], [], [], [], [], [], [], [], [], [], [], [], [], [], [], [], [], [], [], [], [], [], [], [], [], [], [], [], [], [], [], [], [], [], [], [], [], [], [], [], [], [], [], [], [], [], [], [], [], [], [], [], [], [], [], [], [], [], [], [], [], [], [], [], [], [], [], [], [], [], [], [], [], [], [], [], [], [], [], [], [], [], [], [], [], [], [], [], [], [], [], [], [], [], [], [], [], [], [], [], [], [], [], [], [], [], [], [{"tid": 0, "generated": 0, "bbox": {"xmin": 573, "ymin": 158, "ymax": 178, "xmax": 622}}, {"tid": 1, "generated": 0, "bbox": {"xmin": 593, "ymin": 190, "ymax": 213, "xmax": 638}}], [{"tid": 0, "generated": 0, "bbox": {"xmin": 574, "ymin": 158, "ymax": 178, "xmax": 622}}, {"tid": 1, "generated": 0, "bbox": {"xmin": 593, "ymin": 190, "ymax": 213, "xmax": 638}}], [{"tid": 0, "generated": 0, "bbox": {"xmin": 574, "ymin": 158, "ymax": 178, "xmax": 622}}, {"tid": 1, "generated": 0, "bbox": {"xmin": 592, "ymin": 190, "ymax": 213, "xmax": 638}}], [{"tid": 0, "generated": 0, "bbox": {"xmin": 575, "ymin": 158, "ymax": 178, "xmax": 622}}, {"tid": 1, "generated": 0, "bbox": {"xmin": 592, "ymin": 190, "ymax": 213, "xmax": 638}}], [{"tid": 0, "generated": 0, "bbox": {"xmin": 575, "ymin": 158, "ymax": 178, "xmax": 622}}, {"tid": 1, "generated": 0, "bbox": {"xmin": 592, "ymin": 190, "ymax": 213, "xmax": 638}}], [{"tid": 0, "generated": 0, "bbox": {"xmin": 576, "ymin": 159, "ymax": 178, "xmax": 623}}, {"tid": 1, "generated": 0, "bbox": {"xmin": 592, "ymin": 190, "ymax": 214, "xmax": 638}}], [{"tid": 0, "generated": 0, "bbox": {"xmin": 576, "ymin": 159, "ymax": 177, "xmax": 623}}, {"tid": 1, "generated": 0, "bbox": {"xmin": 591, "ymin": 189, "ymax": 214, "xmax": 638}}], [{"tid": 0, "generated": 0, "bbox": {"xmin": 576, "ymin": 159, "ymax": 177, "xmax": 623}}, {"tid": 1, "generated": 0, "bbox": {"xmin": 591, "ymin": 189, "ymax": 214, "xmax": 638}}], [{"tid": 0, "generated": 0, "bbox": {"xmin": 577, "ymin": 159, "ymax": 177, "xmax": 623}}, {"tid": 1, "generated": 0, "bbox": {"xmin": 590, "ymin": 189, "ymax": 214, "xmax": 638}}], [{"tid": 0, "generated": 0, "bbox": {"xmin": 577, "ymin": 159, "ymax": 177, "xmax": 623}}, {"tid": 1, "generated": 0, "bbox": {"xmin": 590, "ymin": 189, "ymax": 214, "xmax": 638}}], [{"tid": 0, "generated": 0, "bbox": {"xmin": 577, "ymin": 159, "ymax": 177, "xmax": 623}}, {"tid": 1, "generated": 0, "bbox": {"xmin": 589, "ymin": 189, "ymax": 214, "xmax": 638}}], [{"tid": 0, "generated": 0, "bbox": {"xmin": 578, "ymin": 159, "ymax": 177, "xmax": 623}}, {"tid": 1, "generated": 0, "bbox": {"xmin": 589, "ymin": 189, "ymax": 214, "xmax": 638}}], [{"tid": 0, "generated": 0, "bbox": {"xmin": 578, "ymin": 159, "ymax": 177, "xmax": 623}}, {"tid": 1, "generated": 0, "bbox": {"xmin": 588, "ymin": 189, "ymax": 214, "xmax": 638}}], [{"tid": 0, "generated": 0, "bbox": {"xmin": 578, "ymin": 159, "ymax": 177, "xmax": 623}}, {"tid": 1, "generated": 0, "bbox": {"xmin": 588, "ymin": 189, "ymax": 214, "xmax": 638}}], [{"tid": 0, "generated": 0, "bbox": {"xmin": 579, "ymin": 159, "ymax": 177, "xmax": 623}}, {"tid": 1, "generated": 0, "bbox": {"xmin": 587, "ymin": 189, "ymax": 214, "xmax": 638}}], [{"tid": 0, "generated": 0, "bbox": {"xmin": 579, "ymin": 159, "ymax": 177, "xmax": 623}}, {"tid": 1, "generated": 0, "bbox": {"xmin": 587, "ymin": 189, "ymax": 214, "xmax": 638}}], [{"tid": 0, "generated": 0, "bbox": {"xmin": 579, "ymin": 159, "ymax": 177, "xmax": 623}}, {"tid": 1, "generated": 0, "bbox": {"xmin": 586, "ymin": 189, "ymax": 214, "xmax": 638}}], [{"tid": 0, "generated": 0, "bbox": {"xmin": 580, "ymin": 159, "ymax": 177, "xmax": 623}}, {"tid": 1, "generated": 0, "bbox": {"xmin": 586, "ymin": 189, "ymax": 214, "xmax": 638}}], [{"tid": 0, "generated": 0, "bbox": {"xmin": 580, "ymin": 159, "ymax": 177, "xmax": 623}}, {"tid": 1, "generated": 0, "bbox": {"xmin": 585, "ymin": 189, "ymax": 214, "xmax": 638}}], [{"tid": 0, "generated": 0, "bbox": {"xmin": 580, "ymin": 159, "ymax": 177, "xmax": 623}}, {"tid": 1, "generated": 0, "bbox": {"xmin": 585, "ymin": 189, "ymax": 214, "xmax": 638}}], [{"tid": 0, "generated": 0, "bbox": {"xmin": 581, "ymin": 159, "ymax": 177, "xmax": 623}}, {"tid": 1, "generated": 0, "bbox": {"xmin": 584, "ymin": 189, "ymax": 214, "xmax": 638}}], [{"tid": 0, "generated": 0, "bbox": {"xmin": 581, "ymin": 159, "ymax": 177, "xmax": 623}}, {"tid": 1, "generated": 0, "bbox": {"xmin": 584, "ymin": 189, "ymax": 214, "xmax": 638}}], [{"tid": 0, "generated": 0, "bbox": {"xmin": 581, "ymin": 159, "ymax": 177, "xmax": 623}}, {"tid": 1, "generated": 0, "bbox": {"xmin": 583, "ymin": 189, "ymax": 214, "xmax": 638}}], [{"tid": 0, "generated": 0, "bbox": {"xmin": 582, "ymin": 159, "ymax": 177, "xmax": 623}}, {"tid": 1, "generated": 0, "bbox": {"xmin": 583, "ymin": 189, "ymax": 214, "xmax": 638}}], [{"tid": 0, "generated": 0, "bbox": {"xmin": 582, "ymin": 159, "ymax": 177, "xmax": 623}}, {"tid": 1, "generated": 0, "bbox": {"xmin": 583, "ymin": 189, "ymax": 214, "xmax": 639}}], [{"tid": 0, "generated": 0, "bbox": {"xmin": 582, "ymin": 159, "ymax": 177, "xmax": 623}}, {"tid": 1, "generated": 0, "bbox": {"xmin": 582, "ymin": 189, "ymax": 214, "xmax": 638}}], [{"tid": 0, "generated": 0, "bbox": {"xmin": 583, "ymin": 159, "ymax": 177, "xmax": 623}}, {"tid": 1, "generated": 0, "bbox": {"xmin": 581, "ymin": 189, "ymax": 214, "xmax": 638}}], [{"tid": 0, "generated": 0, "bbox": {"xmin": 583, "ymin": 159, "ymax": 177, "xmax": 623}}, {"tid": 1, "generated": 0, "bbox": {"xmin": 580, "ymin": 189, "ymax": 214, "xmax": 638}}], [{"tid": 0, "generated": 0, "bbox": {"xmin": 583, "ymin": 159, "ymax": 177, "xmax": 623}}, {"tid": 1, "generated": 0, "bbox": {"xmin": 579, "ymin": 189, "ymax": 214, "xmax": 638}}], [{"tid": 0, "generated": 0, "bbox": {"xmin": 584, "ymin": 159, "ymax": 177, "xmax": 623}}, {"tid": 1, "generated": 0, "bbox": {"xmin": 578, "ymin": 189, "ymax": 214, "xmax": 638}}], [], [], [], [], [], [], [], [], [], [], [], [], [], [], [], [], [], [], [], [], [], [], [], [], [], [], [], [], [], [], [{"tid": 0, "generated": 0, "bbox": {"xmin": 593, "ymin": 160, "ymax": 176, "xmax": 624}}, {"tid": 1, "generated": 0, "bbox": {"xmin": 540, "ymin": 187, "ymax": 212, "xmax": 606}}, {"tid": 2, "generated": 0, "bbox": {"xmin": 118, "ymin": 178, "ymax": 198, "xmax": 144}}], [{"tid": 0, "generated": 0, "bbox": {"xmin": 593, "ymin": 160, "ymax": 176, "xmax": 624}}, {"tid": 1, "generated": 0, "bbox": {"xmin": 538, "ymin": 187, "ymax": 212, "xmax": 605}}, {"tid": 2, "generated": 0, "bbox": {"xmin": 118, "ymin": 178, "ymax": 198, "xmax": 145}}], [{"tid": 0, "generated": 0, "bbox": {"xmin": 593, "ymin": 160, "ymax": 176, "xmax": 624}}, {"tid": 1, "generated": 0, "bbox": {"xmin": 537, "ymin": 187, "ymax": 212, "xmax": 603}}, {"tid": 2, "generated": 0, "bbox": {"xmin": 118, "ymin": 178, "ymax": 198, "xmax": 146}}], [{"tid": 0, "generated": 0, "bbox": {"xmin": 594, "ymin": 160, "ymax": 176, "xmax": 624}}, {"tid": 1, "generated": 0, "bbox": {"xmin": 535, "ymin": 187, "ymax": 212, "xmax": 601}}, {"tid": 2, "generated": 0, "bbox": {"xmin": 118, "ymin": 178, "ymax": 198, "xmax": 147}}], [{"tid": 0, "generated": 0, "bbox": {"xmin": 594, "ymin": 160, "ymax": 176, "xmax": 624}}, {"tid": 1, "generated": 0, "bbox": {"xmin": 533, "ymin": 187, "ymax": 212, "xmax": 600}}, {"tid": 2, "generated": 0, "bbox": {"xmin": 118, "ymin": 178, "ymax": 199, "xmax": 148}}], [{"tid": 0, "generated": 0, "bbox": {"xmin": 594, "ymin": 160, "ymax": 176, "xmax": 624}}, {"tid": 1, "generated": 0, "bbox": {"xmin": 532, "ymin": 187, "ymax": 212, "xmax": 598}}, {"tid": 2, "generated": 0, "bbox": {"xmin": 118, "ymin": 177, "ymax": 199, "xmax": 149}}], [{"tid": 0, "generated": 0, "bbox": {"xmin": 594, "ymin": 160, "ymax": 176, "xmax": 624}}, {"tid": 1, "generated": 0, "bbox": {"xmin": 530, "ymin": 186, "ymax": 211, "xmax": 596}}, {"tid": 2, "generated": 0, "bbox": {"xmin": 118, "ymin": 177, "ymax": 199, "xmax": 150}}], [{"tid": 0, "generated": 0, "bbox": {"xmin": 595, "ymin": 160, "ymax": 176, "xmax": 624}}, {"tid": 1, "generated": 0, "bbox": {"xmin": 528, "ymin": 186, "ymax": 211, "xmax": 595}}, {"tid": 2, "generated": 0, "bbox": {"xmin": 118, "ymin": 177, "ymax": 199, "xmax": 151}}], [{"tid": 0, "generated": 0, "bbox": {"xmin": 595, "ymin": 160, "ymax": 176, "xmax": 624}}, {"tid": 1, "generated": 0, "bbox": {"xmin": 526, "ymin": 186, "ymax": 211, "xmax": 593}}, {"tid": 2, "generated": 0, "bbox": {"xmin": 118, "ymin": 177, "ymax": 199, "xmax": 152}}], [{"tid": 0, "generated": 0, "bbox": {"xmin": 595, "ymin": 160, "ymax": 176, "xmax": 624}}, {"tid": 1, "generated": 0, "bbox": {"xmin": 525, "ymin": 186, "ymax": 211, "xmax": 591}}, {"tid": 2, "generated": 0, "bbox": {"xmin": 118, "ymin": 177, "ymax": 199, "xmax": 153}}], [{"tid": 0, "generated": 0, "bbox": {"xmin": 595, "ymin": 160, "ymax": 176, "xmax": 624}}, {"tid": 1, "generated": 0, "bbox": {"xmin": 523, "ymin": 186, "ymax": 211, "xmax": 590}}, {"tid": 2, "generated": 0, "bbox": {"xmin": 118, "ymin": 177, "ymax": 199, "xmax": 154}}], [{"tid": 0, "generated": 0, "bbox": {"xmin": 596, "ymin": 160, "ymax": 176, "xmax": 624}}, {"tid": 1, "generated": 0, "bbox": {"xmin": 521, "ymin": 186, "ymax": 211, "xmax": 588}}, {"tid": 2, "generated": 0, "bbox": {"xmin": 118, "ymin": 177, "ymax": 199, "xmax": 155}}], [{"tid": 0, "generated": 0, "bbox": {"xmin": 596, "ymin": 160, "ymax": 176, "xmax": 624}}, {"tid": 1, "generated": 0, "bbox": {"xmin": 520, "ymin": 186, "ymax": 211, "xmax": 586}}, {"tid": 2, "generated": 0, "bbox": {"xmin": 118, "ymin": 177, "ymax": 199, "xmax": 156}}], [{"tid": 0, "generated": 0, "bbox": {"xmin": 596, "ymin": 160, "ymax": 176, "xmax": 624}}, {"tid": 1, "generated": 0, "bbox": {"xmin": 518, "ymin": 186, "ymax": 211, "xmax": 585}}, {"tid": 2, "generated": 0, "bbox": {"xmin": 118, "ymin": 177, "ymax": 199, "xmax": 157}}], [{"tid": 0, "generated": 0, "bbox": {"xmin": 596, "ymin": 160, "ymax": 176, "xmax": 624}}, {"tid": 1, "generated": 0, "bbox": {"xmin": 516, "ymin": 186, "ymax": 211, "xmax": 583}}, {"tid": 2, "generated": 0, "bbox": {"xmin": 118, "ymin": 177, "ymax": 200, "xmax": 158}}], [{"tid": 0, "generated": 0, "bbox": {"xmin": 597, "ymin": 161, "ymax": 176, "xmax": 624}}, {"tid": 1, "generated": 0, "bbox": {"xmin": 515, "ymin": 186, "ymax": 211, "xmax": 582}}, {"tid": 2, "generated": 0, "bbox": {"xmin": 118, "ymin": 176, "ymax": 200, "xmax": 159}}], [{"tid": 0, "generated": 0, "bbox": {"xmin": 597, "ymin": 161, "ymax": 176, "xmax": 624}}, {"tid": 1, "generated": 0, "bbox": {"xmin": 513, "ymin": 185, "ymax": 210, "xmax": 580}}, {"tid": 2, "generated": 0, "bbox": {"xmin": 118, "ymin": 176, "ymax": 200, "xmax": 160}}], [{"tid": 0, "generated": 0, "bbox": {"xmin": 597, "ymin": 161, "ymax": 176, "xmax": 624}}, {"tid": 1, "generated": 0, "bbox": {"xmin": 511, "ymin": 185, "ymax": 210, "xmax": 578}}, {"tid": 2, "generated": 0, "bbox": {"xmin": 118, "ymin": 176, "ymax": 200, "xmax": 161}}], [{"tid": 0, "generated": 0, "bbox": {"xmin": 597, "ymin": 161, "ymax": 176, "xmax": 624}}, {"tid": 1, "generated": 0, "bbox": {"xmin": 509, "ymin": 185, "ymax": 210, "xmax": 576}}, {"tid": 2, "generated": 0, "bbox": {"xmin": 118, "ymin": 176, "ymax": 200, "xmax": 162}}], [{"tid": 0, "generated": 0, "bbox": {"xmin": 597, "ymin": 161, "ymax": 176, "xmax": 624}}, {"tid": 1, "generated": 0, "bbox": {"xmin": 507, "ymin": 185, "ymax": 210, "xmax": 574}}, {"tid": 2, "generated": 0, "bbox": {"xmin": 118, "ymin": 176, "ymax": 200, "xmax": 163}}], [{"tid": 0, "generated": 0, "bbox": {"xmin": 598, "ymin": 161, "ymax": 176, "xmax": 624}}, {"tid": 1, "generated": 0, "bbox": {"xmin": 505, "ymin": 185, "ymax": 210, "xmax": 572}}, {"tid": 2, "generated": 0, "bbox": {"xmin": 118, "ymin": 176, "ymax": 200, "xmax": 164}}], [{"tid": 0, "generated": 0, "bbox": {"xmin": 598, "ymin": 161, "ymax": 176, "xmax": 624}}, {"tid": 1, "generated": 0, "bbox": {"xmin": 503, "ymin": 185, "ymax": 210, "xmax": 570}}, {"tid": 2, "generated": 0, "bbox": {"xmin": 118, "ymin": 176, "ymax": 200, "xmax": 165}}], [{"tid": 0, "generated": 0, "bbox": {"xmin": 598, "ymin": 161, "ymax": 176, "xmax": 624}}, {"tid": 1, "generated": 0, "bbox": {"xmin": 501, "ymin": 185, "ymax": 210, "xmax": 568}}, {"tid": 2, "generated": 0, "bbox": {"xmin": 118, "ymin": 176, "ymax": 200, "xmax": 166}}], [{"tid": 0, "generated": 0, "bbox": {"xmin": 598, "ymin": 161, "ymax": 176, "xmax": 624}}, {"tid": 1, "generated": 0, "bbox": {"xmin": 499, "ymin": 185, "ymax": 210, "xmax": 566}}, {"tid": 2, "generated": 0, "bbox": {"xmin": 118, "ymin": 176, "ymax": 200, "xmax": 167}}], [{"tid": 0, "generated": 0, "bbox": {"xmin": 598, "ymin": 161, "ymax": 176, "xmax": 624}}, {"tid": 1, "generated": 0, "bbox": {"xmin": 497, "ymin": 185, "ymax": 209, "xmax": 564}}, {"tid": 2, "generated": 0, "bbox": {"xmin": 118, "ymin": 176, "ymax": 201, "xmax": 168}}], [{"tid": 0, "generated": 0, "bbox": {"xmin": 599, "ymin": 161, "ymax": 176, "xmax": 624}}, {"tid": 1, "generated": 0, "bbox": {"xmin": 495, "ymin": 185, "ymax": 209, "xmax": 562}}, {"tid": 2, "generated": 0, "bbox": {"xmin": 118, "ymin": 176, "ymax": 200, "xmax": 169}}], [{"tid": 0, "generated": 0, "bbox": {"xmin": 599, "ymin": 161, "ymax": 176, "xmax": 624}}, {"tid": 1, "generated": 0, "bbox": {"xmin": 493, "ymin": 185, "ymax": 209, "xmax": 560}}, {"tid": 2, "generated": 0, "bbox": {"xmin": 119, "ymin": 176, "ymax": 200, "xmax": 170}}], [{"tid": 0, "generated": 0, "bbox": {"xmin": 599, "ymin": 161, "ymax": 176, "xmax": 624}}, {"tid": 1, "generated": 0, "bbox": {"xmin": 491, "ymin": 185, "ymax": 209, "xmax": 558}}, {"tid": 2, "generated": 0, "bbox": {"xmin": 119, "ymin": 176, "ymax": 200, "xmax": 171}}], [{"tid": 0, "generated": 0, "bbox": {"xmin": 599, "ymin": 161, "ymax": 176, "xmax": 624}}, {"tid": 1, "generated": 0, "bbox": {"xmin": 490, "ymin": 184, "ymax": 209, "xmax": 557}}, {"tid": 2, "generated": 0, "bbox": {"xmin": 120, "ymin": 176, "ymax": 200, "xmax": 172}}], [{"tid": 0, "generated": 0, "bbox": {"xmin": 599, "ymin": 161, "ymax": 176, "xmax": 624}}, {"tid": 1, "generated": 0, "bbox": {"xmin": 488, "ymin": 184, "ymax": 209, "xmax": 555}}, {"tid": 2, "generated": 0, "bbox": {"xmin": 120, "ymin": 176, "ymax": 200, "xmax": 173}}], [], [], [], [], [], [], [], [], [], [], [], [], [], [], [], [], [], [], [], [], [], [], [], [], [], [], [], [], [], [], [], [], [], [], [], [], [], [], [], [], [], [], [], [], [], [], [], [], [], [], [], [], [], [], [], [], [], [], [], [], [{"tid": 1, "generated": 0, "bbox": {"xmin": 374, "ymin": 178, "ymax": 201, "xmax": 439}}, {"tid": 2, "generated": 0, "bbox": {"xmin": 192, "ymin": 175, "ymax": 200, "xmax": 248}}, {"tid": 3, "generated": 0, "bbox": {"xmin": 0, "ymin": 175, "ymax": 195, "xmax": 24}}], [{"tid": 1, "generated": 0, "bbox": {"xmin": 372, "ymin": 178, "ymax": 201, "xmax": 437}}, {"tid": 2, "generated": 0, "bbox": {"xmin": 193, "ymin": 175, "ymax": 200, "xmax": 249}}, {"tid": 3, "generated": 0, "bbox": {"xmin": 0, "ymin": 175, "ymax": 195, "xmax": 24}}], [{"tid": 1, "generated": 0, "bbox": {"xmin": 370, "ymin": 178, "ymax": 201, "xmax": 435}}, {"tid": 2, "generated": 0, "bbox": {"xmin": 195, "ymin": 175, "ymax": 200, "xmax": 251}}, {"tid": 3, "generated": 0, "bbox": {"xmin": 0, "ymin": 175, "ymax": 195, "xmax": 25}}], [{"tid": 1, "generated": 0, "bbox": {"xmin": 368, "ymin": 178, "ymax": 200, "xmax": 433}}, {"tid": 2, "generated": 0, "bbox": {"xmin": 196, "ymin": 175, "ymax": 200, "xmax": 252}}, {"tid": 3, "generated": 0, "bbox": {"xmin": 0, "ymin": 175, "ymax": 195, "xmax": 26}}], [{"tid": 1, "generated": 0, "bbox": {"xmin": 366, "ymin": 178, "ymax": 200, "xmax": 431}}, {"tid": 2, "generated": 0, "bbox": {"xmin": 197, "ymin": 175, "ymax": 200, "xmax": 254}}, {"tid": 3, "generated": 0, "bbox": {"xmin": 0, "ymin": 175, "ymax": 195, "xmax": 26}}], [{"tid": 1, "generated": 0, "bbox": {"xmin": 364, "ymin": 178, "ymax": 200, "xmax": 429}}, {"tid": 2, "generated": 0, "bbox": {"xmin": 199, "ymin": 175, "ymax": 200, "xmax": 256}}, {"tid": 3, "generated": 0, "bbox": {"xmin": 0, "ymin": 175, "ymax": 195, "xmax": 27}}], [{"tid": 1, "generated": 0, "bbox": {"xmin": 363, "ymin": 178, "ymax": 200, "xmax": 427}}, {"tid": 2, "generated": 0, "bbox": {"xmin": 200, "ymin": 175, "ymax": 200, "xmax": 257}}, {"tid": 3, "generated": 0, "bbox": {"xmin": 0, "ymin": 175, "ymax": 195, "xmax": 28}}], [{"tid": 1, "generated": 0, "bbox": {"xmin": 361, "ymin": 178, "ymax": 200, "xmax": 425}}, {"tid": 2, "generated": 0, "bbox": {"xmin": 201, "ymin": 175, "ymax": 200, "xmax": 259}}, {"tid": 3, "generated": 0, "bbox": {"xmin": 0, "ymin": 175, "ymax": 195, "xmax": 28}}], [{"tid": 1, "generated": 0, "bbox": {"xmin": 359, "ymin": 178, "ymax": 200, "xmax": 424}}, {"tid": 2, "generated": 0, "bbox": {"xmin": 202, "ymin": 175, "ymax": 200, "xmax": 260}}, {"tid": 3, "generated": 0, "bbox": {"xmin": 0, "ymin": 175, "ymax": 195, "xmax": 29}}], [{"tid": 1, "generated": 0, "bbox": {"xmin": 357, "ymin": 178, "ymax": 200, "xmax": 422}}, {"tid": 2, "generated": 0, "bbox": {"xmin": 204, "ymin": 175, "ymax": 200, "xmax": 262}}, {"tid": 3, "generated": 0, "bbox": {"xmin": 0, "ymin": 175, "ymax": 195, "xmax": 30}}], [{"tid": 1, "generated": 0, "bbox": {"xmin": 355, "ymin": 177, "ymax": 200, "xmax": 420}}, {"tid": 2, "generated": 0, "bbox": {"xmin": 205, "ymin": 175, "ymax": 200, "xmax": 264}}, {"tid": 3, "generated": 0, "bbox": {"xmin": 0, "ymin": 175, "ymax": 195, "xmax": 31}}], [{"tid": 1, "generated": 0, "bbox": {"xmin": 353, "ymin": 177, "ymax": 200, "xmax": 418}}, {"tid": 2, "generated": 0, "bbox": {"xmin": 206, "ymin": 175, "ymax": 200, "xmax": 265}}, {"tid": 3, "generated": 0, "bbox": {"xmin": 0, "ymin": 175, "ymax": 195, "xmax": 32}}], [{"tid": 1, "generated": 0, "bbox": {"xmin": 352, "ymin": 177, "ymax": 200, "xmax": 416}}, {"tid": 2, "generated": 0, "bbox": {"xmin": 208, "ymin": 175, "ymax": 200, "xmax": 267}}, {"tid": 3, "generated": 0, "bbox": {"xmin": 0, "ymin": 175, "ymax": 195, "xmax": 32}}], [{"tid": 1, "generated": 0, "bbox": {"xmin": 350, "ymin": 177, "ymax": 200, "xmax": 414}}, {"tid": 2, "generated": 0, "bbox": {"xmin": 209, "ymin": 175, "ymax": 200, "xmax": 268}}, {"tid": 3, "generated": 0, "bbox": {"xmin": 0, "ymin": 175, "ymax": 195, "xmax": 33}}], [{"tid": 1, "generated": 0, "bbox": {"xmin": 348, "ymin": 177, "ymax": 199, "xmax": 412}}, {"tid": 2, "generated": 0, "bbox": {"xmin": 210, "ymin": 175, "ymax": 200, "xmax": 270}}, {"tid": 3, "generated": 0, "bbox": {"xmin": 0, "ymin": 175, "ymax": 195, "xmax": 34}}], [{"tid": 1, "generated": 0, "bbox": {"xmin": 346, "ymin": 177, "ymax": 199, "xmax": 410}}, {"tid": 2, "generated": 0, "bbox": {"xmin": 212, "ymin": 175, "ymax": 200, "xmax": 272}}, {"tid": 3, "generated": 0, "bbox": {"xmin": 0, "ymin": 175, "ymax": 195, "xmax": 35}}, {"tid": 4, "generated": 0, "bbox": {"xmin": 593, "ymin": 184, "ymax": 212, "xmax": 639}}], [{"tid": 1, "generated": 0, "bbox": {"xmin": 344, "ymin": 177, "ymax": 199, "xmax": 408}}, {"tid": 2, "generated": 0, "bbox": {"xmin": 213, "ymin": 175, "ymax": 200, "xmax": 273}}, {"tid": 3, "generated": 0, "bbox": {"xmin": 0, "ymin": 175, "ymax": 196, "xmax": 36}}, {"tid": 4, "generated": 0, "bbox": {"xmin": 592, "ymin": 184, "ymax": 212, "xmax": 639}}], [{"tid": 1, "generated": 0, "bbox": {"xmin": 342, "ymin": 177, "ymax": 199, "xmax": 407}}, {"tid": 2, "generated": 0, "bbox": {"xmin": 214, "ymin": 175, "ymax": 200, "xmax": 274}}, {"tid": 3, "generated": 0, "bbox": {"xmin": 0, "ymin": 175, "ymax": 196, "xmax": 37}}, {"tid": 4, "generated": 0, "bbox": {"xmin": 590, "ymin": 184, "ymax": 212, "xmax": 639}}], [{"tid": 1, "generated": 0, "bbox": {"xmin": 341, "ymin": 177, "ymax": 199, "xmax": 405}}, {"tid": 2, "generated": 0, "bbox": {"xmin": 216, "ymin": 175, "ymax": 200, "xmax": 276}}, {"tid": 3, "generated": 0, "bbox": {"xmin": 0, "ymin": 175, "ymax": 196, "xmax": 38}}, {"tid": 4, "generated": 0, "bbox": {"xmin": 588, "ymin": 184, "ymax": 212, "xmax": 639}}], [{"tid": 1, "generated": 0, "bbox": {"xmin": 339, "ymin": 177, "ymax": 199, "xmax": 403}}, {"tid": 2, "generated": 0, "bbox": {"xmin": 217, "ymin": 175, "ymax": 200, "xmax": 277}}, {"tid": 3, "generated": 0, "bbox": {"xmin": 0, "ymin": 175, "ymax": 196, "xmax": 39}}, {"tid": 4, "generated": 0, "bbox": {"xmin": 586, "ymin": 184, "ymax": 212, "xmax": 639}}], [{"tid": 1, "generated": 0, "bbox": {"xmin": 337, "ymin": 177, "ymax": 199, "xmax": 401}}, {"tid": 2, "generated": 0, "bbox": {"xmin": 219, "ymin": 175, "ymax": 200, "xmax": 279}}, {"tid": 3, "generated": 0, "bbox": {"xmin": 1, "ymin": 175, "ymax": 196, "xmax": 41}}, {"tid": 4, "generated": 0, "bbox": {"xmin": 584, "ymin": 184, "ymax": 212, "xmax": 639}}], [{"tid": 1, "generated": 0, "bbox": {"xmin": 335, "ymin": 177, "ymax": 199, "xmax": 399}}, {"tid": 2, "generated": 0, "bbox": {"xmin": 220, "ymin": 175, "ymax": 200, "xmax": 280}}, {"tid": 3, "generated": 0, "bbox": {"xmin": 1, "ymin": 175, "ymax": 196, "xmax": 42}}, {"tid": 4, "generated": 0, "bbox": {"xmin": 583, "ymin": 184, "ymax": 212, "xmax": 639}}], [{"tid": 1, "generated": 0, "bbox": {"xmin": 333, "ymin": 177, "ymax": 199, "xmax": 397}}, {"tid": 2, "generated": 0, "bbox": {"xmin": 221, "ymin": 175, "ymax": 200, "xmax": 281}}, {"tid": 3, "generated": 0, "bbox": {"xmin": 1, "ymin": 175, "ymax": 196, "xmax": 43}}, {"tid": 4, "generated": 0, "bbox": {"xmin": 581, "ymin": 184, "ymax": 212, "xmax": 639}}], [{"tid": 1, "generated": 0, "bbox": {"xmin": 331, "ymin": 176, "ymax": 199, "xmax": 395}}, {"tid": 2, "generated": 0, "bbox": {"xmin": 223, "ymin": 175, "ymax": 200, "xmax": 283}}, {"tid": 3, "generated": 0, "bbox": {"xmin": 2, "ymin": 175, "ymax": 196, "xmax": 45}}, {"tid": 4, "generated": 0, "bbox": {"xmin": 579, "ymin": 184, "ymax": 212, "xmax": 639}}], [{"tid": 1, "generated": 0, "bbox": {"xmin": 330, "ymin": 176, "ymax": 199, "xmax": 393}}, {"tid": 2, "generated": 0, "bbox": {"xmin": 224, "ymin": 175, "ymax": 200, "xmax": 284}}, {"tid": 3, "generated": 0, "bbox": {"xmin": 2, "ymin": 175, "ymax": 196, "xmax": 46}}, {"tid": 4, "generated": 0, "bbox": {"xmin": 577, "ymin": 184, "ymax": 212, "xmax": 639}}], [{"tid": 1, "generated": 0, "bbox": {"xmin": 328, "ymin": 176, "ymax": 198, "xmax": 391}}, {"tid": 2, "generated": 0, "bbox": {"xmin": 226, "ymin": 175, "ymax": 200, "xmax": 286}}, {"tid": 3, "generated": 0, "bbox": {"xmin": 2, "ymin": 175, "ymax": 196, "xmax": 47}}, {"tid": 4, "generated": 0, "bbox": {"xmin": 575, "ymin": 184, "ymax": 212, "xmax": 639}}], [{"tid": 1, "generated": 0, "bbox": {"xmin": 326, "ymin": 176, "ymax": 198, "xmax": 390}}, {"tid": 2, "generated": 0, "bbox": {"xmin": 227, "ymin": 175, "ymax": 200, "xmax": 287}}, {"tid": 3, "generated": 0, "bbox": {"xmin": 3, "ymin": 175, "ymax": 196, "xmax": 49}}, {"tid": 4, "generated": 0, "bbox": {"xmin": 574, "ymin": 184, "ymax": 212, "xmax": 639}}], [{"tid": 1, "generated": 0, "bbox": {"xmin": 324, "ymin": 176, "ymax": 198, "xmax": 388}}, {"tid": 2, "generated": 0, "bbox": {"xmin": 229, "ymin": 175, "ymax": 200, "xmax": 289}}, {"tid": 3, "generated": 0, "bbox": {"xmin": 3, "ymin": 175, "ymax": 196, "xmax": 49}}, {"tid": 4, "generated": 0, "bbox": {"xmin": 572, "ymin": 183, "ymax": 212, "xmax": 637}}], [{"tid": 1, "generated": 0, "bbox": {"xmin": 322, "ymin": 176, "ymax": 198, "xmax": 386}}, {"tid": 2, "generated": 0, "bbox": {"xmin": 231, "ymin": 175, "ymax": 200, "xmax": 291}}, {"tid": 3, "generated": 0, "bbox": {"xmin": 4, "ymin": 175, "ymax": 196, "xmax": 50}}, {"tid": 4, "generated": 0, "bbox": {"xmin": 570, "ymin": 183, "ymax": 212, "xmax": 636}}], [{"tid": 1, "generated": 0, "bbox": {"xmin": 320, "ymin": 176, "ymax": 198, "xmax": 384}}, {"tid": 2, "generated": 0, "bbox": {"xmin": 233, "ymin": 175, "ymax": 200, "xmax": 293}}, {"tid": 3, "generated": 0, "bbox": {"xmin": 5, "ymin": 175, "ymax": 196, "xmax": 51}}, {"tid": 4, "generated": 0, "bbox": {"xmin": 568, "ymin": 183, "ymax": 212, "xmax": 635}}], [{"tid": 1, "generated": 0, "bbox": {"xmin": 319, "ymin": 176, "ymax": 198, "xmax": 382}}, {"tid": 2, "generated": 0, "bbox": {"xmin": 235, "ymin": 175, "ymax": 200, "xmax": 295}}, {"tid": 3, "generated": 0, "bbox": {"xmin": 5, "ymin": 175, "ymax": 196, "xmax": 52}}, {"tid": 4, "generated": 0, "bbox": {"xmin": 566, "ymin": 183, "ymax": 212, "xmax": 634}}], [{"tid": 1, "generated": 0, "bbox": {"xmin": 317, "ymin": 176, "ymax": 198, "xmax": 380}}, {"tid": 2, "generated": 0, "bbox": {"xmin": 236, "ymin": 175, "ymax": 200, "xmax": 296}}, {"tid": 3, "generated": 0, "bbox": {"xmin": 6, "ymin": 175, "ymax": 196, "xmax": 52}}, {"tid": 4, "generated": 0, "bbox": {"xmin": 565, "ymin": 183, "ymax": 212, "xmax": 633}}], [{"tid": 1, "generated": 0, "bbox": {"xmin": 315, "ymin": 176, "ymax": 198, "xmax": 378}}, {"tid": 2, "generated": 0, "bbox": {"xmin": 238, "ymin": 175, "ymax": 200, "xmax": 298}}, {"tid": 3, "generated": 0, "bbox": {"xmin": 7, "ymin": 175, "ymax": 196, "xmax": 53}}, {"tid": 4, "generated": 0, "bbox": {"xmin": 563, "ymin": 183, "ymax": 212, "xmax": 632}}], [{"tid": 1, "generated": 0, "bbox": {"xmin": 313, "ymin": 176, "ymax": 198, "xmax": 376}}, {"tid": 2, "generated": 0, "bbox": {"xmin": 240, "ymin": 175, "ymax": 200, "xmax": 300}}, {"tid": 3, "generated": 0, "bbox": {"xmin": 7, "ymin": 175, "ymax": 196, "xmax": 54}}, {"tid": 4, "generated": 0, "bbox": {"xmin": 561, "ymin": 183, "ymax": 212, "xmax": 631}}], [{"tid": 1, "generated": 0, "bbox": {"xmin": 311, "ymin": 176, "ymax": 198, "xmax": 374}}, {"tid": 2, "generated": 0, "bbox": {"xmin": 242, "ymin": 175, "ymax": 200, "xmax": 302}}, {"tid": 3, "generated": 0, "bbox": {"xmin": 8, "ymin": 175, "ymax": 196, "xmax": 55}}, {"tid": 4, "generated": 0, "bbox": {"xmin": 559, "ymin": 183, "ymax": 212, "xmax": 630}}], [{"tid": 1, "generated": 0, "bbox": {"xmin": 310, "ymin": 176, "ymax": 198, "xmax": 373}}, {"tid": 2, "generated": 0, "bbox": {"xmin": 244, "ymin": 175, "ymax": 200, "xmax": 304}}, {"tid": 3, "generated": 0, "bbox": {"xmin": 9, "ymin": 175, "ymax": 196, "xmax": 55}}, {"tid": 4, "generated": 0, "bbox": {"xmin": 557, "ymin": 183, "ymax": 212, "xmax": 629}}], [{"tid": 1, "generated": 0, "bbox": {"xmin": 310, "ymin": 176, "ymax": 197, "xmax": 371}}, {"tid": 2, "generated": 0, "bbox": {"xmin": 245, "ymin": 174, "ymax": 199, "xmax": 305}}, {"tid": 3, "generated": 0, "bbox": {"xmin": 10, "ymin": 175, "ymax": 196, "xmax": 56}}, {"tid": 4, "generated": 0, "bbox": {"xmin": 556, "ymin": 183, "ymax": 213, "xmax": 628}}], [{"tid": 1, "generated": 0, "bbox": {"xmin": 310, "ymin": 176, "ymax": 197, "xmax": 369}}, {"tid": 2, "generated": 0, "bbox": {"xmin": 246, "ymin": 174, "ymax": 199, "xmax": 306}}, {"tid": 3, "generated": 0, "bbox": {"xmin": 10, "ymin": 175, "ymax": 196, "xmax": 57}}, {"tid": 4, "generated": 0, "bbox": {"xmin": 554, "ymin": 182, "ymax": 212, "xmax": 626}}], [{"tid": 1, "generated": 0, "bbox": {"xmin": 310, "ymin": 176, "ymax": 197, "xmax": 368}}, {"tid": 2, "generated": 0, "bbox": {"xmin": 248, "ymin": 174, "ymax": 199, "xmax": 308}}, {"tid": 3, "generated": 0, "bbox": {"xmin": 11, "ymin": 175, "ymax": 196, "xmax": 58}}, {"tid": 4, "generated": 0, "bbox": {"xmin": 552, "ymin": 182, "ymax": 212, "xmax": 624}}], [{"tid": 1, "generated": 0, "bbox": {"xmin": 310, "ymin": 176, "ymax": 197, "xmax": 366}}, {"tid": 2, "generated": 0, "bbox": {"xmin": 249, "ymin": 174, "ymax": 199, "xmax": 309}}, {"tid": 3, "generated": 0, "bbox": {"xmin": 12, "ymin": 175, "ymax": 196, "xmax": 58}}, {"tid": 4, "generated": 0, "bbox": {"xmin": 550, "ymin": 182, "ymax": 212, "xmax": 622}}], [{"tid": 1, "generated": 0, "bbox": {"xmin": 310, "ymin": 176, "ymax": 197, "xmax": 365}}, {"tid": 2, "generated": 0, "bbox": {"xmin": 251, "ymin": 174, "ymax": 199, "xmax": 311}}, {"tid": 3, "generated": 0, "bbox": {"xmin": 12, "ymin": 175, "ymax": 196, "xmax": 59}}, {"tid": 4, "generated": 0, "bbox": {"xmin": 548, "ymin": 182, "ymax": 212, "xmax": 620}}], [{"tid": 1, "generated": 0, "bbox": {"xmin": 310, "ymin": 176, "ymax": 197, "xmax": 363}}, {"tid": 2, "generated": 0, "bbox": {"xmin": 252, "ymin": 174, "ymax": 199, "xmax": 312}}, {"tid": 3, "generated": 0, "bbox": {"xmin": 13, "ymin": 175, "ymax": 196, "xmax": 60}}, {"tid": 4, "generated": 0, "bbox": {"xmin": 547, "ymin": 182, "ymax": 211, "xmax": 618}}], [{"tid": 1, "generated": 0, "bbox": {"xmin": 310, "ymin": 176, "ymax": 197, "xmax": 361}}, {"tid": 2, "generated": 0, "bbox": {"xmin": 253, "ymin": 174, "ymax": 199, "xmax": 313}}, {"tid": 3, "generated": 0, "bbox": {"xmin": 14, "ymin": 175, "ymax": 196, "xmax": 61}}, {"tid": 4, "generated": 0, "bbox": {"xmin": 545, "ymin": 182, "ymax": 211, "xmax": 616}}], [{"tid": 1, "generated": 0, "bbox": {"xmin": 310, "ymin": 176, "ymax": 197, "xmax": 360}}, {"tid": 2, "generated": 0, "bbox": {"xmin": 255, "ymin": 174, "ymax": 199, "xmax": 315}}, {"tid": 3, "generated": 0, "bbox": {"xmin": 14, "ymin": 175, "ymax": 196, "xmax": 61}}, {"tid": 4, "generated": 0, "bbox": {"xmin": 543, "ymin": 182, "ymax": 211, "xmax": 614}}], [{"tid": 1, "generated": 0, "bbox": {"xmin": 310, "ymin": 176, "ymax": 197, "xmax": 358}}, {"tid": 2, "generated": 0, "bbox": {"xmin": 256, "ymin": 174, "ymax": 199, "xmax": 316}}, {"tid": 3, "generated": 0, "bbox": {"xmin": 15, "ymin": 175, "ymax": 196, "xmax": 62}}, {"tid": 4, "generated": 0, "bbox": {"xmin": 541, "ymin": 182, "ymax": 211, "xmax": 612}}], [], [], [], [], [], [], [], [], [], [], [], [], [], [], [], [{"tid": 1, "generated": 0, "bbox": {"xmin": 270, "ymin": 183, "ymax": 197, "xmax": 283}}, {"tid": 2, "generated": 0, "bbox": {"xmin": 280, "ymin": 174, "ymax": 198, "xmax": 344}}, {"tid": 4, "generated": 0, "bbox": {"xmin": 511, "ymin": 182, "ymax": 208, "xmax": 581}}], [{"tid": 1, "generated": 0, "bbox": {"xmin": 268, "ymin": 182, "ymax": 197, "xmax": 285}}, {"tid": 2, "generated": 0, "bbox": {"xmin": 281, "ymin": 174, "ymax": 198, "xmax": 345}}, {"tid": 4, "generated": 0, "bbox": {"xmin": 509, "ymin": 182, "ymax": 208, "xmax": 579}}], [{"tid": 1, "generated": 0, "bbox": {"xmin": 267, "ymin": 181, "ymax": 197, "xmax": 287}}, {"tid": 2, "generated": 0, "bbox": {"xmin": 283, "ymin": 174, "ymax": 198, "xmax": 347}}, {"tid": 4, "generated": 0, "bbox": {"xmin": 506, "ymin": 182, "ymax": 208, "xmax": 576}}], [{"tid": 1, "generated": 0, "bbox": {"xmin": 265, "ymin": 180, "ymax": 196, "xmax": 289}}, {"tid": 2, "generated": 0, "bbox": {"xmin": 284, "ymin": 174, "ymax": 198, "xmax": 348}}, {"tid": 4, "generated": 0, "bbox": {"xmin": 504, "ymin": 182, "ymax": 208, "xmax": 574}}], [{"tid": 1, "generated": 0, "bbox": {"xmin": 264, "ymin": 180, "ymax": 196, "xmax": 291}}, {"tid": 2, "generated": 0, "bbox": {"xmin": 286, "ymin": 174, "ymax": 198, "xmax": 350}}, {"tid": 4, "generated": 0, "bbox": {"xmin": 502, "ymin": 182, "ymax": 208, "xmax": 572}}], [{"tid": 1, "generated": 0, "bbox": {"xmin": 262, "ymin": 179, "ymax": 196, "xmax": 293}}, {"tid": 2, "generated": 0, "bbox": {"xmin": 288, "ymin": 175, "ymax": 199, "xmax": 352}}, {"tid": 4, "generated": 0, "bbox": {"xmin": 500, "ymin": 182, "ymax": 208, "xmax": 570}}], [{"tid": 1, "generated": 0, "bbox": {"xmin": 260, "ymin": 178, "ymax": 195, "xmax": 295}}, {"tid": 2, "generated": 0, "bbox": {"xmin": 289, "ymin": 175, "ymax": 199, "xmax": 353}}, {"tid": 4, "generated": 0, "bbox": {"xmin": 498, "ymin": 182, "ymax": 209, "xmax": 568}}], [{"tid": 1, "generated": 0, "bbox": {"xmin": 259, "ymin": 177, "ymax": 195, "xmax": 297}}, {"tid": 2, "generated": 0, "bbox": {"xmin": 291, "ymin": 175, "ymax": 199, "xmax": 355}}, {"tid": 4, "generated": 0, "bbox": {"xmin": 496, "ymin": 181, "ymax": 208, "xmax": 566}}], [{"tid": 1, "generated": 0, "bbox": {"xmin": 257, "ymin": 176, "ymax": 195, "xmax": 299}}, {"tid": 2, "generated": 0, "bbox": {"xmin": 292, "ymin": 175, "ymax": 199, "xmax": 357}}, {"tid": 4, "generated": 0, "bbox": {"xmin": 494, "ymin": 181, "ymax": 208, "xmax": 564}}], [{"tid": 1, "generated": 0, "bbox": {"xmin": 256, "ymin": 176, "ymax": 195, "xmax": 301}}, {"tid": 2, "generated": 0, "bbox": {"xmin": 294, "ymin": 175, "ymax": 199, "xmax": 358}}, {"tid": 4, "generated": 0, "bbox": {"xmin": 492, "ymin": 181, "ymax": 208, "xmax": 562}}], [{"tid": 1, "generated": 0, "bbox": {"xmin": 254, "ymin": 176, "ymax": 195, "xmax": 301}}, {"tid": 2, "generated": 0, "bbox": {"xmin": 296, "ymin": 175, "ymax": 199, "xmax": 360}}, {"tid": 4, "generated": 0, "bbox": {"xmin": 490, "ymin": 181, "ymax": 208, "xmax": 560}}], [{"tid": 1, "generated": 0, "bbox": {"xmin": 252, "ymin": 176, "ymax": 195, "xmax": 301}}, {"tid": 2, "generated": 0, "bbox": {"xmin": 297, "ymin": 175, "ymax": 199, "xmax": 362}}, {"tid": 4, "generated": 0, "bbox": {"xmin": 488, "ymin": 181, "ymax": 208, "xmax": 558}}], [{"tid": 1, "generated": 0, "bbox": {"xmin": 250, "ymin": 176, "ymax": 195, "xmax": 301}}, {"tid": 2, "generated": 0, "bbox": {"xmin": 299, "ymin": 175, "ymax": 199, "xmax": 363}}, {"tid": 4, "generated": 0, "bbox": {"xmin": 486, "ymin": 181, "ymax": 208, "xmax": 556}}], [{"tid": 1, "generated": 0, "bbox": {"xmin": 248, "ymin": 176, "ymax": 195, "xmax": 301}}, {"tid": 2, "generated": 0, "bbox": {"xmin": 300, "ymin": 175, "ymax": 199, "xmax": 365}}, {"tid": 4, "generated": 0, "bbox": {"xmin": 484, "ymin": 180, "ymax": 208, "xmax": 554}}], [{"tid": 1, "generated": 0, "bbox": {"xmin": 246, "ymin": 176, "ymax": 195, "xmax": 301}}, {"tid": 2, "generated": 0, "bbox": {"xmin": 302, "ymin": 175, "ymax": 199, "xmax": 367}}, {"tid": 4, "generated": 0, "bbox": {"xmin": 483, "ymin": 180, "ymax": 208, "xmax": 552}}], [{"tid": 1, "generated": 0, "bbox": {"xmin": 244, "ymin": 176, "ymax": 195, "xmax": 301}}, {"tid": 2, "generated": 0, "bbox": {"xmin": 304, "ymin": 175, "ymax": 200, "xmax": 369}}, {"tid": 4, "generated": 0, "bbox": {"xmin": 481, "ymin": 180, "ymax": 207, "xmax": 550}}], [{"tid": 1, "generated": 0, "bbox": {"xmin": 243, "ymin": 176, "ymax": 196, "xmax": 301}}, {"tid": 2, "generated": 0, "bbox": {"xmin": 305, "ymin": 175, "ymax": 200, "xmax": 370}}, {"tid": 4, "generated": 0, "bbox": {"xmin": 479, "ymin": 180, "ymax": 207, "xmax": 549}}], [{"tid": 1, "generated": 0, "bbox": {"xmin": 241, "ymin": 176, "ymax": 196, "xmax": 299}}, {"tid": 2, "generated": 0, "bbox": {"xmin": 307, "ymin": 175, "ymax": 200, "xmax": 372}}, {"tid": 4, "generated": 0, "bbox": {"xmin": 477, "ymin": 180, "ymax": 207, "xmax": 547}}], [{"tid": 1, "generated": 0, "bbox": {"xmin": 239, "ymin": 176, "ymax": 197, "xmax": 297}}, {"tid": 2, "generated": 0, "bbox": {"xmin": 308, "ymin": 175, "ymax": 200, "xmax": 373}}, {"tid": 4, "generated": 0, "bbox": {"xmin": 475, "ymin": 180, "ymax": 207, "xmax": 545}}], [{"tid": 1, "generated": 0, "bbox": {"xmin": 237, "ymin": 176, "ymax": 198, "xmax": 296}}, {"tid": 2, "generated": 0, "bbox": {"xmin": 310, "ymin": 175, "ymax": 200, "xmax": 375}}, {"tid": 4, "generated": 0, "bbox": {"xmin": 473, "ymin": 180, "ymax": 207, "xmax": 543}}], [{"tid": 1, "generated": 0, "bbox": {"xmin": 235, "ymin": 176, "ymax": 198, "xmax": 294}}, {"tid": 2, "generated": 0, "bbox": {"xmin": 312, "ymin": 175, "ymax": 200, "xmax": 376}}, {"tid": 4, "generated": 0, "bbox": {"xmin": 471, "ymin": 179, "ymax": 207, "xmax": 541}}], [{"tid": 1, "generated": 0, "bbox": {"xmin": 233, "ymin": 176, "ymax": 198, "xmax": 292}}, {"tid": 2, "generated": 0, "bbox": {"xmin": 313, "ymin": 175, "ymax": 200, "xmax": 378}}, {"tid": 4, "generated": 0, "bbox": {"xmin": 469, "ymin": 179, "ymax": 207, "xmax": 539}}], [{"tid": 1, "generated": 0, "bbox": {"xmin": 232, "ymin": 176, "ymax": 198, "xmax": 290}}, {"tid": 2, "generated": 0, "bbox": {"xmin": 315, "ymin": 175, "ymax": 200, "xmax": 379}}, {"tid": 4, "generated": 0, "bbox": {"xmin": 468, "ymin": 179, "ymax": 207, "xmax": 537}}], [{"tid": 1, "generated": 0, "bbox": {"xmin": 230, "ymin": 176, "ymax": 198, "xmax": 288}}, {"tid": 2, "generated": 0, "bbox": {"xmin": 316, "ymin": 175, "ymax": 200, "xmax": 381}}, {"tid": 4, "generated": 0, "bbox": {"xmin": 466, "ymin": 179, "ymax": 206, "xmax": 535}}], [{"tid": 1, "generated": 0, "bbox": {"xmin": 229, "ymin": 176, "ymax": 198, "xmax": 286}}, {"tid": 2, "generated": 0, "bbox": {"xmin": 318, "ymin": 175, "ymax": 200, "xmax": 382}}, {"tid": 4, "generated": 0, "bbox": {"xmin": 464, "ymin": 179, "ymax": 206, "xmax": 533}}], [{"tid": 1, "generated": 0, "bbox": {"xmin": 227, "ymin": 176, "ymax": 198, "xmax": 284}}, {"tid": 2, "generated": 0, "bbox": {"xmin": 320, "ymin": 175, "ymax": 201, "xmax": 384}}, {"tid": 4, "generated": 0, "bbox": {"xmin": 462, "ymin": 179, "ymax": 206, "xmax": 531}}], [{"tid": 1, "generated": 0, "bbox": {"xmin": 225, "ymin": 176, "ymax": 198, "xmax": 283}}, {"tid": 2, "generated": 0, "bbox": {"xmin": 321, "ymin": 175, "ymax": 201, "xmax": 385}}, {"tid": 4, "generated": 0, "bbox": {"xmin": 460, "ymin": 179, "ymax": 206, "xmax": 530}}], [{"tid": 1, "generated": 0, "bbox": {"xmin": 224, "ymin": 176, "ymax": 198, "xmax": 281}}, {"tid": 2, "generated": 0, "bbox": {"xmin": 323, "ymin": 175, "ymax": 201, "xmax": 387}}, {"tid": 4, "generated": 0, "bbox": {"xmin": 458, "ymin": 178, "ymax": 206, "xmax": 528}}], [{"tid": 1, "generated": 0, "bbox": {"xmin": 222, "ymin": 176, "ymax": 198, "xmax": 279}}, {"tid": 2, "generated": 0, "bbox": {"xmin": 324, "ymin": 175, "ymax": 201, "xmax": 388}}, {"tid": 4, "generated": 0, "bbox": {"xmin": 456, "ymin": 178, "ymax": 206, "xmax": 526}}], [{"tid": 1, "generated": 0, "bbox": {"xmin": 221, "ymin": 176, "ymax": 198, "xmax": 277}}, {"tid": 2, "generated": 0, "bbox": {"xmin": 326, "ymin": 175, "ymax": 202, "xmax": 390}}, {"tid": 4, "generated": 0, "bbox": {"xmin": 454, "ymin": 178, "ymax": 206, "xmax": 524}}], [{"tid": 1, "generated": 0, "bbox": {"xmin": 219, "ymin": 176, "ymax": 198, "xmax": 275}}, {"tid": 2, "generated": 0, "bbox": {"xmin": 328, "ymin": 175, "ymax": 202, "xmax": 392}}, {"tid": 4, "generated": 0, "bbox": {"xmin": 453, "ymin": 178, "ymax": 206, "xmax": 522}}], [{"tid": 1, "generated": 0, "bbox": {"xmin": 217, "ymin": 176, "ymax": 198, "xmax": 273}}, {"tid": 2, "generated": 0, "bbox": {"xmin": 329, "ymin": 175, "ymax": 202, "xmax": 393}}, {"tid": 4, "generated": 0, "bbox": {"xmin": 451, "ymin": 178, "ymax": 205, "xmax": 520}}], [{"tid": 1, "generated": 0, "bbox": {"xmin": 216, "ymin": 176, "ymax": 198, "xmax": 271}}, {"tid": 2, "generated": 0, "bbox": {"xmin": 331, "ymin": 175, "ymax": 203, "xmax": 395}}, {"tid": 4, "generated": 0, "bbox": {"xmin": 449, "ymin": 178, "ymax": 205, "xmax": 518}}], [{"tid": 1, "generated": 0, "bbox": {"xmin": 214, "ymin": 176, "ymax": 198, "xmax": 270}}, {"tid": 2, "generated": 0, "bbox": {"xmin": 332, "ymin": 175, "ymax": 203, "xmax": 396}}, {"tid": 4, "generated": 0, "bbox": {"xmin": 447, "ymin": 177, "ymax": 205, "xmax": 516}}], [{"tid": 1, "generated": 0, "bbox": {"xmin": 213, "ymin": 176, "ymax": 198, "xmax": 268}}, {"tid": 2, "generated": 0, "bbox": {"xmin": 334, "ymin": 175, "ymax": 203, "xmax": 398}}, {"tid": 4, "generated": 0, "bbox": {"xmin": 445, "ymin": 177, "ymax": 205, "xmax": 514}}], [{"tid": 1, "generated": 0, "bbox": {"xmin": 211, "ymin": 176, "ymax": 198, "xmax": 266}}, {"tid": 2, "generated": 0, "bbox": {"xmin": 336, "ymin": 175, "ymax": 204, "xmax": 400}}, {"tid": 4, "generated": 0, "bbox": {"xmin": 443, "ymin": 177, "ymax": 205, "xmax": 512}}], [{"tid": 1, "generated": 0, "bbox": {"xmin": 209, "ymin": 176, "ymax": 198, "xmax": 264}}, {"tid": 2, "generated": 0, "bbox": {"xmin": 337, "ymin": 175, "ymax": 204, "xmax": 401}}, {"tid": 4, "generated": 0, "bbox": {"xmin": 441, "ymin": 177, "ymax": 205, "xmax": 511}}], [{"tid": 1, "generated": 0, "bbox": {"xmin": 208, "ymin": 176, "ymax": 198, "xmax": 262}}, {"tid": 2, "generated": 0, "bbox": {"xmin": 339, "ymin": 175, "ymax": 204, "xmax": 403}}, {"tid": 4, "generated": 0, "bbox": {"xmin": 439, "ymin": 177, "ymax": 205, "xmax": 509}}], [{"tid": 1, "generated": 0, "bbox": {"xmin": 206, "ymin": 176, "ymax": 198, "xmax": 260}}, {"tid": 2, "generated": 0, "bbox": {"xmin": 341, "ymin": 175, "ymax": 204, "xmax": 405}}, {"tid": 4, "generated": 0, "bbox": {"xmin": 438, "ymin": 177, "ymax": 205, "xmax": 507}}], [{"tid": 1, "generated": 0, "bbox": {"xmin": 205, "ymin": 177, "ymax": 199, "xmax": 259}}, {"tid": 2, "generated": 0, "bbox": {"xmin": 343, "ymin": 175, "ymax": 204, "xmax": 407}}, {"tid": 4, "generated": 0, "bbox": {"xmin": 436, "ymin": 177, "ymax": 204, "xmax": 505}}], [{"tid": 1, "generated": 0, "bbox": {"xmin": 203, "ymin": 177, "ymax": 199, "xmax": 257}}, {"tid": 2, "generated": 0, "bbox": {"xmin": 345, "ymin": 175, "ymax": 204, "xmax": 409}}, {"tid": 4, "generated": 0, "bbox": {"xmin": 434, "ymin": 176, "ymax": 204, "xmax": 503}}], [{"tid": 1, "generated": 0, "bbox": {"xmin": 201, "ymin": 177, "ymax": 199, "xmax": 255}}, {"tid": 2, "generated": 0, "bbox": {"xmin": 346, "ymin": 175, "ymax": 204, "xmax": 410}}, {"tid": 4, "generated": 0, "bbox": {"xmin": 432, "ymin": 176, "ymax": 204, "xmax": 501}}], [{"tid": 1, "generated": 0, "bbox": {"xmin": 199, "ymin": 177, "ymax": 199, "xmax": 253}}, {"tid": 2, "generated": 0, "bbox": {"xmin": 348, "ymin": 175, "ymax": 204, "xmax": 412}}, {"tid": 4, "generated": 0, "bbox": {"xmin": 430, "ymin": 176, "ymax": 204, "xmax": 499}}], [{"tid": 1, "generated": 0, "bbox": {"xmin": 197, "ymin": 177, "ymax": 199, "xmax": 251}}, {"tid": 2, "generated": 0, "bbox": {"xmin": 350, "ymin": 175, "ymax": 204, "xmax": 414}}, {"tid": 4, "generated": 0, "bbox": {"xmin": 428, "ymin": 176, "ymax": 204, "xmax": 497}}], [{"tid": 1, "generated": 0, "bbox": {"xmin": 195, "ymin": 177, "ymax": 199, "xmax": 249}}, {"tid": 2, "generated": 0, "bbox": {"xmin": 352, "ymin": 175, "ymax": 204, "xmax": 416}}, {"tid": 4, "generated": 0, "bbox": {"xmin": 426, "ymin": 176, "ymax": 204, "xmax": 495}}], [{"tid": 1, "generated": 0, "bbox": {"xmin": 193, "ymin": 177, "ymax": 199, "xmax": 247}}, {"tid": 2, "generated": 0, "bbox": {"xmin": 354, "ymin": 176, "ymax": 205, "xmax": 418}}, {"tid": 4, "generated": 0, "bbox": {"xmin": 424, "ymin": 176, "ymax": 204, "xmax": 493}}], [{"tid": 1, "generated": 0, "bbox": {"xmin": 191, "ymin": 177, "ymax": 199, "xmax": 245}}, {"tid": 2, "generated": 0, "bbox": {"xmin": 355, "ymin": 176, "ymax": 205, "xmax": 419}}, {"tid": 4, "generated": 0, "bbox": {"xmin": 423, "ymin": 176, "ymax": 204, "xmax": 492}}], [{"tid": 1, "generated": 0, "bbox": {"xmin": 189, "ymin": 177, "ymax": 199, "xmax": 243}}, {"tid": 2, "generated": 0, "bbox": {"xmin": 357, "ymin": 176, "ymax": 205, "xmax": 421}}, {"tid": 4, "generated": 0, "bbox": {"xmin": 423, "ymin": 176, "ymax": 203, "xmax": 490}}], [{"tid": 1, "generated": 0, "bbox": {"xmin": 187, "ymin": 177, "ymax": 199, "xmax": 241}}, {"tid": 2, "generated": 0, "bbox": {"xmin": 359, "ymin": 176, "ymax": 205, "xmax": 423}}, {"tid": 4, "generated": 0, "bbox": {"xmin": 423, "ymin": 176, "ymax": 203, "xmax": 488}}], [{"tid": 1, "generated": 0, "bbox": {"xmin": 186, "ymin": 178, "ymax": 200, "xmax": 240}}, {"tid": 2, "generated": 0, "bbox": {"xmin": 360, "ymin": 176, "ymax": 205, "xmax": 424}}, {"tid": 4, "generated": 0, "bbox": {"xmin": 423, "ymin": 176, "ymax": 203, "xmax": 486}}], [{"tid": 1, "generated": 0, "bbox": {"xmin": 184, "ymin": 177, "ymax": 199, "xmax": 238}}, {"tid": 2, "generated": 0, "bbox": {"xmin": 362, "ymin": 176, "ymax": 205, "xmax": 426}}, {"tid": 4, "generated": 0, "bbox": {"xmin": 423, "ymin": 176, "ymax": 203, "xmax": 484}}], [{"tid": 1, "generated": 0, "bbox": {"xmin": 183, "ymin": 176, "ymax": 198, "xmax": 237}}, {"tid": 2, "generated": 0, "bbox": {"xmin": 364, "ymin": 176, "ymax": 205, "xmax": 428}}, {"tid": 4, "generated": 0, "bbox": {"xmin": 423, "ymin": 176, "ymax": 203, "xmax": 483}}], [{"tid": 1, "generated": 0, "bbox": {"xmin": 182, "ymin": 176, "ymax": 198, "xmax": 236}}, {"tid": 2, "generated": 0, "bbox": {"xmin": 365, "ymin": 176, "ymax": 206, "xmax": 430}}, {"tid": 4, "generated": 0, "bbox": {"xmin": 423, "ymin": 176, "ymax": 203, "xmax": 481}}], [{"tid": 1, "generated": 0, "bbox": {"xmin": 179, "ymin": 176, "ymax": 198, "xmax": 233}}, {"tid": 2, "generated": 0, "bbox": {"xmin": 367, "ymin": 176, "ymax": 206, "xmax": 431}}, {"tid": 4, "generated": 0, "bbox": {"xmin": 423, "ymin": 176, "ymax": 203, "xmax": 479}}], [{"tid": 1, "generated": 0, "bbox": {"xmin": 177, "ymin": 176, "ymax": 198, "xmax": 231}}, {"tid": 2, "generated": 0, "bbox": {"xmin": 369, "ymin": 176, "ymax": 206, "xmax": 433}}, {"tid": 4, "generated": 0, "bbox": {"xmin": 423, "ymin": 176, "ymax": 203, "xmax": 477}}], [{"tid": 1, "generated": 0, "bbox": {"xmin": 175, "ymin": 176, "ymax": 198, "xmax": 229}}, {"tid": 2, "generated": 0, "bbox": {"xmin": 370, "ymin": 176, "ymax": 206, "xmax": 435}}, {"tid": 4, "generated": 0, "bbox": {"xmin": 423, "ymin": 176, "ymax": 203, "xmax": 475}}], [{"tid": 1, "generated": 0, "bbox": {"xmin": 173, "ymin": 177, "ymax": 199, "xmax": 227}}, {"tid": 2, "generated": 0, "bbox": {"xmin": 372, "ymin": 176, "ymax": 206, "xmax": 436}}, {"tid": 4, "generated": 0, "bbox": {"xmin": 423, "ymin": 176, "ymax": 203, "xmax": 474}}], [{"tid": 1, "generated": 0, "bbox": {"xmin": 171, "ymin": 177, "ymax": 199, "xmax": 225}}, {"tid": 2, "generated": 0, "bbox": {"xmin": 374, "ymin": 176, "ymax": 206, "xmax": 438}}, {"tid": 4, "generated": 0, "bbox": {"xmin": 422, "ymin": 176, "ymax": 202, "xmax": 472}}], [{"tid": 1, "generated": 0, "bbox": {"xmin": 169, "ymin": 177, "ymax": 199, "xmax": 223}}, {"tid": 2, "generated": 0, "bbox": {"xmin": 375, "ymin": 176, "ymax": 206, "xmax": 440}}, {"tid": 4, "generated": 0, "bbox": {"xmin": 421, "ymin": 176, "ymax": 202, "xmax": 471}}], [{"tid": 1, "generated": 0, "bbox": {"xmin": 167, "ymin": 178, "ymax": 200, "xmax": 221}}, {"tid": 2, "generated": 0, "bbox": {"xmin": 377, "ymin": 176, "ymax": 207, "xmax": 442}}, {"tid": 4, "generated": 0, "bbox": {"xmin": 420, "ymin": 176, "ymax": 202, "xmax": 470}}], [{"tid": 2, "generated": 0, "bbox": {"xmin": 379, "ymin": 176, "ymax": 207, "xmax": 443}}, {"tid": 3, "generated": 0, "bbox": {"xmin": 119, "ymin": 176, "ymax": 200, "xmax": 165}}, {"tid": 4, "generated": 0, "bbox": {"xmin": 420, "ymin": 176, "ymax": 202, "xmax": 468}}, {"tid": 5, "generated": 0, "bbox": {"xmin": 586, "ymin": 185, "ymax": 213, "xmax": 638}}, {"tid": 6, "generated": 0, "bbox": {"xmin": 0, "ymin": 173, "ymax": 196, "xmax": 38}}], [{"tid": 2, "generated": 0, "bbox": {"xmin": 380, "ymin": 176, "ymax": 207, "xmax": 445}}, {"tid": 3, "generated": 0, "bbox": {"xmin": 119, "ymin": 176, "ymax": 200, "xmax": 167}}, {"tid": 4, "generated": 0, "bbox": {"xmin": 419, "ymin": 176, "ymax": 202, "xmax": 467}}, {"tid": 5, "generated": 0, "bbox": {"xmin": 584, "ymin": 185, "ymax": 213, "xmax": 638}}, {"tid": 6, "generated": 0, "bbox": {"xmin": 0, "ymin": 173, "ymax": 196, "xmax": 39}}], [{"tid": 2, "generated": 0, "bbox": {"xmin": 382, "ymin": 176, "ymax": 207, "xmax": 447}}, {"tid": 3, "generated": 0, "bbox": {"xmin": 120, "ymin": 176, "ymax": 200, "xmax": 169}}, {"tid": 4, "generated": 0, "bbox": {"xmin": 418, "ymin": 176, "ymax": 201, "xmax": 466}}, {"tid": 5, "generated": 0, "bbox": {"xmin": 582, "ymin": 185, "ymax": 213, "xmax": 638}}, {"tid": 6, "generated": 0, "bbox": {"xmin": 0, "ymin": 173, "ymax": 196, "xmax": 40}}], [{"tid": 2, "generated": 0, "bbox": {"xmin": 384, "ymin": 176, "ymax": 207, "xmax": 448}}, {"tid": 3, "generated": 0, "bbox": {"xmin": 120, "ymin": 176, "ymax": 200, "xmax": 170}}, {"tid": 4, "generated": 0, "bbox": {"xmin": 418, "ymin": 176, "ymax": 201, "xmax": 464}}, {"tid": 5, "generated": 0, "bbox": {"xmin": 581, "ymin": 185, "ymax": 213, "xmax": 638}}, {"tid": 6, "generated": 0, "bbox": {"xmin": 0, "ymin": 173, "ymax": 196, "xmax": 41}}], [{"tid": 2, "generated": 0, "bbox": {"xmin": 385, "ymin": 176, "ymax": 207, "xmax": 450}}, {"tid": 3, "generated": 0, "bbox": {"xmin": 120, "ymin": 176, "ymax": 200, "xmax": 172}}, {"tid": 4, "generated": 0, "bbox": {"xmin": 417, "ymin": 176, "ymax": 201, "xmax": 463}}, {"tid": 5, "generated": 0, "bbox": {"xmin": 579, "ymin": 185, "ymax": 213, "xmax": 638}}, {"tid": 6, "generated": 0, "bbox": {"xmin": 0, "ymin": 173, "ymax": 196, "xmax": 42}}], [{"tid": 2, "generated": 0, "bbox": {"xmin": 387, "ymin": 176, "ymax": 207, "xmax": 452}}, {"tid": 3, "generated": 0, "bbox": {"xmin": 121, "ymin": 176, "ymax": 200, "xmax": 174}}, {"tid": 4, "generated": 0, "bbox": {"xmin": 416, "ymin": 176, "ymax": 201, "xmax": 462}}, {"tid": 5, "generated": 0, "bbox": {"xmin": 577, "ymin": 185, "ymax": 213, "xmax": 638}}, {"tid": 6, "generated": 0, "bbox": {"xmin": 0, "ymin": 173, "ymax": 196, "xmax": 43}}], [{"tid": 2, "generated": 0, "bbox": {"xmin": 389, "ymin": 177, "ymax": 208, "xmax": 454}}, {"tid": 3, "generated": 0, "bbox": {"xmin": 121, "ymin": 176, "ymax": 200, "xmax": 176}}, {"tid": 4, "generated": 0, "bbox": {"xmin": 416, "ymin": 176, "ymax": 201, "xmax": 461}}, {"tid": 5, "generated": 0, "bbox": {"xmin": 576, "ymin": 185, "ymax": 213, "xmax": 639}}, {"tid": 6, "generated": 0, "bbox": {"xmin": 0, "ymin": 173, "ymax": 197, "xmax": 44}}], [{"tid": 2, "generated": 0, "bbox": {"xmin": 390, "ymin": 177, "ymax": 208, "xmax": 455}}, {"tid": 3, "generated": 0, "bbox": {"xmin": 122, "ymin": 176, "ymax": 200, "xmax": 178}}, {"tid": 4, "generated": 0, "bbox": {"xmin": 412, "ymin": 175, "ymax": 199, "xmax": 459}}, {"tid": 5, "generated": 0, "bbox": {"xmin": 574, "ymin": 184, "ymax": 212, "xmax": 637}}, {"tid": 6, "generated": 0, "bbox": {"xmin": 0, "ymin": 173, "ymax": 196, "xmax": 45}}], [{"tid": 2, "generated": 0, "bbox": {"xmin": 392, "ymin": 177, "ymax": 208, "xmax": 457}}, {"tid": 3, "generated": 0, "bbox": {"xmin": 123, "ymin": 176, "ymax": 199, "xmax": 179}}, {"tid": 4, "generated": 0, "bbox": {"xmin": 386, "ymin": 175, "ymax": 198, "xmax": 457}}, {"tid": 5, "generated": 0, "bbox": {"xmin": 572, "ymin": 184, "ymax": 212, "xmax": 636}}, {"tid": 6, "generated": 0, "bbox": {"xmin": 0, "ymin": 173, "ymax": 196, "xmax": 46}}], [{"tid": 2, "generated": 0, "bbox": {"xmin": 393, "ymin": 177, "ymax": 208, "xmax": 458}}, {"tid": 3, "generated": 0, "bbox": {"xmin": 125, "ymin": 176, "ymax": 199, "xmax": 181}}, {"tid": 4, "generated": 0, "bbox": {"xmin": 384, "ymin": 175, "ymax": 199, "xmax": 456}}, {"tid": 5, "generated": 0, "bbox": {"xmin": 570, "ymin": 184, "ymax": 212, "xmax": 634}}, {"tid": 6, "generated": 0, "bbox": {"xmin": 0, "ymin": 173, "ymax": 196, "xmax": 47}}], [{"tid": 2, "generated": 0, "bbox": {"xmin": 395, "ymin": 177, "ymax": 209, "xmax": 460}}, {"tid": 3, "generated": 0, "bbox": {"xmin": 126, "ymin": 176, "ymax": 199, "xmax": 183}}, {"tid": 4, "generated": 0, "bbox": {"xmin": 384, "ymin": 174, "ymax": 198, "xmax": 454}}, {"tid": 5, "generated": 0, "bbox": {"xmin": 568, "ymin": 184, "ymax": 212, "xmax": 633}}, {"tid": 6, "generated": 0, "bbox": {"xmin": 0, "ymin": 173, "ymax": 196, "xmax": 48}}], [{"tid": 2, "generated": 0, "bbox": {"xmin": 396, "ymin": 178, "ymax": 209, "xmax": 462}}, {"tid": 3, "generated": 0, "bbox": {"xmin": 128, "ymin": 176, "ymax": 199, "xmax": 185}}, {"tid": 4, "generated": 0, "bbox": {"xmin": 382, "ymin": 174, "ymax": 198, "xmax": 452}}, {"tid": 5, "generated": 0, "bbox": {"xmin": 566, "ymin": 184, "ymax": 212, "xmax": 632}}, {"tid": 6, "generated": 0, "bbox": {"xmin": 1, "ymin": 173, "ymax": 196, "xmax": 50}}], [{"tid": 2, "generated": 0, "bbox": {"xmin": 398, "ymin": 178, "ymax": 209, "xmax": 463}}, {"tid": 3, "generated": 0, "bbox": {"xmin": 129, "ymin": 176, "ymax": 199, "xmax": 186}}, {"tid": 4, "generated": 0, "bbox": {"xmin": 380, "ymin": 174, "ymax": 198, "xmax": 450}}, {"tid": 5, "generated": 0, "bbox": {"xmin": 564, "ymin": 184, "ymax": 211, "xmax": 630}}, {"tid": 6, "generated": 0, "bbox": {"xmin": 1, "ymin": 173, "ymax": 196, "xmax": 51}}], [{"tid": 2, "generated": 0, "bbox": {"xmin": 400, "ymin": 178, "ymax": 209, "xmax": 465}}, {"tid": 3, "generated": 0, "bbox": {"xmin": 131, "ymin": 176, "ymax": 199, "xmax": 188}}, {"tid": 4, "generated": 0, "bbox": {"xmin": 379, "ymin": 174, "ymax": 198, "xmax": 449}}, {"tid": 5, "generated": 0, "bbox": {"xmin": 562, "ymin": 184, "ymax": 211, "xmax": 629}}, {"tid": 6, "generated": 0, "bbox": {"xmin": 1, "ymin": 173, "ymax": 196, "xmax": 52}}], [{"tid": 2, "generated": 0, "bbox": {"xmin": 401, "ymin": 178, "ymax": 210, "xmax": 467}}, {"tid": 3, "generated": 0, "bbox": {"xmin": 132, "ymin": 176, "ymax": 199, "xmax": 190}}, {"tid": 4, "generated": 0, "bbox": {"xmin": 377, "ymin": 174, "ymax": 198, "xmax": 447}}, {"tid": 5, "generated": 0, "bbox": {"xmin": 560, "ymin": 184, "ymax": 211, "xmax": 627}}, {"tid": 6, "generated": 0, "bbox": {"xmin": 1, "ymin": 173, "ymax": 196, "xmax": 53}}], [{"tid": 2, "generated": 0, "bbox": {"xmin": 403, "ymin": 178, "ymax": 210, "xmax": 468}}, {"tid": 3, "generated": 0, "bbox": {"xmin": 134, "ymin": 176, "ymax": 199, "xmax": 192}}, {"tid": 4, "generated": 0, "bbox": {"xmin": 375, "ymin": 174, "ymax": 198, "xmax": 445}}, {"tid": 5, "generated": 0, "bbox": {"xmin": 558, "ymin": 184, "ymax": 211, "xmax": 626}}, {"tid": 6, "generated": 0, "bbox": {"xmin": 1, "ymin": 173, "ymax": 196, "xmax": 54}}], [{"tid": 2, "generated": 0, "bbox": {"xmin": 404, "ymin": 179, "ymax": 210, "xmax": 470}}, {"tid": 3, "generated": 0, "bbox": {"xmin": 135, "ymin": 176, "ymax": 199, "xmax": 193}}, {"tid": 4, "generated": 0, "bbox": {"xmin": 374, "ymin": 174, "ymax": 199, "xmax": 444}}, {"tid": 5, "generated": 0, "bbox": {"xmin": 557, "ymin": 184, "ymax": 211, "xmax": 625}}, {"tid": 6, "generated": 0, "bbox": {"xmin": 2, "ymin": 173, "ymax": 196, "xmax": 56}}], [{"tid": 2, "generated": 0, "bbox": {"xmin": 406, "ymin": 179, "ymax": 210, "xmax": 471}}, {"tid": 3, "generated": 0, "bbox": {"xmin": 137, "ymin": 176, "ymax": 199, "xmax": 195}}, {"tid": 4, "generated": 0, "bbox": {"xmin": 372, "ymin": 173, "ymax": 199, "xmax": 442}}, {"tid": 5, "generated": 0, "bbox": {"xmin": 554, "ymin": 184, "ymax": 211, "xmax": 622}}, {"tid": 6, "generated": 0, "bbox": {"xmin": 3, "ymin": 173, "ymax": 196, "xmax": 56}}], [{"tid": 2, "generated": 0, "bbox": {"xmin": 407, "ymin": 179, "ymax": 211, "xmax": 473}}, {"tid": 3, "generated": 0, "bbox": {"xmin": 138, "ymin": 176, "ymax": 199, "xmax": 197}}, {"tid": 4, "generated": 0, "bbox": {"xmin": 371, "ymin": 173, "ymax": 199, "xmax": 441}}, {"tid": 5, "generated": 0, "bbox": {"xmin": 552, "ymin": 184, "ymax": 211, "xmax": 620}}, {"tid": 6, "generated": 0, "bbox": {"xmin": 4, "ymin": 173, "ymax": 196, "xmax": 57}}], [{"tid": 2, "generated": 0, "bbox": {"xmin": 409, "ymin": 179, "ymax": 211, "xmax": 475}}, {"tid": 3, "generated": 0, "bbox": {"xmin": 140, "ymin": 176, "ymax": 199, "xmax": 199}}, {"tid": 4, "generated": 0, "bbox": {"xmin": 370, "ymin": 173, "ymax": 199, "xmax": 440}}, {"tid": 5, "generated": 0, "bbox": {"xmin": 550, "ymin": 184, "ymax": 211, "xmax": 618}}, {"tid": 6, "generated": 0, "bbox": {"xmin": 5, "ymin": 173, "ymax": 196, "xmax": 58}}], [{"tid": 2, "generated": 0, "bbox": {"xmin": 411, "ymin": 179, "ymax": 211, "xmax": 476}}, {"tid": 3, "generated": 0, "bbox": {"xmin": 141, "ymin": 176, "ymax": 199, "xmax": 200}}, {"tid": 4, "generated": 0, "bbox": {"xmin": 368, "ymin": 173, "ymax": 199, "xmax": 438}}, {"tid": 5, "generated": 0, "bbox": {"xmin": 548, "ymin": 184, "ymax": 211, "xmax": 616}}, {"tid": 6, "generated": 0, "bbox": {"xmin": 6, "ymin": 173, "ymax": 196, "xmax": 59}}], [{"tid": 2, "generated": 0, "bbox": {"xmin": 412, "ymin": 180, "ymax": 211, "xmax": 478}}, {"tid": 3, "generated": 0, "bbox": {"xmin": 143, "ymin": 176, "ymax": 199, "xmax": 202}}, {"tid": 4, "generated": 0, "bbox": {"xmin": 367, "ymin": 173, "ymax": 199, "xmax": 437}}, {"tid": 5, "generated": 0, "bbox": {"xmin": 546, "ymin": 184, "ymax": 211, "xmax": 614}}, {"tid": 6, "generated": 0, "bbox": {"xmin": 7, "ymin": 173, "ymax": 196, "xmax": 60}}], [{"tid": 2, "generated": 0, "bbox": {"xmin": 414, "ymin": 180, "ymax": 212, "xmax": 480}}, {"tid": 3, "generated": 0, "bbox": {"xmin": 144, "ymin": 176, "ymax": 199, "xmax": 204}}, {"tid": 4, "generated": 0, "bbox": {"xmin": 366, "ymin": 172, "ymax": 199, "xmax": 436}}, {"tid": 5, "generated": 0, "bbox": {"xmin": 544, "ymin": 184, "ymax": 211, "xmax": 611}}, {"tid": 6, "generated": 0, "bbox": {"xmin": 8, "ymin": 173, "ymax": 196, "xmax": 60}}], [{"tid": 2, "generated": 0, "bbox": {"xmin": 415, "ymin": 180, "ymax": 212, "xmax": 481}}, {"tid": 3, "generated": 0, "bbox": {"xmin": 146, "ymin": 176, "ymax": 199, "xmax": 206}}, {"tid": 4, "generated": 0, "bbox": {"xmin": 364, "ymin": 172, "ymax": 199, "xmax": 434}}, {"tid": 5, "generated": 0, "bbox": {"xmin": 542, "ymin": 184, "ymax": 211, "xmax": 609}}, {"tid": 6, "generated": 0, "bbox": {"xmin": 9, "ymin": 173, "ymax": 196, "xmax": 61}}], [{"tid": 2, "generated": 0, "bbox": {"xmin": 417, "ymin": 180, "ymax": 212, "xmax": 483}}, {"tid": 3, "generated": 0, "bbox": {"xmin": 147, "ymin": 176, "ymax": 199, "xmax": 207}}, {"tid": 4, "generated": 0, "bbox": {"xmin": 363, "ymin": 172, "ymax": 199, "xmax": 433}}, {"tid": 5, "generated": 0, "bbox": {"xmin": 539, "ymin": 184, "ymax": 211, "xmax": 607}}, {"tid": 6, "generated": 0, "bbox": {"xmin": 10, "ymin": 173, "ymax": 196, "xmax": 62}}], [{"tid": 2, "generated": 0, "bbox": {"xmin": 419, "ymin": 181, "ymax": 213, "xmax": 485}}, {"tid": 3, "generated": 0, "bbox": {"xmin": 149, "ymin": 176, "ymax": 199, "xmax": 209}}, {"tid": 4, "generated": 0, "bbox": {"xmin": 362, "ymin": 172, "ymax": 199, "xmax": 432}}, {"tid": 5, "generated": 0, "bbox": {"xmin": 537, "ymin": 184, "ymax": 211, "xmax": 605}}, {"tid": 6, "generated": 0, "bbox": {"xmin": 11, "ymin": 173, "ymax": 196, "xmax": 63}}], [{"tid": 2, "generated": 0, "bbox": {"xmin": 421, "ymin": 181, "ymax": 213, "xmax": 487}}, {"tid": 3, "generated": 0, "bbox": {"xmin": 150, "ymin": 176, "ymax": 199, "xmax": 211}}, {"tid": 4, "generated": 0, "bbox": {"xmin": 361, "ymin": 172, "ymax": 200, "xmax": 431}}, {"tid": 5, "generated": 0, "bbox": {"xmin": 535, "ymin": 184, "ymax": 211, "xmax": 603}}, {"tid": 6, "generated": 0, "bbox": {"xmin": 12, "ymin": 174, "ymax": 196, "xmax": 64}}], [{"tid": 2, "generated": 0, "bbox": {"xmin": 423, "ymin": 181, "ymax": 213, "xmax": 489}}, {"tid": 3, "generated": 0, "bbox": {"xmin": 152, "ymin": 176, "ymax": 199, "xmax": 213}}, {"tid": 4, "generated": 0, "bbox": {"xmin": 359, "ymin": 172, "ymax": 200, "xmax": 428}}, {"tid": 5, "generated": 0, "bbox": {"xmin": 533, "ymin": 184, "ymax": 211, "xmax": 600}}, {"tid": 6, "generated": 0, "bbox": {"xmin": 14, "ymin": 174, "ymax": 195, "xmax": 63}}], [{"tid": 2, "generated": 0, "bbox": {"xmin": 425, "ymin": 181, "ymax": 213, "xmax": 491}}, {"tid": 3, "generated": 0, "bbox": {"xmin": 156, "ymin": 176, "ymax": 199, "xmax": 216}}, {"tid": 4, "generated": 0, "bbox": {"xmin": 357, "ymin": 172, "ymax": 200, "xmax": 426}}, {"tid": 5, "generated": 0, "bbox": {"xmin": 531, "ymin": 184, "ymax": 211, "xmax": 598}}, {"tid": 6, "generated": 0, "bbox": {"xmin": 16, "ymin": 174, "ymax": 195, "xmax": 63}}], [{"tid": 2, "generated": 0, "bbox": {"xmin": 427, "ymin": 181, "ymax": 213, "xmax": 493}}, {"tid": 3, "generated": 0, "bbox": {"xmin": 160, "ymin": 176, "ymax": 199, "xmax": 220}}, {"tid": 4, "generated": 0, "bbox": {"xmin": 355, "ymin": 172, "ymax": 200, "xmax": 424}}, {"tid": 5, "generated": 0, "bbox": {"xmin": 529, "ymin": 184, "ymax": 211, "xmax": 596}}, {"tid": 6, "generated": 0, "bbox": {"xmin": 18, "ymin": 174, "ymax": 195, "xmax": 63}}]], "subject/objects": [{"category": "train", "tid": 0}, {"category": "car", "tid": 1}, {"category": "car", "tid": 2}, {"category": "car", "tid": 3}, {"category": "car", "tid": 4}, {"category": "car", "tid": 5}, {"category": "car", "tid": 6}], "relation_instances": [{"end_fid": 30, "subject_tid": 0, "predicate": "move_past", "begin_fid": 0, "object_tid": 1}, {"end_fid": 30, "subject_tid": 0, "predicate": "move_left", "begin_fid": 0, "object_tid": 1}, {"end_fid": 30, "subject_tid": 0, "predicate": "taller", "begin_fid": 0, "object_tid": 1}, {"end_fid": 30, "subject_tid": 0, "predicate": "larger", "begin_fid": 0, "object_tid": 1}, {"end_fid": 30, "subject_tid": 1, "predicate": "stop_right", "begin_fid": 0, "object_tid": 0}, {"end_fid": 420, "subject_tid": 0, "predicate": "move_past", "begin_fid": 390, "object_tid": 1}, {"end_fid": 420, "subject_tid": 0, "predicate": "move_behind", "begin_fid": 390, "object_tid": 1}, {"end_fid": 420, "subject_tid": 0, "predicate": "move_left", "begin_fid": 390, "object_tid": 1}, {"end_fid": 420, "subject_tid": 0, "predicate": "taller", "begin_fid": 390, "object_tid": 1}, {"end_fid": 420, "subject_tid": 0, "predicate": "larger", "begin_fid": 390, "object_tid": 1}, {"end_fid": 420, "subject_tid": 1, "predicate": "stop_front", "begin_fid": 390, "object_tid": 0}, {"end_fid": 420, "subject_tid": 1, "predicate": "stop_right", "begin_fid": 390, "object_tid": 0}, {"end_fid": 420, "subject_tid": 0, "predicate": "move_right", "begin_fid": 390, "object_tid": 2}, {"end_fid": 420, "subject_tid": 0, "predicate": "move_past", "begin_fid": 390, "object_tid": 2}, {"end_fid": 420, "subject_tid": 0, "predicate": "taller", "begin_fid": 390, "object_tid": 2}, {"end_fid": 420, "subject_tid": 0, "predicate": "larger", "begin_fid": 390, "object_tid": 2}, {"end_fid": 420, "subject_tid": 2, "predicate": "stop_left", "begin_fid": 390, "object_tid": 0}, {"end_fid": 420, "subject_tid": 1, "predicate": "stop_right", "begin_fid": 390, "object_tid": 2}, {"end_fid": 420, "subject_tid": 2, "predicate": "stop_left", "begin_fid": 390, "object_tid": 1}, {"end_fid": 615, "subject_tid": 0, "predicate": "move_behind", "begin_fid": 585, "object_tid": 1}, {"end_fid": 615, "subject_tid": 0, "predicate": "move_away", "begin_fid": 585, "object_tid": 1}, {"end_fid": 615, "subject_tid": 1, "predicate": "move_front", "begin_fid": 585, "object_tid": 0}, {"end_fid": 675, "subject_tid": 0, "predicate": "move_behind", "begin_fid": 645, "object_tid": 1}, {"end_fid": 675, "subject_tid": 0, "predicate": "move_away", "begin_fid": 645, "object_tid": 1}, {"end_fid": 675, "subject_tid": 1, "predicate": "move_front", "begin_fid": 645, "object_tid": 0}, {"end_fid": 675, "subject_tid": 0, "predicate": "move_right", "begin_fid": 645, "object_tid": 2}, {"end_fid": 675, "subject_tid": 0, "predicate": "move_behind", "begin_fid": 645, "object_tid": 2}, {"end_fid": 675, "subject_tid": 0, "predicate": "move_away", "begin_fid": 645, "object_tid": 2}, {"end_fid": 675, "subject_tid": 2, "predicate": "move_front", "begin_fid": 645, "object_tid": 0}, {"end_fid": 675, "subject_tid": 2, "predicate": "move_left", "begin_fid": 645, "object_tid": 0}, {"end_fid": 675, "subject_tid": 1, "predicate": "move_right", "begin_fid": 645, "object_tid": 2}, {"end_fid": 675, "subject_tid": 1, "predicate": "move_toward", "begin_fid": 645, "object_tid": 2}, {"end_fid": 675, "subject_tid": 2, "predicate": "move_toward", "begin_fid": 645, "object_tid": 1}, {"end_fid": 675, "subject_tid": 2, "predicate": "move_left", "begin_fid": 645, "object_tid": 1}, {"end_fid": 765, "subject_tid": 1, "predicate": "move_right", "begin_fid": 735, "object_tid": 2}, {"end_fid": 765, "subject_tid": 1, "predicate": "move_toward", "begin_fid": 735, "object_tid": 2}, {"end_fid": 765, "subject_tid": 2, "predicate": "move_toward", "begin_fid": 735, "object_tid": 1}, {"end_fid": 765, "subject_tid": 2, "predicate": "move_left", "begin_fid": 735, "object_tid": 1}, {"end_fid": 765, "subject_tid": 1, "predicate": "move_right", "begin_fid": 735, "object_tid": 3}, {"end_fid": 765, "subject_tid": 1, "predicate": "move_toward", "begin_fid": 735, "object_tid": 3}, {"end_fid": 765, "subject_tid": 3, "predicate": "move_toward", "begin_fid": 735, "object_tid": 1}, {"end_fid": 765, "subject_tid": 3, "predicate": "move_left", "begin_fid": 735, "object_tid": 1}, {"end_fid": 765, "subject_tid": 2, "predicate": "move_right", "begin_fid": 735, "object_tid": 3}, {"end_fid": 765, "subject_tid": 3, "predicate": "move_left", "begin_fid": 735, "object_tid": 2}, {"end_fid": 765, "subject_tid": 3, "predicate": "follow", "begin_fid": 735, "object_tid": 2}, {"end_fid": 780, "subject_tid": 1, "predicate": "move_right", "begin_fid": 750, "object_tid": 2}, {"end_fid": 780, "subject_tid": 1, "predicate": "move_past", "begin_fid": 750, "object_tid": 2}, {"end_fid": 780, "subject_tid": 1, "predicate": "move_behind", "begin_fid": 750, "object_tid": 2}, {"end_fid": 780, "subject_tid": 1, "predicate": "move_toward", "begin_fid": 750, "object_tid": 2}, {"end_fid": 780, "subject_tid": 2, "predicate": "move_past", "begin_fid": 750, "object_tid": 1}, {"end_fid": 780, "subject_tid": 2, "predicate": "move_toward", "begin_fid": 750, "object_tid": 1}, {"end_fid": 780, "subject_tid": 2, "predicate": "move_front", "begin_fid": 750, "object_tid": 1}, {"end_fid": 780, "subject_tid": 2, "predicate": "move_left", "begin_fid": 750, "object_tid": 1}, {"end_fid": 780, "subject_tid": 1, "predicate": "move_right", "begin_fid": 750, "object_tid": 3}, {"end_fid": 780, "subject_tid": 1, "predicate": "move_toward", "begin_fid": 750, "object_tid": 3}, {"end_fid": 780, "subject_tid": 3, "predicate": "move_toward", "begin_fid": 750, "object_tid": 1}, {"end_fid": 780, "subject_tid": 3, "predicate": "move_left", "begin_fid": 750, "object_tid": 1}, {"end_fid": 780, "subject_tid": 1, "predicate": "move_left", "begin_fid": 750, "object_tid": 4}, {"end_fid": 780, "subject_tid": 4, "predicate": "move_right", "begin_fid": 750, "object_tid": 1}, {"end_fid": 780, "subject_tid": 4, "predicate": "follow", "begin_fid": 750, "object_tid": 1}, {"end_fid": 780, "subject_tid": 2, "predicate": "move_right", "begin_fid": 750, "object_tid": 3}, {"end_fid": 780, "subject_tid": 3, "predicate": "move_left", "begin_fid": 750, "object_tid": 2}, {"end_fid": 780, "subject_tid": 3, "predicate": "follow", "begin_fid": 750, "object_tid": 2}, {"end_fid": 780, "subject_tid": 2, "predicate": "move_toward", "begin_fid": 750, "object_tid": 4}, {"end_fid": 780, "subject_tid": 2, "predicate": "move_left", "begin_fid": 750, "object_tid": 4}, {"end_fid": 780, "subject_tid": 4, "predicate": "move_toward", "begin_fid": 750, "object_tid": 2}, {"end_fid": 780, "subject_tid": 4, "predicate": "move_right", "begin_fid": 750, "object_tid": 2}, {"end_fid": 780, "subject_tid": 3, "predicate": "move_toward", "begin_fid": 750, "object_tid": 4}, {"end_fid": 780, "subject_tid": 3, "predicate": "move_left", "begin_fid": 750, "object_tid": 4}, {"end_fid": 780, "subject_tid": 4, "predicate": "move_toward", "begin_fid": 750, "object_tid": 3}, {"end_fid": 780, "subject_tid": 4, "predicate": "move_right", "begin_fid": 750, "object_tid": 3}, {"end_fid": 825, "subject_tid": 1, "predicate": "move_past", "begin_fid": 795, "object_tid": 2}, {"end_fid": 825, "subject_tid": 1, "predicate": "move_away", "begin_fid": 795, "object_tid": 2}, {"end_fid": 825, "subject_tid": 1, "predicate": "move_left", "begin_fid": 795, "object_tid": 2}, {"end_fid": 825, "subject_tid": 2, "predicate": "move_past", "begin_fid": 795, "object_tid": 1}, {"end_fid": 825, "subject_tid": 2, "predicate": "move_away", "begin_fid": 795, "object_tid": 1}, {"end_fid": 825, "subject_tid": 2, "predicate": "move_right", "begin_fid": 795, "object_tid": 1}, {"end_fid": 825, "subject_tid": 1, "predicate": "move_left", "begin_fid": 795, "object_tid": 4}, {"end_fid": 825, "subject_tid": 4, "predicate": "move_right", "begin_fid": 795, "object_tid": 1}, {"end_fid": 825, "subject_tid": 4, "predicate": "follow", "begin_fid": 795, "object_tid": 1}, {"end_fid": 825, "subject_tid": 2, "predicate": "move_toward", "begin_fid": 795, "object_tid": 4}, {"end_fid": 825, "subject_tid": 2, "predicate": "move_left", "begin_fid": 795, "object_tid": 4}, {"end_fid": 825, "subject_tid": 4, "predicate": "move_toward", "begin_fid": 795, "object_tid": 2}, {"end_fid": 825, "subject_tid": 4, "predicate": "move_right", "begin_fid": 795, "object_tid": 2}, {"end_fid": 855, "subject_tid": 1, "predicate": "move_away", "begin_fid": 825, "object_tid": 2}, {"end_fid": 855, "subject_tid": 1, "predicate": "move_left", "begin_fid": 825, "object_tid": 2}, {"end_fid": 855, "subject_tid": 2, "predicate": "move_away", "begin_fid": 825, "object_tid": 1}, {"end_fid": 855, "subject_tid": 2, "predicate": "move_right", "begin_fid": 825, "object_tid": 1}, {"end_fid": 855, "subject_tid": 1, "predicate": "away", "begin_fid": 825, "object_tid": 4}, {"end_fid": 855, "subject_tid": 1, "predicate": "left", "begin_fid": 825, "object_tid": 4}, {"end_fid": 855, "subject_tid": 4, "predicate": "move_right", "begin_fid": 825, "object_tid": 1}, {"end_fid": 855, "subject_tid": 4, "predicate": "follow", "begin_fid": 825, "object_tid": 1}, {"end_fid": 855, "subject_tid": 2, "predicate": "move_past", "begin_fid": 825, "object_tid": 4}, {"end_fid": 855, "subject_tid": 2, "predicate": "move_front", "begin_fid": 825, "object_tid": 4}, {"end_fid": 855, "subject_tid": 2, "predicate": "move_left", "begin_fid": 825, "object_tid": 4}, {"end_fid": 855, "subject_tid": 4, "predicate": "move_past", "begin_fid": 825, "object_tid": 2}, {"end_fid": 855, "subject_tid": 4, "predicate": "move_behind", "begin_fid": 825, "object_tid": 2}, {"end_fid": 855, "subject_tid": 4, "predicate": "move_right", "begin_fid": 825, "object_tid": 2}, {"end_fid": 885, "subject_tid": 2, "predicate": "move_right", "begin_fid": 855, "object_tid": 3}, {"end_fid": 885, "subject_tid": 3, "predicate": "move_left", "begin_fid": 855, "object_tid": 2}, {"end_fid": 885, "subject_tid": 3, "predicate": "follow", "begin_fid": 855, "object_tid": 2}, {"end_fid": 885, "subject_tid": 2, "predicate": "move_next_to", "begin_fid": 855, "object_tid": 4}, {"end_fid": 885, "subject_tid": 2, "predicate": "move_past", "begin_fid": 855, "object_tid": 4}, {"end_fid": 885, "subject_tid": 2, "predicate": "move_front", "begin_fid": 855, "object_tid": 4}, {"end_fid": 885, "subject_tid": 4, "predicate": "move_next_to", "begin_fid": 855, "object_tid": 2}, {"end_fid": 885, "subject_tid": 4, "predicate": "move_past", "begin_fid": 855, "object_tid": 2}, {"end_fid": 885, "subject_tid": 4, "predicate": "move_behind", "begin_fid": 855, "object_tid": 2}, {"end_fid": 885, "subject_tid": 2, "predicate": "move_toward", "begin_fid": 855, "object_tid": 5}, {"end_fid": 885, "subject_tid": 2, "predicate": "move_left", "begin_fid": 855, "object_tid": 5}, {"end_fid": 885, "subject_tid": 5, "predicate": "move_toward", "begin_fid": 855, "object_tid": 2}, {"end_fid": 885, "subject_tid": 5, "predicate": "move_right", "begin_fid": 855, "object_tid": 2}, {"end_fid": 885, "subject_tid": 2, "predicate": "move_right", "begin_fid": 855, "object_tid": 6}, {"end_fid": 885, "subject_tid": 6, "predicate": "move_left", "begin_fid": 855, "object_tid": 2}, {"end_fid": 885, "subject_tid": 6, "predicate": "follow", "begin_fid": 855, "object_tid": 2}, {"end_fid": 885, "subject_tid": 3, "predicate": "move_toward", "begin_fid": 855, "object_tid": 4}, {"end_fid": 885, "subject_tid": 3, "predicate": "move_left", "begin_fid": 855, "object_tid": 4}, {"end_fid": 885, "subject_tid": 4, "predicate": "move_toward", "begin_fid": 855, "object_tid": 3}, {"end_fid": 885, "subject_tid": 4, "predicate": "move_right", "begin_fid": 855, "object_tid": 3}, {"end_fid": 885, "subject_tid": 3, "predicate": "move_toward", "begin_fid": 855, "object_tid": 5}, {"end_fid": 885, "subject_tid": 3, "predicate": "move_left", "begin_fid": 855, "object_tid": 5}, {"end_fid": 885, "subject_tid": 5, "predicate": "move_toward", "begin_fid": 855, "object_tid": 3}, {"end_fid": 885, "subject_tid": 5, "predicate": "move_right", "begin_fid": 855, "object_tid": 3}, {"end_fid": 885, "subject_tid": 3, "predicate": "move_right", "begin_fid": 855, "object_tid": 6}, {"end_fid": 885, "subject_tid": 6, "predicate": "move_left", "begin_fid": 855, "object_tid": 3}, {"end_fid": 885, "subject_tid": 6, "predicate": "follow", "begin_fid": 855, "object_tid": 3}, {"end_fid": 885, "subject_tid": 4, "predicate": "move_left", "begin_fid": 855, "object_tid": 5}, {"end_fid": 885, "subject_tid": 5, "predicate": "move_right", "begin_fid": 855, "object_tid": 4}, {"end_fid": 885, "subject_tid": 5, "predicate": "follow", "begin_fid": 855, "object_tid": 4}, {"end_fid": 885, "subject_tid": 4, "predicate": "move_right", "begin_fid": 855, "object_tid": 6}, {"end_fid": 885, "subject_tid": 4, "predicate": "move_toward", "begin_fid": 855, "object_tid": 6}, {"end_fid": 885, "subject_tid": 6, "predicate": "move_toward", "begin_fid": 855, "object_tid": 4}, {"end_fid": 885, "subject_tid": 6, "predicate": "move_left", "begin_fid": 855, "object_tid": 4}, {"end_fid": 885, "subject_tid": 5, "predicate": "move_right", "begin_fid": 855, "object_tid": 6}, {"end_fid": 885, "subject_tid": 5, "predicate": "move_toward", "begin_fid": 855, "object_tid": 6}, {"end_fid": 885, "subject_tid": 6, "predicate": "move_toward", "begin_fid": 855, "object_tid": 5}, {"end_fid": 885, "subject_tid": 6, "predicate": "move_left", "begin_fid": 855, "object_tid": 5}], "height": 348}