{"width": 480, "frame_count": 500, "video_id": "ILSVRC2015_train_00669001", "fps": 15, "trajectories": [[], [], [], [], [], [], [], [], [], [], [], [], [], [], [], [], [], [], [], [], [], [], [], [], [], [], [], [], [], [], [], [], [], [], [], [], [], [], [], [], [], [], [], [], [], [], [], [], [], [], [], [], [], [], [], [], [], [], [], [], [], [], [], [], [], [], [], [], [], [], [], [], [], [], [], [], [], [], [], [], [], [], [], [], [], [], [], [], [], [], [], [], [], [], [], [], [], [], [], [], [], [], [], [], [], [], [], [], [], [], [], [], [], [], [], [], [], [], [], [], [], [], [], [], [], [], [], [], [], [], [], [], [], [], [], [], [], [], [], [], [], [], [], [], [], [], [], [], [], [], [], [], [], [], [], [], [], [], [], [], [], [], [], [], [], [], [], [], [], [], [], [], [], [], [], [], [], [], [], [], [], [], [], [], [], [], [], [], [], [], [], [], [], [], [], [{"tid": 0, "generated": 0, "bbox": {"xmin": 31, "ymin": 122, "ymax": 268, "xmax": 219}}, {"tid": 1, "generated": 0, "bbox": {"xmin": 144, "ymin": 116, "ymax": 351, "xmax": 314}}], [{"tid": 0, "generated": 0, "bbox": {"xmin": 52, "ymin": 124, "ymax": 261, "xmax": 223}}, {"tid": 1, "generated": 0, "bbox": {"xmin": 142, "ymin": 118, "ymax": 314, "xmax": 314}}], [{"tid": 0, "generated": 0, "bbox": {"xmin": 66, "ymin": 117, "ymax": 254, "xmax": 236}}, {"tid": 1, "generated": 0, "bbox": {"xmin": 139, "ymin": 126, "ymax": 287, "xmax": 326}}], [{"tid": 0, "generated": 0, "bbox": {"xmin": 74, "ymin": 115, "ymax": 262, "xmax": 240}}, {"tid": 1, "generated": 0, "bbox": {"xmin": 128, "ymin": 127, "ymax": 292, "xmax": 332}}], [{"tid": 0, "generated": 0, "bbox": {"xmin": 74, "ymin": 110, "ymax": 260, "xmax": 241}}, {"tid": 1, "generated": 0, "bbox": {"xmin": 115, "ymin": 124, "ymax": 306, "xmax": 330}}], [{"tid": 0, "generated": 0, "bbox": {"xmin": 75, "ymin": 106, "ymax": 263, "xmax": 243}}, {"tid": 1, "generated": 0, "bbox": {"xmin": 100, "ymin": 121, "ymax": 324, "xmax": 332}}], [{"tid": 0, "generated": 0, "bbox": {"xmin": 82, "ymin": 101, "ymax": 263, "xmax": 254}}, {"tid": 1, "generated": 0, "bbox": {"xmin": 170, "ymin": 122, "ymax": 346, "xmax": 336}}], [{"tid": 0, "generated": 0, "bbox": {"xmin": 85, "ymin": 101, "ymax": 268, "xmax": 258}}, {"tid": 1, "generated": 0, "bbox": {"xmin": 176, "ymin": 124, "ymax": 346, "xmax": 342}}], [{"tid": 0, "generated": 0, "bbox": {"xmin": 86, "ymin": 104, "ymax": 273, "xmax": 268}}, {"tid": 1, "generated": 0, "bbox": {"xmin": 182, "ymin": 129, "ymax": 354, "xmax": 350}}], [{"tid": 0, "generated": 0, "bbox": {"xmin": 88, "ymin": 108, "ymax": 272, "xmax": 279}}, {"tid": 1, "generated": 0, "bbox": {"xmin": 188, "ymin": 132, "ymax": 356, "xmax": 357}}], [{"tid": 0, "generated": 0, "bbox": {"xmin": 87, "ymin": 115, "ymax": 272, "xmax": 288}}, {"tid": 1, "generated": 0, "bbox": {"xmin": 194, "ymin": 133, "ymax": 359, "xmax": 359}}], [{"tid": 0, "generated": 0, "bbox": {"xmin": 90, "ymin": 118, "ymax": 287, "xmax": 296}}, {"tid": 1, "generated": 0, "bbox": {"xmin": 200, "ymin": 134, "ymax": 359, "xmax": 361}}], [{"tid": 0, "generated": 0, "bbox": {"xmin": 92, "ymin": 121, "ymax": 292, "xmax": 305}}, {"tid": 1, "generated": 0, "bbox": {"xmin": 207, "ymin": 137, "ymax": 359, "xmax": 369}}], [{"tid": 0, "generated": 0, "bbox": {"xmin": 97, "ymin": 124, "ymax": 299, "xmax": 319}}, {"tid": 1, "generated": 0, "bbox": {"xmin": 214, "ymin": 140, "ymax": 358, "xmax": 377}}], [{"tid": 0, "generated": 0, "bbox": {"xmin": 100, "ymin": 123, "ymax": 299, "xmax": 328}}, {"tid": 1, "generated": 0, "bbox": {"xmin": 222, "ymin": 142, "ymax": 358, "xmax": 380}}], [{"tid": 0, "generated": 0, "bbox": {"xmin": 102, "ymin": 118, "ymax": 296, "xmax": 324}}, {"tid": 1, "generated": 0, "bbox": {"xmin": 226, "ymin": 142, "ymax": 359, "xmax": 386}}], [{"tid": 0, "generated": 0, "bbox": {"xmin": 101, "ymin": 126, "ymax": 293, "xmax": 328}}, {"tid": 1, "generated": 0, "bbox": {"xmin": 228, "ymin": 140, "ymax": 356, "xmax": 389}}], [{"tid": 0, "generated": 0, "bbox": {"xmin": 97, "ymin": 122, "ymax": 287, "xmax": 327}}, {"tid": 1, "generated": 0, "bbox": {"xmin": 230, "ymin": 137, "ymax": 356, "xmax": 390}}], [{"tid": 0, "generated": 0, "bbox": {"xmin": 88, "ymin": 122, "ymax": 286, "xmax": 317}}, {"tid": 1, "generated": 0, "bbox": {"xmin": 226, "ymin": 135, "ymax": 353, "xmax": 384}}], [{"tid": 0, "generated": 0, "bbox": {"xmin": 75, "ymin": 122, "ymax": 283, "xmax": 306}}, {"tid": 1, "generated": 0, "bbox": {"xmin": 223, "ymin": 133, "ymax": 351, "xmax": 378}}], [{"tid": 0, "generated": 0, "bbox": {"xmin": 63, "ymin": 126, "ymax": 280, "xmax": 299}}, {"tid": 1, "generated": 0, "bbox": {"xmin": 218, "ymin": 130, "ymax": 350, "xmax": 371}}], [{"tid": 0, "generated": 0, "bbox": {"xmin": 53, "ymin": 136, "ymax": 276, "xmax": 290}}, {"tid": 1, "generated": 0, "bbox": {"xmin": 216, "ymin": 124, "ymax": 346, "xmax": 364}}], [{"tid": 0, "generated": 0, "bbox": {"xmin": 48, "ymin": 132, "ymax": 277, "xmax": 278}}, {"tid": 1, "generated": 0, "bbox": {"xmin": 212, "ymin": 120, "ymax": 346, "xmax": 354}}], [{"tid": 0, "generated": 0, "bbox": {"xmin": 46, "ymin": 128, "ymax": 281, "xmax": 274}}, {"tid": 1, "generated": 0, "bbox": {"xmin": 209, "ymin": 119, "ymax": 348, "xmax": 349}}], [{"tid": 0, "generated": 0, "bbox": {"xmin": 45, "ymin": 124, "ymax": 284, "xmax": 260}}, {"tid": 1, "generated": 0, "bbox": {"xmin": 207, "ymin": 118, "ymax": 350, "xmax": 344}}], [{"tid": 0, "generated": 0, "bbox": {"xmin": 44, "ymin": 122, "ymax": 286, "xmax": 249}}, {"tid": 1, "generated": 0, "bbox": {"xmin": 205, "ymin": 118, "ymax": 352, "xmax": 340}}], [{"tid": 0, "generated": 0, "bbox": {"xmin": 4, "ymin": 138, "ymax": 290, "xmax": 235}}, {"tid": 1, "generated": 0, "bbox": {"xmin": 207, "ymin": 116, "ymax": 354, "xmax": 330}}], [{"tid": 0, "generated": 0, "bbox": {"xmin": 0, "ymin": 145, "ymax": 296, "xmax": 221}}, {"tid": 1, "generated": 0, "bbox": {"xmin": 206, "ymin": 114, "ymax": 359, "xmax": 321}}], [{"tid": 0, "generated": 0, "bbox": {"xmin": 0, "ymin": 151, "ymax": 298, "xmax": 200}}, {"tid": 1, "generated": 0, "bbox": {"xmin": 184, "ymin": 108, "ymax": 358, "xmax": 310}}], [{"tid": 0, "generated": 0, "bbox": {"xmin": 0, "ymin": 163, "ymax": 287, "xmax": 187}}, {"tid": 1, "generated": 0, "bbox": {"xmin": 133, "ymin": 104, "ymax": 358, "xmax": 305}}], [{"tid": 0, "generated": 0, "bbox": {"xmin": 0, "ymin": 164, "ymax": 300, "xmax": 153}}, {"tid": 1, "generated": 0, "bbox": {"xmin": 108, "ymin": 107, "ymax": 358, "xmax": 296}}], [{"tid": 0, "generated": 0, "bbox": {"xmin": 0, "ymin": 165, "ymax": 290, "xmax": 140}}, {"tid": 1, "generated": 0, "bbox": {"xmin": 85, "ymin": 120, "ymax": 358, "xmax": 300}}], [{"tid": 0, "generated": 0, "bbox": {"xmin": 0, "ymin": 172, "ymax": 277, "xmax": 97}}, {"tid": 1, "generated": 0, "bbox": {"xmin": 94, "ymin": 154, "ymax": 358, "xmax": 304}}], [{"tid": 0, "generated": 0, "bbox": {"xmin": 0, "ymin": 176, "ymax": 276, "xmax": 103}}, {"tid": 1, "generated": 0, "bbox": {"xmin": 86, "ymin": 196, "ymax": 353, "xmax": 303}}], [{"tid": 0, "generated": 0, "bbox": {"xmin": 0, "ymin": 174, "ymax": 281, "xmax": 107}}, {"tid": 1, "generated": 0, "bbox": {"xmin": 100, "ymin": 220, "ymax": 326, "xmax": 308}}], [{"tid": 0, "generated": 0, "bbox": {"xmin": 0, "ymin": 170, "ymax": 284, "xmax": 130}}, {"tid": 1, "generated": 0, "bbox": {"xmin": 110, "ymin": 213, "ymax": 306, "xmax": 308}}], [{"tid": 0, "generated": 0, "bbox": {"xmin": 0, "ymin": 164, "ymax": 275, "xmax": 160}}, {"tid": 1, "generated": 0, "bbox": {"xmin": 135, "ymin": 201, "ymax": 292, "xmax": 314}}], [{"tid": 0, "generated": 0, "bbox": {"xmin": 0, "ymin": 156, "ymax": 284, "xmax": 186}}, {"tid": 1, "generated": 0, "bbox": {"xmin": 175, "ymin": 186, "ymax": 289, "xmax": 334}}], [{"tid": 0, "generated": 0, "bbox": {"xmin": 0, "ymin": 146, "ymax": 285, "xmax": 218}}, {"tid": 1, "generated": 0, "bbox": {"xmin": 194, "ymin": 178, "ymax": 288, "xmax": 371}}], [{"tid": 0, "generated": 0, "bbox": {"xmin": 5, "ymin": 132, "ymax": 287, "xmax": 235}}, {"tid": 1, "generated": 0, "bbox": {"xmin": 218, "ymin": 172, "ymax": 296, "xmax": 395}}], [{"tid": 0, "generated": 0, "bbox": {"xmin": 23, "ymin": 120, "ymax": 312, "xmax": 268}}, {"tid": 1, "generated": 0, "bbox": {"xmin": 236, "ymin": 171, "ymax": 326, "xmax": 425}}], [{"tid": 0, "generated": 0, "bbox": {"xmin": 42, "ymin": 110, "ymax": 348, "xmax": 292}}, {"tid": 1, "generated": 0, "bbox": {"xmin": 246, "ymin": 172, "ymax": 329, "xmax": 455}}], [{"tid": 0, "generated": 0, "bbox": {"xmin": 52, "ymin": 87, "ymax": 347, "xmax": 245}}, {"tid": 1, "generated": 0, "bbox": {"xmin": 266, "ymin": 175, "ymax": 328, "xmax": 478}}], [{"tid": 0, "generated": 0, "bbox": {"xmin": 53, "ymin": 72, "ymax": 345, "xmax": 230}}, {"tid": 1, "generated": 0, "bbox": {"xmin": 295, "ymin": 170, "ymax": 329, "xmax": 479}}], [{"tid": 0, "generated": 0, "bbox": {"xmin": 57, "ymin": 63, "ymax": 346, "xmax": 232}}, {"tid": 1, "generated": 0, "bbox": {"xmin": 312, "ymin": 164, "ymax": 330, "xmax": 479}}], [{"tid": 0, "generated": 0, "bbox": {"xmin": 62, "ymin": 64, "ymax": 344, "xmax": 246}}, {"tid": 1, "generated": 0, "bbox": {"xmin": 326, "ymin": 132, "ymax": 335, "xmax": 478}}], [{"tid": 0, "generated": 0, "bbox": {"xmin": 65, "ymin": 66, "ymax": 343, "xmax": 251}}, {"tid": 1, "generated": 0, "bbox": {"xmin": 337, "ymin": 123, "ymax": 332, "xmax": 478}}], [{"tid": 0, "generated": 0, "bbox": {"xmin": 60, "ymin": 62, "ymax": 340, "xmax": 246}}, {"tid": 1, "generated": 0, "bbox": {"xmin": 340, "ymin": 111, "ymax": 330, "xmax": 479}}], [{"tid": 0, "generated": 0, "bbox": {"xmin": 52, "ymin": 64, "ymax": 355, "xmax": 239}}, {"tid": 1, "generated": 0, "bbox": {"xmin": 342, "ymin": 97, "ymax": 319, "xmax": 479}}], [{"tid": 0, "generated": 0, "bbox": {"xmin": 36, "ymin": 88, "ymax": 356, "xmax": 233}}, {"tid": 1, "generated": 0, "bbox": {"xmin": 326, "ymin": 83, "ymax": 308, "xmax": 479}}], [{"tid": 0, "generated": 0, "bbox": {"xmin": 21, "ymin": 100, "ymax": 354, "xmax": 234}}, {"tid": 1, "generated": 0, "bbox": {"xmin": 317, "ymin": 62, "ymax": 297, "xmax": 479}}], [{"tid": 0, "generated": 0, "bbox": {"xmin": 15, "ymin": 110, "ymax": 353, "xmax": 227}}, {"tid": 1, "generated": 0, "bbox": {"xmin": 291, "ymin": 52, "ymax": 234, "xmax": 479}}], [{"tid": 0, "generated": 0, "bbox": {"xmin": 12, "ymin": 112, "ymax": 355, "xmax": 225}}, {"tid": 1, "generated": 0, "bbox": {"xmin": 246, "ymin": 60, "ymax": 232, "xmax": 479}}], [{"tid": 0, "generated": 0, "bbox": {"xmin": 18, "ymin": 110, "ymax": 352, "xmax": 236}}, {"tid": 1, "generated": 0, "bbox": {"xmin": 249, "ymin": 82, "ymax": 235, "xmax": 478}}], [{"tid": 0, "generated": 0, "bbox": {"xmin": 28, "ymin": 107, "ymax": 354, "xmax": 248}}, {"tid": 1, "generated": 0, "bbox": {"xmin": 267, "ymin": 110, "ymax": 244, "xmax": 478}}], [{"tid": 0, "generated": 0, "bbox": {"xmin": 42, "ymin": 102, "ymax": 352, "xmax": 263}}, {"tid": 1, "generated": 0, "bbox": {"xmin": 272, "ymin": 137, "ymax": 250, "xmax": 479}}], [{"tid": 0, "generated": 0, "bbox": {"xmin": 70, "ymin": 97, "ymax": 344, "xmax": 281}}, {"tid": 1, "generated": 0, "bbox": {"xmin": 296, "ymin": 140, "ymax": 246, "xmax": 479}}], [{"tid": 0, "generated": 0, "bbox": {"xmin": 93, "ymin": 98, "ymax": 345, "xmax": 290}}, {"tid": 1, "generated": 0, "bbox": {"xmin": 318, "ymin": 138, "ymax": 242, "xmax": 479}}], [{"tid": 0, "generated": 0, "bbox": {"xmin": 100, "ymin": 101, "ymax": 346, "xmax": 301}}, {"tid": 1, "generated": 0, "bbox": {"xmin": 332, "ymin": 129, "ymax": 243, "xmax": 479}}], [{"tid": 0, "generated": 0, "bbox": {"xmin": 114, "ymin": 106, "ymax": 345, "xmax": 318}}, {"tid": 1, "generated": 0, "bbox": {"xmin": 346, "ymin": 120, "ymax": 238, "xmax": 479}}], [{"tid": 0, "generated": 0, "bbox": {"xmin": 120, "ymin": 105, "ymax": 345, "xmax": 321}}, {"tid": 1, "generated": 0, "bbox": {"xmin": 352, "ymin": 113, "ymax": 239, "xmax": 479}}], [{"tid": 0, "generated": 0, "bbox": {"xmin": 116, "ymin": 101, "ymax": 342, "xmax": 312}}, {"tid": 1, "generated": 0, "bbox": {"xmin": 344, "ymin": 104, "ymax": 234, "xmax": 479}}], [{"tid": 0, "generated": 0, "bbox": {"xmin": 125, "ymin": 96, "ymax": 337, "xmax": 315}}, {"tid": 1, "generated": 0, "bbox": {"xmin": 340, "ymin": 94, "ymax": 228, "xmax": 479}}], [{"tid": 0, "generated": 0, "bbox": {"xmin": 125, "ymin": 104, "ymax": 343, "xmax": 314}}, {"tid": 1, "generated": 0, "bbox": {"xmin": 330, "ymin": 100, "ymax": 235, "xmax": 479}}], [{"tid": 0, "generated": 0, "bbox": {"xmin": 112, "ymin": 102, "ymax": 338, "xmax": 304}}, {"tid": 1, "generated": 0, "bbox": {"xmin": 320, "ymin": 94, "ymax": 229, "xmax": 479}}], [{"tid": 0, "generated": 0, "bbox": {"xmin": 119, "ymin": 97, "ymax": 334, "xmax": 306}}, {"tid": 1, "generated": 0, "bbox": {"xmin": 328, "ymin": 85, "ymax": 226, "xmax": 479}}], [{"tid": 0, "generated": 0, "bbox": {"xmin": 122, "ymin": 99, "ymax": 328, "xmax": 304}}, {"tid": 1, "generated": 0, "bbox": {"xmin": 329, "ymin": 84, "ymax": 218, "xmax": 478}}], [{"tid": 0, "generated": 0, "bbox": {"xmin": 144, "ymin": 92, "ymax": 319, "xmax": 320}}, {"tid": 1, "generated": 0, "bbox": {"xmin": 336, "ymin": 72, "ymax": 210, "xmax": 479}}], [{"tid": 0, "generated": 0, "bbox": {"xmin": 158, "ymin": 94, "ymax": 321, "xmax": 335}}, {"tid": 1, "generated": 0, "bbox": {"xmin": 344, "ymin": 73, "ymax": 214, "xmax": 479}}], [{"tid": 0, "generated": 0, "bbox": {"xmin": 166, "ymin": 108, "ymax": 334, "xmax": 342}}, {"tid": 1, "generated": 0, "bbox": {"xmin": 344, "ymin": 83, "ymax": 226, "xmax": 479}}], [{"tid": 0, "generated": 0, "bbox": {"xmin": 174, "ymin": 112, "ymax": 338, "xmax": 351}}, {"tid": 1, "generated": 0, "bbox": {"xmin": 346, "ymin": 86, "ymax": 232, "xmax": 479}}], [{"tid": 0, "generated": 0, "bbox": {"xmin": 178, "ymin": 116, "ymax": 335, "xmax": 354}}, {"tid": 1, "generated": 0, "bbox": {"xmin": 344, "ymin": 86, "ymax": 226, "xmax": 479}}], [{"tid": 0, "generated": 0, "bbox": {"xmin": 178, "ymin": 112, "ymax": 329, "xmax": 350}}, {"tid": 1, "generated": 0, "bbox": {"xmin": 338, "ymin": 78, "ymax": 222, "xmax": 479}}], [{"tid": 0, "generated": 0, "bbox": {"xmin": 176, "ymin": 119, "ymax": 328, "xmax": 349}}, {"tid": 1, "generated": 0, "bbox": {"xmin": 333, "ymin": 82, "ymax": 224, "xmax": 479}}], [{"tid": 0, "generated": 0, "bbox": {"xmin": 180, "ymin": 128, "ymax": 332, "xmax": 348}}, {"tid": 1, "generated": 0, "bbox": {"xmin": 328, "ymin": 86, "ymax": 227, "xmax": 479}}], [{"tid": 0, "generated": 0, "bbox": {"xmin": 186, "ymin": 133, "ymax": 329, "xmax": 350}}, {"tid": 1, "generated": 0, "bbox": {"xmin": 323, "ymin": 86, "ymax": 225, "xmax": 479}}], [{"tid": 0, "generated": 0, "bbox": {"xmin": 189, "ymin": 140, "ymax": 330, "xmax": 342}}, {"tid": 1, "generated": 0, "bbox": {"xmin": 319, "ymin": 88, "ymax": 220, "xmax": 479}}], [{"tid": 0, "generated": 0, "bbox": {"xmin": 189, "ymin": 148, "ymax": 323, "xmax": 341}}, {"tid": 1, "generated": 0, "bbox": {"xmin": 320, "ymin": 84, "ymax": 211, "xmax": 479}}], [{"tid": 0, "generated": 0, "bbox": {"xmin": 186, "ymin": 159, "ymax": 318, "xmax": 339}}, {"tid": 1, "generated": 0, "bbox": {"xmin": 317, "ymin": 85, "ymax": 208, "xmax": 478}}], [{"tid": 0, "generated": 0, "bbox": {"xmin": 179, "ymin": 169, "ymax": 322, "xmax": 328}}, {"tid": 1, "generated": 0, "bbox": {"xmin": 308, "ymin": 88, "ymax": 205, "xmax": 479}}], [{"tid": 0, "generated": 0, "bbox": {"xmin": 175, "ymin": 166, "ymax": 322, "xmax": 329}}, {"tid": 1, "generated": 0, "bbox": {"xmin": 302, "ymin": 85, "ymax": 202, "xmax": 478}}], [{"tid": 0, "generated": 0, "bbox": {"xmin": 166, "ymin": 162, "ymax": 318, "xmax": 322}}, {"tid": 1, "generated": 0, "bbox": {"xmin": 301, "ymin": 80, "ymax": 197, "xmax": 478}}], [{"tid": 0, "generated": 0, "bbox": {"xmin": 156, "ymin": 159, "ymax": 315, "xmax": 311}}, {"tid": 1, "generated": 0, "bbox": {"xmin": 297, "ymin": 76, "ymax": 191, "xmax": 479}}], [{"tid": 0, "generated": 0, "bbox": {"xmin": 141, "ymin": 159, "ymax": 316, "xmax": 297}}, {"tid": 1, "generated": 0, "bbox": {"xmin": 285, "ymin": 77, "ymax": 190, "xmax": 479}}], [{"tid": 0, "generated": 0, "bbox": {"xmin": 130, "ymin": 155, "ymax": 313, "xmax": 288}}, {"tid": 1, "generated": 0, "bbox": {"xmin": 276, "ymin": 74, "ymax": 192, "xmax": 479}}], [{"tid": 0, "generated": 0, "bbox": {"xmin": 120, "ymin": 151, "ymax": 310, "xmax": 278}}, {"tid": 1, "generated": 0, "bbox": {"xmin": 267, "ymin": 70, "ymax": 191, "xmax": 478}}], [{"tid": 0, "generated": 0, "bbox": {"xmin": 106, "ymin": 154, "ymax": 312, "xmax": 262}}, {"tid": 1, "generated": 0, "bbox": {"xmin": 263, "ymin": 72, "ymax": 192, "xmax": 467}}], [{"tid": 0, "generated": 0, "bbox": {"xmin": 98, "ymin": 148, "ymax": 306, "xmax": 253}}, {"tid": 1, "generated": 0, "bbox": {"xmin": 260, "ymin": 68, "ymax": 188, "xmax": 457}}], [{"tid": 0, "generated": 0, "bbox": {"xmin": 88, "ymin": 140, "ymax": 298, "xmax": 247}}, {"tid": 1, "generated": 0, "bbox": {"xmin": 250, "ymin": 56, "ymax": 180, "xmax": 445}}], [{"tid": 0, "generated": 0, "bbox": {"xmin": 78, "ymin": 136, "ymax": 290, "xmax": 240}}, {"tid": 1, "generated": 0, "bbox": {"xmin": 241, "ymin": 49, "ymax": 172, "xmax": 435}}], [{"tid": 0, "generated": 0, "bbox": {"xmin": 68, "ymin": 134, "ymax": 287, "xmax": 230}}, {"tid": 1, "generated": 0, "bbox": {"xmin": 240, "ymin": 47, "ymax": 169, "xmax": 423}}], [{"tid": 0, "generated": 0, "bbox": {"xmin": 62, "ymin": 134, "ymax": 285, "xmax": 224}}, {"tid": 1, "generated": 0, "bbox": {"xmin": 235, "ymin": 44, "ymax": 170, "xmax": 416}}], [{"tid": 0, "generated": 0, "bbox": {"xmin": 60, "ymin": 134, "ymax": 286, "xmax": 221}}, {"tid": 1, "generated": 0, "bbox": {"xmin": 236, "ymin": 42, "ymax": 171, "xmax": 414}}], [{"tid": 0, "generated": 0, "bbox": {"xmin": 59, "ymin": 136, "ymax": 290, "xmax": 223}}, {"tid": 1, "generated": 0, "bbox": {"xmin": 236, "ymin": 44, "ymax": 173, "xmax": 414}}], [{"tid": 0, "generated": 0, "bbox": {"xmin": 57, "ymin": 143, "ymax": 295, "xmax": 221}}, {"tid": 1, "generated": 0, "bbox": {"xmin": 235, "ymin": 48, "ymax": 177, "xmax": 412}}], [{"tid": 0, "generated": 0, "bbox": {"xmin": 56, "ymin": 150, "ymax": 302, "xmax": 222}}, {"tid": 1, "generated": 0, "bbox": {"xmin": 234, "ymin": 52, "ymax": 181, "xmax": 411}}], [{"tid": 0, "generated": 0, "bbox": {"xmin": 55, "ymin": 151, "ymax": 302, "xmax": 220}}, {"tid": 1, "generated": 0, "bbox": {"xmin": 237, "ymin": 51, "ymax": 181, "xmax": 410}}], [{"tid": 0, "generated": 0, "bbox": {"xmin": 54, "ymin": 150, "ymax": 300, "xmax": 218}}, {"tid": 1, "generated": 0, "bbox": {"xmin": 238, "ymin": 49, "ymax": 182, "xmax": 410}}], [{"tid": 0, "generated": 0, "bbox": {"xmin": 56, "ymin": 150, "ymax": 301, "xmax": 217}}, {"tid": 1, "generated": 0, "bbox": {"xmin": 238, "ymin": 49, "ymax": 183, "xmax": 410}}], [{"tid": 0, "generated": 0, "bbox": {"xmin": 55, "ymin": 151, "ymax": 302, "xmax": 218}}, {"tid": 1, "generated": 0, "bbox": {"xmin": 238, "ymin": 50, "ymax": 183, "xmax": 410}}], [{"tid": 0, "generated": 0, "bbox": {"xmin": 58, "ymin": 150, "ymax": 300, "xmax": 218}}, {"tid": 1, "generated": 0, "bbox": {"xmin": 238, "ymin": 51, "ymax": 184, "xmax": 410}}], [{"tid": 0, "generated": 0, "bbox": {"xmin": 59, "ymin": 150, "ymax": 299, "xmax": 218}}, {"tid": 1, "generated": 0, "bbox": {"xmin": 239, "ymin": 52, "ymax": 184, "xmax": 410}}], [{"tid": 0, "generated": 0, "bbox": {"xmin": 62, "ymin": 152, "ymax": 302, "xmax": 218}}, {"tid": 1, "generated": 0, "bbox": {"xmin": 240, "ymin": 55, "ymax": 186, "xmax": 411}}], [{"tid": 0, "generated": 0, "bbox": {"xmin": 67, "ymin": 158, "ymax": 307, "xmax": 220}}, {"tid": 1, "generated": 0, "bbox": {"xmin": 241, "ymin": 59, "ymax": 188, "xmax": 412}}], [{"tid": 0, "generated": 0, "bbox": {"xmin": 69, "ymin": 162, "ymax": 311, "xmax": 218}}, {"tid": 1, "generated": 0, "bbox": {"xmin": 242, "ymin": 63, "ymax": 190, "xmax": 413}}], [{"tid": 0, "generated": 0, "bbox": {"xmin": 71, "ymin": 166, "ymax": 316, "xmax": 217}}, {"tid": 1, "generated": 0, "bbox": {"xmin": 244, "ymin": 67, "ymax": 192, "xmax": 415}}], [{"tid": 0, "generated": 0, "bbox": {"xmin": 71, "ymin": 171, "ymax": 318, "xmax": 223}}, {"tid": 1, "generated": 0, "bbox": {"xmin": 243, "ymin": 73, "ymax": 192, "xmax": 414}}], [{"tid": 0, "generated": 0, "bbox": {"xmin": 70, "ymin": 171, "ymax": 320, "xmax": 227}}, {"tid": 1, "generated": 0, "bbox": {"xmin": 242, "ymin": 74, "ymax": 194, "xmax": 413}}], [{"tid": 0, "generated": 0, "bbox": {"xmin": 70, "ymin": 166, "ymax": 320, "xmax": 232}}, {"tid": 1, "generated": 0, "bbox": {"xmin": 240, "ymin": 74, "ymax": 195, "xmax": 411}}], [{"tid": 0, "generated": 0, "bbox": {"xmin": 73, "ymin": 159, "ymax": 320, "xmax": 234}}, {"tid": 1, "generated": 0, "bbox": {"xmin": 237, "ymin": 75, "ymax": 192, "xmax": 410}}], [{"tid": 0, "generated": 0, "bbox": {"xmin": 82, "ymin": 158, "ymax": 320, "xmax": 234}}, {"tid": 1, "generated": 0, "bbox": {"xmin": 234, "ymin": 75, "ymax": 192, "xmax": 408}}], [{"tid": 0, "generated": 0, "bbox": {"xmin": 93, "ymin": 162, "ymax": 320, "xmax": 239}}, {"tid": 1, "generated": 0, "bbox": {"xmin": 232, "ymin": 76, "ymax": 193, "xmax": 407}}], [{"tid": 0, "generated": 0, "bbox": {"xmin": 100, "ymin": 160, "ymax": 320, "xmax": 247}}, {"tid": 1, "generated": 0, "bbox": {"xmin": 228, "ymin": 78, "ymax": 192, "xmax": 404}}], [{"tid": 0, "generated": 0, "bbox": {"xmin": 107, "ymin": 158, "ymax": 316, "xmax": 266}}, {"tid": 1, "generated": 0, "bbox": {"xmin": 225, "ymin": 77, "ymax": 192, "xmax": 401}}], [{"tid": 0, "generated": 0, "bbox": {"xmin": 113, "ymin": 160, "ymax": 316, "xmax": 270}}, {"tid": 1, "generated": 0, "bbox": {"xmin": 222, "ymin": 77, "ymax": 192, "xmax": 398}}], [{"tid": 0, "generated": 0, "bbox": {"xmin": 117, "ymin": 164, "ymax": 316, "xmax": 268}}, {"tid": 1, "generated": 0, "bbox": {"xmin": 219, "ymin": 77, "ymax": 192, "xmax": 396}}], [{"tid": 0, "generated": 0, "bbox": {"xmin": 114, "ymin": 173, "ymax": 315, "xmax": 267}}, {"tid": 1, "generated": 0, "bbox": {"xmin": 218, "ymin": 81, "ymax": 192, "xmax": 393}}], [{"tid": 0, "generated": 0, "bbox": {"xmin": 113, "ymin": 176, "ymax": 312, "xmax": 272}}, {"tid": 1, "generated": 0, "bbox": {"xmin": 218, "ymin": 82, "ymax": 194, "xmax": 394}}], [{"tid": 0, "generated": 0, "bbox": {"xmin": 115, "ymin": 178, "ymax": 312, "xmax": 276}}, {"tid": 1, "generated": 0, "bbox": {"xmin": 222, "ymin": 83, "ymax": 196, "xmax": 396}}], [{"tid": 0, "generated": 0, "bbox": {"xmin": 119, "ymin": 179, "ymax": 312, "xmax": 287}}, {"tid": 1, "generated": 0, "bbox": {"xmin": 224, "ymin": 80, "ymax": 198, "xmax": 398}}], [{"tid": 0, "generated": 0, "bbox": {"xmin": 120, "ymin": 180, "ymax": 317, "xmax": 286}}, {"tid": 1, "generated": 0, "bbox": {"xmin": 227, "ymin": 78, "ymax": 200, "xmax": 398}}], [{"tid": 0, "generated": 0, "bbox": {"xmin": 122, "ymin": 178, "ymax": 320, "xmax": 292}}, {"tid": 1, "generated": 0, "bbox": {"xmin": 234, "ymin": 69, "ymax": 200, "xmax": 393}}], [{"tid": 0, "generated": 0, "bbox": {"xmin": 121, "ymin": 178, "ymax": 326, "xmax": 295}}, {"tid": 1, "generated": 0, "bbox": {"xmin": 242, "ymin": 57, "ymax": 201, "xmax": 364}}], [{"tid": 0, "generated": 0, "bbox": {"xmin": 118, "ymin": 181, "ymax": 328, "xmax": 291}}, {"tid": 1, "generated": 0, "bbox": {"xmin": 246, "ymin": 49, "ymax": 204, "xmax": 372}}], [{"tid": 0, "generated": 0, "bbox": {"xmin": 115, "ymin": 183, "ymax": 332, "xmax": 286}}, {"tid": 1, "generated": 0, "bbox": {"xmin": 252, "ymin": 47, "ymax": 213, "xmax": 384}}], [{"tid": 0, "generated": 0, "bbox": {"xmin": 112, "ymin": 187, "ymax": 336, "xmax": 278}}, {"tid": 1, "generated": 0, "bbox": {"xmin": 246, "ymin": 61, "ymax": 214, "xmax": 412}}], [{"tid": 0, "generated": 0, "bbox": {"xmin": 113, "ymin": 192, "ymax": 338, "xmax": 268}}, {"tid": 1, "generated": 0, "bbox": {"xmin": 242, "ymin": 80, "ymax": 226, "xmax": 435}}], [{"tid": 0, "generated": 0, "bbox": {"xmin": 110, "ymin": 196, "ymax": 341, "xmax": 264}}, {"tid": 1, "generated": 0, "bbox": {"xmin": 227, "ymin": 122, "ymax": 267, "xmax": 443}}], [{"tid": 0, "generated": 0, "bbox": {"xmin": 106, "ymin": 196, "ymax": 340, "xmax": 263}}, {"tid": 1, "generated": 0, "bbox": {"xmin": 198, "ymin": 124, "ymax": 298, "xmax": 445}}], [{"tid": 0, "generated": 0, "bbox": {"xmin": 103, "ymin": 196, "ymax": 340, "xmax": 264}}, {"tid": 1, "generated": 0, "bbox": {"xmin": 194, "ymin": 111, "ymax": 314, "xmax": 468}}], [{"tid": 0, "generated": 0, "bbox": {"xmin": 99, "ymin": 190, "ymax": 336, "xmax": 264}}, {"tid": 1, "generated": 0, "bbox": {"xmin": 175, "ymin": 118, "ymax": 308, "xmax": 460}}], [{"tid": 0, "generated": 0, "bbox": {"xmin": 95, "ymin": 185, "ymax": 333, "xmax": 264}}, {"tid": 1, "generated": 0, "bbox": {"xmin": 170, "ymin": 118, "ymax": 305, "xmax": 450}}], [{"tid": 0, "generated": 0, "bbox": {"xmin": 92, "ymin": 180, "ymax": 330, "xmax": 265}}, {"tid": 1, "generated": 0, "bbox": {"xmin": 170, "ymin": 110, "ymax": 282, "xmax": 455}}], [{"tid": 0, "generated": 0, "bbox": {"xmin": 90, "ymin": 174, "ymax": 324, "xmax": 266}}, {"tid": 1, "generated": 0, "bbox": {"xmin": 170, "ymin": 102, "ymax": 274, "xmax": 448}}], [{"tid": 0, "generated": 0, "bbox": {"xmin": 88, "ymin": 168, "ymax": 320, "xmax": 267}}, {"tid": 1, "generated": 0, "bbox": {"xmin": 170, "ymin": 98, "ymax": 268, "xmax": 445}}]], "subject/objects": [{"category": "red_panda", "tid": 0}, {"category": "red_panda", "tid": 1}], "relation_instances": [{"end_fid": 225, "subject_tid": 0, "predicate": "walk_next_to", "begin_fid": 195, "object_tid": 1}, {"end_fid": 225, "subject_tid": 0, "predicate": "walk_behind", "begin_fid": 195, "object_tid": 1}, {"end_fid": 225, "subject_tid": 1, "predicate": "stand_next_to", "begin_fid": 195, "object_tid": 0}, {"end_fid": 225, "subject_tid": 1, "predicate": "stand_front", "begin_fid": 195, "object_tid": 0}, {"end_fid": 225, "subject_tid": 1, "predicate": "play", "begin_fid": 195, "object_tid": 0}, {"end_fid": 225, "subject_tid": 1, "predicate": "watch", "begin_fid": 195, "object_tid": 0}, {"end_fid": 240, "subject_tid": 0, "predicate": "walk_behind", "begin_fid": 210, "object_tid": 1}, {"end_fid": 240, "subject_tid": 0, "predicate": "walk_away", "begin_fid": 210, "object_tid": 1}, {"end_fid": 240, "subject_tid": 0, "predicate": "walk_left", "begin_fid": 210, "object_tid": 1}, {"end_fid": 240, "subject_tid": 1, "predicate": "jump_front", "begin_fid": 210, "object_tid": 0}, {"end_fid": 240, "subject_tid": 1, "predicate": "jump_right", "begin_fid": 210, "object_tid": 0}, {"end_fid": 240, "subject_tid": 1, "predicate": "play", "begin_fid": 210, "object_tid": 0}, {"end_fid": 240, "subject_tid": 1, "predicate": "watch", "begin_fid": 210, "object_tid": 0}, {"end_fid": 270, "subject_tid": 0, "predicate": "stand_left", "begin_fid": 240, "object_tid": 1}, {"end_fid": 270, "subject_tid": 1, "predicate": "jump_toward", "begin_fid": 240, "object_tid": 0}, {"end_fid": 270, "subject_tid": 1, "predicate": "jump_right", "begin_fid": 240, "object_tid": 0}, {"end_fid": 270, "subject_tid": 1, "predicate": "watch", "begin_fid": 240, "object_tid": 0}, {"end_fid": 285, "subject_tid": 0, "predicate": "stand_left", "begin_fid": 255, "object_tid": 1}, {"end_fid": 285, "subject_tid": 1, "predicate": "stand_right", "begin_fid": 255, "object_tid": 0}, {"end_fid": 285, "subject_tid": 1, "predicate": "watch", "begin_fid": 255, "object_tid": 0}, {"end_fid": 300, "subject_tid": 0, "predicate": "sit_left", "begin_fid": 270, "object_tid": 1}, {"end_fid": 300, "subject_tid": 1, "predicate": "stand_right", "begin_fid": 270, "object_tid": 0}, {"end_fid": 300, "subject_tid": 1, "predicate": "watch", "begin_fid": 270, "object_tid": 0}, {"end_fid": 315, "subject_tid": 0, "predicate": "lie_left", "begin_fid": 285, "object_tid": 1}, {"end_fid": 315, "subject_tid": 1, "predicate": "stand_right", "begin_fid": 285, "object_tid": 0}, {"end_fid": 330, "subject_tid": 0, "predicate": "lie_next_to", "begin_fid": 300, "object_tid": 1}, {"end_fid": 330, "subject_tid": 0, "predicate": "lie_left", "begin_fid": 300, "object_tid": 1}, {"end_fid": 330, "subject_tid": 1, "predicate": "jump_next_to", "begin_fid": 300, "object_tid": 0}, {"end_fid": 330, "subject_tid": 1, "predicate": "jump_right", "begin_fid": 300, "object_tid": 0}], "height": 360}