{"width": 1280, "frame_count": 570, "video_id": "ILSVRC2015_train_00783000", "fps": 30, "trajectories": [[{"tid": 0, "generated": 0, "bbox": {"xmin": 727, "ymin": 295, "ymax": 526, "xmax": 1128}}, {"tid": 1, "generated": 0, "bbox": {"xmin": 0, "ymin": 129, "ymax": 659, "xmax": 600}}, {"tid": 2, "generated": 0, "bbox": {"xmin": 615, "ymin": 327, "ymax": 453, "xmax": 789}}, {"tid": 3, "generated": 0, "bbox": {"xmin": 576, "ymin": 263, "ymax": 403, "xmax": 752}}, {"tid": 4, "generated": 0, "bbox": {"xmin": 423, "ymin": 320, "ymax": 369, "xmax": 474}}], [{"tid": 0, "generated": 0, "bbox": {"xmin": 728, "ymin": 295, "ymax": 524, "xmax": 1127}}, {"tid": 1, "generated": 0, "bbox": {"xmin": 0, "ymin": 129, "ymax": 656, "xmax": 602}}, {"tid": 2, "generated": 0, "bbox": {"xmin": 615, "ymin": 327, "ymax": 453, "xmax": 788}}, {"tid": 3, "generated": 0, "bbox": {"xmin": 576, "ymin": 262, "ymax": 403, "xmax": 751}}, {"tid": 4, "generated": 0, "bbox": {"xmin": 422, "ymin": 320, "ymax": 368, "xmax": 473}}], [{"tid": 0, "generated": 0, "bbox": {"xmin": 727, "ymin": 295, "ymax": 524, "xmax": 1123}}, {"tid": 1, "generated": 0, "bbox": {"xmin": 0, "ymin": 129, "ymax": 656, "xmax": 601}}, {"tid": 2, "generated": 0, "bbox": {"xmin": 615, "ymin": 327, "ymax": 453, "xmax": 788}}, {"tid": 3, "generated": 0, "bbox": {"xmin": 576, "ymin": 262, "ymax": 403, "xmax": 751}}, {"tid": 4, "generated": 0, "bbox": {"xmin": 422, "ymin": 320, "ymax": 368, "xmax": 473}}], [{"tid": 0, "generated": 0, "bbox": {"xmin": 727, "ymin": 295, "ymax": 526, "xmax": 1125}}, {"tid": 1, "generated": 0, "bbox": {"xmin": 0, "ymin": 129, "ymax": 656, "xmax": 601}}, {"tid": 2, "generated": 0, "bbox": {"xmin": 615, "ymin": 327, "ymax": 453, "xmax": 788}}, {"tid": 3, "generated": 0, "bbox": {"xmin": 576, "ymin": 262, "ymax": 403, "xmax": 751}}, {"tid": 4, "generated": 0, "bbox": {"xmin": 422, "ymin": 320, "ymax": 368, "xmax": 473}}], [{"tid": 0, "generated": 0, "bbox": {"xmin": 727, "ymin": 295, "ymax": 526, "xmax": 1125}}, {"tid": 1, "generated": 0, "bbox": {"xmin": 0, "ymin": 129, "ymax": 656, "xmax": 601}}, {"tid": 2, "generated": 0, "bbox": {"xmin": 615, "ymin": 327, "ymax": 453, "xmax": 788}}, {"tid": 3, "generated": 0, "bbox": {"xmin": 576, "ymin": 262, "ymax": 403, "xmax": 751}}, {"tid": 4, "generated": 0, "bbox": {"xmin": 422, "ymin": 320, "ymax": 368, "xmax": 473}}], [{"tid": 0, "generated": 0, "bbox": {"xmin": 727, "ymin": 295, "ymax": 524, "xmax": 1125}}, {"tid": 1, "generated": 0, "bbox": {"xmin": 0, "ymin": 129, "ymax": 656, "xmax": 601}}, {"tid": 2, "generated": 0, "bbox": {"xmin": 615, "ymin": 327, "ymax": 453, "xmax": 788}}, {"tid": 3, "generated": 0, "bbox": {"xmin": 576, "ymin": 262, "ymax": 403, "xmax": 751}}, {"tid": 4, "generated": 0, "bbox": {"xmin": 422, "ymin": 320, "ymax": 368, "xmax": 473}}], [{"tid": 0, "generated": 0, "bbox": {"xmin": 727, "ymin": 295, "ymax": 526, "xmax": 1123}}, {"tid": 1, "generated": 0, "bbox": {"xmin": 0, "ymin": 129, "ymax": 656, "xmax": 600}}, {"tid": 2, "generated": 0, "bbox": {"xmin": 615, "ymin": 327, "ymax": 453, "xmax": 788}}, {"tid": 3, "generated": 0, "bbox": {"xmin": 576, "ymin": 262, "ymax": 403, "xmax": 751}}, {"tid": 4, "generated": 0, "bbox": {"xmin": 422, "ymin": 320, "ymax": 368, "xmax": 473}}], [{"tid": 0, "generated": 0, "bbox": {"xmin": 727, "ymin": 295, "ymax": 528, "xmax": 1125}}, {"tid": 1, "generated": 0, "bbox": {"xmin": 0, "ymin": 129, "ymax": 656, "xmax": 600}}, {"tid": 2, "generated": 0, "bbox": {"xmin": 615, "ymin": 327, "ymax": 453, "xmax": 788}}, {"tid": 3, "generated": 0, "bbox": {"xmin": 576, "ymin": 262, "ymax": 403, "xmax": 751}}, {"tid": 4, "generated": 0, "bbox": {"xmin": 422, "ymin": 320, "ymax": 368, "xmax": 472}}], [{"tid": 0, "generated": 0, "bbox": {"xmin": 727, "ymin": 295, "ymax": 528, "xmax": 1121}}, {"tid": 1, "generated": 0, "bbox": {"xmin": 0, "ymin": 129, "ymax": 656, "xmax": 600}}, {"tid": 2, "generated": 0, "bbox": {"xmin": 615, "ymin": 327, "ymax": 453, "xmax": 787}}, {"tid": 3, "generated": 0, "bbox": {"xmin": 576, "ymin": 261, "ymax": 403, "xmax": 750}}, {"tid": 4, "generated": 0, "bbox": {"xmin": 422, "ymin": 320, "ymax": 368, "xmax": 472}}], [{"tid": 0, "generated": 0, "bbox": {"xmin": 727, "ymin": 295, "ymax": 528, "xmax": 1125}}, {"tid": 1, "generated": 0, "bbox": {"xmin": 0, "ymin": 129, "ymax": 656, "xmax": 600}}, {"tid": 2, "generated": 0, "bbox": {"xmin": 615, "ymin": 327, "ymax": 453, "xmax": 787}}, {"tid": 3, "generated": 0, "bbox": {"xmin": 576, "ymin": 261, "ymax": 403, "xmax": 750}}, {"tid": 4, "generated": 0, "bbox": {"xmin": 422, "ymin": 320, "ymax": 368, "xmax": 472}}], [{"tid": 0, "generated": 0, "bbox": {"xmin": 727, "ymin": 295, "ymax": 528, "xmax": 1125}}, {"tid": 1, "generated": 0, "bbox": {"xmin": 0, "ymin": 129, "ymax": 656, "xmax": 600}}, {"tid": 2, "generated": 0, "bbox": {"xmin": 615, "ymin": 327, "ymax": 453, "xmax": 787}}, {"tid": 3, "generated": 0, "bbox": {"xmin": 576, "ymin": 261, "ymax": 403, "xmax": 750}}, {"tid": 4, "generated": 0, "bbox": {"xmin": 422, "ymin": 320, "ymax": 368, "xmax": 472}}], [{"tid": 0, "generated": 0, "bbox": {"xmin": 727, "ymin": 295, "ymax": 528, "xmax": 1123}}, {"tid": 1, "generated": 0, "bbox": {"xmin": 0, "ymin": 129, "ymax": 656, "xmax": 600}}, {"tid": 2, "generated": 0, "bbox": {"xmin": 615, "ymin": 327, "ymax": 453, "xmax": 787}}, {"tid": 3, "generated": 0, "bbox": {"xmin": 576, "ymin": 261, "ymax": 403, "xmax": 750}}, {"tid": 4, "generated": 0, "bbox": {"xmin": 422, "ymin": 320, "ymax": 368, "xmax": 472}}], [{"tid": 0, "generated": 0, "bbox": {"xmin": 727, "ymin": 295, "ymax": 529, "xmax": 1125}}, {"tid": 1, "generated": 0, "bbox": {"xmin": 0, "ymin": 129, "ymax": 656, "xmax": 600}}, {"tid": 2, "generated": 0, "bbox": {"xmin": 615, "ymin": 327, "ymax": 453, "xmax": 787}}, {"tid": 3, "generated": 0, "bbox": {"xmin": 576, "ymin": 261, "ymax": 403, "xmax": 750}}, {"tid": 4, "generated": 0, "bbox": {"xmin": 422, "ymin": 320, "ymax": 368, "xmax": 472}}], [{"tid": 0, "generated": 0, "bbox": {"xmin": 727, "ymin": 295, "ymax": 531, "xmax": 1125}}, {"tid": 1, "generated": 0, "bbox": {"xmin": 0, "ymin": 129, "ymax": 656, "xmax": 600}}, {"tid": 2, "generated": 0, "bbox": {"xmin": 615, "ymin": 327, "ymax": 453, "xmax": 787}}, {"tid": 3, "generated": 0, "bbox": {"xmin": 576, "ymin": 261, "ymax": 403, "xmax": 750}}, {"tid": 4, "generated": 0, "bbox": {"xmin": 422, "ymin": 320, "ymax": 368, "xmax": 471}}], [{"tid": 0, "generated": 0, "bbox": {"xmin": 727, "ymin": 295, "ymax": 526, "xmax": 1127}}, {"tid": 1, "generated": 0, "bbox": {"xmin": 0, "ymin": 129, "ymax": 656, "xmax": 600}}, {"tid": 2, "generated": 0, "bbox": {"xmin": 615, "ymin": 327, "ymax": 453, "xmax": 787}}, {"tid": 3, "generated": 0, "bbox": {"xmin": 576, "ymin": 261, "ymax": 403, "xmax": 750}}, {"tid": 4, "generated": 0, "bbox": {"xmin": 422, "ymin": 320, "ymax": 368, "xmax": 471}}], [{"tid": 0, "generated": 0, "bbox": {"xmin": 727, "ymin": 295, "ymax": 531, "xmax": 1123}}, {"tid": 1, "generated": 0, "bbox": {"xmin": 0, "ymin": 129, "ymax": 656, "xmax": 600}}, {"tid": 2, "generated": 0, "bbox": {"xmin": 615, "ymin": 327, "ymax": 453, "xmax": 787}}, {"tid": 3, "generated": 0, "bbox": {"xmin": 576, "ymin": 261, "ymax": 403, "xmax": 750}}, {"tid": 4, "generated": 0, "bbox": {"xmin": 422, "ymin": 320, "ymax": 368, "xmax": 471}}], [{"tid": 0, "generated": 0, "bbox": {"xmin": 727, "ymin": 295, "ymax": 531, "xmax": 1127}}, {"tid": 1, "generated": 0, "bbox": {"xmin": 0, "ymin": 129, "ymax": 656, "xmax": 600}}, {"tid": 2, "generated": 0, "bbox": {"xmin": 615, "ymin": 327, "ymax": 454, "xmax": 786}}, {"tid": 3, "generated": 0, "bbox": {"xmin": 576, "ymin": 260, "ymax": 403, "xmax": 749}}, {"tid": 4, "generated": 0, "bbox": {"xmin": 422, "ymin": 320, "ymax": 368, "xmax": 471}}], [{"tid": 0, "generated": 0, "bbox": {"xmin": 727, "ymin": 295, "ymax": 531, "xmax": 1127}}, {"tid": 1, "generated": 0, "bbox": {"xmin": 0, "ymin": 129, "ymax": 656, "xmax": 600}}, {"tid": 2, "generated": 0, "bbox": {"xmin": 615, "ymin": 327, "ymax": 454, "xmax": 786}}, {"tid": 3, "generated": 0, "bbox": {"xmin": 576, "ymin": 260, "ymax": 403, "xmax": 749}}, {"tid": 4, "generated": 0, "bbox": {"xmin": 421, "ymin": 320, "ymax": 368, "xmax": 471}}], [{"tid": 0, "generated": 0, "bbox": {"xmin": 727, "ymin": 295, "ymax": 533, "xmax": 1125}}, {"tid": 1, "generated": 0, "bbox": {"xmin": 0, "ymin": 129, "ymax": 656, "xmax": 600}}, {"tid": 2, "generated": 0, "bbox": {"xmin": 615, "ymin": 327, "ymax": 454, "xmax": 786}}, {"tid": 3, "generated": 0, "bbox": {"xmin": 576, "ymin": 260, "ymax": 403, "xmax": 749}}, {"tid": 4, "generated": 0, "bbox": {"xmin": 421, "ymin": 320, "ymax": 368, "xmax": 471}}], [{"tid": 0, "generated": 0, "bbox": {"xmin": 727, "ymin": 295, "ymax": 533, "xmax": 1123}}, {"tid": 1, "generated": 0, "bbox": {"xmin": 0, "ymin": 129, "ymax": 656, "xmax": 600}}, {"tid": 2, "generated": 0, "bbox": {"xmin": 615, "ymin": 327, "ymax": 454, "xmax": 786}}, {"tid": 3, "generated": 0, "bbox": {"xmin": 576, "ymin": 260, "ymax": 403, "xmax": 749}}, {"tid": 4, "generated": 0, "bbox": {"xmin": 421, "ymin": 320, "ymax": 368, "xmax": 471}}], [{"tid": 0, "generated": 0, "bbox": {"xmin": 727, "ymin": 295, "ymax": 526, "xmax": 1127}}, {"tid": 1, "generated": 0, "bbox": {"xmin": 0, "ymin": 129, "ymax": 656, "xmax": 600}}, {"tid": 2, "generated": 0, "bbox": {"xmin": 615, "ymin": 327, "ymax": 454, "xmax": 786}}, {"tid": 3, "generated": 0, "bbox": {"xmin": 576, "ymin": 260, "ymax": 403, "xmax": 749}}, {"tid": 4, "generated": 0, "bbox": {"xmin": 421, "ymin": 320, "ymax": 368, "xmax": 470}}], [{"tid": 0, "generated": 0, "bbox": {"xmin": 727, "ymin": 295, "ymax": 524, "xmax": 1127}}, {"tid": 1, "generated": 0, "bbox": {"xmin": 0, "ymin": 129, "ymax": 656, "xmax": 600}}, {"tid": 2, "generated": 0, "bbox": {"xmin": 615, "ymin": 327, "ymax": 454, "xmax": 786}}, {"tid": 3, "generated": 0, "bbox": {"xmin": 576, "ymin": 260, "ymax": 403, "xmax": 749}}, {"tid": 4, "generated": 0, "bbox": {"xmin": 421, "ymin": 320, "ymax": 368, "xmax": 470}}], [{"tid": 0, "generated": 0, "bbox": {"xmin": 727, "ymin": 295, "ymax": 523, "xmax": 1127}}, {"tid": 1, "generated": 0, "bbox": {"xmin": 0, "ymin": 129, "ymax": 656, "xmax": 600}}, {"tid": 2, "generated": 0, "bbox": {"xmin": 615, "ymin": 327, "ymax": 454, "xmax": 786}}, {"tid": 3, "generated": 0, "bbox": {"xmin": 576, "ymin": 260, "ymax": 403, "xmax": 749}}, {"tid": 4, "generated": 0, "bbox": {"xmin": 421, "ymin": 320, "ymax": 368, "xmax": 470}}], [{"tid": 0, "generated": 0, "bbox": {"xmin": 727, "ymin": 295, "ymax": 523, "xmax": 1127}}, {"tid": 1, "generated": 0, "bbox": {"xmin": 0, "ymin": 129, "ymax": 656, "xmax": 600}}, {"tid": 2, "generated": 0, "bbox": {"xmin": 615, "ymin": 327, "ymax": 454, "xmax": 786}}, {"tid": 3, "generated": 0, "bbox": {"xmin": 576, "ymin": 260, "ymax": 403, "xmax": 749}}, {"tid": 4, "generated": 0, "bbox": {"xmin": 421, "ymin": 320, "ymax": 368, "xmax": 470}}], [{"tid": 0, "generated": 0, "bbox": {"xmin": 727, "ymin": 295, "ymax": 523, "xmax": 1127}}, {"tid": 1, "generated": 0, "bbox": {"xmin": 0, "ymin": 129, "ymax": 656, "xmax": 600}}, {"tid": 2, "generated": 0, "bbox": {"xmin": 615, "ymin": 327, "ymax": 454, "xmax": 785}}, {"tid": 3, "generated": 0, "bbox": {"xmin": 576, "ymin": 259, "ymax": 403, "xmax": 748}}, {"tid": 4, "generated": 0, "bbox": {"xmin": 421, "ymin": 320, "ymax": 368, "xmax": 470}}], [{"tid": 0, "generated": 0, "bbox": {"xmin": 727, "ymin": 295, "ymax": 523, "xmax": 1127}}, {"tid": 1, "generated": 0, "bbox": {"xmin": 0, "ymin": 129, "ymax": 656, "xmax": 601}}, {"tid": 2, "generated": 0, "bbox": {"xmin": 615, "ymin": 327, "ymax": 454, "xmax": 785}}, {"tid": 3, "generated": 0, "bbox": {"xmin": 576, "ymin": 259, "ymax": 403, "xmax": 748}}, {"tid": 4, "generated": 0, "bbox": {"xmin": 421, "ymin": 320, "ymax": 368, "xmax": 470}}], [{"tid": 0, "generated": 0, "bbox": {"xmin": 727, "ymin": 295, "ymax": 523, "xmax": 1127}}, {"tid": 1, "generated": 0, "bbox": {"xmin": 0, "ymin": 129, "ymax": 656, "xmax": 601}}, {"tid": 2, "generated": 0, "bbox": {"xmin": 615, "ymin": 327, "ymax": 454, "xmax": 785}}, {"tid": 3, "generated": 0, "bbox": {"xmin": 576, "ymin": 259, "ymax": 403, "xmax": 748}}, {"tid": 4, "generated": 0, "bbox": {"xmin": 421, "ymin": 320, "ymax": 368, "xmax": 469}}], [{"tid": 0, "generated": 0, "bbox": {"xmin": 727, "ymin": 295, "ymax": 523, "xmax": 1127}}, {"tid": 1, "generated": 0, "bbox": {"xmin": 0, "ymin": 129, "ymax": 656, "xmax": 601}}, {"tid": 2, "generated": 0, "bbox": {"xmin": 615, "ymin": 327, "ymax": 454, "xmax": 785}}, {"tid": 3, "generated": 0, "bbox": {"xmin": 576, "ymin": 259, "ymax": 403, "xmax": 748}}, {"tid": 4, "generated": 0, "bbox": {"xmin": 421, "ymin": 320, "ymax": 368, "xmax": 469}}], [{"tid": 0, "generated": 0, "bbox": {"xmin": 727, "ymin": 295, "ymax": 523, "xmax": 1127}}, {"tid": 1, "generated": 0, "bbox": {"xmin": 0, "ymin": 129, "ymax": 656, "xmax": 601}}, {"tid": 2, "generated": 0, "bbox": {"xmin": 615, "ymin": 327, "ymax": 454, "xmax": 785}}, {"tid": 3, "generated": 0, "bbox": {"xmin": 576, "ymin": 259, "ymax": 403, "xmax": 748}}, {"tid": 4, "generated": 0, "bbox": {"xmin": 421, "ymin": 320, "ymax": 368, "xmax": 469}}], [{"tid": 0, "generated": 0, "bbox": {"xmin": 727, "ymin": 295, "ymax": 523, "xmax": 1127}}, {"tid": 1, "generated": 0, "bbox": {"xmin": 0, "ymin": 129, "ymax": 656, "xmax": 601}}, {"tid": 2, "generated": 0, "bbox": {"xmin": 615, "ymin": 327, "ymax": 454, "xmax": 785}}, {"tid": 3, "generated": 0, "bbox": {"xmin": 576, "ymin": 259, "ymax": 403, "xmax": 748}}, {"tid": 4, "generated": 0, "bbox": {"xmin": 421, "ymin": 320, "ymax": 368, "xmax": 469}}], [], [], [], [], [], [], [], [], [], [], [], [], [], [], [], [], [], [], [], [], [], [], [], [], [], [], [], [], [], [], [], [], [], [], [], [], [], [], [], [], [], [], [], [], [], [], [], [], [], [], [], [], [], [], [], [], [], [], [], [], [], [], [], [], [], [], [], [], [], [], [], [], [], [], [], [], [], [], [], [], [], [], [], [], [], [], [], [], [], [], [], [], [], [], [], [], [], [], [], [], [], [], [], [], [], [], [], [], [], [], [], [], [], [], [], [], [], [], [], [], [], [], [], [], [], [], [], [], [], [], [], [], [], [], [], [], [], [], [], [], [], [], [], [], [], [], [], [], [], [], [], [], [], [], [], [], [], [], [], [], [], [], [], [], [], [], [], [], [], [], [], [], [], [], [], [], [], [], [], [], [], [], [], [], [], [], [], [], [], [], [], [], [], [], [], [], [], [], [], [], [], [], [], [], [], [], [], [], [], [], [], [], [], [], [], [], [], [], [], [], [], [], [], [], [], [], [], [], [], [], [], [], [], [], [], [], [], [], [], [], [], [], [], [], [], [], [], [], [], [], [], [], [], [], [], [], [], [], [], [], [], [], [], [], [], [], [], [], [], [], [], [], [], [], [], [], [], [], [], [], [], [], [], [], [], [{"tid": 0, "generated": 0, "bbox": {"xmin": 733, "ymin": 269, "ymax": 500, "xmax": 1114}}, {"tid": 1, "generated": 0, "bbox": {"xmin": 0, "ymin": 112, "ymax": 631, "xmax": 614}}, {"tid": 2, "generated": 0, "bbox": {"xmin": 552, "ymin": 298, "ymax": 408, "xmax": 725}}, {"tid": 3, "generated": 0, "bbox": {"xmin": 563, "ymin": 250, "ymax": 325, "xmax": 702}}], [{"tid": 0, "generated": 0, "bbox": {"xmin": 733, "ymin": 268, "ymax": 498, "xmax": 1112}}, {"tid": 1, "generated": 0, "bbox": {"xmin": 0, "ymin": 112, "ymax": 631, "xmax": 615}}, {"tid": 2, "generated": 0, "bbox": {"xmin": 550, "ymin": 297, "ymax": 407, "xmax": 725}}, {"tid": 3, "generated": 0, "bbox": {"xmin": 562, "ymin": 250, "ymax": 325, "xmax": 701}}], [{"tid": 0, "generated": 0, "bbox": {"xmin": 732, "ymin": 266, "ymax": 495, "xmax": 1110}}, {"tid": 1, "generated": 0, "bbox": {"xmin": 0, "ymin": 112, "ymax": 631, "xmax": 616}}, {"tid": 2, "generated": 0, "bbox": {"xmin": 548, "ymin": 296, "ymax": 406, "xmax": 725}}, {"tid": 3, "generated": 0, "bbox": {"xmin": 562, "ymin": 250, "ymax": 326, "xmax": 701}}], [{"tid": 0, "generated": 0, "bbox": {"xmin": 732, "ymin": 265, "ymax": 493, "xmax": 1108}}, {"tid": 1, "generated": 0, "bbox": {"xmin": 0, "ymin": 112, "ymax": 631, "xmax": 617}}, {"tid": 2, "generated": 0, "bbox": {"xmin": 547, "ymin": 296, "ymax": 405, "xmax": 725}}, {"tid": 3, "generated": 0, "bbox": {"xmin": 561, "ymin": 250, "ymax": 327, "xmax": 700}}], [{"tid": 0, "generated": 0, "bbox": {"xmin": 732, "ymin": 264, "ymax": 490, "xmax": 1106}}, {"tid": 1, "generated": 0, "bbox": {"xmin": 0, "ymin": 112, "ymax": 631, "xmax": 618}}, {"tid": 2, "generated": 0, "bbox": {"xmin": 545, "ymin": 295, "ymax": 404, "xmax": 722}}, {"tid": 3, "generated": 0, "bbox": {"xmin": 561, "ymin": 250, "ymax": 328, "xmax": 700}}], [{"tid": 0, "generated": 0, "bbox": {"xmin": 732, "ymin": 263, "ymax": 488, "xmax": 1104}}, {"tid": 1, "generated": 0, "bbox": {"xmin": 0, "ymin": 112, "ymax": 631, "xmax": 620}}, {"tid": 2, "generated": 0, "bbox": {"xmin": 543, "ymin": 295, "ymax": 404, "xmax": 720}}, {"tid": 3, "generated": 0, "bbox": {"xmin": 561, "ymin": 250, "ymax": 329, "xmax": 699}}], [{"tid": 0, "generated": 0, "bbox": {"xmin": 731, "ymin": 262, "ymax": 487, "xmax": 1101}}, {"tid": 1, "generated": 0, "bbox": {"xmin": 0, "ymin": 112, "ymax": 631, "xmax": 618}}, {"tid": 2, "generated": 0, "bbox": {"xmin": 542, "ymin": 294, "ymax": 404, "xmax": 718}}, {"tid": 3, "generated": 0, "bbox": {"xmin": 560, "ymin": 250, "ymax": 330, "xmax": 699}}], [{"tid": 0, "generated": 0, "bbox": {"xmin": 730, "ymin": 261, "ymax": 487, "xmax": 1098}}, {"tid": 1, "generated": 0, "bbox": {"xmin": 0, "ymin": 112, "ymax": 631, "xmax": 616}}, {"tid": 2, "generated": 0, "bbox": {"xmin": 540, "ymin": 294, "ymax": 403, "xmax": 715}}, {"tid": 3, "generated": 0, "bbox": {"xmin": 560, "ymin": 250, "ymax": 331, "xmax": 698}}], [{"tid": 0, "generated": 0, "bbox": {"xmin": 729, "ymin": 260, "ymax": 486, "xmax": 1095}}, {"tid": 1, "generated": 0, "bbox": {"xmin": 0, "ymin": 112, "ymax": 631, "xmax": 615}}, {"tid": 2, "generated": 0, "bbox": {"xmin": 539, "ymin": 293, "ymax": 403, "xmax": 713}}, {"tid": 3, "generated": 0, "bbox": {"xmin": 560, "ymin": 250, "ymax": 332, "xmax": 698}}], [{"tid": 0, "generated": 0, "bbox": {"xmin": 729, "ymin": 260, "ymax": 485, "xmax": 1092}}, {"tid": 1, "generated": 0, "bbox": {"xmin": 0, "ymin": 112, "ymax": 631, "xmax": 612}}, {"tid": 2, "generated": 0, "bbox": {"xmin": 537, "ymin": 293, "ymax": 403, "xmax": 711}}, {"tid": 3, "generated": 0, "bbox": {"xmin": 559, "ymin": 250, "ymax": 333, "xmax": 697}}], [{"tid": 0, "generated": 0, "bbox": {"xmin": 729, "ymin": 259, "ymax": 484, "xmax": 1090}}, {"tid": 1, "generated": 0, "bbox": {"xmin": 0, "ymin": 112, "ymax": 631, "xmax": 609}}, {"tid": 2, "generated": 0, "bbox": {"xmin": 536, "ymin": 293, "ymax": 403, "xmax": 709}}, {"tid": 3, "generated": 0, "bbox": {"xmin": 559, "ymin": 250, "ymax": 334, "xmax": 697}}], [{"tid": 0, "generated": 0, "bbox": {"xmin": 729, "ymin": 259, "ymax": 484, "xmax": 1087}}, {"tid": 1, "generated": 0, "bbox": {"xmin": 0, "ymin": 112, "ymax": 631, "xmax": 615}}, {"tid": 2, "generated": 0, "bbox": {"xmin": 533, "ymin": 293, "ymax": 402, "xmax": 706}}, {"tid": 3, "generated": 0, "bbox": {"xmin": 559, "ymin": 250, "ymax": 335, "xmax": 697}}], [{"tid": 0, "generated": 0, "bbox": {"xmin": 728, "ymin": 258, "ymax": 483, "xmax": 1084}}, {"tid": 1, "generated": 0, "bbox": {"xmin": 0, "ymin": 112, "ymax": 631, "xmax": 611}}, {"tid": 2, "generated": 0, "bbox": {"xmin": 531, "ymin": 293, "ymax": 401, "xmax": 704}}, {"tid": 3, "generated": 0, "bbox": {"xmin": 558, "ymin": 250, "ymax": 336, "xmax": 696}}], [{"tid": 0, "generated": 0, "bbox": {"xmin": 728, "ymin": 258, "ymax": 482, "xmax": 1082}}, {"tid": 1, "generated": 0, "bbox": {"xmin": 1, "ymin": 112, "ymax": 632, "xmax": 615}}, {"tid": 2, "generated": 0, "bbox": {"xmin": 529, "ymin": 293, "ymax": 400, "xmax": 702}}, {"tid": 3, "generated": 0, "bbox": {"xmin": 558, "ymin": 250, "ymax": 337, "xmax": 696}}], [{"tid": 0, "generated": 0, "bbox": {"xmin": 728, "ymin": 257, "ymax": 481, "xmax": 1079}}, {"tid": 1, "generated": 0, "bbox": {"xmin": 0, "ymin": 111, "ymax": 630, "xmax": 613}}, {"tid": 2, "generated": 0, "bbox": {"xmin": 527, "ymin": 293, "ymax": 400, "xmax": 699}}, {"tid": 3, "generated": 0, "bbox": {"xmin": 558, "ymin": 250, "ymax": 338, "xmax": 695}}], [{"tid": 0, "generated": 0, "bbox": {"xmin": 728, "ymin": 257, "ymax": 481, "xmax": 1077}}, {"tid": 1, "generated": 0, "bbox": {"xmin": 0, "ymin": 110, "ymax": 629, "xmax": 611}}, {"tid": 2, "generated": 0, "bbox": {"xmin": 525, "ymin": 294, "ymax": 399, "xmax": 697}}, {"tid": 3, "generated": 0, "bbox": {"xmin": 557, "ymin": 250, "ymax": 339, "xmax": 695}}], [{"tid": 0, "generated": 0, "bbox": {"xmin": 727, "ymin": 257, "ymax": 480, "xmax": 1074}}, {"tid": 1, "generated": 0, "bbox": {"xmin": 0, "ymin": 109, "ymax": 628, "xmax": 611}}, {"tid": 2, "generated": 0, "bbox": {"xmin": 523, "ymin": 294, "ymax": 398, "xmax": 695}}, {"tid": 3, "generated": 0, "bbox": {"xmin": 557, "ymin": 250, "ymax": 340, "xmax": 694}}], [{"tid": 0, "generated": 0, "bbox": {"xmin": 727, "ymin": 257, "ymax": 480, "xmax": 1072}}, {"tid": 1, "generated": 0, "bbox": {"xmin": 0, "ymin": 108, "ymax": 627, "xmax": 612}}, {"tid": 2, "generated": 0, "bbox": {"xmin": 521, "ymin": 294, "ymax": 398, "xmax": 692}}, {"tid": 3, "generated": 0, "bbox": {"xmin": 557, "ymin": 250, "ymax": 341, "xmax": 694}}], [{"tid": 0, "generated": 0, "bbox": {"xmin": 726, "ymin": 257, "ymax": 479, "xmax": 1069}}, {"tid": 1, "generated": 0, "bbox": {"xmin": 0, "ymin": 107, "ymax": 626, "xmax": 612}}, {"tid": 2, "generated": 0, "bbox": {"xmin": 519, "ymin": 294, "ymax": 397, "xmax": 690}}, {"tid": 3, "generated": 0, "bbox": {"xmin": 556, "ymin": 250, "ymax": 342, "xmax": 693}}], [{"tid": 0, "generated": 0, "bbox": {"xmin": 726, "ymin": 258, "ymax": 478, "xmax": 1066}}, {"tid": 1, "generated": 0, "bbox": {"xmin": 0, "ymin": 107, "ymax": 626, "xmax": 613}}, {"tid": 2, "generated": 0, "bbox": {"xmin": 517, "ymin": 294, "ymax": 396, "xmax": 688}}, {"tid": 3, "generated": 0, "bbox": {"xmin": 556, "ymin": 250, "ymax": 343, "xmax": 693}}], [{"tid": 0, "generated": 0, "bbox": {"xmin": 725, "ymin": 258, "ymax": 477, "xmax": 1063}}, {"tid": 1, "generated": 0, "bbox": {"xmin": 0, "ymin": 106, "ymax": 625, "xmax": 613}}, {"tid": 2, "generated": 0, "bbox": {"xmin": 515, "ymin": 295, "ymax": 396, "xmax": 686}}, {"tid": 3, "generated": 0, "bbox": {"xmin": 556, "ymin": 250, "ymax": 344, "xmax": 693}}], [{"tid": 0, "generated": 0, "bbox": {"xmin": 725, "ymin": 259, "ymax": 477, "xmax": 1061}}, {"tid": 1, "generated": 0, "bbox": {"xmin": 0, "ymin": 105, "ymax": 624, "xmax": 614}}, {"tid": 2, "generated": 0, "bbox": {"xmin": 512, "ymin": 294, "ymax": 395, "xmax": 683}}, {"tid": 3, "generated": 0, "bbox": {"xmin": 555, "ymin": 250, "ymax": 344, "xmax": 692}}], [{"tid": 0, "generated": 0, "bbox": {"xmin": 724, "ymin": 259, "ymax": 476, "xmax": 1058}}, {"tid": 1, "generated": 0, "bbox": {"xmin": 0, "ymin": 105, "ymax": 624, "xmax": 614}}, {"tid": 2, "generated": 0, "bbox": {"xmin": 510, "ymin": 294, "ymax": 394, "xmax": 680}}, {"tid": 3, "generated": 0, "bbox": {"xmin": 554, "ymin": 250, "ymax": 344, "xmax": 691}}], [{"tid": 0, "generated": 0, "bbox": {"xmin": 724, "ymin": 260, "ymax": 475, "xmax": 1055}}, {"tid": 1, "generated": 0, "bbox": {"xmin": 0, "ymin": 104, "ymax": 623, "xmax": 615}}, {"tid": 2, "generated": 0, "bbox": {"xmin": 507, "ymin": 293, "ymax": 393, "xmax": 677}}, {"tid": 3, "generated": 0, "bbox": {"xmin": 553, "ymin": 250, "ymax": 344, "xmax": 690}}], [{"tid": 0, "generated": 0, "bbox": {"xmin": 723, "ymin": 260, "ymax": 474, "xmax": 1052}}, {"tid": 1, "generated": 0, "bbox": {"xmin": 0, "ymin": 103, "ymax": 622, "xmax": 615}}, {"tid": 2, "generated": 0, "bbox": {"xmin": 505, "ymin": 293, "ymax": 393, "xmax": 675}}, {"tid": 3, "generated": 0, "bbox": {"xmin": 553, "ymin": 250, "ymax": 344, "xmax": 690}}], [{"tid": 0, "generated": 0, "bbox": {"xmin": 723, "ymin": 261, "ymax": 474, "xmax": 1050}}, {"tid": 1, "generated": 0, "bbox": {"xmin": 0, "ymin": 103, "ymax": 622, "xmax": 616}}, {"tid": 2, "generated": 0, "bbox": {"xmin": 502, "ymin": 293, "ymax": 392, "xmax": 672}}, {"tid": 3, "generated": 0, "bbox": {"xmin": 552, "ymin": 250, "ymax": 344, "xmax": 689}}], [{"tid": 0, "generated": 0, "bbox": {"xmin": 722, "ymin": 260, "ymax": 472, "xmax": 1046}}, {"tid": 1, "generated": 0, "bbox": {"xmin": 0, "ymin": 102, "ymax": 620, "xmax": 619}}, {"tid": 2, "generated": 0, "bbox": {"xmin": 500, "ymin": 292, "ymax": 391, "xmax": 669}}, {"tid": 3, "generated": 0, "bbox": {"xmin": 551, "ymin": 250, "ymax": 344, "xmax": 688}}], [{"tid": 0, "generated": 0, "bbox": {"xmin": 721, "ymin": 259, "ymax": 471, "xmax": 1043}}, {"tid": 1, "generated": 0, "bbox": {"xmin": 0, "ymin": 101, "ymax": 618, "xmax": 622}}, {"tid": 2, "generated": 0, "bbox": {"xmin": 497, "ymin": 292, "ymax": 391, "xmax": 667}}, {"tid": 3, "generated": 0, "bbox": {"xmin": 551, "ymin": 250, "ymax": 344, "xmax": 688}}], [{"tid": 0, "generated": 0, "bbox": {"xmin": 720, "ymin": 258, "ymax": 469, "xmax": 1039}}, {"tid": 1, "generated": 0, "bbox": {"xmin": 0, "ymin": 100, "ymax": 617, "xmax": 621}}, {"tid": 2, "generated": 0, "bbox": {"xmin": 495, "ymin": 291, "ymax": 390, "xmax": 664}}, {"tid": 3, "generated": 0, "bbox": {"xmin": 550, "ymin": 250, "ymax": 344, "xmax": 687}}], [{"tid": 0, "generated": 0, "bbox": {"xmin": 719, "ymin": 258, "ymax": 467, "xmax": 1036}}, {"tid": 1, "generated": 0, "bbox": {"xmin": 0, "ymin": 99, "ymax": 616, "xmax": 620}}, {"tid": 2, "generated": 0, "bbox": {"xmin": 492, "ymin": 291, "ymax": 389, "xmax": 661}}, {"tid": 3, "generated": 0, "bbox": {"xmin": 549, "ymin": 250, "ymax": 344, "xmax": 686}}]], "subject/objects": [{"category": "car", "tid": 0}, {"category": "bus", "tid": 1}, {"category": "car", "tid": 2}, {"category": "bus", "tid": 3}, {"category": "car", "tid": 4}], "relation_instances": [{"end_fid": 30, "subject_tid": 0, "predicate": "stop_right", "begin_fid": 0, "object_tid": 1}, {"end_fid": 30, "subject_tid": 0, "predicate": "stop_behind", "begin_fid": 0, "object_tid": 1}, {"end_fid": 30, "subject_tid": 1, "predicate": "stop_front", "begin_fid": 0, "object_tid": 0}, {"end_fid": 30, "subject_tid": 1, "predicate": "stop_left", "begin_fid": 0, "object_tid": 0}, {"end_fid": 30, "subject_tid": 1, "predicate": "taller", "begin_fid": 0, "object_tid": 0}, {"end_fid": 30, "subject_tid": 1, "predicate": "larger", "begin_fid": 0, "object_tid": 0}, {"end_fid": 30, "subject_tid": 0, "predicate": "stop_next_to", "begin_fid": 0, "object_tid": 2}, {"end_fid": 30, "subject_tid": 0, "predicate": "stop_front", "begin_fid": 0, "object_tid": 2}, {"end_fid": 30, "subject_tid": 2, "predicate": "stop_next_to", "begin_fid": 0, "object_tid": 0}, {"end_fid": 30, "subject_tid": 2, "predicate": "stop_behind", "begin_fid": 0, "object_tid": 0}, {"end_fid": 30, "subject_tid": 0, "predicate": "stop_front", "begin_fid": 0, "object_tid": 3}, {"end_fid": 30, "subject_tid": 3, "predicate": "stop_behind", "begin_fid": 0, "object_tid": 0}, {"end_fid": 30, "subject_tid": 3, "predicate": "taller", "begin_fid": 0, "object_tid": 0}, {"end_fid": 30, "subject_tid": 3, "predicate": "larger", "begin_fid": 0, "object_tid": 0}, {"end_fid": 30, "subject_tid": 0, "predicate": "stop_right", "begin_fid": 0, "object_tid": 4}, {"end_fid": 30, "subject_tid": 0, "predicate": "stop_front", "begin_fid": 0, "object_tid": 4}, {"end_fid": 30, "subject_tid": 4, "predicate": "stop_behind", "begin_fid": 0, "object_tid": 0}, {"end_fid": 30, "subject_tid": 4, "predicate": "stop_left", "begin_fid": 0, "object_tid": 0}, {"end_fid": 30, "subject_tid": 1, "predicate": "stop_front", "begin_fid": 0, "object_tid": 2}, {"end_fid": 30, "subject_tid": 1, "predicate": "stop_left", "begin_fid": 0, "object_tid": 2}, {"end_fid": 30, "subject_tid": 1, "predicate": "taller", "begin_fid": 0, "object_tid": 2}, {"end_fid": 30, "subject_tid": 1, "predicate": "larger", "begin_fid": 0, "object_tid": 2}, {"end_fid": 30, "subject_tid": 2, "predicate": "stop_behind", "begin_fid": 0, "object_tid": 1}, {"end_fid": 30, "subject_tid": 2, "predicate": "stop_right", "begin_fid": 0, "object_tid": 1}, {"end_fid": 30, "subject_tid": 1, "predicate": "stop_front", "begin_fid": 0, "object_tid": 3}, {"end_fid": 30, "subject_tid": 1, "predicate": "stop_left", "begin_fid": 0, "object_tid": 3}, {"end_fid": 30, "subject_tid": 3, "predicate": "stop_behind", "begin_fid": 0, "object_tid": 1}, {"end_fid": 30, "subject_tid": 3, "predicate": "stop_right", "begin_fid": 0, "object_tid": 1}, {"end_fid": 30, "subject_tid": 1, "predicate": "stop_front", "begin_fid": 0, "object_tid": 4}, {"end_fid": 30, "subject_tid": 4, "predicate": "stop_behind", "begin_fid": 0, "object_tid": 1}, {"end_fid": 30, "subject_tid": 2, "predicate": "stop_next_to", "begin_fid": 0, "object_tid": 3}, {"end_fid": 30, "subject_tid": 2, "predicate": "stop_front", "begin_fid": 0, "object_tid": 3}, {"end_fid": 30, "subject_tid": 3, "predicate": "stop_next_to", "begin_fid": 0, "object_tid": 2}, {"end_fid": 30, "subject_tid": 3, "predicate": "stop_behind", "begin_fid": 0, "object_tid": 2}, {"end_fid": 30, "subject_tid": 3, "predicate": "taller", "begin_fid": 0, "object_tid": 2}, {"end_fid": 30, "subject_tid": 3, "predicate": "larger", "begin_fid": 0, "object_tid": 2}, {"end_fid": 30, "subject_tid": 2, "predicate": "stop_right", "begin_fid": 0, "object_tid": 4}, {"end_fid": 30, "subject_tid": 2, "predicate": "stop_front", "begin_fid": 0, "object_tid": 4}, {"end_fid": 30, "subject_tid": 4, "predicate": "stop_behind", "begin_fid": 0, "object_tid": 2}, {"end_fid": 30, "subject_tid": 4, "predicate": "stop_left", "begin_fid": 0, "object_tid": 2}, {"end_fid": 30, "subject_tid": 3, "predicate": "stop_right", "begin_fid": 0, "object_tid": 4}, {"end_fid": 30, "subject_tid": 3, "predicate": "stop_front", "begin_fid": 0, "object_tid": 4}, {"end_fid": 30, "subject_tid": 4, "predicate": "stop_behind", "begin_fid": 0, "object_tid": 3}, {"end_fid": 30, "subject_tid": 4, "predicate": "stop_left", "begin_fid": 0, "object_tid": 3}, {"end_fid": 345, "subject_tid": 0, "predicate": "move_right", "begin_fid": 315, "object_tid": 1}, {"end_fid": 345, "subject_tid": 0, "predicate": "move_behind", "begin_fid": 315, "object_tid": 1}, {"end_fid": 345, "subject_tid": 1, "predicate": "stop_front", "begin_fid": 315, "object_tid": 0}, {"end_fid": 345, "subject_tid": 1, "predicate": "stop_left", "begin_fid": 315, "object_tid": 0}, {"end_fid": 345, "subject_tid": 1, "predicate": "taller", "begin_fid": 315, "object_tid": 0}, {"end_fid": 345, "subject_tid": 1, "predicate": "larger", "begin_fid": 315, "object_tid": 0}, {"end_fid": 345, "subject_tid": 0, "predicate": "move_right", "begin_fid": 315, "object_tid": 2}, {"end_fid": 345, "subject_tid": 0, "predicate": "move_front", "begin_fid": 315, "object_tid": 2}, {"end_fid": 345, "subject_tid": 2, "predicate": "move_behind", "begin_fid": 315, "object_tid": 0}, {"end_fid": 345, "subject_tid": 2, "predicate": "move_left", "begin_fid": 315, "object_tid": 0}, {"end_fid": 345, "subject_tid": 0, "predicate": "stop_front", "begin_fid": 315, "object_tid": 3}, {"end_fid": 345, "subject_tid": 3, "predicate": "move_behind", "begin_fid": 315, "object_tid": 0}, {"end_fid": 345, "subject_tid": 3, "predicate": "taller", "begin_fid": 315, "object_tid": 0}, {"end_fid": 345, "subject_tid": 3, "predicate": "larger", "begin_fid": 315, "object_tid": 0}, {"end_fid": 345, "subject_tid": 1, "predicate": "front", "begin_fid": 315, "object_tid": 2}, {"end_fid": 345, "subject_tid": 1, "predicate": "taller", "begin_fid": 315, "object_tid": 2}, {"end_fid": 345, "subject_tid": 1, "predicate": "larger", "begin_fid": 315, "object_tid": 2}, {"end_fid": 345, "subject_tid": 2, "predicate": "behind", "begin_fid": 315, "object_tid": 1}, {"end_fid": 345, "subject_tid": 1, "predicate": "stop_front", "begin_fid": 315, "object_tid": 3}, {"end_fid": 345, "subject_tid": 3, "predicate": "move_behind", "begin_fid": 315, "object_tid": 1}, {"end_fid": 345, "subject_tid": 2, "predicate": "move_front", "begin_fid": 315, "object_tid": 3}, {"end_fid": 345, "subject_tid": 3, "predicate": "move_behind", "begin_fid": 315, "object_tid": 2}, {"end_fid": 345, "subject_tid": 3, "predicate": "taller", "begin_fid": 315, "object_tid": 2}, {"end_fid": 345, "subject_tid": 3, "predicate": "larger", "begin_fid": 315, "object_tid": 2}], "height": 720}