{"width": 1280, "frame_count": 480, "video_id": "ILSVRC2015_train_00094005", "fps": 24, "trajectories": [[], [], [], [], [], [], [], [], [], [], [], [], [], [], [], [], [], [], [], [], [], [], [], [], [], [], [], [], [], [], [{"tid": 0, "generated": 0, "bbox": {"xmin": 320, "ymin": 405, "ymax": 453, "xmax": 401}}, {"tid": 1, "generated": 0, "bbox": {"xmin": 560, "ymin": 464, "ymax": 657, "xmax": 933}}], [{"tid": 0, "generated": 0, "bbox": {"xmin": 323, "ymin": 405, "ymax": 455, "xmax": 405}}, {"tid": 1, "generated": 0, "bbox": {"xmin": 558, "ymin": 464, "ymax": 656, "xmax": 933}}], [{"tid": 0, "generated": 0, "bbox": {"xmin": 323, "ymin": 401, "ymax": 453, "xmax": 408}}, {"tid": 1, "generated": 0, "bbox": {"xmin": 556, "ymin": 462, "ymax": 654, "xmax": 936}}], [{"tid": 0, "generated": 0, "bbox": {"xmin": 321, "ymin": 403, "ymax": 453, "xmax": 414}}, {"tid": 1, "generated": 0, "bbox": {"xmin": 552, "ymin": 467, "ymax": 661, "xmax": 933}}], [{"tid": 0, "generated": 0, "bbox": {"xmin": 323, "ymin": 401, "ymax": 453, "xmax": 413}}, {"tid": 1, "generated": 0, "bbox": {"xmin": 554, "ymin": 465, "ymax": 659, "xmax": 931}}], [{"tid": 0, "generated": 0, "bbox": {"xmin": 325, "ymin": 400, "ymax": 453, "xmax": 412}}, {"tid": 1, "generated": 0, "bbox": {"xmin": 554, "ymin": 469, "ymax": 661, "xmax": 928}}], [{"tid": 0, "generated": 0, "bbox": {"xmin": 326, "ymin": 400, "ymax": 454, "xmax": 412}}, {"tid": 1, "generated": 0, "bbox": {"xmin": 552, "ymin": 472, "ymax": 663, "xmax": 933}}], [{"tid": 0, "generated": 0, "bbox": {"xmin": 328, "ymin": 400, "ymax": 455, "xmax": 412}}, {"tid": 1, "generated": 0, "bbox": {"xmin": 552, "ymin": 471, "ymax": 663, "xmax": 931}}], [{"tid": 0, "generated": 0, "bbox": {"xmin": 330, "ymin": 400, "ymax": 455, "xmax": 411}}, {"tid": 1, "generated": 0, "bbox": {"xmin": 551, "ymin": 474, "ymax": 657, "xmax": 931}}], [{"tid": 0, "generated": 0, "bbox": {"xmin": 332, "ymin": 400, "ymax": 455, "xmax": 410}}, {"tid": 1, "generated": 0, "bbox": {"xmin": 549, "ymin": 474, "ymax": 661, "xmax": 929}}], [{"tid": 0, "generated": 0, "bbox": {"xmin": 334, "ymin": 405, "ymax": 455, "xmax": 414}}, {"tid": 1, "generated": 0, "bbox": {"xmin": 547, "ymin": 471, "ymax": 663, "xmax": 928}}], [{"tid": 0, "generated": 0, "bbox": {"xmin": 336, "ymin": 414, "ymax": 455, "xmax": 417}}, {"tid": 1, "generated": 0, "bbox": {"xmin": 545, "ymin": 472, "ymax": 659, "xmax": 931}}], [{"tid": 0, "generated": 0, "bbox": {"xmin": 336, "ymin": 423, "ymax": 455, "xmax": 424}}, {"tid": 1, "generated": 0, "bbox": {"xmin": 547, "ymin": 472, "ymax": 657, "xmax": 926}}], [{"tid": 0, "generated": 0, "bbox": {"xmin": 336, "ymin": 423, "ymax": 455, "xmax": 423}}, {"tid": 1, "generated": 0, "bbox": {"xmin": 547, "ymin": 478, "ymax": 657, "xmax": 922}}], [{"tid": 0, "generated": 0, "bbox": {"xmin": 336, "ymin": 424, "ymax": 455, "xmax": 421}}, {"tid": 1, "generated": 0, "bbox": {"xmin": 545, "ymin": 478, "ymax": 659, "xmax": 926}}], [{"tid": 0, "generated": 0, "bbox": {"xmin": 337, "ymin": 424, "ymax": 455, "xmax": 421}}, {"tid": 1, "generated": 0, "bbox": {"xmin": 547, "ymin": 471, "ymax": 659, "xmax": 919}}], [{"tid": 0, "generated": 0, "bbox": {"xmin": 337, "ymin": 423, "ymax": 455, "xmax": 419}}, {"tid": 1, "generated": 0, "bbox": {"xmin": 552, "ymin": 472, "ymax": 663, "xmax": 931}}], [{"tid": 0, "generated": 0, "bbox": {"xmin": 337, "ymin": 401, "ymax": 455, "xmax": 417}}, {"tid": 1, "generated": 0, "bbox": {"xmin": 552, "ymin": 469, "ymax": 663, "xmax": 929}}], [{"tid": 0, "generated": 0, "bbox": {"xmin": 337, "ymin": 398, "ymax": 455, "xmax": 424}}, {"tid": 1, "generated": 0, "bbox": {"xmin": 549, "ymin": 467, "ymax": 664, "xmax": 926}}], [{"tid": 0, "generated": 0, "bbox": {"xmin": 338, "ymin": 398, "ymax": 455, "xmax": 424}}, {"tid": 1, "generated": 0, "bbox": {"xmin": 549, "ymin": 465, "ymax": 666, "xmax": 929}}], [{"tid": 0, "generated": 0, "bbox": {"xmin": 339, "ymin": 398, "ymax": 456, "xmax": 424}}, {"tid": 1, "generated": 0, "bbox": {"xmin": 545, "ymin": 469, "ymax": 663, "xmax": 926}}], [{"tid": 0, "generated": 0, "bbox": {"xmin": 339, "ymin": 394, "ymax": 456, "xmax": 426}}, {"tid": 1, "generated": 0, "bbox": {"xmin": 542, "ymin": 469, "ymax": 663, "xmax": 924}}], [{"tid": 0, "generated": 0, "bbox": {"xmin": 339, "ymin": 396, "ymax": 456, "xmax": 419}}, {"tid": 1, "generated": 0, "bbox": {"xmin": 539, "ymin": 469, "ymax": 663, "xmax": 923}}], [{"tid": 0, "generated": 0, "bbox": {"xmin": 339, "ymin": 392, "ymax": 455, "xmax": 423}}, {"tid": 1, "generated": 0, "bbox": {"xmin": 536, "ymin": 470, "ymax": 663, "xmax": 921}}], [{"tid": 0, "generated": 0, "bbox": {"xmin": 339, "ymin": 396, "ymax": 458, "xmax": 417}}, {"tid": 1, "generated": 0, "bbox": {"xmin": 533, "ymin": 470, "ymax": 663, "xmax": 920}}], [{"tid": 0, "generated": 0, "bbox": {"xmin": 341, "ymin": 392, "ymax": 460, "xmax": 423}}, {"tid": 1, "generated": 0, "bbox": {"xmin": 530, "ymin": 470, "ymax": 663, "xmax": 918}}], [{"tid": 0, "generated": 0, "bbox": {"xmin": 343, "ymin": 401, "ymax": 460, "xmax": 433}}, {"tid": 1, "generated": 0, "bbox": {"xmin": 528, "ymin": 471, "ymax": 664, "xmax": 917}}], [{"tid": 0, "generated": 0, "bbox": {"xmin": 343, "ymin": 407, "ymax": 456, "xmax": 440}}, {"tid": 1, "generated": 0, "bbox": {"xmin": 526, "ymin": 471, "ymax": 663, "xmax": 917}}], [{"tid": 0, "generated": 0, "bbox": {"xmin": 346, "ymin": 414, "ymax": 455, "xmax": 453}}, {"tid": 1, "generated": 0, "bbox": {"xmin": 526, "ymin": 469, "ymax": 663, "xmax": 913}}], [{"tid": 0, "generated": 0, "bbox": {"xmin": 344, "ymin": 416, "ymax": 456, "xmax": 453}}, {"tid": 1, "generated": 0, "bbox": {"xmin": 522, "ymin": 467, "ymax": 663, "xmax": 915}}], [], [], [], [], [], [], [], [], [], [], [], [], [], [], [], [], [], [], [], [], [], [], [], [], [], [], [], [], [], [], [{"tid": 0, "generated": 0, "bbox": {"xmin": 414, "ymin": 389, "ymax": 458, "xmax": 515}}, {"tid": 1, "generated": 0, "bbox": {"xmin": 398, "ymin": 476, "ymax": 666, "xmax": 791}}], [{"tid": 0, "generated": 0, "bbox": {"xmin": 414, "ymin": 391, "ymax": 458, "xmax": 522}}, {"tid": 1, "generated": 0, "bbox": {"xmin": 392, "ymin": 476, "ymax": 666, "xmax": 784}}], [{"tid": 0, "generated": 0, "bbox": {"xmin": 414, "ymin": 389, "ymax": 455, "xmax": 526}}, {"tid": 1, "generated": 0, "bbox": {"xmin": 385, "ymin": 476, "ymax": 668, "xmax": 778}}], [{"tid": 0, "generated": 0, "bbox": {"xmin": 412, "ymin": 389, "ymax": 455, "xmax": 522}}, {"tid": 1, "generated": 0, "bbox": {"xmin": 376, "ymin": 476, "ymax": 666, "xmax": 773}}], [{"tid": 0, "generated": 0, "bbox": {"xmin": 410, "ymin": 389, "ymax": 455, "xmax": 519}}, {"tid": 1, "generated": 0, "bbox": {"xmin": 371, "ymin": 478, "ymax": 666, "xmax": 768}}], [{"tid": 0, "generated": 0, "bbox": {"xmin": 416, "ymin": 391, "ymax": 456, "xmax": 513}}, {"tid": 1, "generated": 0, "bbox": {"xmin": 366, "ymin": 478, "ymax": 666, "xmax": 757}}], [{"tid": 0, "generated": 0, "bbox": {"xmin": 414, "ymin": 391, "ymax": 455, "xmax": 504}}, {"tid": 1, "generated": 0, "bbox": {"xmin": 359, "ymin": 481, "ymax": 668, "xmax": 746}}], [{"tid": 0, "generated": 0, "bbox": {"xmin": 412, "ymin": 387, "ymax": 455, "xmax": 501}}, {"tid": 1, "generated": 0, "bbox": {"xmin": 350, "ymin": 481, "ymax": 668, "xmax": 743}}], [{"tid": 0, "generated": 0, "bbox": {"xmin": 412, "ymin": 387, "ymax": 456, "xmax": 506}}, {"tid": 1, "generated": 0, "bbox": {"xmin": 343, "ymin": 481, "ymax": 670, "xmax": 743}}], [{"tid": 0, "generated": 0, "bbox": {"xmin": 412, "ymin": 384, "ymax": 455, "xmax": 512}}, {"tid": 1, "generated": 0, "bbox": {"xmin": 336, "ymin": 471, "ymax": 668, "xmax": 734}}], [{"tid": 0, "generated": 0, "bbox": {"xmin": 414, "ymin": 384, "ymax": 455, "xmax": 508}}, {"tid": 1, "generated": 0, "bbox": {"xmin": 323, "ymin": 467, "ymax": 672, "xmax": 723}}], [{"tid": 0, "generated": 0, "bbox": {"xmin": 412, "ymin": 384, "ymax": 455, "xmax": 504}}, {"tid": 1, "generated": 0, "bbox": {"xmin": 321, "ymin": 467, "ymax": 666, "xmax": 730}}], [{"tid": 0, "generated": 0, "bbox": {"xmin": 410, "ymin": 384, "ymax": 455, "xmax": 501}}, {"tid": 1, "generated": 0, "bbox": {"xmin": 312, "ymin": 467, "ymax": 659, "xmax": 723}}], [{"tid": 0, "generated": 0, "bbox": {"xmin": 408, "ymin": 384, "ymax": 455, "xmax": 497}}, {"tid": 1, "generated": 0, "bbox": {"xmin": 302, "ymin": 464, "ymax": 663, "xmax": 718}}], [{"tid": 0, "generated": 0, "bbox": {"xmin": 407, "ymin": 384, "ymax": 455, "xmax": 494}}, {"tid": 1, "generated": 0, "bbox": {"xmin": 296, "ymin": 464, "ymax": 661, "xmax": 712}}], [{"tid": 0, "generated": 0, "bbox": {"xmin": 405, "ymin": 384, "ymax": 455, "xmax": 494}}, {"tid": 1, "generated": 0, "bbox": {"xmin": 291, "ymin": 464, "ymax": 661, "xmax": 707}}], [{"tid": 0, "generated": 0, "bbox": {"xmin": 404, "ymin": 384, "ymax": 456, "xmax": 494}}, {"tid": 1, "generated": 0, "bbox": {"xmin": 291, "ymin": 465, "ymax": 663, "xmax": 696}}], [{"tid": 0, "generated": 0, "bbox": {"xmin": 403, "ymin": 384, "ymax": 456, "xmax": 495}}, {"tid": 1, "generated": 0, "bbox": {"xmin": 286, "ymin": 465, "ymax": 670, "xmax": 684}}], [{"tid": 0, "generated": 0, "bbox": {"xmin": 402, "ymin": 384, "ymax": 457, "xmax": 495}}, {"tid": 1, "generated": 0, "bbox": {"xmin": 279, "ymin": 465, "ymax": 664, "xmax": 684}}], [{"tid": 0, "generated": 0, "bbox": {"xmin": 401, "ymin": 384, "ymax": 457, "xmax": 495}}, {"tid": 1, "generated": 0, "bbox": {"xmin": 272, "ymin": 467, "ymax": 666, "xmax": 684}}], [{"tid": 0, "generated": 0, "bbox": {"xmin": 400, "ymin": 385, "ymax": 458, "xmax": 496}}, {"tid": 1, "generated": 0, "bbox": {"xmin": 266, "ymin": 467, "ymax": 668, "xmax": 677}}], [{"tid": 0, "generated": 0, "bbox": {"xmin": 398, "ymin": 380, "ymax": 456, "xmax": 490}}, {"tid": 1, "generated": 0, "bbox": {"xmin": 266, "ymin": 467, "ymax": 666, "xmax": 670}}], [{"tid": 0, "generated": 0, "bbox": {"xmin": 396, "ymin": 380, "ymax": 455, "xmax": 486}}, {"tid": 1, "generated": 0, "bbox": {"xmin": 263, "ymin": 467, "ymax": 664, "xmax": 666}}], [{"tid": 0, "generated": 0, "bbox": {"xmin": 394, "ymin": 380, "ymax": 455, "xmax": 482}}, {"tid": 1, "generated": 0, "bbox": {"xmin": 261, "ymin": 467, "ymax": 666, "xmax": 664}}], [{"tid": 0, "generated": 0, "bbox": {"xmin": 393, "ymin": 380, "ymax": 454, "xmax": 479}}, {"tid": 1, "generated": 0, "bbox": {"xmin": 259, "ymin": 467, "ymax": 664, "xmax": 659}}], [{"tid": 0, "generated": 0, "bbox": {"xmin": 391, "ymin": 381, "ymax": 454, "xmax": 475}}, {"tid": 1, "generated": 0, "bbox": {"xmin": 250, "ymin": 467, "ymax": 664, "xmax": 650}}], [{"tid": 0, "generated": 0, "bbox": {"xmin": 390, "ymin": 381, "ymax": 453, "xmax": 472}}, {"tid": 1, "generated": 0, "bbox": {"xmin": 243, "ymin": 465, "ymax": 663, "xmax": 636}}], [{"tid": 0, "generated": 0, "bbox": {"xmin": 388, "ymin": 381, "ymax": 453, "xmax": 468}}, {"tid": 1, "generated": 0, "bbox": {"xmin": 241, "ymin": 471, "ymax": 666, "xmax": 636}}], [{"tid": 0, "generated": 0, "bbox": {"xmin": 387, "ymin": 382, "ymax": 453, "xmax": 465}}, {"tid": 1, "generated": 0, "bbox": {"xmin": 236, "ymin": 471, "ymax": 664, "xmax": 631}}], [{"tid": 0, "generated": 0, "bbox": {"xmin": 385, "ymin": 383, "ymax": 454, "xmax": 461}}, {"tid": 1, "generated": 0, "bbox": {"xmin": 227, "ymin": 467, "ymax": 664, "xmax": 624}}]], "subject/objects": [{"category": "bird", "tid": 0}, {"category": "rabbit", "tid": 1}], "relation_instances": [{"end_fid": 60, "subject_tid": 0, "predicate": "walk_behind", "begin_fid": 30, "object_tid": 1}, {"end_fid": 60, "subject_tid": 1, "predicate": "lie_front", "begin_fid": 30, "object_tid": 0}, {"end_fid": 120, "subject_tid": 0, "predicate": "walk_behind", "begin_fid": 90, "object_tid": 1}, {"end_fid": 120, "subject_tid": 1, "predicate": "lie_front", "begin_fid": 90, "object_tid": 0}], "height": 720}