{"width": 1280, "frame_count": 31, "video_id": "ILSVRC2015_train_00051020", "fps": 24, "trajectories": [[{"tid": 0, "generated": 0, "bbox": {"xmin": 378, "ymin": 138, "ymax": 551, "xmax": 1264}}, {"tid": 1, "generated": 0, "bbox": {"xmin": 538, "ymin": 417, "ymax": 569, "xmax": 693}}], [{"tid": 0, "generated": 0, "bbox": {"xmin": 385, "ymin": 138, "ymax": 551, "xmax": 1264}}, {"tid": 1, "generated": 0, "bbox": {"xmin": 532, "ymin": 412, "ymax": 564, "xmax": 687}}], [{"tid": 0, "generated": 0, "bbox": {"xmin": 392, "ymin": 138, "ymax": 551, "xmax": 1264}}, {"tid": 1, "generated": 0, "bbox": {"xmin": 526, "ymin": 406, "ymax": 558, "xmax": 681}}], [{"tid": 0, "generated": 0, "bbox": {"xmin": 390, "ymin": 137, "ymax": 550, "xmax": 1263}}, {"tid": 1, "generated": 0, "bbox": {"xmin": 520, "ymin": 401, "ymax": 553, "xmax": 675}}], [{"tid": 0, "generated": 0, "bbox": {"xmin": 389, "ymin": 136, "ymax": 549, "xmax": 1262}}, {"tid": 1, "generated": 0, "bbox": {"xmin": 514, "ymin": 395, "ymax": 547, "xmax": 669}}], [{"tid": 0, "generated": 0, "bbox": {"xmin": 388, "ymin": 136, "ymax": 548, "xmax": 1261}}, {"tid": 1, "generated": 0, "bbox": {"xmin": 508, "ymin": 390, "ymax": 542, "xmax": 663}}], [{"tid": 0, "generated": 0, "bbox": {"xmin": 387, "ymin": 135, "ymax": 548, "xmax": 1260}}, {"tid": 1, "generated": 0, "bbox": {"xmin": 510, "ymin": 386, "ymax": 536, "xmax": 663}}], [{"tid": 0, "generated": 0, "bbox": {"xmin": 385, "ymin": 134, "ymax": 547, "xmax": 1259}}, {"tid": 1, "generated": 0, "bbox": {"xmin": 512, "ymin": 382, "ymax": 529, "xmax": 663}}], [{"tid": 0, "generated": 0, "bbox": {"xmin": 384, "ymin": 134, "ymax": 546, "xmax": 1258}}, {"tid": 1, "generated": 0, "bbox": {"xmin": 514, "ymin": 377, "ymax": 523, "xmax": 663}}], [{"tid": 0, "generated": 0, "bbox": {"xmin": 383, "ymin": 133, "ymax": 545, "xmax": 1257}}, {"tid": 1, "generated": 0, "bbox": {"xmin": 516, "ymin": 373, "ymax": 516, "xmax": 663}}], [{"tid": 0, "generated": 0, "bbox": {"xmin": 382, "ymin": 133, "ymax": 545, "xmax": 1256}}, {"tid": 1, "generated": 0, "bbox": {"xmin": 518, "ymin": 369, "ymax": 510, "xmax": 663}}], [{"tid": 0, "generated": 0, "bbox": {"xmin": 382, "ymin": 126, "ymax": 545, "xmax": 1256}}, {"tid": 1, "generated": 0, "bbox": {"xmin": 514, "ymin": 368, "ymax": 509, "xmax": 659}}], [{"tid": 0, "generated": 0, "bbox": {"xmin": 382, "ymin": 115, "ymax": 545, "xmax": 1256}}, {"tid": 1, "generated": 0, "bbox": {"xmin": 509, "ymin": 366, "ymax": 507, "xmax": 654}}], [{"tid": 0, "generated": 0, "bbox": {"xmin": 387, "ymin": 113, "ymax": 545, "xmax": 1256}}, {"tid": 1, "generated": 0, "bbox": {"xmin": 505, "ymin": 365, "ymax": 506, "xmax": 650}}], [{"tid": 0, "generated": 0, "bbox": {"xmin": 387, "ymin": 119, "ymax": 545, "xmax": 1256}}, {"tid": 1, "generated": 0, "bbox": {"xmin": 500, "ymin": 363, "ymax": 504, "xmax": 645}}], [{"tid": 0, "generated": 0, "bbox": {"xmin": 385, "ymin": 118, "ymax": 545, "xmax": 1256}}, {"tid": 1, "generated": 0, "bbox": {"xmin": 496, "ymin": 362, "ymax": 503, "xmax": 641}}], [{"tid": 0, "generated": 0, "bbox": {"xmin": 383, "ymin": 118, "ymax": 545, "xmax": 1256}}, {"tid": 1, "generated": 0, "bbox": {"xmin": 495, "ymin": 361, "ymax": 502, "xmax": 640}}], [{"tid": 0, "generated": 0, "bbox": {"xmin": 381, "ymin": 117, "ymax": 545, "xmax": 1256}}, {"tid": 1, "generated": 0, "bbox": {"xmin": 495, "ymin": 360, "ymax": 501, "xmax": 640}}], [{"tid": 0, "generated": 0, "bbox": {"xmin": 379, "ymin": 117, "ymax": 545, "xmax": 1256}}, {"tid": 1, "generated": 0, "bbox": {"xmin": 494, "ymin": 358, "ymax": 499, "xmax": 639}}], [{"tid": 0, "generated": 0, "bbox": {"xmin": 378, "ymin": 117, "ymax": 545, "xmax": 1256}}, {"tid": 1, "generated": 0, "bbox": {"xmin": 494, "ymin": 357, "ymax": 498, "xmax": 639}}], [{"tid": 0, "generated": 0, "bbox": {"xmin": 380, "ymin": 116, "ymax": 545, "xmax": 1257}}, {"tid": 1, "generated": 0, "bbox": {"xmin": 493, "ymin": 356, "ymax": 497, "xmax": 638}}], [{"tid": 0, "generated": 0, "bbox": {"xmin": 382, "ymin": 115, "ymax": 545, "xmax": 1258}}, {"tid": 1, "generated": 0, "bbox": {"xmin": 491, "ymin": 356, "ymax": 497, "xmax": 636}}], [{"tid": 0, "generated": 0, "bbox": {"xmin": 385, "ymin": 115, "ymax": 545, "xmax": 1260}}, {"tid": 1, "generated": 0, "bbox": {"xmin": 488, "ymin": 355, "ymax": 496, "xmax": 633}}], [{"tid": 0, "generated": 0, "bbox": {"xmin": 396, "ymin": 120, "ymax": 545, "xmax": 1260}}, {"tid": 1, "generated": 0, "bbox": {"xmin": 486, "ymin": 355, "ymax": 496, "xmax": 631}}], [{"tid": 0, "generated": 0, "bbox": {"xmin": 408, "ymin": 122, "ymax": 545, "xmax": 1260}}, {"tid": 1, "generated": 0, "bbox": {"xmin": 483, "ymin": 354, "ymax": 495, "xmax": 628}}], [{"tid": 0, "generated": 0, "bbox": {"xmin": 408, "ymin": 122, "ymax": 544, "xmax": 1260}}, {"tid": 1, "generated": 0, "bbox": {"xmin": 481, "ymin": 354, "ymax": 495, "xmax": 626}}], [{"tid": 0, "generated": 0, "bbox": {"xmin": 408, "ymin": 122, "ymax": 543, "xmax": 1260}}, {"tid": 1, "generated": 0, "bbox": {"xmin": 481, "ymin": 354, "ymax": 495, "xmax": 626}}], [{"tid": 0, "generated": 0, "bbox": {"xmin": 408, "ymin": 123, "ymax": 542, "xmax": 1260}}, {"tid": 1, "generated": 0, "bbox": {"xmin": 481, "ymin": 354, "ymax": 495, "xmax": 626}}], [{"tid": 0, "generated": 0, "bbox": {"xmin": 408, "ymin": 123, "ymax": 541, "xmax": 1260}}, {"tid": 1, "generated": 0, "bbox": {"xmin": 481, "ymin": 354, "ymax": 495, "xmax": 626}}], [{"tid": 0, "generated": 0, "bbox": {"xmin": 408, "ymin": 124, "ymax": 540, "xmax": 1260}}, {"tid": 1, "generated": 0, "bbox": {"xmin": 481, "ymin": 354, "ymax": 495, "xmax": 626}}]], "subject/objects": [{"category": "domestic_cat", "tid": 0}, {"category": "ball", "tid": 1}], "relation_instances": [{"end_fid": 30, "subject_tid": 0, "predicate": "lie_behind", "begin_fid": 0, "object_tid": 1}, {"end_fid": 30, "subject_tid": 0, "predicate": "taller", "begin_fid": 0, "object_tid": 1}, {"end_fid": 30, "subject_tid": 0, "predicate": "larger", "begin_fid": 0, "object_tid": 1}, {"end_fid": 30, "subject_tid": 0, "predicate": "play", "begin_fid": 0, "object_tid": 1}, {"end_fid": 30, "subject_tid": 1, "predicate": "front", "begin_fid": 0, "object_tid": 0}], "height": 720}