{"width": 1280, "frame_count": 161, "video_id": "ILSVRC2015_train_00962001", "fps": 29, "trajectories": [[{"tid": 0, "generated": 0, "bbox": {"xmin": 179, "ymin": 234, "ymax": 494, "xmax": 1276}}, {"tid": 1, "generated": 0, "bbox": {"xmin": 906, "ymin": 185, "ymax": 364, "xmax": 1065}}], [{"tid": 0, "generated": 0, "bbox": {"xmin": 172, "ymin": 225, "ymax": 513, "xmax": 1276}}, {"tid": 1, "generated": 0, "bbox": {"xmin": 903, "ymin": 195, "ymax": 374, "xmax": 1062}}], [{"tid": 0, "generated": 0, "bbox": {"xmin": 160, "ymin": 248, "ymax": 517, "xmax": 1272}}, {"tid": 1, "generated": 0, "bbox": {"xmin": 900, "ymin": 204, "ymax": 383, "xmax": 1059}}], [{"tid": 0, "generated": 0, "bbox": {"xmin": 145, "ymin": 263, "ymax": 520, "xmax": 1276}}, {"tid": 1, "generated": 0, "bbox": {"xmin": 898, "ymin": 214, "ymax": 393, "xmax": 1057}}], [{"tid": 0, "generated": 0, "bbox": {"xmin": 120, "ymin": 273, "ymax": 542, "xmax": 1276}}, {"tid": 1, "generated": 0, "bbox": {"xmin": 895, "ymin": 223, "ymax": 402, "xmax": 1054}}], [{"tid": 0, "generated": 0, "bbox": {"xmin": 103, "ymin": 289, "ymax": 565, "xmax": 1276}}, {"tid": 1, "generated": 0, "bbox": {"xmin": 892, "ymin": 233, "ymax": 412, "xmax": 1051}}], [{"tid": 0, "generated": 0, "bbox": {"xmin": 87, "ymin": 307, "ymax": 590, "xmax": 1276}}, {"tid": 1, "generated": 0, "bbox": {"xmin": 886, "ymin": 247, "ymax": 426, "xmax": 1045}}], [{"tid": 0, "generated": 0, "bbox": {"xmin": 64, "ymin": 320, "ymax": 599, "xmax": 1278}}, {"tid": 1, "generated": 0, "bbox": {"xmin": 881, "ymin": 260, "ymax": 439, "xmax": 1040}}], [{"tid": 0, "generated": 0, "bbox": {"xmin": 56, "ymin": 346, "ymax": 618, "xmax": 1274}}, {"tid": 1, "generated": 0, "bbox": {"xmin": 875, "ymin": 274, "ymax": 453, "xmax": 1034}}], [{"tid": 0, "generated": 0, "bbox": {"xmin": 40, "ymin": 357, "ymax": 615, "xmax": 1271}}, {"tid": 1, "generated": 0, "bbox": {"xmin": 870, "ymin": 287, "ymax": 466, "xmax": 1029}}], [{"tid": 0, "generated": 0, "bbox": {"xmin": 37, "ymin": 368, "ymax": 627, "xmax": 1276}}, {"tid": 1, "generated": 0, "bbox": {"xmin": 864, "ymin": 301, "ymax": 480, "xmax": 1023}}], [{"tid": 0, "generated": 0, "bbox": {"xmin": 33, "ymin": 384, "ymax": 627, "xmax": 1276}}, {"tid": 1, "generated": 0, "bbox": {"xmin": 869, "ymin": 308, "ymax": 487, "xmax": 1028}}], [{"tid": 0, "generated": 0, "bbox": {"xmin": 28, "ymin": 385, "ymax": 630, "xmax": 1274}}, {"tid": 1, "generated": 0, "bbox": {"xmin": 875, "ymin": 316, "ymax": 495, "xmax": 1034}}], [{"tid": 0, "generated": 0, "bbox": {"xmin": 24, "ymin": 387, "ymax": 634, "xmax": 1272}}, {"tid": 1, "generated": 0, "bbox": {"xmin": 880, "ymin": 323, "ymax": 502, "xmax": 1039}}], [{"tid": 0, "generated": 0, "bbox": {"xmin": 21, "ymin": 389, "ymax": 668, "xmax": 1274}}, {"tid": 1, "generated": 0, "bbox": {"xmin": 886, "ymin": 331, "ymax": 510, "xmax": 1045}}], [{"tid": 0, "generated": 0, "bbox": {"xmin": 17, "ymin": 378, "ymax": 666, "xmax": 1272}}, {"tid": 1, "generated": 0, "bbox": {"xmin": 891, "ymin": 338, "ymax": 517, "xmax": 1050}}], [{"tid": 0, "generated": 0, "bbox": {"xmin": 8, "ymin": 378, "ymax": 670, "xmax": 1269}}, {"tid": 1, "generated": 0, "bbox": {"xmin": 890, "ymin": 325, "ymax": 509, "xmax": 1056}}], [{"tid": 0, "generated": 0, "bbox": {"xmin": 0, "ymin": 360, "ymax": 666, "xmax": 1276}}, {"tid": 1, "generated": 0, "bbox": {"xmin": 888, "ymin": 312, "ymax": 501, "xmax": 1062}}], [{"tid": 0, "generated": 0, "bbox": {"xmin": 0, "ymin": 353, "ymax": 663, "xmax": 1274}}, {"tid": 1, "generated": 0, "bbox": {"xmin": 887, "ymin": 299, "ymax": 492, "xmax": 1067}}], [{"tid": 0, "generated": 0, "bbox": {"xmin": 0, "ymin": 343, "ymax": 647, "xmax": 1272}}, {"tid": 1, "generated": 0, "bbox": {"xmin": 885, "ymin": 286, "ymax": 484, "xmax": 1073}}], [{"tid": 0, "generated": 0, "bbox": {"xmin": 0, "ymin": 332, "ymax": 640, "xmax": 1272}}, {"tid": 1, "generated": 0, "bbox": {"xmin": 884, "ymin": 273, "ymax": 476, "xmax": 1079}}], [{"tid": 0, "generated": 0, "bbox": {"xmin": 0, "ymin": 307, "ymax": 615, "xmax": 1271}}, {"tid": 1, "generated": 0, "bbox": {"xmin": 880, "ymin": 239, "ymax": 443, "xmax": 1077}}], [{"tid": 0, "generated": 0, "bbox": {"xmin": 0, "ymin": 282, "ymax": 590, "xmax": 1271}}, {"tid": 1, "generated": 0, "bbox": {"xmin": 876, "ymin": 204, "ymax": 410, "xmax": 1075}}], [{"tid": 0, "generated": 0, "bbox": {"xmin": 0, "ymin": 247, "ymax": 583, "xmax": 1276}}, {"tid": 1, "generated": 0, "bbox": {"xmin": 871, "ymin": 170, "ymax": 376, "xmax": 1072}}], [{"tid": 0, "generated": 0, "bbox": {"xmin": 0, "ymin": 232, "ymax": 544, "xmax": 1274}}, {"tid": 1, "generated": 0, "bbox": {"xmin": 867, "ymin": 135, "ymax": 343, "xmax": 1070}}], [{"tid": 0, "generated": 0, "bbox": {"xmin": 0, "ymin": 192, "ymax": 513, "xmax": 1276}}, {"tid": 1, "generated": 0, "bbox": {"xmin": 863, "ymin": 101, "ymax": 310, "xmax": 1068}}], [{"tid": 0, "generated": 0, "bbox": {"xmin": 0, "ymin": 167, "ymax": 497, "xmax": 1276}}, {"tid": 1, "generated": 0, "bbox": {"xmin": 861, "ymin": 96, "ymax": 305, "xmax": 1066}}], [{"tid": 0, "generated": 0, "bbox": {"xmin": 0, "ymin": 167, "ymax": 497, "xmax": 1276}}, {"tid": 1, "generated": 0, "bbox": {"xmin": 858, "ymin": 92, "ymax": 301, "xmax": 1063}}], [{"tid": 0, "generated": 0, "bbox": {"xmin": 1, "ymin": 167, "ymax": 497, "xmax": 1278}}, {"tid": 1, "generated": 0, "bbox": {"xmin": 856, "ymin": 87, "ymax": 296, "xmax": 1061}}], [{"tid": 0, "generated": 0, "bbox": {"xmin": 0, "ymin": 151, "ymax": 482, "xmax": 1278}}, {"tid": 1, "generated": 0, "bbox": {"xmin": 853, "ymin": 83, "ymax": 292, "xmax": 1058}}], [], [], [], [], [], [], [], [], [], [], [], [], [], [], [], [], [], [], [], [], [], [], [], [], [], [], [], [], [], [], [{"tid": 0, "generated": 0, "bbox": {"xmin": 0, "ymin": 135, "ymax": 480, "xmax": 1274}}, {"tid": 1, "generated": 0, "bbox": {"xmin": 604, "ymin": 63, "ymax": 263, "xmax": 792}}], [{"tid": 0, "generated": 0, "bbox": {"xmin": 0, "ymin": 140, "ymax": 478, "xmax": 1275}}, {"tid": 1, "generated": 0, "bbox": {"xmin": 644, "ymin": 70, "ymax": 270, "xmax": 832}}], [{"tid": 0, "generated": 0, "bbox": {"xmin": 0, "ymin": 145, "ymax": 476, "xmax": 1276}}, {"tid": 1, "generated": 0, "bbox": {"xmin": 683, "ymin": 78, "ymax": 278, "xmax": 871}}], [{"tid": 0, "generated": 0, "bbox": {"xmin": 0, "ymin": 150, "ymax": 474, "xmax": 1277}}, {"tid": 1, "generated": 0, "bbox": {"xmin": 723, "ymin": 85, "ymax": 285, "xmax": 911}}], [{"tid": 0, "generated": 0, "bbox": {"xmin": 0, "ymin": 156, "ymax": 472, "xmax": 1278}}, {"tid": 1, "generated": 0, "bbox": {"xmin": 762, "ymin": 93, "ymax": 293, "xmax": 950}}], [{"tid": 0, "generated": 0, "bbox": {"xmin": 0, "ymin": 158, "ymax": 475, "xmax": 1278}}, {"tid": 1, "generated": 0, "bbox": {"xmin": 802, "ymin": 100, "ymax": 300, "xmax": 990}}], [{"tid": 0, "generated": 0, "bbox": {"xmin": 0, "ymin": 160, "ymax": 478, "xmax": 1278}}, {"tid": 1, "generated": 0, "bbox": {"xmin": 812, "ymin": 102, "ymax": 302, "xmax": 1000}}], [{"tid": 0, "generated": 0, "bbox": {"xmin": 0, "ymin": 157, "ymax": 485, "xmax": 1278}}, {"tid": 1, "generated": 0, "bbox": {"xmin": 822, "ymin": 104, "ymax": 304, "xmax": 1010}}], [{"tid": 0, "generated": 0, "bbox": {"xmin": 0, "ymin": 154, "ymax": 492, "xmax": 1278}}, {"tid": 1, "generated": 0, "bbox": {"xmin": 832, "ymin": 107, "ymax": 307, "xmax": 1020}}], [{"tid": 0, "generated": 0, "bbox": {"xmin": 0, "ymin": 161, "ymax": 492, "xmax": 1276}}, {"tid": 1, "generated": 0, "bbox": {"xmin": 842, "ymin": 109, "ymax": 309, "xmax": 1030}}], [{"tid": 0, "generated": 0, "bbox": {"xmin": 0, "ymin": 170, "ymax": 494, "xmax": 1276}}, {"tid": 1, "generated": 0, "bbox": {"xmin": 852, "ymin": 111, "ymax": 311, "xmax": 1040}}], [{"tid": 0, "generated": 0, "bbox": {"xmin": 0, "ymin": 180, "ymax": 507, "xmax": 1276}}, {"tid": 1, "generated": 0, "bbox": {"xmin": 859, "ymin": 118, "ymax": 318, "xmax": 1048}}], [{"tid": 0, "generated": 0, "bbox": {"xmin": 0, "ymin": 190, "ymax": 520, "xmax": 1276}}, {"tid": 1, "generated": 0, "bbox": {"xmin": 865, "ymin": 124, "ymax": 324, "xmax": 1056}}], [{"tid": 0, "generated": 0, "bbox": {"xmin": 0, "ymin": 200, "ymax": 533, "xmax": 1276}}, {"tid": 1, "generated": 0, "bbox": {"xmin": 872, "ymin": 131, "ymax": 331, "xmax": 1064}}], [{"tid": 0, "generated": 0, "bbox": {"xmin": 0, "ymin": 209, "ymax": 544, "xmax": 1276}}, {"tid": 1, "generated": 0, "bbox": {"xmin": 878, "ymin": 137, "ymax": 337, "xmax": 1072}}], [{"tid": 0, "generated": 0, "bbox": {"xmin": 0, "ymin": 218, "ymax": 556, "xmax": 1276}}, {"tid": 1, "generated": 0, "bbox": {"xmin": 885, "ymin": 144, "ymax": 344, "xmax": 1080}}], [{"tid": 0, "generated": 0, "bbox": {"xmin": 0, "ymin": 218, "ymax": 542, "xmax": 1276}}, {"tid": 1, "generated": 0, "bbox": {"xmin": 894, "ymin": 149, "ymax": 346, "xmax": 1088}}], [{"tid": 0, "generated": 0, "bbox": {"xmin": 0, "ymin": 218, "ymax": 528, "xmax": 1276}}, {"tid": 1, "generated": 0, "bbox": {"xmin": 904, "ymin": 154, "ymax": 349, "xmax": 1097}}], [{"tid": 0, "generated": 0, "bbox": {"xmin": 0, "ymin": 219, "ymax": 514, "xmax": 1276}}, {"tid": 1, "generated": 0, "bbox": {"xmin": 913, "ymin": 160, "ymax": 351, "xmax": 1105}}], [{"tid": 0, "generated": 0, "bbox": {"xmin": 0, "ymin": 219, "ymax": 500, "xmax": 1276}}, {"tid": 1, "generated": 0, "bbox": {"xmin": 923, "ymin": 165, "ymax": 354, "xmax": 1114}}], [{"tid": 0, "generated": 0, "bbox": {"xmin": 0, "ymin": 220, "ymax": 487, "xmax": 1276}}, {"tid": 1, "generated": 0, "bbox": {"xmin": 932, "ymin": 170, "ymax": 356, "xmax": 1122}}], [{"tid": 0, "generated": 0, "bbox": {"xmin": 1, "ymin": 212, "ymax": 489, "xmax": 1277}}, {"tid": 1, "generated": 0, "bbox": {"xmin": 943, "ymin": 168, "ymax": 352, "xmax": 1130}}], [{"tid": 0, "generated": 0, "bbox": {"xmin": 3, "ymin": 204, "ymax": 492, "xmax": 1278}}, {"tid": 1, "generated": 0, "bbox": {"xmin": 955, "ymin": 166, "ymax": 347, "xmax": 1138}}], [{"tid": 0, "generated": 0, "bbox": {"xmin": 5, "ymin": 193, "ymax": 497, "xmax": 1278}}, {"tid": 1, "generated": 0, "bbox": {"xmin": 966, "ymin": 163, "ymax": 343, "xmax": 1145}}], [{"tid": 0, "generated": 0, "bbox": {"xmin": 17, "ymin": 179, "ymax": 499, "xmax": 1278}}, {"tid": 1, "generated": 0, "bbox": {"xmin": 978, "ymin": 161, "ymax": 338, "xmax": 1153}}], [{"tid": 0, "generated": 0, "bbox": {"xmin": 17, "ymin": 172, "ymax": 504, "xmax": 1278}}, {"tid": 1, "generated": 0, "bbox": {"xmin": 989, "ymin": 159, "ymax": 334, "xmax": 1161}}], [{"tid": 0, "generated": 0, "bbox": {"xmin": 24, "ymin": 165, "ymax": 508, "xmax": 1278}}, {"tid": 1, "generated": 0, "bbox": {"xmin": 984, "ymin": 164, "ymax": 339, "xmax": 1156}}], [{"tid": 0, "generated": 0, "bbox": {"xmin": 23, "ymin": 170, "ymax": 512, "xmax": 1278}}, {"tid": 1, "generated": 0, "bbox": {"xmin": 979, "ymin": 169, "ymax": 344, "xmax": 1151}}], [{"tid": 0, "generated": 0, "bbox": {"xmin": 23, "ymin": 177, "ymax": 519, "xmax": 1277}}, {"tid": 1, "generated": 0, "bbox": {"xmin": 975, "ymin": 174, "ymax": 349, "xmax": 1147}}], [{"tid": 0, "generated": 0, "bbox": {"xmin": 23, "ymin": 184, "ymax": 526, "xmax": 1276}}, {"tid": 1, "generated": 0, "bbox": {"xmin": 970, "ymin": 179, "ymax": 354, "xmax": 1142}}], [], [], [], [], [], [], [], [], [], [], [], [], [], [], [], [], [], [], [], [], [], [], [], [], [], [], [], [], [], [], [{"tid": 0, "generated": 0, "bbox": {"xmin": 0, "ymin": 250, "ymax": 561, "xmax": 1278}}, {"tid": 1, "generated": 0, "bbox": {"xmin": 653, "ymin": 191, "ymax": 372, "xmax": 841}}], [{"tid": 0, "generated": 0, "bbox": {"xmin": 0, "ymin": 260, "ymax": 558, "xmax": 1277}}, {"tid": 1, "generated": 0, "bbox": {"xmin": 650, "ymin": 200, "ymax": 380, "xmax": 837}}], [{"tid": 0, "generated": 0, "bbox": {"xmin": 0, "ymin": 270, "ymax": 556, "xmax": 1276}}, {"tid": 1, "generated": 0, "bbox": {"xmin": 647, "ymin": 208, "ymax": 388, "xmax": 833}}], [{"tid": 0, "generated": 0, "bbox": {"xmin": 0, "ymin": 280, "ymax": 567, "xmax": 1278}}, {"tid": 1, "generated": 0, "bbox": {"xmin": 644, "ymin": 217, "ymax": 397, "xmax": 829}}], [{"tid": 0, "generated": 0, "bbox": {"xmin": 1, "ymin": 289, "ymax": 577, "xmax": 1278}}, {"tid": 1, "generated": 0, "bbox": {"xmin": 641, "ymin": 225, "ymax": 405, "xmax": 825}}], [{"tid": 0, "generated": 0, "bbox": {"xmin": 0, "ymin": 296, "ymax": 588, "xmax": 1276}}, {"tid": 1, "generated": 0, "bbox": {"xmin": 638, "ymin": 234, "ymax": 413, "xmax": 821}}], [{"tid": 0, "generated": 0, "bbox": {"xmin": 0, "ymin": 300, "ymax": 594, "xmax": 1276}}, {"tid": 1, "generated": 0, "bbox": {"xmin": 651, "ymin": 237, "ymax": 415, "xmax": 831}}], [{"tid": 0, "generated": 0, "bbox": {"xmin": 0, "ymin": 304, "ymax": 600, "xmax": 1276}}, {"tid": 1, "generated": 0, "bbox": {"xmin": 664, "ymin": 240, "ymax": 418, "xmax": 842}}], [{"tid": 0, "generated": 0, "bbox": {"xmin": 0, "ymin": 300, "ymax": 586, "xmax": 1272}}, {"tid": 1, "generated": 0, "bbox": {"xmin": 677, "ymin": 242, "ymax": 420, "xmax": 852}}], [{"tid": 0, "generated": 0, "bbox": {"xmin": 0, "ymin": 296, "ymax": 590, "xmax": 1275}}, {"tid": 1, "generated": 0, "bbox": {"xmin": 690, "ymin": 245, "ymax": 423, "xmax": 863}}], [{"tid": 0, "generated": 0, "bbox": {"xmin": 0, "ymin": 293, "ymax": 595, "xmax": 1278}}, {"tid": 1, "generated": 0, "bbox": {"xmin": 703, "ymin": 248, "ymax": 425, "xmax": 873}}], [{"tid": 0, "generated": 0, "bbox": {"xmin": 0, "ymin": 284, "ymax": 584, "xmax": 1278}}, {"tid": 1, "generated": 0, "bbox": {"xmin": 717, "ymin": 246, "ymax": 420, "xmax": 886}}], [{"tid": 0, "generated": 0, "bbox": {"xmin": 1, "ymin": 277, "ymax": 577, "xmax": 1278}}, {"tid": 1, "generated": 0, "bbox": {"xmin": 731, "ymin": 244, "ymax": 414, "xmax": 899}}], [{"tid": 0, "generated": 0, "bbox": {"xmin": 0, "ymin": 275, "ymax": 574, "xmax": 1276}}, {"tid": 1, "generated": 0, "bbox": {"xmin": 744, "ymin": 241, "ymax": 409, "xmax": 912}}], [{"tid": 0, "generated": 0, "bbox": {"xmin": 0, "ymin": 280, "ymax": 567, "xmax": 1274}}, {"tid": 1, "generated": 0, "bbox": {"xmin": 758, "ymin": 239, "ymax": 403, "xmax": 925}}], [{"tid": 0, "generated": 0, "bbox": {"xmin": 0, "ymin": 284, "ymax": 570, "xmax": 1278}}, {"tid": 1, "generated": 0, "bbox": {"xmin": 772, "ymin": 237, "ymax": 398, "xmax": 938}}], [{"tid": 0, "generated": 0, "bbox": {"xmin": 0, "ymin": 288, "ymax": 576, "xmax": 1278}}, {"tid": 1, "generated": 0, "bbox": {"xmin": 776, "ymin": 240, "ymax": 401, "xmax": 942}}], [{"tid": 0, "generated": 0, "bbox": {"xmin": 0, "ymin": 292, "ymax": 582, "xmax": 1278}}, {"tid": 1, "generated": 0, "bbox": {"xmin": 779, "ymin": 243, "ymax": 404, "xmax": 945}}], [{"tid": 0, "generated": 0, "bbox": {"xmin": 0, "ymin": 296, "ymax": 588, "xmax": 1278}}, {"tid": 1, "generated": 0, "bbox": {"xmin": 783, "ymin": 247, "ymax": 408, "xmax": 949}}], [{"tid": 0, "generated": 0, "bbox": {"xmin": 0, "ymin": 300, "ymax": 594, "xmax": 1278}}, {"tid": 1, "generated": 0, "bbox": {"xmin": 786, "ymin": 250, "ymax": 411, "xmax": 952}}], [{"tid": 0, "generated": 0, "bbox": {"xmin": 0, "ymin": 305, "ymax": 600, "xmax": 1278}}, {"tid": 1, "generated": 0, "bbox": {"xmin": 790, "ymin": 253, "ymax": 414, "xmax": 956}}], [{"tid": 0, "generated": 0, "bbox": {"xmin": 0, "ymin": 313, "ymax": 608, "xmax": 1278}}, {"tid": 1, "generated": 0, "bbox": {"xmin": 788, "ymin": 258, "ymax": 419, "xmax": 954}}], [{"tid": 0, "generated": 0, "bbox": {"xmin": 0, "ymin": 321, "ymax": 616, "xmax": 1278}}, {"tid": 1, "generated": 0, "bbox": {"xmin": 786, "ymin": 263, "ymax": 424, "xmax": 952}}], [{"tid": 0, "generated": 0, "bbox": {"xmin": 3, "ymin": 324, "ymax": 618, "xmax": 1278}}, {"tid": 1, "generated": 0, "bbox": {"xmin": 784, "ymin": 268, "ymax": 429, "xmax": 950}}], [{"tid": 0, "generated": 0, "bbox": {"xmin": 7, "ymin": 327, "ymax": 620, "xmax": 1278}}, {"tid": 1, "generated": 0, "bbox": {"xmin": 782, "ymin": 273, "ymax": 434, "xmax": 948}}], [{"tid": 0, "generated": 0, "bbox": {"xmin": 5, "ymin": 325, "ymax": 614, "xmax": 1276}}, {"tid": 1, "generated": 0, "bbox": {"xmin": 780, "ymin": 278, "ymax": 439, "xmax": 946}}], [{"tid": 0, "generated": 0, "bbox": {"xmin": 3, "ymin": 324, "ymax": 608, "xmax": 1274}}, {"tid": 1, "generated": 0, "bbox": {"xmin": 782, "ymin": 274, "ymax": 436, "xmax": 948}}], [{"tid": 0, "generated": 0, "bbox": {"xmin": 1, "ymin": 323, "ymax": 602, "xmax": 1272}}, {"tid": 1, "generated": 0, "bbox": {"xmin": 784, "ymin": 271, "ymax": 432, "xmax": 950}}], [{"tid": 0, "generated": 0, "bbox": {"xmin": 1, "ymin": 312, "ymax": 597, "xmax": 1276}}, {"tid": 1, "generated": 0, "bbox": {"xmin": 785, "ymin": 267, "ymax": 429, "xmax": 953}}], [{"tid": 0, "generated": 0, "bbox": {"xmin": 0, "ymin": 305, "ymax": 592, "xmax": 1276}}, {"tid": 1, "generated": 0, "bbox": {"xmin": 787, "ymin": 264, "ymax": 425, "xmax": 955}}]], "subject/objects": [{"category": "watercraft", "tid": 0}, {"category": "person", "tid": 1}], "relation_instances": [{"end_fid": 30, "subject_tid": 1, "predicate": "sit_inside", "begin_fid": 0, "object_tid": 0}, {"end_fid": 30, "subject_tid": 1, "predicate": "drive", "begin_fid": 0, "object_tid": 0}, {"end_fid": 90, "subject_tid": 0, "predicate": "move_beneath", "begin_fid": 60, "object_tid": 1}, {"end_fid": 90, "subject_tid": 1, "predicate": "above", "begin_fid": 60, "object_tid": 0}, {"end_fid": 90, "subject_tid": 1, "predicate": "ride", "begin_fid": 60, "object_tid": 0}, {"end_fid": 150, "subject_tid": 1, "predicate": "sit_inside", "begin_fid": 120, "object_tid": 0}, {"end_fid": 150, "subject_tid": 1, "predicate": "drive", "begin_fid": 120, "object_tid": 0}], "height": 720}