{"width": 480, "frame_count": 113, "video_id": "ILSVRC2015_train_00302012", "fps": 30, "trajectories": [[{"tid": 1, "generated": 0, "bbox": {"xmin": 90, "ymin": 242, "ymax": 311, "xmax": 262}}, {"tid": 3, "generated": 0, "bbox": {"xmin": 6, "ymin": 319, "ymax": 359, "xmax": 53}}], [{"tid": 1, "generated": 0, "bbox": {"xmin": 91, "ymin": 242, "ymax": 311, "xmax": 263}}, {"tid": 3, "generated": 0, "bbox": {"xmin": 15, "ymin": 319, "ymax": 359, "xmax": 46}}], [{"tid": 1, "generated": 0, "bbox": {"xmin": 92, "ymin": 242, "ymax": 311, "xmax": 265}}, {"tid": 3, "generated": 0, "bbox": {"xmin": 25, "ymin": 319, "ymax": 359, "xmax": 39}}], [{"tid": 1, "generated": 0, "bbox": {"xmin": 93, "ymin": 242, "ymax": 311, "xmax": 267}}, {"tid": 3, "generated": 0, "bbox": {"xmin": 32, "ymin": 319, "ymax": 358, "xmax": 34}}], [{"tid": 1, "generated": 0, "bbox": {"xmin": 94, "ymin": 242, "ymax": 311, "xmax": 269}}, {"tid": 3, "generated": 0, "bbox": {"xmin": 25, "ymin": 319, "ymax": 358, "xmax": 44}}], [{"tid": 1, "generated": 0, "bbox": {"xmin": 95, "ymin": 242, "ymax": 311, "xmax": 271}}, {"tid": 3, "generated": 0, "bbox": {"xmin": 18, "ymin": 319, "ymax": 358, "xmax": 53}}], [{"tid": 1, "generated": 0, "bbox": {"xmin": 96, "ymin": 242, "ymax": 311, "xmax": 272}}, {"tid": 3, "generated": 0, "bbox": {"xmin": 23, "ymin": 318, "ymax": 358, "xmax": 58}}], [{"tid": 1, "generated": 0, "bbox": {"xmin": 97, "ymin": 242, "ymax": 311, "xmax": 274}}, {"tid": 3, "generated": 0, "bbox": {"xmin": 28, "ymin": 317, "ymax": 358, "xmax": 63}}], [{"tid": 1, "generated": 0, "bbox": {"xmin": 98, "ymin": 242, "ymax": 311, "xmax": 276}}, {"tid": 3, "generated": 0, "bbox": {"xmin": 33, "ymin": 316, "ymax": 358, "xmax": 68}}], [{"tid": 1, "generated": 0, "bbox": {"xmin": 99, "ymin": 242, "ymax": 311, "xmax": 278}}, {"tid": 3, "generated": 0, "bbox": {"xmin": 38, "ymin": 315, "ymax": 358, "xmax": 73}}], [{"tid": 1, "generated": 0, "bbox": {"xmin": 101, "ymin": 242, "ymax": 312, "xmax": 280}}, {"tid": 3, "generated": 0, "bbox": {"xmin": 43, "ymin": 314, "ymax": 358, "xmax": 78}}], [{"tid": 1, "generated": 0, "bbox": {"xmin": 102, "ymin": 241, "ymax": 311, "xmax": 282}}, {"tid": 3, "generated": 0, "bbox": {"xmin": 49, "ymin": 314, "ymax": 358, "xmax": 84}}], [{"tid": 1, "generated": 0, "bbox": {"xmin": 104, "ymin": 241, "ymax": 311, "xmax": 285}}, {"tid": 3, "generated": 0, "bbox": {"xmin": 54, "ymin": 314, "ymax": 358, "xmax": 89}}], [{"tid": 1, "generated": 0, "bbox": {"xmin": 105, "ymin": 240, "ymax": 310, "xmax": 287}}, {"tid": 3, "generated": 0, "bbox": {"xmin": 60, "ymin": 315, "ymax": 359, "xmax": 95}}], [{"tid": 1, "generated": 0, "bbox": {"xmin": 107, "ymin": 240, "ymax": 310, "xmax": 290}}, {"tid": 3, "generated": 0, "bbox": {"xmin": 65, "ymin": 315, "ymax": 359, "xmax": 100}}], [{"tid": 1, "generated": 0, "bbox": {"xmin": 109, "ymin": 240, "ymax": 310, "xmax": 292}}, {"tid": 3, "generated": 0, "bbox": {"xmin": 71, "ymin": 315, "ymax": 359, "xmax": 106}}], [{"tid": 1, "generated": 0, "bbox": {"xmin": 110, "ymin": 239, "ymax": 309, "xmax": 295}}, {"tid": 3, "generated": 0, "bbox": {"xmin": 75, "ymin": 315, "ymax": 359, "xmax": 110}}], [{"tid": 1, "generated": 0, "bbox": {"xmin": 112, "ymin": 239, "ymax": 309, "xmax": 297}}, {"tid": 3, "generated": 0, "bbox": {"xmin": 80, "ymin": 315, "ymax": 359, "xmax": 115}}], [{"tid": 1, "generated": 0, "bbox": {"xmin": 113, "ymin": 238, "ymax": 308, "xmax": 300}}, {"tid": 3, "generated": 0, "bbox": {"xmin": 84, "ymin": 315, "ymax": 359, "xmax": 119}}], [{"tid": 1, "generated": 0, "bbox": {"xmin": 115, "ymin": 238, "ymax": 308, "xmax": 302}}, {"tid": 3, "generated": 0, "bbox": {"xmin": 89, "ymin": 315, "ymax": 359, "xmax": 124}}], [{"tid": 1, "generated": 0, "bbox": {"xmin": 117, "ymin": 238, "ymax": 308, "xmax": 305}}, {"tid": 3, "generated": 0, "bbox": {"xmin": 93, "ymin": 315, "ymax": 359, "xmax": 128}}], [{"tid": 1, "generated": 0, "bbox": {"xmin": 118, "ymin": 237, "ymax": 307, "xmax": 308}}, {"tid": 3, "generated": 0, "bbox": {"xmin": 102, "ymin": 315, "ymax": 359, "xmax": 137}}], [{"tid": 1, "generated": 0, "bbox": {"xmin": 120, "ymin": 237, "ymax": 307, "xmax": 310}}, {"tid": 3, "generated": 0, "bbox": {"xmin": 110, "ymin": 314, "ymax": 358, "xmax": 145}}], [{"tid": 1, "generated": 0, "bbox": {"xmin": 121, "ymin": 236, "ymax": 306, "xmax": 313}}, {"tid": 3, "generated": 0, "bbox": {"xmin": 119, "ymin": 314, "ymax": 358, "xmax": 154}}], [{"tid": 1, "generated": 0, "bbox": {"xmin": 123, "ymin": 236, "ymax": 306, "xmax": 315}}, {"tid": 3, "generated": 0, "bbox": {"xmin": 127, "ymin": 313, "ymax": 357, "xmax": 162}}], [{"tid": 1, "generated": 0, "bbox": {"xmin": 125, "ymin": 236, "ymax": 306, "xmax": 318}}, {"tid": 3, "generated": 0, "bbox": {"xmin": 136, "ymin": 313, "ymax": 357, "xmax": 171}}], [{"tid": 1, "generated": 0, "bbox": {"xmin": 126, "ymin": 235, "ymax": 305, "xmax": 320}}, {"tid": 3, "generated": 0, "bbox": {"xmin": 141, "ymin": 313, "ymax": 357, "xmax": 176}}], [{"tid": 1, "generated": 0, "bbox": {"xmin": 128, "ymin": 235, "ymax": 305, "xmax": 323}}, {"tid": 3, "generated": 0, "bbox": {"xmin": 146, "ymin": 313, "ymax": 357, "xmax": 181}}], [{"tid": 1, "generated": 0, "bbox": {"xmin": 129, "ymin": 234, "ymax": 304, "xmax": 325}}, {"tid": 3, "generated": 0, "bbox": {"xmin": 151, "ymin": 313, "ymax": 357, "xmax": 186}}], [{"tid": 1, "generated": 0, "bbox": {"xmin": 131, "ymin": 234, "ymax": 304, "xmax": 328}}, {"tid": 3, "generated": 0, "bbox": {"xmin": 156, "ymin": 313, "ymax": 357, "xmax": 191}}], [], [], [], [], [], [], [], [], [], [], [], [], [], [], [], [{"tid": 1, "generated": 0, "bbox": {"xmin": 143, "ymin": 230, "ymax": 300, "xmax": 361}}, {"tid": 3, "generated": 0, "bbox": {"xmin": 241, "ymin": 306, "ymax": 358, "xmax": 276}}], [{"tid": 1, "generated": 0, "bbox": {"xmin": 144, "ymin": 230, "ymax": 300, "xmax": 363}}, {"tid": 3, "generated": 0, "bbox": {"xmin": 245, "ymin": 306, "ymax": 358, "xmax": 280}}], [{"tid": 1, "generated": 0, "bbox": {"xmin": 144, "ymin": 229, "ymax": 299, "xmax": 365}}, {"tid": 3, "generated": 0, "bbox": {"xmin": 248, "ymin": 307, "ymax": 359, "xmax": 283}}], [{"tid": 1, "generated": 0, "bbox": {"xmin": 145, "ymin": 229, "ymax": 299, "xmax": 367}}, {"tid": 3, "generated": 0, "bbox": {"xmin": 252, "ymin": 307, "ymax": 359, "xmax": 287}}], [{"tid": 1, "generated": 0, "bbox": {"xmin": 146, "ymin": 229, "ymax": 299, "xmax": 369}}, {"tid": 3, "generated": 0, "bbox": {"xmin": 255, "ymin": 308, "ymax": 359, "xmax": 290}}], [{"tid": 1, "generated": 0, "bbox": {"xmin": 147, "ymin": 229, "ymax": 299, "xmax": 371}}, {"tid": 3, "generated": 0, "bbox": {"xmin": 259, "ymin": 308, "ymax": 359, "xmax": 294}}], [{"tid": 1, "generated": 0, "bbox": {"xmin": 146, "ymin": 228, "ymax": 299, "xmax": 371}}, {"tid": 3, "generated": 0, "bbox": {"xmin": 264, "ymin": 307, "ymax": 359, "xmax": 299}}], [{"tid": 1, "generated": 0, "bbox": {"xmin": 145, "ymin": 228, "ymax": 299, "xmax": 371}}, {"tid": 3, "generated": 0, "bbox": {"xmin": 270, "ymin": 307, "ymax": 359, "xmax": 305}}], [{"tid": 1, "generated": 0, "bbox": {"xmin": 144, "ymin": 228, "ymax": 300, "xmax": 371}}, {"tid": 3, "generated": 0, "bbox": {"xmin": 275, "ymin": 306, "ymax": 358, "xmax": 310}}], [{"tid": 1, "generated": 0, "bbox": {"xmin": 143, "ymin": 227, "ymax": 300, "xmax": 371}}, {"tid": 3, "generated": 0, "bbox": {"xmin": 281, "ymin": 306, "ymax": 358, "xmax": 316}}], [{"tid": 1, "generated": 0, "bbox": {"xmin": 143, "ymin": 227, "ymax": 301, "xmax": 371}}, {"tid": 3, "generated": 0, "bbox": {"xmin": 286, "ymin": 305, "ymax": 357, "xmax": 321}}], [{"tid": 1, "generated": 0, "bbox": {"xmin": 142, "ymin": 227, "ymax": 301, "xmax": 371}}, {"tid": 3, "generated": 0, "bbox": {"xmin": 291, "ymin": 305, "ymax": 357, "xmax": 326}}], [{"tid": 1, "generated": 0, "bbox": {"xmin": 141, "ymin": 226, "ymax": 301, "xmax": 371}}, {"tid": 3, "generated": 0, "bbox": {"xmin": 296, "ymin": 304, "ymax": 356, "xmax": 331}}], [{"tid": 1, "generated": 0, "bbox": {"xmin": 140, "ymin": 226, "ymax": 302, "xmax": 371}}, {"tid": 3, "generated": 0, "bbox": {"xmin": 302, "ymin": 304, "ymax": 356, "xmax": 337}}], [{"tid": 1, "generated": 0, "bbox": {"xmin": 139, "ymin": 226, "ymax": 302, "xmax": 371}}, {"tid": 3, "generated": 0, "bbox": {"xmin": 307, "ymin": 303, "ymax": 355, "xmax": 342}}], [{"tid": 1, "generated": 0, "bbox": {"xmin": 139, "ymin": 226, "ymax": 303, "xmax": 371}}, {"tid": 3, "generated": 0, "bbox": {"xmin": 312, "ymin": 303, "ymax": 355, "xmax": 347}}], [{"tid": 1, "generated": 0, "bbox": {"xmin": 140, "ymin": 226, "ymax": 303, "xmax": 373}}, {"tid": 3, "generated": 0, "bbox": {"xmin": 316, "ymin": 303, "ymax": 355, "xmax": 351}}], [{"tid": 1, "generated": 0, "bbox": {"xmin": 141, "ymin": 226, "ymax": 304, "xmax": 375}}, {"tid": 3, "generated": 0, "bbox": {"xmin": 320, "ymin": 303, "ymax": 355, "xmax": 355}}], [{"tid": 1, "generated": 0, "bbox": {"xmin": 142, "ymin": 226, "ymax": 305, "xmax": 377}}, {"tid": 3, "generated": 0, "bbox": {"xmin": 324, "ymin": 303, "ymax": 355, "xmax": 359}}], [{"tid": 1, "generated": 0, "bbox": {"xmin": 143, "ymin": 226, "ymax": 305, "xmax": 380}}, {"tid": 3, "generated": 0, "bbox": {"xmin": 328, "ymin": 303, "ymax": 355, "xmax": 363}}], [{"tid": 1, "generated": 0, "bbox": {"xmin": 145, "ymin": 226, "ymax": 306, "xmax": 382}}, {"tid": 3, "generated": 0, "bbox": {"xmin": 332, "ymin": 303, "ymax": 355, "xmax": 367}}], [{"tid": 1, "generated": 0, "bbox": {"xmin": 146, "ymin": 226, "ymax": 307, "xmax": 384}}, {"tid": 3, "generated": 0, "bbox": {"xmin": 340, "ymin": 302, "ymax": 356, "xmax": 375}}], [{"tid": 1, "generated": 0, "bbox": {"xmin": 147, "ymin": 226, "ymax": 307, "xmax": 387}}, {"tid": 3, "generated": 0, "bbox": {"xmin": 348, "ymin": 301, "ymax": 357, "xmax": 383}}], [{"tid": 1, "generated": 0, "bbox": {"xmin": 148, "ymin": 226, "ymax": 308, "xmax": 389}}, {"tid": 3, "generated": 0, "bbox": {"xmin": 357, "ymin": 300, "ymax": 357, "xmax": 392}}], [{"tid": 1, "generated": 0, "bbox": {"xmin": 149, "ymin": 226, "ymax": 309, "xmax": 391}}, {"tid": 3, "generated": 0, "bbox": {"xmin": 365, "ymin": 299, "ymax": 358, "xmax": 400}}], [{"tid": 1, "generated": 0, "bbox": {"xmin": 151, "ymin": 227, "ymax": 310, "xmax": 394}}, {"tid": 3, "generated": 0, "bbox": {"xmin": 373, "ymin": 298, "ymax": 359, "xmax": 408}}], [{"tid": 1, "generated": 0, "bbox": {"xmin": 150, "ymin": 226, "ymax": 309, "xmax": 395}}, {"tid": 3, "generated": 0, "bbox": {"xmin": 380, "ymin": 298, "ymax": 358, "xmax": 415}}], [{"tid": 1, "generated": 0, "bbox": {"xmin": 150, "ymin": 226, "ymax": 309, "xmax": 396}}, {"tid": 3, "generated": 0, "bbox": {"xmin": 387, "ymin": 298, "ymax": 358, "xmax": 422}}], [{"tid": 1, "generated": 0, "bbox": {"xmin": 150, "ymin": 226, "ymax": 309, "xmax": 397}}, {"tid": 3, "generated": 0, "bbox": {"xmin": 394, "ymin": 298, "ymax": 357, "xmax": 429}}], [{"tid": 1, "generated": 0, "bbox": {"xmin": 150, "ymin": 226, "ymax": 309, "xmax": 398}}, {"tid": 3, "generated": 0, "bbox": {"xmin": 401, "ymin": 298, "ymax": 357, "xmax": 436}}]], "subject/objects": [{"category": "bus", "tid": 1}, {"category": "person", "tid": 3}], "relation_instances": [{"end_fid": 30, "subject_tid": 1, "predicate": "move_past", "begin_fid": 0, "object_tid": 3}, {"end_fid": 30, "subject_tid": 1, "predicate": "move_behind", "begin_fid": 0, "object_tid": 3}, {"end_fid": 30, "subject_tid": 1, "predicate": "taller", "begin_fid": 0, "object_tid": 3}, {"end_fid": 30, "subject_tid": 1, "predicate": "larger", "begin_fid": 0, "object_tid": 3}, {"end_fid": 30, "subject_tid": 3, "predicate": "stand_front", "begin_fid": 0, "object_tid": 1}, {"end_fid": 75, "subject_tid": 1, "predicate": "move_past", "begin_fid": 45, "object_tid": 3}, {"end_fid": 75, "subject_tid": 1, "predicate": "move_behind", "begin_fid": 45, "object_tid": 3}, {"end_fid": 75, "subject_tid": 1, "predicate": "taller", "begin_fid": 45, "object_tid": 3}, {"end_fid": 75, "subject_tid": 1, "predicate": "larger", "begin_fid": 45, "object_tid": 3}, {"end_fid": 75, "subject_tid": 3, "predicate": "stand_front", "begin_fid": 45, "object_tid": 1}], "height": 360}