{"width": 1280, "frame_count": 30, "video_id": "ILSVRC2015_train_00005016", "fps": 25, "trajectories": [[{"tid": 0, "generated": 0, "bbox": {"xmin": 590, "ymin": 44, "ymax": 519, "xmax": 1278}}, {"tid": 1, "generated": 0, "bbox": {"xmin": 284, "ymin": 14, "ymax": 497, "xmax": 705}}], [{"tid": 0, "generated": 0, "bbox": {"xmin": 579, "ymin": 44, "ymax": 535, "xmax": 1278}}, {"tid": 1, "generated": 0, "bbox": {"xmin": 295, "ymin": 11, "ymax": 506, "xmax": 705}}], [{"tid": 0, "generated": 0, "bbox": {"xmin": 568, "ymin": 44, "ymax": 551, "xmax": 1278}}, {"tid": 1, "generated": 0, "bbox": {"xmin": 306, "ymin": 9, "ymax": 516, "xmax": 705}}], [{"tid": 0, "generated": 0, "bbox": {"xmin": 558, "ymin": 44, "ymax": 568, "xmax": 1278}}, {"tid": 1, "generated": 0, "bbox": {"xmin": 318, "ymin": 7, "ymax": 526, "xmax": 705}}], [{"tid": 0, "generated": 0, "bbox": {"xmin": 615, "ymin": 48, "ymax": 563, "xmax": 1278}}, {"tid": 1, "generated": 0, "bbox": {"xmin": 355, "ymin": 5, "ymax": 543, "xmax": 705}}], [{"tid": 0, "generated": 0, "bbox": {"xmin": 672, "ymin": 53, "ymax": 558, "xmax": 1278}}, {"tid": 1, "generated": 0, "bbox": {"xmin": 392, "ymin": 3, "ymax": 561, "xmax": 705}}], [{"tid": 0, "generated": 0, "bbox": {"xmin": 567, "ymin": 62, "ymax": 565, "xmax": 1272}}, {"tid": 1, "generated": 0, "bbox": {"xmin": 391, "ymin": 14, "ymax": 572, "xmax": 705}}], [{"tid": 0, "generated": 0, "bbox": {"xmin": 533, "ymin": 68, "ymax": 568, "xmax": 1206}}, {"tid": 1, "generated": 0, "bbox": {"xmin": 375, "ymin": 11, "ymax": 572, "xmax": 704}}], [{"tid": 0, "generated": 0, "bbox": {"xmin": 499, "ymin": 74, "ymax": 571, "xmax": 1140}}, {"tid": 1, "generated": 0, "bbox": {"xmin": 359, "ymin": 8, "ymax": 573, "xmax": 704}}], [{"tid": 0, "generated": 0, "bbox": {"xmin": 465, "ymin": 81, "ymax": 574, "xmax": 1075}}, {"tid": 1, "generated": 0, "bbox": {"xmin": 344, "ymin": 5, "ymax": 574, "xmax": 704}}], [{"tid": 0, "generated": 0, "bbox": {"xmin": 435, "ymin": 90, "ymax": 574, "xmax": 1024}}, {"tid": 1, "generated": 0, "bbox": {"xmin": 307, "ymin": 25, "ymax": 573, "xmax": 682}}], [{"tid": 0, "generated": 0, "bbox": {"xmin": 405, "ymin": 99, "ymax": 574, "xmax": 973}}, {"tid": 1, "generated": 0, "bbox": {"xmin": 270, "ymin": 45, "ymax": 573, "xmax": 660}}], [{"tid": 0, "generated": 0, "bbox": {"xmin": 375, "ymin": 108, "ymax": 574, "xmax": 922}}, {"tid": 1, "generated": 0, "bbox": {"xmin": 233, "ymin": 65, "ymax": 573, "xmax": 638}}], [{"tid": 0, "generated": 0, "bbox": {"xmin": 392, "ymin": 121, "ymax": 574, "xmax": 876}}, {"tid": 1, "generated": 0, "bbox": {"xmin": 196, "ymin": 85, "ymax": 572, "xmax": 617}}], [{"tid": 0, "generated": 0, "bbox": {"xmin": 409, "ymin": 134, "ymax": 574, "xmax": 830}}, {"tid": 1, "generated": 0, "bbox": {"xmin": 159, "ymin": 105, "ymax": 572, "xmax": 595}}], [{"tid": 0, "generated": 0, "bbox": {"xmin": 426, "ymin": 147, "ymax": 574, "xmax": 785}}, {"tid": 1, "generated": 0, "bbox": {"xmin": 122, "ymin": 125, "ymax": 572, "xmax": 573}}], [{"tid": 0, "generated": 0, "bbox": {"xmin": 444, "ymin": 138, "ymax": 572, "xmax": 739}}, {"tid": 1, "generated": 0, "bbox": {"xmin": 85, "ymin": 145, "ymax": 572, "xmax": 552}}], [{"tid": 0, "generated": 0, "bbox": {"xmin": 438, "ymin": 136, "ymax": 570, "xmax": 733}}, {"tid": 1, "generated": 0, "bbox": {"xmin": 78, "ymin": 153, "ymax": 573, "xmax": 580}}], [{"tid": 0, "generated": 0, "bbox": {"xmin": 433, "ymin": 135, "ymax": 568, "xmax": 728}}, {"tid": 1, "generated": 0, "bbox": {"xmin": 72, "ymin": 161, "ymax": 574, "xmax": 609}}], [{"tid": 0, "generated": 0, "bbox": {"xmin": 420, "ymin": 113, "ymax": 555, "xmax": 737}}, {"tid": 1, "generated": 0, "bbox": {"xmin": 76, "ymin": 164, "ymax": 574, "xmax": 642}}], [{"tid": 0, "generated": 0, "bbox": {"xmin": 408, "ymin": 91, "ymax": 542, "xmax": 747}}, {"tid": 1, "generated": 0, "bbox": {"xmin": 80, "ymin": 168, "ymax": 574, "xmax": 675}}], [{"tid": 0, "generated": 0, "bbox": {"xmin": 396, "ymin": 69, "ymax": 529, "xmax": 757}}, {"tid": 1, "generated": 0, "bbox": {"xmin": 85, "ymin": 172, "ymax": 574, "xmax": 709}}], [{"tid": 0, "generated": 0, "bbox": {"xmin": 408, "ymin": 54, "ymax": 507, "xmax": 808}}, {"tid": 1, "generated": 0, "bbox": {"xmin": 131, "ymin": 181, "ymax": 574, "xmax": 766}}], [{"tid": 0, "generated": 0, "bbox": {"xmin": 420, "ymin": 40, "ymax": 486, "xmax": 860}}, {"tid": 1, "generated": 0, "bbox": {"xmin": 177, "ymin": 188, "ymax": 574, "xmax": 823}}], [{"tid": 0, "generated": 0, "bbox": {"xmin": 433, "ymin": 26, "ymax": 465, "xmax": 912}}, {"tid": 1, "generated": 0, "bbox": {"xmin": 222, "ymin": 197, "ymax": 574, "xmax": 880}}], [{"tid": 0, "generated": 0, "bbox": {"xmin": 460, "ymin": 12, "ymax": 446, "xmax": 963}}, {"tid": 1, "generated": 0, "bbox": {"xmin": 284, "ymin": 197, "ymax": 574, "xmax": 952}}], [{"tid": 0, "generated": 0, "bbox": {"xmin": 442, "ymin": 0, "ymax": 446, "xmax": 1006}}, {"tid": 1, "generated": 0, "bbox": {"xmin": 348, "ymin": 202, "ymax": 574, "xmax": 1020}}], [{"tid": 0, "generated": 0, "bbox": {"xmin": 421, "ymin": 0, "ymax": 463, "xmax": 1043}}, {"tid": 1, "generated": 0, "bbox": {"xmin": 391, "ymin": 192, "ymax": 570, "xmax": 1123}}], [{"tid": 0, "generated": 0, "bbox": {"xmin": 400, "ymin": 1, "ymax": 480, "xmax": 1080}}, {"tid": 1, "generated": 0, "bbox": {"xmin": 396, "ymin": 181, "ymax": 570, "xmax": 1226}}], [{"tid": 0, "generated": 0, "bbox": {"xmin": 416, "ymin": 0, "ymax": 496, "xmax": 1112}}, {"tid": 1, "generated": 0, "bbox": {"xmin": 421, "ymin": 172, "ymax": 574, "xmax": 1276}}]], "subject/objects": [{"category": "dog", "tid": 0}, {"category": "dog", "tid": 1}], "relation_instances": [{"end_fid": 30, "subject_tid": 0, "predicate": "run_front", "begin_fid": 0, "object_tid": 1}, {"end_fid": 30, "subject_tid": 0, "predicate": "run_away", "begin_fid": 0, "object_tid": 1}, {"end_fid": 30, "subject_tid": 1, "predicate": "run_behind", "begin_fid": 0, "object_tid": 0}, {"end_fid": 30, "subject_tid": 1, "predicate": "chase", "begin_fid": 0, "object_tid": 0}], "height": 576}