{"width": 480, "frame_count": 899, "video_id": "ILSVRC2015_train_00476000", "fps": 29, "trajectories": [[{"tid": 0, "generated": 0, "bbox": {"xmin": 0, "ymin": 49, "ymax": 238, "xmax": 235}}, {"tid": 1, "generated": 0, "bbox": {"xmin": 318, "ymin": 258, "ymax": 316, "xmax": 396}}], [{"tid": 0, "generated": 0, "bbox": {"xmin": 0, "ymin": 49, "ymax": 238, "xmax": 235}}, {"tid": 1, "generated": 0, "bbox": {"xmin": 318, "ymin": 258, "ymax": 316, "xmax": 397}}], [{"tid": 0, "generated": 0, "bbox": {"xmin": 0, "ymin": 49, "ymax": 238, "xmax": 235}}, {"tid": 1, "generated": 0, "bbox": {"xmin": 319, "ymin": 258, "ymax": 317, "xmax": 398}}], [{"tid": 0, "generated": 0, "bbox": {"xmin": 0, "ymin": 49, "ymax": 238, "xmax": 235}}, {"tid": 1, "generated": 0, "bbox": {"xmin": 324, "ymin": 252, "ymax": 316, "xmax": 402}}], [{"tid": 0, "generated": 0, "bbox": {"xmin": 0, "ymin": 49, "ymax": 238, "xmax": 235}}, {"tid": 1, "generated": 0, "bbox": {"xmin": 326, "ymin": 253, "ymax": 317, "xmax": 404}}], [{"tid": 0, "generated": 0, "bbox": {"xmin": 0, "ymin": 49, "ymax": 238, "xmax": 235}}, {"tid": 1, "generated": 0, "bbox": {"xmin": 328, "ymin": 251, "ymax": 317, "xmax": 405}}], [{"tid": 0, "generated": 0, "bbox": {"xmin": 2, "ymin": 49, "ymax": 238, "xmax": 236}}, {"tid": 1, "generated": 0, "bbox": {"xmin": 330, "ymin": 251, "ymax": 317, "xmax": 408}}], [{"tid": 0, "generated": 0, "bbox": {"xmin": 2, "ymin": 49, "ymax": 238, "xmax": 236}}, {"tid": 1, "generated": 0, "bbox": {"xmin": 334, "ymin": 250, "ymax": 318, "xmax": 410}}], [{"tid": 0, "generated": 0, "bbox": {"xmin": 2, "ymin": 50, "ymax": 238, "xmax": 236}}, {"tid": 1, "generated": 0, "bbox": {"xmin": 336, "ymin": 250, "ymax": 318, "xmax": 412}}], [{"tid": 0, "generated": 0, "bbox": {"xmin": 2, "ymin": 48, "ymax": 237, "xmax": 236}}, {"tid": 1, "generated": 0, "bbox": {"xmin": 336, "ymin": 250, "ymax": 318, "xmax": 413}}], [{"tid": 0, "generated": 0, "bbox": {"xmin": 0, "ymin": 48, "ymax": 237, "xmax": 235}}, {"tid": 1, "generated": 0, "bbox": {"xmin": 282, "ymin": 248, "ymax": 318, "xmax": 414}}], [{"tid": 0, "generated": 0, "bbox": {"xmin": 1, "ymin": 48, "ymax": 237, "xmax": 236}}, {"tid": 1, "generated": 0, "bbox": {"xmin": 280, "ymin": 245, "ymax": 315, "xmax": 416}}], [{"tid": 0, "generated": 0, "bbox": {"xmin": 0, "ymin": 49, "ymax": 238, "xmax": 235}}, {"tid": 1, "generated": 0, "bbox": {"xmin": 280, "ymin": 245, "ymax": 315, "xmax": 418}}], [{"tid": 0, "generated": 0, "bbox": {"xmin": 0, "ymin": 48, "ymax": 237, "xmax": 235}}, {"tid": 1, "generated": 0, "bbox": {"xmin": 297, "ymin": 240, "ymax": 314, "xmax": 419}}], [{"tid": 0, "generated": 0, "bbox": {"xmin": 1, "ymin": 48, "ymax": 237, "xmax": 236}}, {"tid": 1, "generated": 0, "bbox": {"xmin": 282, "ymin": 240, "ymax": 314, "xmax": 420}}], [{"tid": 0, "generated": 0, "bbox": {"xmin": 0, "ymin": 48, "ymax": 237, "xmax": 235}}, {"tid": 1, "generated": 0, "bbox": {"xmin": 288, "ymin": 239, "ymax": 313, "xmax": 418}}], [{"tid": 0, "generated": 0, "bbox": {"xmin": 2, "ymin": 49, "ymax": 238, "xmax": 236}}, {"tid": 1, "generated": 0, "bbox": {"xmin": 296, "ymin": 240, "ymax": 314, "xmax": 416}}], [{"tid": 0, "generated": 0, "bbox": {"xmin": 1, "ymin": 50, "ymax": 238, "xmax": 236}}, {"tid": 1, "generated": 0, "bbox": {"xmin": 292, "ymin": 238, "ymax": 314, "xmax": 416}}], [{"tid": 0, "generated": 0, "bbox": {"xmin": 1, "ymin": 49, "ymax": 238, "xmax": 236}}, {"tid": 1, "generated": 0, "bbox": {"xmin": 306, "ymin": 238, "ymax": 313, "xmax": 416}}], [{"tid": 0, "generated": 0, "bbox": {"xmin": 1, "ymin": 49, "ymax": 238, "xmax": 236}}, {"tid": 1, "generated": 0, "bbox": {"xmin": 292, "ymin": 240, "ymax": 314, "xmax": 412}}], [{"tid": 0, "generated": 0, "bbox": {"xmin": 0, "ymin": 49, "ymax": 238, "xmax": 235}}, {"tid": 1, "generated": 0, "bbox": {"xmin": 292, "ymin": 240, "ymax": 314, "xmax": 408}}], [{"tid": 0, "generated": 0, "bbox": {"xmin": 0, "ymin": 50, "ymax": 239, "xmax": 234}}, {"tid": 1, "generated": 0, "bbox": {"xmin": 308, "ymin": 240, "ymax": 315, "xmax": 407}}], [{"tid": 0, "generated": 0, "bbox": {"xmin": 1, "ymin": 50, "ymax": 238, "xmax": 236}}, {"tid": 1, "generated": 0, "bbox": {"xmin": 304, "ymin": 240, "ymax": 315, "xmax": 406}}], [{"tid": 0, "generated": 0, "bbox": {"xmin": 0, "ymin": 49, "ymax": 238, "xmax": 235}}, {"tid": 1, "generated": 0, "bbox": {"xmin": 307, "ymin": 240, "ymax": 315, "xmax": 403}}], [{"tid": 0, "generated": 0, "bbox": {"xmin": 0, "ymin": 50, "ymax": 239, "xmax": 234}}, {"tid": 1, "generated": 0, "bbox": {"xmin": 300, "ymin": 240, "ymax": 315, "xmax": 402}}], [{"tid": 0, "generated": 0, "bbox": {"xmin": 1, "ymin": 49, "ymax": 238, "xmax": 236}}, {"tid": 1, "generated": 0, "bbox": {"xmin": 293, "ymin": 242, "ymax": 315, "xmax": 401}}], [{"tid": 0, "generated": 0, "bbox": {"xmin": 0, "ymin": 49, "ymax": 237, "xmax": 232}}, {"tid": 1, "generated": 0, "bbox": {"xmin": 299, "ymin": 244, "ymax": 318, "xmax": 400}}], [{"tid": 0, "generated": 0, "bbox": {"xmin": 3, "ymin": 54, "ymax": 242, "xmax": 235}}, {"tid": 1, "generated": 0, "bbox": {"xmin": 277, "ymin": 249, "ymax": 315, "xmax": 396}}], [{"tid": 0, "generated": 0, "bbox": {"xmin": 1, "ymin": 55, "ymax": 242, "xmax": 230}}, {"tid": 1, "generated": 0, "bbox": {"xmin": 269, "ymin": 250, "ymax": 316, "xmax": 394}}], [{"tid": 0, "generated": 0, "bbox": {"xmin": 0, "ymin": 56, "ymax": 244, "xmax": 228}}, {"tid": 1, "generated": 0, "bbox": {"xmin": 260, "ymin": 252, "ymax": 316, "xmax": 394}}], [], [], [], [], [], [], [], [], [], [], [], [], [], [], [], [], [], [], [], [], [], [], [], [], [], [], [], [], [], [], [{"tid": 0, "generated": 0, "bbox": {"xmin": 0, "ymin": 50, "ymax": 238, "xmax": 215}}, {"tid": 1, "generated": 0, "bbox": {"xmin": 218, "ymin": 237, "ymax": 314, "xmax": 346}}], [{"tid": 0, "generated": 0, "bbox": {"xmin": 0, "ymin": 50, "ymax": 238, "xmax": 217}}, {"tid": 1, "generated": 0, "bbox": {"xmin": 239, "ymin": 237, "ymax": 314, "xmax": 346}}], [{"tid": 0, "generated": 0, "bbox": {"xmin": 0, "ymin": 50, "ymax": 239, "xmax": 220}}, {"tid": 1, "generated": 0, "bbox": {"xmin": 270, "ymin": 234, "ymax": 313, "xmax": 345}}], [{"tid": 0, "generated": 0, "bbox": {"xmin": 0, "ymin": 49, "ymax": 238, "xmax": 220}}, {"tid": 1, "generated": 0, "bbox": {"xmin": 254, "ymin": 234, "ymax": 312, "xmax": 345}}], [{"tid": 0, "generated": 0, "bbox": {"xmin": 0, "ymin": 49, "ymax": 240, "xmax": 221}}, {"tid": 1, "generated": 0, "bbox": {"xmin": 238, "ymin": 234, "ymax": 312, "xmax": 345}}], [{"tid": 0, "generated": 0, "bbox": {"xmin": 0, "ymin": 49, "ymax": 240, "xmax": 226}}, {"tid": 1, "generated": 0, "bbox": {"xmin": 238, "ymin": 234, "ymax": 314, "xmax": 349}}], [{"tid": 0, "generated": 0, "bbox": {"xmin": 0, "ymin": 46, "ymax": 240, "xmax": 225}}, {"tid": 1, "generated": 0, "bbox": {"xmin": 239, "ymin": 234, "ymax": 317, "xmax": 353}}], [{"tid": 0, "generated": 0, "bbox": {"xmin": 0, "ymin": 46, "ymax": 239, "xmax": 228}}, {"tid": 1, "generated": 0, "bbox": {"xmin": 246, "ymin": 234, "ymax": 314, "xmax": 355}}], [{"tid": 0, "generated": 0, "bbox": {"xmin": 0, "ymin": 46, "ymax": 238, "xmax": 228}}, {"tid": 1, "generated": 0, "bbox": {"xmin": 249, "ymin": 234, "ymax": 314, "xmax": 360}}], [{"tid": 0, "generated": 0, "bbox": {"xmin": 0, "ymin": 46, "ymax": 238, "xmax": 228}}, {"tid": 1, "generated": 0, "bbox": {"xmin": 253, "ymin": 234, "ymax": 314, "xmax": 364}}], [{"tid": 0, "generated": 0, "bbox": {"xmin": 0, "ymin": 46, "ymax": 236, "xmax": 230}}, {"tid": 1, "generated": 0, "bbox": {"xmin": 254, "ymin": 234, "ymax": 314, "xmax": 365}}], [{"tid": 0, "generated": 0, "bbox": {"xmin": 0, "ymin": 46, "ymax": 236, "xmax": 230}}, {"tid": 1, "generated": 0, "bbox": {"xmin": 250, "ymin": 234, "ymax": 314, "xmax": 363}}], [{"tid": 0, "generated": 0, "bbox": {"xmin": 0, "ymin": 46, "ymax": 236, "xmax": 230}}, {"tid": 1, "generated": 0, "bbox": {"xmin": 250, "ymin": 231, "ymax": 314, "xmax": 368}}], [{"tid": 0, "generated": 0, "bbox": {"xmin": 0, "ymin": 44, "ymax": 236, "xmax": 232}}, {"tid": 1, "generated": 0, "bbox": {"xmin": 252, "ymin": 231, "ymax": 314, "xmax": 375}}], [{"tid": 0, "generated": 0, "bbox": {"xmin": 0, "ymin": 44, "ymax": 235, "xmax": 232}}, {"tid": 1, "generated": 0, "bbox": {"xmin": 251, "ymin": 232, "ymax": 315, "xmax": 373}}], [{"tid": 0, "generated": 0, "bbox": {"xmin": 0, "ymin": 44, "ymax": 234, "xmax": 232}}, {"tid": 1, "generated": 0, "bbox": {"xmin": 240, "ymin": 231, "ymax": 314, "xmax": 370}}], [{"tid": 0, "generated": 0, "bbox": {"xmin": 0, "ymin": 44, "ymax": 234, "xmax": 232}}, {"tid": 1, "generated": 0, "bbox": {"xmin": 230, "ymin": 230, "ymax": 314, "xmax": 374}}], [{"tid": 0, "generated": 0, "bbox": {"xmin": 0, "ymin": 44, "ymax": 233, "xmax": 232}}, {"tid": 1, "generated": 0, "bbox": {"xmin": 228, "ymin": 230, "ymax": 314, "xmax": 382}}], [{"tid": 0, "generated": 0, "bbox": {"xmin": 0, "ymin": 44, "ymax": 232, "xmax": 232}}, {"tid": 1, "generated": 0, "bbox": {"xmin": 232, "ymin": 230, "ymax": 314, "xmax": 385}}], [{"tid": 0, "generated": 0, "bbox": {"xmin": 0, "ymin": 44, "ymax": 234, "xmax": 234}}, {"tid": 1, "generated": 0, "bbox": {"xmin": 230, "ymin": 230, "ymax": 313, "xmax": 388}}], [{"tid": 0, "generated": 0, "bbox": {"xmin": 0, "ymin": 44, "ymax": 234, "xmax": 234}}, {"tid": 1, "generated": 0, "bbox": {"xmin": 228, "ymin": 230, "ymax": 314, "xmax": 390}}], [{"tid": 0, "generated": 0, "bbox": {"xmin": 0, "ymin": 44, "ymax": 234, "xmax": 234}}, {"tid": 1, "generated": 0, "bbox": {"xmin": 230, "ymin": 231, "ymax": 315, "xmax": 387}}], [{"tid": 0, "generated": 0, "bbox": {"xmin": 0, "ymin": 44, "ymax": 233, "xmax": 234}}, {"tid": 1, "generated": 0, "bbox": {"xmin": 236, "ymin": 232, "ymax": 316, "xmax": 383}}], [{"tid": 0, "generated": 0, "bbox": {"xmin": 0, "ymin": 44, "ymax": 232, "xmax": 234}}, {"tid": 1, "generated": 0, "bbox": {"xmin": 240, "ymin": 232, "ymax": 317, "xmax": 387}}], [{"tid": 0, "generated": 0, "bbox": {"xmin": 0, "ymin": 44, "ymax": 232, "xmax": 234}}, {"tid": 1, "generated": 0, "bbox": {"xmin": 234, "ymin": 232, "ymax": 317, "xmax": 388}}], [{"tid": 0, "generated": 0, "bbox": {"xmin": 0, "ymin": 44, "ymax": 231, "xmax": 234}}, {"tid": 1, "generated": 0, "bbox": {"xmin": 232, "ymin": 232, "ymax": 316, "xmax": 388}}], [{"tid": 0, "generated": 0, "bbox": {"xmin": 0, "ymin": 44, "ymax": 228, "xmax": 234}}, {"tid": 1, "generated": 0, "bbox": {"xmin": 231, "ymin": 232, "ymax": 316, "xmax": 388}}], [{"tid": 0, "generated": 0, "bbox": {"xmin": 0, "ymin": 44, "ymax": 228, "xmax": 234}}, {"tid": 1, "generated": 0, "bbox": {"xmin": 230, "ymin": 232, "ymax": 316, "xmax": 388}}], [{"tid": 0, "generated": 0, "bbox": {"xmin": 0, "ymin": 44, "ymax": 227, "xmax": 234}}, {"tid": 1, "generated": 0, "bbox": {"xmin": 230, "ymin": 232, "ymax": 316, "xmax": 388}}], [{"tid": 0, "generated": 0, "bbox": {"xmin": 0, "ymin": 44, "ymax": 226, "xmax": 234}}, {"tid": 1, "generated": 0, "bbox": {"xmin": 230, "ymin": 233, "ymax": 316, "xmax": 388}}], [], [], [], [], [], [], [], [], [], [], [], [], [], [], [], [], [], [], [], [], [], [], [], [], [], [], [], [], [], [], [], [], [], [], [], [], [], [], [], [], [], [], [], [], [], [{"tid": 0, "generated": 0, "bbox": {"xmin": 5, "ymin": 55, "ymax": 230, "xmax": 257}}, {"tid": 1, "generated": 0, "bbox": {"xmin": 350, "ymin": 237, "ymax": 316, "xmax": 462}}], [{"tid": 0, "generated": 0, "bbox": {"xmin": 5, "ymin": 54, "ymax": 229, "xmax": 257}}, {"tid": 1, "generated": 0, "bbox": {"xmin": 350, "ymin": 236, "ymax": 315, "xmax": 462}}], [{"tid": 0, "generated": 0, "bbox": {"xmin": 5, "ymin": 54, "ymax": 232, "xmax": 259}}, {"tid": 1, "generated": 0, "bbox": {"xmin": 350, "ymin": 236, "ymax": 315, "xmax": 462}}], [{"tid": 0, "generated": 0, "bbox": {"xmin": 3, "ymin": 55, "ymax": 232, "xmax": 257}}, {"tid": 1, "generated": 0, "bbox": {"xmin": 350, "ymin": 236, "ymax": 314, "xmax": 464}}], [{"tid": 0, "generated": 0, "bbox": {"xmin": 3, "ymin": 56, "ymax": 234, "xmax": 257}}, {"tid": 1, "generated": 0, "bbox": {"xmin": 350, "ymin": 234, "ymax": 314, "xmax": 463}}], [{"tid": 0, "generated": 0, "bbox": {"xmin": 2, "ymin": 58, "ymax": 235, "xmax": 256}}, {"tid": 1, "generated": 0, "bbox": {"xmin": 350, "ymin": 233, "ymax": 314, "xmax": 463}}], [{"tid": 0, "generated": 0, "bbox": {"xmin": 1, "ymin": 58, "ymax": 236, "xmax": 255}}, {"tid": 1, "generated": 0, "bbox": {"xmin": 350, "ymin": 232, "ymax": 314, "xmax": 463}}], [{"tid": 0, "generated": 0, "bbox": {"xmin": 0, "ymin": 58, "ymax": 236, "xmax": 254}}, {"tid": 1, "generated": 0, "bbox": {"xmin": 348, "ymin": 230, "ymax": 314, "xmax": 462}}], [{"tid": 0, "generated": 0, "bbox": {"xmin": 0, "ymin": 57, "ymax": 234, "xmax": 254}}, {"tid": 1, "generated": 0, "bbox": {"xmin": 346, "ymin": 229, "ymax": 314, "xmax": 462}}], [{"tid": 0, "generated": 0, "bbox": {"xmin": 0, "ymin": 58, "ymax": 236, "xmax": 254}}, {"tid": 1, "generated": 0, "bbox": {"xmin": 345, "ymin": 228, "ymax": 314, "xmax": 462}}], [{"tid": 0, "generated": 0, "bbox": {"xmin": 0, "ymin": 57, "ymax": 234, "xmax": 254}}, {"tid": 1, "generated": 0, "bbox": {"xmin": 345, "ymin": 227, "ymax": 313, "xmax": 464}}], [{"tid": 0, "generated": 0, "bbox": {"xmin": 0, "ymin": 58, "ymax": 235, "xmax": 254}}, {"tid": 1, "generated": 0, "bbox": {"xmin": 345, "ymin": 226, "ymax": 313, "xmax": 466}}], [{"tid": 0, "generated": 0, "bbox": {"xmin": 0, "ymin": 58, "ymax": 236, "xmax": 252}}, {"tid": 1, "generated": 0, "bbox": {"xmin": 345, "ymin": 226, "ymax": 313, "xmax": 468}}], [{"tid": 0, "generated": 0, "bbox": {"xmin": 3, "ymin": 58, "ymax": 235, "xmax": 252}}, {"tid": 1, "generated": 0, "bbox": {"xmin": 344, "ymin": 226, "ymax": 313, "xmax": 467}}], [{"tid": 0, "generated": 0, "bbox": {"xmin": 0, "ymin": 59, "ymax": 236, "xmax": 250}}, {"tid": 1, "generated": 0, "bbox": {"xmin": 341, "ymin": 227, "ymax": 314, "xmax": 464}}], [{"tid": 0, "generated": 0, "bbox": {"xmin": 2, "ymin": 59, "ymax": 236, "xmax": 251}}, {"tid": 1, "generated": 0, "bbox": {"xmin": 341, "ymin": 225, "ymax": 314, "xmax": 464}}], [{"tid": 0, "generated": 0, "bbox": {"xmin": 2, "ymin": 57, "ymax": 234, "xmax": 251}}, {"tid": 1, "generated": 0, "bbox": {"xmin": 340, "ymin": 224, "ymax": 314, "xmax": 463}}], [{"tid": 0, "generated": 0, "bbox": {"xmin": 2, "ymin": 55, "ymax": 232, "xmax": 251}}, {"tid": 1, "generated": 0, "bbox": {"xmin": 340, "ymin": 224, "ymax": 314, "xmax": 462}}], [{"tid": 0, "generated": 0, "bbox": {"xmin": 0, "ymin": 55, "ymax": 232, "xmax": 250}}, {"tid": 1, "generated": 0, "bbox": {"xmin": 340, "ymin": 224, "ymax": 315, "xmax": 462}}], [{"tid": 0, "generated": 0, "bbox": {"xmin": 2, "ymin": 53, "ymax": 230, "xmax": 251}}, {"tid": 1, "generated": 0, "bbox": {"xmin": 340, "ymin": 224, "ymax": 314, "xmax": 461}}], [{"tid": 0, "generated": 0, "bbox": {"xmin": 0, "ymin": 52, "ymax": 228, "xmax": 250}}, {"tid": 1, "generated": 0, "bbox": {"xmin": 340, "ymin": 224, "ymax": 314, "xmax": 461}}], [{"tid": 0, "generated": 0, "bbox": {"xmin": 0, "ymin": 50, "ymax": 227, "xmax": 250}}, {"tid": 1, "generated": 0, "bbox": {"xmin": 340, "ymin": 225, "ymax": 315, "xmax": 461}}], [{"tid": 0, "generated": 0, "bbox": {"xmin": 0, "ymin": 51, "ymax": 228, "xmax": 249}}, {"tid": 1, "generated": 0, "bbox": {"xmin": 340, "ymin": 225, "ymax": 315, "xmax": 461}}], [{"tid": 0, "generated": 0, "bbox": {"xmin": 0, "ymin": 52, "ymax": 228, "xmax": 248}}, {"tid": 1, "generated": 0, "bbox": {"xmin": 340, "ymin": 226, "ymax": 316, "xmax": 461}}], [{"tid": 0, "generated": 0, "bbox": {"xmin": 0, "ymin": 52, "ymax": 228, "xmax": 247}}, {"tid": 1, "generated": 0, "bbox": {"xmin": 340, "ymin": 226, "ymax": 316, "xmax": 461}}], [{"tid": 0, "generated": 0, "bbox": {"xmin": 0, "ymin": 52, "ymax": 228, "xmax": 246}}, {"tid": 1, "generated": 0, "bbox": {"xmin": 340, "ymin": 227, "ymax": 317, "xmax": 461}}], [{"tid": 0, "generated": 0, "bbox": {"xmin": 0, "ymin": 49, "ymax": 226, "xmax": 246}}, {"tid": 1, "generated": 0, "bbox": {"xmin": 340, "ymin": 227, "ymax": 317, "xmax": 461}}], [{"tid": 0, "generated": 0, "bbox": {"xmin": 0, "ymin": 51, "ymax": 228, "xmax": 242}}, {"tid": 1, "generated": 0, "bbox": {"xmin": 340, "ymin": 228, "ymax": 318, "xmax": 462}}], [{"tid": 0, "generated": 0, "bbox": {"xmin": 0, "ymin": 51, "ymax": 228, "xmax": 241}}, {"tid": 1, "generated": 0, "bbox": {"xmin": 343, "ymin": 230, "ymax": 316, "xmax": 465}}], [{"tid": 0, "generated": 0, "bbox": {"xmin": 0, "ymin": 52, "ymax": 228, "xmax": 239}}, {"tid": 1, "generated": 0, "bbox": {"xmin": 345, "ymin": 230, "ymax": 316, "xmax": 467}}], [], [], [], [], [], [], [], [], [], [], [], [], [], [], [], [], [], [], [], [], [], [], [], [], [], [], [], [], [], [], [], [], [], [], [], [], [], [], [], [], [], [], [], [], [], [{"tid": 0, "generated": 0, "bbox": {"xmin": 6, "ymin": 45, "ymax": 228, "xmax": 176}}, {"tid": 1, "generated": 0, "bbox": {"xmin": 326, "ymin": 220, "ymax": 298, "xmax": 440}}], [{"tid": 0, "generated": 0, "bbox": {"xmin": 5, "ymin": 44, "ymax": 228, "xmax": 173}}, {"tid": 1, "generated": 0, "bbox": {"xmin": 331, "ymin": 218, "ymax": 294, "xmax": 441}}], [{"tid": 0, "generated": 0, "bbox": {"xmin": 4, "ymin": 44, "ymax": 228, "xmax": 171}}, {"tid": 1, "generated": 0, "bbox": {"xmin": 337, "ymin": 216, "ymax": 291, "xmax": 443}}], [{"tid": 0, "generated": 0, "bbox": {"xmin": 3, "ymin": 44, "ymax": 228, "xmax": 171}}, {"tid": 1, "generated": 0, "bbox": {"xmin": 342, "ymin": 215, "ymax": 290, "xmax": 443}}], [{"tid": 0, "generated": 0, "bbox": {"xmin": 3, "ymin": 44, "ymax": 228, "xmax": 172}}, {"tid": 1, "generated": 0, "bbox": {"xmin": 348, "ymin": 215, "ymax": 289, "xmax": 443}}], [{"tid": 0, "generated": 0, "bbox": {"xmin": 2, "ymin": 44, "ymax": 228, "xmax": 172}}, {"tid": 1, "generated": 0, "bbox": {"xmin": 354, "ymin": 215, "ymax": 289, "xmax": 443}}], [{"tid": 0, "generated": 0, "bbox": {"xmin": 2, "ymin": 44, "ymax": 229, "xmax": 173}}, {"tid": 1, "generated": 0, "bbox": {"xmin": 351, "ymin": 214, "ymax": 288, "xmax": 443}}], [{"tid": 0, "generated": 0, "bbox": {"xmin": 1, "ymin": 44, "ymax": 229, "xmax": 174}}, {"tid": 1, "generated": 0, "bbox": {"xmin": 349, "ymin": 214, "ymax": 288, "xmax": 443}}], [{"tid": 0, "generated": 0, "bbox": {"xmin": 1, "ymin": 44, "ymax": 229, "xmax": 174}}, {"tid": 1, "generated": 0, "bbox": {"xmin": 347, "ymin": 214, "ymax": 288, "xmax": 444}}], [{"tid": 0, "generated": 0, "bbox": {"xmin": 0, "ymin": 44, "ymax": 229, "xmax": 175}}, {"tid": 1, "generated": 0, "bbox": {"xmin": 345, "ymin": 213, "ymax": 288, "xmax": 444}}], [{"tid": 0, "generated": 0, "bbox": {"xmin": 0, "ymin": 44, "ymax": 230, "xmax": 176}}, {"tid": 1, "generated": 0, "bbox": {"xmin": 343, "ymin": 213, "ymax": 288, "xmax": 445}}], [{"tid": 0, "generated": 0, "bbox": {"xmin": 0, "ymin": 44, "ymax": 228, "xmax": 173}}, {"tid": 1, "generated": 0, "bbox": {"xmin": 341, "ymin": 213, "ymax": 288, "xmax": 445}}], [{"tid": 0, "generated": 0, "bbox": {"xmin": 0, "ymin": 44, "ymax": 227, "xmax": 171}}, {"tid": 1, "generated": 0, "bbox": {"xmin": 339, "ymin": 213, "ymax": 288, "xmax": 446}}], [{"tid": 0, "generated": 0, "bbox": {"xmin": 0, "ymin": 44, "ymax": 227, "xmax": 167}}, {"tid": 1, "generated": 0, "bbox": {"xmin": 334, "ymin": 215, "ymax": 289, "xmax": 444}}], [{"tid": 0, "generated": 0, "bbox": {"xmin": 0, "ymin": 44, "ymax": 227, "xmax": 163}}, {"tid": 1, "generated": 0, "bbox": {"xmin": 330, "ymin": 217, "ymax": 291, "xmax": 442}}], [{"tid": 0, "generated": 0, "bbox": {"xmin": 0, "ymin": 45, "ymax": 227, "xmax": 159}}, {"tid": 1, "generated": 0, "bbox": {"xmin": 326, "ymin": 220, "ymax": 293, "xmax": 440}}], [{"tid": 0, "generated": 0, "bbox": {"xmin": 0, "ymin": 45, "ymax": 228, "xmax": 156}}, {"tid": 1, "generated": 0, "bbox": {"xmin": 320, "ymin": 222, "ymax": 294, "xmax": 436}}], [{"tid": 0, "generated": 0, "bbox": {"xmin": 0, "ymin": 46, "ymax": 228, "xmax": 152}}, {"tid": 1, "generated": 0, "bbox": {"xmin": 314, "ymin": 225, "ymax": 296, "xmax": 433}}], [{"tid": 0, "generated": 0, "bbox": {"xmin": 0, "ymin": 46, "ymax": 228, "xmax": 148}}, {"tid": 1, "generated": 0, "bbox": {"xmin": 308, "ymin": 227, "ymax": 298, "xmax": 429}}], [{"tid": 0, "generated": 0, "bbox": {"xmin": 0, "ymin": 46, "ymax": 229, "xmax": 145}}, {"tid": 1, "generated": 0, "bbox": {"xmin": 303, "ymin": 230, "ymax": 300, "xmax": 426}}], [{"tid": 0, "generated": 0, "bbox": {"xmin": 0, "ymin": 47, "ymax": 229, "xmax": 141}}, {"tid": 1, "generated": 0, "bbox": {"xmin": 296, "ymin": 234, "ymax": 301, "xmax": 421}}], [{"tid": 0, "generated": 0, "bbox": {"xmin": 0, "ymin": 47, "ymax": 229, "xmax": 137}}, {"tid": 1, "generated": 0, "bbox": {"xmin": 289, "ymin": 238, "ymax": 303, "xmax": 416}}], [{"tid": 0, "generated": 0, "bbox": {"xmin": 0, "ymin": 48, "ymax": 230, "xmax": 134}}, {"tid": 1, "generated": 0, "bbox": {"xmin": 282, "ymin": 242, "ymax": 305, "xmax": 412}}], [{"tid": 0, "generated": 0, "bbox": {"xmin": 0, "ymin": 47, "ymax": 229, "xmax": 131}}, {"tid": 1, "generated": 0, "bbox": {"xmin": 277, "ymin": 244, "ymax": 306, "xmax": 406}}], [{"tid": 0, "generated": 0, "bbox": {"xmin": 0, "ymin": 47, "ymax": 228, "xmax": 129}}, {"tid": 1, "generated": 0, "bbox": {"xmin": 269, "ymin": 246, "ymax": 307, "xmax": 406}}], [{"tid": 0, "generated": 0, "bbox": {"xmin": 0, "ymin": 46, "ymax": 227, "xmax": 126}}, {"tid": 1, "generated": 0, "bbox": {"xmin": 262, "ymin": 248, "ymax": 308, "xmax": 406}}], [{"tid": 0, "generated": 0, "bbox": {"xmin": 0, "ymin": 46, "ymax": 227, "xmax": 124}}, {"tid": 1, "generated": 0, "bbox": {"xmin": 258, "ymin": 248, "ymax": 307, "xmax": 399}}], [{"tid": 0, "generated": 0, "bbox": {"xmin": 0, "ymin": 46, "ymax": 226, "xmax": 121}}, {"tid": 1, "generated": 0, "bbox": {"xmin": 255, "ymin": 248, "ymax": 306, "xmax": 392}}], [{"tid": 0, "generated": 0, "bbox": {"xmin": 0, "ymin": 45, "ymax": 225, "xmax": 119}}, {"tid": 1, "generated": 0, "bbox": {"xmin": 252, "ymin": 249, "ymax": 306, "xmax": 386}}], [{"tid": 0, "generated": 0, "bbox": {"xmin": 0, "ymin": 45, "ymax": 224, "xmax": 116}}, {"tid": 1, "generated": 0, "bbox": {"xmin": 249, "ymin": 249, "ymax": 305, "xmax": 379}}], [], [], [], [], [], [], [], [], [], [], [], [], [], [], [], [], [], [], [], [], [], [], [], [], [], [], [], [], [], [], [], [], [], [], [], [], [], [], [], [], [], [], [], [], [], [], [], [], [], [], [], [], [], [], [], [], [], [], [], [], [], [], [], [], [], [], [], [], [], [], [], [], [], [], [], [], [], [], [], [], [], [], [], [], [], [], [], [], [], [], [{"tid": 0, "generated": 0, "bbox": {"xmin": 0, "ymin": 44, "ymax": 200, "xmax": 197}}, {"tid": 1, "generated": 0, "bbox": {"xmin": 300, "ymin": 225, "ymax": 288, "xmax": 413}}], [{"tid": 0, "generated": 0, "bbox": {"xmin": 0, "ymin": 44, "ymax": 199, "xmax": 197}}, {"tid": 1, "generated": 0, "bbox": {"xmin": 304, "ymin": 224, "ymax": 288, "xmax": 414}}], [{"tid": 0, "generated": 0, "bbox": {"xmin": 0, "ymin": 44, "ymax": 199, "xmax": 197}}, {"tid": 1, "generated": 0, "bbox": {"xmin": 308, "ymin": 223, "ymax": 287, "xmax": 415}}], [{"tid": 0, "generated": 0, "bbox": {"xmin": 0, "ymin": 44, "ymax": 198, "xmax": 197}}, {"tid": 1, "generated": 0, "bbox": {"xmin": 312, "ymin": 222, "ymax": 287, "xmax": 417}}], [{"tid": 0, "generated": 0, "bbox": {"xmin": 0, "ymin": 44, "ymax": 198, "xmax": 197}}, {"tid": 1, "generated": 0, "bbox": {"xmin": 316, "ymin": 220, "ymax": 285, "xmax": 419}}], [{"tid": 0, "generated": 0, "bbox": {"xmin": 0, "ymin": 44, "ymax": 198, "xmax": 198}}, {"tid": 1, "generated": 0, "bbox": {"xmin": 321, "ymin": 219, "ymax": 284, "xmax": 421}}], [{"tid": 0, "generated": 0, "bbox": {"xmin": 0, "ymin": 44, "ymax": 198, "xmax": 201}}, {"tid": 1, "generated": 0, "bbox": {"xmin": 328, "ymin": 216, "ymax": 282, "xmax": 423}}], [{"tid": 0, "generated": 0, "bbox": {"xmin": 0, "ymin": 44, "ymax": 198, "xmax": 204}}, {"tid": 1, "generated": 0, "bbox": {"xmin": 335, "ymin": 214, "ymax": 280, "xmax": 425}}], [{"tid": 0, "generated": 0, "bbox": {"xmin": 0, "ymin": 44, "ymax": 198, "xmax": 207}}, {"tid": 1, "generated": 0, "bbox": {"xmin": 343, "ymin": 211, "ymax": 279, "xmax": 427}}], [{"tid": 0, "generated": 0, "bbox": {"xmin": 0, "ymin": 44, "ymax": 198, "xmax": 210}}, {"tid": 1, "generated": 0, "bbox": {"xmin": 350, "ymin": 209, "ymax": 277, "xmax": 429}}], [{"tid": 0, "generated": 0, "bbox": {"xmin": 0, "ymin": 44, "ymax": 198, "xmax": 214}}, {"tid": 1, "generated": 0, "bbox": {"xmin": 358, "ymin": 207, "ymax": 276, "xmax": 431}}], [{"tid": 0, "generated": 0, "bbox": {"xmin": 0, "ymin": 44, "ymax": 198, "xmax": 214}}, {"tid": 1, "generated": 0, "bbox": {"xmin": 357, "ymin": 206, "ymax": 274, "xmax": 433}}], [{"tid": 0, "generated": 0, "bbox": {"xmin": 0, "ymin": 44, "ymax": 199, "xmax": 214}}, {"tid": 1, "generated": 0, "bbox": {"xmin": 356, "ymin": 205, "ymax": 272, "xmax": 436}}], [{"tid": 0, "generated": 0, "bbox": {"xmin": 0, "ymin": 44, "ymax": 198, "xmax": 215}}, {"tid": 1, "generated": 0, "bbox": {"xmin": 355, "ymin": 205, "ymax": 271, "xmax": 438}}], [{"tid": 0, "generated": 0, "bbox": {"xmin": 0, "ymin": 44, "ymax": 198, "xmax": 217}}, {"tid": 1, "generated": 0, "bbox": {"xmin": 354, "ymin": 204, "ymax": 269, "xmax": 441}}], [{"tid": 0, "generated": 0, "bbox": {"xmin": 0, "ymin": 44, "ymax": 198, "xmax": 219}}, {"tid": 1, "generated": 0, "bbox": {"xmin": 354, "ymin": 204, "ymax": 268, "xmax": 444}}], [{"tid": 0, "generated": 0, "bbox": {"xmin": 0, "ymin": 44, "ymax": 197, "xmax": 221}}, {"tid": 1, "generated": 0, "bbox": {"xmin": 352, "ymin": 204, "ymax": 264, "xmax": 439}}], [{"tid": 0, "generated": 0, "bbox": {"xmin": 0, "ymin": 44, "ymax": 197, "xmax": 223}}, {"tid": 1, "generated": 0, "bbox": {"xmin": 351, "ymin": 204, "ymax": 261, "xmax": 435}}], [{"tid": 0, "generated": 0, "bbox": {"xmin": 0, "ymin": 44, "ymax": 197, "xmax": 225}}, {"tid": 1, "generated": 0, "bbox": {"xmin": 349, "ymin": 204, "ymax": 258, "xmax": 431}}], [{"tid": 0, "generated": 0, "bbox": {"xmin": 0, "ymin": 44, "ymax": 196, "xmax": 227}}, {"tid": 1, "generated": 0, "bbox": {"xmin": 348, "ymin": 204, "ymax": 255, "xmax": 427}}], [{"tid": 0, "generated": 0, "bbox": {"xmin": 0, "ymin": 44, "ymax": 196, "xmax": 229}}, {"tid": 1, "generated": 0, "bbox": {"xmin": 346, "ymin": 204, "ymax": 251, "xmax": 422}}], [{"tid": 0, "generated": 0, "bbox": {"xmin": 0, "ymin": 44, "ymax": 196, "xmax": 231}}, {"tid": 1, "generated": 0, "bbox": {"xmin": 345, "ymin": 204, "ymax": 248, "xmax": 418}}], [{"tid": 0, "generated": 0, "bbox": {"xmin": 0, "ymin": 45, "ymax": 196, "xmax": 233}}, {"tid": 1, "generated": 0, "bbox": {"xmin": 343, "ymin": 204, "ymax": 245, "xmax": 414}}], [{"tid": 0, "generated": 0, "bbox": {"xmin": 0, "ymin": 44, "ymax": 195, "xmax": 236}}, {"tid": 1, "generated": 0, "bbox": {"xmin": 342, "ymin": 204, "ymax": 242, "xmax": 410}}], [{"tid": 0, "generated": 0, "bbox": {"xmin": 0, "ymin": 44, "ymax": 194, "xmax": 240}}, {"tid": 1, "generated": 0, "bbox": {"xmin": 340, "ymin": 204, "ymax": 245, "xmax": 406}}], [{"tid": 0, "generated": 0, "bbox": {"xmin": 0, "ymin": 44, "ymax": 194, "xmax": 244}}, {"tid": 1, "generated": 0, "bbox": {"xmin": 339, "ymin": 204, "ymax": 248, "xmax": 402}}], [{"tid": 0, "generated": 0, "bbox": {"xmin": 0, "ymin": 44, "ymax": 194, "xmax": 237}}, {"tid": 1, "generated": 0, "bbox": {"xmin": 340, "ymin": 201, "ymax": 252, "xmax": 415}}], [{"tid": 0, "generated": 0, "bbox": {"xmin": 0, "ymin": 44, "ymax": 194, "xmax": 230}}, {"tid": 1, "generated": 0, "bbox": {"xmin": 342, "ymin": 199, "ymax": 256, "xmax": 429}}], [{"tid": 0, "generated": 0, "bbox": {"xmin": 0, "ymin": 44, "ymax": 194, "xmax": 223}}, {"tid": 1, "generated": 0, "bbox": {"xmin": 343, "ymin": 197, "ymax": 260, "xmax": 442}}], [{"tid": 0, "generated": 0, "bbox": {"xmin": 0, "ymin": 44, "ymax": 194, "xmax": 216}}, {"tid": 1, "generated": 0, "bbox": {"xmin": 345, "ymin": 195, "ymax": 264, "xmax": 456}}], [], [], [], [], [], [], [], [], [], [], [], [], [], [], [], [], [], [], [], [], [], [], [], [], [], [], [], [], [], [], [], [], [], [], [], [], [], [], [], [], [], [], [], [], [], [], [], [], [], [], [], [], [], [], [], [], [], [], [], [], [], [], [], [], [], [], [], [], [], [], [], [], [], [], [], [{"tid": 0, "generated": 0, "bbox": {"xmin": 0, "ymin": 45, "ymax": 212, "xmax": 244}}, {"tid": 1, "generated": 0, "bbox": {"xmin": 224, "ymin": 182, "ymax": 314, "xmax": 422}}], [{"tid": 0, "generated": 0, "bbox": {"xmin": 0, "ymin": 45, "ymax": 214, "xmax": 244}}, {"tid": 1, "generated": 0, "bbox": {"xmin": 225, "ymin": 182, "ymax": 313, "xmax": 421}}], [{"tid": 0, "generated": 0, "bbox": {"xmin": 0, "ymin": 45, "ymax": 216, "xmax": 244}}, {"tid": 1, "generated": 0, "bbox": {"xmin": 227, "ymin": 182, "ymax": 313, "xmax": 421}}], [{"tid": 0, "generated": 0, "bbox": {"xmin": 0, "ymin": 44, "ymax": 217, "xmax": 244}}, {"tid": 1, "generated": 0, "bbox": {"xmin": 229, "ymin": 182, "ymax": 313, "xmax": 420}}], [{"tid": 0, "generated": 0, "bbox": {"xmin": 0, "ymin": 44, "ymax": 219, "xmax": 244}}, {"tid": 1, "generated": 0, "bbox": {"xmin": 231, "ymin": 182, "ymax": 313, "xmax": 420}}], [{"tid": 0, "generated": 0, "bbox": {"xmin": 0, "ymin": 44, "ymax": 220, "xmax": 244}}, {"tid": 1, "generated": 0, "bbox": {"xmin": 233, "ymin": 182, "ymax": 313, "xmax": 420}}], [{"tid": 0, "generated": 0, "bbox": {"xmin": 0, "ymin": 44, "ymax": 222, "xmax": 244}}, {"tid": 1, "generated": 0, "bbox": {"xmin": 234, "ymin": 182, "ymax": 313, "xmax": 419}}], [{"tid": 0, "generated": 0, "bbox": {"xmin": 0, "ymin": 44, "ymax": 224, "xmax": 244}}, {"tid": 1, "generated": 0, "bbox": {"xmin": 236, "ymin": 182, "ymax": 313, "xmax": 419}}], [{"tid": 0, "generated": 0, "bbox": {"xmin": 0, "ymin": 44, "ymax": 223, "xmax": 243}}, {"tid": 1, "generated": 0, "bbox": {"xmin": 238, "ymin": 182, "ymax": 313, "xmax": 418}}], [{"tid": 0, "generated": 0, "bbox": {"xmin": 0, "ymin": 44, "ymax": 223, "xmax": 242}}, {"tid": 1, "generated": 0, "bbox": {"xmin": 240, "ymin": 182, "ymax": 313, "xmax": 418}}], [{"tid": 0, "generated": 0, "bbox": {"xmin": 0, "ymin": 44, "ymax": 222, "xmax": 241}}, {"tid": 1, "generated": 0, "bbox": {"xmin": 242, "ymin": 182, "ymax": 313, "xmax": 418}}], [{"tid": 0, "generated": 0, "bbox": {"xmin": 0, "ymin": 44, "ymax": 222, "xmax": 240}}, {"tid": 1, "generated": 0, "bbox": {"xmin": 242, "ymin": 182, "ymax": 313, "xmax": 418}}], [{"tid": 0, "generated": 0, "bbox": {"xmin": 0, "ymin": 44, "ymax": 222, "xmax": 240}}, {"tid": 1, "generated": 0, "bbox": {"xmin": 242, "ymin": 183, "ymax": 313, "xmax": 418}}], [{"tid": 0, "generated": 0, "bbox": {"xmin": 0, "ymin": 44, "ymax": 221, "xmax": 239}}, {"tid": 1, "generated": 0, "bbox": {"xmin": 243, "ymin": 183, "ymax": 313, "xmax": 418}}], [{"tid": 0, "generated": 0, "bbox": {"xmin": 0, "ymin": 44, "ymax": 221, "xmax": 238}}, {"tid": 1, "generated": 0, "bbox": {"xmin": 243, "ymin": 184, "ymax": 313, "xmax": 418}}], [{"tid": 0, "generated": 0, "bbox": {"xmin": 0, "ymin": 44, "ymax": 220, "xmax": 237}}, {"tid": 1, "generated": 0, "bbox": {"xmin": 244, "ymin": 185, "ymax": 314, "xmax": 418}}], [{"tid": 0, "generated": 0, "bbox": {"xmin": 0, "ymin": 44, "ymax": 220, "xmax": 236}}, {"tid": 1, "generated": 0, "bbox": {"xmin": 243, "ymin": 185, "ymax": 314, "xmax": 416}}], [{"tid": 0, "generated": 0, "bbox": {"xmin": 0, "ymin": 45, "ymax": 220, "xmax": 236}}, {"tid": 1, "generated": 0, "bbox": {"xmin": 242, "ymin": 186, "ymax": 314, "xmax": 415}}], [{"tid": 0, "generated": 0, "bbox": {"xmin": 0, "ymin": 44, "ymax": 220, "xmax": 237}}, {"tid": 1, "generated": 0, "bbox": {"xmin": 241, "ymin": 186, "ymax": 314, "xmax": 414}}], [{"tid": 0, "generated": 0, "bbox": {"xmin": 0, "ymin": 44, "ymax": 220, "xmax": 238}}, {"tid": 1, "generated": 0, "bbox": {"xmin": 240, "ymin": 187, "ymax": 314, "xmax": 413}}], [{"tid": 0, "generated": 0, "bbox": {"xmin": 0, "ymin": 44, "ymax": 220, "xmax": 239}}, {"tid": 1, "generated": 0, "bbox": {"xmin": 240, "ymin": 188, "ymax": 314, "xmax": 412}}], [{"tid": 0, "generated": 0, "bbox": {"xmin": 0, "ymin": 44, "ymax": 220, "xmax": 240}}, {"tid": 1, "generated": 0, "bbox": {"xmin": 240, "ymin": 187, "ymax": 314, "xmax": 412}}], [{"tid": 0, "generated": 0, "bbox": {"xmin": 0, "ymin": 44, "ymax": 220, "xmax": 242}}, {"tid": 1, "generated": 0, "bbox": {"xmin": 241, "ymin": 187, "ymax": 314, "xmax": 412}}], [{"tid": 0, "generated": 0, "bbox": {"xmin": 0, "ymin": 44, "ymax": 220, "xmax": 243}}, {"tid": 1, "generated": 0, "bbox": {"xmin": 241, "ymin": 187, "ymax": 314, "xmax": 412}}], [{"tid": 0, "generated": 0, "bbox": {"xmin": 0, "ymin": 44, "ymax": 220, "xmax": 244}}, {"tid": 1, "generated": 0, "bbox": {"xmin": 242, "ymin": 187, "ymax": 314, "xmax": 413}}], [{"tid": 0, "generated": 0, "bbox": {"xmin": 0, "ymin": 44, "ymax": 220, "xmax": 245}}, {"tid": 1, "generated": 0, "bbox": {"xmin": 243, "ymin": 187, "ymax": 314, "xmax": 413}}], [{"tid": 0, "generated": 0, "bbox": {"xmin": 0, "ymin": 44, "ymax": 220, "xmax": 246}}, {"tid": 1, "generated": 0, "bbox": {"xmin": 243, "ymin": 187, "ymax": 314, "xmax": 413}}], [{"tid": 0, "generated": 0, "bbox": {"xmin": 0, "ymin": 44, "ymax": 220, "xmax": 248}}, {"tid": 1, "generated": 0, "bbox": {"xmin": 244, "ymin": 187, "ymax": 314, "xmax": 413}}], [{"tid": 0, "generated": 0, "bbox": {"xmin": 0, "ymin": 44, "ymax": 220, "xmax": 250}}, {"tid": 1, "generated": 0, "bbox": {"xmin": 245, "ymin": 187, "ymax": 314, "xmax": 414}}], [{"tid": 0, "generated": 0, "bbox": {"xmin": 0, "ymin": 44, "ymax": 221, "xmax": 252}}, {"tid": 1, "generated": 0, "bbox": {"xmin": 247, "ymin": 187, "ymax": 314, "xmax": 416}}], [], [], [], [], [], [], [], [], [], [], [], [], [], [], [], [], [], [], [], [], [], [], [], [], [], [], [], [], [], [], [], [], [], [], [], [], [], [], [], [], [], [], [], [], [], [{"tid": 0, "generated": 0, "bbox": {"xmin": 54, "ymin": 52, "ymax": 229, "xmax": 326}}, {"tid": 1, "generated": 0, "bbox": {"xmin": 216, "ymin": 143, "ymax": 314, "xmax": 424}}], [{"tid": 0, "generated": 0, "bbox": {"xmin": 55, "ymin": 52, "ymax": 229, "xmax": 327}}, {"tid": 1, "generated": 0, "bbox": {"xmin": 215, "ymin": 142, "ymax": 314, "xmax": 422}}], [{"tid": 0, "generated": 0, "bbox": {"xmin": 57, "ymin": 52, "ymax": 229, "xmax": 329}}, {"tid": 1, "generated": 0, "bbox": {"xmin": 215, "ymin": 141, "ymax": 314, "xmax": 421}}], [{"tid": 0, "generated": 0, "bbox": {"xmin": 58, "ymin": 51, "ymax": 228, "xmax": 327}}, {"tid": 1, "generated": 0, "bbox": {"xmin": 214, "ymin": 140, "ymax": 314, "xmax": 420}}], [{"tid": 0, "generated": 0, "bbox": {"xmin": 59, "ymin": 50, "ymax": 228, "xmax": 326}}, {"tid": 1, "generated": 0, "bbox": {"xmin": 214, "ymin": 139, "ymax": 314, "xmax": 419}}], [{"tid": 0, "generated": 0, "bbox": {"xmin": 60, "ymin": 49, "ymax": 227, "xmax": 324}}, {"tid": 1, "generated": 0, "bbox": {"xmin": 214, "ymin": 138, "ymax": 314, "xmax": 418}}], [{"tid": 0, "generated": 0, "bbox": {"xmin": 62, "ymin": 48, "ymax": 227, "xmax": 323}}, {"tid": 1, "generated": 0, "bbox": {"xmin": 213, "ymin": 137, "ymax": 314, "xmax": 417}}], [{"tid": 0, "generated": 0, "bbox": {"xmin": 63, "ymin": 48, "ymax": 226, "xmax": 322}}, {"tid": 1, "generated": 0, "bbox": {"xmin": 213, "ymin": 137, "ymax": 314, "xmax": 416}}], [{"tid": 0, "generated": 0, "bbox": {"xmin": 64, "ymin": 47, "ymax": 226, "xmax": 320}}, {"tid": 1, "generated": 0, "bbox": {"xmin": 213, "ymin": 136, "ymax": 314, "xmax": 416}}], [{"tid": 0, "generated": 0, "bbox": {"xmin": 66, "ymin": 46, "ymax": 225, "xmax": 319}}, {"tid": 1, "generated": 0, "bbox": {"xmin": 212, "ymin": 136, "ymax": 314, "xmax": 415}}], [{"tid": 0, "generated": 0, "bbox": {"xmin": 67, "ymin": 45, "ymax": 225, "xmax": 317}}, {"tid": 1, "generated": 0, "bbox": {"xmin": 212, "ymin": 135, "ymax": 314, "xmax": 415}}], [{"tid": 0, "generated": 0, "bbox": {"xmin": 68, "ymin": 44, "ymax": 224, "xmax": 316}}, {"tid": 1, "generated": 0, "bbox": {"xmin": 212, "ymin": 135, "ymax": 314, "xmax": 414}}], [{"tid": 0, "generated": 0, "bbox": {"xmin": 70, "ymin": 44, "ymax": 224, "xmax": 315}}, {"tid": 1, "generated": 0, "bbox": {"xmin": 211, "ymin": 134, "ymax": 314, "xmax": 413}}], [{"tid": 0, "generated": 0, "bbox": {"xmin": 71, "ymin": 44, "ymax": 223, "xmax": 312}}, {"tid": 1, "generated": 0, "bbox": {"xmin": 211, "ymin": 134, "ymax": 314, "xmax": 413}}], [{"tid": 0, "generated": 0, "bbox": {"xmin": 72, "ymin": 44, "ymax": 222, "xmax": 310}}, {"tid": 1, "generated": 0, "bbox": {"xmin": 211, "ymin": 133, "ymax": 314, "xmax": 412}}], [{"tid": 0, "generated": 0, "bbox": {"xmin": 73, "ymin": 44, "ymax": 221, "xmax": 308}}, {"tid": 1, "generated": 0, "bbox": {"xmin": 211, "ymin": 133, "ymax": 315, "xmax": 412}}], [{"tid": 0, "generated": 0, "bbox": {"xmin": 74, "ymin": 44, "ymax": 220, "xmax": 305}}, {"tid": 1, "generated": 0, "bbox": {"xmin": 211, "ymin": 133, "ymax": 314, "xmax": 412}}], [{"tid": 0, "generated": 0, "bbox": {"xmin": 76, "ymin": 44, "ymax": 219, "xmax": 303}}, {"tid": 1, "generated": 0, "bbox": {"xmin": 211, "ymin": 134, "ymax": 314, "xmax": 413}}], [{"tid": 0, "generated": 0, "bbox": {"xmin": 77, "ymin": 44, "ymax": 218, "xmax": 301}}, {"tid": 1, "generated": 0, "bbox": {"xmin": 211, "ymin": 134, "ymax": 314, "xmax": 414}}], [{"tid": 0, "generated": 0, "bbox": {"xmin": 78, "ymin": 44, "ymax": 217, "xmax": 298}}, {"tid": 1, "generated": 0, "bbox": {"xmin": 211, "ymin": 135, "ymax": 314, "xmax": 415}}], [{"tid": 0, "generated": 0, "bbox": {"xmin": 79, "ymin": 44, "ymax": 216, "xmax": 296}}, {"tid": 1, "generated": 0, "bbox": {"xmin": 212, "ymin": 136, "ymax": 314, "xmax": 416}}], [{"tid": 0, "generated": 0, "bbox": {"xmin": 80, "ymin": 44, "ymax": 215, "xmax": 294}}, {"tid": 1, "generated": 0, "bbox": {"xmin": 212, "ymin": 141, "ymax": 314, "xmax": 416}}], [{"tid": 0, "generated": 0, "bbox": {"xmin": 82, "ymin": 44, "ymax": 214, "xmax": 292}}, {"tid": 1, "generated": 0, "bbox": {"xmin": 212, "ymin": 146, "ymax": 314, "xmax": 417}}], [{"tid": 0, "generated": 0, "bbox": {"xmin": 81, "ymin": 44, "ymax": 214, "xmax": 291}}, {"tid": 1, "generated": 0, "bbox": {"xmin": 212, "ymin": 151, "ymax": 315, "xmax": 418}}], [{"tid": 0, "generated": 0, "bbox": {"xmin": 81, "ymin": 44, "ymax": 214, "xmax": 291}}, {"tid": 1, "generated": 0, "bbox": {"xmin": 212, "ymin": 155, "ymax": 315, "xmax": 419}}], [{"tid": 0, "generated": 0, "bbox": {"xmin": 81, "ymin": 44, "ymax": 214, "xmax": 290}}, {"tid": 1, "generated": 0, "bbox": {"xmin": 213, "ymin": 160, "ymax": 315, "xmax": 421}}], [{"tid": 0, "generated": 0, "bbox": {"xmin": 81, "ymin": 44, "ymax": 214, "xmax": 290}}, {"tid": 1, "generated": 0, "bbox": {"xmin": 213, "ymin": 163, "ymax": 314, "xmax": 421}}], [{"tid": 0, "generated": 0, "bbox": {"xmin": 80, "ymin": 44, "ymax": 214, "xmax": 289}}, {"tid": 1, "generated": 0, "bbox": {"xmin": 213, "ymin": 166, "ymax": 314, "xmax": 422}}], [{"tid": 0, "generated": 0, "bbox": {"xmin": 80, "ymin": 44, "ymax": 214, "xmax": 289}}, {"tid": 1, "generated": 0, "bbox": {"xmin": 213, "ymin": 170, "ymax": 314, "xmax": 422}}], [{"tid": 0, "generated": 0, "bbox": {"xmin": 80, "ymin": 44, "ymax": 214, "xmax": 288}}, {"tid": 1, "generated": 0, "bbox": {"xmin": 213, "ymin": 173, "ymax": 314, "xmax": 423}}], [], [], [], [], [], [], [], [], [], [], [], [], [], [], [], [], [], [], [], [], [], [], [], [], [], [], [], [], [], [], [], [], [], [], [], [], [], [], [], [], [], [], [], [], [], [{"tid": 0, "generated": 0, "bbox": {"xmin": 91, "ymin": 44, "ymax": 216, "xmax": 334}}, {"tid": 1, "generated": 0, "bbox": {"xmin": 222, "ymin": 217, "ymax": 314, "xmax": 407}}], [{"tid": 0, "generated": 0, "bbox": {"xmin": 89, "ymin": 44, "ymax": 215, "xmax": 330}}, {"tid": 1, "generated": 0, "bbox": {"xmin": 217, "ymin": 219, "ymax": 313, "xmax": 403}}], [{"tid": 0, "generated": 0, "bbox": {"xmin": 88, "ymin": 44, "ymax": 215, "xmax": 326}}, {"tid": 1, "generated": 0, "bbox": {"xmin": 212, "ymin": 222, "ymax": 313, "xmax": 400}}], [{"tid": 0, "generated": 0, "bbox": {"xmin": 87, "ymin": 44, "ymax": 214, "xmax": 322}}, {"tid": 1, "generated": 0, "bbox": {"xmin": 207, "ymin": 224, "ymax": 312, "xmax": 397}}], [{"tid": 0, "generated": 0, "bbox": {"xmin": 85, "ymin": 44, "ymax": 213, "xmax": 318}}, {"tid": 1, "generated": 0, "bbox": {"xmin": 202, "ymin": 227, "ymax": 312, "xmax": 394}}], [{"tid": 0, "generated": 0, "bbox": {"xmin": 84, "ymin": 44, "ymax": 213, "xmax": 314}}, {"tid": 1, "generated": 0, "bbox": {"xmin": 198, "ymin": 230, "ymax": 312, "xmax": 391}}], [{"tid": 0, "generated": 0, "bbox": {"xmin": 83, "ymin": 44, "ymax": 212, "xmax": 310}}, {"tid": 1, "generated": 0, "bbox": {"xmin": 196, "ymin": 232, "ymax": 312, "xmax": 387}}], [{"tid": 0, "generated": 0, "bbox": {"xmin": 82, "ymin": 44, "ymax": 212, "xmax": 307}}, {"tid": 1, "generated": 0, "bbox": {"xmin": 194, "ymin": 235, "ymax": 312, "xmax": 384}}], [{"tid": 0, "generated": 0, "bbox": {"xmin": 86, "ymin": 44, "ymax": 213, "xmax": 305}}, {"tid": 1, "generated": 0, "bbox": {"xmin": 192, "ymin": 238, "ymax": 313, "xmax": 381}}], [{"tid": 0, "generated": 0, "bbox": {"xmin": 90, "ymin": 44, "ymax": 214, "xmax": 304}}, {"tid": 1, "generated": 0, "bbox": {"xmin": 189, "ymin": 238, "ymax": 313, "xmax": 378}}], [{"tid": 0, "generated": 0, "bbox": {"xmin": 94, "ymin": 44, "ymax": 215, "xmax": 303}}, {"tid": 1, "generated": 0, "bbox": {"xmin": 187, "ymin": 238, "ymax": 314, "xmax": 376}}], [{"tid": 0, "generated": 0, "bbox": {"xmin": 99, "ymin": 44, "ymax": 216, "xmax": 302}}, {"tid": 1, "generated": 0, "bbox": {"xmin": 205, "ymin": 240, "ymax": 314, "xmax": 372}}], [{"tid": 0, "generated": 0, "bbox": {"xmin": 103, "ymin": 44, "ymax": 217, "xmax": 301}}, {"tid": 1, "generated": 0, "bbox": {"xmin": 224, "ymin": 243, "ymax": 314, "xmax": 369}}], [{"tid": 0, "generated": 0, "bbox": {"xmin": 107, "ymin": 44, "ymax": 218, "xmax": 300}}, {"tid": 1, "generated": 0, "bbox": {"xmin": 242, "ymin": 245, "ymax": 314, "xmax": 365}}], [{"tid": 0, "generated": 0, "bbox": {"xmin": 111, "ymin": 44, "ymax": 219, "xmax": 299}}, {"tid": 1, "generated": 0, "bbox": {"xmin": 261, "ymin": 248, "ymax": 314, "xmax": 362}}], [{"tid": 0, "generated": 0, "bbox": {"xmin": 116, "ymin": 44, "ymax": 220, "xmax": 298}}, {"tid": 1, "generated": 0, "bbox": {"xmin": 280, "ymin": 251, "ymax": 314, "xmax": 359}}], [{"tid": 0, "generated": 0, "bbox": {"xmin": 117, "ymin": 44, "ymax": 221, "xmax": 299}}, {"tid": 1, "generated": 0, "bbox": {"xmin": 280, "ymin": 255, "ymax": 313, "xmax": 354}}], [{"tid": 0, "generated": 0, "bbox": {"xmin": 118, "ymin": 44, "ymax": 222, "xmax": 300}}, {"tid": 1, "generated": 0, "bbox": {"xmin": 280, "ymin": 260, "ymax": 313, "xmax": 349}}], [{"tid": 0, "generated": 0, "bbox": {"xmin": 118, "ymin": 45, "ymax": 227, "xmax": 301}}, {"tid": 1, "generated": 0, "bbox": {"xmin": 281, "ymin": 265, "ymax": 313, "xmax": 344}}], [{"tid": 0, "generated": 0, "bbox": {"xmin": 119, "ymin": 47, "ymax": 254, "xmax": 298}}, {"tid": 1, "generated": 0, "bbox": {"xmin": 281, "ymin": 268, "ymax": 314, "xmax": 346}}], [{"tid": 0, "generated": 0, "bbox": {"xmin": 121, "ymin": 50, "ymax": 282, "xmax": 296}}, {"tid": 1, "generated": 0, "bbox": {"xmin": 281, "ymin": 272, "ymax": 315, "xmax": 348}}], [{"tid": 0, "generated": 0, "bbox": {"xmin": 120, "ymin": 53, "ymax": 282, "xmax": 299}}, {"tid": 1, "generated": 0, "bbox": {"xmin": 283, "ymin": 274, "ymax": 315, "xmax": 348}}], [{"tid": 0, "generated": 0, "bbox": {"xmin": 120, "ymin": 57, "ymax": 283, "xmax": 303}}, {"tid": 1, "generated": 0, "bbox": {"xmin": 285, "ymin": 277, "ymax": 315, "xmax": 349}}], [{"tid": 0, "generated": 0, "bbox": {"xmin": 120, "ymin": 60, "ymax": 284, "xmax": 306}}, {"tid": 1, "generated": 0, "bbox": {"xmin": 288, "ymin": 280, "ymax": 315, "xmax": 350}}], [{"tid": 0, "generated": 0, "bbox": {"xmin": 120, "ymin": 64, "ymax": 285, "xmax": 310}}, {"tid": 1, "generated": 0, "bbox": {"xmin": 290, "ymin": 283, "ymax": 315, "xmax": 351}}], [{"tid": 0, "generated": 0, "bbox": {"xmin": 120, "ymin": 68, "ymax": 286, "xmax": 314}}, {"tid": 1, "generated": 0, "bbox": {"xmin": 293, "ymin": 286, "ymax": 315, "xmax": 352}}], [{"tid": 0, "generated": 0, "bbox": {"xmin": 118, "ymin": 69, "ymax": 287, "xmax": 310}}, {"tid": 1, "generated": 0, "bbox": {"xmin": 295, "ymin": 286, "ymax": 315, "xmax": 352}}], [{"tid": 0, "generated": 0, "bbox": {"xmin": 116, "ymin": 71, "ymax": 288, "xmax": 306}}, {"tid": 1, "generated": 0, "bbox": {"xmin": 297, "ymin": 287, "ymax": 315, "xmax": 353}}], [{"tid": 0, "generated": 0, "bbox": {"xmin": 116, "ymin": 71, "ymax": 288, "xmax": 306}}, {"tid": 1, "generated": 0, "bbox": {"xmin": 300, "ymin": 288, "ymax": 315, "xmax": 354}}], [{"tid": 0, "generated": 0, "bbox": {"xmin": 116, "ymin": 72, "ymax": 289, "xmax": 307}}, {"tid": 1, "generated": 0, "bbox": {"xmin": 301, "ymin": 289, "ymax": 314, "xmax": 353}}], [], [], [], [], [], [], [], [], [], [], [], [], [], [], [], [], [], [], [], [], [], [], [], [], [], [], [], [], [], [], [{"tid": 0, "generated": 0, "bbox": {"xmin": 125, "ymin": 92, "ymax": 286, "xmax": 334}}, {"tid": 1, "generated": 0, "bbox": {"xmin": 290, "ymin": 286, "ymax": 314, "xmax": 345}}], [{"tid": 0, "generated": 0, "bbox": {"xmin": 124, "ymin": 92, "ymax": 285, "xmax": 334}}, {"tid": 1, "generated": 0, "bbox": {"xmin": 287, "ymin": 286, "ymax": 314, "xmax": 341}}], [{"tid": 0, "generated": 0, "bbox": {"xmin": 123, "ymin": 92, "ymax": 285, "xmax": 334}}, {"tid": 1, "generated": 0, "bbox": {"xmin": 284, "ymin": 286, "ymax": 314, "xmax": 338}}], [{"tid": 0, "generated": 0, "bbox": {"xmin": 123, "ymin": 93, "ymax": 284, "xmax": 335}}, {"tid": 1, "generated": 0, "bbox": {"xmin": 282, "ymin": 287, "ymax": 315, "xmax": 334}}], [{"tid": 0, "generated": 0, "bbox": {"xmin": 122, "ymin": 93, "ymax": 284, "xmax": 335}}, {"tid": 1, "generated": 0, "bbox": {"xmin": 279, "ymin": 287, "ymax": 315, "xmax": 331}}], [{"tid": 0, "generated": 0, "bbox": {"xmin": 122, "ymin": 94, "ymax": 284, "xmax": 336}}, {"tid": 1, "generated": 0, "bbox": {"xmin": 277, "ymin": 288, "ymax": 316, "xmax": 328}}], [{"tid": 0, "generated": 0, "bbox": {"xmin": 122, "ymin": 96, "ymax": 284, "xmax": 337}}, {"tid": 1, "generated": 0, "bbox": {"xmin": 274, "ymin": 288, "ymax": 315, "xmax": 325}}], [{"tid": 0, "generated": 0, "bbox": {"xmin": 122, "ymin": 98, "ymax": 284, "xmax": 338}}, {"tid": 1, "generated": 0, "bbox": {"xmin": 272, "ymin": 288, "ymax": 315, "xmax": 322}}], [{"tid": 0, "generated": 0, "bbox": {"xmin": 121, "ymin": 98, "ymax": 283, "xmax": 338}}, {"tid": 1, "generated": 0, "bbox": {"xmin": 270, "ymin": 288, "ymax": 315, "xmax": 320}}], [{"tid": 0, "generated": 0, "bbox": {"xmin": 121, "ymin": 98, "ymax": 283, "xmax": 339}}, {"tid": 1, "generated": 0, "bbox": {"xmin": 268, "ymin": 288, "ymax": 314, "xmax": 318}}], [{"tid": 0, "generated": 0, "bbox": {"xmin": 121, "ymin": 99, "ymax": 283, "xmax": 340}}, {"tid": 1, "generated": 0, "bbox": {"xmin": 267, "ymin": 288, "ymax": 314, "xmax": 316}}], [{"tid": 0, "generated": 0, "bbox": {"xmin": 120, "ymin": 98, "ymax": 283, "xmax": 341}}, {"tid": 1, "generated": 0, "bbox": {"xmin": 266, "ymin": 288, "ymax": 314, "xmax": 315}}], [{"tid": 0, "generated": 0, "bbox": {"xmin": 120, "ymin": 97, "ymax": 283, "xmax": 342}}, {"tid": 1, "generated": 0, "bbox": {"xmin": 266, "ymin": 288, "ymax": 314, "xmax": 314}}], [{"tid": 0, "generated": 0, "bbox": {"xmin": 120, "ymin": 97, "ymax": 283, "xmax": 343}}, {"tid": 1, "generated": 0, "bbox": {"xmin": 265, "ymin": 289, "ymax": 314, "xmax": 313}}], [{"tid": 0, "generated": 0, "bbox": {"xmin": 120, "ymin": 96, "ymax": 283, "xmax": 344}}, {"tid": 1, "generated": 0, "bbox": {"xmin": 265, "ymin": 289, "ymax": 314, "xmax": 312}}], [{"tid": 0, "generated": 0, "bbox": {"xmin": 120, "ymin": 96, "ymax": 283, "xmax": 345}}, {"tid": 1, "generated": 0, "bbox": {"xmin": 264, "ymin": 290, "ymax": 314, "xmax": 312}}], [{"tid": 0, "generated": 0, "bbox": {"xmin": 120, "ymin": 95, "ymax": 283, "xmax": 346}}, {"tid": 1, "generated": 0, "bbox": {"xmin": 264, "ymin": 290, "ymax": 314, "xmax": 311}}], [{"tid": 0, "generated": 0, "bbox": {"xmin": 120, "ymin": 95, "ymax": 284, "xmax": 347}}, {"tid": 1, "generated": 0, "bbox": {"xmin": 263, "ymin": 290, "ymax": 314, "xmax": 310}}], [{"tid": 0, "generated": 0, "bbox": {"xmin": 119, "ymin": 95, "ymax": 284, "xmax": 348}}, {"tid": 1, "generated": 0, "bbox": {"xmin": 263, "ymin": 291, "ymax": 314, "xmax": 309}}], [{"tid": 0, "generated": 0, "bbox": {"xmin": 119, "ymin": 95, "ymax": 284, "xmax": 350}}, {"tid": 1, "generated": 0, "bbox": {"xmin": 262, "ymin": 291, "ymax": 314, "xmax": 308}}], [{"tid": 0, "generated": 0, "bbox": {"xmin": 119, "ymin": 95, "ymax": 284, "xmax": 351}}, {"tid": 1, "generated": 0, "bbox": {"xmin": 262, "ymin": 292, "ymax": 314, "xmax": 308}}], [{"tid": 0, "generated": 0, "bbox": {"xmin": 119, "ymin": 95, "ymax": 284, "xmax": 353}}, {"tid": 1, "generated": 0, "bbox": {"xmin": 261, "ymin": 292, "ymax": 314, "xmax": 308}}], [{"tid": 0, "generated": 0, "bbox": {"xmin": 118, "ymin": 95, "ymax": 284, "xmax": 355}}, {"tid": 1, "generated": 0, "bbox": {"xmin": 261, "ymin": 292, "ymax": 314, "xmax": 309}}], [{"tid": 0, "generated": 0, "bbox": {"xmin": 118, "ymin": 95, "ymax": 284, "xmax": 356}}, {"tid": 1, "generated": 0, "bbox": {"xmin": 261, "ymin": 292, "ymax": 314, "xmax": 310}}], [{"tid": 0, "generated": 0, "bbox": {"xmin": 118, "ymin": 95, "ymax": 284, "xmax": 358}}, {"tid": 1, "generated": 0, "bbox": {"xmin": 261, "ymin": 293, "ymax": 314, "xmax": 311}}], [{"tid": 0, "generated": 0, "bbox": {"xmin": 118, "ymin": 96, "ymax": 285, "xmax": 360}}, {"tid": 1, "generated": 0, "bbox": {"xmin": 260, "ymin": 293, "ymax": 314, "xmax": 311}}], [{"tid": 0, "generated": 0, "bbox": {"xmin": 118, "ymin": 96, "ymax": 285, "xmax": 359}}, {"tid": 1, "generated": 0, "bbox": {"xmin": 260, "ymin": 293, "ymax": 314, "xmax": 312}}], [{"tid": 0, "generated": 0, "bbox": {"xmin": 118, "ymin": 97, "ymax": 286, "xmax": 358}}, {"tid": 1, "generated": 0, "bbox": {"xmin": 260, "ymin": 293, "ymax": 314, "xmax": 313}}], [{"tid": 0, "generated": 0, "bbox": {"xmin": 117, "ymin": 96, "ymax": 285, "xmax": 357}}, {"tid": 1, "generated": 0, "bbox": {"xmin": 260, "ymin": 294, "ymax": 314, "xmax": 314}}], [{"tid": 0, "generated": 0, "bbox": {"xmin": 116, "ymin": 96, "ymax": 284, "xmax": 356}}, {"tid": 1, "generated": 0, "bbox": {"xmin": 260, "ymin": 292, "ymax": 314, "xmax": 316}}], [], [], [], [], [], [], [], [], [], [], [], [], [], [], [], [], [], [], [], [], [], [], [], [], [], [], [], [], [], [], [], [], [], [], [], [], [], [], [], [], [], [], [], [], [], [], [], [], [], [], [], [], [], [], [], [], [], [], [], [], [], [], [], [], [], [], [], [], [], [], [], [], [], [], [], [], [], [], [], [], [], [], [], [], [], [], [], [], [], [], [], [], [], [], [], [], [], [], [], [], [], [], [], [], [], [], [], [], [], [], [], [], [], [], [], [], [], [], [], [], [], [], [], [], [], [], [], [], [], [], [], [], [], [], [], [], [], [], [], [], [], [], [], [], [], [], [], [], [], [], [], [], [], [], [], [], [], [], [], [], [], [], [], [], [], [], [], [], [], [], [], [], [], [], [], [], [], [], [], [], [{"tid": 0, "generated": 0, "bbox": {"xmin": 68, "ymin": 61, "ymax": 241, "xmax": 292}}, {"tid": 1, "generated": 0, "bbox": {"xmin": 233, "ymin": 246, "ymax": 315, "xmax": 343}}], [{"tid": 0, "generated": 0, "bbox": {"xmin": 67, "ymin": 59, "ymax": 240, "xmax": 291}}, {"tid": 1, "generated": 0, "bbox": {"xmin": 231, "ymin": 246, "ymax": 315, "xmax": 342}}], [{"tid": 0, "generated": 0, "bbox": {"xmin": 67, "ymin": 58, "ymax": 239, "xmax": 291}}, {"tid": 1, "generated": 0, "bbox": {"xmin": 229, "ymin": 246, "ymax": 315, "xmax": 341}}], [{"tid": 0, "generated": 0, "bbox": {"xmin": 67, "ymin": 57, "ymax": 238, "xmax": 291}}, {"tid": 1, "generated": 0, "bbox": {"xmin": 228, "ymin": 246, "ymax": 315, "xmax": 341}}], [{"tid": 0, "generated": 0, "bbox": {"xmin": 68, "ymin": 56, "ymax": 237, "xmax": 290}}, {"tid": 1, "generated": 0, "bbox": {"xmin": 226, "ymin": 246, "ymax": 315, "xmax": 340}}], [{"tid": 0, "generated": 0, "bbox": {"xmin": 69, "ymin": 55, "ymax": 237, "xmax": 289}}, {"tid": 1, "generated": 0, "bbox": {"xmin": 225, "ymin": 246, "ymax": 316, "xmax": 340}}], [{"tid": 0, "generated": 0, "bbox": {"xmin": 70, "ymin": 54, "ymax": 236, "xmax": 288}}, {"tid": 1, "generated": 0, "bbox": {"xmin": 222, "ymin": 245, "ymax": 315, "xmax": 338}}], [{"tid": 0, "generated": 0, "bbox": {"xmin": 71, "ymin": 54, "ymax": 236, "xmax": 287}}, {"tid": 1, "generated": 0, "bbox": {"xmin": 219, "ymin": 245, "ymax": 315, "xmax": 336}}], [{"tid": 0, "generated": 0, "bbox": {"xmin": 72, "ymin": 53, "ymax": 235, "xmax": 286}}, {"tid": 1, "generated": 0, "bbox": {"xmin": 217, "ymin": 245, "ymax": 315, "xmax": 335}}], [{"tid": 0, "generated": 0, "bbox": {"xmin": 73, "ymin": 52, "ymax": 235, "xmax": 285}}, {"tid": 1, "generated": 0, "bbox": {"xmin": 214, "ymin": 245, "ymax": 315, "xmax": 333}}], [{"tid": 0, "generated": 0, "bbox": {"xmin": 74, "ymin": 52, "ymax": 235, "xmax": 285}}, {"tid": 1, "generated": 0, "bbox": {"xmin": 212, "ymin": 245, "ymax": 315, "xmax": 332}}], [{"tid": 0, "generated": 0, "bbox": {"xmin": 75, "ymin": 51, "ymax": 235, "xmax": 286}}, {"tid": 1, "generated": 0, "bbox": {"xmin": 210, "ymin": 244, "ymax": 314, "xmax": 332}}], [{"tid": 0, "generated": 0, "bbox": {"xmin": 76, "ymin": 50, "ymax": 235, "xmax": 287}}, {"tid": 1, "generated": 0, "bbox": {"xmin": 209, "ymin": 244, "ymax": 314, "xmax": 332}}], [{"tid": 0, "generated": 0, "bbox": {"xmin": 78, "ymin": 50, "ymax": 235, "xmax": 288}}, {"tid": 1, "generated": 0, "bbox": {"xmin": 208, "ymin": 244, "ymax": 314, "xmax": 332}}], [{"tid": 0, "generated": 0, "bbox": {"xmin": 78, "ymin": 49, "ymax": 234, "xmax": 288}}, {"tid": 1, "generated": 0, "bbox": {"xmin": 207, "ymin": 243, "ymax": 314, "xmax": 332}}], [{"tid": 0, "generated": 0, "bbox": {"xmin": 79, "ymin": 49, "ymax": 234, "xmax": 288}}, {"tid": 1, "generated": 0, "bbox": {"xmin": 206, "ymin": 243, "ymax": 314, "xmax": 332}}], [{"tid": 0, "generated": 0, "bbox": {"xmin": 80, "ymin": 48, "ymax": 234, "xmax": 289}}, {"tid": 1, "generated": 0, "bbox": {"xmin": 204, "ymin": 243, "ymax": 314, "xmax": 332}}], [{"tid": 0, "generated": 0, "bbox": {"xmin": 81, "ymin": 48, "ymax": 234, "xmax": 289}}, {"tid": 1, "generated": 0, "bbox": {"xmin": 203, "ymin": 242, "ymax": 314, "xmax": 332}}], [{"tid": 0, "generated": 0, "bbox": {"xmin": 82, "ymin": 47, "ymax": 234, "xmax": 290}}, {"tid": 1, "generated": 0, "bbox": {"xmin": 202, "ymin": 242, "ymax": 314, "xmax": 332}}], [{"tid": 0, "generated": 0, "bbox": {"xmin": 82, "ymin": 47, "ymax": 233, "xmax": 290}}, {"tid": 1, "generated": 0, "bbox": {"xmin": 201, "ymin": 242, "ymax": 314, "xmax": 332}}], [{"tid": 0, "generated": 0, "bbox": {"xmin": 83, "ymin": 46, "ymax": 233, "xmax": 290}}, {"tid": 1, "generated": 0, "bbox": {"xmin": 200, "ymin": 242, "ymax": 314, "xmax": 333}}], [{"tid": 0, "generated": 0, "bbox": {"xmin": 84, "ymin": 46, "ymax": 233, "xmax": 291}}, {"tid": 1, "generated": 0, "bbox": {"xmin": 200, "ymin": 240, "ymax": 312, "xmax": 332}}], [{"tid": 0, "generated": 0, "bbox": {"xmin": 85, "ymin": 45, "ymax": 233, "xmax": 291}}, {"tid": 1, "generated": 0, "bbox": {"xmin": 200, "ymin": 238, "ymax": 311, "xmax": 332}}], [{"tid": 0, "generated": 0, "bbox": {"xmin": 86, "ymin": 45, "ymax": 233, "xmax": 292}}, {"tid": 1, "generated": 0, "bbox": {"xmin": 200, "ymin": 236, "ymax": 310, "xmax": 331}}], [{"tid": 0, "generated": 0, "bbox": {"xmin": 86, "ymin": 44, "ymax": 232, "xmax": 292}}, {"tid": 1, "generated": 0, "bbox": {"xmin": 200, "ymin": 235, "ymax": 308, "xmax": 331}}], [{"tid": 0, "generated": 0, "bbox": {"xmin": 86, "ymin": 44, "ymax": 232, "xmax": 292}}, {"tid": 1, "generated": 0, "bbox": {"xmin": 200, "ymin": 233, "ymax": 307, "xmax": 330}}], [{"tid": 0, "generated": 0, "bbox": {"xmin": 86, "ymin": 44, "ymax": 232, "xmax": 292}}, {"tid": 1, "generated": 0, "bbox": {"xmin": 200, "ymin": 231, "ymax": 306, "xmax": 330}}], [{"tid": 0, "generated": 0, "bbox": {"xmin": 86, "ymin": 44, "ymax": 232, "xmax": 292}}, {"tid": 1, "generated": 0, "bbox": {"xmin": 200, "ymin": 230, "ymax": 304, "xmax": 329}}], [{"tid": 0, "generated": 0, "bbox": {"xmin": 87, "ymin": 44, "ymax": 232, "xmax": 293}}, {"tid": 1, "generated": 0, "bbox": {"xmin": 200, "ymin": 228, "ymax": 303, "xmax": 329}}], [{"tid": 0, "generated": 0, "bbox": {"xmin": 87, "ymin": 44, "ymax": 232, "xmax": 293}}, {"tid": 1, "generated": 0, "bbox": {"xmin": 200, "ymin": 226, "ymax": 302, "xmax": 328}}]], "subject/objects": [{"category": "bear", "tid": 0}, {"category": "bear", "tid": 1}], "relation_instances": [{"end_fid": 30, "subject_tid": 0, "predicate": "stand_above", "begin_fid": 0, "object_tid": 1}, {"end_fid": 30, "subject_tid": 0, "predicate": "stand_left", "begin_fid": 0, "object_tid": 1}, {"end_fid": 30, "subject_tid": 0, "predicate": "pull", "begin_fid": 0, "object_tid": 1}, {"end_fid": 30, "subject_tid": 0, "predicate": "play", "begin_fid": 0, "object_tid": 1}, {"end_fid": 30, "subject_tid": 0, "predicate": "watch", "begin_fid": 0, "object_tid": 1}, {"end_fid": 30, "subject_tid": 1, "predicate": "swim_beneath", "begin_fid": 0, "object_tid": 0}, {"end_fid": 30, "subject_tid": 1, "predicate": "swim_right", "begin_fid": 0, "object_tid": 0}, {"end_fid": 30, "subject_tid": 1, "predicate": "pull", "begin_fid": 0, "object_tid": 0}, {"end_fid": 30, "subject_tid": 1, "predicate": "play", "begin_fid": 0, "object_tid": 0}, {"end_fid": 90, "subject_tid": 0, "predicate": "stand_above", "begin_fid": 60, "object_tid": 1}, {"end_fid": 90, "subject_tid": 0, "predicate": "stand_left", "begin_fid": 60, "object_tid": 1}, {"end_fid": 90, "subject_tid": 0, "predicate": "play", "begin_fid": 60, "object_tid": 1}, {"end_fid": 90, "subject_tid": 0, "predicate": "watch", "begin_fid": 60, "object_tid": 1}, {"end_fid": 90, "subject_tid": 1, "predicate": "swim_beneath", "begin_fid": 60, "object_tid": 0}, {"end_fid": 90, "subject_tid": 1, "predicate": "swim_right", "begin_fid": 60, "object_tid": 0}, {"end_fid": 90, "subject_tid": 1, "predicate": "play", "begin_fid": 60, "object_tid": 0}, {"end_fid": 90, "subject_tid": 1, "predicate": "watch", "begin_fid": 60, "object_tid": 0}, {"end_fid": 165, "subject_tid": 0, "predicate": "stand_above", "begin_fid": 135, "object_tid": 1}, {"end_fid": 165, "subject_tid": 0, "predicate": "stand_left", "begin_fid": 135, "object_tid": 1}, {"end_fid": 165, "subject_tid": 0, "predicate": "pull", "begin_fid": 135, "object_tid": 1}, {"end_fid": 165, "subject_tid": 0, "predicate": "play", "begin_fid": 135, "object_tid": 1}, {"end_fid": 165, "subject_tid": 0, "predicate": "watch", "begin_fid": 135, "object_tid": 1}, {"end_fid": 165, "subject_tid": 1, "predicate": "swim_beneath", "begin_fid": 135, "object_tid": 0}, {"end_fid": 165, "subject_tid": 1, "predicate": "swim_right", "begin_fid": 135, "object_tid": 0}, {"end_fid": 165, "subject_tid": 1, "predicate": "pull", "begin_fid": 135, "object_tid": 0}, {"end_fid": 165, "subject_tid": 1, "predicate": "play", "begin_fid": 135, "object_tid": 0}, {"end_fid": 165, "subject_tid": 1, "predicate": "watch", "begin_fid": 135, "object_tid": 0}, {"end_fid": 240, "subject_tid": 0, "predicate": "stand_above", "begin_fid": 210, "object_tid": 1}, {"end_fid": 240, "subject_tid": 0, "predicate": "stand_left", "begin_fid": 210, "object_tid": 1}, {"end_fid": 240, "subject_tid": 0, "predicate": "pull", "begin_fid": 210, "object_tid": 1}, {"end_fid": 240, "subject_tid": 0, "predicate": "play", "begin_fid": 210, "object_tid": 1}, {"end_fid": 240, "subject_tid": 0, "predicate": "watch", "begin_fid": 210, "object_tid": 1}, {"end_fid": 240, "subject_tid": 1, "predicate": "swim_beneath", "begin_fid": 210, "object_tid": 0}, {"end_fid": 240, "subject_tid": 1, "predicate": "swim_right", "begin_fid": 210, "object_tid": 0}, {"end_fid": 240, "subject_tid": 1, "predicate": "pull", "begin_fid": 210, "object_tid": 0}, {"end_fid": 240, "subject_tid": 1, "predicate": "play", "begin_fid": 210, "object_tid": 0}, {"end_fid": 240, "subject_tid": 1, "predicate": "watch", "begin_fid": 210, "object_tid": 0}, {"end_fid": 360, "subject_tid": 0, "predicate": "walk_above", "begin_fid": 330, "object_tid": 1}, {"end_fid": 360, "subject_tid": 0, "predicate": "walk_left", "begin_fid": 330, "object_tid": 1}, {"end_fid": 360, "subject_tid": 0, "predicate": "pull", "begin_fid": 330, "object_tid": 1}, {"end_fid": 360, "subject_tid": 0, "predicate": "play", "begin_fid": 330, "object_tid": 1}, {"end_fid": 360, "subject_tid": 0, "predicate": "watch", "begin_fid": 330, "object_tid": 1}, {"end_fid": 360, "subject_tid": 1, "predicate": "swim_beneath", "begin_fid": 330, "object_tid": 0}, {"end_fid": 360, "subject_tid": 1, "predicate": "swim_right", "begin_fid": 330, "object_tid": 0}, {"end_fid": 360, "subject_tid": 1, "predicate": "pull", "begin_fid": 330, "object_tid": 0}, {"end_fid": 360, "subject_tid": 1, "predicate": "play", "begin_fid": 330, "object_tid": 0}, {"end_fid": 360, "subject_tid": 1, "predicate": "watch", "begin_fid": 330, "object_tid": 0}, {"end_fid": 465, "subject_tid": 0, "predicate": "stand_behind", "begin_fid": 435, "object_tid": 1}, {"end_fid": 465, "subject_tid": 0, "predicate": "stand_above", "begin_fid": 435, "object_tid": 1}, {"end_fid": 465, "subject_tid": 0, "predicate": "stand_left", "begin_fid": 435, "object_tid": 1}, {"end_fid": 465, "subject_tid": 0, "predicate": "play", "begin_fid": 435, "object_tid": 1}, {"end_fid": 465, "subject_tid": 0, "predicate": "watch", "begin_fid": 435, "object_tid": 1}, {"end_fid": 465, "subject_tid": 1, "predicate": "creep_beneath", "begin_fid": 435, "object_tid": 0}, {"end_fid": 465, "subject_tid": 1, "predicate": "creep_front", "begin_fid": 435, "object_tid": 0}, {"end_fid": 465, "subject_tid": 1, "predicate": "creep_right", "begin_fid": 435, "object_tid": 0}, {"end_fid": 465, "subject_tid": 1, "predicate": "play", "begin_fid": 435, "object_tid": 0}, {"end_fid": 465, "subject_tid": 1, "predicate": "watch", "begin_fid": 435, "object_tid": 0}, {"end_fid": 540, "subject_tid": 0, "predicate": "walk_behind", "begin_fid": 510, "object_tid": 1}, {"end_fid": 540, "subject_tid": 0, "predicate": "walk_above", "begin_fid": 510, "object_tid": 1}, {"end_fid": 540, "subject_tid": 0, "predicate": "walk_left", "begin_fid": 510, "object_tid": 1}, {"end_fid": 540, "subject_tid": 0, "predicate": "play", "begin_fid": 510, "object_tid": 1}, {"end_fid": 540, "subject_tid": 0, "predicate": "watch", "begin_fid": 510, "object_tid": 1}, {"end_fid": 540, "subject_tid": 1, "predicate": "lie_beneath", "begin_fid": 510, "object_tid": 0}, {"end_fid": 540, "subject_tid": 1, "predicate": "lie_front", "begin_fid": 510, "object_tid": 0}, {"end_fid": 540, "subject_tid": 1, "predicate": "lie_right", "begin_fid": 510, "object_tid": 0}, {"end_fid": 540, "subject_tid": 1, "predicate": "play", "begin_fid": 510, "object_tid": 0}, {"end_fid": 540, "subject_tid": 1, "predicate": "watch", "begin_fid": 510, "object_tid": 0}, {"end_fid": 615, "subject_tid": 0, "predicate": "walk_behind", "begin_fid": 585, "object_tid": 1}, {"end_fid": 615, "subject_tid": 0, "predicate": "walk_above", "begin_fid": 585, "object_tid": 1}, {"end_fid": 615, "subject_tid": 0, "predicate": "walk_left", "begin_fid": 585, "object_tid": 1}, {"end_fid": 615, "subject_tid": 0, "predicate": "pull", "begin_fid": 585, "object_tid": 1}, {"end_fid": 615, "subject_tid": 0, "predicate": "play", "begin_fid": 585, "object_tid": 1}, {"end_fid": 615, "subject_tid": 0, "predicate": "watch", "begin_fid": 585, "object_tid": 1}, {"end_fid": 615, "subject_tid": 1, "predicate": "creep_right", "begin_fid": 585, "object_tid": 0}, {"end_fid": 615, "subject_tid": 1, "predicate": "creep_front", "begin_fid": 585, "object_tid": 0}, {"end_fid": 615, "subject_tid": 1, "predicate": "creep_beneath", "begin_fid": 585, "object_tid": 0}, {"end_fid": 615, "subject_tid": 1, "predicate": "pull", "begin_fid": 585, "object_tid": 0}, {"end_fid": 615, "subject_tid": 1, "predicate": "play", "begin_fid": 585, "object_tid": 0}, {"end_fid": 615, "subject_tid": 1, "predicate": "watch", "begin_fid": 585, "object_tid": 0}, {"end_fid": 675, "subject_tid": 0, "predicate": "stand_behind", "begin_fid": 645, "object_tid": 1}, {"end_fid": 675, "subject_tid": 0, "predicate": "stand_above", "begin_fid": 645, "object_tid": 1}, {"end_fid": 675, "subject_tid": 0, "predicate": "pull", "begin_fid": 645, "object_tid": 1}, {"end_fid": 675, "subject_tid": 0, "predicate": "play", "begin_fid": 645, "object_tid": 1}, {"end_fid": 675, "subject_tid": 0, "predicate": "watch", "begin_fid": 645, "object_tid": 1}, {"end_fid": 675, "subject_tid": 1, "predicate": "swim_beneath", "begin_fid": 645, "object_tid": 0}, {"end_fid": 675, "subject_tid": 1, "predicate": "swim_front", "begin_fid": 645, "object_tid": 0}, {"end_fid": 675, "subject_tid": 1, "predicate": "pull", "begin_fid": 645, "object_tid": 0}, {"end_fid": 675, "subject_tid": 1, "predicate": "play", "begin_fid": 645, "object_tid": 0}, {"end_fid": 675, "subject_tid": 1, "predicate": "watch", "begin_fid": 645, "object_tid": 0}, {"end_fid": 885, "subject_tid": 0, "predicate": "stand_behind", "begin_fid": 855, "object_tid": 1}, {"end_fid": 885, "subject_tid": 0, "predicate": "stand_above", "begin_fid": 855, "object_tid": 1}, {"end_fid": 885, "subject_tid": 0, "predicate": "pull", "begin_fid": 855, "object_tid": 1}, {"end_fid": 885, "subject_tid": 0, "predicate": "play", "begin_fid": 855, "object_tid": 1}, {"end_fid": 885, "subject_tid": 0, "predicate": "watch", "begin_fid": 855, "object_tid": 1}, {"end_fid": 885, "subject_tid": 1, "predicate": "swim_beneath", "begin_fid": 855, "object_tid": 0}, {"end_fid": 885, "subject_tid": 1, "predicate": "swim_front", "begin_fid": 855, "object_tid": 0}, {"end_fid": 885, "subject_tid": 1, "predicate": "pull", "begin_fid": 855, "object_tid": 0}, {"end_fid": 885, "subject_tid": 1, "predicate": "play", "begin_fid": 855, "object_tid": 0}, {"end_fid": 885, "subject_tid": 1, "predicate": "watch", "begin_fid": 855, "object_tid": 0}], "height": 360}