{"width": 1280, "frame_count": 402, "video_id": "ILSVRC2015_train_00284001", "fps": 30, "trajectories": [[{"tid": 0, "generated": 0, "bbox": {"xmin": 780, "ymin": 288, "ymax": 355, "xmax": 824}}, {"tid": 1, "generated": 0, "bbox": {"xmin": 659, "ymin": 309, "ymax": 378, "xmax": 707}}, {"tid": 2, "generated": 0, "bbox": {"xmin": 526, "ymin": 323, "ymax": 401, "xmax": 579}}], [{"tid": 0, "generated": 0, "bbox": {"xmin": 781, "ymin": 288, "ymax": 355, "xmax": 825}}, {"tid": 1, "generated": 0, "bbox": {"xmin": 660, "ymin": 310, "ymax": 379, "xmax": 707}}, {"tid": 2, "generated": 0, "bbox": {"xmin": 526, "ymin": 325, "ymax": 402, "xmax": 579}}], [{"tid": 0, "generated": 0, "bbox": {"xmin": 782, "ymin": 289, "ymax": 356, "xmax": 826}}, {"tid": 1, "generated": 0, "bbox": {"xmin": 661, "ymin": 312, "ymax": 381, "xmax": 708}}, {"tid": 2, "generated": 0, "bbox": {"xmin": 526, "ymin": 327, "ymax": 404, "xmax": 579}}], [{"tid": 0, "generated": 0, "bbox": {"xmin": 783, "ymin": 289, "ymax": 357, "xmax": 827}}, {"tid": 1, "generated": 0, "bbox": {"xmin": 662, "ymin": 314, "ymax": 383, "xmax": 709}}, {"tid": 2, "generated": 0, "bbox": {"xmin": 527, "ymin": 329, "ymax": 406, "xmax": 580}}], [{"tid": 0, "generated": 0, "bbox": {"xmin": 784, "ymin": 290, "ymax": 358, "xmax": 828}}, {"tid": 1, "generated": 0, "bbox": {"xmin": 663, "ymin": 316, "ymax": 385, "xmax": 710}}, {"tid": 2, "generated": 0, "bbox": {"xmin": 527, "ymin": 331, "ymax": 408, "xmax": 580}}], [{"tid": 0, "generated": 0, "bbox": {"xmin": 785, "ymin": 291, "ymax": 359, "xmax": 830}}, {"tid": 1, "generated": 0, "bbox": {"xmin": 664, "ymin": 318, "ymax": 387, "xmax": 711}}, {"tid": 2, "generated": 0, "bbox": {"xmin": 528, "ymin": 334, "ymax": 410, "xmax": 581}}], [{"tid": 0, "generated": 0, "bbox": {"xmin": 785, "ymin": 292, "ymax": 360, "xmax": 830}}, {"tid": 1, "generated": 0, "bbox": {"xmin": 664, "ymin": 318, "ymax": 387, "xmax": 711}}, {"tid": 2, "generated": 0, "bbox": {"xmin": 528, "ymin": 335, "ymax": 411, "xmax": 581}}], [{"tid": 0, "generated": 0, "bbox": {"xmin": 785, "ymin": 294, "ymax": 361, "xmax": 831}}, {"tid": 1, "generated": 0, "bbox": {"xmin": 665, "ymin": 318, "ymax": 387, "xmax": 712}}, {"tid": 2, "generated": 0, "bbox": {"xmin": 528, "ymin": 336, "ymax": 412, "xmax": 581}}], [{"tid": 0, "generated": 0, "bbox": {"xmin": 786, "ymin": 296, "ymax": 363, "xmax": 831}}, {"tid": 1, "generated": 0, "bbox": {"xmin": 666, "ymin": 319, "ymax": 388, "xmax": 712}}, {"tid": 2, "generated": 0, "bbox": {"xmin": 528, "ymin": 337, "ymax": 414, "xmax": 582}}], [{"tid": 0, "generated": 0, "bbox": {"xmin": 786, "ymin": 298, "ymax": 364, "xmax": 832}}, {"tid": 1, "generated": 0, "bbox": {"xmin": 667, "ymin": 319, "ymax": 388, "xmax": 713}}, {"tid": 2, "generated": 0, "bbox": {"xmin": 528, "ymin": 338, "ymax": 415, "xmax": 582}}], [{"tid": 0, "generated": 0, "bbox": {"xmin": 787, "ymin": 300, "ymax": 366, "xmax": 833}}, {"tid": 1, "generated": 0, "bbox": {"xmin": 668, "ymin": 320, "ymax": 389, "xmax": 714}}, {"tid": 2, "generated": 0, "bbox": {"xmin": 529, "ymin": 339, "ymax": 417, "xmax": 583}}], [{"tid": 0, "generated": 0, "bbox": {"xmin": 788, "ymin": 300, "ymax": 367, "xmax": 833}}, {"tid": 1, "generated": 0, "bbox": {"xmin": 668, "ymin": 322, "ymax": 391, "xmax": 714}}, {"tid": 2, "generated": 0, "bbox": {"xmin": 529, "ymin": 340, "ymax": 418, "xmax": 583}}], [{"tid": 0, "generated": 0, "bbox": {"xmin": 789, "ymin": 301, "ymax": 368, "xmax": 834}}, {"tid": 1, "generated": 0, "bbox": {"xmin": 668, "ymin": 324, "ymax": 393, "xmax": 715}}, {"tid": 2, "generated": 0, "bbox": {"xmin": 529, "ymin": 341, "ymax": 419, "xmax": 583}}], [{"tid": 0, "generated": 0, "bbox": {"xmin": 790, "ymin": 302, "ymax": 369, "xmax": 835}}, {"tid": 1, "generated": 0, "bbox": {"xmin": 668, "ymin": 327, "ymax": 396, "xmax": 716}}, {"tid": 2, "generated": 0, "bbox": {"xmin": 529, "ymin": 343, "ymax": 420, "xmax": 583}}], [{"tid": 0, "generated": 0, "bbox": {"xmin": 791, "ymin": 303, "ymax": 370, "xmax": 836}}, {"tid": 1, "generated": 0, "bbox": {"xmin": 668, "ymin": 329, "ymax": 398, "xmax": 717}}, {"tid": 2, "generated": 0, "bbox": {"xmin": 529, "ymin": 344, "ymax": 421, "xmax": 583}}], [{"tid": 0, "generated": 0, "bbox": {"xmin": 792, "ymin": 304, "ymax": 371, "xmax": 837}}, {"tid": 1, "generated": 0, "bbox": {"xmin": 668, "ymin": 332, "ymax": 401, "xmax": 718}}, {"tid": 2, "generated": 0, "bbox": {"xmin": 529, "ymin": 346, "ymax": 423, "xmax": 583}}], [{"tid": 0, "generated": 0, "bbox": {"xmin": 792, "ymin": 305, "ymax": 372, "xmax": 837}}, {"tid": 1, "generated": 0, "bbox": {"xmin": 668, "ymin": 331, "ymax": 401, "xmax": 718}}, {"tid": 2, "generated": 0, "bbox": {"xmin": 529, "ymin": 347, "ymax": 424, "xmax": 583}}], [{"tid": 0, "generated": 0, "bbox": {"xmin": 793, "ymin": 306, "ymax": 373, "xmax": 838}}, {"tid": 1, "generated": 0, "bbox": {"xmin": 668, "ymin": 331, "ymax": 402, "xmax": 719}}, {"tid": 2, "generated": 0, "bbox": {"xmin": 530, "ymin": 348, "ymax": 425, "xmax": 584}}], [{"tid": 0, "generated": 0, "bbox": {"xmin": 794, "ymin": 307, "ymax": 374, "xmax": 838}}, {"tid": 1, "generated": 0, "bbox": {"xmin": 669, "ymin": 330, "ymax": 403, "xmax": 719}}, {"tid": 2, "generated": 0, "bbox": {"xmin": 531, "ymin": 350, "ymax": 427, "xmax": 584}}], [{"tid": 0, "generated": 0, "bbox": {"xmin": 795, "ymin": 308, "ymax": 375, "xmax": 839}}, {"tid": 1, "generated": 0, "bbox": {"xmin": 669, "ymin": 330, "ymax": 404, "xmax": 720}}, {"tid": 2, "generated": 0, "bbox": {"xmin": 532, "ymin": 351, "ymax": 428, "xmax": 585}}], [{"tid": 0, "generated": 0, "bbox": {"xmin": 796, "ymin": 309, "ymax": 376, "xmax": 840}}, {"tid": 1, "generated": 0, "bbox": {"xmin": 670, "ymin": 330, "ymax": 405, "xmax": 721}}, {"tid": 2, "generated": 0, "bbox": {"xmin": 533, "ymin": 353, "ymax": 430, "xmax": 586}}], [{"tid": 0, "generated": 0, "bbox": {"xmin": 796, "ymin": 310, "ymax": 376, "xmax": 840}}, {"tid": 1, "generated": 0, "bbox": {"xmin": 671, "ymin": 330, "ymax": 405, "xmax": 722}}, {"tid": 2, "generated": 0, "bbox": {"xmin": 533, "ymin": 353, "ymax": 430, "xmax": 586}}], [{"tid": 0, "generated": 0, "bbox": {"xmin": 797, "ymin": 311, "ymax": 377, "xmax": 841}}, {"tid": 1, "generated": 0, "bbox": {"xmin": 672, "ymin": 330, "ymax": 405, "xmax": 723}}, {"tid": 2, "generated": 0, "bbox": {"xmin": 534, "ymin": 353, "ymax": 431, "xmax": 586}}], [{"tid": 0, "generated": 0, "bbox": {"xmin": 798, "ymin": 312, "ymax": 378, "xmax": 842}}, {"tid": 1, "generated": 0, "bbox": {"xmin": 673, "ymin": 331, "ymax": 406, "xmax": 724}}, {"tid": 2, "generated": 0, "bbox": {"xmin": 534, "ymin": 354, "ymax": 431, "xmax": 587}}], [{"tid": 0, "generated": 0, "bbox": {"xmin": 799, "ymin": 313, "ymax": 379, "xmax": 843}}, {"tid": 1, "generated": 0, "bbox": {"xmin": 674, "ymin": 331, "ymax": 406, "xmax": 725}}, {"tid": 2, "generated": 0, "bbox": {"xmin": 535, "ymin": 354, "ymax": 432, "xmax": 587}}], [{"tid": 0, "generated": 0, "bbox": {"xmin": 800, "ymin": 314, "ymax": 380, "xmax": 844}}, {"tid": 1, "generated": 0, "bbox": {"xmin": 675, "ymin": 332, "ymax": 407, "xmax": 727}}, {"tid": 2, "generated": 0, "bbox": {"xmin": 536, "ymin": 355, "ymax": 433, "xmax": 588}}], [{"tid": 0, "generated": 0, "bbox": {"xmin": 800, "ymin": 314, "ymax": 381, "xmax": 845}}, {"tid": 1, "generated": 0, "bbox": {"xmin": 675, "ymin": 333, "ymax": 408, "xmax": 727}}, {"tid": 2, "generated": 0, "bbox": {"xmin": 536, "ymin": 356, "ymax": 434, "xmax": 589}}], [{"tid": 0, "generated": 0, "bbox": {"xmin": 801, "ymin": 315, "ymax": 382, "xmax": 847}}, {"tid": 1, "generated": 0, "bbox": {"xmin": 675, "ymin": 334, "ymax": 409, "xmax": 727}}, {"tid": 2, "generated": 0, "bbox": {"xmin": 537, "ymin": 357, "ymax": 435, "xmax": 590}}], [{"tid": 0, "generated": 0, "bbox": {"xmin": 801, "ymin": 316, "ymax": 383, "xmax": 849}}, {"tid": 1, "generated": 0, "bbox": {"xmin": 676, "ymin": 335, "ymax": 410, "xmax": 727}}, {"tid": 2, "generated": 0, "bbox": {"xmin": 538, "ymin": 359, "ymax": 436, "xmax": 591}}], [{"tid": 0, "generated": 0, "bbox": {"xmin": 802, "ymin": 317, "ymax": 384, "xmax": 851}}, {"tid": 1, "generated": 0, "bbox": {"xmin": 676, "ymin": 336, "ymax": 411, "xmax": 727}}, {"tid": 2, "generated": 0, "bbox": {"xmin": 539, "ymin": 360, "ymax": 437, "xmax": 592}}], [], [], [], [], [], [], [], [], [], [], [], [], [], [], [], [], [], [], [], [], [], [], [], [], [], [], [], [], [], [], [], [], [], [], [], [], [], [], [], [], [], [], [], [], [], [], [], [], [], [], [], [], [], [], [], [], [], [], [], [], [], [], [], [], [], [], [], [], [], [], [], [], [], [], [], [], [], [], [], [], [], [], [], [], [], [], [], [], [], [], [], [], [], [], [], [], [], [], [], [], [], [], [], [], [], [], [], [], [], [], [], [], [], [], [], [], [], [], [], [], [], [], [], [], [], [], [], [], [], [], [], [], [], [], [], [], [], [], [], [], [], [], [], [], [], [], [], [], [], [], [], [], [], [], [], [], [], [], [], [], [], [], [], [], [], [], [], [], [], [], [], [], [], [], [], [], [], [], [], [], [{"tid": 0, "generated": 0, "bbox": {"xmin": 856, "ymin": 272, "ymax": 375, "xmax": 947}}, {"tid": 1, "generated": 0, "bbox": {"xmin": 660, "ymin": 344, "ymax": 467, "xmax": 759}}, {"tid": 2, "generated": 0, "bbox": {"xmin": 418, "ymin": 396, "ymax": 579, "xmax": 558}}], [{"tid": 0, "generated": 0, "bbox": {"xmin": 856, "ymin": 272, "ymax": 375, "xmax": 947}}, {"tid": 1, "generated": 0, "bbox": {"xmin": 661, "ymin": 344, "ymax": 467, "xmax": 760}}, {"tid": 2, "generated": 0, "bbox": {"xmin": 416, "ymin": 396, "ymax": 581, "xmax": 558}}], [{"tid": 0, "generated": 0, "bbox": {"xmin": 854, "ymin": 271, "ymax": 374, "xmax": 946}}, {"tid": 1, "generated": 0, "bbox": {"xmin": 660, "ymin": 343, "ymax": 467, "xmax": 760}}, {"tid": 2, "generated": 0, "bbox": {"xmin": 413, "ymin": 396, "ymax": 583, "xmax": 556}}], [{"tid": 0, "generated": 0, "bbox": {"xmin": 853, "ymin": 271, "ymax": 374, "xmax": 946}}, {"tid": 1, "generated": 0, "bbox": {"xmin": 659, "ymin": 342, "ymax": 467, "xmax": 760}}, {"tid": 2, "generated": 0, "bbox": {"xmin": 411, "ymin": 396, "ymax": 585, "xmax": 555}}], [{"tid": 0, "generated": 0, "bbox": {"xmin": 851, "ymin": 270, "ymax": 373, "xmax": 945}}, {"tid": 1, "generated": 0, "bbox": {"xmin": 658, "ymin": 341, "ymax": 468, "xmax": 760}}, {"tid": 2, "generated": 0, "bbox": {"xmin": 409, "ymin": 397, "ymax": 588, "xmax": 553}}], [{"tid": 0, "generated": 0, "bbox": {"xmin": 850, "ymin": 270, "ymax": 373, "xmax": 945}}, {"tid": 1, "generated": 0, "bbox": {"xmin": 657, "ymin": 340, "ymax": 468, "xmax": 760}}, {"tid": 2, "generated": 0, "bbox": {"xmin": 407, "ymin": 397, "ymax": 590, "xmax": 552}}], [{"tid": 0, "generated": 0, "bbox": {"xmin": 849, "ymin": 270, "ymax": 373, "xmax": 945}}, {"tid": 1, "generated": 0, "bbox": {"xmin": 657, "ymin": 339, "ymax": 469, "xmax": 760}}, {"tid": 2, "generated": 0, "bbox": {"xmin": 405, "ymin": 398, "ymax": 593, "xmax": 551}}], [{"tid": 0, "generated": 0, "bbox": {"xmin": 849, "ymin": 269, "ymax": 372, "xmax": 945}}, {"tid": 1, "generated": 0, "bbox": {"xmin": 655, "ymin": 338, "ymax": 469, "xmax": 759}}, {"tid": 2, "generated": 0, "bbox": {"xmin": 403, "ymin": 398, "ymax": 594, "xmax": 550}}], [{"tid": 0, "generated": 0, "bbox": {"xmin": 849, "ymin": 268, "ymax": 371, "xmax": 945}}, {"tid": 1, "generated": 0, "bbox": {"xmin": 653, "ymin": 338, "ymax": 470, "xmax": 758}}, {"tid": 2, "generated": 0, "bbox": {"xmin": 402, "ymin": 398, "ymax": 596, "xmax": 550}}], [{"tid": 0, "generated": 0, "bbox": {"xmin": 849, "ymin": 267, "ymax": 370, "xmax": 945}}, {"tid": 1, "generated": 0, "bbox": {"xmin": 651, "ymin": 337, "ymax": 470, "xmax": 757}}, {"tid": 2, "generated": 0, "bbox": {"xmin": 400, "ymin": 398, "ymax": 598, "xmax": 549}}], [{"tid": 0, "generated": 0, "bbox": {"xmin": 849, "ymin": 266, "ymax": 369, "xmax": 945}}, {"tid": 1, "generated": 0, "bbox": {"xmin": 649, "ymin": 337, "ymax": 471, "xmax": 756}}, {"tid": 2, "generated": 0, "bbox": {"xmin": 399, "ymin": 398, "ymax": 600, "xmax": 549}}], [{"tid": 0, "generated": 0, "bbox": {"xmin": 849, "ymin": 266, "ymax": 369, "xmax": 945}}, {"tid": 1, "generated": 0, "bbox": {"xmin": 648, "ymin": 337, "ymax": 472, "xmax": 755}}, {"tid": 2, "generated": 0, "bbox": {"xmin": 398, "ymin": 398, "ymax": 602, "xmax": 549}}], [{"tid": 0, "generated": 0, "bbox": {"xmin": 848, "ymin": 264, "ymax": 367, "xmax": 945}}, {"tid": 1, "generated": 0, "bbox": {"xmin": 646, "ymin": 337, "ymax": 472, "xmax": 755}}, {"tid": 2, "generated": 0, "bbox": {"xmin": 395, "ymin": 398, "ymax": 605, "xmax": 548}}], [{"tid": 0, "generated": 0, "bbox": {"xmin": 847, "ymin": 262, "ymax": 365, "xmax": 945}}, {"tid": 1, "generated": 0, "bbox": {"xmin": 644, "ymin": 337, "ymax": 472, "xmax": 756}}, {"tid": 2, "generated": 0, "bbox": {"xmin": 392, "ymin": 398, "ymax": 608, "xmax": 547}}], [{"tid": 0, "generated": 0, "bbox": {"xmin": 846, "ymin": 260, "ymax": 363, "xmax": 945}}, {"tid": 1, "generated": 0, "bbox": {"xmin": 643, "ymin": 337, "ymax": 473, "xmax": 757}}, {"tid": 2, "generated": 0, "bbox": {"xmin": 389, "ymin": 399, "ymax": 611, "xmax": 546}}], [{"tid": 0, "generated": 0, "bbox": {"xmin": 845, "ymin": 258, "ymax": 361, "xmax": 945}}, {"tid": 1, "generated": 0, "bbox": {"xmin": 641, "ymin": 337, "ymax": 473, "xmax": 758}}, {"tid": 2, "generated": 0, "bbox": {"xmin": 386, "ymin": 399, "ymax": 614, "xmax": 545}}], [{"tid": 0, "generated": 0, "bbox": {"xmin": 844, "ymin": 256, "ymax": 359, "xmax": 945}}, {"tid": 1, "generated": 0, "bbox": {"xmin": 640, "ymin": 337, "ymax": 474, "xmax": 759}}, {"tid": 2, "generated": 0, "bbox": {"xmin": 384, "ymin": 400, "ymax": 618, "xmax": 545}}], [{"tid": 0, "generated": 0, "bbox": {"xmin": 843, "ymin": 254, "ymax": 359, "xmax": 945}}, {"tid": 1, "generated": 0, "bbox": {"xmin": 639, "ymin": 337, "ymax": 476, "xmax": 759}}, {"tid": 2, "generated": 0, "bbox": {"xmin": 381, "ymin": 400, "ymax": 622, "xmax": 543}}], [{"tid": 0, "generated": 0, "bbox": {"xmin": 843, "ymin": 253, "ymax": 359, "xmax": 945}}, {"tid": 1, "generated": 0, "bbox": {"xmin": 639, "ymin": 337, "ymax": 479, "xmax": 759}}, {"tid": 2, "generated": 0, "bbox": {"xmin": 378, "ymin": 401, "ymax": 626, "xmax": 542}}], [{"tid": 0, "generated": 0, "bbox": {"xmin": 842, "ymin": 252, "ymax": 359, "xmax": 946}}, {"tid": 1, "generated": 0, "bbox": {"xmin": 638, "ymin": 338, "ymax": 481, "xmax": 759}}, {"tid": 2, "generated": 0, "bbox": {"xmin": 375, "ymin": 401, "ymax": 630, "xmax": 540}}], [{"tid": 0, "generated": 0, "bbox": {"xmin": 842, "ymin": 251, "ymax": 359, "xmax": 946}}, {"tid": 1, "generated": 0, "bbox": {"xmin": 638, "ymin": 338, "ymax": 484, "xmax": 759}}, {"tid": 2, "generated": 0, "bbox": {"xmin": 372, "ymin": 402, "ymax": 634, "xmax": 539}}], [{"tid": 0, "generated": 0, "bbox": {"xmin": 842, "ymin": 250, "ymax": 359, "xmax": 947}}, {"tid": 1, "generated": 0, "bbox": {"xmin": 638, "ymin": 339, "ymax": 487, "xmax": 760}}, {"tid": 2, "generated": 0, "bbox": {"xmin": 369, "ymin": 403, "ymax": 638, "xmax": 538}}], [{"tid": 0, "generated": 0, "bbox": {"xmin": 842, "ymin": 249, "ymax": 358, "xmax": 947}}, {"tid": 1, "generated": 0, "bbox": {"xmin": 637, "ymin": 338, "ymax": 487, "xmax": 760}}, {"tid": 2, "generated": 0, "bbox": {"xmin": 365, "ymin": 404, "ymax": 642, "xmax": 536}}], [{"tid": 0, "generated": 0, "bbox": {"xmin": 842, "ymin": 248, "ymax": 357, "xmax": 947}}, {"tid": 1, "generated": 0, "bbox": {"xmin": 637, "ymin": 337, "ymax": 488, "xmax": 760}}, {"tid": 2, "generated": 0, "bbox": {"xmin": 362, "ymin": 405, "ymax": 647, "xmax": 535}}], [{"tid": 0, "generated": 0, "bbox": {"xmin": 842, "ymin": 247, "ymax": 356, "xmax": 947}}, {"tid": 1, "generated": 0, "bbox": {"xmin": 636, "ymin": 337, "ymax": 488, "xmax": 761}}, {"tid": 2, "generated": 0, "bbox": {"xmin": 359, "ymin": 407, "ymax": 651, "xmax": 533}}], [{"tid": 0, "generated": 0, "bbox": {"xmin": 842, "ymin": 246, "ymax": 355, "xmax": 947}}, {"tid": 1, "generated": 0, "bbox": {"xmin": 636, "ymin": 336, "ymax": 489, "xmax": 761}}, {"tid": 2, "generated": 0, "bbox": {"xmin": 356, "ymin": 408, "ymax": 656, "xmax": 532}}], [{"tid": 0, "generated": 0, "bbox": {"xmin": 842, "ymin": 245, "ymax": 355, "xmax": 947}}, {"tid": 1, "generated": 0, "bbox": {"xmin": 636, "ymin": 336, "ymax": 490, "xmax": 762}}, {"tid": 2, "generated": 0, "bbox": {"xmin": 353, "ymin": 410, "ymax": 661, "xmax": 531}}], [{"tid": 0, "generated": 0, "bbox": {"xmin": 842, "ymin": 243, "ymax": 355, "xmax": 946}}, {"tid": 1, "generated": 0, "bbox": {"xmin": 633, "ymin": 337, "ymax": 491, "xmax": 762}}, {"tid": 2, "generated": 0, "bbox": {"xmin": 350, "ymin": 411, "ymax": 665, "xmax": 528}}], [{"tid": 0, "generated": 0, "bbox": {"xmin": 842, "ymin": 242, "ymax": 355, "xmax": 946}}, {"tid": 1, "generated": 0, "bbox": {"xmin": 631, "ymin": 338, "ymax": 492, "xmax": 762}}, {"tid": 2, "generated": 0, "bbox": {"xmin": 347, "ymin": 412, "ymax": 669, "xmax": 525}}], [{"tid": 0, "generated": 0, "bbox": {"xmin": 842, "ymin": 240, "ymax": 356, "xmax": 945}}, {"tid": 1, "generated": 0, "bbox": {"xmin": 629, "ymin": 339, "ymax": 494, "xmax": 762}}, {"tid": 2, "generated": 0, "bbox": {"xmin": 344, "ymin": 413, "ymax": 673, "xmax": 522}}], [], [], [], [], [], [], [], [], [], [], [], [], [], [], [], [], [], [], [], [], [], [], [], [], [], [], [], [], [], [], [], [], [], [], [], [], [], [], [], [], [], [], [], [], [], [{"tid": 0, "generated": 0, "bbox": {"xmin": 803, "ymin": 184, "ymax": 348, "xmax": 945}}, {"tid": 1, "generated": 0, "bbox": {"xmin": 589, "ymin": 354, "ymax": 614, "xmax": 788}}], [{"tid": 0, "generated": 0, "bbox": {"xmin": 803, "ymin": 184, "ymax": 348, "xmax": 945}}, {"tid": 1, "generated": 0, "bbox": {"xmin": 588, "ymin": 355, "ymax": 620, "xmax": 789}}], [{"tid": 0, "generated": 0, "bbox": {"xmin": 801, "ymin": 183, "ymax": 349, "xmax": 945}}, {"tid": 1, "generated": 0, "bbox": {"xmin": 590, "ymin": 358, "ymax": 625, "xmax": 791}}], [{"tid": 0, "generated": 0, "bbox": {"xmin": 799, "ymin": 182, "ymax": 350, "xmax": 945}}, {"tid": 1, "generated": 0, "bbox": {"xmin": 593, "ymin": 362, "ymax": 631, "xmax": 794}}], [{"tid": 0, "generated": 0, "bbox": {"xmin": 797, "ymin": 182, "ymax": 351, "xmax": 946}}, {"tid": 1, "generated": 0, "bbox": {"xmin": 596, "ymin": 365, "ymax": 636, "xmax": 797}}], [{"tid": 0, "generated": 0, "bbox": {"xmin": 795, "ymin": 181, "ymax": 352, "xmax": 946}}, {"tid": 1, "generated": 0, "bbox": {"xmin": 599, "ymin": 369, "ymax": 642, "xmax": 800}}], [{"tid": 0, "generated": 0, "bbox": {"xmin": 794, "ymin": 181, "ymax": 353, "xmax": 947}}, {"tid": 1, "generated": 0, "bbox": {"xmin": 602, "ymin": 373, "ymax": 648, "xmax": 803}}], [{"tid": 0, "generated": 0, "bbox": {"xmin": 794, "ymin": 182, "ymax": 353, "xmax": 948}}, {"tid": 1, "generated": 0, "bbox": {"xmin": 602, "ymin": 375, "ymax": 657, "xmax": 804}}], [{"tid": 0, "generated": 0, "bbox": {"xmin": 794, "ymin": 183, "ymax": 354, "xmax": 949}}, {"tid": 1, "generated": 0, "bbox": {"xmin": 602, "ymin": 377, "ymax": 666, "xmax": 805}}], [{"tid": 0, "generated": 0, "bbox": {"xmin": 794, "ymin": 184, "ymax": 355, "xmax": 950}}, {"tid": 1, "generated": 0, "bbox": {"xmin": 602, "ymin": 380, "ymax": 675, "xmax": 807}}], [{"tid": 0, "generated": 0, "bbox": {"xmin": 794, "ymin": 185, "ymax": 356, "xmax": 951}}, {"tid": 1, "generated": 0, "bbox": {"xmin": 602, "ymin": 382, "ymax": 684, "xmax": 808}}], [{"tid": 0, "generated": 0, "bbox": {"xmin": 794, "ymin": 186, "ymax": 357, "xmax": 952}}, {"tid": 1, "generated": 0, "bbox": {"xmin": 602, "ymin": 385, "ymax": 693, "xmax": 810}}], [{"tid": 0, "generated": 0, "bbox": {"xmin": 794, "ymin": 184, "ymax": 358, "xmax": 953}}, {"tid": 1, "generated": 0, "bbox": {"xmin": 600, "ymin": 385, "ymax": 698, "xmax": 812}}], [{"tid": 0, "generated": 0, "bbox": {"xmin": 794, "ymin": 182, "ymax": 359, "xmax": 955}}, {"tid": 1, "generated": 0, "bbox": {"xmin": 598, "ymin": 385, "ymax": 703, "xmax": 815}}], [{"tid": 0, "generated": 0, "bbox": {"xmin": 794, "ymin": 180, "ymax": 360, "xmax": 957}}, {"tid": 1, "generated": 0, "bbox": {"xmin": 596, "ymin": 386, "ymax": 708, "xmax": 817}}], [{"tid": 0, "generated": 0, "bbox": {"xmin": 794, "ymin": 178, "ymax": 361, "xmax": 959}}, {"tid": 1, "generated": 0, "bbox": {"xmin": 594, "ymin": 386, "ymax": 713, "xmax": 820}}], [{"tid": 0, "generated": 0, "bbox": {"xmin": 794, "ymin": 176, "ymax": 362, "xmax": 961}}, {"tid": 1, "generated": 0, "bbox": {"xmin": 592, "ymin": 387, "ymax": 718, "xmax": 823}}], [{"tid": 0, "generated": 0, "bbox": {"xmin": 794, "ymin": 175, "ymax": 365, "xmax": 962}}, {"tid": 1, "generated": 0, "bbox": {"xmin": 594, "ymin": 388, "ymax": 718, "xmax": 826}}], [{"tid": 0, "generated": 0, "bbox": {"xmin": 794, "ymin": 174, "ymax": 368, "xmax": 963}}, {"tid": 1, "generated": 0, "bbox": {"xmin": 597, "ymin": 389, "ymax": 718, "xmax": 830}}], [{"tid": 0, "generated": 0, "bbox": {"xmin": 794, "ymin": 173, "ymax": 371, "xmax": 964}}, {"tid": 1, "generated": 0, "bbox": {"xmin": 600, "ymin": 390, "ymax": 718, "xmax": 834}}], [{"tid": 0, "generated": 0, "bbox": {"xmin": 794, "ymin": 172, "ymax": 374, "xmax": 965}}, {"tid": 1, "generated": 0, "bbox": {"xmin": 603, "ymin": 391, "ymax": 718, "xmax": 838}}], [{"tid": 0, "generated": 0, "bbox": {"xmin": 794, "ymin": 172, "ymax": 378, "xmax": 967}}, {"tid": 1, "generated": 0, "bbox": {"xmin": 606, "ymin": 392, "ymax": 718, "xmax": 842}}], [{"tid": 0, "generated": 0, "bbox": {"xmin": 795, "ymin": 174, "ymax": 380, "xmax": 968}}, {"tid": 1, "generated": 0, "bbox": {"xmin": 606, "ymin": 401, "ymax": 718, "xmax": 842}}], [{"tid": 0, "generated": 0, "bbox": {"xmin": 796, "ymin": 177, "ymax": 383, "xmax": 969}}, {"tid": 1, "generated": 0, "bbox": {"xmin": 607, "ymin": 410, "ymax": 718, "xmax": 843}}], [{"tid": 0, "generated": 0, "bbox": {"xmin": 798, "ymin": 180, "ymax": 386, "xmax": 971}}, {"tid": 1, "generated": 0, "bbox": {"xmin": 607, "ymin": 419, "ymax": 718, "xmax": 844}}], [{"tid": 0, "generated": 0, "bbox": {"xmin": 799, "ymin": 183, "ymax": 389, "xmax": 972}}, {"tid": 1, "generated": 0, "bbox": {"xmin": 608, "ymin": 428, "ymax": 718, "xmax": 845}}], [{"tid": 0, "generated": 0, "bbox": {"xmin": 801, "ymin": 186, "ymax": 392, "xmax": 974}}, {"tid": 1, "generated": 0, "bbox": {"xmin": 609, "ymin": 437, "ymax": 718, "xmax": 846}}], [{"tid": 0, "generated": 0, "bbox": {"xmin": 801, "ymin": 189, "ymax": 395, "xmax": 976}}, {"tid": 1, "generated": 0, "bbox": {"xmin": 610, "ymin": 441, "ymax": 718, "xmax": 847}}], [{"tid": 0, "generated": 0, "bbox": {"xmin": 801, "ymin": 192, "ymax": 398, "xmax": 978}}, {"tid": 1, "generated": 0, "bbox": {"xmin": 612, "ymin": 446, "ymax": 718, "xmax": 849}}], [{"tid": 0, "generated": 0, "bbox": {"xmin": 802, "ymin": 195, "ymax": 401, "xmax": 981}}, {"tid": 1, "generated": 0, "bbox": {"xmin": 614, "ymin": 450, "ymax": 718, "xmax": 851}}]], "subject/objects": [{"category": "watercraft", "tid": 0}, {"category": "watercraft", "tid": 1}, {"category": "watercraft", "tid": 2}], "relation_instances": [{"end_fid": 30, "subject_tid": 0, "predicate": "move_with", "begin_fid": 0, "object_tid": 1}, {"end_fid": 30, "subject_tid": 0, "predicate": "move_left", "begin_fid": 0, "object_tid": 1}, {"end_fid": 30, "subject_tid": 1, "predicate": "move_right", "begin_fid": 0, "object_tid": 0}, {"end_fid": 30, "subject_tid": 1, "predicate": "move_with", "begin_fid": 0, "object_tid": 0}, {"end_fid": 30, "subject_tid": 0, "predicate": "move_with", "begin_fid": 0, "object_tid": 2}, {"end_fid": 30, "subject_tid": 0, "predicate": "move_left", "begin_fid": 0, "object_tid": 2}, {"end_fid": 30, "subject_tid": 2, "predicate": "move_right", "begin_fid": 0, "object_tid": 0}, {"end_fid": 30, "subject_tid": 2, "predicate": "move_with", "begin_fid": 0, "object_tid": 0}, {"end_fid": 30, "subject_tid": 1, "predicate": "move_with", "begin_fid": 0, "object_tid": 2}, {"end_fid": 30, "subject_tid": 1, "predicate": "move_left", "begin_fid": 0, "object_tid": 2}, {"end_fid": 30, "subject_tid": 2, "predicate": "move_right", "begin_fid": 0, "object_tid": 1}, {"end_fid": 30, "subject_tid": 2, "predicate": "move_with", "begin_fid": 0, "object_tid": 1}, {"end_fid": 240, "subject_tid": 0, "predicate": "move_behind", "begin_fid": 210, "object_tid": 1}, {"end_fid": 240, "subject_tid": 0, "predicate": "move_with", "begin_fid": 210, "object_tid": 1}, {"end_fid": 240, "subject_tid": 0, "predicate": "move_left", "begin_fid": 210, "object_tid": 1}, {"end_fid": 240, "subject_tid": 1, "predicate": "move_right", "begin_fid": 210, "object_tid": 0}, {"end_fid": 240, "subject_tid": 1, "predicate": "move_front", "begin_fid": 210, "object_tid": 0}, {"end_fid": 240, "subject_tid": 1, "predicate": "move_with", "begin_fid": 210, "object_tid": 0}, {"end_fid": 240, "subject_tid": 0, "predicate": "move_behind", "begin_fid": 210, "object_tid": 2}, {"end_fid": 240, "subject_tid": 0, "predicate": "move_with", "begin_fid": 210, "object_tid": 2}, {"end_fid": 240, "subject_tid": 0, "predicate": "move_left", "begin_fid": 210, "object_tid": 2}, {"end_fid": 240, "subject_tid": 2, "predicate": "move_right", "begin_fid": 210, "object_tid": 0}, {"end_fid": 240, "subject_tid": 2, "predicate": "move_front", "begin_fid": 210, "object_tid": 0}, {"end_fid": 240, "subject_tid": 2, "predicate": "move_with", "begin_fid": 210, "object_tid": 0}, {"end_fid": 240, "subject_tid": 1, "predicate": "move_behind", "begin_fid": 210, "object_tid": 2}, {"end_fid": 240, "subject_tid": 1, "predicate": "move_with", "begin_fid": 210, "object_tid": 2}, {"end_fid": 240, "subject_tid": 1, "predicate": "move_left", "begin_fid": 210, "object_tid": 2}, {"end_fid": 240, "subject_tid": 2, "predicate": "move_right", "begin_fid": 210, "object_tid": 1}, {"end_fid": 240, "subject_tid": 2, "predicate": "move_front", "begin_fid": 210, "object_tid": 1}, {"end_fid": 240, "subject_tid": 2, "predicate": "move_with", "begin_fid": 210, "object_tid": 1}, {"end_fid": 315, "subject_tid": 0, "predicate": "move_behind", "begin_fid": 285, "object_tid": 1}, {"end_fid": 315, "subject_tid": 0, "predicate": "move_with", "begin_fid": 285, "object_tid": 1}, {"end_fid": 315, "subject_tid": 0, "predicate": "move_left", "begin_fid": 285, "object_tid": 1}, {"end_fid": 315, "subject_tid": 1, "predicate": "move_right", "begin_fid": 285, "object_tid": 0}, {"end_fid": 315, "subject_tid": 1, "predicate": "move_front", "begin_fid": 285, "object_tid": 0}, {"end_fid": 315, "subject_tid": 1, "predicate": "move_with", "begin_fid": 285, "object_tid": 0}], "height": 720}