{"width": 1280, "frame_count": 452, "video_id": "ILSVRC2015_train_00994000", "fps": 30, "trajectories": [[{"tid": 0, "generated": 0, "bbox": {"xmin": 126, "ymin": 0, "ymax": 567, "xmax": 734}}, {"tid": 1, "generated": 0, "bbox": {"xmin": 524, "ymin": 298, "ymax": 719, "xmax": 933}}], [{"tid": 0, "generated": 0, "bbox": {"xmin": 124, "ymin": 0, "ymax": 567, "xmax": 729}}, {"tid": 1, "generated": 0, "bbox": {"xmin": 524, "ymin": 298, "ymax": 719, "xmax": 933}}], [{"tid": 0, "generated": 0, "bbox": {"xmin": 123, "ymin": 0, "ymax": 567, "xmax": 724}}, {"tid": 1, "generated": 0, "bbox": {"xmin": 524, "ymin": 298, "ymax": 719, "xmax": 933}}], [{"tid": 0, "generated": 0, "bbox": {"xmin": 122, "ymin": 0, "ymax": 567, "xmax": 720}}, {"tid": 1, "generated": 0, "bbox": {"xmin": 524, "ymin": 298, "ymax": 719, "xmax": 933}}], [{"tid": 0, "generated": 0, "bbox": {"xmin": 121, "ymin": 0, "ymax": 567, "xmax": 715}}, {"tid": 1, "generated": 0, "bbox": {"xmin": 524, "ymin": 298, "ymax": 719, "xmax": 933}}], [{"tid": 0, "generated": 0, "bbox": {"xmin": 120, "ymin": 0, "ymax": 567, "xmax": 711}}, {"tid": 1, "generated": 0, "bbox": {"xmin": 524, "ymin": 298, "ymax": 719, "xmax": 933}}], [{"tid": 0, "generated": 0, "bbox": {"xmin": 118, "ymin": 0, "ymax": 570, "xmax": 707}}, {"tid": 1, "generated": 0, "bbox": {"xmin": 540, "ymin": 298, "ymax": 719, "xmax": 933}}], [{"tid": 0, "generated": 0, "bbox": {"xmin": 117, "ymin": 0, "ymax": 574, "xmax": 704}}, {"tid": 1, "generated": 0, "bbox": {"xmin": 556, "ymin": 298, "ymax": 719, "xmax": 933}}], [{"tid": 0, "generated": 0, "bbox": {"xmin": 116, "ymin": 0, "ymax": 572, "xmax": 704}}, {"tid": 1, "generated": 0, "bbox": {"xmin": 573, "ymin": 298, "ymax": 719, "xmax": 933}}], [{"tid": 0, "generated": 0, "bbox": {"xmin": 115, "ymin": 0, "ymax": 571, "xmax": 704}}, {"tid": 1, "generated": 0, "bbox": {"xmin": 589, "ymin": 298, "ymax": 719, "xmax": 933}}], [{"tid": 0, "generated": 0, "bbox": {"xmin": 115, "ymin": 0, "ymax": 570, "xmax": 704}}, {"tid": 1, "generated": 0, "bbox": {"xmin": 605, "ymin": 298, "ymax": 719, "xmax": 933}}], [{"tid": 0, "generated": 0, "bbox": {"xmin": 117, "ymin": 0, "ymax": 569, "xmax": 711}}, {"tid": 1, "generated": 0, "bbox": {"xmin": 589, "ymin": 298, "ymax": 719, "xmax": 933}}], [{"tid": 0, "generated": 0, "bbox": {"xmin": 120, "ymin": 0, "ymax": 569, "xmax": 719}}, {"tid": 1, "generated": 0, "bbox": {"xmin": 574, "ymin": 298, "ymax": 719, "xmax": 933}}], [{"tid": 0, "generated": 0, "bbox": {"xmin": 122, "ymin": 0, "ymax": 568, "xmax": 727}}, {"tid": 1, "generated": 0, "bbox": {"xmin": 558, "ymin": 298, "ymax": 719, "xmax": 933}}], [{"tid": 0, "generated": 0, "bbox": {"xmin": 125, "ymin": 0, "ymax": 568, "xmax": 735}}, {"tid": 1, "generated": 0, "bbox": {"xmin": 543, "ymin": 298, "ymax": 719, "xmax": 933}}], [{"tid": 0, "generated": 0, "bbox": {"xmin": 128, "ymin": 0, "ymax": 568, "xmax": 743}}, {"tid": 1, "generated": 0, "bbox": {"xmin": 527, "ymin": 298, "ymax": 719, "xmax": 933}}], [{"tid": 0, "generated": 0, "bbox": {"xmin": 129, "ymin": 0, "ymax": 572, "xmax": 751}}, {"tid": 1, "generated": 0, "bbox": {"xmin": 534, "ymin": 298, "ymax": 719, "xmax": 933}}], [{"tid": 0, "generated": 0, "bbox": {"xmin": 131, "ymin": 0, "ymax": 577, "xmax": 759}}, {"tid": 1, "generated": 0, "bbox": {"xmin": 541, "ymin": 298, "ymax": 719, "xmax": 933}}], [{"tid": 0, "generated": 0, "bbox": {"xmin": 134, "ymin": 0, "ymax": 574, "xmax": 759}}, {"tid": 1, "generated": 0, "bbox": {"xmin": 548, "ymin": 298, "ymax": 719, "xmax": 933}}], [{"tid": 0, "generated": 0, "bbox": {"xmin": 137, "ymin": 0, "ymax": 571, "xmax": 759}}, {"tid": 1, "generated": 0, "bbox": {"xmin": 555, "ymin": 298, "ymax": 719, "xmax": 933}}], [{"tid": 0, "generated": 0, "bbox": {"xmin": 140, "ymin": 0, "ymax": 568, "xmax": 759}}, {"tid": 1, "generated": 0, "bbox": {"xmin": 562, "ymin": 298, "ymax": 719, "xmax": 933}}], [{"tid": 0, "generated": 0, "bbox": {"xmin": 143, "ymin": 0, "ymax": 569, "xmax": 764}}, {"tid": 1, "generated": 0, "bbox": {"xmin": 562, "ymin": 298, "ymax": 719, "xmax": 933}}], [{"tid": 0, "generated": 0, "bbox": {"xmin": 146, "ymin": 0, "ymax": 570, "xmax": 770}}, {"tid": 1, "generated": 0, "bbox": {"xmin": 562, "ymin": 298, "ymax": 719, "xmax": 933}}], [{"tid": 0, "generated": 0, "bbox": {"xmin": 149, "ymin": 0, "ymax": 572, "xmax": 776}}, {"tid": 1, "generated": 0, "bbox": {"xmin": 562, "ymin": 298, "ymax": 719, "xmax": 933}}], [{"tid": 0, "generated": 0, "bbox": {"xmin": 152, "ymin": 0, "ymax": 567, "xmax": 783}}, {"tid": 1, "generated": 0, "bbox": {"xmin": 562, "ymin": 298, "ymax": 719, "xmax": 933}}], [{"tid": 0, "generated": 0, "bbox": {"xmin": 156, "ymin": 0, "ymax": 563, "xmax": 791}}, {"tid": 1, "generated": 0, "bbox": {"xmin": 562, "ymin": 298, "ymax": 719, "xmax": 933}}], [{"tid": 0, "generated": 0, "bbox": {"xmin": 156, "ymin": 0, "ymax": 567, "xmax": 799}}, {"tid": 1, "generated": 0, "bbox": {"xmin": 566, "ymin": 298, "ymax": 719, "xmax": 933}}], [{"tid": 0, "generated": 0, "bbox": {"xmin": 156, "ymin": 0, "ymax": 572, "xmax": 808}}, {"tid": 1, "generated": 0, "bbox": {"xmin": 570, "ymin": 298, "ymax": 719, "xmax": 933}}], [{"tid": 0, "generated": 0, "bbox": {"xmin": 157, "ymin": 0, "ymax": 570, "xmax": 810}}, {"tid": 1, "generated": 0, "bbox": {"xmin": 575, "ymin": 298, "ymax": 719, "xmax": 933}}], [{"tid": 0, "generated": 0, "bbox": {"xmin": 158, "ymin": 0, "ymax": 568, "xmax": 812}}, {"tid": 1, "generated": 0, "bbox": {"xmin": 579, "ymin": 298, "ymax": 719, "xmax": 933}}], [{"tid": 0, "generated": 0, "bbox": {"xmin": 160, "ymin": 0, "ymax": 567, "xmax": 814}}, {"tid": 1, "generated": 0, "bbox": {"xmin": 583, "ymin": 298, "ymax": 719, "xmax": 933}}], [{"tid": 0, "generated": 0, "bbox": {"xmin": 163, "ymin": 0, "ymax": 565, "xmax": 811}}, {"tid": 1, "generated": 0, "bbox": {"xmin": 593, "ymin": 298, "ymax": 719, "xmax": 933}}], [{"tid": 0, "generated": 0, "bbox": {"xmin": 166, "ymin": 0, "ymax": 564, "xmax": 809}}, {"tid": 1, "generated": 0, "bbox": {"xmin": 603, "ymin": 298, "ymax": 719, "xmax": 933}}], [{"tid": 0, "generated": 0, "bbox": {"xmin": 170, "ymin": 0, "ymax": 563, "xmax": 807}}, {"tid": 1, "generated": 0, "bbox": {"xmin": 613, "ymin": 298, "ymax": 719, "xmax": 933}}], [{"tid": 0, "generated": 0, "bbox": {"xmin": 175, "ymin": 0, "ymax": 564, "xmax": 808}}, {"tid": 1, "generated": 0, "bbox": {"xmin": 623, "ymin": 298, "ymax": 719, "xmax": 933}}], [{"tid": 0, "generated": 0, "bbox": {"xmin": 180, "ymin": 0, "ymax": 565, "xmax": 810}}, {"tid": 1, "generated": 0, "bbox": {"xmin": 633, "ymin": 298, "ymax": 719, "xmax": 933}}], [{"tid": 0, "generated": 0, "bbox": {"xmin": 185, "ymin": 0, "ymax": 566, "xmax": 812}}, {"tid": 1, "generated": 0, "bbox": {"xmin": 617, "ymin": 298, "ymax": 719, "xmax": 933}}], [{"tid": 0, "generated": 0, "bbox": {"xmin": 190, "ymin": 0, "ymax": 568, "xmax": 814}}, {"tid": 1, "generated": 0, "bbox": {"xmin": 600, "ymin": 298, "ymax": 719, "xmax": 933}}], [{"tid": 0, "generated": 0, "bbox": {"xmin": 191, "ymin": 0, "ymax": 567, "xmax": 814}}, {"tid": 1, "generated": 0, "bbox": {"xmin": 584, "ymin": 298, "ymax": 719, "xmax": 933}}], [{"tid": 0, "generated": 0, "bbox": {"xmin": 193, "ymin": 0, "ymax": 566, "xmax": 814}}, {"tid": 1, "generated": 0, "bbox": {"xmin": 567, "ymin": 298, "ymax": 719, "xmax": 933}}], [{"tid": 0, "generated": 0, "bbox": {"xmin": 195, "ymin": 0, "ymax": 565, "xmax": 814}}, {"tid": 1, "generated": 0, "bbox": {"xmin": 551, "ymin": 298, "ymax": 719, "xmax": 933}}], [{"tid": 0, "generated": 0, "bbox": {"xmin": 192, "ymin": 0, "ymax": 564, "xmax": 815}}, {"tid": 1, "generated": 0, "bbox": {"xmin": 571, "ymin": 298, "ymax": 719, "xmax": 933}}], [{"tid": 0, "generated": 0, "bbox": {"xmin": 190, "ymin": 0, "ymax": 563, "xmax": 816}}, {"tid": 1, "generated": 0, "bbox": {"xmin": 591, "ymin": 298, "ymax": 719, "xmax": 933}}], [{"tid": 0, "generated": 0, "bbox": {"xmin": 187, "ymin": 0, "ymax": 562, "xmax": 817}}, {"tid": 1, "generated": 0, "bbox": {"xmin": 610, "ymin": 298, "ymax": 719, "xmax": 933}}], [{"tid": 0, "generated": 0, "bbox": {"xmin": 185, "ymin": 0, "ymax": 561, "xmax": 818}}, {"tid": 1, "generated": 0, "bbox": {"xmin": 630, "ymin": 298, "ymax": 719, "xmax": 933}}], [], [], [], [], [], [], [], [], [], [], [], [], [], [], [], [], [], [], [], [], [], [], [], [], [], [], [], [], [], [], [], [], [], [], [], [], [], [], [], [], [], [], [], [], [], [], [], [], [], [], [], [], [], [], [], [], [], [], [], [], [], [], [], [], [], [], [], [], [], [], [], [], [], [], [], [], [], [], [], [], [], [], [], [], [], [], [], [], [], [], [{"tid": 0, "generated": 0, "bbox": {"xmin": 178, "ymin": 0, "ymax": 560, "xmax": 805}}, {"tid": 1, "generated": 0, "bbox": {"xmin": 621, "ymin": 311, "ymax": 686, "xmax": 924}}], [{"tid": 0, "generated": 0, "bbox": {"xmin": 181, "ymin": 0, "ymax": 560, "xmax": 805}}, {"tid": 1, "generated": 0, "bbox": {"xmin": 621, "ymin": 311, "ymax": 686, "xmax": 924}}], [{"tid": 0, "generated": 0, "bbox": {"xmin": 185, "ymin": 0, "ymax": 560, "xmax": 805}}, {"tid": 1, "generated": 0, "bbox": {"xmin": 621, "ymin": 311, "ymax": 687, "xmax": 924}}], [{"tid": 0, "generated": 0, "bbox": {"xmin": 188, "ymin": 0, "ymax": 560, "xmax": 805}}, {"tid": 1, "generated": 0, "bbox": {"xmin": 621, "ymin": 311, "ymax": 687, "xmax": 924}}], [{"tid": 0, "generated": 0, "bbox": {"xmin": 191, "ymin": 0, "ymax": 560, "xmax": 805}}, {"tid": 1, "generated": 0, "bbox": {"xmin": 621, "ymin": 311, "ymax": 688, "xmax": 924}}], [{"tid": 0, "generated": 0, "bbox": {"xmin": 195, "ymin": 0, "ymax": 560, "xmax": 805}}, {"tid": 1, "generated": 0, "bbox": {"xmin": 621, "ymin": 311, "ymax": 688, "xmax": 924}}], [{"tid": 0, "generated": 0, "bbox": {"xmin": 195, "ymin": 0, "ymax": 560, "xmax": 805}}, {"tid": 1, "generated": 0, "bbox": {"xmin": 608, "ymin": 311, "ymax": 688, "xmax": 924}}], [{"tid": 0, "generated": 0, "bbox": {"xmin": 195, "ymin": 0, "ymax": 560, "xmax": 805}}, {"tid": 1, "generated": 0, "bbox": {"xmin": 596, "ymin": 310, "ymax": 688, "xmax": 924}}], [{"tid": 0, "generated": 0, "bbox": {"xmin": 196, "ymin": 0, "ymax": 560, "xmax": 805}}, {"tid": 1, "generated": 0, "bbox": {"xmin": 583, "ymin": 310, "ymax": 687, "xmax": 924}}], [{"tid": 0, "generated": 0, "bbox": {"xmin": 196, "ymin": 0, "ymax": 560, "xmax": 805}}, {"tid": 1, "generated": 0, "bbox": {"xmin": 571, "ymin": 309, "ymax": 687, "xmax": 924}}], [{"tid": 0, "generated": 0, "bbox": {"xmin": 197, "ymin": 0, "ymax": 560, "xmax": 805}}, {"tid": 1, "generated": 0, "bbox": {"xmin": 558, "ymin": 309, "ymax": 687, "xmax": 924}}], [{"tid": 0, "generated": 0, "bbox": {"xmin": 195, "ymin": 0, "ymax": 559, "xmax": 802}}, {"tid": 1, "generated": 0, "bbox": {"xmin": 559, "ymin": 308, "ymax": 681, "xmax": 924}}], [{"tid": 0, "generated": 0, "bbox": {"xmin": 193, "ymin": 0, "ymax": 559, "xmax": 800}}, {"tid": 1, "generated": 0, "bbox": {"xmin": 560, "ymin": 306, "ymax": 676, "xmax": 924}}], [{"tid": 0, "generated": 0, "bbox": {"xmin": 191, "ymin": 0, "ymax": 558, "xmax": 798}}, {"tid": 1, "generated": 0, "bbox": {"xmin": 560, "ymin": 305, "ymax": 670, "xmax": 925}}], [{"tid": 0, "generated": 0, "bbox": {"xmin": 189, "ymin": 0, "ymax": 558, "xmax": 796}}, {"tid": 1, "generated": 0, "bbox": {"xmin": 561, "ymin": 303, "ymax": 665, "xmax": 925}}], [{"tid": 0, "generated": 0, "bbox": {"xmin": 188, "ymin": 0, "ymax": 558, "xmax": 794}}, {"tid": 1, "generated": 0, "bbox": {"xmin": 562, "ymin": 302, "ymax": 659, "xmax": 925}}], [{"tid": 0, "generated": 0, "bbox": {"xmin": 180, "ymin": 0, "ymax": 558, "xmax": 794}}, {"tid": 1, "generated": 0, "bbox": {"xmin": 562, "ymin": 302, "ymax": 659, "xmax": 925}}], [{"tid": 0, "generated": 0, "bbox": {"xmin": 172, "ymin": 0, "ymax": 558, "xmax": 794}}, {"tid": 1, "generated": 0, "bbox": {"xmin": 562, "ymin": 302, "ymax": 659, "xmax": 925}}], [{"tid": 0, "generated": 0, "bbox": {"xmin": 165, "ymin": 0, "ymax": 558, "xmax": 794}}, {"tid": 1, "generated": 0, "bbox": {"xmin": 562, "ymin": 302, "ymax": 659, "xmax": 925}}], [{"tid": 0, "generated": 0, "bbox": {"xmin": 150, "ymin": 0, "ymax": 559, "xmax": 794}}, {"tid": 1, "generated": 0, "bbox": {"xmin": 562, "ymin": 302, "ymax": 659, "xmax": 925}}], [{"tid": 0, "generated": 0, "bbox": {"xmin": 135, "ymin": 0, "ymax": 561, "xmax": 794}}, {"tid": 1, "generated": 0, "bbox": {"xmin": 562, "ymin": 302, "ymax": 659, "xmax": 925}}], [{"tid": 0, "generated": 0, "bbox": {"xmin": 135, "ymin": 0, "ymax": 562, "xmax": 793}}, {"tid": 1, "generated": 0, "bbox": {"xmin": 565, "ymin": 303, "ymax": 664, "xmax": 925}}], [{"tid": 0, "generated": 0, "bbox": {"xmin": 135, "ymin": 0, "ymax": 563, "xmax": 793}}, {"tid": 1, "generated": 0, "bbox": {"xmin": 569, "ymin": 304, "ymax": 669, "xmax": 925}}], [{"tid": 0, "generated": 0, "bbox": {"xmin": 135, "ymin": 0, "ymax": 564, "xmax": 792}}, {"tid": 1, "generated": 0, "bbox": {"xmin": 572, "ymin": 306, "ymax": 675, "xmax": 925}}], [{"tid": 0, "generated": 0, "bbox": {"xmin": 135, "ymin": 0, "ymax": 565, "xmax": 792}}, {"tid": 1, "generated": 0, "bbox": {"xmin": 576, "ymin": 307, "ymax": 680, "xmax": 925}}], [{"tid": 0, "generated": 0, "bbox": {"xmin": 135, "ymin": 0, "ymax": 567, "xmax": 792}}, {"tid": 1, "generated": 0, "bbox": {"xmin": 579, "ymin": 308, "ymax": 685, "xmax": 925}}], [{"tid": 0, "generated": 0, "bbox": {"xmin": 133, "ymin": 0, "ymax": 566, "xmax": 798}}, {"tid": 1, "generated": 0, "bbox": {"xmin": 577, "ymin": 308, "ymax": 692, "xmax": 926}}], [{"tid": 0, "generated": 0, "bbox": {"xmin": 131, "ymin": 0, "ymax": 565, "xmax": 805}}, {"tid": 1, "generated": 0, "bbox": {"xmin": 575, "ymin": 309, "ymax": 699, "xmax": 927}}], [{"tid": 0, "generated": 0, "bbox": {"xmin": 129, "ymin": 0, "ymax": 565, "xmax": 812}}, {"tid": 1, "generated": 0, "bbox": {"xmin": 574, "ymin": 309, "ymax": 705, "xmax": 927}}], [{"tid": 0, "generated": 0, "bbox": {"xmin": 146, "ymin": 0, "ymax": 565, "xmax": 817}}, {"tid": 1, "generated": 0, "bbox": {"xmin": 572, "ymin": 310, "ymax": 712, "xmax": 928}}], [], [], [], [], [], [], [], [], [], [], [], [], [], [], [], [], [], [], [], [], [], [], [], [], [], [], [], [], [], [], [], [], [], [], [], [], [], [], [], [], [], [], [], [], [], [{"tid": 0, "generated": 0, "bbox": {"xmin": 128, "ymin": 0, "ymax": 467, "xmax": 741}}, {"tid": 1, "generated": 0, "bbox": {"xmin": 528, "ymin": 334, "ymax": 719, "xmax": 929}}], [{"tid": 0, "generated": 0, "bbox": {"xmin": 129, "ymin": 0, "ymax": 465, "xmax": 742}}, {"tid": 1, "generated": 0, "bbox": {"xmin": 532, "ymin": 333, "ymax": 719, "xmax": 929}}], [{"tid": 0, "generated": 0, "bbox": {"xmin": 130, "ymin": 0, "ymax": 464, "xmax": 744}}, {"tid": 1, "generated": 0, "bbox": {"xmin": 536, "ymin": 332, "ymax": 719, "xmax": 928}}], [{"tid": 0, "generated": 0, "bbox": {"xmin": 132, "ymin": 0, "ymax": 462, "xmax": 746}}, {"tid": 1, "generated": 0, "bbox": {"xmin": 539, "ymin": 330, "ymax": 719, "xmax": 928}}], [{"tid": 0, "generated": 0, "bbox": {"xmin": 133, "ymin": 0, "ymax": 461, "xmax": 748}}, {"tid": 1, "generated": 0, "bbox": {"xmin": 543, "ymin": 329, "ymax": 719, "xmax": 927}}], [{"tid": 0, "generated": 0, "bbox": {"xmin": 135, "ymin": 0, "ymax": 460, "xmax": 750}}, {"tid": 1, "generated": 0, "bbox": {"xmin": 547, "ymin": 328, "ymax": 719, "xmax": 927}}], [{"tid": 0, "generated": 0, "bbox": {"xmin": 139, "ymin": 0, "ymax": 449, "xmax": 779}}, {"tid": 1, "generated": 0, "bbox": {"xmin": 549, "ymin": 328, "ymax": 719, "xmax": 927}}], [{"tid": 0, "generated": 0, "bbox": {"xmin": 144, "ymin": 0, "ymax": 439, "xmax": 808}}, {"tid": 1, "generated": 0, "bbox": {"xmin": 551, "ymin": 328, "ymax": 719, "xmax": 927}}], [{"tid": 0, "generated": 0, "bbox": {"xmin": 149, "ymin": 0, "ymax": 440, "xmax": 823}}, {"tid": 1, "generated": 0, "bbox": {"xmin": 554, "ymin": 328, "ymax": 719, "xmax": 927}}], [{"tid": 0, "generated": 0, "bbox": {"xmin": 154, "ymin": 0, "ymax": 441, "xmax": 838}}, {"tid": 1, "generated": 0, "bbox": {"xmin": 556, "ymin": 328, "ymax": 719, "xmax": 927}}], [{"tid": 0, "generated": 0, "bbox": {"xmin": 160, "ymin": 0, "ymax": 442, "xmax": 853}}, {"tid": 1, "generated": 0, "bbox": {"xmin": 558, "ymin": 328, "ymax": 719, "xmax": 927}}], [{"tid": 0, "generated": 0, "bbox": {"xmin": 173, "ymin": 0, "ymax": 439, "xmax": 870}}, {"tid": 1, "generated": 0, "bbox": {"xmin": 557, "ymin": 328, "ymax": 719, "xmax": 927}}], [{"tid": 0, "generated": 0, "bbox": {"xmin": 186, "ymin": 0, "ymax": 437, "xmax": 887}}, {"tid": 1, "generated": 0, "bbox": {"xmin": 556, "ymin": 328, "ymax": 719, "xmax": 927}}], [{"tid": 0, "generated": 0, "bbox": {"xmin": 199, "ymin": 0, "ymax": 435, "xmax": 904}}, {"tid": 1, "generated": 0, "bbox": {"xmin": 555, "ymin": 328, "ymax": 719, "xmax": 927}}], [{"tid": 0, "generated": 0, "bbox": {"xmin": 221, "ymin": 0, "ymax": 434, "xmax": 915}}, {"tid": 1, "generated": 0, "bbox": {"xmin": 554, "ymin": 328, "ymax": 719, "xmax": 927}}], [{"tid": 0, "generated": 0, "bbox": {"xmin": 243, "ymin": 0, "ymax": 433, "xmax": 926}}, {"tid": 1, "generated": 0, "bbox": {"xmin": 553, "ymin": 328, "ymax": 719, "xmax": 927}}], [{"tid": 0, "generated": 0, "bbox": {"xmin": 247, "ymin": 0, "ymax": 434, "xmax": 936}}, {"tid": 1, "generated": 0, "bbox": {"xmin": 553, "ymin": 328, "ymax": 719, "xmax": 926}}], [{"tid": 0, "generated": 0, "bbox": {"xmin": 252, "ymin": 0, "ymax": 435, "xmax": 947}}, {"tid": 1, "generated": 0, "bbox": {"xmin": 553, "ymin": 328, "ymax": 719, "xmax": 925}}], [{"tid": 0, "generated": 0, "bbox": {"xmin": 257, "ymin": 0, "ymax": 439, "xmax": 948}}, {"tid": 1, "generated": 0, "bbox": {"xmin": 553, "ymin": 328, "ymax": 719, "xmax": 923}}], [{"tid": 0, "generated": 0, "bbox": {"xmin": 262, "ymin": 0, "ymax": 443, "xmax": 949}}, {"tid": 1, "generated": 0, "bbox": {"xmin": 553, "ymin": 328, "ymax": 719, "xmax": 922}}], [{"tid": 0, "generated": 0, "bbox": {"xmin": 268, "ymin": 0, "ymax": 448, "xmax": 951}}, {"tid": 1, "generated": 0, "bbox": {"xmin": 553, "ymin": 328, "ymax": 719, "xmax": 921}}], [{"tid": 0, "generated": 0, "bbox": {"xmin": 283, "ymin": 0, "ymax": 450, "xmax": 958}}, {"tid": 1, "generated": 0, "bbox": {"xmin": 552, "ymin": 328, "ymax": 719, "xmax": 921}}], [{"tid": 0, "generated": 0, "bbox": {"xmin": 298, "ymin": 0, "ymax": 453, "xmax": 965}}, {"tid": 1, "generated": 0, "bbox": {"xmin": 551, "ymin": 328, "ymax": 719, "xmax": 920}}], [{"tid": 0, "generated": 0, "bbox": {"xmin": 314, "ymin": 0, "ymax": 456, "xmax": 972}}, {"tid": 1, "generated": 0, "bbox": {"xmin": 549, "ymin": 328, "ymax": 719, "xmax": 920}}], [{"tid": 0, "generated": 0, "bbox": {"xmin": 345, "ymin": 0, "ymax": 452, "xmax": 973}}, {"tid": 1, "generated": 0, "bbox": {"xmin": 548, "ymin": 328, "ymax": 719, "xmax": 919}}], [{"tid": 0, "generated": 0, "bbox": {"xmin": 376, "ymin": 0, "ymax": 449, "xmax": 974}}, {"tid": 1, "generated": 0, "bbox": {"xmin": 547, "ymin": 328, "ymax": 719, "xmax": 919}}], [{"tid": 0, "generated": 0, "bbox": {"xmin": 384, "ymin": 0, "ymax": 447, "xmax": 980}}, {"tid": 1, "generated": 0, "bbox": {"xmin": 547, "ymin": 328, "ymax": 719, "xmax": 919}}], [{"tid": 0, "generated": 0, "bbox": {"xmin": 393, "ymin": 0, "ymax": 445, "xmax": 987}}, {"tid": 1, "generated": 0, "bbox": {"xmin": 547, "ymin": 328, "ymax": 719, "xmax": 919}}], [{"tid": 0, "generated": 0, "bbox": {"xmin": 401, "ymin": 0, "ymax": 443, "xmax": 994}}, {"tid": 1, "generated": 0, "bbox": {"xmin": 547, "ymin": 328, "ymax": 719, "xmax": 919}}], [{"tid": 0, "generated": 0, "bbox": {"xmin": 410, "ymin": 0, "ymax": 441, "xmax": 1001}}, {"tid": 1, "generated": 0, "bbox": {"xmin": 547, "ymin": 328, "ymax": 719, "xmax": 919}}], [], [], [], [], [], [], [], [], [], [], [], [], [], [], [], [], [], [], [], [], [], [], [], [], [], [], [], [], [], [], [], [], [], [], [], [], [], [], [], [], [], [], [], [], [], [{"tid": 0, "generated": 0, "bbox": {"xmin": 140, "ymin": 0, "ymax": 448, "xmax": 887}}, {"tid": 1, "generated": 0, "bbox": {"xmin": 603, "ymin": 328, "ymax": 719, "xmax": 898}}], [{"tid": 0, "generated": 0, "bbox": {"xmin": 137, "ymin": 0, "ymax": 447, "xmax": 881}}, {"tid": 1, "generated": 0, "bbox": {"xmin": 603, "ymin": 328, "ymax": 719, "xmax": 898}}], [{"tid": 0, "generated": 0, "bbox": {"xmin": 135, "ymin": 0, "ymax": 446, "xmax": 876}}, {"tid": 1, "generated": 0, "bbox": {"xmin": 603, "ymin": 328, "ymax": 719, "xmax": 898}}], [{"tid": 0, "generated": 0, "bbox": {"xmin": 133, "ymin": 0, "ymax": 446, "xmax": 857}}, {"tid": 1, "generated": 0, "bbox": {"xmin": 603, "ymin": 328, "ymax": 719, "xmax": 898}}], [{"tid": 0, "generated": 0, "bbox": {"xmin": 131, "ymin": 0, "ymax": 446, "xmax": 839}}, {"tid": 1, "generated": 0, "bbox": {"xmin": 603, "ymin": 328, "ymax": 719, "xmax": 898}}], [{"tid": 0, "generated": 0, "bbox": {"xmin": 129, "ymin": 0, "ymax": 446, "xmax": 821}}, {"tid": 1, "generated": 0, "bbox": {"xmin": 603, "ymin": 328, "ymax": 719, "xmax": 898}}], [{"tid": 0, "generated": 0, "bbox": {"xmin": 128, "ymin": 0, "ymax": 445, "xmax": 803}}, {"tid": 1, "generated": 0, "bbox": {"xmin": 601, "ymin": 328, "ymax": 719, "xmax": 898}}], [{"tid": 0, "generated": 0, "bbox": {"xmin": 128, "ymin": 0, "ymax": 444, "xmax": 785}}, {"tid": 1, "generated": 0, "bbox": {"xmin": 599, "ymin": 328, "ymax": 719, "xmax": 898}}], [{"tid": 0, "generated": 0, "bbox": {"xmin": 128, "ymin": 0, "ymax": 444, "xmax": 768}}, {"tid": 1, "generated": 0, "bbox": {"xmin": 597, "ymin": 328, "ymax": 719, "xmax": 898}}], [{"tid": 0, "generated": 0, "bbox": {"xmin": 128, "ymin": 0, "ymax": 445, "xmax": 761}}, {"tid": 1, "generated": 0, "bbox": {"xmin": 595, "ymin": 328, "ymax": 719, "xmax": 898}}], [{"tid": 0, "generated": 0, "bbox": {"xmin": 128, "ymin": 0, "ymax": 446, "xmax": 755}}, {"tid": 1, "generated": 0, "bbox": {"xmin": 593, "ymin": 328, "ymax": 719, "xmax": 898}}], [{"tid": 0, "generated": 0, "bbox": {"xmin": 127, "ymin": 0, "ymax": 440, "xmax": 750}}, {"tid": 1, "generated": 0, "bbox": {"xmin": 593, "ymin": 327, "ymax": 719, "xmax": 897}}], [{"tid": 0, "generated": 0, "bbox": {"xmin": 127, "ymin": 0, "ymax": 434, "xmax": 746}}, {"tid": 1, "generated": 0, "bbox": {"xmin": 593, "ymin": 327, "ymax": 719, "xmax": 896}}], [{"tid": 0, "generated": 0, "bbox": {"xmin": 126, "ymin": 0, "ymax": 428, "xmax": 742}}, {"tid": 1, "generated": 0, "bbox": {"xmin": 593, "ymin": 326, "ymax": 719, "xmax": 894}}], [{"tid": 0, "generated": 0, "bbox": {"xmin": 126, "ymin": 0, "ymax": 422, "xmax": 738}}, {"tid": 1, "generated": 0, "bbox": {"xmin": 593, "ymin": 326, "ymax": 719, "xmax": 893}}], [{"tid": 0, "generated": 0, "bbox": {"xmin": 126, "ymin": 0, "ymax": 416, "xmax": 734}}, {"tid": 1, "generated": 0, "bbox": {"xmin": 593, "ymin": 325, "ymax": 719, "xmax": 892}}], [{"tid": 0, "generated": 0, "bbox": {"xmin": 124, "ymin": 0, "ymax": 414, "xmax": 726}}, {"tid": 1, "generated": 0, "bbox": {"xmin": 593, "ymin": 325, "ymax": 719, "xmax": 892}}], [{"tid": 0, "generated": 0, "bbox": {"xmin": 123, "ymin": 0, "ymax": 413, "xmax": 718}}, {"tid": 1, "generated": 0, "bbox": {"xmin": 593, "ymin": 325, "ymax": 719, "xmax": 892}}], [{"tid": 0, "generated": 0, "bbox": {"xmin": 122, "ymin": 0, "ymax": 412, "xmax": 711}}, {"tid": 1, "generated": 0, "bbox": {"xmin": 593, "ymin": 325, "ymax": 719, "xmax": 892}}], [{"tid": 0, "generated": 0, "bbox": {"xmin": 121, "ymin": 0, "ymax": 414, "xmax": 691}}, {"tid": 1, "generated": 0, "bbox": {"xmin": 593, "ymin": 325, "ymax": 719, "xmax": 892}}], [{"tid": 0, "generated": 0, "bbox": {"xmin": 120, "ymin": 0, "ymax": 416, "xmax": 672}}, {"tid": 1, "generated": 0, "bbox": {"xmin": 593, "ymin": 325, "ymax": 719, "xmax": 892}}], [{"tid": 0, "generated": 0, "bbox": {"xmin": 120, "ymin": 0, "ymax": 418, "xmax": 673}}, {"tid": 1, "generated": 0, "bbox": {"xmin": 593, "ymin": 325, "ymax": 719, "xmax": 892}}], [{"tid": 0, "generated": 0, "bbox": {"xmin": 121, "ymin": 0, "ymax": 420, "xmax": 674}}, {"tid": 1, "generated": 0, "bbox": {"xmin": 593, "ymin": 325, "ymax": 719, "xmax": 892}}], [{"tid": 0, "generated": 0, "bbox": {"xmin": 122, "ymin": 0, "ymax": 423, "xmax": 675}}, {"tid": 1, "generated": 0, "bbox": {"xmin": 593, "ymin": 325, "ymax": 719, "xmax": 892}}], [{"tid": 0, "generated": 0, "bbox": {"xmin": 123, "ymin": 0, "ymax": 425, "xmax": 676}}, {"tid": 1, "generated": 0, "bbox": {"xmin": 593, "ymin": 325, "ymax": 719, "xmax": 892}}], [{"tid": 0, "generated": 0, "bbox": {"xmin": 124, "ymin": 0, "ymax": 428, "xmax": 677}}, {"tid": 1, "generated": 0, "bbox": {"xmin": 593, "ymin": 325, "ymax": 719, "xmax": 892}}], [{"tid": 0, "generated": 0, "bbox": {"xmin": 124, "ymin": 0, "ymax": 428, "xmax": 678}}, {"tid": 1, "generated": 0, "bbox": {"xmin": 593, "ymin": 325, "ymax": 719, "xmax": 892}}], [{"tid": 0, "generated": 0, "bbox": {"xmin": 124, "ymin": 0, "ymax": 428, "xmax": 680}}, {"tid": 1, "generated": 0, "bbox": {"xmin": 593, "ymin": 325, "ymax": 719, "xmax": 892}}], [{"tid": 0, "generated": 0, "bbox": {"xmin": 124, "ymin": 0, "ymax": 428, "xmax": 682}}, {"tid": 1, "generated": 0, "bbox": {"xmin": 593, "ymin": 325, "ymax": 719, "xmax": 892}}], [{"tid": 0, "generated": 0, "bbox": {"xmin": 124, "ymin": 0, "ymax": 428, "xmax": 684}}, {"tid": 1, "generated": 0, "bbox": {"xmin": 593, "ymin": 325, "ymax": 719, "xmax": 892}}], [], [], [], [], [], [], [], [], [], [], [], [], [], [], [], [{"tid": 0, "generated": 0, "bbox": {"xmin": 124, "ymin": 0, "ymax": 426, "xmax": 695}}, {"tid": 1, "generated": 0, "bbox": {"xmin": 593, "ymin": 320, "ymax": 719, "xmax": 889}}], [{"tid": 0, "generated": 0, "bbox": {"xmin": 124, "ymin": 0, "ymax": 425, "xmax": 700}}, {"tid": 1, "generated": 0, "bbox": {"xmin": 593, "ymin": 320, "ymax": 719, "xmax": 889}}], [{"tid": 0, "generated": 0, "bbox": {"xmin": 125, "ymin": 0, "ymax": 425, "xmax": 706}}, {"tid": 1, "generated": 0, "bbox": {"xmin": 593, "ymin": 320, "ymax": 719, "xmax": 889}}], [{"tid": 0, "generated": 0, "bbox": {"xmin": 125, "ymin": 0, "ymax": 424, "xmax": 712}}, {"tid": 1, "generated": 0, "bbox": {"xmin": 593, "ymin": 320, "ymax": 719, "xmax": 889}}], [{"tid": 0, "generated": 0, "bbox": {"xmin": 126, "ymin": 0, "ymax": 424, "xmax": 718}}, {"tid": 1, "generated": 0, "bbox": {"xmin": 593, "ymin": 320, "ymax": 719, "xmax": 889}}], [{"tid": 0, "generated": 0, "bbox": {"xmin": 126, "ymin": 0, "ymax": 423, "xmax": 724}}, {"tid": 1, "generated": 0, "bbox": {"xmin": 593, "ymin": 320, "ymax": 719, "xmax": 889}}], [{"tid": 0, "generated": 0, "bbox": {"xmin": 127, "ymin": 0, "ymax": 423, "xmax": 730}}, {"tid": 1, "generated": 0, "bbox": {"xmin": 593, "ymin": 320, "ymax": 719, "xmax": 889}}], [{"tid": 0, "generated": 0, "bbox": {"xmin": 128, "ymin": 0, "ymax": 423, "xmax": 736}}, {"tid": 1, "generated": 0, "bbox": {"xmin": 593, "ymin": 320, "ymax": 719, "xmax": 889}}], [{"tid": 0, "generated": 0, "bbox": {"xmin": 128, "ymin": 0, "ymax": 423, "xmax": 737}}, {"tid": 1, "generated": 0, "bbox": {"xmin": 593, "ymin": 320, "ymax": 719, "xmax": 889}}], [{"tid": 0, "generated": 0, "bbox": {"xmin": 128, "ymin": 0, "ymax": 423, "xmax": 738}}, {"tid": 1, "generated": 0, "bbox": {"xmin": 593, "ymin": 320, "ymax": 719, "xmax": 889}}], [{"tid": 0, "generated": 0, "bbox": {"xmin": 129, "ymin": 0, "ymax": 423, "xmax": 739}}, {"tid": 1, "generated": 0, "bbox": {"xmin": 593, "ymin": 320, "ymax": 719, "xmax": 889}}], [{"tid": 0, "generated": 0, "bbox": {"xmin": 130, "ymin": 0, "ymax": 422, "xmax": 739}}, {"tid": 1, "generated": 0, "bbox": {"xmin": 593, "ymin": 319, "ymax": 718, "xmax": 889}}], [{"tid": 0, "generated": 0, "bbox": {"xmin": 131, "ymin": 0, "ymax": 421, "xmax": 739}}, {"tid": 1, "generated": 0, "bbox": {"xmin": 593, "ymin": 319, "ymax": 718, "xmax": 889}}], [{"tid": 0, "generated": 0, "bbox": {"xmin": 133, "ymin": 0, "ymax": 421, "xmax": 739}}, {"tid": 1, "generated": 0, "bbox": {"xmin": 593, "ymin": 318, "ymax": 717, "xmax": 889}}], [{"tid": 0, "generated": 0, "bbox": {"xmin": 133, "ymin": 0, "ymax": 421, "xmax": 734}}, {"tid": 1, "generated": 0, "bbox": {"xmin": 593, "ymin": 318, "ymax": 717, "xmax": 889}}], [{"tid": 0, "generated": 0, "bbox": {"xmin": 134, "ymin": 0, "ymax": 421, "xmax": 730}}, {"tid": 1, "generated": 0, "bbox": {"xmin": 593, "ymin": 317, "ymax": 716, "xmax": 889}}], [{"tid": 0, "generated": 0, "bbox": {"xmin": 135, "ymin": 0, "ymax": 421, "xmax": 725}}, {"tid": 1, "generated": 0, "bbox": {"xmin": 593, "ymin": 317, "ymax": 716, "xmax": 889}}], [{"tid": 0, "generated": 0, "bbox": {"xmin": 136, "ymin": 0, "ymax": 421, "xmax": 721}}, {"tid": 1, "generated": 0, "bbox": {"xmin": 593, "ymin": 317, "ymax": 716, "xmax": 889}}], [{"tid": 0, "generated": 0, "bbox": {"xmin": 138, "ymin": 0, "ymax": 422, "xmax": 718}}, {"tid": 1, "generated": 0, "bbox": {"xmin": 593, "ymin": 317, "ymax": 716, "xmax": 889}}], [{"tid": 0, "generated": 0, "bbox": {"xmin": 140, "ymin": 0, "ymax": 423, "xmax": 716}}, {"tid": 1, "generated": 0, "bbox": {"xmin": 593, "ymin": 317, "ymax": 716, "xmax": 889}}], [{"tid": 0, "generated": 0, "bbox": {"xmin": 142, "ymin": 0, "ymax": 424, "xmax": 714}}, {"tid": 1, "generated": 0, "bbox": {"xmin": 593, "ymin": 317, "ymax": 716, "xmax": 889}}], [{"tid": 0, "generated": 0, "bbox": {"xmin": 140, "ymin": 0, "ymax": 423, "xmax": 716}}, {"tid": 1, "generated": 0, "bbox": {"xmin": 593, "ymin": 317, "ymax": 716, "xmax": 889}}], [{"tid": 0, "generated": 0, "bbox": {"xmin": 139, "ymin": 0, "ymax": 423, "xmax": 718}}, {"tid": 1, "generated": 0, "bbox": {"xmin": 593, "ymin": 317, "ymax": 716, "xmax": 889}}], [{"tid": 0, "generated": 0, "bbox": {"xmin": 138, "ymin": 0, "ymax": 423, "xmax": 720}}, {"tid": 1, "generated": 0, "bbox": {"xmin": 593, "ymin": 316, "ymax": 715, "xmax": 889}}], [{"tid": 0, "generated": 0, "bbox": {"xmin": 137, "ymin": 0, "ymax": 423, "xmax": 726}}, {"tid": 1, "generated": 0, "bbox": {"xmin": 593, "ymin": 316, "ymax": 715, "xmax": 889}}], [{"tid": 0, "generated": 0, "bbox": {"xmin": 136, "ymin": 0, "ymax": 423, "xmax": 733}}, {"tid": 1, "generated": 0, "bbox": {"xmin": 593, "ymin": 316, "ymax": 715, "xmax": 889}}], [{"tid": 0, "generated": 0, "bbox": {"xmin": 135, "ymin": 0, "ymax": 423, "xmax": 740}}, {"tid": 1, "generated": 0, "bbox": {"xmin": 590, "ymin": 316, "ymax": 715, "xmax": 889}}], [{"tid": 0, "generated": 0, "bbox": {"xmin": 135, "ymin": 0, "ymax": 423, "xmax": 747}}, {"tid": 1, "generated": 0, "bbox": {"xmin": 587, "ymin": 316, "ymax": 715, "xmax": 889}}], [{"tid": 0, "generated": 0, "bbox": {"xmin": 134, "ymin": 0, "ymax": 423, "xmax": 754}}, {"tid": 1, "generated": 0, "bbox": {"xmin": 585, "ymin": 316, "ymax": 715, "xmax": 889}}], [{"tid": 0, "generated": 0, "bbox": {"xmin": 133, "ymin": 0, "ymax": 423, "xmax": 761}}, {"tid": 1, "generated": 0, "bbox": {"xmin": 582, "ymin": 316, "ymax": 715, "xmax": 889}}], [], [], [], [], [], [], [], [], [], [], [], [], [], [], [], [], [], [], [], [], [], [], [], [], [], [], [], [], [], [], [], [], [], [], [], [], [], [], [], [], [], [], [], [], [], [], [], [], [], [], [], [], [], [], [], [], [], [], [], [], [{"tid": 0, "generated": 0, "bbox": {"xmin": 152, "ymin": 0, "ymax": 403, "xmax": 874}}, {"tid": 1, "generated": 0, "bbox": {"xmin": 631, "ymin": 318, "ymax": 718, "xmax": 946}}], [{"tid": 0, "generated": 0, "bbox": {"xmin": 152, "ymin": 0, "ymax": 404, "xmax": 876}}, {"tid": 1, "generated": 0, "bbox": {"xmin": 629, "ymin": 318, "ymax": 718, "xmax": 953}}], [{"tid": 0, "generated": 0, "bbox": {"xmin": 152, "ymin": 0, "ymax": 405, "xmax": 878}}, {"tid": 1, "generated": 0, "bbox": {"xmin": 627, "ymin": 318, "ymax": 718, "xmax": 960}}], [{"tid": 0, "generated": 0, "bbox": {"xmin": 152, "ymin": 0, "ymax": 406, "xmax": 880}}, {"tid": 1, "generated": 0, "bbox": {"xmin": 626, "ymin": 318, "ymax": 718, "xmax": 967}}], [{"tid": 0, "generated": 0, "bbox": {"xmin": 152, "ymin": 0, "ymax": 407, "xmax": 882}}, {"tid": 1, "generated": 0, "bbox": {"xmin": 624, "ymin": 318, "ymax": 718, "xmax": 974}}], [{"tid": 0, "generated": 0, "bbox": {"xmin": 152, "ymin": 0, "ymax": 408, "xmax": 885}}, {"tid": 1, "generated": 0, "bbox": {"xmin": 622, "ymin": 318, "ymax": 718, "xmax": 981}}], [{"tid": 0, "generated": 0, "bbox": {"xmin": 152, "ymin": 0, "ymax": 409, "xmax": 884}}, {"tid": 1, "generated": 0, "bbox": {"xmin": 616, "ymin": 318, "ymax": 718, "xmax": 978}}], [{"tid": 0, "generated": 0, "bbox": {"xmin": 152, "ymin": 0, "ymax": 411, "xmax": 883}}, {"tid": 1, "generated": 0, "bbox": {"xmin": 610, "ymin": 318, "ymax": 718, "xmax": 975}}], [{"tid": 0, "generated": 0, "bbox": {"xmin": 152, "ymin": 0, "ymax": 412, "xmax": 882}}, {"tid": 1, "generated": 0, "bbox": {"xmin": 605, "ymin": 318, "ymax": 718, "xmax": 971}}], [{"tid": 0, "generated": 0, "bbox": {"xmin": 152, "ymin": 0, "ymax": 414, "xmax": 881}}, {"tid": 1, "generated": 0, "bbox": {"xmin": 599, "ymin": 318, "ymax": 718, "xmax": 968}}], [{"tid": 0, "generated": 0, "bbox": {"xmin": 152, "ymin": 0, "ymax": 416, "xmax": 881}}, {"tid": 1, "generated": 0, "bbox": {"xmin": 593, "ymin": 318, "ymax": 718, "xmax": 965}}], [{"tid": 0, "generated": 0, "bbox": {"xmin": 152, "ymin": 3, "ymax": 414, "xmax": 882}}, {"tid": 1, "generated": 0, "bbox": {"xmin": 591, "ymin": 318, "ymax": 718, "xmax": 960}}], [{"tid": 0, "generated": 0, "bbox": {"xmin": 152, "ymin": 7, "ymax": 412, "xmax": 883}}, {"tid": 1, "generated": 0, "bbox": {"xmin": 589, "ymin": 318, "ymax": 718, "xmax": 955}}], [{"tid": 0, "generated": 0, "bbox": {"xmin": 152, "ymin": 11, "ymax": 411, "xmax": 885}}, {"tid": 1, "generated": 0, "bbox": {"xmin": 587, "ymin": 318, "ymax": 718, "xmax": 951}}], [{"tid": 0, "generated": 0, "bbox": {"xmin": 152, "ymin": 15, "ymax": 409, "xmax": 886}}, {"tid": 1, "generated": 0, "bbox": {"xmin": 585, "ymin": 318, "ymax": 718, "xmax": 946}}], [{"tid": 0, "generated": 0, "bbox": {"xmin": 152, "ymin": 19, "ymax": 408, "xmax": 888}}, {"tid": 1, "generated": 0, "bbox": {"xmin": 583, "ymin": 318, "ymax": 718, "xmax": 941}}], [{"tid": 0, "generated": 0, "bbox": {"xmin": 152, "ymin": 26, "ymax": 406, "xmax": 892}}, {"tid": 1, "generated": 0, "bbox": {"xmin": 584, "ymin": 318, "ymax": 717, "xmax": 942}}], [{"tid": 0, "generated": 0, "bbox": {"xmin": 152, "ymin": 33, "ymax": 405, "xmax": 896}}, {"tid": 1, "generated": 0, "bbox": {"xmin": 585, "ymin": 318, "ymax": 716, "xmax": 943}}], [{"tid": 0, "generated": 0, "bbox": {"xmin": 152, "ymin": 41, "ymax": 406, "xmax": 893}}, {"tid": 1, "generated": 0, "bbox": {"xmin": 587, "ymin": 317, "ymax": 714, "xmax": 944}}], [{"tid": 0, "generated": 0, "bbox": {"xmin": 153, "ymin": 49, "ymax": 407, "xmax": 890}}, {"tid": 1, "generated": 0, "bbox": {"xmin": 588, "ymin": 317, "ymax": 713, "xmax": 945}}], [{"tid": 0, "generated": 0, "bbox": {"xmin": 154, "ymin": 58, "ymax": 408, "xmax": 888}}, {"tid": 1, "generated": 0, "bbox": {"xmin": 589, "ymin": 317, "ymax": 712, "xmax": 946}}], [{"tid": 0, "generated": 0, "bbox": {"xmin": 153, "ymin": 68, "ymax": 406, "xmax": 891}}, {"tid": 1, "generated": 0, "bbox": {"xmin": 596, "ymin": 317, "ymax": 710, "xmax": 948}}], [{"tid": 0, "generated": 0, "bbox": {"xmin": 152, "ymin": 79, "ymax": 404, "xmax": 894}}, {"tid": 1, "generated": 0, "bbox": {"xmin": 602, "ymin": 317, "ymax": 708, "xmax": 949}}], [{"tid": 0, "generated": 0, "bbox": {"xmin": 151, "ymin": 90, "ymax": 403, "xmax": 897}}, {"tid": 1, "generated": 0, "bbox": {"xmin": 609, "ymin": 317, "ymax": 707, "xmax": 951}}], [{"tid": 0, "generated": 0, "bbox": {"xmin": 151, "ymin": 101, "ymax": 404, "xmax": 896}}, {"tid": 1, "generated": 0, "bbox": {"xmin": 615, "ymin": 317, "ymax": 705, "xmax": 952}}], [{"tid": 0, "generated": 0, "bbox": {"xmin": 151, "ymin": 112, "ymax": 405, "xmax": 896}}, {"tid": 1, "generated": 0, "bbox": {"xmin": 622, "ymin": 317, "ymax": 703, "xmax": 954}}], [{"tid": 0, "generated": 0, "bbox": {"xmin": 151, "ymin": 112, "ymax": 408, "xmax": 896}}, {"tid": 1, "generated": 0, "bbox": {"xmin": 625, "ymin": 317, "ymax": 703, "xmax": 954}}], [{"tid": 0, "generated": 0, "bbox": {"xmin": 152, "ymin": 113, "ymax": 412, "xmax": 897}}, {"tid": 1, "generated": 0, "bbox": {"xmin": 628, "ymin": 317, "ymax": 702, "xmax": 954}}], [{"tid": 0, "generated": 0, "bbox": {"xmin": 151, "ymin": 109, "ymax": 411, "xmax": 896}}, {"tid": 1, "generated": 0, "bbox": {"xmin": 631, "ymin": 317, "ymax": 702, "xmax": 954}}], [{"tid": 0, "generated": 0, "bbox": {"xmin": 150, "ymin": 105, "ymax": 410, "xmax": 895}}, {"tid": 1, "generated": 0, "bbox": {"xmin": 634, "ymin": 317, "ymax": 701, "xmax": 954}}]], "subject/objects": [{"category": "dog", "tid": 0}, {"category": "person", "tid": 1}], "relation_instances": [{"end_fid": 30, "subject_tid": 0, "predicate": "stand_left", "begin_fid": 0, "object_tid": 1}, {"end_fid": 30, "subject_tid": 0, "predicate": "larger", "begin_fid": 0, "object_tid": 1}, {"end_fid": 30, "subject_tid": 0, "predicate": "play", "begin_fid": 0, "object_tid": 1}, {"end_fid": 30, "subject_tid": 0, "predicate": "watch", "begin_fid": 0, "object_tid": 1}, {"end_fid": 30, "subject_tid": 1, "predicate": "lie_right", "begin_fid": 0, "object_tid": 0}, {"end_fid": 30, "subject_tid": 1, "predicate": "play", "begin_fid": 0, "object_tid": 0}, {"end_fid": 30, "subject_tid": 1, "predicate": "watch", "begin_fid": 0, "object_tid": 0}, {"end_fid": 45, "subject_tid": 0, "predicate": "stand_left", "begin_fid": 15, "object_tid": 1}, {"end_fid": 45, "subject_tid": 0, "predicate": "larger", "begin_fid": 15, "object_tid": 1}, {"end_fid": 45, "subject_tid": 0, "predicate": "play", "begin_fid": 15, "object_tid": 1}, {"end_fid": 45, "subject_tid": 0, "predicate": "watch", "begin_fid": 15, "object_tid": 1}, {"end_fid": 45, "subject_tid": 1, "predicate": "lie_right", "begin_fid": 15, "object_tid": 0}, {"end_fid": 45, "subject_tid": 1, "predicate": "play", "begin_fid": 15, "object_tid": 0}, {"end_fid": 45, "subject_tid": 1, "predicate": "watch", "begin_fid": 15, "object_tid": 0}, {"end_fid": 165, "subject_tid": 0, "predicate": "stand_left", "begin_fid": 135, "object_tid": 1}, {"end_fid": 165, "subject_tid": 0, "predicate": "larger", "begin_fid": 135, "object_tid": 1}, {"end_fid": 165, "subject_tid": 0, "predicate": "play", "begin_fid": 135, "object_tid": 1}, {"end_fid": 165, "subject_tid": 1, "predicate": "lie_right", "begin_fid": 135, "object_tid": 0}, {"end_fid": 165, "subject_tid": 1, "predicate": "play", "begin_fid": 135, "object_tid": 0}, {"end_fid": 165, "subject_tid": 1, "predicate": "watch", "begin_fid": 135, "object_tid": 0}, {"end_fid": 240, "subject_tid": 0, "predicate": "walk_behind", "begin_fid": 210, "object_tid": 1}, {"end_fid": 240, "subject_tid": 0, "predicate": "walk_toward", "begin_fid": 210, "object_tid": 1}, {"end_fid": 240, "subject_tid": 0, "predicate": "walk_left", "begin_fid": 210, "object_tid": 1}, {"end_fid": 240, "subject_tid": 0, "predicate": "larger", "begin_fid": 210, "object_tid": 1}, {"end_fid": 240, "subject_tid": 0, "predicate": "play", "begin_fid": 210, "object_tid": 1}, {"end_fid": 240, "subject_tid": 1, "predicate": "lie_front", "begin_fid": 210, "object_tid": 0}, {"end_fid": 240, "subject_tid": 1, "predicate": "lie_right", "begin_fid": 210, "object_tid": 0}, {"end_fid": 240, "subject_tid": 1, "predicate": "play", "begin_fid": 210, "object_tid": 0}, {"end_fid": 240, "subject_tid": 1, "predicate": "watch", "begin_fid": 210, "object_tid": 0}, {"end_fid": 315, "subject_tid": 0, "predicate": "walk_behind", "begin_fid": 285, "object_tid": 1}, {"end_fid": 315, "subject_tid": 0, "predicate": "walk_away", "begin_fid": 285, "object_tid": 1}, {"end_fid": 315, "subject_tid": 0, "predicate": "walk_left", "begin_fid": 285, "object_tid": 1}, {"end_fid": 315, "subject_tid": 0, "predicate": "larger", "begin_fid": 285, "object_tid": 1}, {"end_fid": 315, "subject_tid": 0, "predicate": "play", "begin_fid": 285, "object_tid": 1}, {"end_fid": 315, "subject_tid": 1, "predicate": "lie_front", "begin_fid": 285, "object_tid": 0}, {"end_fid": 315, "subject_tid": 1, "predicate": "lie_right", "begin_fid": 285, "object_tid": 0}, {"end_fid": 315, "subject_tid": 1, "predicate": "play", "begin_fid": 285, "object_tid": 0}, {"end_fid": 315, "subject_tid": 1, "predicate": "watch", "begin_fid": 285, "object_tid": 0}, {"end_fid": 360, "subject_tid": 0, "predicate": "stand_behind", "begin_fid": 330, "object_tid": 1}, {"end_fid": 360, "subject_tid": 0, "predicate": "stand_left", "begin_fid": 330, "object_tid": 1}, {"end_fid": 360, "subject_tid": 0, "predicate": "larger", "begin_fid": 330, "object_tid": 1}, {"end_fid": 360, "subject_tid": 0, "predicate": "play", "begin_fid": 330, "object_tid": 1}, {"end_fid": 360, "subject_tid": 1, "predicate": "lie_front", "begin_fid": 330, "object_tid": 0}, {"end_fid": 360, "subject_tid": 1, "predicate": "lie_right", "begin_fid": 330, "object_tid": 0}, {"end_fid": 360, "subject_tid": 1, "predicate": "play", "begin_fid": 330, "object_tid": 0}, {"end_fid": 360, "subject_tid": 1, "predicate": "watch", "begin_fid": 330, "object_tid": 0}, {"end_fid": 450, "subject_tid": 0, "predicate": "lie_behind", "begin_fid": 420, "object_tid": 1}, {"end_fid": 450, "subject_tid": 0, "predicate": "lie_left", "begin_fid": 420, "object_tid": 1}, {"end_fid": 450, "subject_tid": 0, "predicate": "larger", "begin_fid": 420, "object_tid": 1}, {"end_fid": 450, "subject_tid": 0, "predicate": "play", "begin_fid": 420, "object_tid": 1}, {"end_fid": 450, "subject_tid": 1, "predicate": "lie_front", "begin_fid": 420, "object_tid": 0}, {"end_fid": 450, "subject_tid": 1, "predicate": "lie_right", "begin_fid": 420, "object_tid": 0}, {"end_fid": 450, "subject_tid": 1, "predicate": "watch", "begin_fid": 420, "object_tid": 0}], "height": 720}