{"width": 640, "frame_count": 670, "video_id": "ILSVRC2015_train_00443000", "fps": 30, "trajectories": [[{"tid": 0, "generated": 0, "bbox": {"xmin": 256, "ymin": 140, "ymax": 302, "xmax": 328}}, {"tid": 1, "generated": 0, "bbox": {"xmin": 301, "ymin": 0, "ymax": 302, "xmax": 455}}], [{"tid": 0, "generated": 0, "bbox": {"xmin": 254, "ymin": 140, "ymax": 302, "xmax": 326}}, {"tid": 1, "generated": 0, "bbox": {"xmin": 301, "ymin": 0, "ymax": 302, "xmax": 454}}], [{"tid": 0, "generated": 0, "bbox": {"xmin": 252, "ymin": 140, "ymax": 302, "xmax": 324}}, {"tid": 1, "generated": 0, "bbox": {"xmin": 301, "ymin": 0, "ymax": 302, "xmax": 454}}], [{"tid": 0, "generated": 0, "bbox": {"xmin": 250, "ymin": 140, "ymax": 302, "xmax": 322}}, {"tid": 1, "generated": 0, "bbox": {"xmin": 301, "ymin": 0, "ymax": 302, "xmax": 453}}], [{"tid": 0, "generated": 0, "bbox": {"xmin": 248, "ymin": 140, "ymax": 302, "xmax": 320}}, {"tid": 1, "generated": 0, "bbox": {"xmin": 301, "ymin": 0, "ymax": 302, "xmax": 453}}], [{"tid": 0, "generated": 0, "bbox": {"xmin": 246, "ymin": 140, "ymax": 302, "xmax": 318}}, {"tid": 1, "generated": 0, "bbox": {"xmin": 301, "ymin": 0, "ymax": 303, "xmax": 453}}], [{"tid": 0, "generated": 0, "bbox": {"xmin": 244, "ymin": 141, "ymax": 302, "xmax": 316}}, {"tid": 1, "generated": 0, "bbox": {"xmin": 301, "ymin": 0, "ymax": 302, "xmax": 455}}], [{"tid": 0, "generated": 0, "bbox": {"xmin": 242, "ymin": 141, "ymax": 302, "xmax": 318}}, {"tid": 1, "generated": 0, "bbox": {"xmin": 301, "ymin": 0, "ymax": 301, "xmax": 458}}], [{"tid": 0, "generated": 0, "bbox": {"xmin": 240, "ymin": 141, "ymax": 302, "xmax": 320}}, {"tid": 1, "generated": 0, "bbox": {"xmin": 301, "ymin": 0, "ymax": 303, "xmax": 493}}], [{"tid": 0, "generated": 0, "bbox": {"xmin": 239, "ymin": 142, "ymax": 303, "xmax": 322}}, {"tid": 1, "generated": 0, "bbox": {"xmin": 301, "ymin": 0, "ymax": 303, "xmax": 503}}], [{"tid": 0, "generated": 0, "bbox": {"xmin": 238, "ymin": 143, "ymax": 304, "xmax": 328}}, {"tid": 1, "generated": 0, "bbox": {"xmin": 302, "ymin": 9, "ymax": 304, "xmax": 454}}], [{"tid": 0, "generated": 0, "bbox": {"xmin": 236, "ymin": 144, "ymax": 304, "xmax": 327}}, {"tid": 1, "generated": 0, "bbox": {"xmin": 302, "ymin": 9, "ymax": 304, "xmax": 454}}], [{"tid": 0, "generated": 0, "bbox": {"xmin": 233, "ymin": 145, "ymax": 306, "xmax": 328}}, {"tid": 1, "generated": 0, "bbox": {"xmin": 302, "ymin": 9, "ymax": 304, "xmax": 488}}], [{"tid": 0, "generated": 0, "bbox": {"xmin": 233, "ymin": 145, "ymax": 308, "xmax": 326}}, {"tid": 1, "generated": 0, "bbox": {"xmin": 302, "ymin": 9, "ymax": 306, "xmax": 467}}], [{"tid": 0, "generated": 0, "bbox": {"xmin": 234, "ymin": 145, "ymax": 309, "xmax": 323}}, {"tid": 1, "generated": 0, "bbox": {"xmin": 302, "ymin": 10, "ymax": 308, "xmax": 447}}], [{"tid": 0, "generated": 0, "bbox": {"xmin": 236, "ymin": 146, "ymax": 310, "xmax": 320}}, {"tid": 1, "generated": 0, "bbox": {"xmin": 303, "ymin": 12, "ymax": 309, "xmax": 449}}], [{"tid": 0, "generated": 0, "bbox": {"xmin": 234, "ymin": 147, "ymax": 309, "xmax": 320}}, {"tid": 1, "generated": 0, "bbox": {"xmin": 302, "ymin": 12, "ymax": 307, "xmax": 449}}], [{"tid": 0, "generated": 0, "bbox": {"xmin": 232, "ymin": 148, "ymax": 309, "xmax": 320}}, {"tid": 1, "generated": 0, "bbox": {"xmin": 301, "ymin": 12, "ymax": 305, "xmax": 449}}], [{"tid": 0, "generated": 0, "bbox": {"xmin": 232, "ymin": 148, "ymax": 309, "xmax": 320}}, {"tid": 1, "generated": 0, "bbox": {"xmin": 300, "ymin": 13, "ymax": 304, "xmax": 450}}], [{"tid": 0, "generated": 0, "bbox": {"xmin": 232, "ymin": 149, "ymax": 310, "xmax": 320}}, {"tid": 1, "generated": 0, "bbox": {"xmin": 298, "ymin": 13, "ymax": 304, "xmax": 448}}], [{"tid": 0, "generated": 0, "bbox": {"xmin": 231, "ymin": 150, "ymax": 310, "xmax": 321}}, {"tid": 1, "generated": 0, "bbox": {"xmin": 298, "ymin": 14, "ymax": 306, "xmax": 454}}], [{"tid": 0, "generated": 0, "bbox": {"xmin": 231, "ymin": 150, "ymax": 308, "xmax": 320}}, {"tid": 1, "generated": 0, "bbox": {"xmin": 299, "ymin": 14, "ymax": 308, "xmax": 474}}], [{"tid": 0, "generated": 0, "bbox": {"xmin": 231, "ymin": 150, "ymax": 305, "xmax": 313}}, {"tid": 1, "generated": 0, "bbox": {"xmin": 301, "ymin": 15, "ymax": 311, "xmax": 494}}], [{"tid": 0, "generated": 0, "bbox": {"xmin": 231, "ymin": 150, "ymax": 305, "xmax": 316}}, {"tid": 1, "generated": 0, "bbox": {"xmin": 300, "ymin": 15, "ymax": 312, "xmax": 493}}], [{"tid": 0, "generated": 0, "bbox": {"xmin": 232, "ymin": 151, "ymax": 305, "xmax": 320}}, {"tid": 1, "generated": 0, "bbox": {"xmin": 297, "ymin": 15, "ymax": 313, "xmax": 472}}], [{"tid": 0, "generated": 0, "bbox": {"xmin": 232, "ymin": 152, "ymax": 306, "xmax": 324}}, {"tid": 1, "generated": 0, "bbox": {"xmin": 298, "ymin": 16, "ymax": 312, "xmax": 464}}], [{"tid": 0, "generated": 0, "bbox": {"xmin": 232, "ymin": 152, "ymax": 305, "xmax": 325}}, {"tid": 1, "generated": 0, "bbox": {"xmin": 296, "ymin": 15, "ymax": 312, "xmax": 488}}], [{"tid": 0, "generated": 0, "bbox": {"xmin": 233, "ymin": 152, "ymax": 305, "xmax": 326}}, {"tid": 1, "generated": 0, "bbox": {"xmin": 296, "ymin": 14, "ymax": 311, "xmax": 474}}], [{"tid": 0, "generated": 0, "bbox": {"xmin": 233, "ymin": 152, "ymax": 304, "xmax": 327}}, {"tid": 1, "generated": 0, "bbox": {"xmin": 296, "ymin": 14, "ymax": 311, "xmax": 465}}], [{"tid": 0, "generated": 0, "bbox": {"xmin": 234, "ymin": 152, "ymax": 304, "xmax": 328}}, {"tid": 1, "generated": 0, "bbox": {"xmin": 295, "ymin": 14, "ymax": 311, "xmax": 464}}], [], [], [], [], [], [], [], [], [], [], [], [], [], [], [], [], [], [], [], [], [], [], [], [], [], [], [], [], [], [], [{"tid": 0, "generated": 0, "bbox": {"xmin": 232, "ymin": 175, "ymax": 329, "xmax": 351}}, {"tid": 1, "generated": 0, "bbox": {"xmin": 296, "ymin": 16, "ymax": 312, "xmax": 456}}], [{"tid": 0, "generated": 0, "bbox": {"xmin": 232, "ymin": 174, "ymax": 334, "xmax": 351}}, {"tid": 1, "generated": 0, "bbox": {"xmin": 296, "ymin": 16, "ymax": 314, "xmax": 450}}], [{"tid": 0, "generated": 0, "bbox": {"xmin": 228, "ymin": 173, "ymax": 328, "xmax": 351}}, {"tid": 1, "generated": 0, "bbox": {"xmin": 296, "ymin": 16, "ymax": 314, "xmax": 469}}], [{"tid": 0, "generated": 0, "bbox": {"xmin": 232, "ymin": 173, "ymax": 329, "xmax": 352}}, {"tid": 1, "generated": 0, "bbox": {"xmin": 296, "ymin": 16, "ymax": 314, "xmax": 488}}], [{"tid": 0, "generated": 0, "bbox": {"xmin": 237, "ymin": 173, "ymax": 330, "xmax": 356}}, {"tid": 1, "generated": 0, "bbox": {"xmin": 296, "ymin": 16, "ymax": 312, "xmax": 492}}], [{"tid": 0, "generated": 0, "bbox": {"xmin": 232, "ymin": 174, "ymax": 334, "xmax": 360}}, {"tid": 1, "generated": 0, "bbox": {"xmin": 297, "ymin": 16, "ymax": 311, "xmax": 464}}], [{"tid": 0, "generated": 0, "bbox": {"xmin": 240, "ymin": 173, "ymax": 329, "xmax": 367}}, {"tid": 1, "generated": 0, "bbox": {"xmin": 297, "ymin": 16, "ymax": 310, "xmax": 453}}], [{"tid": 0, "generated": 0, "bbox": {"xmin": 240, "ymin": 172, "ymax": 328, "xmax": 375}}, {"tid": 1, "generated": 0, "bbox": {"xmin": 297, "ymin": 16, "ymax": 309, "xmax": 474}}], [{"tid": 0, "generated": 0, "bbox": {"xmin": 240, "ymin": 172, "ymax": 328, "xmax": 375}}, {"tid": 1, "generated": 0, "bbox": {"xmin": 297, "ymin": 16, "ymax": 308, "xmax": 482}}], [{"tid": 0, "generated": 0, "bbox": {"xmin": 240, "ymin": 172, "ymax": 328, "xmax": 376}}, {"tid": 1, "generated": 0, "bbox": {"xmin": 297, "ymin": 16, "ymax": 308, "xmax": 448}}], [{"tid": 0, "generated": 0, "bbox": {"xmin": 240, "ymin": 172, "ymax": 328, "xmax": 376}}, {"tid": 1, "generated": 0, "bbox": {"xmin": 298, "ymin": 16, "ymax": 311, "xmax": 447}}], [{"tid": 0, "generated": 0, "bbox": {"xmin": 230, "ymin": 170, "ymax": 327, "xmax": 376}}, {"tid": 1, "generated": 0, "bbox": {"xmin": 299, "ymin": 15, "ymax": 308, "xmax": 446}}], [{"tid": 0, "generated": 0, "bbox": {"xmin": 220, "ymin": 169, "ymax": 327, "xmax": 376}}, {"tid": 1, "generated": 0, "bbox": {"xmin": 300, "ymin": 14, "ymax": 306, "xmax": 446}}], [{"tid": 0, "generated": 0, "bbox": {"xmin": 215, "ymin": 168, "ymax": 324, "xmax": 376}}, {"tid": 1, "generated": 0, "bbox": {"xmin": 300, "ymin": 13, "ymax": 305, "xmax": 445}}], [{"tid": 0, "generated": 0, "bbox": {"xmin": 225, "ymin": 168, "ymax": 322, "xmax": 376}}, {"tid": 1, "generated": 0, "bbox": {"xmin": 300, "ymin": 12, "ymax": 304, "xmax": 444}}], [{"tid": 0, "generated": 0, "bbox": {"xmin": 234, "ymin": 168, "ymax": 328, "xmax": 376}}, {"tid": 1, "generated": 0, "bbox": {"xmin": 297, "ymin": 10, "ymax": 304, "xmax": 446}}], [{"tid": 0, "generated": 0, "bbox": {"xmin": 232, "ymin": 168, "ymax": 325, "xmax": 376}}, {"tid": 1, "generated": 0, "bbox": {"xmin": 296, "ymin": 9, "ymax": 303, "xmax": 461}}], [{"tid": 0, "generated": 0, "bbox": {"xmin": 228, "ymin": 167, "ymax": 322, "xmax": 376}}, {"tid": 1, "generated": 0, "bbox": {"xmin": 296, "ymin": 8, "ymax": 303, "xmax": 477}}], [{"tid": 0, "generated": 0, "bbox": {"xmin": 234, "ymin": 167, "ymax": 323, "xmax": 376}}, {"tid": 1, "generated": 0, "bbox": {"xmin": 296, "ymin": 8, "ymax": 301, "xmax": 496}}], [{"tid": 0, "generated": 0, "bbox": {"xmin": 240, "ymin": 168, "ymax": 324, "xmax": 376}}, {"tid": 1, "generated": 0, "bbox": {"xmin": 296, "ymin": 8, "ymax": 300, "xmax": 492}}], [{"tid": 0, "generated": 0, "bbox": {"xmin": 240, "ymin": 167, "ymax": 322, "xmax": 376}}, {"tid": 1, "generated": 0, "bbox": {"xmin": 296, "ymin": 8, "ymax": 301, "xmax": 454}}], [{"tid": 0, "generated": 0, "bbox": {"xmin": 240, "ymin": 166, "ymax": 320, "xmax": 380}}, {"tid": 1, "generated": 0, "bbox": {"xmin": 296, "ymin": 7, "ymax": 299, "xmax": 470}}], [{"tid": 0, "generated": 0, "bbox": {"xmin": 240, "ymin": 165, "ymax": 319, "xmax": 381}}, {"tid": 1, "generated": 0, "bbox": {"xmin": 297, "ymin": 6, "ymax": 297, "xmax": 487}}], [{"tid": 0, "generated": 0, "bbox": {"xmin": 240, "ymin": 164, "ymax": 324, "xmax": 376}}, {"tid": 1, "generated": 0, "bbox": {"xmin": 297, "ymin": 5, "ymax": 296, "xmax": 482}}], [{"tid": 0, "generated": 0, "bbox": {"xmin": 224, "ymin": 162, "ymax": 320, "xmax": 377}}, {"tid": 1, "generated": 0, "bbox": {"xmin": 297, "ymin": 5, "ymax": 296, "xmax": 453}}], [{"tid": 0, "generated": 0, "bbox": {"xmin": 209, "ymin": 162, "ymax": 318, "xmax": 378}}, {"tid": 1, "generated": 0, "bbox": {"xmin": 298, "ymin": 5, "ymax": 300, "xmax": 455}}], [{"tid": 0, "generated": 0, "bbox": {"xmin": 224, "ymin": 160, "ymax": 316, "xmax": 376}}, {"tid": 1, "generated": 0, "bbox": {"xmin": 297, "ymin": 4, "ymax": 299, "xmax": 454}}], [{"tid": 0, "generated": 0, "bbox": {"xmin": 237, "ymin": 160, "ymax": 314, "xmax": 376}}, {"tid": 1, "generated": 0, "bbox": {"xmin": 297, "ymin": 3, "ymax": 298, "xmax": 453}}], [{"tid": 0, "generated": 0, "bbox": {"xmin": 238, "ymin": 159, "ymax": 316, "xmax": 374}}, {"tid": 1, "generated": 0, "bbox": {"xmin": 296, "ymin": 3, "ymax": 298, "xmax": 453}}], [{"tid": 0, "generated": 0, "bbox": {"xmin": 239, "ymin": 159, "ymax": 318, "xmax": 373}}, {"tid": 1, "generated": 0, "bbox": {"xmin": 296, "ymin": 2, "ymax": 297, "xmax": 452}}], [], [], [], [], [], [], [], [], [], [], [], [], [], [], [], [], [], [], [], [], [], [], [], [], [], [], [], [], [], [], [], [], [], [], [], [], [], [], [], [], [], [], [], [], [], [], [], [], [], [], [], [], [], [], [], [], [], [], [], [], [], [], [], [], [], [], [], [], [], [], [], [], [], [], [], [], [], [], [], [], [], [], [], [], [], [], [], [], [], [], [], [], [], [], [], [], [], [], [], [], [], [], [], [], [], [], [], [], [], [], [], [], [], [], [], [], [], [], [], [], [{"tid": 0, "generated": 0, "bbox": {"xmin": 240, "ymin": 144, "ymax": 300, "xmax": 421}}, {"tid": 1, "generated": 0, "bbox": {"xmin": 280, "ymin": 0, "ymax": 280, "xmax": 470}}], [{"tid": 0, "generated": 0, "bbox": {"xmin": 240, "ymin": 144, "ymax": 300, "xmax": 420}}, {"tid": 1, "generated": 0, "bbox": {"xmin": 279, "ymin": 0, "ymax": 280, "xmax": 470}}], [{"tid": 0, "generated": 0, "bbox": {"xmin": 240, "ymin": 144, "ymax": 300, "xmax": 419}}, {"tid": 1, "generated": 0, "bbox": {"xmin": 278, "ymin": 0, "ymax": 280, "xmax": 471}}], [{"tid": 0, "generated": 0, "bbox": {"xmin": 240, "ymin": 144, "ymax": 300, "xmax": 418}}, {"tid": 1, "generated": 0, "bbox": {"xmin": 277, "ymin": 0, "ymax": 280, "xmax": 472}}], [{"tid": 0, "generated": 0, "bbox": {"xmin": 240, "ymin": 144, "ymax": 300, "xmax": 417}}, {"tid": 1, "generated": 0, "bbox": {"xmin": 274, "ymin": 0, "ymax": 279, "xmax": 473}}], [{"tid": 0, "generated": 0, "bbox": {"xmin": 240, "ymin": 145, "ymax": 300, "xmax": 416}}, {"tid": 1, "generated": 0, "bbox": {"xmin": 271, "ymin": 0, "ymax": 279, "xmax": 474}}], [{"tid": 0, "generated": 0, "bbox": {"xmin": 236, "ymin": 144, "ymax": 299, "xmax": 416}}, {"tid": 1, "generated": 0, "bbox": {"xmin": 268, "ymin": 0, "ymax": 279, "xmax": 475}}], [{"tid": 0, "generated": 0, "bbox": {"xmin": 232, "ymin": 144, "ymax": 298, "xmax": 416}}, {"tid": 1, "generated": 0, "bbox": {"xmin": 266, "ymin": 0, "ymax": 279, "xmax": 476}}], [{"tid": 0, "generated": 0, "bbox": {"xmin": 229, "ymin": 144, "ymax": 297, "xmax": 416}}, {"tid": 1, "generated": 0, "bbox": {"xmin": 263, "ymin": 0, "ymax": 279, "xmax": 477}}], [{"tid": 0, "generated": 0, "bbox": {"xmin": 224, "ymin": 144, "ymax": 296, "xmax": 416}}, {"tid": 1, "generated": 0, "bbox": {"xmin": 260, "ymin": 0, "ymax": 279, "xmax": 478}}], [{"tid": 0, "generated": 0, "bbox": {"xmin": 238, "ymin": 144, "ymax": 297, "xmax": 416}}, {"tid": 1, "generated": 0, "bbox": {"xmin": 258, "ymin": 0, "ymax": 279, "xmax": 479}}], [{"tid": 0, "generated": 0, "bbox": {"xmin": 236, "ymin": 144, "ymax": 297, "xmax": 414}}, {"tid": 1, "generated": 0, "bbox": {"xmin": 252, "ymin": 0, "ymax": 278, "xmax": 477}}], [{"tid": 0, "generated": 0, "bbox": {"xmin": 234, "ymin": 144, "ymax": 298, "xmax": 412}}, {"tid": 1, "generated": 0, "bbox": {"xmin": 246, "ymin": 0, "ymax": 278, "xmax": 475}}], [{"tid": 0, "generated": 0, "bbox": {"xmin": 233, "ymin": 144, "ymax": 299, "xmax": 411}}, {"tid": 1, "generated": 0, "bbox": {"xmin": 240, "ymin": 0, "ymax": 278, "xmax": 474}}], [{"tid": 0, "generated": 0, "bbox": {"xmin": 231, "ymin": 144, "ymax": 300, "xmax": 409}}, {"tid": 1, "generated": 0, "bbox": {"xmin": 245, "ymin": 0, "ymax": 278, "xmax": 473}}], [{"tid": 0, "generated": 0, "bbox": {"xmin": 230, "ymin": 145, "ymax": 301, "xmax": 408}}, {"tid": 1, "generated": 0, "bbox": {"xmin": 250, "ymin": 0, "ymax": 278, "xmax": 472}}], [{"tid": 0, "generated": 0, "bbox": {"xmin": 230, "ymin": 145, "ymax": 300, "xmax": 406}}, {"tid": 1, "generated": 0, "bbox": {"xmin": 248, "ymin": 0, "ymax": 277, "xmax": 470}}], [{"tid": 0, "generated": 0, "bbox": {"xmin": 230, "ymin": 146, "ymax": 300, "xmax": 405}}, {"tid": 1, "generated": 0, "bbox": {"xmin": 246, "ymin": 0, "ymax": 277, "xmax": 468}}], [{"tid": 0, "generated": 0, "bbox": {"xmin": 230, "ymin": 146, "ymax": 300, "xmax": 404}}, {"tid": 1, "generated": 0, "bbox": {"xmin": 244, "ymin": 0, "ymax": 277, "xmax": 467}}], [{"tid": 0, "generated": 0, "bbox": {"xmin": 230, "ymin": 147, "ymax": 300, "xmax": 403}}, {"tid": 1, "generated": 0, "bbox": {"xmin": 242, "ymin": 0, "ymax": 277, "xmax": 465}}], [{"tid": 0, "generated": 0, "bbox": {"xmin": 231, "ymin": 148, "ymax": 300, "xmax": 402}}, {"tid": 1, "generated": 0, "bbox": {"xmin": 241, "ymin": 0, "ymax": 277, "xmax": 464}}], [{"tid": 0, "generated": 0, "bbox": {"xmin": 229, "ymin": 147, "ymax": 299, "xmax": 401}}, {"tid": 1, "generated": 0, "bbox": {"xmin": 237, "ymin": 0, "ymax": 276, "xmax": 465}}], [{"tid": 0, "generated": 0, "bbox": {"xmin": 228, "ymin": 147, "ymax": 298, "xmax": 400}}, {"tid": 1, "generated": 0, "bbox": {"xmin": 233, "ymin": 0, "ymax": 275, "xmax": 466}}], [{"tid": 0, "generated": 0, "bbox": {"xmin": 227, "ymin": 146, "ymax": 297, "xmax": 399}}, {"tid": 1, "generated": 0, "bbox": {"xmin": 229, "ymin": 0, "ymax": 275, "xmax": 468}}], [{"tid": 0, "generated": 0, "bbox": {"xmin": 226, "ymin": 146, "ymax": 296, "xmax": 399}}, {"tid": 1, "generated": 0, "bbox": {"xmin": 225, "ymin": 0, "ymax": 274, "xmax": 469}}], [{"tid": 0, "generated": 0, "bbox": {"xmin": 225, "ymin": 146, "ymax": 296, "xmax": 398}}, {"tid": 1, "generated": 0, "bbox": {"xmin": 221, "ymin": 0, "ymax": 273, "xmax": 470}}], [{"tid": 0, "generated": 0, "bbox": {"xmin": 225, "ymin": 146, "ymax": 297, "xmax": 398}}, {"tid": 1, "generated": 0, "bbox": {"xmin": 217, "ymin": 0, "ymax": 273, "xmax": 472}}], [{"tid": 0, "generated": 0, "bbox": {"xmin": 225, "ymin": 147, "ymax": 298, "xmax": 398}}, {"tid": 1, "generated": 0, "bbox": {"xmin": 205, "ymin": 0, "ymax": 272, "xmax": 472}}], [{"tid": 0, "generated": 0, "bbox": {"xmin": 224, "ymin": 147, "ymax": 298, "xmax": 397}}, {"tid": 1, "generated": 0, "bbox": {"xmin": 238, "ymin": 0, "ymax": 273, "xmax": 474}}], [{"tid": 0, "generated": 0, "bbox": {"xmin": 224, "ymin": 147, "ymax": 299, "xmax": 397}}, {"tid": 1, "generated": 0, "bbox": {"xmin": 236, "ymin": 0, "ymax": 272, "xmax": 476}}], [], [], [], [], [], [], [], [], [], [], [], [], [], [], [], [], [], [], [], [], [], [], [], [], [], [], [], [], [], [], [], [], [], [], [], [], [], [], [], [], [], [], [], [], [], [], [], [], [], [], [], [], [], [], [], [], [], [], [], [], [], [], [], [], [], [], [], [], [], [], [], [], [], [], [], [], [], [], [], [], [], [], [], [], [], [], [], [], [], [], [{"tid": 0, "generated": 0, "bbox": {"xmin": 200, "ymin": 154, "ymax": 304, "xmax": 400}}, {"tid": 1, "generated": 0, "bbox": {"xmin": 223, "ymin": 0, "ymax": 281, "xmax": 437}}], [{"tid": 0, "generated": 0, "bbox": {"xmin": 200, "ymin": 154, "ymax": 304, "xmax": 399}}, {"tid": 1, "generated": 0, "bbox": {"xmin": 223, "ymin": 0, "ymax": 281, "xmax": 437}}], [{"tid": 0, "generated": 0, "bbox": {"xmin": 201, "ymin": 154, "ymax": 304, "xmax": 397}}, {"tid": 1, "generated": 0, "bbox": {"xmin": 223, "ymin": 0, "ymax": 281, "xmax": 437}}], [{"tid": 0, "generated": 0, "bbox": {"xmin": 203, "ymin": 155, "ymax": 304, "xmax": 396}}, {"tid": 1, "generated": 0, "bbox": {"xmin": 209, "ymin": 0, "ymax": 281, "xmax": 436}}], [{"tid": 0, "generated": 0, "bbox": {"xmin": 205, "ymin": 155, "ymax": 304, "xmax": 395}}, {"tid": 1, "generated": 0, "bbox": {"xmin": 192, "ymin": 0, "ymax": 281, "xmax": 437}}], [{"tid": 0, "generated": 0, "bbox": {"xmin": 207, "ymin": 156, "ymax": 304, "xmax": 394}}, {"tid": 1, "generated": 0, "bbox": {"xmin": 200, "ymin": 0, "ymax": 281, "xmax": 437}}], [{"tid": 0, "generated": 0, "bbox": {"xmin": 206, "ymin": 156, "ymax": 303, "xmax": 393}}, {"tid": 1, "generated": 0, "bbox": {"xmin": 224, "ymin": 0, "ymax": 280, "xmax": 436}}], [{"tid": 0, "generated": 0, "bbox": {"xmin": 206, "ymin": 156, "ymax": 303, "xmax": 392}}, {"tid": 1, "generated": 0, "bbox": {"xmin": 215, "ymin": 0, "ymax": 279, "xmax": 436}}], [{"tid": 0, "generated": 0, "bbox": {"xmin": 206, "ymin": 156, "ymax": 303, "xmax": 391}}, {"tid": 1, "generated": 0, "bbox": {"xmin": 207, "ymin": 0, "ymax": 279, "xmax": 437}}], [{"tid": 0, "generated": 0, "bbox": {"xmin": 206, "ymin": 156, "ymax": 303, "xmax": 390}}, {"tid": 1, "generated": 0, "bbox": {"xmin": 223, "ymin": 0, "ymax": 279, "xmax": 437}}], [{"tid": 0, "generated": 0, "bbox": {"xmin": 206, "ymin": 156, "ymax": 303, "xmax": 390}}, {"tid": 1, "generated": 0, "bbox": {"xmin": 221, "ymin": 0, "ymax": 280, "xmax": 437}}], [{"tid": 0, "generated": 0, "bbox": {"xmin": 204, "ymin": 155, "ymax": 303, "xmax": 390}}, {"tid": 1, "generated": 0, "bbox": {"xmin": 221, "ymin": 0, "ymax": 280, "xmax": 437}}], [{"tid": 0, "generated": 0, "bbox": {"xmin": 202, "ymin": 155, "ymax": 303, "xmax": 391}}, {"tid": 1, "generated": 0, "bbox": {"xmin": 222, "ymin": 0, "ymax": 280, "xmax": 437}}], [{"tid": 0, "generated": 0, "bbox": {"xmin": 200, "ymin": 154, "ymax": 303, "xmax": 391}}, {"tid": 1, "generated": 0, "bbox": {"xmin": 222, "ymin": 0, "ymax": 280, "xmax": 437}}], [{"tid": 0, "generated": 0, "bbox": {"xmin": 198, "ymin": 154, "ymax": 303, "xmax": 392}}, {"tid": 1, "generated": 0, "bbox": {"xmin": 222, "ymin": 0, "ymax": 280, "xmax": 437}}], [{"tid": 0, "generated": 0, "bbox": {"xmin": 199, "ymin": 156, "ymax": 304, "xmax": 392}}, {"tid": 1, "generated": 0, "bbox": {"xmin": 222, "ymin": 0, "ymax": 280, "xmax": 437}}], [{"tid": 0, "generated": 0, "bbox": {"xmin": 199, "ymin": 155, "ymax": 304, "xmax": 391}}, {"tid": 1, "generated": 0, "bbox": {"xmin": 222, "ymin": 0, "ymax": 281, "xmax": 437}}], [{"tid": 0, "generated": 0, "bbox": {"xmin": 200, "ymin": 154, "ymax": 304, "xmax": 390}}, {"tid": 1, "generated": 0, "bbox": {"xmin": 223, "ymin": 0, "ymax": 281, "xmax": 437}}], [{"tid": 0, "generated": 0, "bbox": {"xmin": 197, "ymin": 154, "ymax": 304, "xmax": 392}}, {"tid": 1, "generated": 0, "bbox": {"xmin": 194, "ymin": 0, "ymax": 281, "xmax": 437}}], [{"tid": 0, "generated": 0, "bbox": {"xmin": 198, "ymin": 154, "ymax": 304, "xmax": 389}}, {"tid": 1, "generated": 0, "bbox": {"xmin": 198, "ymin": 0, "ymax": 281, "xmax": 438}}], [{"tid": 0, "generated": 0, "bbox": {"xmin": 207, "ymin": 156, "ymax": 309, "xmax": 389}}, {"tid": 1, "generated": 0, "bbox": {"xmin": 223, "ymin": 0, "ymax": 286, "xmax": 439}}], [{"tid": 0, "generated": 0, "bbox": {"xmin": 207, "ymin": 154, "ymax": 306, "xmax": 386}}, {"tid": 1, "generated": 0, "bbox": {"xmin": 222, "ymin": 0, "ymax": 286, "xmax": 440}}], [{"tid": 0, "generated": 0, "bbox": {"xmin": 205, "ymin": 153, "ymax": 304, "xmax": 384}}, {"tid": 1, "generated": 0, "bbox": {"xmin": 221, "ymin": 0, "ymax": 286, "xmax": 442}}], [{"tid": 0, "generated": 0, "bbox": {"xmin": 194, "ymin": 152, "ymax": 304, "xmax": 382}}, {"tid": 1, "generated": 0, "bbox": {"xmin": 221, "ymin": 0, "ymax": 286, "xmax": 444}}], [{"tid": 0, "generated": 0, "bbox": {"xmin": 184, "ymin": 152, "ymax": 304, "xmax": 381}}, {"tid": 1, "generated": 0, "bbox": {"xmin": 220, "ymin": 0, "ymax": 286, "xmax": 446}}], [{"tid": 0, "generated": 0, "bbox": {"xmin": 185, "ymin": 153, "ymax": 306, "xmax": 380}}, {"tid": 1, "generated": 0, "bbox": {"xmin": 220, "ymin": 0, "ymax": 286, "xmax": 448}}], [{"tid": 0, "generated": 0, "bbox": {"xmin": 197, "ymin": 152, "ymax": 304, "xmax": 368}}, {"tid": 1, "generated": 0, "bbox": {"xmin": 219, "ymin": 0, "ymax": 286, "xmax": 448}}], [{"tid": 0, "generated": 0, "bbox": {"xmin": 193, "ymin": 152, "ymax": 303, "xmax": 368}}, {"tid": 1, "generated": 0, "bbox": {"xmin": 218, "ymin": 0, "ymax": 286, "xmax": 448}}], [{"tid": 0, "generated": 0, "bbox": {"xmin": 192, "ymin": 152, "ymax": 304, "xmax": 367}}, {"tid": 1, "generated": 0, "bbox": {"xmin": 217, "ymin": 0, "ymax": 286, "xmax": 448}}], [{"tid": 0, "generated": 0, "bbox": {"xmin": 192, "ymin": 152, "ymax": 304, "xmax": 367}}, {"tid": 1, "generated": 0, "bbox": {"xmin": 216, "ymin": 0, "ymax": 286, "xmax": 448}}], [], [], [], [], [], [], [], [], [], [], [], [], [], [], [], [], [], [], [], [], [], [], [], [], [], [], [], [], [], [], [], [], [], [], [], [], [], [], [], [], [], [], [], [], [], [], [], [], [], [], [], [], [], [], [], [], [], [], [], [], [], [], [], [], [], [], [], [], [], [], [], [], [], [], [], [], [], [], [], [], [], [], [], [], [], [], [], [], [], [], [], [], [], [], [], [], [], [], [], [], [], [], [], [], [], [], [], [], [], [], [], [], [], [], [], [], [], [], [], [], [], [], [], [], [], [], [], [], [], [], [], [], [], [], [], [], [], [], [], [], [], [], [], [], [], [], [], [], [], [], [{"tid": 0, "generated": 0, "bbox": {"xmin": 204, "ymin": 159, "ymax": 319, "xmax": 364}}, {"tid": 1, "generated": 0, "bbox": {"xmin": 209, "ymin": 8, "ymax": 294, "xmax": 465}}], [{"tid": 0, "generated": 0, "bbox": {"xmin": 203, "ymin": 159, "ymax": 319, "xmax": 364}}, {"tid": 1, "generated": 0, "bbox": {"xmin": 210, "ymin": 8, "ymax": 293, "xmax": 464}}], [{"tid": 0, "generated": 0, "bbox": {"xmin": 202, "ymin": 159, "ymax": 319, "xmax": 364}}, {"tid": 1, "generated": 0, "bbox": {"xmin": 210, "ymin": 8, "ymax": 293, "xmax": 462}}], [{"tid": 0, "generated": 0, "bbox": {"xmin": 201, "ymin": 159, "ymax": 319, "xmax": 364}}, {"tid": 1, "generated": 0, "bbox": {"xmin": 213, "ymin": 5, "ymax": 293, "xmax": 463}}], [{"tid": 0, "generated": 0, "bbox": {"xmin": 200, "ymin": 159, "ymax": 319, "xmax": 364}}, {"tid": 1, "generated": 0, "bbox": {"xmin": 213, "ymin": 5, "ymax": 295, "xmax": 461}}], [{"tid": 0, "generated": 0, "bbox": {"xmin": 200, "ymin": 160, "ymax": 319, "xmax": 365}}, {"tid": 1, "generated": 0, "bbox": {"xmin": 180, "ymin": 8, "ymax": 295, "xmax": 460}}], [{"tid": 0, "generated": 0, "bbox": {"xmin": 201, "ymin": 160, "ymax": 319, "xmax": 364}}, {"tid": 1, "generated": 0, "bbox": {"xmin": 173, "ymin": 7, "ymax": 295, "xmax": 458}}], [{"tid": 0, "generated": 0, "bbox": {"xmin": 202, "ymin": 160, "ymax": 319, "xmax": 363}}, {"tid": 1, "generated": 0, "bbox": {"xmin": 212, "ymin": 8, "ymax": 296, "xmax": 456}}], [{"tid": 0, "generated": 0, "bbox": {"xmin": 203, "ymin": 160, "ymax": 319, "xmax": 362}}, {"tid": 1, "generated": 0, "bbox": {"xmin": 200, "ymin": 7, "ymax": 295, "xmax": 456}}], [{"tid": 0, "generated": 0, "bbox": {"xmin": 204, "ymin": 160, "ymax": 319, "xmax": 361}}, {"tid": 1, "generated": 0, "bbox": {"xmin": 189, "ymin": 7, "ymax": 295, "xmax": 456}}], [{"tid": 0, "generated": 0, "bbox": {"xmin": 206, "ymin": 160, "ymax": 320, "xmax": 361}}, {"tid": 1, "generated": 0, "bbox": {"xmin": 210, "ymin": 7, "ymax": 296, "xmax": 455}}], [{"tid": 0, "generated": 0, "bbox": {"xmin": 205, "ymin": 160, "ymax": 319, "xmax": 362}}, {"tid": 1, "generated": 0, "bbox": {"xmin": 210, "ymin": 7, "ymax": 295, "xmax": 454}}], [{"tid": 0, "generated": 0, "bbox": {"xmin": 205, "ymin": 160, "ymax": 318, "xmax": 363}}, {"tid": 1, "generated": 0, "bbox": {"xmin": 210, "ymin": 7, "ymax": 294, "xmax": 453}}], [{"tid": 0, "generated": 0, "bbox": {"xmin": 205, "ymin": 160, "ymax": 317, "xmax": 364}}, {"tid": 1, "generated": 0, "bbox": {"xmin": 211, "ymin": 7, "ymax": 294, "xmax": 453}}], [{"tid": 0, "generated": 0, "bbox": {"xmin": 203, "ymin": 160, "ymax": 317, "xmax": 365}}, {"tid": 1, "generated": 0, "bbox": {"xmin": 211, "ymin": 7, "ymax": 293, "xmax": 452}}], [{"tid": 0, "generated": 0, "bbox": {"xmin": 201, "ymin": 160, "ymax": 317, "xmax": 366}}, {"tid": 1, "generated": 0, "bbox": {"xmin": 212, "ymin": 8, "ymax": 293, "xmax": 452}}], [{"tid": 0, "generated": 0, "bbox": {"xmin": 194, "ymin": 160, "ymax": 318, "xmax": 367}}, {"tid": 1, "generated": 0, "bbox": {"xmin": 211, "ymin": 8, "ymax": 293, "xmax": 454}}], [{"tid": 0, "generated": 0, "bbox": {"xmin": 190, "ymin": 160, "ymax": 317, "xmax": 368}}, {"tid": 1, "generated": 0, "bbox": {"xmin": 210, "ymin": 8, "ymax": 294, "xmax": 456}}], [{"tid": 0, "generated": 0, "bbox": {"xmin": 194, "ymin": 160, "ymax": 316, "xmax": 368}}, {"tid": 1, "generated": 0, "bbox": {"xmin": 212, "ymin": 8, "ymax": 293, "xmax": 455}}], [{"tid": 0, "generated": 0, "bbox": {"xmin": 198, "ymin": 160, "ymax": 316, "xmax": 368}}, {"tid": 1, "generated": 0, "bbox": {"xmin": 189, "ymin": 7, "ymax": 293, "xmax": 454}}], [{"tid": 0, "generated": 0, "bbox": {"xmin": 200, "ymin": 160, "ymax": 318, "xmax": 370}}, {"tid": 1, "generated": 0, "bbox": {"xmin": 168, "ymin": 7, "ymax": 293, "xmax": 450}}], [{"tid": 0, "generated": 0, "bbox": {"xmin": 200, "ymin": 160, "ymax": 318, "xmax": 371}}, {"tid": 1, "generated": 0, "bbox": {"xmin": 174, "ymin": 7, "ymax": 293, "xmax": 452}}], [{"tid": 0, "generated": 0, "bbox": {"xmin": 200, "ymin": 160, "ymax": 318, "xmax": 372}}, {"tid": 1, "generated": 0, "bbox": {"xmin": 212, "ymin": 7, "ymax": 290, "xmax": 452}}], [{"tid": 0, "generated": 0, "bbox": {"xmin": 200, "ymin": 160, "ymax": 318, "xmax": 373}}, {"tid": 1, "generated": 0, "bbox": {"xmin": 204, "ymin": 7, "ymax": 289, "xmax": 450}}], [{"tid": 0, "generated": 0, "bbox": {"xmin": 200, "ymin": 160, "ymax": 318, "xmax": 374}}, {"tid": 1, "generated": 0, "bbox": {"xmin": 190, "ymin": 8, "ymax": 288, "xmax": 453}}], [{"tid": 0, "generated": 0, "bbox": {"xmin": 201, "ymin": 161, "ymax": 318, "xmax": 376}}, {"tid": 1, "generated": 0, "bbox": {"xmin": 213, "ymin": 8, "ymax": 292, "xmax": 455}}], [{"tid": 0, "generated": 0, "bbox": {"xmin": 200, "ymin": 160, "ymax": 316, "xmax": 376}}, {"tid": 1, "generated": 0, "bbox": {"xmin": 212, "ymin": 8, "ymax": 291, "xmax": 456}}], [{"tid": 0, "generated": 0, "bbox": {"xmin": 198, "ymin": 160, "ymax": 316, "xmax": 376}}, {"tid": 1, "generated": 0, "bbox": {"xmin": 212, "ymin": 8, "ymax": 291, "xmax": 458}}], [{"tid": 0, "generated": 0, "bbox": {"xmin": 196, "ymin": 160, "ymax": 316, "xmax": 376}}, {"tid": 1, "generated": 0, "bbox": {"xmin": 212, "ymin": 8, "ymax": 290, "xmax": 459}}], [{"tid": 0, "generated": 0, "bbox": {"xmin": 197, "ymin": 161, "ymax": 318, "xmax": 376}}, {"tid": 1, "generated": 0, "bbox": {"xmin": 212, "ymin": 8, "ymax": 290, "xmax": 461}}], [], [], [], [], [], [], [], [], [], [], [], [], [], [], [], [], [], [], [], [], [], [], [], [], [], [], [], [], [], [], [], [], [], [], [], [], [], [], [], [], [], [], [], [], [], [], [], [], [], [], [], [], [], [], [], [], [], [], [], [], [{"tid": 0, "generated": 0, "bbox": {"xmin": 252, "ymin": 176, "ymax": 330, "xmax": 457}}, {"tid": 1, "generated": 0, "bbox": {"xmin": 176, "ymin": 15, "ymax": 272, "xmax": 439}}], [{"tid": 0, "generated": 0, "bbox": {"xmin": 254, "ymin": 176, "ymax": 329, "xmax": 461}}, {"tid": 1, "generated": 0, "bbox": {"xmin": 183, "ymin": 16, "ymax": 272, "xmax": 436}}], [{"tid": 0, "generated": 0, "bbox": {"xmin": 256, "ymin": 176, "ymax": 328, "xmax": 466}}, {"tid": 1, "generated": 0, "bbox": {"xmin": 184, "ymin": 16, "ymax": 271, "xmax": 436}}], [{"tid": 0, "generated": 0, "bbox": {"xmin": 256, "ymin": 176, "ymax": 327, "xmax": 472}}, {"tid": 1, "generated": 0, "bbox": {"xmin": 183, "ymin": 15, "ymax": 308, "xmax": 433}}], [{"tid": 0, "generated": 0, "bbox": {"xmin": 256, "ymin": 176, "ymax": 326, "xmax": 474}}, {"tid": 1, "generated": 0, "bbox": {"xmin": 181, "ymin": 14, "ymax": 305, "xmax": 433}}], [{"tid": 0, "generated": 0, "bbox": {"xmin": 257, "ymin": 176, "ymax": 327, "xmax": 480}}, {"tid": 1, "generated": 0, "bbox": {"xmin": 178, "ymin": 14, "ymax": 304, "xmax": 432}}], [{"tid": 0, "generated": 0, "bbox": {"xmin": 273, "ymin": 176, "ymax": 328, "xmax": 480}}, {"tid": 1, "generated": 0, "bbox": {"xmin": 176, "ymin": 14, "ymax": 304, "xmax": 426}}], [{"tid": 0, "generated": 0, "bbox": {"xmin": 278, "ymin": 177, "ymax": 328, "xmax": 480}}, {"tid": 1, "generated": 0, "bbox": {"xmin": 175, "ymin": 14, "ymax": 309, "xmax": 424}}], [{"tid": 0, "generated": 0, "bbox": {"xmin": 277, "ymin": 180, "ymax": 329, "xmax": 480}}, {"tid": 1, "generated": 0, "bbox": {"xmin": 172, "ymin": 14, "ymax": 312, "xmax": 417}}], [{"tid": 0, "generated": 0, "bbox": {"xmin": 271, "ymin": 182, "ymax": 332, "xmax": 482}}, {"tid": 1, "generated": 0, "bbox": {"xmin": 166, "ymin": 12, "ymax": 314, "xmax": 415}}], [{"tid": 0, "generated": 0, "bbox": {"xmin": 265, "ymin": 184, "ymax": 336, "xmax": 484}}, {"tid": 1, "generated": 0, "bbox": {"xmin": 160, "ymin": 13, "ymax": 272, "xmax": 408}}], [{"tid": 0, "generated": 0, "bbox": {"xmin": 257, "ymin": 183, "ymax": 334, "xmax": 480}}, {"tid": 1, "generated": 0, "bbox": {"xmin": 152, "ymin": 16, "ymax": 272, "xmax": 400}}], [{"tid": 0, "generated": 0, "bbox": {"xmin": 249, "ymin": 182, "ymax": 333, "xmax": 476}}, {"tid": 1, "generated": 0, "bbox": {"xmin": 128, "ymin": 15, "ymax": 274, "xmax": 391}}], [{"tid": 0, "generated": 0, "bbox": {"xmin": 242, "ymin": 182, "ymax": 332, "xmax": 473}}, {"tid": 1, "generated": 0, "bbox": {"xmin": 136, "ymin": 14, "ymax": 279, "xmax": 384}}], [{"tid": 0, "generated": 0, "bbox": {"xmin": 235, "ymin": 181, "ymax": 331, "xmax": 467}}, {"tid": 1, "generated": 0, "bbox": {"xmin": 127, "ymin": 13, "ymax": 281, "xmax": 376}}], [{"tid": 0, "generated": 0, "bbox": {"xmin": 228, "ymin": 181, "ymax": 330, "xmax": 462}}, {"tid": 1, "generated": 0, "bbox": {"xmin": 112, "ymin": 12, "ymax": 288, "xmax": 370}}], [{"tid": 0, "generated": 0, "bbox": {"xmin": 222, "ymin": 179, "ymax": 329, "xmax": 453}}, {"tid": 1, "generated": 0, "bbox": {"xmin": 100, "ymin": 11, "ymax": 291, "xmax": 357}}], [{"tid": 0, "generated": 0, "bbox": {"xmin": 216, "ymin": 178, "ymax": 328, "xmax": 444}}, {"tid": 1, "generated": 0, "bbox": {"xmin": 88, "ymin": 10, "ymax": 294, "xmax": 344}}], [{"tid": 0, "generated": 0, "bbox": {"xmin": 211, "ymin": 177, "ymax": 328, "xmax": 435}}, {"tid": 1, "generated": 0, "bbox": {"xmin": 76, "ymin": 9, "ymax": 297, "xmax": 331}}], [{"tid": 0, "generated": 0, "bbox": {"xmin": 205, "ymin": 176, "ymax": 327, "xmax": 426}}, {"tid": 1, "generated": 0, "bbox": {"xmin": 64, "ymin": 8, "ymax": 301, "xmax": 319}}], [{"tid": 0, "generated": 0, "bbox": {"xmin": 200, "ymin": 175, "ymax": 327, "xmax": 417}}, {"tid": 1, "generated": 0, "bbox": {"xmin": 55, "ymin": 8, "ymax": 304, "xmax": 309}}], [{"tid": 0, "generated": 0, "bbox": {"xmin": 193, "ymin": 173, "ymax": 325, "xmax": 409}}, {"tid": 1, "generated": 0, "bbox": {"xmin": 36, "ymin": 6, "ymax": 303, "xmax": 301}}], [{"tid": 0, "generated": 0, "bbox": {"xmin": 186, "ymin": 172, "ymax": 324, "xmax": 402}}, {"tid": 1, "generated": 0, "bbox": {"xmin": 18, "ymin": 5, "ymax": 302, "xmax": 293}}], [{"tid": 0, "generated": 0, "bbox": {"xmin": 179, "ymin": 170, "ymax": 322, "xmax": 395}}, {"tid": 1, "generated": 0, "bbox": {"xmin": 0, "ymin": 4, "ymax": 301, "xmax": 286}}], [{"tid": 0, "generated": 0, "bbox": {"xmin": 172, "ymin": 169, "ymax": 321, "xmax": 388}}, {"tid": 1, "generated": 0, "bbox": {"xmin": 1, "ymin": 3, "ymax": 300, "xmax": 278}}], [{"tid": 0, "generated": 0, "bbox": {"xmin": 166, "ymin": 168, "ymax": 320, "xmax": 381}}, {"tid": 1, "generated": 0, "bbox": {"xmin": 2, "ymin": 2, "ymax": 300, "xmax": 271}}], [{"tid": 0, "generated": 0, "bbox": {"xmin": 162, "ymin": 167, "ymax": 319, "xmax": 376}}, {"tid": 1, "generated": 0, "bbox": {"xmin": 0, "ymin": 0, "ymax": 296, "xmax": 264}}], [{"tid": 0, "generated": 0, "bbox": {"xmin": 159, "ymin": 166, "ymax": 318, "xmax": 372}}, {"tid": 1, "generated": 0, "bbox": {"xmin": 0, "ymin": 0, "ymax": 295, "xmax": 258}}], [{"tid": 0, "generated": 0, "bbox": {"xmin": 156, "ymin": 165, "ymax": 317, "xmax": 368}}, {"tid": 1, "generated": 0, "bbox": {"xmin": 0, "ymin": 0, "ymax": 294, "xmax": 252}}], [{"tid": 0, "generated": 0, "bbox": {"xmin": 153, "ymin": 164, "ymax": 316, "xmax": 364}}, {"tid": 1, "generated": 0, "bbox": {"xmin": 0, "ymin": 0, "ymax": 294, "xmax": 247}}]], "subject/objects": [{"category": "antelope", "tid": 0}, {"category": "antelope", "tid": 1}], "relation_instances": [{"end_fid": 30, "subject_tid": 0, "predicate": "stand_left", "begin_fid": 0, "object_tid": 1}, {"end_fid": 30, "subject_tid": 1, "predicate": "stand_right", "begin_fid": 0, "object_tid": 0}, {"end_fid": 30, "subject_tid": 1, "predicate": "taller", "begin_fid": 0, "object_tid": 0}, {"end_fid": 30, "subject_tid": 1, "predicate": "larger", "begin_fid": 0, "object_tid": 0}, {"end_fid": 90, "subject_tid": 0, "predicate": "walk_front", "begin_fid": 60, "object_tid": 1}, {"end_fid": 90, "subject_tid": 0, "predicate": "walk_left", "begin_fid": 60, "object_tid": 1}, {"end_fid": 90, "subject_tid": 1, "predicate": "stand_right", "begin_fid": 60, "object_tid": 0}, {"end_fid": 90, "subject_tid": 1, "predicate": "stand_behind", "begin_fid": 60, "object_tid": 0}, {"end_fid": 90, "subject_tid": 1, "predicate": "taller", "begin_fid": 60, "object_tid": 0}, {"end_fid": 90, "subject_tid": 1, "predicate": "larger", "begin_fid": 60, "object_tid": 0}, {"end_fid": 240, "subject_tid": 0, "predicate": "stand_front", "begin_fid": 210, "object_tid": 1}, {"end_fid": 240, "subject_tid": 1, "predicate": "stand_behind", "begin_fid": 210, "object_tid": 0}, {"end_fid": 240, "subject_tid": 1, "predicate": "taller", "begin_fid": 210, "object_tid": 0}, {"end_fid": 240, "subject_tid": 1, "predicate": "larger", "begin_fid": 210, "object_tid": 0}, {"end_fid": 360, "subject_tid": 0, "predicate": "stand_front", "begin_fid": 330, "object_tid": 1}, {"end_fid": 360, "subject_tid": 1, "predicate": "stand_behind", "begin_fid": 330, "object_tid": 0}, {"end_fid": 360, "subject_tid": 1, "predicate": "taller", "begin_fid": 330, "object_tid": 0}, {"end_fid": 360, "subject_tid": 1, "predicate": "larger", "begin_fid": 330, "object_tid": 0}, {"end_fid": 540, "subject_tid": 0, "predicate": "stand_front", "begin_fid": 510, "object_tid": 1}, {"end_fid": 540, "subject_tid": 1, "predicate": "stand_behind", "begin_fid": 510, "object_tid": 0}, {"end_fid": 540, "subject_tid": 1, "predicate": "taller", "begin_fid": 510, "object_tid": 0}, {"end_fid": 540, "subject_tid": 1, "predicate": "larger", "begin_fid": 510, "object_tid": 0}, {"end_fid": 630, "subject_tid": 0, "predicate": "walk_front", "begin_fid": 600, "object_tid": 1}, {"end_fid": 630, "subject_tid": 1, "predicate": "stand_behind", "begin_fid": 600, "object_tid": 0}, {"end_fid": 630, "subject_tid": 1, "predicate": "taller", "begin_fid": 600, "object_tid": 0}, {"end_fid": 630, "subject_tid": 1, "predicate": "larger", "begin_fid": 600, "object_tid": 0}], "height": 358}